{
  "backers_count": 561, 
  "blurb": "First Mobile Device Focused on Social Interaction.  Battery and Android Powered to Provide Visual and Sound Anywhere.", 
  "category": {
    "id": 52, 
    "name": "Hardware", 
    "parent_id": 16, 
    "position": 8, 
    "slug": "technology/hardware", 
    "urls": {
      "web": {
        "discover": "http://www.kickstarter.com/discover/categories/technology/hardware"
      }
    }
  }, 
  "country": "US", 
  "created_at": 1396639369, 
  "creator": {
    "avatar": {
      "medium": "https://s3.amazonaws.com/ksr/avatars/4882421/alex.medium.jpg?1396640375", 
      "small": "https://s3.amazonaws.com/ksr/avatars/4882421/alex.small.jpg?1396640375", 
      "thumb": "https://s3.amazonaws.com/ksr/avatars/4882421/alex.thumb.jpg?1396640375"
    }, 
    "id": 832648575, 
    "name": "Alex Yoo of Dos Owls", 
    "urls": {
      "api": {
        "user": "https://api.kickstarter.com/v1/users/832648575?signature=1405310070.008e18decc7653581c6577e9040a3678b4369099"
      }, 
      "web": {
        "user": "https://www.kickstarter.com/profile/832648575"
      }
    }
  }, 
  "currency": "USD", 
  "currency_symbol": "$", 
  "currency_trailing_code": true, 
  "deadline": 1404791940, 
  "disable_communication": false, 
  "goal": 250000.0, 
  "id": 1000629643, 
  "launched_at": 1401278058, 
  "location": {
    "country": "US", 
    "displayable_name": "New York, NY", 
    "id": 2459115, 
    "name": "New York", 
    "short_name": "New York, NY", 
    "slug": "new-york-ny", 
    "state": "NY", 
    "urls": {
      "api": {
        "nearby_projects": "https://api.kickstarter.com/v1/discover?signature=1405283922.858662b9ca1ef63b6e0c38e6c88778c27a30fce5&woe_id=2459115"
      }, 
      "web": {
        "discover": "https://www.kickstarter.com/discover/places/new-york-ny", 
        "location": "https://www.kickstarter.com/locations/new-york-ny"
      }
    }
  }, 
  "name": "ODIN: Android 'Smart' Projector to Carry in Your Pocket", 
  "photo": {
    "1024x768": "https://s3.amazonaws.com/ksr/projects/938846/photo-1024x768.jpg?1399561165", 
    "1536x1152": "https://s3.amazonaws.com/ksr/projects/938846/photo-1536x1152.jpg?1399561165", 
    "ed": "https://s3.amazonaws.com/ksr/projects/938846/photo-ed.jpg?1399561165", 
    "full": "https://s3.amazonaws.com/ksr/projects/938846/photo-full.jpg?1399561165", 
    "little": "https://s3.amazonaws.com/ksr/projects/938846/photo-little.jpg?1399561165", 
    "med": "https://s3.amazonaws.com/ksr/projects/938846/photo-med.jpg?1399561165", 
    "small": "https://s3.amazonaws.com/ksr/projects/938846/photo-small.jpg?1399561165", 
    "thumb": "https://s3.amazonaws.com/ksr/projects/938846/photo-thumb.jpg?1399561165"
  }, 
  "pledged": 268192.0, 
  "slug": "odin-android-smart-projector-to-carry-in-your-pock", 
  "state": "successful", 
  "state_changed_at": 1404791941, 
  "urls": {
    "web": {
      "project": "https://www.kickstarter.com/projects/832648575/odin-android-smart-projector-to-carry-in-your-pock", 
      "rewards": "https://www.kickstarter.com/projects/832648575/odin-android-smart-projector-to-carry-in-your-pock/rewards"
    }
  }
}