{
  "backers_count": 18, 
  "blurb": "This talking flashlight kit is powered by super capacitors which means that they can be charged and recharged more than 100k times.", 
  "category": {
    "id": 52, 
    "name": "Hardware", 
    "parent_id": 16, 
    "position": 8, 
    "slug": "technology/hardware", 
    "urls": {
      "web": {
        "discover": "http://www.kickstarter.com/discover/categories/technology/hardware"
      }
    }
  }, 
  "country": "CA", 
  "created_at": 1378731759, 
  "creator": {
    "avatar": {
      "medium": "https://s3.amazonaws.com/ksr/avatars/7947006/DSC_2299.medium.jpg?1379286872", 
      "small": "https://s3.amazonaws.com/ksr/avatars/7947006/DSC_2299.small.jpg?1379286872", 
      "thumb": "https://s3.amazonaws.com/ksr/avatars/7947006/DSC_2299.thumb.jpg?1379286872"
    }, 
    "id": 172204344, 
    "name": "Patrick Thomas Mitchell", 
    "urls": {
      "api": {
        "user": "https://api.kickstarter.com/v1/users/172204344?signature=1405310523.ba1ecd34ca20ff600cbef26b001d08b18633c0b2"
      }, 
      "web": {
        "user": "https://www.kickstarter.com/profile/172204344"
      }
    }
  }, 
  "currency": "CAD", 
  "currency_symbol": "$", 
  "currency_trailing_code": true, 
  "deadline": 1382564209, 
  "disable_communication": false, 
  "goal": 2000.0, 
  "id": 1000697657, 
  "launched_at": 1379972209, 
  "location": {
    "country": "CA", 
    "displayable_name": "Carleton Place, Canada", 
    "id": 3379, 
    "name": "Carleton Place", 
    "short_name": "Carleton Place, Canada", 
    "slug": "carleton-place-ca", 
    "state": "ON", 
    "urls": {
      "api": {
        "nearby_projects": "https://api.kickstarter.com/v1/discover?signature=1405284211.12909e3025e16bb09f59cc3f2c86894fd780b04b&woe_id=3379"
      }, 
      "web": {
        "discover": "https://www.kickstarter.com/discover/places/carleton-place-ca", 
        "location": "https://www.kickstarter.com/locations/carleton-place-ca"
      }
    }
  }, 
  "name": "The Forever Rechargeable Talking Super Capacitor Flashlight", 
  "photo": {
    "1024x768": "https://s3.amazonaws.com/ksr/projects/675659/photo-1024x768.jpg?1397833828", 
    "1536x1152": "https://s3.amazonaws.com/ksr/projects/675659/photo-1536x1152.jpg?1397833828", 
    "ed": "https://s3.amazonaws.com/ksr/projects/675659/photo-ed.jpg?1397833828", 
    "full": "https://s3.amazonaws.com/ksr/projects/675659/photo-full.jpg?1397833828", 
    "little": "https://s3.amazonaws.com/ksr/projects/675659/photo-little.jpg?1397833828", 
    "med": "https://s3.amazonaws.com/ksr/projects/675659/photo-med.jpg?1397833828", 
    "small": "https://s3.amazonaws.com/ksr/projects/675659/photo-small.jpg?1397833828", 
    "thumb": "https://s3.amazonaws.com/ksr/projects/675659/photo-thumb.jpg?1397833828"
  }, 
  "pledged": 656.0, 
  "slug": "the-forever-rechargeable-talking-super-capacitor-f", 
  "state": "failed", 
  "state_changed_at": 1382564210, 
  "urls": {
    "web": {
      "project": "https://www.kickstarter.com/projects/172204344/the-forever-rechargeable-talking-super-capacitor-f", 
      "rewards": "https://www.kickstarter.com/projects/172204344/the-forever-rechargeable-talking-super-capacitor-f/rewards"
    }
  }
}