{
  "backers_count": 120, 
  "blurb": "Desktop computers are dead? We don\u2019t think so. They\u2019ve just been boring, until the birth of the Xi3\u00ae Modular\u2122 Computer.", 
  "category": {
    "id": 16, 
    "name": "Technology", 
    "position": 14, 
    "slug": "technology", 
    "urls": {
      "web": {
        "discover": "http://www.kickstarter.com/discover/categories/technology"
      }
    }
  }, 
  "country": "US", 
  "created_at": 1346789056, 
  "creator": {
    "avatar": {
      "medium": "https://s3.amazonaws.com/ksr/avatars/2605082/Xi3%C2%AE%20Square%20Logo%20(09-2012).medium.jpg?1347465180", 
      "small": "https://s3.amazonaws.com/ksr/avatars/2605082/Xi3%C2%AE%20Square%20Logo%20(09-2012).small.jpg?1347465180", 
      "thumb": "https://s3.amazonaws.com/ksr/avatars/2605082/Xi3%C2%AE%20Square%20Logo%20(09-2012).thumb.jpg?1347465180"
    }, 
    "id": 262476727, 
    "name": "David Politis", 
    "urls": {
      "api": {
        "user": "https://api.kickstarter.com/v1/users/262476727?signature=1405310332.c207d82480931c2ce7cbe6a943814e6531b05f4c"
      }, 
      "web": {
        "user": "https://www.kickstarter.com/profile/262476727"
      }
    }
  }, 
  "currency": "USD", 
  "currency_symbol": "$", 
  "currency_trailing_code": true, 
  "deadline": 1351409639, 
  "disable_communication": false, 
  "goal": 250000.0, 
  "id": 1000535116, 
  "launched_at": 1348817639, 
  "location": {
    "country": "US", 
    "displayable_name": "Salt Lake City, UT", 
    "id": 2487610, 
    "name": "Salt Lake City", 
    "short_name": "Salt Lake City, UT", 
    "slug": "salt-lake-city-ut", 
    "state": "UT", 
    "urls": {
      "api": {
        "nearby_projects": "https://api.kickstarter.com/v1/discover?signature=1405283928.bdc75e3d5f352048d0647b32e95a9c3843f5b47b&woe_id=2487610"
      }, 
      "web": {
        "discover": "https://www.kickstarter.com/discover/places/salt-lake-city-ut", 
        "location": "https://www.kickstarter.com/locations/salt-lake-city-ut"
      }
    }
  }, 
  "name": "Xi3: Help us Usher in the Post-PC Era", 
  "photo": {
    "1024x768": "https://s3.amazonaws.com/ksr/projects/321419/photo-1024x768.jpg?1397796015", 
    "1536x1152": "https://s3.amazonaws.com/ksr/projects/321419/photo-1536x1152.jpg?1397796015", 
    "ed": "https://s3.amazonaws.com/ksr/projects/321419/photo-ed.jpg?1397796015", 
    "full": "https://s3.amazonaws.com/ksr/projects/321419/photo-full.jpg?1397796015", 
    "little": "https://s3.amazonaws.com/ksr/projects/321419/photo-little.jpg?1397796015", 
    "med": "https://s3.amazonaws.com/ksr/projects/321419/photo-med.jpg?1397796015", 
    "small": "https://s3.amazonaws.com/ksr/projects/321419/photo-small.jpg?1397796015", 
    "thumb": "https://s3.amazonaws.com/ksr/projects/321419/photo-thumb.jpg?1397796015"
  }, 
  "pledged": 90771.0, 
  "slug": "xi3-help-us-usher-in-the-post-pc-era", 
  "state": "failed", 
  "state_changed_at": 1351409641, 
  "urls": {
    "web": {
      "project": "https://www.kickstarter.com/projects/262476727/xi3-help-us-usher-in-the-post-pc-era", 
      "rewards": "https://www.kickstarter.com/projects/262476727/xi3-help-us-usher-in-the-post-pc-era/rewards"
    }
  }
}