{
  "backers_count": 2, 
  "blurb": "A Musical Light Suit that creates music on the fly depending on how you move in it, and lights up with electro-luminescence.", 
  "category": {
    "id": 52, 
    "name": "Hardware", 
    "parent_id": 16, 
    "position": 8, 
    "slug": "technology/hardware", 
    "urls": {
      "web": {
        "discover": "http://www.kickstarter.com/discover/categories/technology/hardware"
      }
    }
  }, 
  "country": "US", 
  "created_at": 1305652171, 
  "creator": {
    "avatar": {
      "medium": "https://s3.amazonaws.com/ksr/avatars/893138/profile.medium.jpg?1305788591", 
      "small": "https://s3.amazonaws.com/ksr/avatars/893138/profile.small.jpg?1305788591", 
      "thumb": "https://s3.amazonaws.com/ksr/avatars/893138/profile.thumb.jpg?1305788591"
    }, 
    "id": 905994053, 
    "name": "William Ott", 
    "urls": {
      "api": {
        "user": "https://api.kickstarter.com/v1/users/905994053?signature=1405310647.a4f30236ee98a709822f2df4a8fe363f4885f6fd"
      }, 
      "web": {
        "user": "https://www.kickstarter.com/profile/905994053"
      }
    }
  }, 
  "currency": "USD", 
  "currency_symbol": "$", 
  "currency_trailing_code": true, 
  "deadline": 1309244955, 
  "disable_communication": false, 
  "goal": 6000.0, 
  "id": 1000590709, 
  "launched_at": 1305788955, 
  "location": {
    "country": "US", 
    "displayable_name": "Birmingham, AL", 
    "id": 2364559, 
    "name": "Birmingham", 
    "short_name": "Birmingham, AL", 
    "slug": "birmingham-al", 
    "state": "AL", 
    "urls": {
      "api": {
        "nearby_projects": "https://api.kickstarter.com/v1/discover?signature=1405283938.498162d7a1e2f34aa012769ce77969515cae12c1&woe_id=2364559"
      }, 
      "web": {
        "discover": "https://www.kickstarter.com/discover/places/birmingham-al", 
        "location": "https://www.kickstarter.com/locations/birmingham-al"
      }
    }
  }, 
  "name": "Musical Light Suit", 
  "photo": {
    "1024x768": "https://s3.amazonaws.com/ksr/projects/34013/photo-1024x768.jpg?1397763215", 
    "1536x1152": "https://s3.amazonaws.com/ksr/projects/34013/photo-1536x1152.jpg?1397763215", 
    "ed": "https://s3.amazonaws.com/ksr/projects/34013/photo-ed.jpg?1397763215", 
    "full": "https://s3.amazonaws.com/ksr/projects/34013/photo-full.jpg?1397763215", 
    "little": "https://s3.amazonaws.com/ksr/projects/34013/photo-little.jpg?1397763215", 
    "med": "https://s3.amazonaws.com/ksr/projects/34013/photo-med.jpg?1397763215", 
    "small": "https://s3.amazonaws.com/ksr/projects/34013/photo-small.jpg?1397763215", 
    "thumb": "https://s3.amazonaws.com/ksr/projects/34013/photo-thumb.jpg?1397763215"
  }, 
  "pledged": 20.0, 
  "slug": "musical-light-suit", 
  "state": "failed", 
  "state_changed_at": 1309244956, 
  "urls": {
    "web": {
      "project": "https://www.kickstarter.com/projects/905994053/musical-light-suit", 
      "rewards": "https://www.kickstarter.com/projects/905994053/musical-light-suit/rewards"
    }
  }
}