{
  "backers_count": 3080, 
  "blurb": "VLC for Windows 8. A native app, fully featured and fully open source. Play all your files, streams and optical media.", 
  "category": {
    "id": 51, 
    "name": "Software", 
    "parent_id": 16, 
    "position": 11, 
    "slug": "technology/software", 
    "urls": {
      "web": {
        "discover": "http://www.kickstarter.com/discover/categories/technology/software"
      }
    }
  }, 
  "country": "GB", 
  "created_at": 1350745933, 
  "creator": {
    "avatar": {
      "medium": "https://s3.amazonaws.com/ksr/avatars/4434746/vlc512x512.medium.jpg?1352901899", 
      "small": "https://s3.amazonaws.com/ksr/avatars/4434746/vlc512x512.small.jpg?1352901899", 
      "thumb": "https://s3.amazonaws.com/ksr/avatars/4434746/vlc512x512.thumb.jpg?1352901899"
    }, 
    "id": 1061646928, 
    "name": "VideoLAN", 
    "urls": {
      "api": {
        "user": "https://api.kickstarter.com/v1/users/1061646928?signature=1405310108.dfc670c52daa8bad79976455aecc49b9976a8fb9"
      }, 
      "web": {
        "user": "https://www.kickstarter.com/profile/1061646928"
      }
    }
  }, 
  "currency": "GBP", 
  "currency_symbol": "\u00a3", 
  "currency_trailing_code": false, 
  "deadline": 1356785690, 
  "disable_communication": false, 
  "goal": 40000.0, 
  "id": 1000776914, 
  "launched_at": 1354193690, 
  "location": {
    "country": "FR", 
    "displayable_name": "Paris, France", 
    "id": 615702, 
    "name": "Paris", 
    "short_name": "Paris, France", 
    "slug": "paris-fr", 
    "state": "Ile-de-France", 
    "urls": {
      "api": {
        "nearby_projects": "https://api.kickstarter.com/v1/discover?signature=1405283927.17398cbdb4a483cbf2acfd7f70d78b9c1d0bcd00&woe_id=615702"
      }, 
      "web": {
        "discover": "https://www.kickstarter.com/discover/places/paris-fr", 
        "location": "https://www.kickstarter.com/locations/paris-fr"
      }
    }
  }, 
  "name": "VLC for the new Windows 8 User Experience (\"Metro\")", 
  "photo": {
    "1024x768": "https://s3.amazonaws.com/ksr/projects/371673/photo-1024x768.jpg?1397800904", 
    "1536x1152": "https://s3.amazonaws.com/ksr/projects/371673/photo-1536x1152.jpg?1397800904", 
    "ed": "https://s3.amazonaws.com/ksr/projects/371673/photo-ed.jpg?1397800904", 
    "full": "https://s3.amazonaws.com/ksr/projects/371673/photo-full.jpg?1397800904", 
    "little": "https://s3.amazonaws.com/ksr/projects/371673/photo-little.jpg?1397800904", 
    "med": "https://s3.amazonaws.com/ksr/projects/371673/photo-med.jpg?1397800904", 
    "small": "https://s3.amazonaws.com/ksr/projects/371673/photo-small.jpg?1397800904", 
    "thumb": "https://s3.amazonaws.com/ksr/projects/371673/photo-thumb.jpg?1397800904"
  }, 
  "pledged": 47056.86, 
  "slug": "vlc-for-the-new-windows-8-user-experience-metro", 
  "state": "successful", 
  "state_changed_at": 1356785690, 
  "urls": {
    "web": {
      "project": "https://www.kickstarter.com/projects/1061646928/vlc-for-the-new-windows-8-user-experience-metro", 
      "rewards": "https://www.kickstarter.com/projects/1061646928/vlc-for-the-new-windows-8-user-experience-metro/rewards"
    }
  }
}