{
  "backers_count": 57, 
  "blurb": "Completing this Lab will allow students across the country the access to technology bringing their computer created designs to life.", 
  "category": {
    "id": 335, 
    "name": "Fabrication Tools", 
    "parent_id": 16, 
    "position": 5, 
    "slug": "technology/fabrication tools", 
    "urls": {
      "web": {
        "discover": "http://www.kickstarter.com/discover/categories/technology/fabrication%20tools"
      }
    }
  }, 
  "country": "US", 
  "created_at": 1337623990, 
  "creator": {
    "avatar": {
      "medium": "https://www.kickstarter.com/assets/users/missing_medium.png", 
      "small": "https://www.kickstarter.com/assets/users/missing_small.png", 
      "thumb": "https://www.kickstarter.com/assets/users/missing_thumb.png"
    }, 
    "id": 90895326, 
    "name": "PAST Foundation", 
    "urls": {
      "api": {
        "user": "https://api.kickstarter.com/v1/users/90895326?signature=1405310218.8133ebef9f346275daf79f5699f1d844f49cb775"
      }, 
      "web": {
        "user": "https://www.kickstarter.com/profile/90895326"
      }
    }
  }, 
  "currency": "USD", 
  "currency_symbol": "$", 
  "currency_trailing_code": true, 
  "deadline": 1342007742, 
  "disable_communication": false, 
  "goal": 5000.0, 
  "id": 1001077166, 
  "launched_at": 1339415742, 
  "location": {
    "country": "US", 
    "displayable_name": "Columbus, OH", 
    "id": 2383660, 
    "name": "Columbus", 
    "short_name": "Columbus, OH", 
    "slug": "columbus-oh", 
    "state": "OH", 
    "urls": {
      "api": {
        "nearby_projects": "https://api.kickstarter.com/v1/discover?signature=1405283924.8437a209149c11464ce4ea12fc352810c55cce1b&woe_id=2383660"
      }, 
      "web": {
        "discover": "https://www.kickstarter.com/discover/places/columbus-oh", 
        "location": "https://www.kickstarter.com/locations/columbus-oh"
      }
    }
  }, 
  "name": "Student Operated Fabrication Lab", 
  "photo": {
    "1024x768": "https://s3.amazonaws.com/ksr/projects/192237/photo-1024x768.jpg?1397783286", 
    "1536x1152": "https://s3.amazonaws.com/ksr/projects/192237/photo-1536x1152.jpg?1397783286", 
    "ed": "https://s3.amazonaws.com/ksr/projects/192237/photo-ed.jpg?1397783286", 
    "full": "https://s3.amazonaws.com/ksr/projects/192237/photo-full.jpg?1397783286", 
    "little": "https://s3.amazonaws.com/ksr/projects/192237/photo-little.jpg?1397783286", 
    "med": "https://s3.amazonaws.com/ksr/projects/192237/photo-med.jpg?1397783286", 
    "small": "https://s3.amazonaws.com/ksr/projects/192237/photo-small.jpg?1397783286", 
    "thumb": "https://s3.amazonaws.com/ksr/projects/192237/photo-thumb.jpg?1397783286"
  }, 
  "pledged": 5000.0, 
  "slug": "student-operated-fabrication-lab", 
  "state": "successful", 
  "state_changed_at": 1342007742, 
  "urls": {
    "web": {
      "project": "https://www.kickstarter.com/projects/90895326/student-operated-fabrication-lab", 
      "rewards": "https://www.kickstarter.com/projects/90895326/student-operated-fabrication-lab/rewards"
    }
  }
}