{
  "backers_count": 236, 
  "blurb": "Fritz is a robotic puppet head that you can control with an easy to use app. He has moving eyes, jaw, eyelids, eyebrows, and neck.", 
  "category": {
    "id": 16, 
    "name": "Technology", 
    "position": 14, 
    "slug": "technology", 
    "urls": {
      "web": {
        "discover": "http://www.kickstarter.com/discover/categories/technology"
      }
    }
  }, 
  "country": "US", 
  "created_at": 1362767834, 
  "creator": {
    "avatar": {
      "medium": "https://s3.amazonaws.com/ksr/avatars/5772604/photoStevenKerwin.medium.jpg?1362772104", 
      "small": "https://s3.amazonaws.com/ksr/avatars/5772604/photoStevenKerwin.small.jpg?1362772104", 
      "thumb": "https://s3.amazonaws.com/ksr/avatars/5772604/photoStevenKerwin.thumb.jpg?1362772104"
    }, 
    "id": 1591853389, 
    "name": "XYZbot", 
    "urls": {
      "api": {
        "user": "https://api.kickstarter.com/v1/users/1591853389?signature=1405310130.abaa513070c55c8a92644f7b18c053ff14b6d54d"
      }, 
      "web": {
        "user": "https://www.kickstarter.com/profile/1591853389"
      }
    }
  }, 
  "currency": "USD", 
  "currency_symbol": "$", 
  "currency_trailing_code": true, 
  "deadline": 1367378713, 
  "disable_communication": false, 
  "goal": 25000.0, 
  "id": 1002492289, 
  "launched_at": 1364786713, 
  "location": {
    "country": "US", 
    "displayable_name": "Denver, CO", 
    "id": 2391279, 
    "name": "Denver", 
    "short_name": "Denver, CO", 
    "slug": "denver-co", 
    "state": "CO", 
    "urls": {
      "api": {
        "nearby_projects": "https://api.kickstarter.com/v1/discover?signature=1405283921.b5d20e66be16fcfc279b7a02b05cb033e4cef86b&woe_id=2391279"
      }, 
      "web": {
        "discover": "https://www.kickstarter.com/discover/places/denver-co", 
        "location": "https://www.kickstarter.com/locations/denver-co"
      }
    }
  }, 
  "name": "Fritz: A Robotic Puppet", 
  "photo": {
    "1024x768": "https://s3.amazonaws.com/ksr/projects/483599/photo-1024x768.jpg?1397812872", 
    "1536x1152": "https://s3.amazonaws.com/ksr/projects/483599/photo-1536x1152.jpg?1397812872", 
    "ed": "https://s3.amazonaws.com/ksr/projects/483599/photo-ed.jpg?1397812872", 
    "full": "https://s3.amazonaws.com/ksr/projects/483599/photo-full.jpg?1397812872", 
    "little": "https://s3.amazonaws.com/ksr/projects/483599/photo-little.jpg?1397812872", 
    "med": "https://s3.amazonaws.com/ksr/projects/483599/photo-med.jpg?1397812872", 
    "small": "https://s3.amazonaws.com/ksr/projects/483599/photo-small.jpg?1397812872", 
    "thumb": "https://s3.amazonaws.com/ksr/projects/483599/photo-thumb.jpg?1397812872"
  }, 
  "pledged": 41136.55, 
  "slug": "fritz-a-robotic-puppet", 
  "state": "successful", 
  "state_changed_at": 1367378715, 
  "urls": {
    "web": {
      "project": "https://www.kickstarter.com/projects/1591853389/fritz-a-robotic-puppet", 
      "rewards": "https://www.kickstarter.com/projects/1591853389/fritz-a-robotic-puppet/rewards"
    }
  }
}