{
  "backers_count": 20, 
  "blurb": "Smart Dive Buddy is an innovative accessory that transforms your smartphone into an advanced underwater dive camera and dive computer", 
  "category": {
    "id": 52, 
    "name": "Hardware", 
    "parent_id": 16, 
    "position": 8, 
    "slug": "technology/hardware", 
    "urls": {
      "web": {
        "discover": "http://www.kickstarter.com/discover/categories/technology/hardware"
      }
    }
  }, 
  "country": "US", 
  "created_at": 1400689931, 
  "creator": {
    "avatar": {
      "medium": "https://s3.amazonaws.com/ksr/avatars/710068/divenav_logo_256.medium.jpg?1353610916", 
      "small": "https://s3.amazonaws.com/ksr/avatars/710068/divenav_logo_256.small.jpg?1353610916", 
      "thumb": "https://s3.amazonaws.com/ksr/avatars/710068/divenav_logo_256.thumb.jpg?1353610916"
    }, 
    "id": 1607113047, 
    "name": "DiveNav, Inc.", 
    "urls": {
      "api": {
        "user": "https://api.kickstarter.com/v1/users/1607113047?signature=1405310242.318a373266a618cdc91c6eefb779b8c4b0e79040"
      }, 
      "web": {
        "user": "https://www.kickstarter.com/profile/1607113047"
      }
    }
  }, 
  "currency": "USD", 
  "currency_symbol": "$", 
  "currency_trailing_code": true, 
  "deadline": 1406353837, 
  "disable_communication": false, 
  "goal": 15000.0, 
  "id": 1002151750, 
  "launched_at": 1403761837, 
  "location": {
    "country": "US", 
    "displayable_name": "Laguna Hills, CA", 
    "id": 2434647, 
    "name": "Laguna Hills", 
    "short_name": "Laguna Hills, CA", 
    "slug": "laguna-hills-ca", 
    "state": "CA", 
    "urls": {
      "api": {
        "nearby_projects": "https://api.kickstarter.com/v1/discover?signature=1405283943.87b0a80738d4dc2369df612972c83273dd6b9655&woe_id=2434647"
      }, 
      "web": {
        "discover": "https://www.kickstarter.com/discover/places/laguna-hills-ca", 
        "location": "https://www.kickstarter.com/locations/laguna-hills-ca"
      }
    }
  }, 
  "name": "Smart Dive Buddy: Smartphone Dive Camera & Computer", 
  "photo": {
    "1024x768": "https://s3.amazonaws.com/ksr/projects/1009955/photo-1024x768.jpg?1402721146", 
    "1536x1152": "https://s3.amazonaws.com/ksr/projects/1009955/photo-1536x1152.jpg?1402721146", 
    "ed": "https://s3.amazonaws.com/ksr/projects/1009955/photo-ed.jpg?1402721146", 
    "full": "https://s3.amazonaws.com/ksr/projects/1009955/photo-full.jpg?1402721146", 
    "little": "https://s3.amazonaws.com/ksr/projects/1009955/photo-little.jpg?1402721146", 
    "med": "https://s3.amazonaws.com/ksr/projects/1009955/photo-med.jpg?1402721146", 
    "small": "https://s3.amazonaws.com/ksr/projects/1009955/photo-small.jpg?1402721146", 
    "thumb": "https://s3.amazonaws.com/ksr/projects/1009955/photo-thumb.jpg?1402721146"
  }, 
  "pledged": 2460.0, 
  "slug": "smart-dive-buddy-smartphone-dive-camera-and-comput", 
  "state": "live", 
  "state_changed_at": 1403761839, 
  "urls": {
    "web": {
      "project": "https://www.kickstarter.com/projects/1607113047/smart-dive-buddy-smartphone-dive-camera-and-comput", 
      "rewards": "https://www.kickstarter.com/projects/1607113047/smart-dive-buddy-smartphone-dive-camera-and-comput/rewards"
    }
  }
}