{
  "backers_count": 426, 
  "blurb": "A big red truck filled with cutting-edge maker tools that goes from school to school, bringing the joy of building back to kids.", 
  "category": {
    "id": 52, 
    "name": "Hardware", 
    "parent_id": 16, 
    "position": 8, 
    "slug": "technology/hardware", 
    "urls": {
      "web": {
        "discover": "http://www.kickstarter.com/discover/categories/technology/hardware"
      }
    }
  }, 
  "country": "US", 
  "created_at": 1329529082, 
  "creator": {
    "avatar": {
      "medium": "https://s3.amazonaws.com/ksr/avatars/643444/Team_cor.medium.jpg?1363237574", 
      "small": "https://s3.amazonaws.com/ksr/avatars/643444/Team_cor.small.jpg?1363237574", 
      "thumb": "https://s3.amazonaws.com/ksr/avatars/643444/Team_cor.thumb.jpg?1363237574"
    }, 
    "id": 107975578, 
    "name": "Jason Chua", 
    "slug": "jasonchua", 
    "urls": {
      "api": {
        "user": "https://api.kickstarter.com/v1/users/107975578?signature=1405310140.1484f5c041ba5486fc6f7926b867e53493ab47ef"
      }, 
      "web": {
        "user": "https://www.kickstarter.com/profile/jasonchua"
      }
    }
  }, 
  "currency": "USD", 
  "currency_symbol": "$", 
  "currency_trailing_code": true, 
  "deadline": 1332561600, 
  "disable_communication": false, 
  "goal": 25000.0, 
  "id": 1002692211, 
  "launched_at": 1329873755, 
  "location": {
    "country": "US", 
    "displayable_name": "Stanford, CA", 
    "id": 2498941, 
    "name": "Stanford", 
    "short_name": "Stanford, CA", 
    "slug": "stanford-ca", 
    "state": "CA", 
    "urls": {
      "api": {
        "nearby_projects": "https://api.kickstarter.com/v1/discover?signature=1405283972.4eb2737d13abacda7cd82092a5f25cf25963ccad&woe_id=2498941"
      }, 
      "web": {
        "discover": "https://www.kickstarter.com/discover/places/stanford-ca", 
        "location": "https://www.kickstarter.com/locations/stanford-ca"
      }
    }
  }, 
  "name": "SparkLab: the educational build-mobile!", 
  "photo": {
    "1024x768": "https://s3.amazonaws.com/ksr/projects/77520/photo-1024x768.jpg?1397771422", 
    "1536x1152": "https://s3.amazonaws.com/ksr/projects/77520/photo-1536x1152.jpg?1397771422", 
    "ed": "https://s3.amazonaws.com/ksr/projects/77520/photo-ed.jpg?1397771422", 
    "full": "https://s3.amazonaws.com/ksr/projects/77520/photo-full.jpg?1397771422", 
    "little": "https://s3.amazonaws.com/ksr/projects/77520/photo-little.jpg?1397771422", 
    "med": "https://s3.amazonaws.com/ksr/projects/77520/photo-med.jpg?1397771422", 
    "small": "https://s3.amazonaws.com/ksr/projects/77520/photo-small.jpg?1397771422", 
    "thumb": "https://s3.amazonaws.com/ksr/projects/77520/photo-thumb.jpg?1397771422"
  }, 
  "pledged": 31275.6, 
  "slug": "sparklab-an-educational-build-mobile", 
  "state": "successful", 
  "state_changed_at": 1332561628, 
  "urls": {
    "web": {
      "project": "https://www.kickstarter.com/projects/jasonchua/sparklab-an-educational-build-mobile", 
      "rewards": "https://www.kickstarter.com/projects/jasonchua/sparklab-an-educational-build-mobile/rewards"
    }
  }
}