{
  "backers_count": 3, 
  "blurb": "An Affordable, Wireless, and Unique Touchpad for your current video gaming controllers. Simply more exciting way to play our games.", 
  "category": {
    "id": 16, 
    "name": "Technology", 
    "position": 14, 
    "slug": "technology", 
    "urls": {
      "web": {
        "discover": "http://www.kickstarter.com/discover/categories/technology"
      }
    }
  }, 
  "country": "US", 
  "created_at": 1399010894, 
  "creator": {
    "avatar": {
      "medium": "https://s3.amazonaws.com/ksr/avatars/10503553/IMG_8582.medium.jpg?1399160246", 
      "small": "https://s3.amazonaws.com/ksr/avatars/10503553/IMG_8582.small.jpg?1399160246", 
      "thumb": "https://s3.amazonaws.com/ksr/avatars/10503553/IMG_8582.thumb.jpg?1399160246"
    }, 
    "id": 668447483, 
    "name": "Gantugs Jargalsaikhan", 
    "slug": "ganaajagaa", 
    "urls": {
      "api": {
        "user": "https://api.kickstarter.com/v1/users/668447483?signature=1405310284.0ec068affd12b78f01ff724e2c36a2281070e563"
      }, 
      "web": {
        "user": "https://www.kickstarter.com/profile/ganaajagaa"
      }
    }
  }, 
  "currency": "USD", 
  "currency_symbol": "$", 
  "currency_trailing_code": true, 
  "deadline": 1408032837, 
  "disable_communication": false, 
  "goal": 100000.0, 
  "id": 100359228, 
  "launched_at": 1405181637, 
  "location": {
    "country": "US", 
    "displayable_name": "Chicago, IL", 
    "id": 2379574, 
    "name": "Chicago", 
    "short_name": "Chicago, IL", 
    "slug": "chicago-il", 
    "state": "IL", 
    "urls": {
      "api": {
        "nearby_projects": "https://api.kickstarter.com/v1/discover?signature=1405283924.8f63700f7031fb64c1fc151929225a5757f1a64e&woe_id=2379574"
      }, 
      "web": {
        "discover": "https://www.kickstarter.com/discover/places/chicago-il", 
        "location": "https://www.kickstarter.com/locations/chicago-il"
      }
    }
  }, 
  "name": "Wireless Touchpad for Console Gaming Controllers", 
  "photo": {
    "1024x768": "https://s3.amazonaws.com/ksr/projects/981460/photo-1024x768.jpg?1405119431", 
    "1536x1152": "https://s3.amazonaws.com/ksr/projects/981460/photo-1536x1152.jpg?1405119431", 
    "ed": "https://s3.amazonaws.com/ksr/projects/981460/photo-ed.jpg?1405119431", 
    "full": "https://s3.amazonaws.com/ksr/projects/981460/photo-full.jpg?1405119431", 
    "little": "https://s3.amazonaws.com/ksr/projects/981460/photo-little.jpg?1405119431", 
    "med": "https://s3.amazonaws.com/ksr/projects/981460/photo-med.jpg?1405119431", 
    "small": "https://s3.amazonaws.com/ksr/projects/981460/photo-small.jpg?1405119431", 
    "thumb": "https://s3.amazonaws.com/ksr/projects/981460/photo-thumb.jpg?1405119431"
  }, 
  "pledged": 162.0, 
  "slug": "wireless-touchpad-for-console-gaming-controllers", 
  "state": "live", 
  "state_changed_at": 1405181637, 
  "urls": {
    "web": {
      "project": "https://www.kickstarter.com/projects/ganaajagaa/wireless-touchpad-for-console-gaming-controllers", 
      "rewards": "https://www.kickstarter.com/projects/ganaajagaa/wireless-touchpad-for-console-gaming-controllers/rewards"
    }
  }
}