{
  "backers_count": 292, 
  "blurb": "Air.Air! is a portable device to measure air quality. Support for your iPhone, iPod & Android phone.", 
  "category": {
    "id": 16, 
    "name": "Technology", 
    "position": 14, 
    "slug": "technology", 
    "urls": {
      "web": {
        "discover": "http://www.kickstarter.com/discover/categories/technology"
      }
    }
  }, 
  "country": "US", 
  "created_at": 1373848230, 
  "creator": {
    "avatar": {
      "medium": "https://s3.amazonaws.com/ksr/avatars/4766787/logo-kick2.medium.jpg?1374758999", 
      "small": "https://s3.amazonaws.com/ksr/avatars/4766787/logo-kick2.small.jpg?1374758999", 
      "thumb": "https://s3.amazonaws.com/ksr/avatars/4766787/logo-kick2.thumb.jpg?1374758999"
    }, 
    "id": 1886143677, 
    "name": "Air.Air!", 
    "urls": {
      "api": {
        "user": "https://api.kickstarter.com/v1/users/1886143677?signature=1405310159.8dcb36f1ad2ee8b6e1cebdc560d3d3c5d7d9ef3f"
      }, 
      "web": {
        "user": "https://www.kickstarter.com/profile/1886143677"
      }
    }
  }, 
  "currency": "USD", 
  "currency_symbol": "$", 
  "currency_trailing_code": true, 
  "deadline": 1382275576, 
  "disable_communication": false, 
  "goal": 20000.0, 
  "id": 1003481542, 
  "launched_at": 1378214776, 
  "location": {
    "country": "CN", 
    "displayable_name": "Shenzhen, China", 
    "id": 2161853, 
    "name": "Shenzhen", 
    "short_name": "Shenzhen, China", 
    "slug": "shenzhen-shenzhen-guangdong", 
    "state": "Guangdong", 
    "urls": {
      "api": {
        "nearby_projects": "https://api.kickstarter.com/v1/discover?signature=1405283927.747bb6020abb48d06fa38136d53c582bb4b223f7&woe_id=2161853"
      }, 
      "web": {
        "discover": "https://www.kickstarter.com/discover/places/shenzhen-shenzhen-guangdong", 
        "location": "https://www.kickstarter.com/locations/shenzhen-shenzhen-guangdong"
      }
    }
  }, 
  "name": "Air.Air! ~ Portable Air Quality Detector", 
  "photo": {
    "1024x768": "https://s3.amazonaws.com/ksr/projects/618221/photo-1024x768.jpg?1397827275", 
    "1536x1152": "https://s3.amazonaws.com/ksr/projects/618221/photo-1536x1152.jpg?1397827275", 
    "ed": "https://s3.amazonaws.com/ksr/projects/618221/photo-ed.jpg?1397827275", 
    "full": "https://s3.amazonaws.com/ksr/projects/618221/photo-full.jpg?1397827275", 
    "little": "https://s3.amazonaws.com/ksr/projects/618221/photo-little.jpg?1397827275", 
    "med": "https://s3.amazonaws.com/ksr/projects/618221/photo-med.jpg?1397827275", 
    "small": "https://s3.amazonaws.com/ksr/projects/618221/photo-small.jpg?1397827275", 
    "thumb": "https://s3.amazonaws.com/ksr/projects/618221/photo-thumb.jpg?1397827275"
  }, 
  "pledged": 21613.47, 
  "slug": "airair-portable-air-quality-detector", 
  "state": "successful", 
  "state_changed_at": 1382275578, 
  "urls": {
    "web": {
      "project": "https://www.kickstarter.com/projects/1886143677/airair-portable-air-quality-detector", 
      "rewards": "https://www.kickstarter.com/projects/1886143677/airair-portable-air-quality-detector/rewards"
    }
  }
}