{
  "backers_count": 463, 
  "blurb": "Boasting one of the most simple Tesla coil driving circuits ever, TT makes wireless electricity simple, easy, and cheap for everyone.", 
  "category": {
    "id": 52, 
    "name": "Hardware", 
    "parent_id": 16, 
    "position": 8, 
    "slug": "technology/hardware", 
    "urls": {
      "web": {
        "discover": "http://www.kickstarter.com/discover/categories/technology/hardware"
      }
    }
  }, 
  "country": "US", 
  "created_at": 1359091696, 
  "creator": {
    "avatar": {
      "medium": "https://s3.amazonaws.com/ksr/avatars/5278510/fb_profile_picture.medium.jpg?1359103966", 
      "small": "https://s3.amazonaws.com/ksr/avatars/5278510/fb_profile_picture.small.jpg?1359103966", 
      "thumb": "https://s3.amazonaws.com/ksr/avatars/5278510/fb_profile_picture.thumb.jpg?1359103966"
    }, 
    "id": 398893778, 
    "name": "TeslaTronix", 
    "urls": {
      "api": {
        "user": "https://api.kickstarter.com/v1/users/398893778?signature=1405310133.b9e28955da737cb6ce0b5ec0f24ef876f3861949"
      }, 
      "web": {
        "user": "https://www.kickstarter.com/profile/398893778"
      }
    }
  }, 
  "currency": "USD", 
  "currency_symbol": "$", 
  "currency_trailing_code": true, 
  "deadline": 1362616067, 
  "disable_communication": false, 
  "goal": 2500.0, 
  "id": 1003946946, 
  "launched_at": 1360024067, 
  "location": {
    "country": "US", 
    "displayable_name": "Allentown, PA", 
    "id": 2353412, 
    "name": "Allentown", 
    "short_name": "Allentown, PA", 
    "slug": "allentown-pa", 
    "state": "PA", 
    "urls": {
      "api": {
        "nearby_projects": "https://api.kickstarter.com/v1/discover?signature=1405283948.a2642a9269fb926f634513be3b1330c3f0c13069&woe_id=2353412"
      }, 
      "web": {
        "discover": "https://www.kickstarter.com/discover/places/allentown-pa", 
        "location": "https://www.kickstarter.com/locations/allentown-pa"
      }
    }
  }, 
  "name": "TeslaTronix- Tesla Power For The Masses", 
  "photo": {
    "1024x768": "https://s3.amazonaws.com/ksr/projects/444386/photo-1024x768.jpg?1397808699", 
    "1536x1152": "https://s3.amazonaws.com/ksr/projects/444386/photo-1536x1152.jpg?1397808699", 
    "ed": "https://s3.amazonaws.com/ksr/projects/444386/photo-ed.jpg?1397808699", 
    "full": "https://s3.amazonaws.com/ksr/projects/444386/photo-full.jpg?1397808699", 
    "little": "https://s3.amazonaws.com/ksr/projects/444386/photo-little.jpg?1397808699", 
    "med": "https://s3.amazonaws.com/ksr/projects/444386/photo-med.jpg?1397808699", 
    "small": "https://s3.amazonaws.com/ksr/projects/444386/photo-small.jpg?1397808699", 
    "thumb": "https://s3.amazonaws.com/ksr/projects/444386/photo-thumb.jpg?1397808699"
  }, 
  "pledged": 38946.01, 
  "slug": "teslatronix-tesla-power-for-the-masses", 
  "state": "successful", 
  "state_changed_at": 1362616067, 
  "urls": {
    "web": {
      "project": "https://www.kickstarter.com/projects/398893778/teslatronix-tesla-power-for-the-masses", 
      "rewards": "https://www.kickstarter.com/projects/398893778/teslatronix-tesla-power-for-the-masses/rewards"
    }
  }
}