{
  "backers_count": 405, 
  "blurb": "Ion is a light show for your desk, dorm room, or living room.  It responds to music, connects to your phone, and brightens your day!", 
  "category": {
    "id": 52, 
    "name": "Hardware", 
    "parent_id": 16, 
    "position": 8, 
    "slug": "technology/hardware", 
    "urls": {
      "web": {
        "discover": "http://www.kickstarter.com/discover/categories/technology/hardware"
      }
    }
  }, 
  "country": "US", 
  "created_at": 1391702964, 
  "creator": {
    "avatar": {
      "medium": "https://s3.amazonaws.com/ksr/avatars/4799536/kes_logo.medium.jpg?1395842743", 
      "small": "https://s3.amazonaws.com/ksr/avatars/4799536/kes_logo.small.jpg?1395842743", 
      "thumb": "https://s3.amazonaws.com/ksr/avatars/4799536/kes_logo.thumb.jpg?1395842743"
    }, 
    "id": 495099991, 
    "name": "lava", 
    "slug": "lavallc", 
    "urls": {
      "api": {
        "user": "https://api.kickstarter.com/v1/users/495099991?signature=1405310110.28bda37ce7e34364c768ac7126b3755ea66c9174"
      }, 
      "web": {
        "user": "https://www.kickstarter.com/profile/lavallc"
      }
    }
  }, 
  "currency": "USD", 
  "currency_symbol": "$", 
  "currency_trailing_code": true, 
  "deadline": 1398959729, 
  "disable_communication": false, 
  "goal": 20000.0, 
  "id": 1004686676, 
  "launched_at": 1396367729, 
  "location": {
    "country": "US", 
    "displayable_name": "Flint, MI", 
    "id": 2404367, 
    "name": "Flint", 
    "short_name": "Flint, MI", 
    "slug": "flint-mi", 
    "state": "MI", 
    "urls": {
      "api": {
        "nearby_projects": "https://api.kickstarter.com/v1/discover?signature=1405283939.745370dcd9c0be1a173f62a826fcb317bc2972e5&woe_id=2404367"
      }, 
      "web": {
        "discover": "https://www.kickstarter.com/discover/places/flint-mi", 
        "location": "https://www.kickstarter.com/locations/flint-mi"
      }
    }
  }, 
  "name": "Ion: A Music Detecting Mood Light with Bluetooth Low Energy", 
  "photo": {
    "1024x768": "https://s3.amazonaws.com/ksr/projects/859820/photo-1024x768.jpg?1397866907", 
    "1536x1152": "https://s3.amazonaws.com/ksr/projects/859820/photo-1536x1152.jpg?1397866907", 
    "ed": "https://s3.amazonaws.com/ksr/projects/859820/photo-ed.jpg?1397866907", 
    "full": "https://s3.amazonaws.com/ksr/projects/859820/photo-full.jpg?1397866907", 
    "little": "https://s3.amazonaws.com/ksr/projects/859820/photo-little.jpg?1397866907", 
    "med": "https://s3.amazonaws.com/ksr/projects/859820/photo-med.jpg?1397866907", 
    "small": "https://s3.amazonaws.com/ksr/projects/859820/photo-small.jpg?1397866907", 
    "thumb": "https://s3.amazonaws.com/ksr/projects/859820/photo-thumb.jpg?1397866907"
  }, 
  "pledged": 74026.0, 
  "slug": "ion-a-music-detecting-mood-light-with-bluetooth-lo", 
  "state": "successful", 
  "state_changed_at": 1398959729, 
  "urls": {
    "web": {
      "project": "https://www.kickstarter.com/projects/lavallc/ion-a-music-detecting-mood-light-with-bluetooth-lo", 
      "rewards": "https://www.kickstarter.com/projects/lavallc/ion-a-music-detecting-mood-light-with-bluetooth-lo/rewards"
    }
  }
}