{
  "backers_count": 172, 
  "blurb": "Fashion, Zombie awareness, and utility all combine in this zombie keychain!", 
  "category": {
    "id": 16, 
    "name": "Technology", 
    "position": 14, 
    "slug": "technology", 
    "urls": {
      "web": {
        "discover": "http://www.kickstarter.com/discover/categories/technology"
      }
    }
  }, 
  "country": "US", 
  "created_at": 1332694385, 
  "creator": {
    "avatar": {
      "medium": "https://s3.amazonaws.com/ksr/avatars/1486219/image.medium.jpg?1339947389", 
      "small": "https://s3.amazonaws.com/ksr/avatars/1486219/image.small.jpg?1339947389", 
      "thumb": "https://s3.amazonaws.com/ksr/avatars/1486219/image.thumb.jpg?1339947389"
    }, 
    "id": 1686806951, 
    "name": "Blueshift Nine, LLC.", 
    "urls": {
      "api": {
        "user": "https://api.kickstarter.com/v1/users/1686806951?signature=1405310218.ccd78d7475f9730e7775ef72c5a629914813bd88"
      }, 
      "web": {
        "user": "https://www.kickstarter.com/profile/1686806951"
      }
    }
  }, 
  "currency": "USD", 
  "currency_symbol": "$", 
  "currency_trailing_code": true, 
  "deadline": 1343258185, 
  "disable_communication": false, 
  "goal": 5000.0, 
  "id": 1004500333, 
  "launched_at": 1340666185, 
  "location": {
    "country": "US", 
    "displayable_name": "St. Petersburg, FL", 
    "id": 2487180, 
    "name": "St. Petersburg", 
    "short_name": "St. Petersburg, FL", 
    "slug": "st-petersburg-fl", 
    "state": "FL", 
    "urls": {
      "api": {
        "nearby_projects": "https://api.kickstarter.com/v1/discover?signature=1405283932.cb4a890ea40a752bfd9a2e180c7fce45051b1b67&woe_id=2487180"
      }, 
      "web": {
        "discover": "https://www.kickstarter.com/discover/places/st-petersburg-fl", 
        "location": "https://www.kickstarter.com/locations/st-petersburg-fl"
      }
    }
  }, 
  "name": "Zombie USB Keychain (Zed 1.0)", 
  "photo": {
    "1024x768": "https://s3.amazonaws.com/ksr/projects/114200/photo-1024x768.jpg?1397775727", 
    "1536x1152": "https://s3.amazonaws.com/ksr/projects/114200/photo-1536x1152.jpg?1397775727", 
    "ed": "https://s3.amazonaws.com/ksr/projects/114200/photo-ed.jpg?1397775727", 
    "full": "https://s3.amazonaws.com/ksr/projects/114200/photo-full.jpg?1397775727", 
    "little": "https://s3.amazonaws.com/ksr/projects/114200/photo-little.jpg?1397775727", 
    "med": "https://s3.amazonaws.com/ksr/projects/114200/photo-med.jpg?1397775727", 
    "small": "https://s3.amazonaws.com/ksr/projects/114200/photo-small.jpg?1397775727", 
    "thumb": "https://s3.amazonaws.com/ksr/projects/114200/photo-thumb.jpg?1397775727"
  }, 
  "pledged": 5060.0, 
  "slug": "zombie-usb-keychain-zed-10", 
  "state": "successful", 
  "state_changed_at": 1343258185, 
  "urls": {
    "web": {
      "project": "https://www.kickstarter.com/projects/1686806951/zombie-usb-keychain-zed-10", 
      "rewards": "https://www.kickstarter.com/projects/1686806951/zombie-usb-keychain-zed-10/rewards"
    }
  }
}