{
  "backers_count": 11, 
  "blurb": "Please help us keep up with all the big companies at this summer's NAMM show!! We need help funding our marketing materials!\nThanks!", 
  "category": {
    "id": 339, 
    "name": "Sound", 
    "parent_id": 16, 
    "position": 12, 
    "slug": "technology/sound", 
    "urls": {
      "web": {
        "discover": "http://www.kickstarter.com/discover/categories/technology/sound"
      }
    }
  }, 
  "country": "US", 
  "created_at": 1401395638, 
  "creator": {
    "avatar": {
      "medium": "https://s3.amazonaws.com/ksr/avatars/10838695/strat.medium.jpg?1401418757", 
      "small": "https://s3.amazonaws.com/ksr/avatars/10838695/strat.small.jpg?1401418757", 
      "thumb": "https://s3.amazonaws.com/ksr/avatars/10838695/strat.thumb.jpg?1401418757"
    }, 
    "id": 187332861, 
    "name": "John Benson", 
    "urls": {
      "api": {
        "user": "https://api.kickstarter.com/v1/users/187332861?signature=1405310534.929a04f85f363710b24dd9a27f66a2523d6415ae"
      }, 
      "web": {
        "user": "https://www.kickstarter.com/profile/187332861"
      }
    }
  }, 
  "currency": "USD", 
  "currency_symbol": "$", 
  "currency_trailing_code": true, 
  "deadline": 1403740747, 
  "disable_communication": false, 
  "goal": 2800.0, 
  "id": 1005413300, 
  "launched_at": 1402531147, 
  "location": {
    "country": "US", 
    "displayable_name": "Lockport, NY", 
    "id": 2440846, 
    "name": "Lockport", 
    "short_name": "Lockport, NY", 
    "slug": "lockport-ny", 
    "state": "NY", 
    "urls": {
      "api": {
        "nearby_projects": "https://api.kickstarter.com/v1/discover?signature=1405283998.6ee6c500b2e53195209c1920a93de081fece2eda&woe_id=2440846"
      }, 
      "web": {
        "discover": "https://www.kickstarter.com/discover/places/lockport-ny", 
        "location": "https://www.kickstarter.com/locations/lockport-ny"
      }
    }
  }, 
  "name": "NAMM Marketing -keeping up with the big dogs", 
  "photo": {
    "1024x768": "https://s3.amazonaws.com/ksr/projects/1021294/photo-1024x768.jpg?1401418577", 
    "1536x1152": "https://s3.amazonaws.com/ksr/projects/1021294/photo-1536x1152.jpg?1401418577", 
    "ed": "https://s3.amazonaws.com/ksr/projects/1021294/photo-ed.jpg?1401418577", 
    "full": "https://s3.amazonaws.com/ksr/projects/1021294/photo-full.jpg?1401418577", 
    "little": "https://s3.amazonaws.com/ksr/projects/1021294/photo-little.jpg?1401418577", 
    "med": "https://s3.amazonaws.com/ksr/projects/1021294/photo-med.jpg?1401418577", 
    "small": "https://s3.amazonaws.com/ksr/projects/1021294/photo-small.jpg?1401418577", 
    "thumb": "https://s3.amazonaws.com/ksr/projects/1021294/photo-thumb.jpg?1401418577"
  }, 
  "pledged": 545.0, 
  "slug": "namm-marketing-keeping-up-with-the-big-dogs", 
  "state": "failed", 
  "state_changed_at": 1403740747, 
  "urls": {
    "web": {
      "project": "https://www.kickstarter.com/projects/187332861/namm-marketing-keeping-up-with-the-big-dogs", 
      "rewards": "https://www.kickstarter.com/projects/187332861/namm-marketing-keeping-up-with-the-big-dogs/rewards"
    }
  }
}