{
  "backers_count": 108, 
  "blurb": "The first production wood headphones featuring Bluetooth wireless connectivity and smartphone controls, by Accidentally Extraordinary", 
  "category": {
    "id": 52, 
    "name": "Hardware", 
    "parent_id": 16, 
    "position": 8, 
    "slug": "technology/hardware", 
    "urls": {
      "web": {
        "discover": "http://www.kickstarter.com/discover/categories/technology/hardware"
      }
    }
  }, 
  "country": "US", 
  "created_at": 1388768921, 
  "creator": {
    "avatar": {
      "medium": "https://s3.amazonaws.com/ksr/avatars/5139883/kunal_about.medium.jpg?1388693387", 
      "small": "https://s3.amazonaws.com/ksr/avatars/5139883/kunal_about.small.jpg?1388693387", 
      "thumb": "https://s3.amazonaws.com/ksr/avatars/5139883/kunal_about.thumb.jpg?1388693387"
    }, 
    "id": 915048840, 
    "name": "Kunal Dalal", 
    "urls": {
      "api": {
        "user": "https://api.kickstarter.com/v1/users/915048840?signature=1405310339.eb693b892ae52683b694cbec6633485540d9f0f5"
      }, 
      "web": {
        "user": "https://www.kickstarter.com/profile/915048840"
      }
    }
  }, 
  "currency": "USD", 
  "currency_symbol": "$", 
  "currency_trailing_code": true, 
  "deadline": 1399579787, 
  "disable_communication": false, 
  "goal": 60000.0, 
  "id": 1005302689, 
  "launched_at": 1396987787, 
  "location": {
    "country": "US", 
    "displayable_name": "Oakland, CA", 
    "id": 2463583, 
    "name": "Oakland", 
    "short_name": "Oakland, CA", 
    "slug": "oakland-ca", 
    "state": "CA", 
    "urls": {
      "api": {
        "nearby_projects": "https://api.kickstarter.com/v1/discover?signature=1405283927.15cb54520e78c5e6318fc41771896433342e22b3&woe_id=2463583"
      }, 
      "web": {
        "discover": "https://www.kickstarter.com/discover/places/oakland-ca", 
        "location": "https://www.kickstarter.com/locations/oakland-ca"
      }
    }
  }, 
  "name": "51st Studios Unplugged: Wood Headphones featuring Bluetooth", 
  "photo": {
    "1024x768": "https://s3.amazonaws.com/ksr/projects/815636/photo-1024x768.jpg?1397862232", 
    "1536x1152": "https://s3.amazonaws.com/ksr/projects/815636/photo-1536x1152.jpg?1397862232", 
    "ed": "https://s3.amazonaws.com/ksr/projects/815636/photo-ed.jpg?1397862232", 
    "full": "https://s3.amazonaws.com/ksr/projects/815636/photo-full.jpg?1397862232", 
    "little": "https://s3.amazonaws.com/ksr/projects/815636/photo-little.jpg?1397862232", 
    "med": "https://s3.amazonaws.com/ksr/projects/815636/photo-med.jpg?1397862232", 
    "small": "https://s3.amazonaws.com/ksr/projects/815636/photo-small.jpg?1397862232", 
    "thumb": "https://s3.amazonaws.com/ksr/projects/815636/photo-thumb.jpg?1397862232"
  }, 
  "pledged": 45687.01, 
  "slug": "51st-studios-unplugged-wood-headphones-featuring-b", 
  "state": "failed", 
  "state_changed_at": 1399579789, 
  "urls": {
    "web": {
      "project": "https://www.kickstarter.com/projects/915048840/51st-studios-unplugged-wood-headphones-featuring-b", 
      "rewards": "https://www.kickstarter.com/projects/915048840/51st-studios-unplugged-wood-headphones-featuring-b/rewards"
    }
  }
}