{
  "backers_count": 20, 
  "blurb": "We build smart, personal light fixtures that bring the sun's energizing rays to work...making us happier, healthier & more productive!", 
  "category": {
    "id": 52, 
    "name": "Hardware", 
    "parent_id": 16, 
    "position": 8, 
    "slug": "technology/hardware", 
    "urls": {
      "web": {
        "discover": "http://www.kickstarter.com/discover/categories/technology/hardware"
      }
    }
  }, 
  "country": "US", 
  "created_at": 1392129785, 
  "creator": {
    "avatar": {
      "medium": "https://s3.amazonaws.com/ksr/avatars/9606653/ID_Photo.medium.jpg?1392159759", 
      "small": "https://s3.amazonaws.com/ksr/avatars/9606653/ID_Photo.small.jpg?1392159759", 
      "thumb": "https://s3.amazonaws.com/ksr/avatars/9606653/ID_Photo.thumb.jpg?1392159759"
    }, 
    "id": 329365370, 
    "name": "Gary D. Grimard", 
    "urls": {
      "api": {
        "user": "https://api.kickstarter.com/v1/users/329365370?signature=1405310387.7554f65f700e7ac3297f6aa0756835967dc1d853"
      }, 
      "web": {
        "user": "https://www.kickstarter.com/profile/329365370"
      }
    }
  }, 
  "currency": "USD", 
  "currency_symbol": "$", 
  "currency_trailing_code": true, 
  "deadline": 1404918334, 
  "disable_communication": false, 
  "goal": 150000.0, 
  "id": 1006933983, 
  "launched_at": 1402326334, 
  "location": {
    "country": "US", 
    "displayable_name": "Boston, MA", 
    "id": 2367105, 
    "name": "Boston", 
    "short_name": "Boston, MA", 
    "slug": "boston-ma", 
    "state": "MA", 
    "urls": {
      "api": {
        "nearby_projects": "https://api.kickstarter.com/v1/discover?signature=1405283922.88e5a521b809a8d6893fb52af930c2e53896acf9&woe_id=2367105"
      }, 
      "web": {
        "discover": "https://www.kickstarter.com/discover/places/boston-ma", 
        "location": "https://www.kickstarter.com/locations/boston-ma"
      }
    }
  }, 
  "name": "Let the Sun Shine In...Always & Forever with Sun LifeLight!", 
  "photo": {
    "1024x768": "https://s3.amazonaws.com/ksr/projects/865809/photo-1024x768.jpg?1397867566", 
    "1536x1152": "https://s3.amazonaws.com/ksr/projects/865809/photo-1536x1152.jpg?1397867566", 
    "ed": "https://s3.amazonaws.com/ksr/projects/865809/photo-ed.jpg?1397867566", 
    "full": "https://s3.amazonaws.com/ksr/projects/865809/photo-full.jpg?1397867566", 
    "little": "https://s3.amazonaws.com/ksr/projects/865809/photo-little.jpg?1397867566", 
    "med": "https://s3.amazonaws.com/ksr/projects/865809/photo-med.jpg?1397867566", 
    "small": "https://s3.amazonaws.com/ksr/projects/865809/photo-small.jpg?1397867566", 
    "thumb": "https://s3.amazonaws.com/ksr/projects/865809/photo-thumb.jpg?1397867566"
  }, 
  "pledged": 7333.0, 
  "slug": "let-the-sun-shine-inalways-and-forever", 
  "state": "failed", 
  "state_changed_at": 1404918334, 
  "urls": {
    "web": {
      "project": "https://www.kickstarter.com/projects/329365370/let-the-sun-shine-inalways-and-forever", 
      "rewards": "https://www.kickstarter.com/projects/329365370/let-the-sun-shine-inalways-and-forever/rewards"
    }
  }
}