{
  "backers_count": 42, 
  "blurb": "Alligator Bites invites people to open wide to possibility via 20 on-line workshops, each a do-able 20 minutes long, all for $20. Try the sample!", 
  "category": {
    "id": 51, 
    "name": "Software", 
    "parent_id": 16, 
    "position": 11, 
    "slug": "technology/software", 
    "urls": {
      "web": {
        "discover": "http://www.kickstarter.com/discover/categories/technology/software"
      }
    }
  }, 
  "country": "US", 
  "created_at": 1264914390, 
  "creator": {
    "avatar": {
      "medium": "https://s3.amazonaws.com/ksr/avatars/26562/Rhonda_Headshot_for_email.medium.jpg?1288678195", 
      "small": "https://s3.amazonaws.com/ksr/avatars/26562/Rhonda_Headshot_for_email.small.jpg?1288678195", 
      "thumb": "https://s3.amazonaws.com/ksr/avatars/26562/Rhonda_Headshot_for_email.thumb.jpg?1288678195"
    }, 
    "id": 1324123615, 
    "name": "Rhonda Morton", 
    "urls": {
      "api": {
        "user": "https://api.kickstarter.com/v1/users/1324123615?signature=1405310459.83bd2df5f9ddb73de81ec8cd8df528e26441ee4f"
      }, 
      "web": {
        "user": "https://www.kickstarter.com/profile/1324123615"
      }
    }
  }, 
  "currency": "USD", 
  "currency_symbol": "$", 
  "currency_trailing_code": true, 
  "deadline": 1273291140, 
  "disable_communication": false, 
  "goal": 7000.0, 
  "id": 1006106331, 
  "launched_at": 1265564462, 
  "location": {
    "country": "US", 
    "displayable_name": "Corning, NY", 
    "id": 2385177, 
    "name": "Corning", 
    "short_name": "Corning, NY", 
    "slug": "corning-ny", 
    "state": "NY", 
    "urls": {
      "api": {
        "nearby_projects": "https://api.kickstarter.com/v1/discover?signature=1405285271.12bee03a60116e13880cbf494eebf6cffc93d6e2&woe_id=2385177"
      }, 
      "web": {
        "discover": "https://www.kickstarter.com/discover/places/corning-ny", 
        "location": "https://www.kickstarter.com/locations/corning-ny"
      }
    }
  }, 
  "name": "Launch Alligator Bites and Open Wide to Possibility!", 
  "photo": {
    "1024x768": "https://s3.amazonaws.com/ksr/projects/2851/photo-1024x768.jpg?1397754033", 
    "1536x1152": "https://s3.amazonaws.com/ksr/projects/2851/photo-1536x1152.jpg?1397754033", 
    "ed": "https://s3.amazonaws.com/ksr/projects/2851/photo-ed.jpg?1397754033", 
    "full": "https://s3.amazonaws.com/ksr/projects/2851/photo-full.jpg?1397754033", 
    "little": "https://s3.amazonaws.com/ksr/projects/2851/photo-little.jpg?1397754033", 
    "med": "https://s3.amazonaws.com/ksr/projects/2851/photo-med.jpg?1397754033", 
    "small": "https://s3.amazonaws.com/ksr/projects/2851/photo-small.jpg?1397754033", 
    "thumb": "https://s3.amazonaws.com/ksr/projects/2851/photo-thumb.jpg?1397754033"
  }, 
  "pledged": 2002.0, 
  "slug": "launch-alligator-bites-and-open-wide-to-possibilit", 
  "state": "failed", 
  "state_changed_at": 1273291212, 
  "urls": {
    "web": {
      "project": "https://www.kickstarter.com/projects/1324123615/launch-alligator-bites-and-open-wide-to-possibilit", 
      "rewards": "https://www.kickstarter.com/projects/1324123615/launch-alligator-bites-and-open-wide-to-possibilit/rewards"
    }
  }
}