{
  "backers_count": 85, 
  "blurb": "A mobile toolkit powered by next-generation technology that delivers ALL of YOUR election info into the palm of your hand", 
  "category": {
    "id": 332, 
    "name": "Apps", 
    "parent_id": 16, 
    "position": 2, 
    "slug": "technology/apps", 
    "urls": {
      "web": {
        "discover": "http://www.kickstarter.com/discover/categories/technology/apps"
      }
    }
  }, 
  "country": "US", 
  "created_at": 1395683295, 
  "creator": {
    "avatar": {
      "medium": "https://s3.amazonaws.com/ksr/avatars/5926822/TV-Logo---2.medium.jpg?1399405339", 
      "small": "https://s3.amazonaws.com/ksr/avatars/5926822/TV-Logo---2.small.jpg?1399405339", 
      "thumb": "https://s3.amazonaws.com/ksr/avatars/5926822/TV-Logo---2.thumb.jpg?1399405339"
    }, 
    "id": 1496464868, 
    "name": "Think Voting Inc.", 
    "urls": {
      "api": {
        "user": "https://api.kickstarter.com/v1/users/1496464868?signature=1405310385.36389a3f38906cdde47f995865d4d75a59bb9f7c"
      }, 
      "web": {
        "user": "https://www.kickstarter.com/profile/1496464868"
      }
    }
  }, 
  "currency": "USD", 
  "currency_symbol": "$", 
  "currency_trailing_code": true, 
  "deadline": 1402503106, 
  "disable_communication": false, 
  "goal": 50000.0, 
  "id": 1006641104, 
  "launched_at": 1399911106, 
  "location": {
    "country": "US", 
    "displayable_name": "Austin, TX", 
    "id": 2357536, 
    "name": "Austin", 
    "short_name": "Austin, TX", 
    "slug": "austin-tx", 
    "state": "TX", 
    "urls": {
      "api": {
        "nearby_projects": "https://api.kickstarter.com/v1/discover?signature=1405283926.d6ac059d6312acc9cb05834cde3903084b888242&woe_id=2357536"
      }, 
      "web": {
        "discover": "https://www.kickstarter.com/discover/places/austin-tx", 
        "location": "https://www.kickstarter.com/locations/austin-tx"
      }
    }
  }, 
  "name": "The Voting App - It's in YOUR hands!", 
  "photo": {
    "1024x768": "https://s3.amazonaws.com/ksr/projects/922292/photo-1024x768.jpg?1399404706", 
    "1536x1152": "https://s3.amazonaws.com/ksr/projects/922292/photo-1536x1152.jpg?1399404706", 
    "ed": "https://s3.amazonaws.com/ksr/projects/922292/photo-ed.jpg?1399404706", 
    "full": "https://s3.amazonaws.com/ksr/projects/922292/photo-full.jpg?1399404706", 
    "little": "https://s3.amazonaws.com/ksr/projects/922292/photo-little.jpg?1399404706", 
    "med": "https://s3.amazonaws.com/ksr/projects/922292/photo-med.jpg?1399404706", 
    "small": "https://s3.amazonaws.com/ksr/projects/922292/photo-small.jpg?1399404706", 
    "thumb": "https://s3.amazonaws.com/ksr/projects/922292/photo-thumb.jpg?1399404706"
  }, 
  "pledged": 7697.0, 
  "slug": "the-voting-app-its-in-your-hands", 
  "state": "failed", 
  "state_changed_at": 1402503106, 
  "urls": {
    "web": {
      "project": "https://www.kickstarter.com/projects/1496464868/the-voting-app-its-in-your-hands", 
      "rewards": "https://www.kickstarter.com/projects/1496464868/the-voting-app-its-in-your-hands/rewards"
    }
  }
}