{
  "backers_count": 38, 
  "blurb": "We've developed a generator for car wheels to power smart applications & lights via remote control and future iPhone and Android Apps.", 
  "category": {
    "id": 16, 
    "name": "Technology", 
    "position": 14, 
    "slug": "technology", 
    "urls": {
      "web": {
        "discover": "http://www.kickstarter.com/discover/categories/technology"
      }
    }
  }, 
  "country": "US", 
  "created_at": 1384359967, 
  "creator": {
    "avatar": {
      "medium": "https://s3.amazonaws.com/ksr/avatars/8710656/ipl5.medium.jpg?1385358863", 
      "small": "https://s3.amazonaws.com/ksr/avatars/8710656/ipl5.small.jpg?1385358863", 
      "thumb": "https://s3.amazonaws.com/ksr/avatars/8710656/ipl5.thumb.jpg?1385358863"
    }, 
    "id": 699529875, 
    "name": "Intelligent Power & Light", 
    "urls": {
      "api": {
        "user": "https://api.kickstarter.com/v1/users/699529875?signature=1405310369.c91a9ea39b281d1cc17fd075573cbd6860d3b751"
      }, 
      "web": {
        "user": "https://www.kickstarter.com/profile/699529875"
      }
    }
  }, 
  "currency": "USD", 
  "currency_symbol": "$", 
  "currency_trailing_code": true, 
  "deadline": 1387998105, 
  "disable_communication": false, 
  "goal": 100000.0, 
  "id": 1007527427, 
  "launched_at": 1385406105, 
  "location": {
    "country": "US", 
    "displayable_name": "Miami, FL", 
    "id": 2450022, 
    "name": "Miami", 
    "short_name": "Miami, FL", 
    "slug": "miami-fl", 
    "state": "FL", 
    "urls": {
      "api": {
        "nearby_projects": "https://api.kickstarter.com/v1/discover?signature=1405283924.e559daa364b95f13046d390b309db8c54747260d&woe_id=2450022"
      }, 
      "web": {
        "discover": "https://www.kickstarter.com/discover/places/miami-fl", 
        "location": "https://www.kickstarter.com/locations/miami-fl"
      }
    }
  }, 
  "name": "Car Wheel Lights With Your Logo & Future Smartphone Apps", 
  "photo": {
    "1024x768": "https://s3.amazonaws.com/ksr/projects/758453/photo-1024x768.jpg?1397856043", 
    "1536x1152": "https://s3.amazonaws.com/ksr/projects/758453/photo-1536x1152.jpg?1397856043", 
    "ed": "https://s3.amazonaws.com/ksr/projects/758453/photo-ed.jpg?1397856043", 
    "full": "https://s3.amazonaws.com/ksr/projects/758453/photo-full.jpg?1397856043", 
    "little": "https://s3.amazonaws.com/ksr/projects/758453/photo-little.jpg?1397856043", 
    "med": "https://s3.amazonaws.com/ksr/projects/758453/photo-med.jpg?1397856043", 
    "small": "https://s3.amazonaws.com/ksr/projects/758453/photo-small.jpg?1397856043", 
    "thumb": "https://s3.amazonaws.com/ksr/projects/758453/photo-thumb.jpg?1397856043"
  }, 
  "pledged": 12133.0, 
  "slug": "smart-applications-for-wheels-microgenerator-and-w", 
  "state": "failed", 
  "state_changed_at": 1387998105, 
  "urls": {
    "web": {
      "project": "https://www.kickstarter.com/projects/699529875/smart-applications-for-wheels-microgenerator-and-w", 
      "rewards": "https://www.kickstarter.com/projects/699529875/smart-applications-for-wheels-microgenerator-and-w/rewards"
    }
  }
}