{
  "backers_count": 58, 
  "blurb": "a member-based digital fabrication workshop in austin, texas. your pledge helps make a down payment on a laser cutter and cnc router.", 
  "category": {
    "id": 52, 
    "name": "Hardware", 
    "parent_id": 16, 
    "position": 8, 
    "slug": "technology/hardware", 
    "urls": {
      "web": {
        "discover": "http://www.kickstarter.com/discover/categories/technology/hardware"
      }
    }
  }, 
  "country": "US", 
  "created_at": 1288929665, 
  "creator": {
    "avatar": {
      "medium": "https://s3.amazonaws.com/ksr/avatars/262788/MAK_E_fun_2_close-up_with_glasses_small_and_cropped_oddcrop.medium.jpg?1294101284", 
      "small": "https://s3.amazonaws.com/ksr/avatars/262788/MAK_E_fun_2_close-up_with_glasses_small_and_cropped_oddcrop.small.jpg?1294101284", 
      "thumb": "https://s3.amazonaws.com/ksr/avatars/262788/MAK_E_fun_2_close-up_with_glasses_small_and_cropped_oddcrop.thumb.jpg?1294101284"
    }, 
    "id": 1276765289, 
    "name": "MAKEatx", 
    "urls": {
      "api": {
        "user": "https://api.kickstarter.com/v1/users/1276765289?signature=1405310212.ac5efa25c9ef8bdf9644d5ee05d25138a5737bc7"
      }, 
      "web": {
        "user": "https://www.kickstarter.com/profile/1276765289"
      }
    }
  }, 
  "currency": "USD", 
  "currency_symbol": "$", 
  "currency_trailing_code": true, 
  "deadline": 1299390137, 
  "disable_communication": false, 
  "goal": 5000.0, 
  "id": 1007566985, 
  "launched_at": 1294206137, 
  "location": {
    "country": "US", 
    "displayable_name": "Austin, TX", 
    "id": 2357536, 
    "name": "Austin", 
    "short_name": "Austin, TX", 
    "slug": "austin-tx", 
    "state": "TX", 
    "urls": {
      "api": {
        "nearby_projects": "https://api.kickstarter.com/v1/discover?signature=1405283926.d6ac059d6312acc9cb05834cde3903084b888242&woe_id=2357536"
      }, 
      "web": {
        "discover": "https://www.kickstarter.com/discover/places/austin-tx", 
        "location": "https://www.kickstarter.com/locations/austin-tx"
      }
    }
  }, 
  "name": "MAKEatx : a digital fabrication workshop", 
  "photo": {
    "1024x768": "https://s3.amazonaws.com/ksr/projects/14982/photo-1024x768.jpg?1397759661", 
    "1536x1152": "https://s3.amazonaws.com/ksr/projects/14982/photo-1536x1152.jpg?1397759661", 
    "ed": "https://s3.amazonaws.com/ksr/projects/14982/photo-ed.jpg?1397759661", 
    "full": "https://s3.amazonaws.com/ksr/projects/14982/photo-full.jpg?1397759661", 
    "little": "https://s3.amazonaws.com/ksr/projects/14982/photo-little.jpg?1397759661", 
    "med": "https://s3.amazonaws.com/ksr/projects/14982/photo-med.jpg?1397759661", 
    "small": "https://s3.amazonaws.com/ksr/projects/14982/photo-small.jpg?1397759661", 
    "thumb": "https://s3.amazonaws.com/ksr/projects/14982/photo-thumb.jpg?1397759661"
  }, 
  "pledged": 5843.0, 
  "slug": "makeatx-a-digital-fabrication-workshop", 
  "state": "successful", 
  "state_changed_at": 1299390140, 
  "urls": {
    "web": {
      "project": "https://www.kickstarter.com/projects/1276765289/makeatx-a-digital-fabrication-workshop", 
      "rewards": "https://www.kickstarter.com/projects/1276765289/makeatx-a-digital-fabrication-workshop/rewards"
    }
  }
}