{
  "backers_count": 0, 
  "blurb": "A site where YOU can decide the plot to the story. Easy and Free for anyone-worldwide!", 
  "category": {
    "id": 16, 
    "name": "Technology", 
    "position": 14, 
    "slug": "technology", 
    "urls": {
      "web": {
        "discover": "http://www.kickstarter.com/discover/categories/technology"
      }
    }
  }, 
  "country": "US", 
  "created_at": 1385320374, 
  "creator": {
    "avatar": {
      "medium": "https://s3.amazonaws.com/ksr/avatars/8570393/me.medium.jpg?1384879238", 
      "small": "https://s3.amazonaws.com/ksr/avatars/8570393/me.small.jpg?1384879238", 
      "thumb": "https://s3.amazonaws.com/ksr/avatars/8570393/me.thumb.jpg?1384879238"
    }, 
    "id": 1841464085, 
    "name": "Jay Powell", 
    "urls": {
      "api": {
        "user": "https://api.kickstarter.com/v1/users/1841464085?signature=1405310689.db39309b2c905c7c3c0710f412db88fe27a66a41"
      }, 
      "web": {
        "user": "https://www.kickstarter.com/profile/1841464085"
      }
    }
  }, 
  "currency": "USD", 
  "currency_symbol": "$", 
  "currency_trailing_code": true, 
  "deadline": 1388111400, 
  "disable_communication": false, 
  "goal": 200.0, 
  "id": 1008286247, 
  "launched_at": 1387498450, 
  "location": {
    "country": "US", 
    "displayable_name": "Salt Lake City, UT", 
    "id": 2487610, 
    "name": "Salt Lake City", 
    "short_name": "Salt Lake City, UT", 
    "slug": "salt-lake-city-ut", 
    "state": "UT", 
    "urls": {
      "api": {
        "nearby_projects": "https://api.kickstarter.com/v1/discover?signature=1405283928.bdc75e3d5f352048d0647b32e95a9c3843f5b47b&woe_id=2487610"
      }, 
      "web": {
        "discover": "https://www.kickstarter.com/discover/places/salt-lake-city-ut", 
        "location": "https://www.kickstarter.com/locations/salt-lake-city-ut"
      }
    }
  }, 
  "name": "Additale - Worldwide Progressive Story (Canceled)", 
  "photo": {
    "1024x768": "https://s3.amazonaws.com/ksr/projects/772967/photo-1024x768.jpg?1397857623", 
    "1536x1152": "https://s3.amazonaws.com/ksr/projects/772967/photo-1536x1152.jpg?1397857623", 
    "ed": "https://s3.amazonaws.com/ksr/projects/772967/photo-ed.jpg?1397857623", 
    "full": "https://s3.amazonaws.com/ksr/projects/772967/photo-full.jpg?1397857623", 
    "little": "https://s3.amazonaws.com/ksr/projects/772967/photo-little.jpg?1397857623", 
    "med": "https://s3.amazonaws.com/ksr/projects/772967/photo-med.jpg?1397857623", 
    "small": "https://s3.amazonaws.com/ksr/projects/772967/photo-small.jpg?1397857623", 
    "thumb": "https://s3.amazonaws.com/ksr/projects/772967/photo-thumb.jpg?1397857623"
  }, 
  "pledged": 0.0, 
  "slug": "additale-worldwide-progressive-story", 
  "state": "canceled", 
  "state_changed_at": 1387508013, 
  "urls": {
    "web": {
      "project": "https://www.kickstarter.com/projects/1841464085/additale-worldwide-progressive-story", 
      "rewards": "https://www.kickstarter.com/projects/1841464085/additale-worldwide-progressive-story/rewards"
    }
  }
}