{
  "backers_count": 60, 
  "blurb": "University of Louisville NASA Student Launch High Powered Rocket by University of Louisville River City Rocketry", 
  "category": {
    "id": 16, 
    "name": "Technology", 
    "position": 14, 
    "slug": "technology", 
    "urls": {
      "web": {
        "discover": "http://www.kickstarter.com/discover/categories/technology"
      }
    }
  }, 
  "country": "US", 
  "created_at": 1392341639, 
  "creator": {
    "avatar": {
      "medium": "https://s3.amazonaws.com/ksr/avatars/9639911/Sponsorship_Packet_2013-2014.medium.jpg?1392361337", 
      "small": "https://s3.amazonaws.com/ksr/avatars/9639911/Sponsorship_Packet_2013-2014.small.jpg?1392361337", 
      "thumb": "https://s3.amazonaws.com/ksr/avatars/9639911/Sponsorship_Packet_2013-2014.thumb.jpg?1392361337"
    }, 
    "id": 352995238, 
    "name": "River City Rocketry", 
    "urls": {
      "api": {
        "user": "https://api.kickstarter.com/v1/users/352995238?signature=1405310247.e716ffa76ee62fdab0d5e6edadb3503178f1b5b7"
      }, 
      "web": {
        "user": "https://www.kickstarter.com/profile/352995238"
      }
    }
  }, 
  "currency": "USD", 
  "currency_symbol": "$", 
  "currency_trailing_code": true, 
  "deadline": 1396491062, 
  "disable_communication": false, 
  "goal": 1500.0, 
  "id": 1009851957, 
  "launched_at": 1393902662, 
  "location": {
    "country": "US", 
    "displayable_name": "Louisville, KY", 
    "id": 2442327, 
    "name": "Louisville", 
    "short_name": "Louisville, KY", 
    "slug": "louisville-ky", 
    "state": "KY", 
    "urls": {
      "api": {
        "nearby_projects": "https://api.kickstarter.com/v1/discover?signature=1405283933.4599e17fc8c8d9b34a762ae70a70d22f62955ed0&woe_id=2442327"
      }, 
      "web": {
        "discover": "https://www.kickstarter.com/discover/places/louisville-ky", 
        "location": "https://www.kickstarter.com/locations/louisville-ky"
      }
    }
  }, 
  "name": "University of Louisville NASA Student Launch 2013-2014", 
  "photo": {
    "1024x768": "https://s3.amazonaws.com/ksr/projects/869492/photo-1024x768.jpg?1397867969", 
    "1536x1152": "https://s3.amazonaws.com/ksr/projects/869492/photo-1536x1152.jpg?1397867969", 
    "ed": "https://s3.amazonaws.com/ksr/projects/869492/photo-ed.jpg?1397867969", 
    "full": "https://s3.amazonaws.com/ksr/projects/869492/photo-full.jpg?1397867969", 
    "little": "https://s3.amazonaws.com/ksr/projects/869492/photo-little.jpg?1397867969", 
    "med": "https://s3.amazonaws.com/ksr/projects/869492/photo-med.jpg?1397867969", 
    "small": "https://s3.amazonaws.com/ksr/projects/869492/photo-small.jpg?1397867969", 
    "thumb": "https://s3.amazonaws.com/ksr/projects/869492/photo-thumb.jpg?1397867969"
  }, 
  "pledged": 2313.0, 
  "slug": "university-of-louisville-nasa-student-launch-2013", 
  "state": "successful", 
  "state_changed_at": 1396491062, 
  "urls": {
    "web": {
      "project": "https://www.kickstarter.com/projects/352995238/university-of-louisville-nasa-student-launch-2013", 
      "rewards": "https://www.kickstarter.com/projects/352995238/university-of-louisville-nasa-student-launch-2013/rewards"
    }
  }
}