{
  "backers_count": 4, 
  "blurb": "The iRoo interface enables you to manipulate and control Roomba's behavior and read its sensors through a series of commands.", 
  "category": {
    "id": 16, 
    "name": "Technology", 
    "position": 14, 
    "slug": "technology", 
    "urls": {
      "web": {
        "discover": "http://www.kickstarter.com/discover/categories/technology"
      }
    }
  }, 
  "country": "US", 
  "created_at": 1368485775, 
  "creator": {
    "avatar": {
      "medium": "https://www.kickstarter.com/assets/users/missing_medium.png", 
      "small": "https://www.kickstarter.com/assets/users/missing_small.png", 
      "thumb": "https://www.kickstarter.com/assets/users/missing_thumb.png"
    }, 
    "id": 567971283, 
    "name": "Deepthi Musunuru (deleted)", 
    "urls": {
      "api": {
        "user": "https://api.kickstarter.com/v1/users/567971283?signature=1405310551.dceae1f1b5a05841a52427149a2d25797ce3b7ca"
      }, 
      "web": {
        "user": "https://www.kickstarter.com/profile/567971283"
      }
    }
  }, 
  "currency": "USD", 
  "currency_symbol": "$", 
  "currency_trailing_code": true, 
  "deadline": 1373644956, 
  "disable_communication": false, 
  "goal": 7500.0, 
  "id": 100946027, 
  "launched_at": 1371052956, 
  "location": {
    "country": "US", 
    "displayable_name": "Buffalo Grove, IL", 
    "id": 2371525, 
    "name": "Buffalo Grove", 
    "short_name": "Buffalo Grove, IL", 
    "slug": "buffalo-grove-lake-il", 
    "state": "IL", 
    "urls": {
      "api": {
        "nearby_projects": "https://api.kickstarter.com/v1/discover?signature=1405285640.cceea68c7b0a6fed0f8df8ac45fc6023c55d3a03&woe_id=2371525"
      }, 
      "web": {
        "discover": "https://www.kickstarter.com/discover/places/buffalo-grove-lake-il", 
        "location": "https://www.kickstarter.com/locations/buffalo-grove-lake-il"
      }
    }
  }, 
  "name": "iRoo", 
  "photo": {
    "1024x768": "https://s3.amazonaws.com/ksr/projects/555835/photo-1024x768.jpg?1397820532", 
    "1536x1152": "https://s3.amazonaws.com/ksr/projects/555835/photo-1536x1152.jpg?1397820532", 
    "ed": "https://s3.amazonaws.com/ksr/projects/555835/photo-ed.jpg?1397820532", 
    "full": "https://s3.amazonaws.com/ksr/projects/555835/photo-full.jpg?1397820532", 
    "little": "https://s3.amazonaws.com/ksr/projects/555835/photo-little.jpg?1397820532", 
    "med": "https://s3.amazonaws.com/ksr/projects/555835/photo-med.jpg?1397820532", 
    "small": "https://s3.amazonaws.com/ksr/projects/555835/photo-small.jpg?1397820532", 
    "thumb": "https://s3.amazonaws.com/ksr/projects/555835/photo-thumb.jpg?1397820532"
  }, 
  "pledged": 400.0, 
  "slug": "iroo", 
  "state": "failed", 
  "state_changed_at": 1373644956, 
  "urls": {
    "web": {
      "project": "https://www.kickstarter.com/projects/567971283/iroo", 
      "rewards": "https://www.kickstarter.com/projects/567971283/iroo/rewards"
    }
  }
}