{
  "backers_count": 12, 
  "blurb": "We the People can 'Direct Congress' by selecting America's laws securely online.", 
  "category": {
    "id": 16, 
    "name": "Technology", 
    "position": 14, 
    "slug": "technology", 
    "urls": {
      "web": {
        "discover": "http://www.kickstarter.com/discover/categories/technology"
      }
    }
  }, 
  "country": "US", 
  "created_at": 1330724975, 
  "creator": {
    "avatar": {
      "medium": "https://s3.amazonaws.com/ksr/avatars/2069842/Cory%20headshot.medium.jpg?1329830539", 
      "small": "https://s3.amazonaws.com/ksr/avatars/2069842/Cory%20headshot.small.jpg?1329830539", 
      "thumb": "https://s3.amazonaws.com/ksr/avatars/2069842/Cory%20headshot.thumb.jpg?1329830539"
    }, 
    "id": 1730796822, 
    "name": "Cory Suter", 
    "slug": "directcongress", 
    "urls": {
      "api": {
        "user": "https://api.kickstarter.com/v1/users/1730796822?signature=1405310570.2dfc7b1643918ce8f1e0bfc67b6d0c457099e01d"
      }, 
      "web": {
        "user": "https://www.kickstarter.com/profile/directcongress"
      }
    }
  }, 
  "currency": "USD", 
  "currency_symbol": "$", 
  "currency_trailing_code": true, 
  "deadline": 1333857540, 
  "disable_communication": false, 
  "goal": 91000.0, 
  "id": 1009012995, 
  "launched_at": 1331320072, 
  "location": {
    "country": "US", 
    "displayable_name": "Philadelphia, PA", 
    "id": 2471217, 
    "name": "Philadelphia", 
    "short_name": "Philadelphia, PA", 
    "slug": "philadelphia-pa", 
    "state": "PA", 
    "urls": {
      "api": {
        "nearby_projects": "https://api.kickstarter.com/v1/discover?signature=1405283922.f4d9556bc614530013e9f0c04bbddb4bfaee590d&woe_id=2471217"
      }, 
      "web": {
        "discover": "https://www.kickstarter.com/discover/places/philadelphia-pa", 
        "location": "https://www.kickstarter.com/locations/philadelphia-pa"
      }
    }
  }, 
  "name": "Transparent Lawmaking Forum", 
  "photo": {
    "1024x768": "https://s3.amazonaws.com/ksr/projects/85993/photo-1024x768.jpg?1397772712", 
    "1536x1152": "https://s3.amazonaws.com/ksr/projects/85993/photo-1536x1152.jpg?1397772712", 
    "ed": "https://s3.amazonaws.com/ksr/projects/85993/photo-ed.jpg?1397772712", 
    "full": "https://s3.amazonaws.com/ksr/projects/85993/photo-full.jpg?1397772712", 
    "little": "https://s3.amazonaws.com/ksr/projects/85993/photo-little.jpg?1397772712", 
    "med": "https://s3.amazonaws.com/ksr/projects/85993/photo-med.jpg?1397772712", 
    "small": "https://s3.amazonaws.com/ksr/projects/85993/photo-small.jpg?1397772712", 
    "thumb": "https://s3.amazonaws.com/ksr/projects/85993/photo-thumb.jpg?1397772712"
  }, 
  "pledged": 261.0, 
  "slug": "transparent-lawmaking-forum", 
  "state": "failed", 
  "state_changed_at": 1333857540, 
  "urls": {
    "web": {
      "project": "https://www.kickstarter.com/projects/directcongress/transparent-lawmaking-forum", 
      "rewards": "https://www.kickstarter.com/projects/directcongress/transparent-lawmaking-forum/rewards"
    }
  }
}