{
  "backers_count": 9, 
  "blurb": "Providing low cost access to the micro-gravity environment of Space!", 
  "category": {
    "id": 52, 
    "name": "Hardware", 
    "parent_id": 16, 
    "position": 8, 
    "slug": "technology/hardware", 
    "urls": {
      "web": {
        "discover": "http://www.kickstarter.com/discover/categories/technology/hardware"
      }
    }
  }, 
  "country": "US", 
  "created_at": 1322533802, 
  "creator": {
    "avatar": {
      "medium": "https://s3.amazonaws.com/ksr/avatars/1524653/P1010223.medium.jpg?1322447521", 
      "small": "https://s3.amazonaws.com/ksr/avatars/1524653/P1010223.small.jpg?1322447521", 
      "thumb": "https://s3.amazonaws.com/ksr/avatars/1524653/P1010223.thumb.jpg?1322447521"
    }, 
    "id": 366499765, 
    "name": "Steve Battaglia", 
    "urls": {
      "api": {
        "user": "https://api.kickstarter.com/v1/users/366499765?signature=1405310566.dd6a9d20d6013ba8c5b6b2f6452e703d5af6129c"
      }, 
      "web": {
        "user": "https://www.kickstarter.com/profile/366499765"
      }
    }
  }, 
  "currency": "USD", 
  "currency_symbol": "$", 
  "currency_trailing_code": true, 
  "deadline": 1328303453, 
  "disable_communication": false, 
  "goal": 75000.0, 
  "id": 1009852492, 
  "launched_at": 1323119453, 
  "location": {
    "country": "US", 
    "displayable_name": "Los Angeles, CA", 
    "id": 2442047, 
    "name": "Los Angeles", 
    "short_name": "Los Angeles, CA", 
    "slug": "los-angeles-ca", 
    "state": "CA", 
    "urls": {
      "api": {
        "nearby_projects": "https://api.kickstarter.com/v1/discover?signature=1405283921.ee3a1133214a755b6f367baa5289215cf97407d4&woe_id=2442047"
      }, 
      "web": {
        "discover": "https://www.kickstarter.com/discover/places/los-angeles-ca", 
        "location": "https://www.kickstarter.com/locations/los-angeles-ca"
      }
    }
  }, 
  "name": "HARP Sounding Rocket", 
  "photo": {
    "1024x768": "https://s3.amazonaws.com/ksr/projects/60319/photo-1024x768.jpg?1397768242", 
    "1536x1152": "https://s3.amazonaws.com/ksr/projects/60319/photo-1536x1152.jpg?1397768242", 
    "ed": "https://s3.amazonaws.com/ksr/projects/60319/photo-ed.jpg?1397768242", 
    "full": "https://s3.amazonaws.com/ksr/projects/60319/photo-full.jpg?1397768242", 
    "little": "https://s3.amazonaws.com/ksr/projects/60319/photo-little.jpg?1397768242", 
    "med": "https://s3.amazonaws.com/ksr/projects/60319/photo-med.jpg?1397768242", 
    "small": "https://s3.amazonaws.com/ksr/projects/60319/photo-small.jpg?1397768242", 
    "thumb": "https://s3.amazonaws.com/ksr/projects/60319/photo-thumb.jpg?1397768242"
  }, 
  "pledged": 280.0, 
  "slug": "harp-sounding-rocket", 
  "state": "failed", 
  "state_changed_at": 1328303455, 
  "urls": {
    "web": {
      "project": "https://www.kickstarter.com/projects/366499765/harp-sounding-rocket", 
      "rewards": "https://www.kickstarter.com/projects/366499765/harp-sounding-rocket/rewards"
    }
  }
}