{
  "backers_count": 14, 
  "blurb": "Make full apps for your tablet, on your tablet. Without Progamming.\nAn equally powerful alternative for software development!", 
  "category": {
    "id": 51, 
    "name": "Software", 
    "parent_id": 16, 
    "position": 11, 
    "slug": "technology/software", 
    "urls": {
      "web": {
        "discover": "http://www.kickstarter.com/discover/categories/technology/software"
      }
    }
  }, 
  "country": "US", 
  "created_at": 1354225994, 
  "creator": {
    "avatar": {
      "medium": "https://s3.amazonaws.com/ksr/avatars/2038596/profpic.medium.jpg?1378927506", 
      "small": "https://s3.amazonaws.com/ksr/avatars/2038596/profpic.small.jpg?1378927506", 
      "thumb": "https://s3.amazonaws.com/ksr/avatars/2038596/profpic.thumb.jpg?1378927506"
    }, 
    "id": 630666129, 
    "name": "Andrew Savage", 
    "slug": "drublu1215", 
    "urls": {
      "api": {
        "user": "https://api.kickstarter.com/v1/users/630666129?signature=1405310566.4e34609b3424ad5fd7fe83b16a41544ab0b50af9"
      }, 
      "web": {
        "user": "https://www.kickstarter.com/profile/drublu1215"
      }
    }
  }, 
  "currency": "USD", 
  "currency_symbol": "$", 
  "currency_trailing_code": true, 
  "deadline": 1386271269, 
  "disable_communication": false, 
  "goal": 20000.0, 
  "id": 1009809110, 
  "launched_at": 1383679269, 
  "location": {
    "country": "US", 
    "displayable_name": "Denver, CO", 
    "id": 2391279, 
    "name": "Denver", 
    "short_name": "Denver, CO", 
    "slug": "denver-co", 
    "state": "CO", 
    "urls": {
      "api": {
        "nearby_projects": "https://api.kickstarter.com/v1/discover?signature=1405283921.b5d20e66be16fcfc279b7a02b05cb033e4cef86b&woe_id=2391279"
      }, 
      "web": {
        "discover": "https://www.kickstarter.com/discover/places/denver-co", 
        "location": "https://www.kickstarter.com/locations/denver-co"
      }
    }
  }, 
  "name": "Objects", 
  "photo": {
    "1024x768": "https://s3.amazonaws.com/ksr/projects/402912/photo-1024x768.jpg?1397804258", 
    "1536x1152": "https://s3.amazonaws.com/ksr/projects/402912/photo-1536x1152.jpg?1397804258", 
    "ed": "https://s3.amazonaws.com/ksr/projects/402912/photo-ed.jpg?1397804258", 
    "full": "https://s3.amazonaws.com/ksr/projects/402912/photo-full.jpg?1397804258", 
    "little": "https://s3.amazonaws.com/ksr/projects/402912/photo-little.jpg?1397804258", 
    "med": "https://s3.amazonaws.com/ksr/projects/402912/photo-med.jpg?1397804258", 
    "small": "https://s3.amazonaws.com/ksr/projects/402912/photo-small.jpg?1397804258", 
    "thumb": "https://s3.amazonaws.com/ksr/projects/402912/photo-thumb.jpg?1397804258"
  }, 
  "pledged": 280.0, 
  "slug": "objects", 
  "state": "failed", 
  "state_changed_at": 1386271269, 
  "urls": {
    "web": {
      "project": "https://www.kickstarter.com/projects/drublu1215/objects", 
      "rewards": "https://www.kickstarter.com/projects/drublu1215/objects/rewards"
    }
  }
}