{
  "backers_count": 13, 
  "blurb": "Stylizer is a virtual music arranger that can be used in studio and on live stage.\"Turn your midi keyboard into an arranger keyboard\"", 
  "category": {
    "id": 51, 
    "name": "Software", 
    "parent_id": 16, 
    "position": 11, 
    "slug": "technology/software", 
    "urls": {
      "web": {
        "discover": "http://www.kickstarter.com/discover/categories/technology/software"
      }
    }
  }, 
  "country": "CA", 
  "created_at": 1389922472, 
  "creator": {
    "avatar": {
      "medium": "https://s3.amazonaws.com/ksr/avatars/9359405/fayez.medium.jpg?1389921694", 
      "small": "https://s3.amazonaws.com/ksr/avatars/9359405/fayez.small.jpg?1389921694", 
      "thumb": "https://s3.amazonaws.com/ksr/avatars/9359405/fayez.thumb.jpg?1389921694"
    }, 
    "id": 1277738411, 
    "name": "Fayez Saidawi", 
    "slug": "findasound", 
    "urls": {
      "api": {
        "user": "https://api.kickstarter.com/v1/users/1277738411?signature=1405310489.cb4ba5224f12ce88e691c4b3e8644c23dd3af16a"
      }, 
      "web": {
        "user": "https://www.kickstarter.com/profile/findasound"
      }
    }
  }, 
  "currency": "CAD", 
  "currency_symbol": "$", 
  "currency_trailing_code": true, 
  "deadline": 1395767739, 
  "disable_communication": false, 
  "goal": 35000.0, 
  "id": 1009359658, 
  "launched_at": 1390587339, 
  "location": {
    "country": "CA", 
    "displayable_name": "Toronto, Canada", 
    "id": 4118, 
    "name": "Toronto", 
    "short_name": "Toronto, Canada", 
    "slug": "toronto-on-ca", 
    "state": "ON", 
    "urls": {
      "api": {
        "nearby_projects": "https://api.kickstarter.com/v1/discover?signature=1405283922.d846628b5e3e23ac33c63f0d9923266125786c79&woe_id=4118"
      }, 
      "web": {
        "discover": "https://www.kickstarter.com/discover/places/toronto-on-ca", 
        "location": "https://www.kickstarter.com/locations/toronto-on-ca"
      }
    }
  }, 
  "name": "Stylizer Vsti \"Virtual Music Arranger\"", 
  "photo": {
    "1024x768": "https://s3.amazonaws.com/ksr/projects/833502/photo-1024x768.jpg?1397864141", 
    "1536x1152": "https://s3.amazonaws.com/ksr/projects/833502/photo-1536x1152.jpg?1397864141", 
    "ed": "https://s3.amazonaws.com/ksr/projects/833502/photo-ed.jpg?1397864141", 
    "full": "https://s3.amazonaws.com/ksr/projects/833502/photo-full.jpg?1397864141", 
    "little": "https://s3.amazonaws.com/ksr/projects/833502/photo-little.jpg?1397864141", 
    "med": "https://s3.amazonaws.com/ksr/projects/833502/photo-med.jpg?1397864141", 
    "small": "https://s3.amazonaws.com/ksr/projects/833502/photo-small.jpg?1397864141", 
    "thumb": "https://s3.amazonaws.com/ksr/projects/833502/photo-thumb.jpg?1397864141"
  }, 
  "pledged": 1380.0, 
  "slug": "stylizer-vsti-virtual-music-arranger", 
  "state": "failed", 
  "state_changed_at": 1395767739, 
  "urls": {
    "web": {
      "project": "https://www.kickstarter.com/projects/findasound/stylizer-vsti-virtual-music-arranger", 
      "rewards": "https://www.kickstarter.com/projects/findasound/stylizer-vsti-virtual-music-arranger/rewards"
    }
  }
}