{
  "backers_count": 120, 
  "blurb": "Bring music and sound responsiveness into all your Arduino projects easily, with the MSGEQ7 Breakout Board!", 
  "category": {
    "id": 334, 
    "name": "DIY Electronics", 
    "parent_id": 16, 
    "position": 4, 
    "slug": "technology/diy electronics", 
    "urls": {
      "web": {
        "discover": "http://www.kickstarter.com/discover/categories/technology/diy%20electronics"
      }
    }
  }, 
  "country": "US", 
  "created_at": 1401246710, 
  "creator": {
    "avatar": {
      "medium": "https://s3.amazonaws.com/ksr/avatars/3390163/fb_profile_picture.medium.jpg?1400179164", 
      "small": "https://s3.amazonaws.com/ksr/avatars/3390163/fb_profile_picture.small.jpg?1400179164", 
      "thumb": "https://s3.amazonaws.com/ksr/avatars/3390163/fb_profile_picture.thumb.jpg?1400179164"
    }, 
    "id": 1649103139, 
    "name": "Mark Cusimano", 
    "urls": {
      "api": {
        "user": "https://api.kickstarter.com/v1/users/1649103139?signature=1405310236.0a0fc7ab976493b584ae3a90746c61f2b847a280"
      }, 
      "web": {
        "user": "https://www.kickstarter.com/profile/1649103139"
      }
    }
  }, 
  "currency": "USD", 
  "currency_symbol": "$", 
  "currency_trailing_code": true, 
  "deadline": 1404435448, 
  "disable_communication": false, 
  "goal": 1000.0, 
  "id": 1009463663, 
  "launched_at": 1402016248, 
  "location": {
    "country": "US", 
    "displayable_name": "Austin, TX", 
    "id": 2357536, 
    "name": "Austin", 
    "short_name": "Austin, TX", 
    "slug": "austin-tx", 
    "state": "TX", 
    "urls": {
      "api": {
        "nearby_projects": "https://api.kickstarter.com/v1/discover?signature=1405283926.d6ac059d6312acc9cb05834cde3903084b888242&woe_id=2357536"
      }, 
      "web": {
        "discover": "https://www.kickstarter.com/discover/places/austin-tx", 
        "location": "https://www.kickstarter.com/locations/austin-tx"
      }
    }
  }, 
  "name": "Seven Channel Graphic Equalizer Breakout Board for Arduino", 
  "photo": {
    "1024x768": "https://s3.amazonaws.com/ksr/projects/1018341/photo-1024x768.jpg?1401817589", 
    "1536x1152": "https://s3.amazonaws.com/ksr/projects/1018341/photo-1536x1152.jpg?1401817589", 
    "ed": "https://s3.amazonaws.com/ksr/projects/1018341/photo-ed.jpg?1401817589", 
    "full": "https://s3.amazonaws.com/ksr/projects/1018341/photo-full.jpg?1401817589", 
    "little": "https://s3.amazonaws.com/ksr/projects/1018341/photo-little.jpg?1401817589", 
    "med": "https://s3.amazonaws.com/ksr/projects/1018341/photo-med.jpg?1401817589", 
    "small": "https://s3.amazonaws.com/ksr/projects/1018341/photo-small.jpg?1401817589", 
    "thumb": "https://s3.amazonaws.com/ksr/projects/1018341/photo-thumb.jpg?1401817589"
  }, 
  "pledged": 2780.0, 
  "slug": "seven-channel-graphic-equalizer-breakout-board-for", 
  "state": "successful", 
  "state_changed_at": 1404435449, 
  "urls": {
    "web": {
      "project": "https://www.kickstarter.com/projects/1649103139/seven-channel-graphic-equalizer-breakout-board-for", 
      "rewards": "https://www.kickstarter.com/projects/1649103139/seven-channel-graphic-equalizer-breakout-board-for/rewards"
    }
  }
}