{
  "backers_count": 66, 
  "blurb": "An open source instruction and plan set  from the digital design model & files of this working 5 axis CNC  machine.  ", 
  "category": {
    "id": 16, 
    "name": "Technology", 
    "position": 14, 
    "slug": "technology", 
    "urls": {
      "web": {
        "discover": "http://www.kickstarter.com/discover/categories/technology"
      }
    }
  }, 
  "country": "US", 
  "created_at": 1296529481, 
  "creator": {
    "avatar": {
      "medium": "https://s3.amazonaws.com/ksr/avatars/524542/2002-01.medium.jpg?1296536084", 
      "small": "https://s3.amazonaws.com/ksr/avatars/524542/2002-01.small.jpg?1296536084", 
      "thumb": "https://s3.amazonaws.com/ksr/avatars/524542/2002-01.thumb.jpg?1296536084"
    }, 
    "id": 1091976372, 
    "name": "Mike Calvino", 
    "urls": {
      "api": {
        "user": "https://api.kickstarter.com/v1/users/1091976372?signature=1405310457.fbcfcea24a5513f8bc2965a5d33c5eb64f601037"
      }, 
      "web": {
        "user": "https://www.kickstarter.com/profile/1091976372"
      }
    }
  }, 
  "currency": "USD", 
  "currency_symbol": "$", 
  "currency_trailing_code": true, 
  "deadline": 1302205514, 
  "disable_communication": false, 
  "goal": 16500.0, 
  "id": 1009397068, 
  "launched_at": 1298666714, 
  "location": {
    "country": "US", 
    "displayable_name": "Tampa, FL", 
    "id": 2503863, 
    "name": "Tampa", 
    "short_name": "Tampa, FL", 
    "slug": "tampa-fl", 
    "state": "FL", 
    "urls": {
      "api": {
        "nearby_projects": "https://api.kickstarter.com/v1/discover?signature=1405283928.f7e08842615952d40b862d79f35a7a6c478be0d6&woe_id=2503863"
      }, 
      "web": {
        "discover": "https://www.kickstarter.com/discover/places/tampa-fl", 
        "location": "https://www.kickstarter.com/locations/tampa-fl"
      }
    }
  }, 
  "name": "Open Source 5 axis CNC Router & Plasma Machine Plans 5'x10'", 
  "photo": {
    "1024x768": "https://s3.amazonaws.com/ksr/projects/21622/photo-1024x768.jpg?1397760851", 
    "1536x1152": "https://s3.amazonaws.com/ksr/projects/21622/photo-1536x1152.jpg?1397760851", 
    "ed": "https://s3.amazonaws.com/ksr/projects/21622/photo-ed.jpg?1397760851", 
    "full": "https://s3.amazonaws.com/ksr/projects/21622/photo-full.jpg?1397760851", 
    "little": "https://s3.amazonaws.com/ksr/projects/21622/photo-little.jpg?1397760851", 
    "med": "https://s3.amazonaws.com/ksr/projects/21622/photo-med.jpg?1397760851", 
    "small": "https://s3.amazonaws.com/ksr/projects/21622/photo-small.jpg?1397760851", 
    "thumb": "https://s3.amazonaws.com/ksr/projects/21622/photo-thumb.jpg?1397760851"
  }, 
  "pledged": 2072.0, 
  "slug": "open-source-5-axis-cnc-router-and-plasma-machine-p", 
  "state": "failed", 
  "state_changed_at": 1302205528, 
  "urls": {
    "web": {
      "project": "https://www.kickstarter.com/projects/1091976372/open-source-5-axis-cnc-router-and-plasma-machine-p", 
      "rewards": "https://www.kickstarter.com/projects/1091976372/open-source-5-axis-cnc-router-and-plasma-machine-p/rewards"
    }
  }
}