{
  "backers_count": 5, 
  "blurb": "The McKinley-Ross Water Switch\u2122 prevents water damage in your home and conserves water.", 
  "category": {
    "id": 16, 
    "name": "Technology", 
    "position": 14, 
    "slug": "technology", 
    "urls": {
      "web": {
        "discover": "http://www.kickstarter.com/discover/categories/technology"
      }
    }
  }, 
  "country": "US", 
  "created_at": 1357248893, 
  "creator": {
    "avatar": {
      "medium": "https://s3.amazonaws.com/ksr/avatars/4867392/Manifold_-_Battery_Backup_Whit_Background_Inner_Shadow_-_Blur.medium.jpg?1365720027", 
      "small": "https://s3.amazonaws.com/ksr/avatars/4867392/Manifold_-_Battery_Backup_Whit_Background_Inner_Shadow_-_Blur.small.jpg?1365720027", 
      "thumb": "https://s3.amazonaws.com/ksr/avatars/4867392/Manifold_-_Battery_Backup_Whit_Background_Inner_Shadow_-_Blur.thumb.jpg?1365720027"
    }, 
    "id": 1216260114, 
    "name": "McKinley-Ross Corporation", 
    "slug": "theswitch", 
    "urls": {
      "api": {
        "user": "https://api.kickstarter.com/v1/users/1216260114?signature=1405310463.41342689b68da9ad1beea67cd16e2bd79bfe4dc8"
      }, 
      "web": {
        "user": "https://www.kickstarter.com/profile/theswitch"
      }
    }
  }, 
  "currency": "USD", 
  "currency_symbol": "$", 
  "currency_trailing_code": true, 
  "deadline": 1369436698, 
  "disable_communication": false, 
  "goal": 100000.0, 
  "id": 1010084894, 
  "launched_at": 1366844698, 
  "location": {
    "country": "US", 
    "displayable_name": "West Point, VA", 
    "id": 2517598, 
    "name": "West Point", 
    "short_name": "West Point, VA", 
    "slug": "west-point-va", 
    "state": "VA", 
    "urls": {
      "api": {
        "nearby_projects": "https://api.kickstarter.com/v1/discover?signature=1405284496.cf2506263310aef2360558aada9db05b50d21846&woe_id=2517598"
      }, 
      "web": {
        "discover": "https://www.kickstarter.com/discover/places/west-point-va", 
        "location": "https://www.kickstarter.com/locations/west-point-va"
      }
    }
  }, 
  "name": "The WaterSwitch\u2122 - Water Damage Prevention and Conservation", 
  "photo": {
    "1024x768": "https://s3.amazonaws.com/ksr/projects/425513/photo-1024x768.jpg?1397806728", 
    "1536x1152": "https://s3.amazonaws.com/ksr/projects/425513/photo-1536x1152.jpg?1397806728", 
    "ed": "https://s3.amazonaws.com/ksr/projects/425513/photo-ed.jpg?1397806728", 
    "full": "https://s3.amazonaws.com/ksr/projects/425513/photo-full.jpg?1397806728", 
    "little": "https://s3.amazonaws.com/ksr/projects/425513/photo-little.jpg?1397806728", 
    "med": "https://s3.amazonaws.com/ksr/projects/425513/photo-med.jpg?1397806728", 
    "small": "https://s3.amazonaws.com/ksr/projects/425513/photo-small.jpg?1397806728", 
    "thumb": "https://s3.amazonaws.com/ksr/projects/425513/photo-thumb.jpg?1397806728"
  }, 
  "pledged": 1892.0, 
  "slug": "the-waterswitchtm-water-damage-prevention-system", 
  "state": "failed", 
  "state_changed_at": 1369436699, 
  "urls": {
    "web": {
      "project": "https://www.kickstarter.com/projects/theswitch/the-waterswitchtm-water-damage-prevention-system", 
      "rewards": "https://www.kickstarter.com/projects/theswitch/the-waterswitchtm-water-damage-prevention-system/rewards"
    }
  }
}