{
  "backers_count": 7, 
  "blurb": "RapidDisk (rxdsk) is an open source RAM Disk Linux kernel module with advanced features that do not exist within the kernel today.", 
  "category": {
    "id": 51, 
    "name": "Software", 
    "parent_id": 16, 
    "position": 11, 
    "slug": "technology/software", 
    "urls": {
      "web": {
        "discover": "http://www.kickstarter.com/discover/categories/technology/software"
      }
    }
  }, 
  "country": "US", 
  "created_at": 1294967149, 
  "creator": {
    "avatar": {
      "medium": "https://s3.amazonaws.com/ksr/avatars/519038/Petros3.medium.jpg?1346536028", 
      "small": "https://s3.amazonaws.com/ksr/avatars/519038/Petros3.small.jpg?1346536028", 
      "thumb": "https://s3.amazonaws.com/ksr/avatars/519038/Petros3.thumb.jpg?1346536028"
    }, 
    "id": 1993672464, 
    "name": "Petros Koutoupis", 
    "slug": "pkoutoupis", 
    "urls": {
      "api": {
        "user": "https://api.kickstarter.com/v1/users/1993672464?signature=1405310597.70603a27ee07e3d84c16301bd32834f4ffa58bcd"
      }, 
      "web": {
        "user": "https://www.kickstarter.com/profile/pkoutoupis"
      }
    }
  }, 
  "currency": "USD", 
  "currency_symbol": "$", 
  "currency_trailing_code": true, 
  "deadline": 1304621233, 
  "disable_communication": false, 
  "goal": 2500.0, 
  "id": 1010458159, 
  "launched_at": 1296762433, 
  "location": {
    "country": "US", 
    "displayable_name": "Chicago, IL", 
    "id": 2379574, 
    "name": "Chicago", 
    "short_name": "Chicago, IL", 
    "slug": "chicago-il", 
    "state": "IL", 
    "urls": {
      "api": {
        "nearby_projects": "https://api.kickstarter.com/v1/discover?signature=1405283924.8f63700f7031fb64c1fc151929225a5757f1a64e&woe_id=2379574"
      }, 
      "web": {
        "discover": "https://www.kickstarter.com/discover/places/chicago-il", 
        "location": "https://www.kickstarter.com/locations/chicago-il"
      }
    }
  }, 
  "name": "RapidDisk (rxdsk): An Advanced Linux RAM Disk Module", 
  "photo": {
    "1024x768": "https://s3.amazonaws.com/ksr/projects/19967/photo-1024x768.jpg?1397760547", 
    "1536x1152": "https://s3.amazonaws.com/ksr/projects/19967/photo-1536x1152.jpg?1397760547", 
    "ed": "https://s3.amazonaws.com/ksr/projects/19967/photo-ed.jpg?1397760547", 
    "full": "https://s3.amazonaws.com/ksr/projects/19967/photo-full.jpg?1397760547", 
    "little": "https://s3.amazonaws.com/ksr/projects/19967/photo-little.jpg?1397760547", 
    "med": "https://s3.amazonaws.com/ksr/projects/19967/photo-med.jpg?1397760547", 
    "small": "https://s3.amazonaws.com/ksr/projects/19967/photo-small.jpg?1397760547", 
    "thumb": "https://s3.amazonaws.com/ksr/projects/19967/photo-thumb.jpg?1397760547"
  }, 
  "pledged": 136.0, 
  "slug": "rapiddisk-rxdsk-an-advanced-linux-ram-disk-module", 
  "state": "failed", 
  "state_changed_at": 1304621235, 
  "urls": {
    "web": {
      "project": "https://www.kickstarter.com/projects/pkoutoupis/rapiddisk-rxdsk-an-advanced-linux-ram-disk-module", 
      "rewards": "https://www.kickstarter.com/projects/pkoutoupis/rapiddisk-rxdsk-an-advanced-linux-ram-disk-module/rewards"
    }
  }
}