{
  "backers_count": 81, 
  "blurb": "Start 3D Printing with an Affordable, Quick Build, Optimized, Large Format 3d Printer. Available as a DIY Kit or Fully Assembled!", 
  "category": {
    "id": 52, 
    "name": "Hardware", 
    "parent_id": 16, 
    "position": 8, 
    "slug": "technology/hardware", 
    "urls": {
      "web": {
        "discover": "http://www.kickstarter.com/discover/categories/technology/hardware"
      }
    }
  }, 
  "country": "US", 
  "created_at": 1332904842, 
  "creator": {
    "avatar": {
      "medium": "https://s3.amazonaws.com/ksr/avatars/1724918/Matt1.medium.jpg?1336006101", 
      "small": "https://s3.amazonaws.com/ksr/avatars/1724918/Matt1.small.jpg?1336006101", 
      "thumb": "https://s3.amazonaws.com/ksr/avatars/1724918/Matt1.thumb.jpg?1336006101"
    }, 
    "id": 2026267870, 
    "name": "Matt Underwood", 
    "slug": "vision3dprinter", 
    "urls": {
      "api": {
        "user": "https://api.kickstarter.com/v1/users/2026267870?signature=1405310008.083943a854b4940f6cd0bfd7534a19e59d0f7cbe"
      }, 
      "web": {
        "user": "https://www.kickstarter.com/profile/vision3dprinter"
      }
    }
  }, 
  "currency": "USD", 
  "currency_symbol": "$", 
  "currency_trailing_code": true, 
  "deadline": 1340864412, 
  "disable_communication": false, 
  "goal": 25000.0, 
  "id": 1010631065, 
  "launched_at": 1338099612, 
  "location": {
    "country": "US", 
    "displayable_name": "Mahomet, IL", 
    "id": 2444274, 
    "name": "Mahomet", 
    "short_name": "Mahomet, IL", 
    "slug": "mahomet-il", 
    "state": "IL", 
    "urls": {
      "api": {
        "nearby_projects": "https://api.kickstarter.com/v1/discover?signature=1405284013.cfb2eb46c9a6d50f6ce31eff4fbcb2ff3d2787ee&woe_id=2444274"
      }, 
      "web": {
        "discover": "https://www.kickstarter.com/discover/places/mahomet-il", 
        "location": "https://www.kickstarter.com/locations/mahomet-il"
      }
    }
  }, 
  "name": "The Vision : Not Just a 3D Printer... A DREAM", 
  "photo": {
    "1024x768": "https://s3.amazonaws.com/ksr/projects/117171/photo-1024x768.jpg?1397776081", 
    "1536x1152": "https://s3.amazonaws.com/ksr/projects/117171/photo-1536x1152.jpg?1397776081", 
    "ed": "https://s3.amazonaws.com/ksr/projects/117171/photo-ed.jpg?1397776081", 
    "full": "https://s3.amazonaws.com/ksr/projects/117171/photo-full.jpg?1397776081", 
    "little": "https://s3.amazonaws.com/ksr/projects/117171/photo-little.jpg?1397776081", 
    "med": "https://s3.amazonaws.com/ksr/projects/117171/photo-med.jpg?1397776081", 
    "small": "https://s3.amazonaws.com/ksr/projects/117171/photo-small.jpg?1397776081", 
    "thumb": "https://s3.amazonaws.com/ksr/projects/117171/photo-thumb.jpg?1397776081"
  }, 
  "pledged": 65346.0, 
  "slug": "the-vision-not-just-a-3d-printer-a-dream", 
  "state": "successful", 
  "state_changed_at": 1340864412, 
  "urls": {
    "web": {
      "project": "https://www.kickstarter.com/projects/vision3dprinter/the-vision-not-just-a-3d-printer-a-dream", 
      "rewards": "https://www.kickstarter.com/projects/vision3dprinter/the-vision-not-just-a-3d-printer-a-dream/rewards"
    }
  }
}