{
  "backers_count": 92, 
  "blurb": "The Creation Station is a high performance, low cost CNC router designed for the maker, hobbyist, artist or educator.", 
  "category": {
    "id": 335, 
    "name": "Fabrication Tools", 
    "parent_id": 16, 
    "position": 5, 
    "slug": "technology/fabrication tools", 
    "urls": {
      "web": {
        "discover": "http://www.kickstarter.com/discover/categories/technology/fabrication%20tools"
      }
    }
  }, 
  "country": "US", 
  "created_at": 1401307321, 
  "creator": {
    "avatar": {
      "medium": "https://s3.amazonaws.com/ksr/avatars/1037109/i2-Logo-square.medium.jpg?1404415701", 
      "small": "https://s3.amazonaws.com/ksr/avatars/1037109/i2-Logo-square.small.jpg?1404415701", 
      "thumb": "https://s3.amazonaws.com/ksr/avatars/1037109/i2-Logo-square.thumb.jpg?1404415701"
    }, 
    "id": 1417197574, 
    "name": "Innovation Squared LLC", 
    "urls": {
      "api": {
        "user": "https://api.kickstarter.com/v1/users/1417197574?signature=1405310008.00839d5feb6e424ab169623f9b6a50d005afa8cd"
      }, 
      "web": {
        "user": "https://www.kickstarter.com/profile/1417197574"
      }
    }
  }, 
  "currency": "USD", 
  "currency_symbol": "$", 
  "currency_trailing_code": true, 
  "deadline": 1406937600, 
  "disable_communication": false, 
  "goal": 80000.0, 
  "id": 1010018624, 
  "launched_at": 1404151240, 
  "location": {
    "country": "US", 
    "displayable_name": "Buffalo, NY", 
    "id": 2371464, 
    "name": "Buffalo", 
    "short_name": "Buffalo, NY", 
    "slug": "buffalo-ny", 
    "state": "NY", 
    "urls": {
      "api": {
        "nearby_projects": "https://api.kickstarter.com/v1/discover?signature=1405283928.bb63f910c1a3b82ed743f83b72c7afddd677a34d&woe_id=2371464"
      }, 
      "web": {
        "discover": "https://www.kickstarter.com/discover/places/buffalo-ny", 
        "location": "https://www.kickstarter.com/locations/buffalo-ny"
      }
    }
  }, 
  "name": "The Creation Station Open Source CNC Router", 
  "photo": {
    "1024x768": "https://s3.amazonaws.com/ksr/projects/1019347/photo-1024x768.jpg?1403193614", 
    "1536x1152": "https://s3.amazonaws.com/ksr/projects/1019347/photo-1536x1152.jpg?1403193614", 
    "ed": "https://s3.amazonaws.com/ksr/projects/1019347/photo-ed.jpg?1403193614", 
    "full": "https://s3.amazonaws.com/ksr/projects/1019347/photo-full.jpg?1403193614", 
    "little": "https://s3.amazonaws.com/ksr/projects/1019347/photo-little.jpg?1403193614", 
    "med": "https://s3.amazonaws.com/ksr/projects/1019347/photo-med.jpg?1403193614", 
    "small": "https://s3.amazonaws.com/ksr/projects/1019347/photo-small.jpg?1403193614", 
    "thumb": "https://s3.amazonaws.com/ksr/projects/1019347/photo-thumb.jpg?1403193614"
  }, 
  "pledged": 65239.0, 
  "slug": "the-creation-station-open-source-cnc-router", 
  "state": "live", 
  "state_changed_at": 1404151240, 
  "urls": {
    "web": {
      "project": "https://www.kickstarter.com/projects/1417197574/the-creation-station-open-source-cnc-router", 
      "rewards": "https://www.kickstarter.com/projects/1417197574/the-creation-station-open-source-cnc-router/rewards"
    }
  }
}