{
  "backers_count": 273, 
  "blurb": "NODE Chroma, the first Bluetooth 4.0 color sensor that accurately scans any surface color into iOS apps.", 
  "category": {
    "id": 52, 
    "name": "Hardware", 
    "parent_id": 16, 
    "position": 8, 
    "slug": "technology/hardware", 
    "urls": {
      "web": {
        "discover": "http://www.kickstarter.com/discover/categories/technology/hardware"
      }
    }
  }, 
  "country": "US", 
  "created_at": 1351051579, 
  "creator": {
    "avatar": {
      "medium": "https://s3.amazonaws.com/ksr/avatars/1865175/Pro%20Profile%20Pic.medium.jpg?1348457457", 
      "small": "https://s3.amazonaws.com/ksr/avatars/1865175/Pro%20Profile%20Pic.small.jpg?1348457457", 
      "thumb": "https://s3.amazonaws.com/ksr/avatars/1865175/Pro%20Profile%20Pic.thumb.jpg?1348457457"
    }, 
    "id": 108684420, 
    "name": "George Yu", 
    "slug": "soldermaster", 
    "urls": {
      "api": {
        "user": "https://api.kickstarter.com/v1/users/108684420?signature=1405310133.029c2fcf881fe1920f9e18a42c3222451e86e1c4"
      }, 
      "web": {
        "user": "https://www.kickstarter.com/profile/soldermaster"
      }
    }
  }, 
  "currency": "USD", 
  "currency_symbol": "$", 
  "currency_trailing_code": true, 
  "deadline": 1354928400, 
  "disable_communication": false, 
  "goal": 15000.0, 
  "id": 1010535635, 
  "launched_at": 1352088758, 
  "location": {
    "country": "US", 
    "displayable_name": "Chattanooga, TN", 
    "id": 2378695, 
    "name": "Chattanooga", 
    "short_name": "Chattanooga, TN", 
    "slug": "chattanooga-tn", 
    "state": "TN", 
    "urls": {
      "api": {
        "nearby_projects": "https://api.kickstarter.com/v1/discover?signature=1405283945.1646ff14c7302c276a1a8f3d98a5b206a7be862d&woe_id=2378695"
      }, 
      "web": {
        "discover": "https://www.kickstarter.com/discover/places/chattanooga-tn", 
        "location": "https://www.kickstarter.com/locations/chattanooga-tn"
      }
    }
  }, 
  "name": "NODE Chroma, a wireless color scanner for iOS and computers", 
  "photo": {
    "1024x768": "https://s3.amazonaws.com/ksr/projects/374526/photo-1024x768.jpg?1397801247", 
    "1536x1152": "https://s3.amazonaws.com/ksr/projects/374526/photo-1536x1152.jpg?1397801247", 
    "ed": "https://s3.amazonaws.com/ksr/projects/374526/photo-ed.jpg?1397801247", 
    "full": "https://s3.amazonaws.com/ksr/projects/374526/photo-full.jpg?1397801247", 
    "little": "https://s3.amazonaws.com/ksr/projects/374526/photo-little.jpg?1397801247", 
    "med": "https://s3.amazonaws.com/ksr/projects/374526/photo-med.jpg?1397801247", 
    "small": "https://s3.amazonaws.com/ksr/projects/374526/photo-small.jpg?1397801247", 
    "thumb": "https://s3.amazonaws.com/ksr/projects/374526/photo-thumb.jpg?1397801247"
  }, 
  "pledged": 39473.14, 
  "slug": "node-chroma-an-accurate-bluetooth-40-color-sensor", 
  "state": "successful", 
  "state_changed_at": 1354928432, 
  "urls": {
    "web": {
      "project": "https://www.kickstarter.com/projects/soldermaster/node-chroma-an-accurate-bluetooth-40-color-sensor", 
      "rewards": "https://www.kickstarter.com/projects/soldermaster/node-chroma-an-accurate-bluetooth-40-color-sensor/rewards"
    }
  }
}