{
  "backers_count": 27, 
  "blurb": "An affordable and feature rich (x86_64 port) iSCSI solution for general and commercial use embracing the RapidDisk modules for speed.", 
  "category": {
    "id": 51, 
    "name": "Software", 
    "parent_id": 16, 
    "position": 11, 
    "slug": "technology/software", 
    "urls": {
      "web": {
        "discover": "http://www.kickstarter.com/discover/categories/technology/software"
      }
    }
  }, 
  "country": "US", 
  "created_at": 1343744660, 
  "creator": {
    "avatar": {
      "medium": "https://s3.amazonaws.com/ksr/avatars/519038/Petros3.medium.jpg?1346536028", 
      "small": "https://s3.amazonaws.com/ksr/avatars/519038/Petros3.small.jpg?1346536028", 
      "thumb": "https://s3.amazonaws.com/ksr/avatars/519038/Petros3.thumb.jpg?1346536028"
    }, 
    "id": 1993672464, 
    "name": "Petros Koutoupis", 
    "slug": "pkoutoupis", 
    "urls": {
      "api": {
        "user": "https://api.kickstarter.com/v1/users/1993672464?signature=1405310505.d45bea44b86ada7debea466ed012a4846b4938e6"
      }, 
      "web": {
        "user": "https://www.kickstarter.com/profile/pkoutoupis"
      }
    }
  }, 
  "currency": "USD", 
  "currency_symbol": "$", 
  "currency_trailing_code": true, 
  "deadline": 1350771808, 
  "disable_communication": false, 
  "goal": 2500.0, 
  "id": 1011724893, 
  "launched_at": 1346883808, 
  "location": {
    "country": "US", 
    "displayable_name": "Chicago, IL", 
    "id": 2379574, 
    "name": "Chicago", 
    "short_name": "Chicago, IL", 
    "slug": "chicago-il", 
    "state": "IL", 
    "urls": {
      "api": {
        "nearby_projects": "https://api.kickstarter.com/v1/discover?signature=1405283924.8f63700f7031fb64c1fc151929225a5757f1a64e&woe_id=2379574"
      }, 
      "web": {
        "discover": "https://www.kickstarter.com/discover/places/chicago-il", 
        "location": "https://www.kickstarter.com/locations/chicago-il"
      }
    }
  }, 
  "name": "RapidDisk LX 2.0: an iSCSI Target Linux Distribution", 
  "photo": {
    "1024x768": "https://s3.amazonaws.com/ksr/projects/278134/photo-1024x768.jpg?1397791931", 
    "1536x1152": "https://s3.amazonaws.com/ksr/projects/278134/photo-1536x1152.jpg?1397791931", 
    "ed": "https://s3.amazonaws.com/ksr/projects/278134/photo-ed.jpg?1397791931", 
    "full": "https://s3.amazonaws.com/ksr/projects/278134/photo-full.jpg?1397791931", 
    "little": "https://s3.amazonaws.com/ksr/projects/278134/photo-little.jpg?1397791931", 
    "med": "https://s3.amazonaws.com/ksr/projects/278134/photo-med.jpg?1397791931", 
    "small": "https://s3.amazonaws.com/ksr/projects/278134/photo-small.jpg?1397791931", 
    "thumb": "https://s3.amazonaws.com/ksr/projects/278134/photo-thumb.jpg?1397791931"
  }, 
  "pledged": 929.66, 
  "slug": "rapiddisk-lx-20-an-iscsi-target-linux-distribution", 
  "state": "failed", 
  "state_changed_at": 1350771809, 
  "urls": {
    "web": {
      "project": "https://www.kickstarter.com/projects/pkoutoupis/rapiddisk-lx-20-an-iscsi-target-linux-distribution", 
      "rewards": "https://www.kickstarter.com/projects/pkoutoupis/rapiddisk-lx-20-an-iscsi-target-linux-distribution/rewards"
    }
  }
}