{
  "backers_count": 21, 
  "blurb": "Place an item. Press a button. Receive it professionally folded.", 
  "category": {
    "id": 16, 
    "name": "Technology", 
    "position": 14, 
    "slug": "technology", 
    "urls": {
      "web": {
        "discover": "http://www.kickstarter.com/discover/categories/technology"
      }
    }
  }, 
  "country": "US", 
  "created_at": 1344233452, 
  "creator": {
    "avatar": {
      "medium": "https://s3.amazonaws.com/ksr/avatars/2571610/Logo_Icon.medium.jpg?1369676654", 
      "small": "https://s3.amazonaws.com/ksr/avatars/2571610/Logo_Icon.small.jpg?1369676654", 
      "thumb": "https://s3.amazonaws.com/ksr/avatars/2571610/Logo_Icon.thumb.jpg?1369676654"
    }, 
    "id": 2103228128, 
    "name": "FoldiMate Inc.", 
    "slug": "galrozov", 
    "urls": {
      "api": {
        "user": "https://api.kickstarter.com/v1/users/2103228128?signature=1405310369.688674138e331da8451f378d5354c0d171b6f67b"
      }, 
      "web": {
        "user": "https://www.kickstarter.com/profile/galrozov"
      }
    }
  }, 
  "currency": "USD", 
  "currency_symbol": "$", 
  "currency_trailing_code": true, 
  "deadline": 1373216340, 
  "disable_communication": false, 
  "goal": 250000.0, 
  "id": 1012837575, 
  "launched_at": 1370112143, 
  "location": {
    "country": "US", 
    "displayable_name": "Berkeley, CA", 
    "id": 2362930, 
    "name": "Berkeley", 
    "short_name": "Berkeley, CA", 
    "slug": "berkeley-ca-us", 
    "state": "CA", 
    "urls": {
      "api": {
        "nearby_projects": "https://api.kickstarter.com/v1/discover?signature=1405283927.434f7c481bb81bc29d798b552f97eaea1d9c81ae&woe_id=2362930"
      }, 
      "web": {
        "discover": "https://www.kickstarter.com/discover/places/berkeley-ca-us", 
        "location": "https://www.kickstarter.com/locations/berkeley-ca-us"
      }
    }
  }, 
  "name": "FoldiMate: The Robotic Laundry Folding Machine", 
  "photo": {
    "1024x768": "https://s3.amazonaws.com/ksr/projects/284802/photo-1024x768.jpg?1397792602", 
    "1536x1152": "https://s3.amazonaws.com/ksr/projects/284802/photo-1536x1152.jpg?1397792602", 
    "ed": "https://s3.amazonaws.com/ksr/projects/284802/photo-ed.jpg?1397792602", 
    "full": "https://s3.amazonaws.com/ksr/projects/284802/photo-full.jpg?1397792602", 
    "little": "https://s3.amazonaws.com/ksr/projects/284802/photo-little.jpg?1397792602", 
    "med": "https://s3.amazonaws.com/ksr/projects/284802/photo-med.jpg?1397792602", 
    "small": "https://s3.amazonaws.com/ksr/projects/284802/photo-small.jpg?1397792602", 
    "thumb": "https://s3.amazonaws.com/ksr/projects/284802/photo-thumb.jpg?1397792602"
  }, 
  "pledged": 11818.0, 
  "slug": "foldimate-the-robotic-laundry-folding-machine", 
  "state": "failed", 
  "state_changed_at": 1373216340, 
  "urls": {
    "web": {
      "project": "https://www.kickstarter.com/projects/galrozov/foldimate-the-robotic-laundry-folding-machine", 
      "rewards": "https://www.kickstarter.com/projects/galrozov/foldimate-the-robotic-laundry-folding-machine/rewards"
    }
  }
}