{
  "backers_count": 23, 
  "blurb": "A new guide to great tasting #meatless dishes or recipes rests in your hands & depends on your plates!", 
  "category": {
    "id": 342, 
    "name": "Web", 
    "parent_id": 16, 
    "position": 15, 
    "slug": "technology/web", 
    "urls": {
      "web": {
        "discover": "http://www.kickstarter.com/discover/categories/technology/web"
      }
    }
  }, 
  "country": "US", 
  "created_at": 1395661419, 
  "creator": {
    "avatar": {
      "medium": "https://s3.amazonaws.com/ksr/avatars/9306578/me3.medium.jpg?1395862542", 
      "small": "https://s3.amazonaws.com/ksr/avatars/9306578/me3.small.jpg?1395862542", 
      "thumb": "https://s3.amazonaws.com/ksr/avatars/9306578/me3.thumb.jpg?1395862542"
    }, 
    "id": 139928445, 
    "name": "Tiffany WorthIt Tucker", 
    "slug": "onebiteaway", 
    "urls": {
      "api": {
        "user": "https://api.kickstarter.com/v1/users/139928445?signature=1405310519.5a6bcaa74917ac2a0a7debd0eee2607d978f5800"
      }, 
      "web": {
        "user": "https://www.kickstarter.com/profile/onebiteaway"
      }
    }
  }, 
  "currency": "USD", 
  "currency_symbol": "$", 
  "currency_trailing_code": true, 
  "deadline": 1402428892, 
  "disable_communication": false, 
  "goal": 8000.0, 
  "id": 1012857119, 
  "launched_at": 1397244892, 
  "location": {
    "country": "US", 
    "displayable_name": "West New York, NJ", 
    "id": 2517463, 
    "name": "West New York", 
    "short_name": "West New York, NJ", 
    "slug": "west-new-york-nj", 
    "state": "NJ", 
    "urls": {
      "api": {
        "nearby_projects": "https://api.kickstarter.com/v1/discover?signature=1405284835.29eed0a144e55a482dcb0654068ed8d2d2a2a992&woe_id=2517463"
      }, 
      "web": {
        "discover": "https://www.kickstarter.com/discover/places/west-new-york-nj", 
        "location": "https://www.kickstarter.com/locations/west-new-york-nj"
      }
    }
  }, 
  "name": "From Photo to Table--Relaunch", 
  "photo": {
    "1024x768": "https://s3.amazonaws.com/ksr/projects/921876/photo-1024x768.jpg?1397873284", 
    "1536x1152": "https://s3.amazonaws.com/ksr/projects/921876/photo-1536x1152.jpg?1397873284", 
    "ed": "https://s3.amazonaws.com/ksr/projects/921876/photo-ed.jpg?1397873284", 
    "full": "https://s3.amazonaws.com/ksr/projects/921876/photo-full.jpg?1397873284", 
    "little": "https://s3.amazonaws.com/ksr/projects/921876/photo-little.jpg?1397873284", 
    "med": "https://s3.amazonaws.com/ksr/projects/921876/photo-med.jpg?1397873284", 
    "small": "https://s3.amazonaws.com/ksr/projects/921876/photo-small.jpg?1397873284", 
    "thumb": "https://s3.amazonaws.com/ksr/projects/921876/photo-thumb.jpg?1397873284"
  }, 
  "pledged": 705.0, 
  "slug": "from-photo-to-table-relaunch", 
  "state": "failed", 
  "state_changed_at": 1402428892, 
  "urls": {
    "web": {
      "project": "https://www.kickstarter.com/projects/onebiteaway/from-photo-to-table-relaunch", 
      "rewards": "https://www.kickstarter.com/projects/onebiteaway/from-photo-to-table-relaunch/rewards"
    }
  }
}