{
  "backers_count": 2, 
  "blurb": "Handheld digital TPMS pressure gauge, that measures object temperature along with pressure, then displays the Effective CIP.", 
  "category": {
    "id": 52, 
    "name": "Hardware", 
    "parent_id": 16, 
    "position": 8, 
    "slug": "technology/hardware", 
    "urls": {
      "web": {
        "discover": "http://www.kickstarter.com/discover/categories/technology/hardware"
      }
    }
  }, 
  "country": "US", 
  "created_at": 1378731368, 
  "creator": {
    "avatar": {
      "medium": "https://s3.amazonaws.com/ksr/avatars/7946967/IMG_0009.medium.jpg?1382703831", 
      "small": "https://s3.amazonaws.com/ksr/avatars/7946967/IMG_0009.small.jpg?1382703831", 
      "thumb": "https://s3.amazonaws.com/ksr/avatars/7946967/IMG_0009.thumb.jpg?1382703831"
    }, 
    "id": 1585885325, 
    "name": "Dan Ross", 
    "urls": {
      "api": {
        "user": "https://api.kickstarter.com/v1/users/1585885325?signature=1405310652.200aa34529684198e9e10f91e0fce28ad2f1d4a7"
      }, 
      "web": {
        "user": "https://www.kickstarter.com/profile/1585885325"
      }
    }
  }, 
  "currency": "USD", 
  "currency_symbol": "$", 
  "currency_trailing_code": true, 
  "deadline": 1385385494, 
  "disable_communication": false, 
  "goal": 1800.0, 
  "id": 101231027, 
  "launched_at": 1383657494, 
  "location": {
    "country": "US", 
    "displayable_name": "Romeo, MI", 
    "id": 2484277, 
    "name": "Romeo", 
    "short_name": "Romeo, MI", 
    "slug": "romeo-mi", 
    "state": "MI", 
    "urls": {
      "api": {
        "nearby_projects": "https://api.kickstarter.com/v1/discover?signature=1405284228.61184ab311de65a52733e56df560731b017a190b&woe_id=2484277"
      }, 
      "web": {
        "discover": "https://www.kickstarter.com/discover/places/romeo-mi", 
        "location": "https://www.kickstarter.com/locations/romeo-mi"
      }
    }
  }, 
  "name": "TireBuddy", 
  "photo": {
    "1024x768": "https://s3.amazonaws.com/ksr/projects/675653/photo-1024x768.jpg?1397833823", 
    "1536x1152": "https://s3.amazonaws.com/ksr/projects/675653/photo-1536x1152.jpg?1397833823", 
    "ed": "https://s3.amazonaws.com/ksr/projects/675653/photo-ed.jpg?1397833823", 
    "full": "https://s3.amazonaws.com/ksr/projects/675653/photo-full.jpg?1397833823", 
    "little": "https://s3.amazonaws.com/ksr/projects/675653/photo-little.jpg?1397833823", 
    "med": "https://s3.amazonaws.com/ksr/projects/675653/photo-med.jpg?1397833823", 
    "small": "https://s3.amazonaws.com/ksr/projects/675653/photo-small.jpg?1397833823", 
    "thumb": "https://s3.amazonaws.com/ksr/projects/675653/photo-thumb.jpg?1397833823"
  }, 
  "pledged": 11.0, 
  "slug": "tirebuddy", 
  "state": "failed", 
  "state_changed_at": 1385385494, 
  "urls": {
    "web": {
      "project": "https://www.kickstarter.com/projects/1585885325/tirebuddy", 
      "rewards": "https://www.kickstarter.com/projects/1585885325/tirebuddy/rewards"
    }
  }
}