{
  "backers_count": 7, 
  "blurb": "Blocks that demonstrate the concept of self-replication using levers and magnets", 
  "category": {
    "id": 52, 
    "name": "Hardware", 
    "parent_id": 16, 
    "position": 8, 
    "slug": "technology/hardware", 
    "urls": {
      "web": {
        "discover": "http://www.kickstarter.com/discover/categories/technology/hardware"
      }
    }
  }, 
  "country": "GB", 
  "created_at": 1382279534, 
  "creator": {
    "avatar": {
      "medium": "https://s3.amazonaws.com/ksr/avatars/8437547/mypilot2.medium.jpg?1384402384", 
      "small": "https://s3.amazonaws.com/ksr/avatars/8437547/mypilot2.small.jpg?1384402384", 
      "thumb": "https://s3.amazonaws.com/ksr/avatars/8437547/mypilot2.thumb.jpg?1384402384"
    }, 
    "id": 958653771, 
    "name": "Alexander Martinez-Marquese", 
    "urls": {
      "api": {
        "user": "https://api.kickstarter.com/v1/users/958653771?signature=1405310556.1a78609c42b014f94898dd68d2f213e8ec5069bb"
      }, 
      "web": {
        "user": "https://www.kickstarter.com/profile/958653771"
      }
    }
  }, 
  "currency": "GBP", 
  "currency_symbol": "\u00a3", 
  "currency_trailing_code": false, 
  "deadline": 1388221155, 
  "disable_communication": false, 
  "goal": 6000.0, 
  "id": 1012060419, 
  "launched_at": 1385629155, 
  "location": {
    "country": "GB", 
    "displayable_name": "London, UK", 
    "id": 44418, 
    "name": "London", 
    "short_name": "London, UK", 
    "slug": "london-gb", 
    "state": "England", 
    "urls": {
      "api": {
        "nearby_projects": "https://api.kickstarter.com/v1/discover?signature=1405283922.82a390c7080dcb5af2825d7dc4e2293adc57bbf0&woe_id=44418"
      }, 
      "web": {
        "discover": "https://www.kickstarter.com/discover/places/london-gb", 
        "location": "https://www.kickstarter.com/locations/london-gb"
      }
    }
  }, 
  "name": "Self Replicating Blocks", 
  "photo": {
    "1024x768": "https://s3.amazonaws.com/ksr/projects/726666/photo-1024x768.jpg?1397852305", 
    "1536x1152": "https://s3.amazonaws.com/ksr/projects/726666/photo-1536x1152.jpg?1397852305", 
    "ed": "https://s3.amazonaws.com/ksr/projects/726666/photo-ed.jpg?1397852305", 
    "full": "https://s3.amazonaws.com/ksr/projects/726666/photo-full.jpg?1397852305", 
    "little": "https://s3.amazonaws.com/ksr/projects/726666/photo-little.jpg?1397852305", 
    "med": "https://s3.amazonaws.com/ksr/projects/726666/photo-med.jpg?1397852305", 
    "small": "https://s3.amazonaws.com/ksr/projects/726666/photo-small.jpg?1397852305", 
    "thumb": "https://s3.amazonaws.com/ksr/projects/726666/photo-thumb.jpg?1397852305"
  }, 
  "pledged": 216.0, 
  "slug": "self-replicating-blocks", 
  "state": "failed", 
  "state_changed_at": 1388221157, 
  "urls": {
    "web": {
      "project": "https://www.kickstarter.com/projects/958653771/self-replicating-blocks", 
      "rewards": "https://www.kickstarter.com/projects/958653771/self-replicating-blocks/rewards"
    }
  }
}