{
  "backers_count": 6, 
  "blurb": "MyTree fuses all Networking sites to one, allowing users to view/edit/reply, and all from one site, but the best part, define you.", 
  "category": {
    "id": 342, 
    "name": "Web", 
    "parent_id": 16, 
    "position": 15, 
    "slug": "technology/web", 
    "urls": {
      "web": {
        "discover": "http://www.kickstarter.com/discover/categories/technology/web"
      }
    }
  }, 
  "country": "US", 
  "created_at": 1404414677, 
  "creator": {
    "avatar": {
      "medium": "https://s3.amazonaws.com/ksr/avatars/11179788/fb_profile_picture.medium.jpg?1404414136", 
      "small": "https://s3.amazonaws.com/ksr/avatars/11179788/fb_profile_picture.small.jpg?1404414136", 
      "thumb": "https://s3.amazonaws.com/ksr/avatars/11179788/fb_profile_picture.thumb.jpg?1404414136"
    }, 
    "id": 977062162, 
    "name": "Josh Krohn", 
    "urls": {
      "api": {
        "user": "https://api.kickstarter.com/v1/users/977062162?signature=1405310291.9006a1dc3378298a26996757416d2ede4c6aad26"
      }, 
      "web": {
        "user": "https://www.kickstarter.com/profile/977062162"
      }
    }
  }, 
  "currency": "USD", 
  "currency_symbol": "$", 
  "currency_trailing_code": true, 
  "deadline": 1407429792, 
  "disable_communication": false, 
  "goal": 135000.0, 
  "id": 1013157280, 
  "launched_at": 1404837792, 
  "location": {
    "country": "US", 
    "displayable_name": "Scappoose, OR", 
    "id": 2489533, 
    "name": "Scappoose", 
    "short_name": "Scappoose, OR", 
    "slug": "scappoose-or", 
    "state": "OR", 
    "urls": {
      "api": {
        "nearby_projects": "https://api.kickstarter.com/v1/discover?signature=1405284141.2e3fc1458b80fd151d0c1c161d10369940b79a84&woe_id=2489533"
      }, 
      "web": {
        "discover": "https://www.kickstarter.com/discover/places/scappoose-or", 
        "location": "https://www.kickstarter.com/locations/scappoose-or"
      }
    }
  }, 
  "name": "MyTree ..Saving the world 1 tree at a time", 
  "photo": {
    "1024x768": "https://s3.amazonaws.com/ksr/projects/1071810/photo-1024x768.jpg?1404753185", 
    "1536x1152": "https://s3.amazonaws.com/ksr/projects/1071810/photo-1536x1152.jpg?1404753185", 
    "ed": "https://s3.amazonaws.com/ksr/projects/1071810/photo-ed.jpg?1404753185", 
    "full": "https://s3.amazonaws.com/ksr/projects/1071810/photo-full.jpg?1404753185", 
    "little": "https://s3.amazonaws.com/ksr/projects/1071810/photo-little.jpg?1404753185", 
    "med": "https://s3.amazonaws.com/ksr/projects/1071810/photo-med.jpg?1404753185", 
    "small": "https://s3.amazonaws.com/ksr/projects/1071810/photo-small.jpg?1404753185", 
    "thumb": "https://s3.amazonaws.com/ksr/projects/1071810/photo-thumb.jpg?1404753185"
  }, 
  "pledged": 52.0, 
  "slug": "mytree-paint-the-portrait-of-your-life", 
  "state": "live", 
  "state_changed_at": 1404837792, 
  "urls": {
    "web": {
      "project": "https://www.kickstarter.com/projects/977062162/mytree-paint-the-portrait-of-your-life", 
      "rewards": "https://www.kickstarter.com/projects/977062162/mytree-paint-the-portrait-of-your-life/rewards"
    }
  }
}