{
  "backers_count": 258, 
  "blurb": "Eye tracking augmented reality glasses that revolutionize the hands free interface. Specially designed for ALS, MD and SCI patients.", 
  "category": {
    "id": 341, 
    "name": "Wearables", 
    "parent_id": 16, 
    "position": 14, 
    "slug": "technology/wearables", 
    "urls": {
      "web": {
        "discover": "http://www.kickstarter.com/discover/categories/technology/wearables"
      }
    }
  }, 
  "country": "US", 
  "created_at": 1400851211, 
  "creator": {
    "avatar": {
      "medium": "https://s3.amazonaws.com/ksr/avatars/10757631/AF_LusoVu_alta_sem_letras.medium.jpg?1401361173", 
      "small": "https://s3.amazonaws.com/ksr/avatars/10757631/AF_LusoVu_alta_sem_letras.small.jpg?1401361173", 
      "thumb": "https://s3.amazonaws.com/ksr/avatars/10757631/AF_LusoVu_alta_sem_letras.thumb.jpg?1401361173"
    }, 
    "id": 886924859, 
    "name": "LusoVU-USA", 
    "urls": {
      "api": {
        "user": "https://api.kickstarter.com/v1/users/886924859?signature=1405310097.2fc83b29dd8986b51056f879a9e8995fbee6cae7"
      }, 
      "web": {
        "user": "https://www.kickstarter.com/profile/886924859"
      }
    }
  }, 
  "currency": "USD", 
  "currency_symbol": "$", 
  "currency_trailing_code": true, 
  "deadline": 1405506984, 
  "disable_communication": false, 
  "goal": 115000.0, 
  "id": 101368510, 
  "launched_at": 1402914984, 
  "location": {
    "country": "PT", 
    "displayable_name": "Lisbon, Portugal", 
    "id": 742676, 
    "name": "Lisbon", 
    "short_name": "Lisbon, Portugal", 
    "slug": "lisbon-pt", 
    "state": "Lisbon", 
    "urls": {
      "api": {
        "nearby_projects": "https://api.kickstarter.com/v1/discover?signature=1405283955.111e1c88508c4ece04bfa68cf07487f49f883a86&woe_id=742676"
      }, 
      "web": {
        "discover": "https://www.kickstarter.com/discover/places/lisbon-pt", 
        "location": "https://www.kickstarter.com/locations/lisbon-pt"
      }
    }
  }, 
  "name": "EyeSpeak: Beyond Communication", 
  "photo": {
    "1024x768": "https://s3.amazonaws.com/ksr/projects/1012733/photo-1024x768.jpg?1401109137", 
    "1536x1152": "https://s3.amazonaws.com/ksr/projects/1012733/photo-1536x1152.jpg?1401109137", 
    "ed": "https://s3.amazonaws.com/ksr/projects/1012733/photo-ed.jpg?1401109137", 
    "full": "https://s3.amazonaws.com/ksr/projects/1012733/photo-full.jpg?1401109137", 
    "little": "https://s3.amazonaws.com/ksr/projects/1012733/photo-little.jpg?1401109137", 
    "med": "https://s3.amazonaws.com/ksr/projects/1012733/photo-med.jpg?1401109137", 
    "small": "https://s3.amazonaws.com/ksr/projects/1012733/photo-small.jpg?1401109137", 
    "thumb": "https://s3.amazonaws.com/ksr/projects/1012733/photo-thumb.jpg?1401109137"
  }, 
  "pledged": 97140.89, 
  "slug": "eyespeak-beyond-communication", 
  "state": "live", 
  "state_changed_at": 1402914986, 
  "urls": {
    "web": {
      "project": "https://www.kickstarter.com/projects/886924859/eyespeak-beyond-communication", 
      "rewards": "https://www.kickstarter.com/projects/886924859/eyespeak-beyond-communication/rewards"
    }
  }
}