{
  "backers_count": 7, 
  "blurb": "Iconic Wildflowers is a field guide app and website to record your wildflower sightings as you visit our National Parks.", 
  "category": {
    "id": 16, 
    "name": "Technology", 
    "position": 14, 
    "slug": "technology", 
    "urls": {
      "web": {
        "discover": "http://www.kickstarter.com/discover/categories/technology"
      }
    }
  }, 
  "country": "US", 
  "created_at": 1329976569, 
  "creator": {
    "avatar": {
      "medium": "https://s3.amazonaws.com/ksr/avatars/2067689/IMG_8080.medium.jpg?1330556752", 
      "small": "https://s3.amazonaws.com/ksr/avatars/2067689/IMG_8080.small.jpg?1330556752", 
      "thumb": "https://s3.amazonaws.com/ksr/avatars/2067689/IMG_8080.thumb.jpg?1330556752"
    }, 
    "id": 1198526247, 
    "name": "JenStegmann", 
    "urls": {
      "api": {
        "user": "https://api.kickstarter.com/v1/users/1198526247?signature=1405310554.de2742d371f3e7a5c3614e801a9210223670abf9"
      }, 
      "web": {
        "user": "https://www.kickstarter.com/profile/1198526247"
      }
    }
  }, 
  "currency": "USD", 
  "currency_symbol": "$", 
  "currency_trailing_code": true, 
  "deadline": 1337492211, 
  "disable_communication": false, 
  "goal": 7000.0, 
  "id": 1013190848, 
  "launched_at": 1332308211, 
  "location": {
    "country": "US", 
    "displayable_name": "Denali, AK", 
    "id": 2391067, 
    "name": "Denali", 
    "short_name": "Denali, AK", 
    "slug": "denali-ak", 
    "state": "AK", 
    "urls": {
      "api": {
        "nearby_projects": "https://api.kickstarter.com/v1/discover?signature=1405284258.af60ebf34257399f32e76ea7db8a985a2aedde7c&woe_id=2391067"
      }, 
      "web": {
        "discover": "https://www.kickstarter.com/discover/places/denali-ak", 
        "location": "https://www.kickstarter.com/locations/denali-ak"
      }
    }
  }, 
  "name": "Iconic Wildflowers of the National Parks", 
  "photo": {
    "1024x768": "https://s3.amazonaws.com/ksr/projects/78683/photo-1024x768.jpg?1397771683", 
    "1536x1152": "https://s3.amazonaws.com/ksr/projects/78683/photo-1536x1152.jpg?1397771683", 
    "ed": "https://s3.amazonaws.com/ksr/projects/78683/photo-ed.jpg?1397771683", 
    "full": "https://s3.amazonaws.com/ksr/projects/78683/photo-full.jpg?1397771683", 
    "little": "https://s3.amazonaws.com/ksr/projects/78683/photo-little.jpg?1397771683", 
    "med": "https://s3.amazonaws.com/ksr/projects/78683/photo-med.jpg?1397771683", 
    "small": "https://s3.amazonaws.com/ksr/projects/78683/photo-small.jpg?1397771683", 
    "thumb": "https://s3.amazonaws.com/ksr/projects/78683/photo-thumb.jpg?1397771683"
  }, 
  "pledged": 373.0, 
  "slug": "iconic-wildflowers-of-the-national-parks", 
  "state": "failed", 
  "state_changed_at": 1337492211, 
  "urls": {
    "web": {
      "project": "https://www.kickstarter.com/projects/1198526247/iconic-wildflowers-of-the-national-parks", 
      "rewards": "https://www.kickstarter.com/projects/1198526247/iconic-wildflowers-of-the-national-parks/rewards"
    }
  }
}