{
  "backers_count": 1, 
  "blurb": "\"Bity\" is a new easy to use Bitcoin app on the iOS App store. Our goal is to expand the app with more features.", 
  "category": {
    "id": 16, 
    "name": "Technology", 
    "position": 14, 
    "slug": "technology", 
    "urls": {
      "web": {
        "discover": "http://www.kickstarter.com/discover/categories/technology"
      }
    }
  }, 
  "country": "AU", 
  "created_at": 1400063537, 
  "creator": {
    "avatar": {
      "medium": "https://s3.amazonaws.com/ksr/avatars/10651898/25413_495376525458_5154241_n.medium.jpg?1400065023", 
      "small": "https://s3.amazonaws.com/ksr/avatars/10651898/25413_495376525458_5154241_n.small.jpg?1400065023", 
      "thumb": "https://s3.amazonaws.com/ksr/avatars/10651898/25413_495376525458_5154241_n.thumb.jpg?1400065023"
    }, 
    "id": 1558049466, 
    "name": "Christian", 
    "urls": {
      "api": {
        "user": "https://api.kickstarter.com/v1/users/1558049466?signature=1405310661.f2bec02a57b5f4c64ed75bd3119dfd85d038abcf"
      }, 
      "web": {
        "user": "https://www.kickstarter.com/profile/1558049466"
      }
    }
  }, 
  "currency": "AUD", 
  "currency_symbol": "$", 
  "currency_trailing_code": true, 
  "deadline": 1404000845, 
  "disable_communication": false, 
  "goal": 7000.0, 
  "id": 1013499846, 
  "launched_at": 1402791245, 
  "location": {
    "country": "AU", 
    "displayable_name": "Sydney, AU", 
    "id": 1105779, 
    "name": "Sydney", 
    "short_name": "Sydney, AU", 
    "slug": "sydney-au", 
    "state": "NSW", 
    "urls": {
      "api": {
        "nearby_projects": "https://api.kickstarter.com/v1/discover?signature=1405283928.b1042d9f50bfa3ea3c0d8ba603153ba6f2e1616b&woe_id=1105779"
      }, 
      "web": {
        "discover": "https://www.kickstarter.com/discover/places/sydney-au", 
        "location": "https://www.kickstarter.com/locations/sydney-au"
      }
    }
  }, 
  "name": "\"Bity\" - Bitcoin app for iOS", 
  "photo": {
    "1024x768": "https://s3.amazonaws.com/ksr/projects/999422/photo-1024x768.jpg?1400840011", 
    "1536x1152": "https://s3.amazonaws.com/ksr/projects/999422/photo-1536x1152.jpg?1400840011", 
    "ed": "https://s3.amazonaws.com/ksr/projects/999422/photo-ed.jpg?1400840011", 
    "full": "https://s3.amazonaws.com/ksr/projects/999422/photo-full.jpg?1400840011", 
    "little": "https://s3.amazonaws.com/ksr/projects/999422/photo-little.jpg?1400840011", 
    "med": "https://s3.amazonaws.com/ksr/projects/999422/photo-med.jpg?1400840011", 
    "small": "https://s3.amazonaws.com/ksr/projects/999422/photo-small.jpg?1400840011", 
    "thumb": "https://s3.amazonaws.com/ksr/projects/999422/photo-thumb.jpg?1400840011"
  }, 
  "pledged": 5.0, 
  "slug": "bity-bitcoin-app-for-ios", 
  "state": "failed", 
  "state_changed_at": 1404000845, 
  "urls": {
    "web": {
      "project": "https://www.kickstarter.com/projects/1558049466/bity-bitcoin-app-for-ios", 
      "rewards": "https://www.kickstarter.com/projects/1558049466/bity-bitcoin-app-for-ios/rewards"
    }
  }
}