{
  "backers_count": 2, 
  "blurb": "I'm making a super-bright LED hula hoop with 36 full color LEDs capable of thousands of patterns. LED hooping fun for kids of all ages!", 
  "category": {
    "id": 52, 
    "name": "Hardware", 
    "parent_id": 16, 
    "position": 8, 
    "slug": "technology/hardware", 
    "urls": {
      "web": {
        "discover": "http://www.kickstarter.com/discover/categories/technology/hardware"
      }
    }
  }, 
  "country": "US", 
  "created_at": 1365259038, 
  "creator": {
    "avatar": {
      "medium": "https://s3.amazonaws.com/ksr/avatars/6151810/fb_profile_picture.medium.jpg?1365348512", 
      "small": "https://s3.amazonaws.com/ksr/avatars/6151810/fb_profile_picture.small.jpg?1365348512", 
      "thumb": "https://s3.amazonaws.com/ksr/avatars/6151810/fb_profile_picture.thumb.jpg?1365348512"
    }, 
    "id": 994514361, 
    "name": "Sean Alan Weyers", 
    "urls": {
      "api": {
        "user": "https://api.kickstarter.com/v1/users/994514361?signature=1405310532.526d3a4b123c81e76e8eddb9f61ff5a673bae049"
      }, 
      "web": {
        "user": "https://www.kickstarter.com/profile/994514361"
      }
    }
  }, 
  "currency": "USD", 
  "currency_symbol": "$", 
  "currency_trailing_code": true, 
  "deadline": 1369408450, 
  "disable_communication": false, 
  "goal": 6000.0, 
  "id": 1015751005, 
  "launched_at": 1366816450, 
  "location": {
    "country": "US", 
    "displayable_name": "Blacksburg, VA", 
    "id": 2365044, 
    "name": "Blacksburg", 
    "short_name": "Blacksburg, VA", 
    "slug": "blacksburg-montgomery-va", 
    "state": "VA", 
    "urls": {
      "api": {
        "nearby_projects": "https://api.kickstarter.com/v1/discover?signature=1405283975.749066b274472ce8949e7c40b727e031ed1f497c&woe_id=2365044"
      }, 
      "web": {
        "discover": "https://www.kickstarter.com/discover/places/blacksburg-montgomery-va", 
        "location": "https://www.kickstarter.com/locations/blacksburg-montgomery-va"
      }
    }
  }, 
  "name": "Shiny Fun LED Hula Hoops!!!", 
  "photo": {
    "1024x768": "https://s3.amazonaws.com/ksr/projects/515124/photo-1024x768.jpg?1397816135", 
    "1536x1152": "https://s3.amazonaws.com/ksr/projects/515124/photo-1536x1152.jpg?1397816135", 
    "ed": "https://s3.amazonaws.com/ksr/projects/515124/photo-ed.jpg?1397816135", 
    "full": "https://s3.amazonaws.com/ksr/projects/515124/photo-full.jpg?1397816135", 
    "little": "https://s3.amazonaws.com/ksr/projects/515124/photo-little.jpg?1397816135", 
    "med": "https://s3.amazonaws.com/ksr/projects/515124/photo-med.jpg?1397816135", 
    "small": "https://s3.amazonaws.com/ksr/projects/515124/photo-small.jpg?1397816135", 
    "thumb": "https://s3.amazonaws.com/ksr/projects/515124/photo-thumb.jpg?1397816135"
  }, 
  "pledged": 550.0, 
  "slug": "shiny-fun-led-hula-hoops", 
  "state": "failed", 
  "state_changed_at": 1369408450, 
  "urls": {
    "web": {
      "project": "https://www.kickstarter.com/projects/994514361/shiny-fun-led-hula-hoops", 
      "rewards": "https://www.kickstarter.com/projects/994514361/shiny-fun-led-hula-hoops/rewards"
    }
  }
}