{
  "backers_count": 63, 
  "blurb": "The Atlanta Historical Computing Society is putting together our annual show, the VCF SE, and you can help fund it!", 
  "category": {
    "id": 16, 
    "name": "Technology", 
    "position": 14, 
    "slug": "technology", 
    "urls": {
      "web": {
        "discover": "http://www.kickstarter.com/discover/categories/technology"
      }
    }
  }, 
  "country": "US", 
  "created_at": 1396198934, 
  "creator": {
    "avatar": {
      "medium": "https://s3.amazonaws.com/ksr/avatars/1099062/logo8.medium.jpg?1396245900", 
      "small": "https://s3.amazonaws.com/ksr/avatars/1099062/logo8.small.jpg?1396245900", 
      "thumb": "https://s3.amazonaws.com/ksr/avatars/1099062/logo8.thumb.jpg?1396245900"
    }, 
    "id": 20859909, 
    "name": "Alan Hightower", 
    "urls": {
      "api": {
        "user": "https://api.kickstarter.com/v1/users/20859909?signature=1405310230.77be1cbced3a37db4109b45d4428c3cf7dbcb333"
      }, 
      "web": {
        "user": "https://www.kickstarter.com/profile/20859909"
      }
    }
  }, 
  "currency": "USD", 
  "currency_symbol": "$", 
  "currency_trailing_code": true, 
  "deadline": 1399237200, 
  "disable_communication": false, 
  "goal": 2000.0, 
  "id": 1015770659, 
  "launched_at": 1396889765, 
  "location": {
    "country": "US", 
    "displayable_name": "Atlanta, GA", 
    "id": 2357024, 
    "name": "Atlanta", 
    "short_name": "Atlanta, GA", 
    "slug": "atlanta-ga", 
    "state": "GA", 
    "urls": {
      "api": {
        "nearby_projects": "https://api.kickstarter.com/v1/discover?signature=1405283921.1b31225794c42dde0f2056517ae465665bf74f0e&woe_id=2357024"
      }, 
      "web": {
        "discover": "https://www.kickstarter.com/discover/places/atlanta-ga", 
        "location": "https://www.kickstarter.com/locations/atlanta-ga"
      }
    }
  }, 
  "name": "Help fund the Vintage Computer Festival Southeast 2.0!", 
  "photo": {
    "1024x768": "https://s3.amazonaws.com/ksr/projects/931032/photo-1024x768.jpg?1397874133", 
    "1536x1152": "https://s3.amazonaws.com/ksr/projects/931032/photo-1536x1152.jpg?1397874133", 
    "ed": "https://s3.amazonaws.com/ksr/projects/931032/photo-ed.jpg?1397874133", 
    "full": "https://s3.amazonaws.com/ksr/projects/931032/photo-full.jpg?1397874133", 
    "little": "https://s3.amazonaws.com/ksr/projects/931032/photo-little.jpg?1397874133", 
    "med": "https://s3.amazonaws.com/ksr/projects/931032/photo-med.jpg?1397874133", 
    "small": "https://s3.amazonaws.com/ksr/projects/931032/photo-small.jpg?1397874133", 
    "thumb": "https://s3.amazonaws.com/ksr/projects/931032/photo-thumb.jpg?1397874133"
  }, 
  "pledged": 3414.0, 
  "slug": "help-fund-the-vintage-computer-festival-southeast", 
  "state": "successful", 
  "state_changed_at": 1399237211, 
  "urls": {
    "web": {
      "project": "https://www.kickstarter.com/projects/20859909/help-fund-the-vintage-computer-festival-southeast", 
      "rewards": "https://www.kickstarter.com/projects/20859909/help-fund-the-vintage-computer-festival-southeast/rewards"
    }
  }
}