{
  "backers_count": 5, 
  "blurb": "For many of us we are becoming a number, but each number in life is unique. How will you be remembered.", 
  "category": {
    "id": 16, 
    "name": "Technology", 
    "position": 14, 
    "slug": "technology", 
    "urls": {
      "web": {
        "discover": "http://www.kickstarter.com/discover/categories/technology"
      }
    }
  }, 
  "country": "CA", 
  "created_at": 1390587005, 
  "creator": {
    "avatar": {
      "medium": "https://s3.amazonaws.com/ksr/avatars/9433568/kickstarter-pic2.medium.jpg?1390736929", 
      "small": "https://s3.amazonaws.com/ksr/avatars/9433568/kickstarter-pic2.small.jpg?1390736929", 
      "thumb": "https://s3.amazonaws.com/ksr/avatars/9433568/kickstarter-pic2.thumb.jpg?1390736929"
    }, 
    "id": 1996218953, 
    "name": "Renata Kostelski", 
    "urls": {
      "api": {
        "user": "https://api.kickstarter.com/v1/users/1996218953?signature=1405310636.cbb65d045e9c9437a437aed8b6a1890daaac2bfa"
      }, 
      "web": {
        "user": "https://www.kickstarter.com/profile/1996218953"
      }
    }
  }, 
  "currency": "CAD", 
  "currency_symbol": "$", 
  "currency_trailing_code": true, 
  "deadline": 1394141419, 
  "disable_communication": false, 
  "goal": 20000.0, 
  "id": 1015814996, 
  "launched_at": 1391549419, 
  "location": {
    "country": "CA", 
    "displayable_name": "Toronto, Canada", 
    "id": 4118, 
    "name": "Toronto", 
    "short_name": "Toronto, Canada", 
    "slug": "toronto-on-ca", 
    "state": "ON", 
    "urls": {
      "api": {
        "nearby_projects": "https://api.kickstarter.com/v1/discover?signature=1405283922.d846628b5e3e23ac33c63f0d9923266125786c79&woe_id=4118"
      }, 
      "web": {
        "discover": "https://www.kickstarter.com/discover/places/toronto-on-ca", 
        "location": "https://www.kickstarter.com/locations/toronto-on-ca"
      }
    }
  }, 
  "name": "{BIO}CIETY - How will you be remembered?", 
  "photo": {
    "1024x768": "https://s3.amazonaws.com/ksr/projects/843202/photo-1024x768.jpg?1397865137", 
    "1536x1152": "https://s3.amazonaws.com/ksr/projects/843202/photo-1536x1152.jpg?1397865137", 
    "ed": "https://s3.amazonaws.com/ksr/projects/843202/photo-ed.jpg?1397865137", 
    "full": "https://s3.amazonaws.com/ksr/projects/843202/photo-full.jpg?1397865137", 
    "little": "https://s3.amazonaws.com/ksr/projects/843202/photo-little.jpg?1397865137", 
    "med": "https://s3.amazonaws.com/ksr/projects/843202/photo-med.jpg?1397865137", 
    "small": "https://s3.amazonaws.com/ksr/projects/843202/photo-small.jpg?1397865137", 
    "thumb": "https://s3.amazonaws.com/ksr/projects/843202/photo-thumb.jpg?1397865137"
  }, 
  "pledged": 38.0, 
  "slug": "bio-ciety-how-will-you-be-remembered", 
  "state": "failed", 
  "state_changed_at": 1394141419, 
  "urls": {
    "web": {
      "project": "https://www.kickstarter.com/projects/1996218953/bio-ciety-how-will-you-be-remembered", 
      "rewards": "https://www.kickstarter.com/projects/1996218953/bio-ciety-how-will-you-be-remembered/rewards"
    }
  }
}