{
  "backers_count": 4091, 
  "blurb": "XY  is the most stylish, convenient, and affordable Bluetooth Tracking tag. For more information, visit www.XYFindIt.com", 
  "category": {
    "id": 16, 
    "name": "Technology", 
    "position": 14, 
    "slug": "technology", 
    "urls": {
      "web": {
        "discover": "http://www.kickstarter.com/discover/categories/technology"
      }
    }
  }, 
  "country": "US", 
  "created_at": 1390924719, 
  "creator": {
    "avatar": {
      "medium": "https://s3.amazonaws.com/ksr/avatars/9469038/XY_ProfilePhoto.medium.jpg?1391794791", 
      "small": "https://s3.amazonaws.com/ksr/avatars/9469038/XY_ProfilePhoto.small.jpg?1391794791", 
      "thumb": "https://s3.amazonaws.com/ksr/avatars/9469038/XY_ProfilePhoto.thumb.jpg?1391794791"
    }, 
    "id": 2098829168, 
    "name": "XY-FindIt", 
    "slug": "xyfindit", 
    "urls": {
      "api": {
        "user": "https://api.kickstarter.com/v1/users/2098829168?signature=1405310074.3cd67714a0afd66e627652bf5ae86f35be61b2a0"
      }, 
      "web": {
        "user": "https://www.kickstarter.com/profile/xyfindit"
      }
    }
  }, 
  "currency": "USD", 
  "currency_symbol": "$", 
  "currency_trailing_code": true, 
  "deadline": 1398052813, 
  "disable_communication": false, 
  "goal": 45000.0, 
  "id": 1016357821, 
  "launched_at": 1392872413, 
  "location": {
    "country": "US", 
    "displayable_name": "San Diego, CA", 
    "id": 2487889, 
    "name": "San Diego", 
    "short_name": "San Diego, CA", 
    "slug": "san-diego-ca", 
    "state": "CA", 
    "urls": {
      "api": {
        "nearby_projects": "https://api.kickstarter.com/v1/discover?signature=1405283922.e0c8fea4757a0700693c6258522a3f528769b7ae&woe_id=2487889"
      }, 
      "web": {
        "discover": "https://www.kickstarter.com/discover/places/san-diego-ca", 
        "location": "https://www.kickstarter.com/locations/san-diego-ca"
      }
    }
  }, 
  "name": "XY - The secure iOS/Android Bluetooth tracking tag", 
  "photo": {
    "1024x768": "https://s3.amazonaws.com/ksr/projects/848068/photo-1024x768.jpg?1398052527", 
    "1536x1152": "https://s3.amazonaws.com/ksr/projects/848068/photo-1536x1152.jpg?1398052527", 
    "ed": "https://s3.amazonaws.com/ksr/projects/848068/photo-ed.jpg?1398052527", 
    "full": "https://s3.amazonaws.com/ksr/projects/848068/photo-full.jpg?1398052527", 
    "little": "https://s3.amazonaws.com/ksr/projects/848068/photo-little.jpg?1398052527", 
    "med": "https://s3.amazonaws.com/ksr/projects/848068/photo-med.jpg?1398052527", 
    "small": "https://s3.amazonaws.com/ksr/projects/848068/photo-small.jpg?1398052527", 
    "thumb": "https://s3.amazonaws.com/ksr/projects/848068/photo-thumb.jpg?1398052527"
  }, 
  "pledged": 205121.59, 
  "slug": "xy-the-secure-tracking-tag", 
  "state": "successful", 
  "state_changed_at": 1398052813, 
  "urls": {
    "web": {
      "project": "https://www.kickstarter.com/projects/xyfindit/xy-the-secure-tracking-tag", 
      "rewards": "https://www.kickstarter.com/projects/xyfindit/xy-the-secure-tracking-tag/rewards"
    }
  }
}