{
  "backers_count": 1384, 
  "blurb": "Coding is the new literacy. With ScratchJr, young children (ages 5-7) learn to program their own interactive stories and games.", 
  "category": {
    "id": 16, 
    "name": "Technology", 
    "position": 14, 
    "slug": "technology", 
    "urls": {
      "web": {
        "discover": "http://www.kickstarter.com/discover/categories/technology"
      }
    }
  }, 
  "country": "US", 
  "created_at": 1389929565, 
  "creator": {
    "avatar": {
      "medium": "https://s3.amazonaws.com/ksr/avatars/966572/MB-PB-MR-square.medium.jpg?1391401518", 
      "small": "https://s3.amazonaws.com/ksr/avatars/966572/MB-PB-MR-square.small.jpg?1391401518", 
      "thumb": "https://s3.amazonaws.com/ksr/avatars/966572/MB-PB-MR-square.thumb.jpg?1391401518"
    }, 
    "id": 2023634798, 
    "name": "Mitchel Resnick", 
    "urls": {
      "api": {
        "user": "https://api.kickstarter.com/v1/users/2023634798?signature=1405310106.f2fc40990cb0b3d43a034dd8820287a4c7ca1f61"
      }, 
      "web": {
        "user": "https://www.kickstarter.com/profile/2023634798"
      }
    }
  }, 
  "currency": "USD", 
  "currency_symbol": "$", 
  "currency_trailing_code": true, 
  "deadline": 1398854700, 
  "disable_communication": false, 
  "goal": 25000.0, 
  "id": 1016211179, 
  "launched_at": 1395055687, 
  "location": {
    "country": "US", 
    "displayable_name": "Cambridge, MA", 
    "id": 2373572, 
    "name": "Cambridge", 
    "short_name": "Cambridge, MA", 
    "slug": "cambridge-ma", 
    "state": "MA", 
    "urls": {
      "api": {
        "nearby_projects": "https://api.kickstarter.com/v1/discover?signature=1405283922.c0dd271ceb5aba7083828213cdf26b55c585ed31&woe_id=2373572"
      }, 
      "web": {
        "discover": "https://www.kickstarter.com/discover/places/cambridge-ma", 
        "location": "https://www.kickstarter.com/locations/cambridge-ma"
      }
    }
  }, 
  "name": "ScratchJr: Coding for Young Kids", 
  "photo": {
    "1024x768": "https://s3.amazonaws.com/ksr/projects/833651/photo-1024x768.jpg?1397864158", 
    "1536x1152": "https://s3.amazonaws.com/ksr/projects/833651/photo-1536x1152.jpg?1397864158", 
    "ed": "https://s3.amazonaws.com/ksr/projects/833651/photo-ed.jpg?1397864158", 
    "full": "https://s3.amazonaws.com/ksr/projects/833651/photo-full.jpg?1397864158", 
    "little": "https://s3.amazonaws.com/ksr/projects/833651/photo-little.jpg?1397864158", 
    "med": "https://s3.amazonaws.com/ksr/projects/833651/photo-med.jpg?1397864158", 
    "small": "https://s3.amazonaws.com/ksr/projects/833651/photo-small.jpg?1397864158", 
    "thumb": "https://s3.amazonaws.com/ksr/projects/833651/photo-thumb.jpg?1397864158"
  }, 
  "pledged": 77474.74, 
  "slug": "scratchjr-coding-for-young-kids", 
  "state": "successful", 
  "state_changed_at": 1398854713, 
  "urls": {
    "web": {
      "project": "https://www.kickstarter.com/projects/2023634798/scratchjr-coding-for-young-kids", 
      "rewards": "https://www.kickstarter.com/projects/2023634798/scratchjr-coding-for-young-kids/rewards"
    }
  }
}