{
  "backers_count": 1093, 
  "blurb": "Carry your own Web Browser and Internet Encryption tool in your wallet.  Use on any computer for private browsing. Plug in Privacy.", 
  "category": {
    "id": 16, 
    "name": "Technology", 
    "position": 14, 
    "slug": "technology", 
    "urls": {
      "web": {
        "discover": "http://www.kickstarter.com/discover/categories/technology"
      }
    }
  }, 
  "country": "US", 
  "created_at": 1311951053, 
  "creator": {
    "avatar": {
      "medium": "https://s3.amazonaws.com/ksr/avatars/836010/unnamed.medium.jpg?1371231879", 
      "small": "https://s3.amazonaws.com/ksr/avatars/836010/unnamed.small.jpg?1371231879", 
      "thumb": "https://s3.amazonaws.com/ksr/avatars/836010/unnamed.thumb.jpg?1371231879"
    }, 
    "id": 40286411, 
    "name": "Team SurfEasy", 
    "slug": "surfeasy", 
    "urls": {
      "api": {
        "user": "https://api.kickstarter.com/v1/users/40286411?signature=1405310112.5ce10b32446945c88e0b6d51f7e499ecb5d6fdbb"
      }, 
      "web": {
        "user": "https://www.kickstarter.com/profile/surfeasy"
      }
    }
  }, 
  "currency": "USD", 
  "currency_symbol": "$", 
  "currency_trailing_code": true, 
  "deadline": 1316438699, 
  "disable_communication": false, 
  "goal": 12500.0, 
  "id": 1016549487, 
  "launched_at": 1313414699, 
  "location": {
    "country": "CA", 
    "displayable_name": "Toronto, Canada", 
    "id": 4118, 
    "name": "Toronto", 
    "short_name": "Toronto, Canada", 
    "slug": "toronto-on-ca", 
    "state": "ON", 
    "urls": {
      "api": {
        "nearby_projects": "https://api.kickstarter.com/v1/discover?signature=1405283922.d846628b5e3e23ac33c63f0d9923266125786c79&woe_id=4118"
      }, 
      "web": {
        "discover": "https://www.kickstarter.com/discover/places/toronto-on-ca", 
        "location": "https://www.kickstarter.com/locations/toronto-on-ca"
      }
    }
  }, 
  "name": "SurfEasy | Plug in Privacy", 
  "photo": {
    "1024x768": "https://s3.amazonaws.com/ksr/projects/43828/photo-1024x768.jpg?1397765104", 
    "1536x1152": "https://s3.amazonaws.com/ksr/projects/43828/photo-1536x1152.jpg?1397765104", 
    "ed": "https://s3.amazonaws.com/ksr/projects/43828/photo-ed.jpg?1397765104", 
    "full": "https://s3.amazonaws.com/ksr/projects/43828/photo-full.jpg?1397765104", 
    "little": "https://s3.amazonaws.com/ksr/projects/43828/photo-little.jpg?1397765104", 
    "med": "https://s3.amazonaws.com/ksr/projects/43828/photo-med.jpg?1397765104", 
    "small": "https://s3.amazonaws.com/ksr/projects/43828/photo-small.jpg?1397765104", 
    "thumb": "https://s3.amazonaws.com/ksr/projects/43828/photo-thumb.jpg?1397765104"
  }, 
  "pledged": 69404.13, 
  "slug": "surfeasy-plug-in-privacy", 
  "state": "successful", 
  "state_changed_at": 1316438700, 
  "urls": {
    "web": {
      "project": "https://www.kickstarter.com/projects/surfeasy/surfeasy-plug-in-privacy", 
      "rewards": "https://www.kickstarter.com/projects/surfeasy/surfeasy-plug-in-privacy/rewards"
    }
  }
}