{
  "backers_count": 2, 
  "blurb": "Study the behaviour of technical communities by tracking their movement  through wearables", 
  "category": {
    "id": 341, 
    "name": "Wearables", 
    "parent_id": 16, 
    "position": 14, 
    "slug": "technology/wearables", 
    "urls": {
      "web": {
        "discover": "http://www.kickstarter.com/discover/categories/technology/wearables"
      }
    }
  }, 
  "country": "US", 
  "created_at": 1403882850, 
  "creator": {
    "avatar": {
      "medium": "https://s3.amazonaws.com/ksr/avatars/3531624/IMG_1782.medium.jpg?1343426094", 
      "small": "https://s3.amazonaws.com/ksr/avatars/3531624/IMG_1782.small.jpg?1343426094", 
      "thumb": "https://s3.amazonaws.com/ksr/avatars/3531624/IMG_1782.thumb.jpg?1343426094"
    }, 
    "id": 673435705, 
    "name": "Horacio Bouzas", 
    "slug": "horacio", 
    "urls": {
      "api": {
        "user": "https://api.kickstarter.com/v1/users/673435705?signature=1405310292.1828760b412517365868d0a47279f00948d0a4d8"
      }, 
      "web": {
        "user": "https://www.kickstarter.com/profile/horacio"
      }
    }
  }, 
  "currency": "USD", 
  "currency_symbol": "$", 
  "currency_trailing_code": true, 
  "deadline": 1406474820, 
  "disable_communication": false, 
  "goal": 4000.0, 
  "id": 1016566206, 
  "launched_at": 1403902060, 
  "location": {
    "country": "US", 
    "displayable_name": "Houston, TX", 
    "id": 2424766, 
    "name": "Houston", 
    "short_name": "Houston, TX", 
    "slug": "houston-tx", 
    "state": "TX", 
    "urls": {
      "api": {
        "nearby_projects": "https://api.kickstarter.com/v1/discover?signature=1405283926.e236df9313624e13a020a2d914775b108a5bbdc9&woe_id=2424766"
      }, 
      "web": {
        "discover": "https://www.kickstarter.com/discover/places/houston-tx", 
        "location": "https://www.kickstarter.com/locations/houston-tx"
      }
    }
  }, 
  "name": "Social behavior in technical communities", 
  "photo": {
    "1024x768": "https://s3.amazonaws.com/ksr/projects/1063015/photo-1024x768.jpg?1403884007", 
    "1536x1152": "https://s3.amazonaws.com/ksr/projects/1063015/photo-1536x1152.jpg?1403884007", 
    "ed": "https://s3.amazonaws.com/ksr/projects/1063015/photo-ed.jpg?1403884007", 
    "full": "https://s3.amazonaws.com/ksr/projects/1063015/photo-full.jpg?1403884007", 
    "little": "https://s3.amazonaws.com/ksr/projects/1063015/photo-little.jpg?1403884007", 
    "med": "https://s3.amazonaws.com/ksr/projects/1063015/photo-med.jpg?1403884007", 
    "small": "https://s3.amazonaws.com/ksr/projects/1063015/photo-small.jpg?1403884007", 
    "thumb": "https://s3.amazonaws.com/ksr/projects/1063015/photo-thumb.jpg?1403884007"
  }, 
  "pledged": 50.0, 
  "slug": "social-behavior-in-technical-communities", 
  "state": "live", 
  "state_changed_at": 1403902060, 
  "urls": {
    "web": {
      "project": "https://www.kickstarter.com/projects/horacio/social-behavior-in-technical-communities", 
      "rewards": "https://www.kickstarter.com/projects/horacio/social-behavior-in-technical-communities/rewards"
    }
  }
}