{
  "backers_count": 33, 
  "blurb": "Raven's Smartphone bicycle security status system uses Web-integrated NFC & QR code technology to detect stolen bicycles.", 
  "category": {
    "id": 16, 
    "name": "Technology", 
    "position": 14, 
    "slug": "technology", 
    "urls": {
      "web": {
        "discover": "http://www.kickstarter.com/discover/categories/technology"
      }
    }
  }, 
  "country": "US", 
  "created_at": 1381942751, 
  "creator": {
    "avatar": {
      "medium": "https://s3.amazonaws.com/ksr/avatars/6377543/RP_Logo_black-md.medium.jpg?1381942668", 
      "small": "https://s3.amazonaws.com/ksr/avatars/6377543/RP_Logo_black-md.small.jpg?1381942668", 
      "thumb": "https://s3.amazonaws.com/ksr/avatars/6377543/RP_Logo_black-md.thumb.jpg?1381942668"
    }, 
    "id": 1174734742, 
    "name": "Raven Protech Inc.", 
    "urls": {
      "api": {
        "user": "https://api.kickstarter.com/v1/users/1174734742?signature=1405310403.1b3daee21360bc928f0e97cee9679a8e284596d9"
      }, 
      "web": {
        "user": "https://www.kickstarter.com/profile/1174734742"
      }
    }
  }, 
  "currency": "USD", 
  "currency_symbol": "$", 
  "currency_trailing_code": true, 
  "deadline": 1386834736, 
  "disable_communication": false, 
  "goal": 36500.0, 
  "id": 1017464144, 
  "launched_at": 1384242736, 
  "location": {
    "country": "US", 
    "displayable_name": "San Jose, CA", 
    "id": 2488042, 
    "name": "San Jose", 
    "short_name": "San Jose, CA", 
    "slug": "san-jose-ca", 
    "state": "CA", 
    "urls": {
      "api": {
        "nearby_projects": "https://api.kickstarter.com/v1/discover?signature=1405283925.2ce4396cf27276664beee3de6d4e234fb1809980&woe_id=2488042"
      }, 
      "web": {
        "discover": "https://www.kickstarter.com/discover/places/san-jose-ca", 
        "location": "https://www.kickstarter.com/locations/san-jose-ca"
      }
    }
  }, 
  "name": "Raven Bicycle Registry Smartphone Security System", 
  "photo": {
    "1024x768": "https://s3.amazonaws.com/ksr/projects/721555/photo-1024x768.jpg?1397851818", 
    "1536x1152": "https://s3.amazonaws.com/ksr/projects/721555/photo-1536x1152.jpg?1397851818", 
    "ed": "https://s3.amazonaws.com/ksr/projects/721555/photo-ed.jpg?1397851818", 
    "full": "https://s3.amazonaws.com/ksr/projects/721555/photo-full.jpg?1397851818", 
    "little": "https://s3.amazonaws.com/ksr/projects/721555/photo-little.jpg?1397851818", 
    "med": "https://s3.amazonaws.com/ksr/projects/721555/photo-med.jpg?1397851818", 
    "small": "https://s3.amazonaws.com/ksr/projects/721555/photo-small.jpg?1397851818", 
    "thumb": "https://s3.amazonaws.com/ksr/projects/721555/photo-thumb.jpg?1397851818"
  }, 
  "pledged": 4736.0, 
  "slug": "smartphone-bike-registry-and-security-status-syste", 
  "state": "failed", 
  "state_changed_at": 1386834737, 
  "urls": {
    "web": {
      "project": "https://www.kickstarter.com/projects/1174734742/smartphone-bike-registry-and-security-status-syste", 
      "rewards": "https://www.kickstarter.com/projects/1174734742/smartphone-bike-registry-and-security-status-syste/rewards"
    }
  }
}