{
  "backers_count": 26457, 
  "blurb": "It's a pen that can draw in the air! 3Doodler is the 3D printing pen you can hold in your hand. Lift your imagination off the page!", 
  "category": {
    "id": 52, 
    "name": "Hardware", 
    "parent_id": 16, 
    "position": 8, 
    "slug": "technology/hardware", 
    "urls": {
      "web": {
        "discover": "http://www.kickstarter.com/discover/categories/technology/hardware"
      }
    }
  }, 
  "country": "US", 
  "created_at": 1344279765, 
  "creator": {
    "avatar": {
      "medium": "https://s3.amazonaws.com/ksr/avatars/1105236/logo-box.medium.jpg?1344295203", 
      "small": "https://s3.amazonaws.com/ksr/avatars/1105236/logo-box.small.jpg?1344295203", 
      "thumb": "https://s3.amazonaws.com/ksr/avatars/1105236/logo-box.thumb.jpg?1344295203"
    }, 
    "id": 1351910088, 
    "name": "WobbleWorks LLC.", 
    "urls": {
      "api": {
        "user": "https://api.kickstarter.com/v1/users/1351910088?signature=1405309908.2a88e09f8080758cf8835ded1b0478647e13a8bd"
      }, 
      "web": {
        "user": "https://www.kickstarter.com/profile/1351910088"
      }
    }
  }, 
  "currency": "USD", 
  "currency_symbol": "$", 
  "currency_trailing_code": true, 
  "deadline": 1364184539, 
  "disable_communication": false, 
  "goal": 30000.0, 
  "id": 101767263, 
  "launched_at": 1361250539, 
  "location": {
    "country": "US", 
    "displayable_name": "Boston, MA", 
    "id": 2367105, 
    "name": "Boston", 
    "short_name": "Boston, MA", 
    "slug": "boston-ma", 
    "state": "MA", 
    "urls": {
      "api": {
        "nearby_projects": "https://api.kickstarter.com/v1/discover?signature=1405283922.88e5a521b809a8d6893fb52af930c2e53896acf9&woe_id=2367105"
      }, 
      "web": {
        "discover": "https://www.kickstarter.com/discover/places/boston-ma", 
        "location": "https://www.kickstarter.com/locations/boston-ma"
      }
    }
  }, 
  "name": "3Doodler: The World's First 3D Printing Pen", 
  "photo": {
    "1024x768": "https://s3.amazonaws.com/ksr/projects/285394/photo-1024x768.jpg?1397792635", 
    "1536x1152": "https://s3.amazonaws.com/ksr/projects/285394/photo-1536x1152.jpg?1397792635", 
    "ed": "https://s3.amazonaws.com/ksr/projects/285394/photo-ed.jpg?1397792635", 
    "full": "https://s3.amazonaws.com/ksr/projects/285394/photo-full.jpg?1397792635", 
    "little": "https://s3.amazonaws.com/ksr/projects/285394/photo-little.jpg?1397792635", 
    "med": "https://s3.amazonaws.com/ksr/projects/285394/photo-med.jpg?1397792635", 
    "small": "https://s3.amazonaws.com/ksr/projects/285394/photo-small.jpg?1397792635", 
    "thumb": "https://s3.amazonaws.com/ksr/projects/285394/photo-thumb.jpg?1397792635"
  }, 
  "pledged": 2344134.67, 
  "slug": "3doodler-the-worlds-first-3d-printing-pen", 
  "state": "successful", 
  "state_changed_at": 1364184540, 
  "urls": {
    "web": {
      "project": "https://www.kickstarter.com/projects/1351910088/3doodler-the-worlds-first-3d-printing-pen", 
      "rewards": "https://www.kickstarter.com/projects/1351910088/3doodler-the-worlds-first-3d-printing-pen/rewards"
    }
  }
}