{
  "backers_count": 9, 
  "blurb": "Stand out at festivals, get people talking and support our latest campaign to augment your style with the latest LED technology.", 
  "category": {
    "id": 341, 
    "name": "Wearables", 
    "parent_id": 16, 
    "position": 14, 
    "slug": "technology/wearables", 
    "urls": {
      "web": {
        "discover": "http://www.kickstarter.com/discover/categories/technology/wearables"
      }
    }
  }, 
  "country": "GB", 
  "created_at": 1402481617, 
  "creator": {
    "avatar": {
      "medium": "https://s3.amazonaws.com/ksr/avatars/6260640/1962395_3933179504031_1712473210_o_(1).medium.jpg?1403537415", 
      "small": "https://s3.amazonaws.com/ksr/avatars/6260640/1962395_3933179504031_1712473210_o_(1).small.jpg?1403537415", 
      "thumb": "https://s3.amazonaws.com/ksr/avatars/6260640/1962395_3933179504031_1712473210_o_(1).thumb.jpg?1403537415"
    }, 
    "id": 763706693, 
    "name": "Frederick Thomas Ford", 
    "urls": {
      "api": {
        "user": "https://api.kickstarter.com/v1/users/763706693?signature=1405310478.1d7266d7a347ec64169e6a7ddb1ae7fd947941f1"
      }, 
      "web": {
        "user": "https://www.kickstarter.com/profile/763706693"
      }
    }
  }, 
  "currency": "GBP", 
  "currency_symbol": "\u00a3", 
  "currency_trailing_code": false, 
  "deadline": 1405094400, 
  "disable_communication": false, 
  "goal": 5800.0, 
  "id": 1017217801, 
  "launched_at": 1403810965, 
  "location": {
    "country": "GB", 
    "displayable_name": "London, UK", 
    "id": 44418, 
    "name": "London", 
    "short_name": "London, UK", 
    "slug": "london-gb", 
    "state": "England", 
    "urls": {
      "api": {
        "nearby_projects": "https://api.kickstarter.com/v1/discover?signature=1405283922.82a390c7080dcb5af2825d7dc4e2293adc57bbf0&woe_id=44418"
      }, 
      "web": {
        "discover": "https://www.kickstarter.com/discover/places/london-gb", 
        "location": "https://www.kickstarter.com/locations/london-gb"
      }
    }
  }, 
  "name": "Pixel Shades by R A V E Z (Canceled)", 
  "photo": {
    "1024x768": "https://s3.amazonaws.com/ksr/projects/1039696/photo-1024x768.jpg?1404218054", 
    "1536x1152": "https://s3.amazonaws.com/ksr/projects/1039696/photo-1536x1152.jpg?1404218054", 
    "ed": "https://s3.amazonaws.com/ksr/projects/1039696/photo-ed.jpg?1404218054", 
    "full": "https://s3.amazonaws.com/ksr/projects/1039696/photo-full.jpg?1404218054", 
    "little": "https://s3.amazonaws.com/ksr/projects/1039696/photo-little.jpg?1404218054", 
    "med": "https://s3.amazonaws.com/ksr/projects/1039696/photo-med.jpg?1404218054", 
    "small": "https://s3.amazonaws.com/ksr/projects/1039696/photo-small.jpg?1404218054", 
    "thumb": "https://s3.amazonaws.com/ksr/projects/1039696/photo-thumb.jpg?1404218054"
  }, 
  "pledged": 876.0, 
  "slug": "pixel-shades-by-r-a-v-e-z", 
  "state": "canceled", 
  "state_changed_at": 1404374538, 
  "urls": {
    "web": {
      "project": "https://www.kickstarter.com/projects/763706693/pixel-shades-by-r-a-v-e-z", 
      "rewards": "https://www.kickstarter.com/projects/763706693/pixel-shades-by-r-a-v-e-z/rewards"
    }
  }
}