{
  "backers_count": 945, 
  "blurb": "Here's a new way to think about driving. Plug Lynk into your car and wirelessly sync your mobile device to monitor your driving profile", 
  "category": {
    "id": 16, 
    "name": "Technology", 
    "position": 14, 
    "slug": "technology", 
    "urls": {
      "web": {
        "discover": "http://www.kickstarter.com/discover/categories/technology"
      }
    }
  }, 
  "country": "US", 
  "created_at": 1360529360, 
  "creator": {
    "avatar": {
      "medium": "https://s3.amazonaws.com/ksr/avatars/1572701/golf.medium.jpg?1363303310", 
      "small": "https://s3.amazonaws.com/ksr/avatars/1572701/golf.small.jpg?1363303310", 
      "thumb": "https://s3.amazonaws.com/ksr/avatars/1572701/golf.thumb.jpg?1363303310"
    }, 
    "id": 1948702113, 
    "name": "Jonathan Cohn", 
    "slug": "shred444", 
    "urls": {
      "api": {
        "user": "https://api.kickstarter.com/v1/users/1948702113?signature=1405310332.305f153aa6996dfd7ff23717e79771cd3092b27b"
      }, 
      "web": {
        "user": "https://www.kickstarter.com/profile/shred444"
      }
    }
  }, 
  "currency": "USD", 
  "currency_symbol": "$", 
  "currency_trailing_code": true, 
  "deadline": 1370159373, 
  "disable_communication": false, 
  "goal": 750000.0, 
  "id": 1017959030, 
  "launched_at": 1364264842, 
  "location": {
    "country": "US", 
    "displayable_name": "Boston, MA", 
    "id": 2367105, 
    "name": "Boston", 
    "short_name": "Boston, MA", 
    "slug": "boston-ma", 
    "state": "MA", 
    "urls": {
      "api": {
        "nearby_projects": "https://api.kickstarter.com/v1/discover?signature=1405283922.88e5a521b809a8d6893fb52af930c2e53896acf9&woe_id=2367105"
      }, 
      "web": {
        "discover": "https://www.kickstarter.com/discover/places/boston-ma", 
        "location": "https://www.kickstarter.com/locations/boston-ma"
      }
    }
  }, 
  "name": "Drive with Lynk", 
  "photo": {
    "1024x768": "https://s3.amazonaws.com/ksr/projects/458797/photo-1024x768.jpg?1397810264", 
    "1536x1152": "https://s3.amazonaws.com/ksr/projects/458797/photo-1536x1152.jpg?1397810264", 
    "ed": "https://s3.amazonaws.com/ksr/projects/458797/photo-ed.jpg?1397810264", 
    "full": "https://s3.amazonaws.com/ksr/projects/458797/photo-full.jpg?1397810264", 
    "little": "https://s3.amazonaws.com/ksr/projects/458797/photo-little.jpg?1397810264", 
    "med": "https://s3.amazonaws.com/ksr/projects/458797/photo-med.jpg?1397810264", 
    "small": "https://s3.amazonaws.com/ksr/projects/458797/photo-small.jpg?1397810264", 
    "thumb": "https://s3.amazonaws.com/ksr/projects/458797/photo-thumb.jpg?1397810264"
  }, 
  "pledged": 81060.67, 
  "slug": "drive-with-dash", 
  "state": "failed", 
  "state_changed_at": 1370159383, 
  "urls": {
    "web": {
      "project": "https://www.kickstarter.com/projects/shred444/drive-with-dash", 
      "rewards": "https://www.kickstarter.com/projects/shred444/drive-with-dash/rewards"
    }
  }
}