{
  "backers_count": 5, 
  "blurb": "iHeartNote - The Art of Appreciation. Show someone how much you appreciate them by sending them an iHeartNote - Open Your Heart.", 
  "category": {
    "id": 16, 
    "name": "Technology", 
    "position": 14, 
    "slug": "technology", 
    "urls": {
      "web": {
        "discover": "http://www.kickstarter.com/discover/categories/technology"
      }
    }
  }, 
  "country": "US", 
  "created_at": 1374453432, 
  "creator": {
    "avatar": {
      "medium": "https://s3.amazonaws.com/ksr/avatars/6397821/7_-_Garett_Carrara_Face.medium.jpg?1391209652", 
      "small": "https://s3.amazonaws.com/ksr/avatars/6397821/7_-_Garett_Carrara_Face.small.jpg?1391209652", 
      "thumb": "https://s3.amazonaws.com/ksr/avatars/6397821/7_-_Garett_Carrara_Face.thumb.jpg?1391209652"
    }, 
    "id": 1113663867, 
    "name": "Garrett Carrara", 
    "urls": {
      "api": {
        "user": "https://api.kickstarter.com/v1/users/1113663867?signature=1405310564.8f835941e934b0d9c9aa2e5e6ecb26e9b0242db0"
      }, 
      "web": {
        "user": "https://www.kickstarter.com/profile/1113663867"
      }
    }
  }, 
  "currency": "USD", 
  "currency_symbol": "$", 
  "currency_trailing_code": true, 
  "deadline": 1394474546, 
  "disable_communication": false, 
  "goal": 52700.0, 
  "id": 1019040233, 
  "launched_at": 1391886146, 
  "location": {
    "country": "US", 
    "displayable_name": "Alpharetta, GA", 
    "id": 2353697, 
    "name": "Alpharetta", 
    "short_name": "Alpharetta, GA", 
    "slug": "alpharetta-ga", 
    "state": "GA", 
    "urls": {
      "api": {
        "nearby_projects": "https://api.kickstarter.com/v1/discover?signature=1405283943.d310a905d8963976ae95e4d0384b1d23d1f02b4e&woe_id=2353697"
      }, 
      "web": {
        "discover": "https://www.kickstarter.com/discover/places/alpharetta-ga", 
        "location": "https://www.kickstarter.com/locations/alpharetta-ga"
      }
    }
  }, 
  "name": "iHeartNote - Open Your Heart - The Art of Appreciation", 
  "photo": {
    "1024x768": "https://s3.amazonaws.com/ksr/projects/624845/photo-1024x768.jpg?1397828008", 
    "1536x1152": "https://s3.amazonaws.com/ksr/projects/624845/photo-1536x1152.jpg?1397828008", 
    "ed": "https://s3.amazonaws.com/ksr/projects/624845/photo-ed.jpg?1397828008", 
    "full": "https://s3.amazonaws.com/ksr/projects/624845/photo-full.jpg?1397828008", 
    "little": "https://s3.amazonaws.com/ksr/projects/624845/photo-little.jpg?1397828008", 
    "med": "https://s3.amazonaws.com/ksr/projects/624845/photo-med.jpg?1397828008", 
    "small": "https://s3.amazonaws.com/ksr/projects/624845/photo-small.jpg?1397828008", 
    "thumb": "https://s3.amazonaws.com/ksr/projects/624845/photo-thumb.jpg?1397828008"
  }, 
  "pledged": 300.0, 
  "slug": "iheartnote-open-your-heart-the-art-of-appreciation", 
  "state": "failed", 
  "state_changed_at": 1394474548, 
  "urls": {
    "web": {
      "project": "https://www.kickstarter.com/projects/1113663867/iheartnote-open-your-heart-the-art-of-appreciation", 
      "rewards": "https://www.kickstarter.com/projects/1113663867/iheartnote-open-your-heart-the-art-of-appreciation/rewards"
    }
  }
}