{
  "backers_count": 3, 
  "blurb": "PORTABLE, INEXPENSIVE, EASY TO ASSEMBLE, ALTERNATIVE ENERGY FOOD STORAGE REFRIGERATOR AVOIDING CARBON FUELS AND/OR THE ELECTRIC GRID.", 
  "category": {
    "id": 52, 
    "name": "Hardware", 
    "parent_id": 16, 
    "position": 8, 
    "slug": "technology/hardware", 
    "urls": {
      "web": {
        "discover": "http://www.kickstarter.com/discover/categories/technology/hardware"
      }
    }
  }, 
  "country": "US", 
  "created_at": 1381418202, 
  "creator": {
    "avatar": {
      "medium": "https://s3.amazonaws.com/ksr/avatars/2723602/20121020150319_00001.medium.jpg?1381492275", 
      "small": "https://s3.amazonaws.com/ksr/avatars/2723602/20121020150319_00001.small.jpg?1381492275", 
      "thumb": "https://s3.amazonaws.com/ksr/avatars/2723602/20121020150319_00001.thumb.jpg?1381492275"
    }, 
    "id": 1315145533, 
    "name": "sam speranza", 
    "urls": {
      "api": {
        "user": "https://api.kickstarter.com/v1/users/1315145533?signature=1405310603.90ac60e83df2381994b85d1a6efb89fbb458b43b"
      }, 
      "web": {
        "user": "https://www.kickstarter.com/profile/1315145533"
      }
    }
  }, 
  "currency": "USD", 
  "currency_symbol": "$", 
  "currency_trailing_code": true, 
  "deadline": 1388794698, 
  "disable_communication": false, 
  "goal": 101000.0, 
  "id": 101958051, 
  "launched_at": 1384906698, 
  "location": {
    "country": "US", 
    "displayable_name": "Los Angeles, CA", 
    "id": 2442047, 
    "name": "Los Angeles", 
    "short_name": "Los Angeles, CA", 
    "slug": "los-angeles-ca", 
    "state": "CA", 
    "urls": {
      "api": {
        "nearby_projects": "https://api.kickstarter.com/v1/discover?signature=1405283921.ee3a1133214a755b6f367baa5289215cf97407d4&woe_id=2442047"
      }, 
      "web": {
        "discover": "https://www.kickstarter.com/discover/places/los-angeles-ca", 
        "location": "https://www.kickstarter.com/locations/los-angeles-ca"
      }
    }
  }, 
  "name": "ECO~FRIG (Canceled)", 
  "photo": {
    "1024x768": "https://s3.amazonaws.com/ksr/projects/713566/photo-1024x768.jpg?1397850964", 
    "1536x1152": "https://s3.amazonaws.com/ksr/projects/713566/photo-1536x1152.jpg?1397850964", 
    "ed": "https://s3.amazonaws.com/ksr/projects/713566/photo-ed.jpg?1397850964", 
    "full": "https://s3.amazonaws.com/ksr/projects/713566/photo-full.jpg?1397850964", 
    "little": "https://s3.amazonaws.com/ksr/projects/713566/photo-little.jpg?1397850964", 
    "med": "https://s3.amazonaws.com/ksr/projects/713566/photo-med.jpg?1397850964", 
    "small": "https://s3.amazonaws.com/ksr/projects/713566/photo-small.jpg?1397850964", 
    "thumb": "https://s3.amazonaws.com/ksr/projects/713566/photo-thumb.jpg?1397850964"
  }, 
  "pledged": 115.0, 
  "slug": "eco-frig", 
  "state": "canceled", 
  "state_changed_at": 1386882825, 
  "urls": {
    "web": {
      "project": "https://www.kickstarter.com/projects/1315145533/eco-frig", 
      "rewards": "https://www.kickstarter.com/projects/1315145533/eco-frig/rewards"
    }
  }
}