{
  "backers_count": 1, 
  "blurb": "Open source  audio DSP development platform with audio feedback prevention alogrithm.", 
  "category": {
    "id": 339, 
    "name": "Sound", 
    "parent_id": 16, 
    "position": 12, 
    "slug": "technology/sound", 
    "urls": {
      "web": {
        "discover": "http://www.kickstarter.com/discover/categories/technology/sound"
      }
    }
  }, 
  "country": "US", 
  "created_at": 1400612315, 
  "creator": {
    "avatar": {
      "medium": "https://s3.amazonaws.com/ksr/avatars/8557177/logo7.medium.jpg?1401560830", 
      "small": "https://s3.amazonaws.com/ksr/avatars/8557177/logo7.small.jpg?1401560830", 
      "thumb": "https://s3.amazonaws.com/ksr/avatars/8557177/logo7.thumb.jpg?1401560830"
    }, 
    "id": 1472566256, 
    "name": "Fred Pulver, Matrix Microsystems Inc.", 
    "urls": {
      "api": {
        "user": "https://api.kickstarter.com/v1/users/1472566256?signature=1405310592.13d7a39224cd35bf471e04249fabaa266cd7220b"
      }, 
      "web": {
        "user": "https://www.kickstarter.com/profile/1472566256"
      }
    }
  }, 
  "currency": "USD", 
  "currency_symbol": "$", 
  "currency_trailing_code": true, 
  "deadline": 1404400297, 
  "disable_communication": false, 
  "goal": 15000.0, 
  "id": 1019334728, 
  "launched_at": 1401808297, 
  "location": {
    "country": "US", 
    "displayable_name": "Northport, NY", 
    "id": 2461986, 
    "name": "Northport", 
    "short_name": "Northport, NY", 
    "slug": "northport-ny", 
    "state": "NY", 
    "urls": {
      "api": {
        "nearby_projects": "https://api.kickstarter.com/v1/discover?signature=1405284245.912b6ed94dcfaa78fcb1ea25efcba4edae2e672f&woe_id=2461986"
      }, 
      "web": {
        "discover": "https://www.kickstarter.com/discover/places/northport-ny", 
        "location": "https://www.kickstarter.com/locations/northport-ny"
      }
    }
  }, 
  "name": "OpenAudioPal", 
  "photo": {
    "1024x768": "https://s3.amazonaws.com/ksr/projects/1008571/photo-1024x768.jpg?1400617447", 
    "1536x1152": "https://s3.amazonaws.com/ksr/projects/1008571/photo-1536x1152.jpg?1400617447", 
    "ed": "https://s3.amazonaws.com/ksr/projects/1008571/photo-ed.jpg?1400617447", 
    "full": "https://s3.amazonaws.com/ksr/projects/1008571/photo-full.jpg?1400617447", 
    "little": "https://s3.amazonaws.com/ksr/projects/1008571/photo-little.jpg?1400617447", 
    "med": "https://s3.amazonaws.com/ksr/projects/1008571/photo-med.jpg?1400617447", 
    "small": "https://s3.amazonaws.com/ksr/projects/1008571/photo-small.jpg?1400617447", 
    "thumb": "https://s3.amazonaws.com/ksr/projects/1008571/photo-thumb.jpg?1400617447"
  }, 
  "pledged": 150.0, 
  "slug": "openaudiopal", 
  "state": "failed", 
  "state_changed_at": 1404400297, 
  "urls": {
    "web": {
      "project": "https://www.kickstarter.com/projects/1472566256/openaudiopal", 
      "rewards": "https://www.kickstarter.com/projects/1472566256/openaudiopal/rewards"
    }
  }
}