{
  "backers_count": 14, 
  "blurb": "Compact Rugged, Modular iPhone Case - Uses GoPro mounts, iPro lenses & thousands of off-the-shelf 1/4\"-20 & #8-32 threaded accessories.", 
  "category": {
    "id": 333, 
    "name": "Camera Equipment", 
    "parent_id": 16, 
    "position": 3, 
    "slug": "technology/camera equipment", 
    "urls": {
      "web": {
        "discover": "http://www.kickstarter.com/discover/categories/technology/camera%20equipment"
      }
    }
  }, 
  "country": "US", 
  "created_at": 1400251416, 
  "creator": {
    "avatar": {
      "medium": "https://s3.amazonaws.com/ksr/avatars/9026044/TedV_2.medium.jpg?1400269287", 
      "small": "https://s3.amazonaws.com/ksr/avatars/9026044/TedV_2.small.jpg?1400269287", 
      "thumb": "https://s3.amazonaws.com/ksr/avatars/9026044/TedV_2.thumb.jpg?1400269287"
    }, 
    "id": 1827872015, 
    "name": "Ted Vornbrock", 
    "urls": {
      "api": {
        "user": "https://api.kickstarter.com/v1/users/1827872015?signature=1405310495.64e50cc9dcc0a70489980736c0844265072dc0c4"
      }, 
      "web": {
        "user": "https://www.kickstarter.com/profile/1827872015"
      }
    }
  }, 
  "currency": "USD", 
  "currency_symbol": "$", 
  "currency_trailing_code": true, 
  "deadline": 1403791380, 
  "disable_communication": false, 
  "goal": 30000.0, 
  "id": 1019003966, 
  "launched_at": 1401199380, 
  "location": {
    "country": "US", 
    "displayable_name": "Stevensville, MD", 
    "id": 2499775, 
    "name": "Stevensville", 
    "short_name": "Stevensville, MD", 
    "slug": "stevensville-md", 
    "state": "MD", 
    "urls": {
      "api": {
        "nearby_projects": "https://api.kickstarter.com/v1/discover?signature=1405284126.a6006267610db9720e3c1342db2004f620633ff9&woe_id=2499775"
      }, 
      "web": {
        "discover": "https://www.kickstarter.com/discover/places/stevensville-md", 
        "location": "https://www.kickstarter.com/locations/stevensville-md"
      }
    }
  }, 
  "name": "CrITR 5i Modular Protective Case for iPhone", 
  "photo": {
    "1024x768": "https://s3.amazonaws.com/ksr/projects/1002956/photo-1024x768.jpg?1403731705", 
    "1536x1152": "https://s3.amazonaws.com/ksr/projects/1002956/photo-1536x1152.jpg?1403731705", 
    "ed": "https://s3.amazonaws.com/ksr/projects/1002956/photo-ed.jpg?1403731705", 
    "full": "https://s3.amazonaws.com/ksr/projects/1002956/photo-full.jpg?1403731705", 
    "little": "https://s3.amazonaws.com/ksr/projects/1002956/photo-little.jpg?1403731705", 
    "med": "https://s3.amazonaws.com/ksr/projects/1002956/photo-med.jpg?1403731705", 
    "small": "https://s3.amazonaws.com/ksr/projects/1002956/photo-small.jpg?1403731705", 
    "thumb": "https://s3.amazonaws.com/ksr/projects/1002956/photo-thumb.jpg?1403731705"
  }, 
  "pledged": 1116.0, 
  "slug": "critr-5i-modular-lenses-and-accessories-case-for-i", 
  "state": "failed", 
  "state_changed_at": 1403791380, 
  "urls": {
    "web": {
      "project": "https://www.kickstarter.com/projects/1827872015/critr-5i-modular-lenses-and-accessories-case-for-i", 
      "rewards": "https://www.kickstarter.com/projects/1827872015/critr-5i-modular-lenses-and-accessories-case-for-i/rewards"
    }
  }
}