{
  "backers_count": 4, 
  "blurb": "No scroll email is a custom email application that only accepts email messages which can be read without having to use a scroll bar.", 
  "category": {
    "id": 51, 
    "name": "Software", 
    "parent_id": 16, 
    "position": 11, 
    "slug": "technology/software", 
    "urls": {
      "web": {
        "discover": "http://www.kickstarter.com/discover/categories/technology/software"
      }
    }
  }, 
  "country": "US", 
  "created_at": 1243391830, 
  "creator": {
    "avatar": {
      "medium": "https://s3.amazonaws.com/ksr/avatars/2900/er-webcam-wav.medium.jpg?1288678195", 
      "small": "https://s3.amazonaws.com/ksr/avatars/2900/er-webcam-wav.small.jpg?1288678195", 
      "thumb": "https://s3.amazonaws.com/ksr/avatars/2900/er-webcam-wav.thumb.jpg?1288678195"
    }, 
    "id": 95036037, 
    "name": "Evan Roth", 
    "slug": "evanroth", 
    "urls": {
      "api": {
        "user": "https://api.kickstarter.com/v1/users/95036037?signature=1405310605.b7beeb43c3dffe81b6bc3b0813cdeca79cb51526"
      }, 
      "web": {
        "user": "https://www.kickstarter.com/profile/evanroth"
      }
    }
  }, 
  "currency": "USD", 
  "currency_symbol": "$", 
  "currency_trailing_code": true, 
  "deadline": 1251945420, 
  "disable_communication": false, 
  "goal": 4500.0, 
  "id": 1020928451, 
  "launched_at": 1244445758, 
  "name": "No Scroll Email (Custom Timesaving Email Application)", 
  "photo": {
    "1024x768": "https://s3.amazonaws.com/ksr/projects/183/photo-1024x768.jpg?1397752779", 
    "1536x1152": "https://s3.amazonaws.com/ksr/projects/183/photo-1536x1152.jpg?1397752779", 
    "ed": "https://s3.amazonaws.com/ksr/projects/183/photo-ed.jpg?1397752779", 
    "full": "https://s3.amazonaws.com/ksr/projects/183/photo-full.jpg?1397752779", 
    "little": "https://s3.amazonaws.com/ksr/projects/183/photo-little.jpg?1397752779", 
    "med": "https://s3.amazonaws.com/ksr/projects/183/photo-med.jpg?1397752779", 
    "small": "https://s3.amazonaws.com/ksr/projects/183/photo-small.jpg?1397752779", 
    "thumb": "https://s3.amazonaws.com/ksr/projects/183/photo-thumb.jpg?1397752779"
  }, 
  "pledged": 110.0, 
  "slug": "no-scroll-email-custom-timesaving-email-application", 
  "state": "failed", 
  "state_changed_at": 1251945935, 
  "urls": {
    "web": {
      "project": "https://www.kickstarter.com/projects/evanroth/no-scroll-email-custom-timesaving-email-application", 
      "rewards": "https://www.kickstarter.com/projects/evanroth/no-scroll-email-custom-timesaving-email-application/rewards"
    }
  }
}