{
  "backers_count": 18, 
  "blurb": "Easy-to-assemble hexapod kit & controller that enables servos to also act as sensors. Now legs & grippers can set/check applied force!", 
  "category": {
    "id": 52, 
    "name": "Hardware", 
    "parent_id": 16, 
    "position": 8, 
    "slug": "technology/hardware", 
    "urls": {
      "web": {
        "discover": "http://www.kickstarter.com/discover/categories/technology/hardware"
      }
    }
  }, 
  "country": "US", 
  "created_at": 1362582838, 
  "creator": {
    "avatar": {
      "medium": "https://s3.amazonaws.com/ksr/avatars/5042773/ecslogo.medium.jpg?1366495789", 
      "small": "https://s3.amazonaws.com/ksr/avatars/5042773/ecslogo.small.jpg?1366495789", 
      "thumb": "https://s3.amazonaws.com/ksr/avatars/5042773/ecslogo.thumb.jpg?1366495789"
    }, 
    "id": 1868411300, 
    "name": "Efficient Computer Systems, LLC", 
    "slug": "ecs87", 
    "urls": {
      "api": {
        "user": "https://api.kickstarter.com/v1/users/1868411300?signature=1405310419.aba0cfa5eba5ad5887c63fef8895bf6aa0f5d914"
      }, 
      "web": {
        "user": "https://www.kickstarter.com/profile/ecs87"
      }
    }
  }, 
  "currency": "USD", 
  "currency_symbol": "$", 
  "currency_trailing_code": true, 
  "deadline": 1373469901, 
  "disable_communication": false, 
  "goal": 10000.0, 
  "id": 1020642922, 
  "launched_at": 1368285901, 
  "location": {
    "country": "US", 
    "displayable_name": "Barnstead, NH", 
    "id": 2359461, 
    "name": "Barnstead", 
    "short_name": "Barnstead, NH", 
    "slug": "barnstead-nh", 
    "state": "NH", 
    "urls": {
      "api": {
        "nearby_projects": "https://api.kickstarter.com/v1/discover?signature=1405290900.b81db4745415443b22993e0c03e1b820e592e1df&woe_id=2359461"
      }, 
      "web": {
        "discover": "https://www.kickstarter.com/discover/places/barnstead-nh", 
        "location": "https://www.kickstarter.com/locations/barnstead-nh"
      }
    }
  }, 
  "name": "BOT-LOGIC Hexapod with Arduino Powered 30 amp Robot Shield", 
  "photo": {
    "1024x768": "https://s3.amazonaws.com/ksr/projects/481380/photo-1024x768.jpg?1397812644", 
    "1536x1152": "https://s3.amazonaws.com/ksr/projects/481380/photo-1536x1152.jpg?1397812644", 
    "ed": "https://s3.amazonaws.com/ksr/projects/481380/photo-ed.jpg?1397812644", 
    "full": "https://s3.amazonaws.com/ksr/projects/481380/photo-full.jpg?1397812644", 
    "little": "https://s3.amazonaws.com/ksr/projects/481380/photo-little.jpg?1397812644", 
    "med": "https://s3.amazonaws.com/ksr/projects/481380/photo-med.jpg?1397812644", 
    "small": "https://s3.amazonaws.com/ksr/projects/481380/photo-small.jpg?1397812644", 
    "thumb": "https://s3.amazonaws.com/ksr/projects/481380/photo-thumb.jpg?1397812644"
  }, 
  "pledged": 3508.0, 
  "slug": "bot-logic-hexapod-with-arduino-powered-30-amp-robo", 
  "state": "failed", 
  "state_changed_at": 1373469901, 
  "urls": {
    "web": {
      "project": "https://www.kickstarter.com/projects/ecs87/bot-logic-hexapod-with-arduino-powered-30-amp-robo", 
      "rewards": "https://www.kickstarter.com/projects/ecs87/bot-logic-hexapod-with-arduino-powered-30-amp-robo/rewards"
    }
  }
}