{
  "backers_count": 213, 
  "blurb": "International student team creating an unmanned aerial vehicle system to combat African rhino poaching and illicit wildlife trafficking", 
  "category": {
    "id": 336, 
    "name": "Flight", 
    "parent_id": 16, 
    "position": 6, 
    "slug": "technology/flight", 
    "urls": {
      "web": {
        "discover": "http://www.kickstarter.com/discover/categories/technology/flight"
      }
    }
  }, 
  "country": "US", 
  "created_at": 1390868418, 
  "creator": {
    "avatar": {
      "medium": "https://s3.amazonaws.com/ksr/avatars/9463121/EricSchmidtProfile.medium.jpg?1391186348", 
      "small": "https://s3.amazonaws.com/ksr/avatars/9463121/EricSchmidtProfile.small.jpg?1391186348", 
      "thumb": "https://s3.amazonaws.com/ksr/avatars/9463121/EricSchmidtProfile.thumb.jpg?1391186348"
    }, 
    "id": 846841162, 
    "name": "Eric Schmidt", 
    "urls": {
      "api": {
        "user": "https://api.kickstarter.com/v1/users/846841162?signature=1405310158.4b186c99da059a4a612a1a3f474f2f587fadabd1"
      }, 
      "web": {
        "user": "https://www.kickstarter.com/profile/846841162"
      }
    }
  }, 
  "currency": "USD", 
  "currency_symbol": "$", 
  "currency_trailing_code": true, 
  "deadline": 1396211195, 
  "disable_communication": false, 
  "goal": 20000.0, 
  "id": 1020357088, 
  "launched_at": 1393622795, 
  "location": {
    "country": "US", 
    "displayable_name": "Boulder, CO", 
    "id": 2367231, 
    "name": "Boulder", 
    "short_name": "Boulder, CO", 
    "slug": "boulder-co", 
    "state": "CO", 
    "urls": {
      "api": {
        "nearby_projects": "https://api.kickstarter.com/v1/discover?signature=1405283926.62a32eaab9c6f9b5b548bdd0120fc06e3e819e0a&woe_id=2367231"
      }, 
      "web": {
        "discover": "https://www.kickstarter.com/discover/places/boulder-co", 
        "location": "https://www.kickstarter.com/locations/boulder-co"
      }
    }
  }, 
  "name": "Team AREND Wildlife Conservation UAV", 
  "photo": {
    "1024x768": "https://s3.amazonaws.com/ksr/projects/847271/photo-1024x768.jpg?1397865572", 
    "1536x1152": "https://s3.amazonaws.com/ksr/projects/847271/photo-1536x1152.jpg?1397865572", 
    "ed": "https://s3.amazonaws.com/ksr/projects/847271/photo-ed.jpg?1397865572", 
    "full": "https://s3.amazonaws.com/ksr/projects/847271/photo-full.jpg?1397865572", 
    "little": "https://s3.amazonaws.com/ksr/projects/847271/photo-little.jpg?1397865572", 
    "med": "https://s3.amazonaws.com/ksr/projects/847271/photo-med.jpg?1397865572", 
    "small": "https://s3.amazonaws.com/ksr/projects/847271/photo-small.jpg?1397865572", 
    "thumb": "https://s3.amazonaws.com/ksr/projects/847271/photo-thumb.jpg?1397865572"
  }, 
  "pledged": 22403.0, 
  "slug": "team-arend-wildlife-conservation-uav", 
  "state": "successful", 
  "state_changed_at": 1396211195, 
  "urls": {
    "web": {
      "project": "https://www.kickstarter.com/projects/846841162/team-arend-wildlife-conservation-uav", 
      "rewards": "https://www.kickstarter.com/projects/846841162/team-arend-wildlife-conservation-uav/rewards"
    }
  }
}