{
  "backers_count": 1, 
  "blurb": "Android apps source code \u2013 library for settings & info pages, swipe navigation, DPAD navigation.", 
  "category": {
    "id": 51, 
    "name": "Software", 
    "parent_id": 16, 
    "position": 11, 
    "slug": "technology/software", 
    "urls": {
      "web": {
        "discover": "http://www.kickstarter.com/discover/categories/technology/software"
      }
    }
  }, 
  "country": "AU", 
  "created_at": 1397106699, 
  "creator": {
    "avatar": {
      "medium": "https://s3.amazonaws.com/ksr/avatars/10228335/profile_photo.medium.jpg?1397110167", 
      "small": "https://s3.amazonaws.com/ksr/avatars/10228335/profile_photo.small.jpg?1397110167", 
      "thumb": "https://s3.amazonaws.com/ksr/avatars/10228335/profile_photo.thumb.jpg?1397110167"
    }, 
    "id": 1617850601, 
    "name": "Guy Smith", 
    "urls": {
      "api": {
        "user": "https://api.kickstarter.com/v1/users/1617850601?signature=1405310657.61bbc355b61a1ce6fcde8f2722177858e497d3f0"
      }, 
      "web": {
        "user": "https://www.kickstarter.com/profile/1617850601"
      }
    }
  }, 
  "currency": "AUD", 
  "currency_symbol": "$", 
  "currency_trailing_code": true, 
  "deadline": 1402732835, 
  "disable_communication": false, 
  "goal": 500.0, 
  "id": 1020957507, 
  "launched_at": 1400140835, 
  "location": {
    "country": "AU", 
    "displayable_name": "Brisbane, AU", 
    "id": 1100661, 
    "name": "Brisbane", 
    "short_name": "Brisbane, AU", 
    "slug": "brisbane-au", 
    "state": "QLD", 
    "urls": {
      "api": {
        "nearby_projects": "https://api.kickstarter.com/v1/discover?signature=1405283925.4a32ed2870f9ad7ea58cd1477144e602916c4c4a&woe_id=1100661"
      }, 
      "web": {
        "discover": "https://www.kickstarter.com/discover/places/brisbane-au", 
        "location": "https://www.kickstarter.com/locations/brisbane-au"
      }
    }
  }, 
  "name": "Android navigation and settings page tools", 
  "photo": {
    "1024x768": "https://s3.amazonaws.com/ksr/projects/946844/photo-1024x768.jpg?1398999250", 
    "1536x1152": "https://s3.amazonaws.com/ksr/projects/946844/photo-1536x1152.jpg?1398999250", 
    "ed": "https://s3.amazonaws.com/ksr/projects/946844/photo-ed.jpg?1398999250", 
    "full": "https://s3.amazonaws.com/ksr/projects/946844/photo-full.jpg?1398999250", 
    "little": "https://s3.amazonaws.com/ksr/projects/946844/photo-little.jpg?1398999250", 
    "med": "https://s3.amazonaws.com/ksr/projects/946844/photo-med.jpg?1398999250", 
    "small": "https://s3.amazonaws.com/ksr/projects/946844/photo-small.jpg?1398999250", 
    "thumb": "https://s3.amazonaws.com/ksr/projects/946844/photo-thumb.jpg?1398999250"
  }, 
  "pledged": 10.0, 
  "slug": "android-navigation-and-settings-page-tools", 
  "state": "failed", 
  "state_changed_at": 1402732835, 
  "urls": {
    "web": {
      "project": "https://www.kickstarter.com/projects/1617850601/android-navigation-and-settings-page-tools", 
      "rewards": "https://www.kickstarter.com/projects/1617850601/android-navigation-and-settings-page-tools/rewards"
    }
  }
}