{
  "backers_count": 3, 
  "blurb": "Romeda is a free cloud based image manipulation platform and image delivery service.", 
  "category": {
    "id": 342, 
    "name": "Web", 
    "parent_id": 16, 
    "position": 15, 
    "slug": "technology/web", 
    "urls": {
      "web": {
        "discover": "http://www.kickstarter.com/discover/categories/technology/web"
      }
    }
  }, 
  "country": "CA", 
  "created_at": 1403998309, 
  "creator": {
    "avatar": {
      "medium": "https://s3.amazonaws.com/ksr/avatars/11172255/redpoint_r.medium.jpg?1404424686", 
      "small": "https://s3.amazonaws.com/ksr/avatars/11172255/redpoint_r.small.jpg?1404424686", 
      "thumb": "https://s3.amazonaws.com/ksr/avatars/11172255/redpoint_r.thumb.jpg?1404424686"
    }, 
    "id": 740649861, 
    "name": "Redpoint Development", 
    "urls": {
      "api": {
        "user": "https://api.kickstarter.com/v1/users/740649861?signature=1405310300.fe60861d12704a9d2c5850ad774f94ceb4869bae"
      }, 
      "web": {
        "user": "https://www.kickstarter.com/profile/740649861"
      }
    }
  }, 
  "currency": "CAD", 
  "currency_symbol": "$", 
  "currency_trailing_code": true, 
  "deadline": 1407017044, 
  "disable_communication": false, 
  "goal": 10000.0, 
  "id": 102192933, 
  "launched_at": 1404425044, 
  "location": {
    "country": "CA", 
    "displayable_name": "Toronto, Canada", 
    "id": 4118, 
    "name": "Toronto", 
    "short_name": "Toronto, Canada", 
    "slug": "toronto-on-ca", 
    "state": "ON", 
    "urls": {
      "api": {
        "nearby_projects": "https://api.kickstarter.com/v1/discover?signature=1405283922.d846628b5e3e23ac33c63f0d9923266125786c79&woe_id=4118"
      }, 
      "web": {
        "discover": "https://www.kickstarter.com/discover/places/toronto-on-ca", 
        "location": "https://www.kickstarter.com/locations/toronto-on-ca"
      }
    }
  }, 
  "name": "Romeda: image processing on the cloud", 
  "photo": {
    "1024x768": "https://s3.amazonaws.com/ksr/projects/1064853/photo-1024x768.jpg?1404098477", 
    "1536x1152": "https://s3.amazonaws.com/ksr/projects/1064853/photo-1536x1152.jpg?1404098477", 
    "ed": "https://s3.amazonaws.com/ksr/projects/1064853/photo-ed.jpg?1404098477", 
    "full": "https://s3.amazonaws.com/ksr/projects/1064853/photo-full.jpg?1404098477", 
    "little": "https://s3.amazonaws.com/ksr/projects/1064853/photo-little.jpg?1404098477", 
    "med": "https://s3.amazonaws.com/ksr/projects/1064853/photo-med.jpg?1404098477", 
    "small": "https://s3.amazonaws.com/ksr/projects/1064853/photo-small.jpg?1404098477", 
    "thumb": "https://s3.amazonaws.com/ksr/projects/1064853/photo-thumb.jpg?1404098477"
  }, 
  "pledged": 12.0, 
  "slug": "romeda-image-processing-on-the-cloud", 
  "state": "live", 
  "state_changed_at": 1404425044, 
  "urls": {
    "web": {
      "project": "https://www.kickstarter.com/projects/740649861/romeda-image-processing-on-the-cloud", 
      "rewards": "https://www.kickstarter.com/projects/740649861/romeda-image-processing-on-the-cloud/rewards"
    }
  }
}