{
  "backers_count": 9, 
  "blurb": "The MylaBox is an Arduino-compatible hardware development system that runs on Android.", 
  "category": {
    "id": 52, 
    "name": "Hardware", 
    "parent_id": 16, 
    "position": 8, 
    "slug": "technology/hardware", 
    "urls": {
      "web": {
        "discover": "http://www.kickstarter.com/discover/categories/technology/hardware"
      }
    }
  }, 
  "country": "US", 
  "created_at": 1335883961, 
  "creator": {
    "avatar": {
      "medium": "https://s3.amazonaws.com/ksr/avatars/2665340/photo_(2).medium.jpg?1381343341", 
      "small": "https://s3.amazonaws.com/ksr/avatars/2665340/photo_(2).small.jpg?1381343341", 
      "thumb": "https://s3.amazonaws.com/ksr/avatars/2665340/photo_(2).thumb.jpg?1381343341"
    }, 
    "id": 1776823111, 
    "name": "Steve Maxwell", 
    "slug": "stevemaxwell", 
    "urls": {
      "api": {
        "user": "https://api.kickstarter.com/v1/users/1776823111?signature=1405310521.508ba45d09087ec1a3d38f52284a27bc47e70397"
      }, 
      "web": {
        "user": "https://www.kickstarter.com/profile/stevemaxwell"
      }
    }
  }, 
  "currency": "USD", 
  "currency_symbol": "$", 
  "currency_trailing_code": true, 
  "deadline": 1384489394, 
  "disable_communication": false, 
  "goal": 5000.0, 
  "id": 1021894248, 
  "launched_at": 1381029794, 
  "location": {
    "country": "US", 
    "displayable_name": "Sunnyvale, CA", 
    "id": 2502265, 
    "name": "Sunnyvale", 
    "short_name": "Sunnyvale, CA", 
    "slug": "sunnyvale-ca", 
    "state": "CA", 
    "urls": {
      "api": {
        "nearby_projects": "https://api.kickstarter.com/v1/discover?signature=1405283932.75ab7bb3374c342956178a353d726ce0a22a12e2&woe_id=2502265"
      }, 
      "web": {
        "discover": "https://www.kickstarter.com/discover/places/sunnyvale-ca", 
        "location": "https://www.kickstarter.com/locations/sunnyvale-ca"
      }
    }
  }, 
  "name": "MylaBox - A starting point for hardware projects", 
  "photo": {
    "1024x768": "https://s3.amazonaws.com/ksr/projects/163887/photo-1024x768.jpg?1397780531", 
    "1536x1152": "https://s3.amazonaws.com/ksr/projects/163887/photo-1536x1152.jpg?1397780531", 
    "ed": "https://s3.amazonaws.com/ksr/projects/163887/photo-ed.jpg?1397780531", 
    "full": "https://s3.amazonaws.com/ksr/projects/163887/photo-full.jpg?1397780531", 
    "little": "https://s3.amazonaws.com/ksr/projects/163887/photo-little.jpg?1397780531", 
    "med": "https://s3.amazonaws.com/ksr/projects/163887/photo-med.jpg?1397780531", 
    "small": "https://s3.amazonaws.com/ksr/projects/163887/photo-small.jpg?1397780531", 
    "thumb": "https://s3.amazonaws.com/ksr/projects/163887/photo-thumb.jpg?1397780531"
  }, 
  "pledged": 686.0, 
  "slug": "mylabox-a-starting-point-for-hardware-projects", 
  "state": "failed", 
  "state_changed_at": 1384489394, 
  "urls": {
    "web": {
      "project": "https://www.kickstarter.com/projects/stevemaxwell/mylabox-a-starting-point-for-hardware-projects", 
      "rewards": "https://www.kickstarter.com/projects/stevemaxwell/mylabox-a-starting-point-for-hardware-projects/rewards"
    }
  }
}