{
  "backers_count": 610, 
  "blurb": "A new, technologically innovative screw design which solves many of the age old problems related to poor screw performance.", 
  "category": {
    "id": 16, 
    "name": "Technology", 
    "position": 14, 
    "slug": "technology", 
    "urls": {
      "web": {
        "discover": "http://www.kickstarter.com/discover/categories/technology"
      }
    }
  }, 
  "country": "US", 
  "created_at": 1356804602, 
  "creator": {
    "avatar": {
      "medium": "https://s3.amazonaws.com/ksr/avatars/5052583/outlaw_logo_large.medium.jpg?1380548903", 
      "small": "https://s3.amazonaws.com/ksr/avatars/5052583/outlaw_logo_large.small.jpg?1380548903", 
      "thumb": "https://s3.amazonaws.com/ksr/avatars/5052583/outlaw_logo_large.thumb.jpg?1380548903"
    }, 
    "id": 97258600, 
    "name": "Outlaw Fasteners", 
    "slug": "outlawfasteners", 
    "urls": {
      "api": {
        "user": "https://api.kickstarter.com/v1/users/97258600?signature=1405310093.d1c9c57bcfc656f7361543b6906aa3e7348eb434"
      }, 
      "web": {
        "user": "https://www.kickstarter.com/profile/outlawfasteners"
      }
    }
  }, 
  "currency": "USD", 
  "currency_symbol": "$", 
  "currency_trailing_code": true, 
  "deadline": 1383191940, 
  "disable_communication": false, 
  "goal": 100000.0, 
  "id": 1022046093, 
  "launched_at": 1380565409, 
  "location": {
    "country": "US", 
    "displayable_name": "Charlotte, NC", 
    "id": 2378426, 
    "name": "Charlotte", 
    "short_name": "Charlotte, NC", 
    "slug": "charlotte-nc", 
    "state": "NC", 
    "urls": {
      "api": {
        "nearby_projects": "https://api.kickstarter.com/v1/discover?signature=1405283927.31e61c75288b51cc4d439457a1fee5b0ff9110f3&woe_id=2378426"
      }, 
      "web": {
        "discover": "https://www.kickstarter.com/discover/places/charlotte-nc", 
        "location": "https://www.kickstarter.com/locations/charlotte-nc"
      }
    }
  }, 
  "name": "Screwing Reinvented: The World's Best Deck Screw", 
  "photo": {
    "1024x768": "https://s3.amazonaws.com/ksr/projects/422180/photo-1024x768.jpg?1397806404", 
    "1536x1152": "https://s3.amazonaws.com/ksr/projects/422180/photo-1536x1152.jpg?1397806404", 
    "ed": "https://s3.amazonaws.com/ksr/projects/422180/photo-ed.jpg?1397806404", 
    "full": "https://s3.amazonaws.com/ksr/projects/422180/photo-full.jpg?1397806404", 
    "little": "https://s3.amazonaws.com/ksr/projects/422180/photo-little.jpg?1397806404", 
    "med": "https://s3.amazonaws.com/ksr/projects/422180/photo-med.jpg?1397806404", 
    "small": "https://s3.amazonaws.com/ksr/projects/422180/photo-small.jpg?1397806404", 
    "thumb": "https://s3.amazonaws.com/ksr/projects/422180/photo-thumb.jpg?1397806404"
  }, 
  "pledged": 109926.5, 
  "slug": "screwing-reinvented-the-worlds-best-deck-screw", 
  "state": "successful", 
  "state_changed_at": 1383191940, 
  "urls": {
    "web": {
      "project": "https://www.kickstarter.com/projects/outlawfasteners/screwing-reinvented-the-worlds-best-deck-screw", 
      "rewards": "https://www.kickstarter.com/projects/outlawfasteners/screwing-reinvented-the-worlds-best-deck-screw/rewards"
    }
  }
}