{
  "backers_count": 3, 
  "blurb": "The completion of our prototype Flat Four Air Cooled Race Engine, with the end goal of making a production 2000hp Big Block version.", 
  "category": {
    "id": 16, 
    "name": "Technology", 
    "position": 14, 
    "slug": "technology", 
    "urls": {
      "web": {
        "discover": "http://www.kickstarter.com/discover/categories/technology"
      }
    }
  }, 
  "country": "NZ", 
  "created_at": 1391102178, 
  "creator": {
    "avatar": {
      "medium": "https://s3.amazonaws.com/ksr/avatars/8757919/Greg.medium.jpg?1388700388", 
      "small": "https://s3.amazonaws.com/ksr/avatars/8757919/Greg.small.jpg?1388700388", 
      "thumb": "https://s3.amazonaws.com/ksr/avatars/8757919/Greg.thumb.jpg?1388700388"
    }, 
    "id": 453119162, 
    "name": "Greg Anderson", 
    "urls": {
      "api": {
        "user": "https://api.kickstarter.com/v1/users/453119162?signature=1405310596.3bb70b26b3b5f45d83d274d509bc3c7d47533f9f"
      }, 
      "web": {
        "user": "https://www.kickstarter.com/profile/453119162"
      }
    }
  }, 
  "currency": "NZD", 
  "currency_symbol": "$", 
  "currency_trailing_code": true, 
  "deadline": 1393866799, 
  "disable_communication": false, 
  "goal": 40000.0, 
  "id": 1023329443, 
  "launched_at": 1392052399, 
  "location": {
    "country": "NZ", 
    "displayable_name": "Nelson, NZ", 
    "id": 2349669, 
    "name": "Nelson", 
    "short_name": "Nelson, NZ", 
    "slug": "nelson-nz", 
    "state": "Nelson", 
    "urls": {
      "api": {
        "nearby_projects": "https://api.kickstarter.com/v1/discover?signature=1405283945.1171e3fa75b36593e41940d07d2a4b87313ca808&woe_id=2349669"
      }, 
      "web": {
        "discover": "https://www.kickstarter.com/discover/places/nelson-nz", 
        "location": "https://www.kickstarter.com/locations/nelson-nz"
      }
    }
  }, 
  "name": "The Ultimate Air Cooled Race Engine", 
  "photo": {
    "1024x768": "https://s3.amazonaws.com/ksr/projects/851038/photo-1024x768.jpg?1397866023", 
    "1536x1152": "https://s3.amazonaws.com/ksr/projects/851038/photo-1536x1152.jpg?1397866023", 
    "ed": "https://s3.amazonaws.com/ksr/projects/851038/photo-ed.jpg?1397866023", 
    "full": "https://s3.amazonaws.com/ksr/projects/851038/photo-full.jpg?1397866023", 
    "little": "https://s3.amazonaws.com/ksr/projects/851038/photo-little.jpg?1397866023", 
    "med": "https://s3.amazonaws.com/ksr/projects/851038/photo-med.jpg?1397866023", 
    "small": "https://s3.amazonaws.com/ksr/projects/851038/photo-small.jpg?1397866023", 
    "thumb": "https://s3.amazonaws.com/ksr/projects/851038/photo-thumb.jpg?1397866023"
  }, 
  "pledged": 165.0, 
  "slug": "the-ultimate-air-cooled-race-engine", 
  "state": "failed", 
  "state_changed_at": 1393866802, 
  "urls": {
    "web": {
      "project": "https://www.kickstarter.com/projects/453119162/the-ultimate-air-cooled-race-engine", 
      "rewards": "https://www.kickstarter.com/projects/453119162/the-ultimate-air-cooled-race-engine/rewards"
    }
  }
}