{
  "backers_count": 9, 
  "blurb": "Share, sync or archive your files both large and small with the power of gitdrop - a solution implementing git with advanced features!", 
  "category": {
    "id": 51, 
    "name": "Software", 
    "parent_id": 16, 
    "position": 11, 
    "slug": "technology/software", 
    "urls": {
      "web": {
        "discover": "http://www.kickstarter.com/discover/categories/technology/software"
      }
    }
  }, 
  "country": "US", 
  "created_at": 1371135399, 
  "creator": {
    "avatar": {
      "medium": "https://s3.amazonaws.com/ksr/avatars/6579561/Screen_Shot_2014-06-23_at_2.35.42_PM.medium.jpg?1403548554", 
      "small": "https://s3.amazonaws.com/ksr/avatars/6579561/Screen_Shot_2014-06-23_at_2.35.42_PM.small.jpg?1403548554", 
      "thumb": "https://s3.amazonaws.com/ksr/avatars/6579561/Screen_Shot_2014-06-23_at_2.35.42_PM.thumb.jpg?1403548554"
    }, 
    "id": 121693806, 
    "name": "ClearWave Partners", 
    "urls": {
      "api": {
        "user": "https://api.kickstarter.com/v1/users/121693806?signature=1405310568.ff2eb4657f047172558ed23cd915e13639eaf17e"
      }, 
      "web": {
        "user": "https://www.kickstarter.com/profile/121693806"
      }
    }
  }, 
  "currency": "USD", 
  "currency_symbol": "$", 
  "currency_trailing_code": true, 
  "deadline": 1374754859, 
  "disable_communication": false, 
  "goal": 17500.0, 
  "id": 1023570729, 
  "launched_at": 1372162859, 
  "location": {
    "country": "US", 
    "displayable_name": "Washington, DC", 
    "id": 2514815, 
    "name": "Washington", 
    "short_name": "Washington, DC", 
    "slug": "washington-dc", 
    "state": "DC", 
    "urls": {
      "api": {
        "nearby_projects": "https://api.kickstarter.com/v1/discover?signature=1405283925.d6ff3b998155cdde2b1378e8496e256b437777bd&woe_id=2514815"
      }, 
      "web": {
        "discover": "https://www.kickstarter.com/discover/places/washington-dc", 
        "location": "https://www.kickstarter.com/locations/washington-dc"
      }
    }
  }, 
  "name": "gitdrop", 
  "photo": {
    "1024x768": "https://s3.amazonaws.com/ksr/projects/588665/photo-1024x768.jpg?1397824035", 
    "1536x1152": "https://s3.amazonaws.com/ksr/projects/588665/photo-1536x1152.jpg?1397824035", 
    "ed": "https://s3.amazonaws.com/ksr/projects/588665/photo-ed.jpg?1397824035", 
    "full": "https://s3.amazonaws.com/ksr/projects/588665/photo-full.jpg?1397824035", 
    "little": "https://s3.amazonaws.com/ksr/projects/588665/photo-little.jpg?1397824035", 
    "med": "https://s3.amazonaws.com/ksr/projects/588665/photo-med.jpg?1397824035", 
    "small": "https://s3.amazonaws.com/ksr/projects/588665/photo-small.jpg?1397824035", 
    "thumb": "https://s3.amazonaws.com/ksr/projects/588665/photo-thumb.jpg?1397824035"
  }, 
  "pledged": 271.0, 
  "slug": "gitdrop", 
  "state": "failed", 
  "state_changed_at": 1374754859, 
  "urls": {
    "web": {
      "project": "https://www.kickstarter.com/projects/121693806/gitdrop", 
      "rewards": "https://www.kickstarter.com/projects/121693806/gitdrop/rewards"
    }
  }
}