{
  "backers_count": 192, 
  "blurb": "A game-changing new solar car design in a 3000km solar marathon across Australia. Support Cambridge University Eco Racing.", 
  "category": {
    "id": 16, 
    "name": "Technology", 
    "position": 14, 
    "slug": "technology", 
    "urls": {
      "web": {
        "discover": "http://www.kickstarter.com/discover/categories/technology"
      }
    }
  }, 
  "country": "GB", 
  "created_at": 1353367422, 
  "creator": {
    "avatar": {
      "medium": "https://s3.amazonaws.com/ksr/avatars/4707434/CUERICON.medium.jpg?1353412819", 
      "small": "https://s3.amazonaws.com/ksr/avatars/4707434/CUERICON.small.jpg?1353412819", 
      "thumb": "https://s3.amazonaws.com/ksr/avatars/4707434/CUERICON.thumb.jpg?1353412819"
    }, 
    "id": 704143762, 
    "name": "CUER", 
    "urls": {
      "api": {
        "user": "https://api.kickstarter.com/v1/users/704143762?signature=1405310171.a196fba52b12a0a0f60429410144e30a5926f76e"
      }, 
      "web": {
        "user": "https://www.kickstarter.com/profile/704143762"
      }
    }
  }, 
  "currency": "GBP", 
  "currency_symbol": "\u00a3", 
  "currency_trailing_code": false, 
  "deadline": 1357430400, 
  "disable_communication": false, 
  "goal": 10000.0, 
  "id": 1023720141, 
  "launched_at": 1354059725, 
  "location": {
    "country": "GB", 
    "displayable_name": "Cambridge, UK", 
    "id": 14979, 
    "name": "Cambridge", 
    "short_name": "Cambridge, UK", 
    "slug": "cambridge-cambridge-city-gb", 
    "state": "England", 
    "urls": {
      "api": {
        "nearby_projects": "https://api.kickstarter.com/v1/discover?signature=1405283924.0c1490d7f35e5358ad1235634cd91138b84a9657&woe_id=14979"
      }, 
      "web": {
        "discover": "https://www.kickstarter.com/discover/places/cambridge-cambridge-city-gb", 
        "location": "https://www.kickstarter.com/locations/cambridge-cambridge-city-gb"
      }
    }
  }, 
  "name": "CUER: the UK's number one solar car team", 
  "photo": {
    "1024x768": "https://s3.amazonaws.com/ksr/projects/395644/photo-1024x768.jpg?1397803477", 
    "1536x1152": "https://s3.amazonaws.com/ksr/projects/395644/photo-1536x1152.jpg?1397803477", 
    "ed": "https://s3.amazonaws.com/ksr/projects/395644/photo-ed.jpg?1397803477", 
    "full": "https://s3.amazonaws.com/ksr/projects/395644/photo-full.jpg?1397803477", 
    "little": "https://s3.amazonaws.com/ksr/projects/395644/photo-little.jpg?1397803477", 
    "med": "https://s3.amazonaws.com/ksr/projects/395644/photo-med.jpg?1397803477", 
    "small": "https://s3.amazonaws.com/ksr/projects/395644/photo-small.jpg?1397803477", 
    "thumb": "https://s3.amazonaws.com/ksr/projects/395644/photo-thumb.jpg?1397803477"
  }, 
  "pledged": 10524.1, 
  "slug": "cuer-the-uks-number-one-solar-car-team", 
  "state": "successful", 
  "state_changed_at": 1357430431, 
  "urls": {
    "web": {
      "project": "https://www.kickstarter.com/projects/704143762/cuer-the-uks-number-one-solar-car-team", 
      "rewards": "https://www.kickstarter.com/projects/704143762/cuer-the-uks-number-one-solar-car-team/rewards"
    }
  }
}