{
  "backers_count": 2, 
  "blurb": "An app that sheds light on senators and representatives true motivations by aggregating the peoples vote vs external pressures.", 
  "category": {
    "id": 332, 
    "name": "Apps", 
    "parent_id": 16, 
    "position": 2, 
    "slug": "technology/apps", 
    "urls": {
      "web": {
        "discover": "http://www.kickstarter.com/discover/categories/technology/apps"
      }
    }
  }, 
  "country": "US", 
  "created_at": 1404351725, 
  "creator": {
    "avatar": {
      "medium": "https://s3.amazonaws.com/ksr/avatars/11218905/photo.medium.jpg?1404385328", 
      "small": "https://s3.amazonaws.com/ksr/avatars/11218905/photo.small.jpg?1404385328", 
      "thumb": "https://s3.amazonaws.com/ksr/avatars/11218905/photo.thumb.jpg?1404385328"
    }, 
    "id": 1386592009, 
    "name": "Alex Ewing", 
    "urls": {
      "api": {
        "user": "https://api.kickstarter.com/v1/users/1386592009?signature=1405310291.6703d3d6ff0b62ef058eb167c48e5e7cb222c284"
      }, 
      "web": {
        "user": "https://www.kickstarter.com/profile/1386592009"
      }
    }
  }, 
  "currency": "USD", 
  "currency_symbol": "$", 
  "currency_trailing_code": true, 
  "deadline": 1406977479, 
  "disable_communication": false, 
  "goal": 10000.0, 
  "id": 1024206640, 
  "launched_at": 1404385479, 
  "location": {
    "country": "US", 
    "displayable_name": "Washington, DC", 
    "id": 2514815, 
    "name": "Washington", 
    "short_name": "Washington, DC", 
    "slug": "washington-dc", 
    "state": "DC", 
    "urls": {
      "api": {
        "nearby_projects": "https://api.kickstarter.com/v1/discover?signature=1405283925.d6ff3b998155cdde2b1378e8496e256b437777bd&woe_id=2514815"
      }, 
      "web": {
        "discover": "https://www.kickstarter.com/discover/places/washington-dc", 
        "location": "https://www.kickstarter.com/locations/washington-dc"
      }
    }
  }, 
  "name": "okular", 
  "photo": {
    "1024x768": "https://s3.amazonaws.com/ksr/projects/1070823/photo-1024x768.jpg?1404352753", 
    "1536x1152": "https://s3.amazonaws.com/ksr/projects/1070823/photo-1536x1152.jpg?1404352753", 
    "ed": "https://s3.amazonaws.com/ksr/projects/1070823/photo-ed.jpg?1404352753", 
    "full": "https://s3.amazonaws.com/ksr/projects/1070823/photo-full.jpg?1404352753", 
    "little": "https://s3.amazonaws.com/ksr/projects/1070823/photo-little.jpg?1404352753", 
    "med": "https://s3.amazonaws.com/ksr/projects/1070823/photo-med.jpg?1404352753", 
    "small": "https://s3.amazonaws.com/ksr/projects/1070823/photo-small.jpg?1404352753", 
    "thumb": "https://s3.amazonaws.com/ksr/projects/1070823/photo-thumb.jpg?1404352753"
  }, 
  "pledged": 50.0, 
  "slug": "okular", 
  "state": "live", 
  "state_changed_at": 1404385479, 
  "urls": {
    "web": {
      "project": "https://www.kickstarter.com/projects/1386592009/okular", 
      "rewards": "https://www.kickstarter.com/projects/1386592009/okular/rewards"
    }
  }
}