{
  "backers_count": 36, 
  "blurb": "Two processor boards to choose from! Functions include servo motor control, panic alarm, Arduino compatible outputs & one talks to you!", 
  "category": {
    "id": 52, 
    "name": "Hardware", 
    "parent_id": 16, 
    "position": 8, 
    "slug": "technology/hardware", 
    "urls": {
      "web": {
        "discover": "http://www.kickstarter.com/discover/categories/technology/hardware"
      }
    }
  }, 
  "country": "CA", 
  "created_at": 1394915714, 
  "creator": {
    "avatar": {
      "medium": "https://s3.amazonaws.com/ksr/avatars/7947006/DSC_2299.medium.jpg?1379286872", 
      "small": "https://s3.amazonaws.com/ksr/avatars/7947006/DSC_2299.small.jpg?1379286872", 
      "thumb": "https://s3.amazonaws.com/ksr/avatars/7947006/DSC_2299.thumb.jpg?1379286872"
    }, 
    "id": 172204344, 
    "name": "Patrick Thomas Mitchell", 
    "urls": {
      "api": {
        "user": "https://api.kickstarter.com/v1/users/172204344?signature=1405310249.d7f885aad372ebd7f5027fe1830d89e259756904"
      }, 
      "web": {
        "user": "https://www.kickstarter.com/profile/172204344"
      }
    }
  }, 
  "currency": "CAD", 
  "currency_symbol": "$", 
  "currency_trailing_code": true, 
  "deadline": 1398290291, 
  "disable_communication": false, 
  "goal": 2000.0, 
  "id": 1024874385, 
  "launched_at": 1395698291, 
  "location": {
    "country": "CA", 
    "displayable_name": "Carleton Place, Canada", 
    "id": 3379, 
    "name": "Carleton Place", 
    "short_name": "Carleton Place, Canada", 
    "slug": "carleton-place-ca", 
    "state": "ON", 
    "urls": {
      "api": {
        "nearby_projects": "https://api.kickstarter.com/v1/discover?signature=1405284211.12909e3025e16bb09f59cc3f2c86894fd780b04b&woe_id=3379"
      }, 
      "web": {
        "discover": "https://www.kickstarter.com/discover/places/carleton-place-ca", 
        "location": "https://www.kickstarter.com/locations/carleton-place-ca"
      }
    }
  }, 
  "name": "The Arduino Compatible 4x4 Keypad Matrix Processor Set", 
  "photo": {
    "1024x768": "https://s3.amazonaws.com/ksr/projects/910712/photo-1024x768.jpg?1397872138", 
    "1536x1152": "https://s3.amazonaws.com/ksr/projects/910712/photo-1536x1152.jpg?1397872138", 
    "ed": "https://s3.amazonaws.com/ksr/projects/910712/photo-ed.jpg?1397872138", 
    "full": "https://s3.amazonaws.com/ksr/projects/910712/photo-full.jpg?1397872138", 
    "little": "https://s3.amazonaws.com/ksr/projects/910712/photo-little.jpg?1397872138", 
    "med": "https://s3.amazonaws.com/ksr/projects/910712/photo-med.jpg?1397872138", 
    "small": "https://s3.amazonaws.com/ksr/projects/910712/photo-small.jpg?1397872138", 
    "thumb": "https://s3.amazonaws.com/ksr/projects/910712/photo-thumb.jpg?1397872138"
  }, 
  "pledged": 2337.0, 
  "slug": "the-arduino-compatible-4x4-keypad-matrix-processor", 
  "state": "successful", 
  "state_changed_at": 1398290291, 
  "urls": {
    "web": {
      "project": "https://www.kickstarter.com/projects/172204344/the-arduino-compatible-4x4-keypad-matrix-processor", 
      "rewards": "https://www.kickstarter.com/projects/172204344/the-arduino-compatible-4x4-keypad-matrix-processor/rewards"
    }
  }
}