{
  "backers_count": 18, 
  "blurb": "The 'Pinch' automatically turns devices on only when the user is around to care. \"If you're not using it --- why's it still on?\"", 
  "category": {
    "id": 52, 
    "name": "Hardware", 
    "parent_id": 16, 
    "position": 8, 
    "slug": "technology/hardware", 
    "urls": {
      "web": {
        "discover": "http://www.kickstarter.com/discover/categories/technology/hardware"
      }
    }
  }, 
  "country": "US", 
  "created_at": 1360859559, 
  "creator": {
    "avatar": {
      "medium": "https://s3.amazonaws.com/ksr/avatars/5466336/IMG_9755.medium.jpg?1374004071", 
      "small": "https://s3.amazonaws.com/ksr/avatars/5466336/IMG_9755.small.jpg?1374004071", 
      "thumb": "https://s3.amazonaws.com/ksr/avatars/5466336/IMG_9755.thumb.jpg?1374004071"
    }, 
    "id": 370497449, 
    "name": "Birkeland Current", 
    "urls": {
      "api": {
        "user": "https://api.kickstarter.com/v1/users/370497449?signature=1405310426.80f8f09a05975047cad6d7e09386497835727da9"
      }, 
      "web": {
        "user": "https://www.kickstarter.com/profile/370497449"
      }
    }
  }, 
  "currency": "USD", 
  "currency_symbol": "$", 
  "currency_trailing_code": true, 
  "deadline": 1379702755, 
  "disable_communication": false, 
  "goal": 50000.0, 
  "id": 1025123590, 
  "launched_at": 1377110755, 
  "location": {
    "country": "US", 
    "displayable_name": "Waco, TX", 
    "id": 2512937, 
    "name": "Waco", 
    "short_name": "Waco, TX", 
    "slug": "waco-tx", 
    "state": "TX", 
    "urls": {
      "api": {
        "nearby_projects": "https://api.kickstarter.com/v1/discover?signature=1405283955.86dc3a4cb6fe012092108b7e037d82be688e7fb5&woe_id=2512937"
      }, 
      "web": {
        "discover": "https://www.kickstarter.com/discover/places/waco-tx", 
        "location": "https://www.kickstarter.com/locations/waco-tx"
      }
    }
  }, 
  "name": "The Pinch: An easy way to conserve up to 35% of energy use", 
  "photo": {
    "1024x768": "https://s3.amazonaws.com/ksr/projects/462625/photo-1024x768.jpg?1397810646", 
    "1536x1152": "https://s3.amazonaws.com/ksr/projects/462625/photo-1536x1152.jpg?1397810646", 
    "ed": "https://s3.amazonaws.com/ksr/projects/462625/photo-ed.jpg?1397810646", 
    "full": "https://s3.amazonaws.com/ksr/projects/462625/photo-full.jpg?1397810646", 
    "little": "https://s3.amazonaws.com/ksr/projects/462625/photo-little.jpg?1397810646", 
    "med": "https://s3.amazonaws.com/ksr/projects/462625/photo-med.jpg?1397810646", 
    "small": "https://s3.amazonaws.com/ksr/projects/462625/photo-small.jpg?1397810646", 
    "thumb": "https://s3.amazonaws.com/ksr/projects/462625/photo-thumb.jpg?1397810646"
  }, 
  "pledged": 3208.0, 
  "slug": "birkeland-current-pinch-proximity-based-energy-sav", 
  "state": "failed", 
  "state_changed_at": 1379702755, 
  "urls": {
    "web": {
      "project": "https://www.kickstarter.com/projects/370497449/birkeland-current-pinch-proximity-based-energy-sav", 
      "rewards": "https://www.kickstarter.com/projects/370497449/birkeland-current-pinch-proximity-based-energy-sav/rewards"
    }
  }
}