{
  "backers_count": 4420, 
  "blurb": "It's affordable, small, lightweight, and unique.  It's a 3D printer in a class all its own!", 
  "category": {
    "id": 331, 
    "name": "3D Printing", 
    "parent_id": 16, 
    "position": 1, 
    "slug": "technology/3d printing", 
    "urls": {
      "web": {
        "discover": "http://www.kickstarter.com/discover/categories/technology/3d%20printing"
      }
    }
  }, 
  "country": "CA", 
  "created_at": 1375932774, 
  "creator": {
    "avatar": {
      "medium": "https://s3.amazonaws.com/ksr/avatars/5599084/fb_profile_picture.medium.jpg?1377810651", 
      "small": "https://s3.amazonaws.com/ksr/avatars/5599084/fb_profile_picture.small.jpg?1377810651", 
      "thumb": "https://s3.amazonaws.com/ksr/avatars/5599084/fb_profile_picture.thumb.jpg?1377810651"
    }, 
    "id": 117421627, 
    "name": "Rinnovated Design", 
    "urls": {
      "api": {
        "user": "https://api.kickstarter.com/v1/users/117421627?signature=1405309983.9f49c1ca31538673bf56d7eb32bb47510bb3120c"
      }, 
      "web": {
        "user": "https://www.kickstarter.com/profile/117421627"
      }
    }
  }, 
  "currency": "CAD", 
  "currency_symbol": "$", 
  "currency_trailing_code": true, 
  "deadline": 1382304074, 
  "disable_communication": false, 
  "goal": 50000.0, 
  "id": 1025701043, 
  "launched_at": 1379712074, 
  "location": {
    "country": "CA", 
    "displayable_name": "Saskatchewan, Canada", 
    "id": 29373382, 
    "name": "Saskatchewan", 
    "short_name": "Saskatchewan, Canada", 
    "slug": "saskatchewan-ca", 
    "state": "MB", 
    "urls": {
      "api": {
        "nearby_projects": "https://api.kickstarter.com/v1/discover?signature=1405283964.f05c7586011a86033c35475a4998036da58f139e&woe_id=29373382"
      }, 
      "web": {
        "discover": "https://www.kickstarter.com/discover/places/saskatchewan-ca", 
        "location": "https://www.kickstarter.com/locations/saskatchewan-ca"
      }
    }
  }, 
  "name": "The Peachy Printer - The First $100 3D Printer & Scanner!", 
  "photo": {
    "1024x768": "https://s3.amazonaws.com/ksr/projects/643242/photo-1024x768.jpg?1397830066", 
    "1536x1152": "https://s3.amazonaws.com/ksr/projects/643242/photo-1536x1152.jpg?1397830066", 
    "ed": "https://s3.amazonaws.com/ksr/projects/643242/photo-ed.jpg?1397830066", 
    "full": "https://s3.amazonaws.com/ksr/projects/643242/photo-full.jpg?1397830066", 
    "little": "https://s3.amazonaws.com/ksr/projects/643242/photo-little.jpg?1397830066", 
    "med": "https://s3.amazonaws.com/ksr/projects/643242/photo-med.jpg?1397830066", 
    "small": "https://s3.amazonaws.com/ksr/projects/643242/photo-small.jpg?1397830066", 
    "thumb": "https://s3.amazonaws.com/ksr/projects/643242/photo-thumb.jpg?1397830066"
  }, 
  "pledged": 651091.16, 
  "slug": "the-peachy-printer-the-first-100-3d-printer-and-sc", 
  "state": "successful", 
  "state_changed_at": 1382304074, 
  "urls": {
    "web": {
      "project": "https://www.kickstarter.com/projects/117421627/the-peachy-printer-the-first-100-3d-printer-and-sc", 
      "rewards": "https://www.kickstarter.com/projects/117421627/the-peachy-printer-the-first-100-3d-printer-and-sc/rewards"
    }
  }
}