{
  "backers_count": 54, 
  "blurb": "A rich harmonic distortion guitar effect pedal, 100% analog, packed in a polished aluminum case, and handmade in Fort Worth,Texas, USA.", 
  "category": {
    "id": 52, 
    "name": "Hardware", 
    "parent_id": 16, 
    "position": 8, 
    "slug": "technology/hardware", 
    "urls": {
      "web": {
        "discover": "http://www.kickstarter.com/discover/categories/technology/hardware"
      }
    }
  }, 
  "country": "US", 
  "created_at": 1374022390, 
  "creator": {
    "avatar": {
      "medium": "https://s3.amazonaws.com/ksr/avatars/7337286/Texas_Harmonic_emblem.medium.jpg?1379920782", 
      "small": "https://s3.amazonaws.com/ksr/avatars/7337286/Texas_Harmonic_emblem.small.jpg?1379920782", 
      "thumb": "https://s3.amazonaws.com/ksr/avatars/7337286/Texas_Harmonic_emblem.thumb.jpg?1379920782"
    }, 
    "id": 1544038838, 
    "name": "Texas Harmonic", 
    "urls": {
      "api": {
        "user": "https://api.kickstarter.com/v1/users/1544038838?signature=1405310005.f9be959c57428a346826876de4f306ccda232888"
      }, 
      "web": {
        "user": "https://www.kickstarter.com/profile/1544038838"
      }
    }
  }, 
  "currency": "USD", 
  "currency_symbol": "$", 
  "currency_trailing_code": true, 
  "deadline": 1383762454, 
  "disable_communication": false, 
  "goal": 3500.0, 
  "id": 1025449476, 
  "launched_at": 1381166854, 
  "location": {
    "country": "US", 
    "displayable_name": "Fort Worth, TX", 
    "id": 2406080, 
    "name": "Fort Worth", 
    "short_name": "Fort Worth, TX", 
    "slug": "fort-worth-tarrant-tx", 
    "state": "TX", 
    "urls": {
      "api": {
        "nearby_projects": "https://api.kickstarter.com/v1/discover?signature=1405283942.0c38cda5f8317c56fe284d14d81f596298a2168a&woe_id=2406080"
      }, 
      "web": {
        "discover": "https://www.kickstarter.com/discover/places/fort-worth-tarrant-tx", 
        "location": "https://www.kickstarter.com/locations/fort-worth-tarrant-tx"
      }
    }
  }, 
  "name": "Hot Mod 800 - Hot Rodded Valve Distortion Effect Pedal", 
  "photo": {
    "1024x768": "https://s3.amazonaws.com/ksr/projects/620611/photo-1024x768.jpg?1397827543", 
    "1536x1152": "https://s3.amazonaws.com/ksr/projects/620611/photo-1536x1152.jpg?1397827543", 
    "ed": "https://s3.amazonaws.com/ksr/projects/620611/photo-ed.jpg?1397827543", 
    "full": "https://s3.amazonaws.com/ksr/projects/620611/photo-full.jpg?1397827543", 
    "little": "https://s3.amazonaws.com/ksr/projects/620611/photo-little.jpg?1397827543", 
    "med": "https://s3.amazonaws.com/ksr/projects/620611/photo-med.jpg?1397827543", 
    "small": "https://s3.amazonaws.com/ksr/projects/620611/photo-small.jpg?1397827543", 
    "thumb": "https://s3.amazonaws.com/ksr/projects/620611/photo-thumb.jpg?1397827543"
  }, 
  "pledged": 7518.0, 
  "slug": "hot-mod-800-hot-rodded-valve-distortion-effect-ped", 
  "state": "successful", 
  "state_changed_at": 1383762454, 
  "urls": {
    "web": {
      "project": "https://www.kickstarter.com/projects/1544038838/hot-mod-800-hot-rodded-valve-distortion-effect-ped", 
      "rewards": "https://www.kickstarter.com/projects/1544038838/hot-mod-800-hot-rodded-valve-distortion-effect-ped/rewards"
    }
  }
}