{
  "backers_count": 0, 
  "blurb": "I am a soon to start university student who has an aspiration of creating useful and visually appealing apps/games for everyone!", 
  "category": {
    "id": 337, 
    "name": "Gadgets", 
    "parent_id": 16, 
    "position": 7, 
    "slug": "technology/gadgets", 
    "urls": {
      "web": {
        "discover": "http://www.kickstarter.com/discover/categories/technology/gadgets"
      }
    }
  }, 
  "country": "GB", 
  "created_at": 1404857415, 
  "creator": {
    "avatar": {
      "medium": "https://s3.amazonaws.com/ksr/avatars/11306582/1531759_10201195550836346_503446528_n.medium.jpg?1404860839", 
      "small": "https://s3.amazonaws.com/ksr/avatars/11306582/1531759_10201195550836346_503446528_n.small.jpg?1404860839", 
      "thumb": "https://s3.amazonaws.com/ksr/avatars/11306582/1531759_10201195550836346_503446528_n.thumb.jpg?1404860839"
    }, 
    "id": 997280129, 
    "name": "Hasan Tariq", 
    "urls": {
      "api": {
        "user": "https://api.kickstarter.com/v1/users/997280129?signature=1405310314.e9e70ff78838174bd7d2d25e3c1e2219cd6a2ee9"
      }, 
      "web": {
        "user": "https://www.kickstarter.com/profile/997280129"
      }
    }
  }, 
  "currency": "GBP", 
  "currency_symbol": "\u00a3", 
  "currency_trailing_code": false, 
  "deadline": 1407512230, 
  "disable_communication": false, 
  "goal": 750.0, 
  "id": 102679287, 
  "launched_at": 1404920230, 
  "location": {
    "country": "GB", 
    "displayable_name": "Birmingham, UK", 
    "id": 12723, 
    "name": "Birmingham", 
    "short_name": "Birmingham, UK", 
    "slug": "birmingham-gb", 
    "state": "England", 
    "urls": {
      "api": {
        "nearby_projects": "https://api.kickstarter.com/v1/discover?signature=1405283927.ebd225b3a649c4aa46622bba74c902e78cc57094&woe_id=12723"
      }, 
      "web": {
        "discover": "https://www.kickstarter.com/discover/places/birmingham-gb", 
        "location": "https://www.kickstarter.com/locations/birmingham-gb"
      }
    }
  }, 
  "name": "New laptop for future app/game making", 
  "photo": {
    "1024x768": "https://s3.amazonaws.com/ksr/projects/1104950/photo-1024x768.jpg?1404859601", 
    "1536x1152": "https://s3.amazonaws.com/ksr/projects/1104950/photo-1536x1152.jpg?1404859601", 
    "ed": "https://s3.amazonaws.com/ksr/projects/1104950/photo-ed.jpg?1404859601", 
    "full": "https://s3.amazonaws.com/ksr/projects/1104950/photo-full.jpg?1404859601", 
    "little": "https://s3.amazonaws.com/ksr/projects/1104950/photo-little.jpg?1404859601", 
    "med": "https://s3.amazonaws.com/ksr/projects/1104950/photo-med.jpg?1404859601", 
    "small": "https://s3.amazonaws.com/ksr/projects/1104950/photo-small.jpg?1404859601", 
    "thumb": "https://s3.amazonaws.com/ksr/projects/1104950/photo-thumb.jpg?1404859601"
  }, 
  "pledged": 0.0, 
  "slug": "new-laptop-for-future-app-game-making", 
  "state": "live", 
  "state_changed_at": 1404920230, 
  "urls": {
    "web": {
      "project": "https://www.kickstarter.com/projects/997280129/new-laptop-for-future-app-game-making", 
      "rewards": "https://www.kickstarter.com/projects/997280129/new-laptop-for-future-app-game-making/rewards"
    }
  }
}