{
  "backers_count": 0, 
  "blurb": "Are you tired of not knowing who has access to your data? I'm building a small scale personal solution to help using OwnCloud", 
  "category": {
    "id": 342, 
    "name": "Web", 
    "parent_id": 16, 
    "position": 15, 
    "slug": "technology/web", 
    "urls": {
      "web": {
        "discover": "http://www.kickstarter.com/discover/categories/technology/web"
      }
    }
  }, 
  "country": "US", 
  "created_at": 1405034692, 
  "creator": {
    "avatar": {
      "medium": "https://s3.amazonaws.com/ksr/avatars/4185092/rob_horse_1.medium.jpg?1404870636", 
      "small": "https://s3.amazonaws.com/ksr/avatars/4185092/rob_horse_1.small.jpg?1404870636", 
      "thumb": "https://s3.amazonaws.com/ksr/avatars/4185092/rob_horse_1.thumb.jpg?1404870636"
    }, 
    "id": 760186668, 
    "name": "Rob Chaney", 
    "urls": {
      "api": {
        "user": "https://api.kickstarter.com/v1/users/760186668?signature=1405310314.cc7233cad167ad97d1d4db425a69d2dcba2f1faa"
      }, 
      "web": {
        "user": "https://www.kickstarter.com/profile/760186668"
      }
    }
  }, 
  "currency": "USD", 
  "currency_symbol": "$", 
  "currency_trailing_code": true, 
  "deadline": 1407700926, 
  "disable_communication": false, 
  "goal": 50.0, 
  "id": 1026976892, 
  "launched_at": 1405108926, 
  "location": {
    "country": "US", 
    "displayable_name": "Delaware, OH", 
    "id": 2390774, 
    "name": "Delaware", 
    "short_name": "Delaware, OH", 
    "slug": "delaware-oh", 
    "state": "OH", 
    "urls": {
      "api": {
        "nearby_projects": "https://api.kickstarter.com/v1/discover?signature=1405283964.29a2aa65802f1023681659807ba0fcaff4a9b334&woe_id=2390774"
      }, 
      "web": {
        "discover": "https://www.kickstarter.com/discover/places/delaware-oh", 
        "location": "https://www.kickstarter.com/locations/delaware-oh"
      }
    }
  }, 
  "name": "Your personal version of Drop Box you Control!", 
  "photo": {
    "1024x768": "https://s3.amazonaws.com/ksr/projects/1134142/photo-1024x768.jpg?1405034774", 
    "1536x1152": "https://s3.amazonaws.com/ksr/projects/1134142/photo-1536x1152.jpg?1405034774", 
    "ed": "https://s3.amazonaws.com/ksr/projects/1134142/photo-ed.jpg?1405034774", 
    "full": "https://s3.amazonaws.com/ksr/projects/1134142/photo-full.jpg?1405034774", 
    "little": "https://s3.amazonaws.com/ksr/projects/1134142/photo-little.jpg?1405034774", 
    "med": "https://s3.amazonaws.com/ksr/projects/1134142/photo-med.jpg?1405034774", 
    "small": "https://s3.amazonaws.com/ksr/projects/1134142/photo-small.jpg?1405034774", 
    "thumb": "https://s3.amazonaws.com/ksr/projects/1134142/photo-thumb.jpg?1405034774"
  }, 
  "pledged": 0.0, 
  "slug": "your-personal-version-of-drop-box-you-control", 
  "state": "live", 
  "state_changed_at": 1405108926, 
  "urls": {
    "web": {
      "project": "https://www.kickstarter.com/projects/760186668/your-personal-version-of-drop-box-you-control", 
      "rewards": "https://www.kickstarter.com/projects/760186668/your-personal-version-of-drop-box-you-control/rewards"
    }
  }
}