{
  "backers_count": 1, 
  "blurb": "Make carrying several cellphones a thing of the past! Sviper combines the power of cloud & gives you one handset, multiple smartphones!", 
  "category": {
    "id": 332, 
    "name": "Apps", 
    "parent_id": 16, 
    "position": 2, 
    "slug": "technology/apps", 
    "urls": {
      "web": {
        "discover": "http://www.kickstarter.com/discover/categories/technology/apps"
      }
    }
  }, 
  "country": "US", 
  "created_at": 1401952635, 
  "creator": {
    "avatar": {
      "medium": "https://s3.amazonaws.com/ksr/avatars/10923059/sviper.medium.jpg?1401963399", 
      "small": "https://s3.amazonaws.com/ksr/avatars/10923059/sviper.small.jpg?1401963399", 
      "thumb": "https://s3.amazonaws.com/ksr/avatars/10923059/sviper.thumb.jpg?1401963399"
    }, 
    "id": 644734749, 
    "name": "Sviper Development Team", 
    "urls": {
      "api": {
        "user": "https://api.kickstarter.com/v1/users/644734749?signature=1405310304.c3a9cf7e5654096737f8fe2cb0cbbb249c589cb7"
      }, 
      "web": {
        "user": "https://www.kickstarter.com/profile/644734749"
      }
    }
  }, 
  "currency": "USD", 
  "currency_symbol": "$", 
  "currency_trailing_code": true, 
  "deadline": 1405316345, 
  "disable_communication": false, 
  "goal": 50000.0, 
  "id": 1026388130, 
  "launched_at": 1402724345, 
  "location": {
    "country": "US", 
    "displayable_name": "Los Angeles, CA", 
    "id": 2442047, 
    "name": "Los Angeles", 
    "short_name": "Los Angeles, CA", 
    "slug": "los-angeles-ca", 
    "state": "CA", 
    "urls": {
      "api": {
        "nearby_projects": "https://api.kickstarter.com/v1/discover?signature=1405283921.ee3a1133214a755b6f367baa5289215cf97407d4&woe_id=2442047"
      }, 
      "web": {
        "discover": "https://www.kickstarter.com/discover/places/los-angeles-ca", 
        "location": "https://www.kickstarter.com/locations/los-angeles-ca"
      }
    }
  }, 
  "name": "Sviper - One Handset / Multiple Smartphones", 
  "photo": {
    "1024x768": "https://s3.amazonaws.com/ksr/projects/1031579/photo-1024x768.jpg?1401963669", 
    "1536x1152": "https://s3.amazonaws.com/ksr/projects/1031579/photo-1536x1152.jpg?1401963669", 
    "ed": "https://s3.amazonaws.com/ksr/projects/1031579/photo-ed.jpg?1401963669", 
    "full": "https://s3.amazonaws.com/ksr/projects/1031579/photo-full.jpg?1401963669", 
    "little": "https://s3.amazonaws.com/ksr/projects/1031579/photo-little.jpg?1401963669", 
    "med": "https://s3.amazonaws.com/ksr/projects/1031579/photo-med.jpg?1401963669", 
    "small": "https://s3.amazonaws.com/ksr/projects/1031579/photo-small.jpg?1401963669", 
    "thumb": "https://s3.amazonaws.com/ksr/projects/1031579/photo-thumb.jpg?1401963669"
  }, 
  "pledged": 5.0, 
  "slug": "sviper-one-handset-multiple-smartphones", 
  "state": "live", 
  "state_changed_at": 1402724345, 
  "urls": {
    "web": {
      "project": "https://www.kickstarter.com/projects/644734749/sviper-one-handset-multiple-smartphones", 
      "rewards": "https://www.kickstarter.com/projects/644734749/sviper-one-handset-multiple-smartphones/rewards"
    }
  }
}