{
  "backers_count": 1, 
  "blurb": "Use I-phone / Android app to view all Electric/phone/gas/cable etc. services on one screen. , Don't wonder any more if services are on!", 
  "category": {
    "id": 51, 
    "name": "Software", 
    "parent_id": 16, 
    "position": 11, 
    "slug": "technology/software", 
    "urls": {
      "web": {
        "discover": "http://www.kickstarter.com/discover/categories/technology/software"
      }
    }
  }, 
  "country": "US", 
  "created_at": 1379129451, 
  "creator": {
    "avatar": {
      "medium": "https://s3.amazonaws.com/ksr/avatars/8004599/Dennis.medium.jpg?1386357049", 
      "small": "https://s3.amazonaws.com/ksr/avatars/8004599/Dennis.small.jpg?1386357049", 
      "thumb": "https://s3.amazonaws.com/ksr/avatars/8004599/Dennis.thumb.jpg?1386357049"
    }, 
    "id": 711280689, 
    "name": "Dennis Davis", 
    "urls": {
      "api": {
        "user": "https://api.kickstarter.com/v1/users/711280689?signature=1405310643.d0db7ec5b18f3df18406fcc53ee8a8ed2b2642c9"
      }, 
      "web": {
        "user": "https://www.kickstarter.com/profile/711280689"
      }
    }
  }, 
  "currency": "USD", 
  "currency_symbol": "$", 
  "currency_trailing_code": true, 
  "deadline": 1401465540, 
  "disable_communication": false, 
  "goal": 40000.0, 
  "id": 1026241268, 
  "launched_at": 1399005407, 
  "location": {
    "country": "US", 
    "displayable_name": "Minneapolis, MN", 
    "id": 2452078, 
    "name": "Minneapolis", 
    "short_name": "Minneapolis, MN", 
    "slug": "minneapolis-mn", 
    "state": "MN", 
    "urls": {
      "api": {
        "nearby_projects": "https://api.kickstarter.com/v1/discover?signature=1405283924.5ee4b093538f11a1fbd2c7c92ad0de4e046177b1&woe_id=2452078"
      }, 
      "web": {
        "discover": "https://www.kickstarter.com/discover/places/minneapolis-mn", 
        "location": "https://www.kickstarter.com/locations/minneapolis-mn"
      }
    }
  }, 
  "name": "Services/Out Display Outages App.Software (Canceled)", 
  "photo": {
    "1024x768": "https://s3.amazonaws.com/ksr/projects/681016/photo-1024x768.jpg?1397834441", 
    "1536x1152": "https://s3.amazonaws.com/ksr/projects/681016/photo-1536x1152.jpg?1397834441", 
    "ed": "https://s3.amazonaws.com/ksr/projects/681016/photo-ed.jpg?1397834441", 
    "full": "https://s3.amazonaws.com/ksr/projects/681016/photo-full.jpg?1397834441", 
    "little": "https://s3.amazonaws.com/ksr/projects/681016/photo-little.jpg?1397834441", 
    "med": "https://s3.amazonaws.com/ksr/projects/681016/photo-med.jpg?1397834441", 
    "small": "https://s3.amazonaws.com/ksr/projects/681016/photo-small.jpg?1397834441", 
    "thumb": "https://s3.amazonaws.com/ksr/projects/681016/photo-thumb.jpg?1397834441"
  }, 
  "pledged": 25.0, 
  "slug": "services-out-display-outages-appsoftware", 
  "state": "canceled", 
  "state_changed_at": 1400609635, 
  "urls": {
    "web": {
      "project": "https://www.kickstarter.com/projects/711280689/services-out-display-outages-appsoftware", 
      "rewards": "https://www.kickstarter.com/projects/711280689/services-out-display-outages-appsoftware/rewards"
    }
  }
}