{
  "backers_count": 220, 
  "blurb": "The Smallest and Lightest Bluetooth Speaker and Hands Free Speaker Phone for iPhone and all other Smart Phones.", 
  "category": {
    "id": 16, 
    "name": "Technology", 
    "position": 14, 
    "slug": "technology", 
    "urls": {
      "web": {
        "discover": "http://www.kickstarter.com/discover/categories/technology"
      }
    }
  }, 
  "country": "US", 
  "created_at": 1383342842, 
  "creator": {
    "avatar": {
      "medium": "https://s3.amazonaws.com/ksr/avatars/7662025/NEW_inCync_logo_FINAL_2.medium.jpg?1383422108", 
      "small": "https://s3.amazonaws.com/ksr/avatars/7662025/NEW_inCync_logo_FINAL_2.small.jpg?1383422108", 
      "thumb": "https://s3.amazonaws.com/ksr/avatars/7662025/NEW_inCync_logo_FINAL_2.thumb.jpg?1383422108"
    }, 
    "id": 1784085898, 
    "name": "inCync", 
    "urls": {
      "api": {
        "user": "https://api.kickstarter.com/v1/users/1784085898?signature=1405310156.34715ab4fa104a44eb94e7710e649c8f6b81b666"
      }, 
      "web": {
        "user": "https://www.kickstarter.com/profile/1784085898"
      }
    }
  }, 
  "currency": "USD", 
  "currency_symbol": "$", 
  "currency_trailing_code": true, 
  "deadline": 1392908463, 
  "disable_communication": false, 
  "goal": 20000.0, 
  "id": 1026200929, 
  "launched_at": 1390316463, 
  "location": {
    "country": "US", 
    "displayable_name": "Grass Valley, CA", 
    "id": 2413262, 
    "name": "Grass Valley", 
    "short_name": "Grass Valley, CA", 
    "slug": "grass-valley-ca", 
    "state": "CA", 
    "urls": {
      "api": {
        "nearby_projects": "https://api.kickstarter.com/v1/discover?signature=1405284004.3ee74f1e3ada43c0fb2325154d23b5520c0ad494&woe_id=2413262"
      }, 
      "web": {
        "discover": "https://www.kickstarter.com/discover/places/grass-valley-ca", 
        "location": "https://www.kickstarter.com/locations/grass-valley-ca"
      }
    }
  }, 
  "name": "inCync - The Bluetooth Speaker that Goes With You Anywhere.", 
  "photo": {
    "1024x768": "https://s3.amazonaws.com/ksr/projects/743048/photo-1024x768.jpg?1397854402", 
    "1536x1152": "https://s3.amazonaws.com/ksr/projects/743048/photo-1536x1152.jpg?1397854402", 
    "ed": "https://s3.amazonaws.com/ksr/projects/743048/photo-ed.jpg?1397854402", 
    "full": "https://s3.amazonaws.com/ksr/projects/743048/photo-full.jpg?1397854402", 
    "little": "https://s3.amazonaws.com/ksr/projects/743048/photo-little.jpg?1397854402", 
    "med": "https://s3.amazonaws.com/ksr/projects/743048/photo-med.jpg?1397854402", 
    "small": "https://s3.amazonaws.com/ksr/projects/743048/photo-small.jpg?1397854402", 
    "thumb": "https://s3.amazonaws.com/ksr/projects/743048/photo-thumb.jpg?1397854402"
  }, 
  "pledged": 23459.0, 
  "slug": "incync-the-bluetooth-speaker-that-goes-with-you-an", 
  "state": "successful", 
  "state_changed_at": 1392908463, 
  "urls": {
    "web": {
      "project": "https://www.kickstarter.com/projects/1784085898/incync-the-bluetooth-speaker-that-goes-with-you-an", 
      "rewards": "https://www.kickstarter.com/projects/1784085898/incync-the-bluetooth-speaker-that-goes-with-you-an/rewards"
    }
  }
}