{
  "backers_count": 13, 
  "blurb": "The first fully compatible LPT hardware device for the Beaglebone Black. For hobbyists, developers, and designers!", 
  "category": {
    "id": 52, 
    "name": "Hardware", 
    "parent_id": 16, 
    "position": 8, 
    "slug": "technology/hardware", 
    "urls": {
      "web": {
        "discover": "http://www.kickstarter.com/discover/categories/technology/hardware"
      }
    }
  }, 
  "country": "US", 
  "created_at": 1384299173, 
  "creator": {
    "avatar": {
      "medium": "https://s3.amazonaws.com/ksr/avatars/8700654/IMG_0273.medium.jpg?1384824739", 
      "small": "https://s3.amazonaws.com/ksr/avatars/8700654/IMG_0273.small.jpg?1384824739", 
      "thumb": "https://s3.amazonaws.com/ksr/avatars/8700654/IMG_0273.thumb.jpg?1384824739"
    }, 
    "id": 1289576655, 
    "name": "Justin Carlson", 
    "urls": {
      "api": {
        "user": "https://api.kickstarter.com/v1/users/1289576655?signature=1405310512.c916ad2cebaf2184c92c4591f895f6067db1d75b"
      }, 
      "web": {
        "user": "https://www.kickstarter.com/profile/1289576655"
      }
    }
  }, 
  "currency": "USD", 
  "currency_symbol": "$", 
  "currency_trailing_code": true, 
  "deadline": 1388604617, 
  "disable_communication": false, 
  "goal": 7400.0, 
  "id": 10270441, 
  "launched_at": 1386012617, 
  "location": {
    "country": "US", 
    "displayable_name": "Phoenix, AZ", 
    "id": 2471390, 
    "name": "Phoenix", 
    "short_name": "Phoenix, AZ", 
    "slug": "phoenix-az", 
    "state": "AZ", 
    "urls": {
      "api": {
        "nearby_projects": "https://api.kickstarter.com/v1/discover?signature=1405283925.2a7b7c1c0ee08cb76b133895ad16f1f4d051a48f&woe_id=2471390"
      }, 
      "web": {
        "discover": "https://www.kickstarter.com/discover/places/phoenix-az", 
        "location": "https://www.kickstarter.com/locations/phoenix-az"
      }
    }
  }, 
  "name": "Io-1 -  A True LPT Parallel Port Cape For The Beaglebone.", 
  "photo": {
    "1024x768": "https://s3.amazonaws.com/ksr/projects/757551/photo-1024x768.jpg?1397855945", 
    "1536x1152": "https://s3.amazonaws.com/ksr/projects/757551/photo-1536x1152.jpg?1397855945", 
    "ed": "https://s3.amazonaws.com/ksr/projects/757551/photo-ed.jpg?1397855945", 
    "full": "https://s3.amazonaws.com/ksr/projects/757551/photo-full.jpg?1397855945", 
    "little": "https://s3.amazonaws.com/ksr/projects/757551/photo-little.jpg?1397855945", 
    "med": "https://s3.amazonaws.com/ksr/projects/757551/photo-med.jpg?1397855945", 
    "small": "https://s3.amazonaws.com/ksr/projects/757551/photo-small.jpg?1397855945", 
    "thumb": "https://s3.amazonaws.com/ksr/projects/757551/photo-thumb.jpg?1397855945"
  }, 
  "pledged": 836.0, 
  "slug": "io-1-a-true-lpt-parallel-port-cape-for-the-beagleb", 
  "state": "failed", 
  "state_changed_at": 1388604617, 
  "urls": {
    "web": {
      "project": "https://www.kickstarter.com/projects/1289576655/io-1-a-true-lpt-parallel-port-cape-for-the-beagleb", 
      "rewards": "https://www.kickstarter.com/projects/1289576655/io-1-a-true-lpt-parallel-port-cape-for-the-beagleb/rewards"
    }
  }
}