{
  "backers_count": 3, 
  "blurb": "Wanting to open a store for geeks in my local area, from a game room, sales floor, hobby and computer work labs, A place for anyone ..", 
  "category": {
    "id": 16, 
    "name": "Technology", 
    "position": 14, 
    "slug": "technology", 
    "urls": {
      "web": {
        "discover": "http://www.kickstarter.com/discover/categories/technology"
      }
    }
  }, 
  "country": "US", 
  "created_at": 1393807994, 
  "creator": {
    "avatar": {
      "medium": "https://s3.amazonaws.com/ksr/avatars/9813886/20130402_185259.medium.jpg?1393810330", 
      "small": "https://s3.amazonaws.com/ksr/avatars/9813886/20130402_185259.small.jpg?1393810330", 
      "thumb": "https://s3.amazonaws.com/ksr/avatars/9813886/20130402_185259.thumb.jpg?1393810330"
    }, 
    "id": 157619355, 
    "name": "Dustin S. Hinkle", 
    "urls": {
      "api": {
        "user": "https://api.kickstarter.com/v1/users/157619355?signature=1405310652.16dd9ff8ec311589a0e8159e1a6c4c6c9c48e6ec"
      }, 
      "web": {
        "user": "https://www.kickstarter.com/profile/157619355"
      }
    }
  }, 
  "currency": "USD", 
  "currency_symbol": "$", 
  "currency_trailing_code": true, 
  "deadline": 1404053428, 
  "disable_communication": false, 
  "goal": 150000.0, 
  "id": 1027922207, 
  "launched_at": 1398869428, 
  "location": {
    "country": "US", 
    "displayable_name": "South Padre Island, TX", 
    "id": 2496571, 
    "name": "South Padre Island", 
    "short_name": "South Padre Island, TX", 
    "slug": "south-padre-island-tx", 
    "state": "TX", 
    "urls": {
      "api": {
        "nearby_projects": "https://api.kickstarter.com/v1/discover?signature=1405297872.aa290957d198b2cfa2ea7fe3ee878377a21b5045&woe_id=2496571"
      }, 
      "web": {
        "discover": "https://www.kickstarter.com/discover/places/south-padre-island-tx", 
        "location": "https://www.kickstarter.com/locations/south-padre-island-tx"
      }
    }
  }, 
  "name": "The Geek Store", 
  "photo": {
    "1024x768": "https://s3.amazonaws.com/ksr/projects/891708/photo-1024x768.jpg?1398495295", 
    "1536x1152": "https://s3.amazonaws.com/ksr/projects/891708/photo-1536x1152.jpg?1398495295", 
    "ed": "https://s3.amazonaws.com/ksr/projects/891708/photo-ed.jpg?1398495295", 
    "full": "https://s3.amazonaws.com/ksr/projects/891708/photo-full.jpg?1398495295", 
    "little": "https://s3.amazonaws.com/ksr/projects/891708/photo-little.jpg?1398495295", 
    "med": "https://s3.amazonaws.com/ksr/projects/891708/photo-med.jpg?1398495295", 
    "small": "https://s3.amazonaws.com/ksr/projects/891708/photo-small.jpg?1398495295", 
    "thumb": "https://s3.amazonaws.com/ksr/projects/891708/photo-thumb.jpg?1398495295"
  }, 
  "pledged": 11.0, 
  "slug": "the-geek-store", 
  "state": "failed", 
  "state_changed_at": 1404053428, 
  "urls": {
    "web": {
      "project": "https://www.kickstarter.com/projects/157619355/the-geek-store", 
      "rewards": "https://www.kickstarter.com/projects/157619355/the-geek-store/rewards"
    }
  }
}