{
  "backers_count": 90, 
  "blurb": "A solar thermal collector capable of drastically reducing construction costs and making clean energy accessible and affordable for all.", 
  "category": {
    "id": 16, 
    "name": "Technology", 
    "position": 14, 
    "slug": "technology", 
    "urls": {
      "web": {
        "discover": "http://www.kickstarter.com/discover/categories/technology"
      }
    }
  }, 
  "country": "US", 
  "created_at": 1383598770, 
  "creator": {
    "avatar": {
      "medium": "https://s3.amazonaws.com/ksr/avatars/8600789/1412778_199228936928152_669751179_o.medium.jpg?1384823654", 
      "small": "https://s3.amazonaws.com/ksr/avatars/8600789/1412778_199228936928152_669751179_o.small.jpg?1384823654", 
      "thumb": "https://s3.amazonaws.com/ksr/avatars/8600789/1412778_199228936928152_669751179_o.thumb.jpg?1384823654"
    }, 
    "id": 295860830, 
    "name": "Terrance Yee", 
    "urls": {
      "api": {
        "user": "https://api.kickstarter.com/v1/users/295860830?signature=1405310381.458ec244af6764761e351ab4c837d9ba08c479e6"
      }, 
      "web": {
        "user": "https://www.kickstarter.com/profile/295860830"
      }
    }
  }, 
  "currency": "USD", 
  "currency_symbol": "$", 
  "currency_trailing_code": true, 
  "deadline": 1388020044, 
  "disable_communication": false, 
  "goal": 30000.0, 
  "id": 1027171292, 
  "launched_at": 1385428044, 
  "location": {
    "country": "US", 
    "displayable_name": "San Diego, CA", 
    "id": 2487889, 
    "name": "San Diego", 
    "short_name": "San Diego, CA", 
    "slug": "san-diego-ca", 
    "state": "CA", 
    "urls": {
      "api": {
        "nearby_projects": "https://api.kickstarter.com/v1/discover?signature=1405283922.e0c8fea4757a0700693c6258522a3f528769b7ae&woe_id=2487889"
      }, 
      "web": {
        "discover": "https://www.kickstarter.com/discover/places/san-diego-ca", 
        "location": "https://www.kickstarter.com/locations/san-diego-ca"
      }
    }
  }, 
  "name": "Black Sun: Revolutionary Solar Collector", 
  "photo": {
    "1024x768": "https://s3.amazonaws.com/ksr/projects/746522/photo-1024x768.jpg?1397854756", 
    "1536x1152": "https://s3.amazonaws.com/ksr/projects/746522/photo-1536x1152.jpg?1397854756", 
    "ed": "https://s3.amazonaws.com/ksr/projects/746522/photo-ed.jpg?1397854756", 
    "full": "https://s3.amazonaws.com/ksr/projects/746522/photo-full.jpg?1397854756", 
    "little": "https://s3.amazonaws.com/ksr/projects/746522/photo-little.jpg?1397854756", 
    "med": "https://s3.amazonaws.com/ksr/projects/746522/photo-med.jpg?1397854756", 
    "small": "https://s3.amazonaws.com/ksr/projects/746522/photo-small.jpg?1397854756", 
    "thumb": "https://s3.amazonaws.com/ksr/projects/746522/photo-thumb.jpg?1397854756"
  }, 
  "pledged": 8390.0, 
  "slug": "black-sun-revolutionary-solar-collector", 
  "state": "failed", 
  "state_changed_at": 1388020045, 
  "urls": {
    "web": {
      "project": "https://www.kickstarter.com/projects/295860830/black-sun-revolutionary-solar-collector", 
      "rewards": "https://www.kickstarter.com/projects/295860830/black-sun-revolutionary-solar-collector/rewards"
    }
  }
}