{
  "backers_count": 29, 
  "blurb": "Go off-grid with your own mini-power plant! Our Solar Flywheel stores your solar energy to provide clean, uninterrupted power.", 
  "category": {
    "id": 16, 
    "name": "Technology", 
    "position": 14, 
    "slug": "technology", 
    "urls": {
      "web": {
        "discover": "http://www.kickstarter.com/discover/categories/technology"
      }
    }
  }, 
  "country": "US", 
  "created_at": 1400637155, 
  "creator": {
    "avatar": {
      "medium": "https://s3.amazonaws.com/ksr/avatars/826812/moi.medium.jpg?1401843809", 
      "small": "https://s3.amazonaws.com/ksr/avatars/826812/moi.small.jpg?1401843809", 
      "thumb": "https://s3.amazonaws.com/ksr/avatars/826812/moi.thumb.jpg?1401843809"
    }, 
    "id": 315398504, 
    "name": "Francois Moyet", 
    "urls": {
      "api": {
        "user": "https://api.kickstarter.com/v1/users/315398504?signature=1405310249.f3dd0ec5c6b2c8e9f5b77b8e4e9633b5b4ee1588"
      }, 
      "web": {
        "user": "https://www.kickstarter.com/profile/315398504"
      }
    }
  }, 
  "currency": "USD", 
  "currency_symbol": "$", 
  "currency_trailing_code": true, 
  "deadline": 1405597544, 
  "disable_communication": false, 
  "goal": 475000.0, 
  "id": 1028602387, 
  "launched_at": 1403005544, 
  "location": {
    "country": "US", 
    "displayable_name": "Kalamazoo, MI", 
    "id": 2430480, 
    "name": "Kalamazoo", 
    "short_name": "Kalamazoo, MI", 
    "slug": "kalamazoo-mi", 
    "state": "MI", 
    "urls": {
      "api": {
        "nearby_projects": "https://api.kickstarter.com/v1/discover?signature=1405283946.ddea4933d431ade5fe1fd8a4fa9700d0eb010abd&woe_id=2430480"
      }, 
      "web": {
        "discover": "https://www.kickstarter.com/discover/places/kalamazoo-mi", 
        "location": "https://www.kickstarter.com/locations/kalamazoo-mi"
      }
    }
  }, 
  "name": "Perpetual Solar Flywheel Energy Storage by Energiestro", 
  "photo": {
    "1024x768": "https://s3.amazonaws.com/ksr/projects/1009161/photo-1024x768.jpg?1402602453", 
    "1536x1152": "https://s3.amazonaws.com/ksr/projects/1009161/photo-1536x1152.jpg?1402602453", 
    "ed": "https://s3.amazonaws.com/ksr/projects/1009161/photo-ed.jpg?1402602453", 
    "full": "https://s3.amazonaws.com/ksr/projects/1009161/photo-full.jpg?1402602453", 
    "little": "https://s3.amazonaws.com/ksr/projects/1009161/photo-little.jpg?1402602453", 
    "med": "https://s3.amazonaws.com/ksr/projects/1009161/photo-med.jpg?1402602453", 
    "small": "https://s3.amazonaws.com/ksr/projects/1009161/photo-small.jpg?1402602453", 
    "thumb": "https://s3.amazonaws.com/ksr/projects/1009161/photo-thumb.jpg?1402602453"
  }, 
  "pledged": 2131.0, 
  "slug": "perpetual-solar-flywheel-energy-storage-by-energie", 
  "state": "live", 
  "state_changed_at": 1403005545, 
  "urls": {
    "web": {
      "project": "https://www.kickstarter.com/projects/315398504/perpetual-solar-flywheel-energy-storage-by-energie", 
      "rewards": "https://www.kickstarter.com/projects/315398504/perpetual-solar-flywheel-energy-storage-by-energie/rewards"
    }
  }
}