{
  "backers_count": 380, 
  "blurb": "An intelligent diabetic journal application for iPhone + iPod that tracks your blood glucose levels, meals, activities and medication.", 
  "category": {
    "id": 16, 
    "name": "Technology", 
    "position": 14, 
    "slug": "technology", 
    "urls": {
      "web": {
        "discover": "http://www.kickstarter.com/discover/categories/technology"
      }
    }
  }, 
  "country": "GB", 
  "created_at": 1357587911, 
  "creator": {
    "avatar": {
      "medium": "https://s3.amazonaws.com/ksr/avatars/678874/me.medium.jpg?1358166481", 
      "small": "https://s3.amazonaws.com/ksr/avatars/678874/me.small.jpg?1358166481", 
      "thumb": "https://s3.amazonaws.com/ksr/avatars/678874/me.thumb.jpg?1358166481"
    }, 
    "id": 422142938, 
    "name": "Nial Giacomelli", 
    "slug": "nialg", 
    "urls": {
      "api": {
        "user": "https://api.kickstarter.com/v1/users/422142938?signature=1405310187.8a1025abbe574083023b977b86a41f4feb694195"
      }, 
      "web": {
        "user": "https://www.kickstarter.com/profile/nialg"
      }
    }
  }, 
  "currency": "GBP", 
  "currency_symbol": "\u00a3", 
  "currency_trailing_code": false, 
  "deadline": 1360680308, 
  "disable_communication": false, 
  "goal": 7500.0, 
  "id": 102860361, 
  "launched_at": 1358088308, 
  "location": {
    "country": "GB", 
    "displayable_name": "Emsworth, UK", 
    "id": 19601, 
    "name": "Emsworth", 
    "short_name": "Emsworth, UK", 
    "slug": "emsworth-gb", 
    "state": "England", 
    "urls": {
      "api": {
        "nearby_projects": "https://api.kickstarter.com/v1/discover?signature=1405284383.729ae46e1bfc1836ba446315e36afb6757544bf6&woe_id=19601"
      }, 
      "web": {
        "discover": "https://www.kickstarter.com/discover/places/emsworth-gb", 
        "location": "https://www.kickstarter.com/locations/emsworth-gb"
      }
    }
  }, 
  "name": "The Diabetic Journal", 
  "photo": {
    "1024x768": "https://s3.amazonaws.com/ksr/projects/428465/photo-1024x768.jpg?1397807046", 
    "1536x1152": "https://s3.amazonaws.com/ksr/projects/428465/photo-1536x1152.jpg?1397807046", 
    "ed": "https://s3.amazonaws.com/ksr/projects/428465/photo-ed.jpg?1397807046", 
    "full": "https://s3.amazonaws.com/ksr/projects/428465/photo-full.jpg?1397807046", 
    "little": "https://s3.amazonaws.com/ksr/projects/428465/photo-little.jpg?1397807046", 
    "med": "https://s3.amazonaws.com/ksr/projects/428465/photo-med.jpg?1397807046", 
    "small": "https://s3.amazonaws.com/ksr/projects/428465/photo-small.jpg?1397807046", 
    "thumb": "https://s3.amazonaws.com/ksr/projects/428465/photo-thumb.jpg?1397807046"
  }, 
  "pledged": 7743.32, 
  "slug": "the-diabetic-journal", 
  "state": "successful", 
  "state_changed_at": 1360680335, 
  "urls": {
    "web": {
      "project": "https://www.kickstarter.com/projects/nialg/the-diabetic-journal", 
      "rewards": "https://www.kickstarter.com/projects/nialg/the-diabetic-journal/rewards"
    }
  }
}