{
  "backers_count": 11, 
  "blurb": "A revolutionary, All-in-One iPad 2 case: hidden & detachable bluetooth keyboard + independent back cover +360 degrees screen rotation.", 
  "category": {
    "id": 16, 
    "name": "Technology", 
    "position": 14, 
    "slug": "technology", 
    "urls": {
      "web": {
        "discover": "http://www.kickstarter.com/discover/categories/technology"
      }
    }
  }, 
  "country": "US", 
  "created_at": 1308975917, 
  "creator": {
    "avatar": {
      "medium": "https://s3.amazonaws.com/ksr/avatars/1021300/logo.medium.jpg?1347297286", 
      "small": "https://s3.amazonaws.com/ksr/avatars/1021300/logo.small.jpg?1347297286", 
      "thumb": "https://s3.amazonaws.com/ksr/avatars/1021300/logo.thumb.jpg?1347297286"
    }, 
    "id": 856689455, 
    "name": "Luvvitt\u00ae", 
    "urls": {
      "api": {
        "user": "https://api.kickstarter.com/v1/users/856689455?signature=1405310498.f623472715a84880c7b91dc6bbc84a62c37969e1"
      }, 
      "web": {
        "user": "https://www.kickstarter.com/profile/856689455"
      }
    }
  }, 
  "currency": "USD", 
  "currency_symbol": "$", 
  "currency_trailing_code": true, 
  "deadline": 1318956438, 
  "disable_communication": false, 
  "goal": 50000.0, 
  "id": 1028470141, 
  "launched_at": 1313772438, 
  "location": {
    "country": "US", 
    "displayable_name": "New York, NY", 
    "id": 2459115, 
    "name": "New York", 
    "short_name": "New York, NY", 
    "slug": "new-york-ny", 
    "state": "NY", 
    "urls": {
      "api": {
        "nearby_projects": "https://api.kickstarter.com/v1/discover?signature=1405283922.858662b9ca1ef63b6e0c38e6c88778c27a30fce5&woe_id=2459115"
      }, 
      "web": {
        "discover": "https://www.kickstarter.com/discover/places/new-york-ny", 
        "location": "https://www.kickstarter.com/locations/new-york-ny"
      }
    }
  }, 
  "name": "WOOM iPad 2 Case = Cover+Carry+Convert (Canceled)", 
  "photo": {
    "1024x768": "https://s3.amazonaws.com/ksr/projects/39361/photo-1024x768.jpg?1397764287", 
    "1536x1152": "https://s3.amazonaws.com/ksr/projects/39361/photo-1536x1152.jpg?1397764287", 
    "ed": "https://s3.amazonaws.com/ksr/projects/39361/photo-ed.jpg?1397764287", 
    "full": "https://s3.amazonaws.com/ksr/projects/39361/photo-full.jpg?1397764287", 
    "little": "https://s3.amazonaws.com/ksr/projects/39361/photo-little.jpg?1397764287", 
    "med": "https://s3.amazonaws.com/ksr/projects/39361/photo-med.jpg?1397764287", 
    "small": "https://s3.amazonaws.com/ksr/projects/39361/photo-small.jpg?1397764287", 
    "thumb": "https://s3.amazonaws.com/ksr/projects/39361/photo-thumb.jpg?1397764287"
  }, 
  "pledged": 1060.0, 
  "slug": "woom-ipad-case-cover-carry-convert", 
  "state": "canceled", 
  "state_changed_at": 1318429310, 
  "urls": {
    "web": {
      "project": "https://www.kickstarter.com/projects/856689455/woom-ipad-case-cover-carry-convert", 
      "rewards": "https://www.kickstarter.com/projects/856689455/woom-ipad-case-cover-carry-convert/rewards"
    }
  }
}