{
  "backers_count": 3, 
  "blurb": "The goal is to enable people to discover the world by developing a search engine for pictures, filtered by location and keywords.", 
  "category": {
    "id": 16, 
    "name": "Technology", 
    "position": 14, 
    "slug": "technology", 
    "urls": {
      "web": {
        "discover": "http://www.kickstarter.com/discover/categories/technology"
      }
    }
  }, 
  "country": "US", 
  "created_at": 1362952447, 
  "creator": {
    "avatar": {
      "medium": "https://s3.amazonaws.com/ksr/avatars/5796391/Tahnin.medium.jpg?1364177665", 
      "small": "https://s3.amazonaws.com/ksr/avatars/5796391/Tahnin.small.jpg?1364177665", 
      "thumb": "https://s3.amazonaws.com/ksr/avatars/5796391/Tahnin.thumb.jpg?1364177665"
    }, 
    "id": 1776619911, 
    "name": "Tahnin Bluangtook", 
    "urls": {
      "api": {
        "user": "https://api.kickstarter.com/v1/users/1776619911?signature=1405310620.62eb91dd9a64bb9d1d83e865fa682045243344d1"
      }, 
      "web": {
        "user": "https://www.kickstarter.com/profile/1776619911"
      }
    }
  }, 
  "currency": "USD", 
  "currency_symbol": "$", 
  "currency_trailing_code": true, 
  "deadline": 1370660834, 
  "disable_communication": false, 
  "goal": 20000.0, 
  "id": 1029553288, 
  "launched_at": 1365476834, 
  "location": {
    "country": "US", 
    "displayable_name": "Gainesville, FL", 
    "id": 2408354, 
    "name": "Gainesville", 
    "short_name": "Gainesville, FL", 
    "slug": "gainesville-fl", 
    "state": "FL", 
    "urls": {
      "api": {
        "nearby_projects": "https://api.kickstarter.com/v1/discover?signature=1405283926.c9630746a0b5e7d93a86e0ce9ddbc318e1d5a48c&woe_id=2408354"
      }, 
      "web": {
        "discover": "https://www.kickstarter.com/discover/places/gainesville-fl", 
        "location": "https://www.kickstarter.com/locations/gainesville-fl"
      }
    }
  }, 
  "name": "InPixls.com - Search and Discover Pictures by Location", 
  "photo": {
    "1024x768": "https://s3.amazonaws.com/ksr/projects/485403/photo-1024x768.jpg?1397813071", 
    "1536x1152": "https://s3.amazonaws.com/ksr/projects/485403/photo-1536x1152.jpg?1397813071", 
    "ed": "https://s3.amazonaws.com/ksr/projects/485403/photo-ed.jpg?1397813071", 
    "full": "https://s3.amazonaws.com/ksr/projects/485403/photo-full.jpg?1397813071", 
    "little": "https://s3.amazonaws.com/ksr/projects/485403/photo-little.jpg?1397813071", 
    "med": "https://s3.amazonaws.com/ksr/projects/485403/photo-med.jpg?1397813071", 
    "small": "https://s3.amazonaws.com/ksr/projects/485403/photo-small.jpg?1397813071", 
    "thumb": "https://s3.amazonaws.com/ksr/projects/485403/photo-thumb.jpg?1397813071"
  }, 
  "pledged": 60.0, 
  "slug": "inpixlscom-search-and-discover-pictures-by-locatio", 
  "state": "failed", 
  "state_changed_at": 1370660835, 
  "urls": {
    "web": {
      "project": "https://www.kickstarter.com/projects/1776619911/inpixlscom-search-and-discover-pictures-by-locatio", 
      "rewards": "https://www.kickstarter.com/projects/1776619911/inpixlscom-search-and-discover-pictures-by-locatio/rewards"
    }
  }
}