{
  "backers_count": 46, 
  "blurb": "Jump start the population on easy to use Open-Source web development.", 
  "category": {
    "id": 51, 
    "name": "Software", 
    "parent_id": 16, 
    "position": 11, 
    "slug": "technology/software", 
    "urls": {
      "web": {
        "discover": "http://www.kickstarter.com/discover/categories/technology/software"
      }
    }
  }, 
  "country": "US", 
  "created_at": 1340213255, 
  "creator": {
    "avatar": {
      "medium": "https://s3.amazonaws.com/ksr/avatars/3133690/527.medium.jpg?1344434537", 
      "small": "https://s3.amazonaws.com/ksr/avatars/3133690/527.small.jpg?1344434537", 
      "thumb": "https://s3.amazonaws.com/ksr/avatars/3133690/527.thumb.jpg?1344434537"
    }, 
    "id": 433281978, 
    "name": "Matthew Carnali", 
    "urls": {
      "api": {
        "user": "https://api.kickstarter.com/v1/users/433281978?signature=1405310242.3665f4e03238aa0a189e7c211e16d13003f121bf"
      }, 
      "web": {
        "user": "https://www.kickstarter.com/profile/433281978"
      }
    }
  }, 
  "currency": "USD", 
  "currency_symbol": "$", 
  "currency_trailing_code": true, 
  "deadline": 1344553345, 
  "disable_communication": false, 
  "goal": 2500.0, 
  "id": 1029980241, 
  "launched_at": 1340665345, 
  "location": {
    "country": "US", 
    "displayable_name": "Harrisonburg, VA", 
    "id": 2418117, 
    "name": "Harrisonburg", 
    "short_name": "Harrisonburg, VA", 
    "slug": "harrisonburg-va", 
    "state": "VA", 
    "urls": {
      "api": {
        "nearby_projects": "https://api.kickstarter.com/v1/discover?signature=1405284013.b9896c79f540a9cabb1dc84c5cf4a32a03cb6de7&woe_id=2418117"
      }, 
      "web": {
        "discover": "https://www.kickstarter.com/discover/places/harrisonburg-va", 
        "location": "https://www.kickstarter.com/locations/harrisonburg-va"
      }
    }
  }, 
  "name": "OpenSource Tutorials", 
  "photo": {
    "1024x768": "https://s3.amazonaws.com/ksr/projects/228132/photo-1024x768.jpg?1397786961", 
    "1536x1152": "https://s3.amazonaws.com/ksr/projects/228132/photo-1536x1152.jpg?1397786961", 
    "ed": "https://s3.amazonaws.com/ksr/projects/228132/photo-ed.jpg?1397786961", 
    "full": "https://s3.amazonaws.com/ksr/projects/228132/photo-full.jpg?1397786961", 
    "little": "https://s3.amazonaws.com/ksr/projects/228132/photo-little.jpg?1397786961", 
    "med": "https://s3.amazonaws.com/ksr/projects/228132/photo-med.jpg?1397786961", 
    "small": "https://s3.amazonaws.com/ksr/projects/228132/photo-small.jpg?1397786961", 
    "thumb": "https://s3.amazonaws.com/ksr/projects/228132/photo-thumb.jpg?1397786961"
  }, 
  "pledged": 2543.0, 
  "slug": "opensource-tutorials", 
  "state": "successful", 
  "state_changed_at": 1344553345, 
  "urls": {
    "web": {
      "project": "https://www.kickstarter.com/projects/433281978/opensource-tutorials", 
      "rewards": "https://www.kickstarter.com/projects/433281978/opensource-tutorials/rewards"
    }
  }
}