{
  "backers_count": 2148, 
  "blurb": "We have revolutionized the traditional power strip with the POWERQUBE. The 21st century charging solution for iPads, iPhones, Androids.", 
  "category": {
    "id": 52, 
    "name": "Hardware", 
    "parent_id": 16, 
    "position": 8, 
    "slug": "technology/hardware", 
    "urls": {
      "web": {
        "discover": "http://www.kickstarter.com/discover/categories/technology/hardware"
      }
    }
  }, 
  "country": "US", 
  "created_at": 1364898976, 
  "creator": {
    "avatar": {
      "medium": "https://s3.amazonaws.com/ksr/avatars/6095545/feature1.medium.jpg?1388318800", 
      "small": "https://s3.amazonaws.com/ksr/avatars/6095545/feature1.small.jpg?1388318800", 
      "thumb": "https://s3.amazonaws.com/ksr/avatars/6095545/feature1.thumb.jpg?1388318800"
    }, 
    "id": 203337667, 
    "name": "Scott Weaver", 
    "urls": {
      "api": {
        "user": "https://api.kickstarter.com/v1/users/203337667?signature=1405310097.2980b4f293b07d8035a25dfad5c9962d1455db5e"
      }, 
      "web": {
        "user": "https://www.kickstarter.com/profile/203337667"
      }
    }
  }, 
  "currency": "USD", 
  "currency_symbol": "$", 
  "currency_trailing_code": true, 
  "deadline": 1373837431, 
  "disable_communication": false, 
  "goal": 75000.0, 
  "id": 1030119189, 
  "launched_at": 1371245431, 
  "location": {
    "country": "US", 
    "displayable_name": "Indianapolis, IN", 
    "id": 2427032, 
    "name": "Indianapolis", 
    "short_name": "Indianapolis, IN", 
    "slug": "indianapolis-in", 
    "state": "IN", 
    "urls": {
      "api": {
        "nearby_projects": "https://api.kickstarter.com/v1/discover?signature=1405283936.0bd620112662717df4822f78983c7ea990169b91&woe_id=2427032"
      }, 
      "web": {
        "discover": "https://www.kickstarter.com/discover/places/indianapolis-in", 
        "location": "https://www.kickstarter.com/locations/indianapolis-in"
      }
    }
  }, 
  "name": "POWERQUBE - The 21st Century solution to the power strip", 
  "photo": {
    "1024x768": "https://s3.amazonaws.com/ksr/projects/510277/photo-1024x768.jpg?1397815630", 
    "1536x1152": "https://s3.amazonaws.com/ksr/projects/510277/photo-1536x1152.jpg?1397815630", 
    "ed": "https://s3.amazonaws.com/ksr/projects/510277/photo-ed.jpg?1397815630", 
    "full": "https://s3.amazonaws.com/ksr/projects/510277/photo-full.jpg?1397815630", 
    "little": "https://s3.amazonaws.com/ksr/projects/510277/photo-little.jpg?1397815630", 
    "med": "https://s3.amazonaws.com/ksr/projects/510277/photo-med.jpg?1397815630", 
    "small": "https://s3.amazonaws.com/ksr/projects/510277/photo-small.jpg?1397815630", 
    "thumb": "https://s3.amazonaws.com/ksr/projects/510277/photo-thumb.jpg?1397815630"
  }, 
  "pledged": 98001.0, 
  "slug": "powerqube-the-21st-century-solution-to-the-power-s", 
  "state": "successful", 
  "state_changed_at": 1373837432, 
  "urls": {
    "web": {
      "project": "https://www.kickstarter.com/projects/203337667/powerqube-the-21st-century-solution-to-the-power-s", 
      "rewards": "https://www.kickstarter.com/projects/203337667/powerqube-the-21st-century-solution-to-the-power-s/rewards"
    }
  }
}