{
  "backers_count": 90, 
  "blurb": "Genneo is a high efficiency mobile generator that converts human motion into power for mobile phones and other USB charged devices.", 
  "category": {
    "id": 16, 
    "name": "Technology", 
    "position": 14, 
    "slug": "technology", 
    "urls": {
      "web": {
        "discover": "http://www.kickstarter.com/discover/categories/technology"
      }
    }
  }, 
  "country": "US", 
  "created_at": 1364872157, 
  "creator": {
    "avatar": {
      "medium": "https://s3.amazonaws.com/ksr/avatars/6093363/ICON.medium.jpg?1379094701", 
      "small": "https://s3.amazonaws.com/ksr/avatars/6093363/ICON.small.jpg?1379094701", 
      "thumb": "https://s3.amazonaws.com/ksr/avatars/6093363/ICON.thumb.jpg?1379094701"
    }, 
    "id": 2139966387, 
    "name": "Blake L Isaacs & Daniel Mota Veiga", 
    "urls": {
      "api": {
        "user": "https://api.kickstarter.com/v1/users/2139966387?signature=1405310360.2731cc098a70a11d73d447bc452406cad3e05d2c"
      }, 
      "web": {
        "user": "https://www.kickstarter.com/profile/2139966387"
      }
    }
  }, 
  "currency": "USD", 
  "currency_symbol": "$", 
  "currency_trailing_code": true, 
  "deadline": 1384934508, 
  "disable_communication": false, 
  "goal": 100000.0, 
  "id": 1030438763, 
  "launched_at": 1382338908, 
  "location": {
    "country": "US", 
    "displayable_name": "Kansas City, MO", 
    "id": 2430683, 
    "name": "Kansas City", 
    "short_name": "Kansas City, MO", 
    "slug": "kansas-city-mo", 
    "state": "MO", 
    "urls": {
      "api": {
        "nearby_projects": "https://api.kickstarter.com/v1/discover?signature=1405283925.ac5cdf6d93b3453d7d0bdc4ef22088232aed407f&woe_id=2430683"
      }, 
      "web": {
        "discover": "https://www.kickstarter.com/discover/places/kansas-city-mo", 
        "location": "https://www.kickstarter.com/locations/kansas-city-mo"
      }
    }
  }, 
  "name": "Genneo - Power Through Motion", 
  "photo": {
    "1024x768": "https://s3.amazonaws.com/ksr/projects/510015/photo-1024x768.jpg?1397815624", 
    "1536x1152": "https://s3.amazonaws.com/ksr/projects/510015/photo-1536x1152.jpg?1397815624", 
    "ed": "https://s3.amazonaws.com/ksr/projects/510015/photo-ed.jpg?1397815624", 
    "full": "https://s3.amazonaws.com/ksr/projects/510015/photo-full.jpg?1397815624", 
    "little": "https://s3.amazonaws.com/ksr/projects/510015/photo-little.jpg?1397815624", 
    "med": "https://s3.amazonaws.com/ksr/projects/510015/photo-med.jpg?1397815624", 
    "small": "https://s3.amazonaws.com/ksr/projects/510015/photo-small.jpg?1397815624", 
    "thumb": "https://s3.amazonaws.com/ksr/projects/510015/photo-thumb.jpg?1397815624"
  }, 
  "pledged": 15000.0, 
  "slug": "genneo-power-through-motion", 
  "state": "failed", 
  "state_changed_at": 1384934509, 
  "urls": {
    "web": {
      "project": "https://www.kickstarter.com/projects/2139966387/genneo-power-through-motion", 
      "rewards": "https://www.kickstarter.com/projects/2139966387/genneo-power-through-motion/rewards"
    }
  }
}