{
  "backers_count": 7, 
  "blurb": "A donor has agreed to match donations raised for noisivelvet. Edit! Due to a mix up the matching funds must be raised by 7-16-2010!", 
  "category": {
    "id": 52, 
    "name": "Hardware", 
    "parent_id": 16, 
    "position": 8, 
    "slug": "technology/hardware", 
    "urls": {
      "web": {
        "discover": "http://www.kickstarter.com/discover/categories/technology/hardware"
      }
    }
  }, 
  "country": "US", 
  "created_at": 1277854598, 
  "creator": {
    "avatar": {
      "medium": "https://s3.amazonaws.com/ksr/avatars/192239/fb_profile_picture.medium.jpg?1301510583", 
      "small": "https://s3.amazonaws.com/ksr/avatars/192239/fb_profile_picture.small.jpg?1301510583", 
      "thumb": "https://s3.amazonaws.com/ksr/avatars/192239/fb_profile_picture.thumb.jpg?1301510583"
    }, 
    "id": 345598377, 
    "name": "Joe Baldwin", 
    "urls": {
      "api": {
        "user": "https://api.kickstarter.com/v1/users/345598377?signature=1405310572.57bc39920c76359d906f82f82586c1bc831d6cb8"
      }, 
      "web": {
        "user": "https://www.kickstarter.com/profile/345598377"
      }
    }
  }, 
  "currency": "USD", 
  "currency_symbol": "$", 
  "currency_trailing_code": true, 
  "deadline": 1280635140, 
  "disable_communication": false, 
  "goal": 15000.0, 
  "id": 1030448552, 
  "launched_at": 1277855654, 
  "location": {
    "country": "US", 
    "displayable_name": "Chicago, IL", 
    "id": 2379574, 
    "name": "Chicago", 
    "short_name": "Chicago, IL", 
    "slug": "chicago-il", 
    "state": "IL", 
    "urls": {
      "api": {
        "nearby_projects": "https://api.kickstarter.com/v1/discover?signature=1405283924.8f63700f7031fb64c1fc151929225a5757f1a64e&woe_id=2379574"
      }, 
      "web": {
        "discover": "https://www.kickstarter.com/discover/places/chicago-il", 
        "location": "https://www.kickstarter.com/locations/chicago-il"
      }
    }
  }, 
  "name": "Matching funds for noisivelvet/mobile garden Edit Date: July 16!!", 
  "photo": {
    "1024x768": "https://s3.amazonaws.com/ksr/projects/8246/photo-1024x768.jpg?1397757136", 
    "1536x1152": "https://s3.amazonaws.com/ksr/projects/8246/photo-1536x1152.jpg?1397757136", 
    "ed": "https://s3.amazonaws.com/ksr/projects/8246/photo-ed.jpg?1397757136", 
    "full": "https://s3.amazonaws.com/ksr/projects/8246/photo-full.jpg?1397757136", 
    "little": "https://s3.amazonaws.com/ksr/projects/8246/photo-little.jpg?1397757136", 
    "med": "https://s3.amazonaws.com/ksr/projects/8246/photo-med.jpg?1397757136", 
    "small": "https://s3.amazonaws.com/ksr/projects/8246/photo-small.jpg?1397757136", 
    "thumb": "https://s3.amazonaws.com/ksr/projects/8246/photo-thumb.jpg?1397757136"
  }, 
  "pledged": 240.0, 
  "slug": "matching-funds-for-noisivelvet-mobile-garden", 
  "state": "failed", 
  "state_changed_at": 1280635296, 
  "urls": {
    "web": {
      "project": "https://www.kickstarter.com/projects/345598377/matching-funds-for-noisivelvet-mobile-garden", 
      "rewards": "https://www.kickstarter.com/projects/345598377/matching-funds-for-noisivelvet-mobile-garden/rewards"
    }
  }
}