{
  "backers_count": 7, 
  "blurb": "Ballooning, rocketry, and other mobile STEM explorations need capable hardware systems to succeed.  We are making them!", 
  "category": {
    "id": 16, 
    "name": "Technology", 
    "position": 14, 
    "slug": "technology", 
    "urls": {
      "web": {
        "discover": "http://www.kickstarter.com/discover/categories/technology"
      }
    }
  }, 
  "country": "US", 
  "created_at": 1330460451, 
  "creator": {
    "avatar": {
      "medium": "https://s3.amazonaws.com/ksr/avatars/1540650/MJK512a.medium.jpg?1331163741", 
      "small": "https://s3.amazonaws.com/ksr/avatars/1540650/MJK512a.small.jpg?1331163741", 
      "thumb": "https://s3.amazonaws.com/ksr/avatars/1540650/MJK512a.thumb.jpg?1331163741"
    }, 
    "id": 1134219811, 
    "name": "Malcolm J. Kudra", 
    "urls": {
      "api": {
        "user": "https://api.kickstarter.com/v1/users/1134219811?signature=1405310485.5e327e8be63dfef9d44774a43837b81d15d2cea2"
      }, 
      "web": {
        "user": "https://www.kickstarter.com/profile/1134219811"
      }
    }
  }, 
  "currency": "USD", 
  "currency_symbol": "$", 
  "currency_trailing_code": true, 
  "deadline": 1333831639, 
  "disable_communication": false, 
  "goal": 40850.0, 
  "id": 1030516649, 
  "launched_at": 1331243239, 
  "location": {
    "country": "US", 
    "displayable_name": "Dalzell, SC", 
    "id": 2389090, 
    "name": "Dalzell", 
    "short_name": "Dalzell, SC", 
    "slug": "dalzell-sc", 
    "state": "SC", 
    "urls": {
      "api": {
        "nearby_projects": "https://api.kickstarter.com/v1/discover?signature=1405298846.ed9d0d359d6cc3dab6955633806e7187fb79cebb&woe_id=2389090"
      }, 
      "web": {
        "discover": "https://www.kickstarter.com/discover/places/dalzell-sc", 
        "location": "https://www.kickstarter.com/locations/dalzell-sc"
      }
    }
  }, 
  "name": "Flight Commander Launch - First Modules", 
  "photo": {
    "1024x768": "https://s3.amazonaws.com/ksr/projects/80157/photo-1024x768.jpg?1397771920", 
    "1536x1152": "https://s3.amazonaws.com/ksr/projects/80157/photo-1536x1152.jpg?1397771920", 
    "ed": "https://s3.amazonaws.com/ksr/projects/80157/photo-ed.jpg?1397771920", 
    "full": "https://s3.amazonaws.com/ksr/projects/80157/photo-full.jpg?1397771920", 
    "little": "https://s3.amazonaws.com/ksr/projects/80157/photo-little.jpg?1397771920", 
    "med": "https://s3.amazonaws.com/ksr/projects/80157/photo-med.jpg?1397771920", 
    "small": "https://s3.amazonaws.com/ksr/projects/80157/photo-small.jpg?1397771920", 
    "thumb": "https://s3.amazonaws.com/ksr/projects/80157/photo-thumb.jpg?1397771920"
  }, 
  "pledged": 1306.0, 
  "slug": "flight-commander-launch-first-modules", 
  "state": "failed", 
  "state_changed_at": 1333831639, 
  "urls": {
    "web": {
      "project": "https://www.kickstarter.com/projects/1134219811/flight-commander-launch-first-modules", 
      "rewards": "https://www.kickstarter.com/projects/1134219811/flight-commander-launch-first-modules/rewards"
    }
  }
}