{
  "backers_count": 14, 
  "blurb": "World's First Pocket Sized LED Light that uses PRO Grade Samsung LED Chips and works with just about any device imaginable.", 
  "category": {
    "id": 333, 
    "name": "Camera Equipment", 
    "parent_id": 16, 
    "position": 3, 
    "slug": "technology/camera equipment", 
    "urls": {
      "web": {
        "discover": "http://www.kickstarter.com/discover/categories/technology/camera%20equipment"
      }
    }
  }, 
  "country": "US", 
  "created_at": 1403540348, 
  "creator": {
    "avatar": {
      "medium": "https://s3.amazonaws.com/ksr/avatars/7305940/family_photo.medium.jpg?1395158043", 
      "small": "https://s3.amazonaws.com/ksr/avatars/7305940/family_photo.small.jpg?1395158043", 
      "thumb": "https://s3.amazonaws.com/ksr/avatars/7305940/family_photo.thumb.jpg?1395158043"
    }, 
    "id": 470554071, 
    "name": "ColorRight- Drew Strickland", 
    "slug": "colorright", 
    "urls": {
      "api": {
        "user": "https://api.kickstarter.com/v1/users/470554071?signature=1405310254.973af425c9ed5857af7e9d2f50785b33bf449866"
      }, 
      "web": {
        "user": "https://www.kickstarter.com/profile/colorright"
      }
    }
  }, 
  "currency": "USD", 
  "currency_symbol": "$", 
  "currency_trailing_code": true, 
  "deadline": 1405359979, 
  "disable_communication": false, 
  "goal": 1000.0, 
  "id": 1031668355, 
  "launched_at": 1403545579, 
  "location": {
    "country": "US", 
    "displayable_name": "Alpharetta, GA", 
    "id": 2353697, 
    "name": "Alpharetta", 
    "short_name": "Alpharetta, GA", 
    "slug": "alpharetta-ga", 
    "state": "GA", 
    "urls": {
      "api": {
        "nearby_projects": "https://api.kickstarter.com/v1/discover?signature=1405283943.d310a905d8963976ae95e4d0384b1d23d1f02b4e&woe_id=2353697"
      }, 
      "web": {
        "discover": "https://www.kickstarter.com/discover/places/alpharetta-ga", 
        "location": "https://www.kickstarter.com/locations/alpharetta-ga"
      }
    }
  }, 
  "name": "My Lite- Swiss Army Knife of LED Lights", 
  "photo": {
    "1024x768": "https://s3.amazonaws.com/ksr/projects/1056248/photo-1024x768.jpg?1403542696", 
    "1536x1152": "https://s3.amazonaws.com/ksr/projects/1056248/photo-1536x1152.jpg?1403542696", 
    "ed": "https://s3.amazonaws.com/ksr/projects/1056248/photo-ed.jpg?1403542696", 
    "full": "https://s3.amazonaws.com/ksr/projects/1056248/photo-full.jpg?1403542696", 
    "little": "https://s3.amazonaws.com/ksr/projects/1056248/photo-little.jpg?1403542696", 
    "med": "https://s3.amazonaws.com/ksr/projects/1056248/photo-med.jpg?1403542696", 
    "small": "https://s3.amazonaws.com/ksr/projects/1056248/photo-small.jpg?1403542696", 
    "thumb": "https://s3.amazonaws.com/ksr/projects/1056248/photo-thumb.jpg?1403542696"
  }, 
  "pledged": 1855.0, 
  "slug": "my-lite-swiss-army-knife-of-led-lights", 
  "state": "live", 
  "state_changed_at": 1403545580, 
  "urls": {
    "web": {
      "project": "https://www.kickstarter.com/projects/colorright/my-lite-swiss-army-knife-of-led-lights", 
      "rewards": "https://www.kickstarter.com/projects/colorright/my-lite-swiss-army-knife-of-led-lights/rewards"
    }
  }
}