{
  "backers_count": 1, 
  "blurb": "Walkers, riders, shoppers, joggers, fisherman, golfers, workers, night out. Stop fumbling, forgetting or dropping your smartphone.", 
  "category": {
    "id": 341, 
    "name": "Wearables", 
    "parent_id": 16, 
    "position": 14, 
    "slug": "technology/wearables", 
    "urls": {
      "web": {
        "discover": "http://www.kickstarter.com/discover/categories/technology/wearables"
      }
    }
  }, 
  "country": "US", 
  "created_at": 1399970025, 
  "creator": {
    "avatar": {
      "medium": "https://s3.amazonaws.com/ksr/avatars/10635461/705214_4609348188380_102111820_o.medium.jpg?1400837763", 
      "small": "https://s3.amazonaws.com/ksr/avatars/10635461/705214_4609348188380_102111820_o.small.jpg?1400837763", 
      "thumb": "https://s3.amazonaws.com/ksr/avatars/10635461/705214_4609348188380_102111820_o.thumb.jpg?1400837763"
    }, 
    "id": 1794210621, 
    "name": "Michael Walker", 
    "urls": {
      "api": {
        "user": "https://api.kickstarter.com/v1/users/1794210621?signature=1405310609.05a6c5d8d10a395a83eba82786239e38a8145539"
      }, 
      "web": {
        "user": "https://www.kickstarter.com/profile/1794210621"
      }
    }
  }, 
  "currency": "USD", 
  "currency_symbol": "$", 
  "currency_trailing_code": true, 
  "deadline": 1403810988, 
  "disable_communication": false, 
  "goal": 43000.0, 
  "id": 1031931836, 
  "launched_at": 1401218988, 
  "location": {
    "country": "US", 
    "displayable_name": "Fresno, CA", 
    "id": 2407517, 
    "name": "Fresno", 
    "short_name": "Fresno, CA", 
    "slug": "fresno-ca", 
    "state": "CA", 
    "urls": {
      "api": {
        "nearby_projects": "https://api.kickstarter.com/v1/discover?signature=1405283935.2551118519aee6e9b35327c50ad484add91afef6&woe_id=2407517"
      }, 
      "web": {
        "discover": "https://www.kickstarter.com/discover/places/fresno-ca", 
        "location": "https://www.kickstarter.com/locations/fresno-ca"
      }
    }
  }, 
  "name": "The Backhand: Truely, hands -freedom (Canceled)", 
  "photo": {
    "1024x768": "https://s3.amazonaws.com/ksr/projects/997513/photo-1024x768.jpg?1402647653", 
    "1536x1152": "https://s3.amazonaws.com/ksr/projects/997513/photo-1536x1152.jpg?1402647653", 
    "ed": "https://s3.amazonaws.com/ksr/projects/997513/photo-ed.jpg?1402647653", 
    "full": "https://s3.amazonaws.com/ksr/projects/997513/photo-full.jpg?1402647653", 
    "little": "https://s3.amazonaws.com/ksr/projects/997513/photo-little.jpg?1402647653", 
    "med": "https://s3.amazonaws.com/ksr/projects/997513/photo-med.jpg?1402647653", 
    "small": "https://s3.amazonaws.com/ksr/projects/997513/photo-small.jpg?1402647653", 
    "thumb": "https://s3.amazonaws.com/ksr/projects/997513/photo-thumb.jpg?1402647653"
  }, 
  "pledged": 100.0, 
  "slug": "the-backhand-truely-hands-freedom", 
  "state": "canceled", 
  "state_changed_at": 1402817749, 
  "urls": {
    "web": {
      "project": "https://www.kickstarter.com/projects/1794210621/the-backhand-truely-hands-freedom", 
      "rewards": "https://www.kickstarter.com/projects/1794210621/the-backhand-truely-hands-freedom/rewards"
    }
  }
}