{
  "backers_count": 97, 
  "blurb": "PocketQube lowers the barriers to building your own satellite. Anyone can now build a satellite, want to join the revolution?", 
  "category": {
    "id": 340, 
    "name": "Space Exploration", 
    "parent_id": 16, 
    "position": 13, 
    "slug": "technology/space exploration", 
    "urls": {
      "web": {
        "discover": "http://www.kickstarter.com/discover/categories/technology/space%20exploration"
      }
    }
  }, 
  "country": "GB", 
  "created_at": 1376518752, 
  "creator": {
    "avatar": {
      "medium": "https://s3.amazonaws.com/ksr/avatars/7665626/PocketQubeShop_Logo.medium.jpg?1376946462", 
      "small": "https://s3.amazonaws.com/ksr/avatars/7665626/PocketQubeShop_Logo.small.jpg?1376946462", 
      "thumb": "https://s3.amazonaws.com/ksr/avatars/7665626/PocketQubeShop_Logo.thumb.jpg?1376946462"
    }, 
    "id": 711315745, 
    "name": "PocketQube Shop", 
    "slug": "pocketqube", 
    "urls": {
      "api": {
        "user": "https://api.kickstarter.com/v1/users/711315745?signature=1405310218.faadc86d00df5192bedc8eec1c3e1dee4e563a96"
      }, 
      "web": {
        "user": "https://www.kickstarter.com/profile/pocketqube"
      }
    }
  }, 
  "currency": "GBP", 
  "currency_symbol": "\u00a3", 
  "currency_trailing_code": false, 
  "deadline": 1383258600, 
  "disable_communication": false, 
  "goal": 3000.0, 
  "id": 1031194134, 
  "launched_at": 1380617821, 
  "location": {
    "country": "GB", 
    "displayable_name": "Glasgow, UK", 
    "id": 21125, 
    "name": "Glasgow", 
    "short_name": "Glasgow, UK", 
    "slug": "glasgow-gb", 
    "state": "Scotland", 
    "urls": {
      "api": {
        "nearby_projects": "https://api.kickstarter.com/v1/discover?signature=1405283938.1e4f17f1cb66cd01463df29c26f5c67ddeeadb54&woe_id=21125"
      }, 
      "web": {
        "discover": "https://www.kickstarter.com/discover/places/glasgow-gb", 
        "location": "https://www.kickstarter.com/locations/glasgow-gb"
      }
    }
  }, 
  "name": "Want to build a satellite but dont have a NASA sized budget?", 
  "photo": {
    "1024x768": "https://s3.amazonaws.com/ksr/projects/650612/photo-1024x768.jpg?1397830872", 
    "1536x1152": "https://s3.amazonaws.com/ksr/projects/650612/photo-1536x1152.jpg?1397830872", 
    "ed": "https://s3.amazonaws.com/ksr/projects/650612/photo-ed.jpg?1397830872", 
    "full": "https://s3.amazonaws.com/ksr/projects/650612/photo-full.jpg?1397830872", 
    "little": "https://s3.amazonaws.com/ksr/projects/650612/photo-little.jpg?1397830872", 
    "med": "https://s3.amazonaws.com/ksr/projects/650612/photo-med.jpg?1397830872", 
    "small": "https://s3.amazonaws.com/ksr/projects/650612/photo-small.jpg?1397830872", 
    "thumb": "https://s3.amazonaws.com/ksr/projects/650612/photo-thumb.jpg?1397830872"
  }, 
  "pledged": 3146.0, 
  "slug": "want-to-build-a-satellite-but-dont-have-a-nasa-siz", 
  "state": "successful", 
  "state_changed_at": 1383258614, 
  "urls": {
    "web": {
      "project": "https://www.kickstarter.com/projects/pocketqube/want-to-build-a-satellite-but-dont-have-a-nasa-siz", 
      "rewards": "https://www.kickstarter.com/projects/pocketqube/want-to-build-a-satellite-but-dont-have-a-nasa-siz/rewards"
    }
  }
}