{
  "backers_count": 113, 
  "blurb": "An ARM based open architecture in-wall Power-over-Ethernet touch controller to connect and automate everything in your home or office", 
  "category": {
    "id": 16, 
    "name": "Technology", 
    "position": 14, 
    "slug": "technology", 
    "urls": {
      "web": {
        "discover": "http://www.kickstarter.com/discover/categories/technology"
      }
    }
  }, 
  "country": "US", 
  "created_at": 1394663879, 
  "creator": {
    "avatar": {
      "medium": "https://s3.amazonaws.com/ksr/avatars/9927453/hioproject_Logo.medium.jpg?1394666711", 
      "small": "https://s3.amazonaws.com/ksr/avatars/9927453/hioproject_Logo.small.jpg?1394666711", 
      "thumb": "https://s3.amazonaws.com/ksr/avatars/9927453/hioproject_Logo.thumb.jpg?1394666711"
    }, 
    "id": 1696745118, 
    "name": "HIO Project", 
    "urls": {
      "api": {
        "user": "https://api.kickstarter.com/v1/users/1696745118?signature=1405310360.e4de08fae74cbec0b4af98e3ee7a1faf75cd4c23"
      }, 
      "web": {
        "user": "https://www.kickstarter.com/profile/1696745118"
      }
    }
  }, 
  "currency": "USD", 
  "currency_symbol": "$", 
  "currency_trailing_code": true, 
  "deadline": 1399532451, 
  "disable_communication": false, 
  "goal": 40000.0, 
  "id": 1031328050, 
  "launched_at": 1396940451, 
  "location": {
    "country": "US", 
    "displayable_name": "Los Angeles, CA", 
    "id": 2442047, 
    "name": "Los Angeles", 
    "short_name": "Los Angeles, CA", 
    "slug": "los-angeles-ca", 
    "state": "CA", 
    "urls": {
      "api": {
        "nearby_projects": "https://api.kickstarter.com/v1/discover?signature=1405283921.ee3a1133214a755b6f367baa5289215cf97407d4&woe_id=2442047"
      }, 
      "web": {
        "discover": "https://www.kickstarter.com/discover/places/los-angeles-ca", 
        "location": "https://www.kickstarter.com/locations/los-angeles-ca"
      }
    }
  }, 
  "name": "HIO Wallpad Drop-in PoE In-wall Universal Android Controller", 
  "photo": {
    "1024x768": "https://s3.amazonaws.com/ksr/projects/906643/photo-1024x768.jpg?1397871735", 
    "1536x1152": "https://s3.amazonaws.com/ksr/projects/906643/photo-1536x1152.jpg?1397871735", 
    "ed": "https://s3.amazonaws.com/ksr/projects/906643/photo-ed.jpg?1397871735", 
    "full": "https://s3.amazonaws.com/ksr/projects/906643/photo-full.jpg?1397871735", 
    "little": "https://s3.amazonaws.com/ksr/projects/906643/photo-little.jpg?1397871735", 
    "med": "https://s3.amazonaws.com/ksr/projects/906643/photo-med.jpg?1397871735", 
    "small": "https://s3.amazonaws.com/ksr/projects/906643/photo-small.jpg?1397871735", 
    "thumb": "https://s3.amazonaws.com/ksr/projects/906643/photo-thumb.jpg?1397871735"
  }, 
  "pledged": 15465.0, 
  "slug": "hio-wallpad-drop-in-poe-in-wall-universal-android", 
  "state": "failed", 
  "state_changed_at": 1399532452, 
  "urls": {
    "web": {
      "project": "https://www.kickstarter.com/projects/1696745118/hio-wallpad-drop-in-poe-in-wall-universal-android", 
      "rewards": "https://www.kickstarter.com/projects/1696745118/hio-wallpad-drop-in-poe-in-wall-universal-android/rewards"
    }
  }
}