{
  "backers_count": 121, 
  "blurb": "The CFA-10036 lets you easily use the powerful ARM9 based i.MX28 processor running Linux for your embedded GPIO intensive project.", 
  "category": {
    "id": 52, 
    "name": "Hardware", 
    "parent_id": 16, 
    "position": 8, 
    "slug": "technology/hardware", 
    "urls": {
      "web": {
        "discover": "http://www.kickstarter.com/discover/categories/technology/hardware"
      }
    }
  }, 
  "country": "US", 
  "created_at": 1355339052, 
  "creator": {
    "avatar": {
      "medium": "https://s3.amazonaws.com/ksr/avatars/4520430/Square_600_Logo_For_KickStarter.medium.jpg?1352242033", 
      "small": "https://s3.amazonaws.com/ksr/avatars/4520430/Square_600_Logo_For_KickStarter.small.jpg?1352242033", 
      "thumb": "https://s3.amazonaws.com/ksr/avatars/4520430/Square_600_Logo_For_KickStarter.thumb.jpg?1352242033"
    }, 
    "id": 1134150036, 
    "name": "Crystalfontz America, Inc.", 
    "slug": "crystalfontz", 
    "urls": {
      "api": {
        "user": "https://api.kickstarter.com/v1/users/1134150036?signature=1405310367.94257bb3045cdc1a09d2fae49ad33c4e36deea4f"
      }, 
      "web": {
        "user": "https://www.kickstarter.com/profile/crystalfontz"
      }
    }
  }, 
  "currency": "USD", 
  "currency_symbol": "$", 
  "currency_trailing_code": true, 
  "deadline": 1361001540, 
  "disable_communication": false, 
  "goal": 30000.0, 
  "id": 1031084940, 
  "launched_at": 1357776644, 
  "location": {
    "country": "US", 
    "displayable_name": "Spokane, WA", 
    "id": 2497646, 
    "name": "Spokane", 
    "short_name": "Spokane, WA", 
    "slug": "spokane-wa", 
    "state": "WA", 
    "urls": {
      "api": {
        "nearby_projects": "https://api.kickstarter.com/v1/discover?signature=1405283930.3bd3bfc88841d2257baf6c96c12cfd811f151ff1&woe_id=2497646"
      }, 
      "web": {
        "discover": "https://www.kickstarter.com/discover/places/spokane-wa", 
        "location": "https://www.kickstarter.com/locations/spokane-wa"
      }
    }
  }, 
  "name": "CFA-10036 Open, Hackable, Linux + ARM Embedded GPIO Module", 
  "photo": {
    "1024x768": "https://s3.amazonaws.com/ksr/projects/412309/photo-1024x768.jpg?1397805305", 
    "1536x1152": "https://s3.amazonaws.com/ksr/projects/412309/photo-1536x1152.jpg?1397805305", 
    "ed": "https://s3.amazonaws.com/ksr/projects/412309/photo-ed.jpg?1397805305", 
    "full": "https://s3.amazonaws.com/ksr/projects/412309/photo-full.jpg?1397805305", 
    "little": "https://s3.amazonaws.com/ksr/projects/412309/photo-little.jpg?1397805305", 
    "med": "https://s3.amazonaws.com/ksr/projects/412309/photo-med.jpg?1397805305", 
    "small": "https://s3.amazonaws.com/ksr/projects/412309/photo-small.jpg?1397805305", 
    "thumb": "https://s3.amazonaws.com/ksr/projects/412309/photo-thumb.jpg?1397805305"
  }, 
  "pledged": 12184.58, 
  "slug": "cfa-10036-open-hackable-linux-arm-embedded-gpio-mo", 
  "state": "failed", 
  "state_changed_at": 1361001540, 
  "urls": {
    "web": {
      "project": "https://www.kickstarter.com/projects/crystalfontz/cfa-10036-open-hackable-linux-arm-embedded-gpio-mo", 
      "rewards": "https://www.kickstarter.com/projects/crystalfontz/cfa-10036-open-hackable-linux-arm-embedded-gpio-mo/rewards"
    }
  }
}