{
  "backers_count": 547, 
  "blurb": "Does your iPad case charge your phone? The LilyPad Case uses new solar ink to convert light into energy. It includes HDMI & More!!", 
  "category": {
    "id": 52, 
    "name": "Hardware", 
    "parent_id": 16, 
    "position": 8, 
    "slug": "technology/hardware", 
    "urls": {
      "web": {
        "discover": "http://www.kickstarter.com/discover/categories/technology/hardware"
      }
    }
  }, 
  "country": "US", 
  "created_at": 1302227738, 
  "creator": {
    "avatar": {
      "medium": "https://s3.amazonaws.com/ksr/avatars/444616/DaveFoster_BioPic_squared.medium.jpg?1357688077", 
      "small": "https://s3.amazonaws.com/ksr/avatars/444616/DaveFoster_BioPic_squared.small.jpg?1357688077", 
      "thumb": "https://s3.amazonaws.com/ksr/avatars/444616/DaveFoster_BioPic_squared.thumb.jpg?1357688077"
    }, 
    "id": 1250117934, 
    "name": "David Foster", 
    "slug": "davefoster", 
    "urls": {
      "api": {
        "user": "https://api.kickstarter.com/v1/users/1250117934?signature=1405310095.50a67515e0f647bb2cdef9743c9169a977487717"
      }, 
      "web": {
        "user": "https://www.kickstarter.com/profile/davefoster"
      }
    }
  }, 
  "currency": "USD", 
  "currency_symbol": "$", 
  "currency_trailing_code": true, 
  "deadline": 1317602038, 
  "disable_communication": false, 
  "goal": 27000.0, 
  "id": 1032966918, 
  "launched_at": 1314578038, 
  "location": {
    "country": "US", 
    "displayable_name": "Orlando, FL", 
    "id": 2466256, 
    "name": "Orlando", 
    "short_name": "Orlando, FL", 
    "slug": "orlando-fl", 
    "state": "FL", 
    "urls": {
      "api": {
        "nearby_projects": "https://api.kickstarter.com/v1/discover?signature=1405283922.c9e211836b2b2158ef2c5ef69e1fc0fb7a4a3eae&woe_id=2466256"
      }, 
      "web": {
        "discover": "https://www.kickstarter.com/discover/places/orlando-fl", 
        "location": "https://www.kickstarter.com/locations/orlando-fl"
      }
    }
  }, 
  "name": "LilyPad ~ Using Light to Power All Our Mobile Devices", 
  "photo": {
    "1024x768": "https://s3.amazonaws.com/ksr/projects/29165/photo-1024x768.jpg?1397762327", 
    "1536x1152": "https://s3.amazonaws.com/ksr/projects/29165/photo-1536x1152.jpg?1397762327", 
    "ed": "https://s3.amazonaws.com/ksr/projects/29165/photo-ed.jpg?1397762327", 
    "full": "https://s3.amazonaws.com/ksr/projects/29165/photo-full.jpg?1397762327", 
    "little": "https://s3.amazonaws.com/ksr/projects/29165/photo-little.jpg?1397762327", 
    "med": "https://s3.amazonaws.com/ksr/projects/29165/photo-med.jpg?1397762327", 
    "small": "https://s3.amazonaws.com/ksr/projects/29165/photo-small.jpg?1397762327", 
    "thumb": "https://s3.amazonaws.com/ksr/projects/29165/photo-thumb.jpg?1397762327"
  }, 
  "pledged": 104482.0, 
  "slug": "lilypad-using-light-to-power-all-our-mobile-device", 
  "state": "successful", 
  "state_changed_at": 1317602040, 
  "urls": {
    "web": {
      "project": "https://www.kickstarter.com/projects/davefoster/lilypad-using-light-to-power-all-our-mobile-device", 
      "rewards": "https://www.kickstarter.com/projects/davefoster/lilypad-using-light-to-power-all-our-mobile-device/rewards"
    }
  }
}