{
  "backers_count": 141, 
  "blurb": "An amazingly small, sleek and affordably priced amplifier for vinyl lovers, with audiophile sound.", 
  "category": {
    "id": 52, 
    "name": "Hardware", 
    "parent_id": 16, 
    "position": 8, 
    "slug": "technology/hardware", 
    "urls": {
      "web": {
        "discover": "http://www.kickstarter.com/discover/categories/technology/hardware"
      }
    }
  }, 
  "country": "CA", 
  "created_at": 1389131141, 
  "creator": {
    "avatar": {
      "medium": "https://s3.amazonaws.com/ksr/avatars/9272118/pos_logo.medium.jpg?1389737531", 
      "small": "https://s3.amazonaws.com/ksr/avatars/9272118/pos_logo.small.jpg?1389737531", 
      "thumb": "https://s3.amazonaws.com/ksr/avatars/9272118/pos_logo.thumb.jpg?1389737531"
    }, 
    "id": 2090572321, 
    "name": "Planet of Sound", 
    "urls": {
      "api": {
        "user": "https://api.kickstarter.com/v1/users/2090572321?signature=1405310130.f95b0f7669b1d866fa110256068582370f5478f0"
      }, 
      "web": {
        "user": "https://www.kickstarter.com/profile/2090572321"
      }
    }
  }, 
  "currency": "CAD", 
  "currency_symbol": "$", 
  "currency_trailing_code": true, 
  "deadline": 1394729521, 
  "disable_communication": false, 
  "goal": 30000.0, 
  "id": 1033947460, 
  "launched_at": 1392141121, 
  "location": {
    "country": "CA", 
    "displayable_name": "Toronto, Canada", 
    "id": 4118, 
    "name": "Toronto", 
    "short_name": "Toronto, Canada", 
    "slug": "toronto-on-ca", 
    "state": "ON", 
    "urls": {
      "api": {
        "nearby_projects": "https://api.kickstarter.com/v1/discover?signature=1405283922.d846628b5e3e23ac33c63f0d9923266125786c79&woe_id=4118"
      }, 
      "web": {
        "discover": "https://www.kickstarter.com/discover/places/toronto-on-ca", 
        "location": "https://www.kickstarter.com/locations/toronto-on-ca"
      }
    }
  }, 
  "name": "Mies i100: The Ultimate Amplifier for Vinyl Lovers", 
  "photo": {
    "1024x768": "https://s3.amazonaws.com/ksr/projects/820583/photo-1024x768.jpg?1397862798", 
    "1536x1152": "https://s3.amazonaws.com/ksr/projects/820583/photo-1536x1152.jpg?1397862798", 
    "ed": "https://s3.amazonaws.com/ksr/projects/820583/photo-ed.jpg?1397862798", 
    "full": "https://s3.amazonaws.com/ksr/projects/820583/photo-full.jpg?1397862798", 
    "little": "https://s3.amazonaws.com/ksr/projects/820583/photo-little.jpg?1397862798", 
    "med": "https://s3.amazonaws.com/ksr/projects/820583/photo-med.jpg?1397862798", 
    "small": "https://s3.amazonaws.com/ksr/projects/820583/photo-small.jpg?1397862798", 
    "thumb": "https://s3.amazonaws.com/ksr/projects/820583/photo-thumb.jpg?1397862798"
  }, 
  "pledged": 45041.14, 
  "slug": "mies-i100-the-ultimate-amplifier-for-vinyl-lovers", 
  "state": "successful", 
  "state_changed_at": 1394729521, 
  "urls": {
    "web": {
      "project": "https://www.kickstarter.com/projects/2090572321/mies-i100-the-ultimate-amplifier-for-vinyl-lovers", 
      "rewards": "https://www.kickstarter.com/projects/2090572321/mies-i100-the-ultimate-amplifier-for-vinyl-lovers/rewards"
    }
  }
}