{
  "backers_count": 1670, 
  "blurb": "Prototypo is an open-source online typeface editor: start shaping a complete typeface using sliders, then refine spacing and outlines.", 
  "category": {
    "id": 342, 
    "name": "Web", 
    "parent_id": 16, 
    "position": 15, 
    "slug": "technology/web", 
    "urls": {
      "web": {
        "discover": "http://www.kickstarter.com/discover/categories/technology/web"
      }
    }
  }, 
  "country": "GB", 
  "created_at": 1394112518, 
  "creator": {
    "avatar": {
      "medium": "https://s3.amazonaws.com/ksr/avatars/9853918/LOGO-BYTEFOUNDRY.medium.jpg?1394794666", 
      "small": "https://s3.amazonaws.com/ksr/avatars/9853918/LOGO-BYTEFOUNDRY.small.jpg?1394794666", 
      "thumb": "https://s3.amazonaws.com/ksr/avatars/9853918/LOGO-BYTEFOUNDRY.thumb.jpg?1394794666"
    }, 
    "id": 599698621, 
    "name": "ByteFoundry", 
    "urls": {
      "api": {
        "user": "https://api.kickstarter.com/v1/users/599698621?signature=1405310016.ea44812b2f4fa3a1373f464be575a2ff54b87b8e"
      }, 
      "web": {
        "user": "https://www.kickstarter.com/profile/599698621"
      }
    }
  }, 
  "currency": "GBP", 
  "currency_symbol": "\u00a3", 
  "currency_trailing_code": false, 
  "deadline": 1399651200, 
  "disable_communication": false, 
  "goal": 12000.0, 
  "id": 1033109842, 
  "launched_at": 1396967525, 
  "location": {
    "country": "GB", 
    "displayable_name": "London, UK", 
    "id": 44418, 
    "name": "London", 
    "short_name": "London, UK", 
    "slug": "london-gb", 
    "state": "England", 
    "urls": {
      "api": {
        "nearby_projects": "https://api.kickstarter.com/v1/discover?signature=1405283922.82a390c7080dcb5af2825d7dc4e2293adc57bbf0&woe_id=44418"
      }, 
      "web": {
        "discover": "https://www.kickstarter.com/discover/places/london-gb", 
        "location": "https://www.kickstarter.com/locations/london-gb"
      }
    }
  }, 
  "name": "Prototypo |\u00a0Streamlining font creation", 
  "photo": {
    "1024x768": "https://s3.amazonaws.com/ksr/projects/897394/photo-1024x768.jpg?1397870792", 
    "1536x1152": "https://s3.amazonaws.com/ksr/projects/897394/photo-1536x1152.jpg?1397870792", 
    "ed": "https://s3.amazonaws.com/ksr/projects/897394/photo-ed.jpg?1397870792", 
    "full": "https://s3.amazonaws.com/ksr/projects/897394/photo-full.jpg?1397870792", 
    "little": "https://s3.amazonaws.com/ksr/projects/897394/photo-little.jpg?1397870792", 
    "med": "https://s3.amazonaws.com/ksr/projects/897394/photo-med.jpg?1397870792", 
    "small": "https://s3.amazonaws.com/ksr/projects/897394/photo-small.jpg?1397870792", 
    "thumb": "https://s3.amazonaws.com/ksr/projects/897394/photo-thumb.jpg?1397870792"
  }, 
  "pledged": 34133.37, 
  "slug": "prototypo-streamlining-font-creation", 
  "state": "successful", 
  "state_changed_at": 1399651211, 
  "urls": {
    "web": {
      "project": "https://www.kickstarter.com/projects/599698621/prototypo-streamlining-font-creation", 
      "rewards": "https://www.kickstarter.com/projects/599698621/prototypo-streamlining-font-creation/rewards"
    }
  }
}