{
  "backers_count": 16, 
  "blurb": "Phase II development of our fully autonomous helicopter (<50 lbs) used to collect low altitude, high res, georeferenced and scaled data", 
  "category": {
    "id": 16, 
    "name": "Technology", 
    "position": 14, 
    "slug": "technology", 
    "urls": {
      "web": {
        "discover": "http://www.kickstarter.com/discover/categories/technology"
      }
    }
  }, 
  "country": "US", 
  "created_at": 1320170695, 
  "creator": {
    "avatar": {
      "medium": "https://s3.amazonaws.com/ksr/avatars/1479192/daddy%20palo.medium.jpg?1319570262", 
      "small": "https://s3.amazonaws.com/ksr/avatars/1479192/daddy%20palo.small.jpg?1319570262", 
      "thumb": "https://s3.amazonaws.com/ksr/avatars/1479192/daddy%20palo.thumb.jpg?1319570262"
    }, 
    "id": 1308031087, 
    "name": "Erik Baros", 
    "urls": {
      "api": {
        "user": "https://api.kickstarter.com/v1/users/1308031087?signature=1405310444.e8ff10bcd4c95f925c808c1b6bd7ad9b5ca4b7b9"
      }, 
      "web": {
        "user": "https://www.kickstarter.com/profile/1308031087"
      }
    }
  }, 
  "currency": "USD", 
  "currency_symbol": "$", 
  "currency_trailing_code": true, 
  "deadline": 1326171600, 
  "disable_communication": false, 
  "goal": 85000.0, 
  "id": 1034666945, 
  "launched_at": 1323465275, 
  "location": {
    "country": "US", 
    "displayable_name": "Denver, CO", 
    "id": 2391279, 
    "name": "Denver", 
    "short_name": "Denver, CO", 
    "slug": "denver-co", 
    "state": "CO", 
    "urls": {
      "api": {
        "nearby_projects": "https://api.kickstarter.com/v1/discover?signature=1405283921.b5d20e66be16fcfc279b7a02b05cb033e4cef86b&woe_id=2391279"
      }, 
      "web": {
        "discover": "https://www.kickstarter.com/discover/places/denver-co", 
        "location": "https://www.kickstarter.com/locations/denver-co"
      }
    }
  }, 
  "name": "Small Unmanned Aerial System (SUAS) - Phase II", 
  "photo": {
    "1024x768": "https://s3.amazonaws.com/ksr/projects/55753/photo-1024x768.jpg?1397767391", 
    "1536x1152": "https://s3.amazonaws.com/ksr/projects/55753/photo-1536x1152.jpg?1397767391", 
    "ed": "https://s3.amazonaws.com/ksr/projects/55753/photo-ed.jpg?1397767391", 
    "full": "https://s3.amazonaws.com/ksr/projects/55753/photo-full.jpg?1397767391", 
    "little": "https://s3.amazonaws.com/ksr/projects/55753/photo-little.jpg?1397767391", 
    "med": "https://s3.amazonaws.com/ksr/projects/55753/photo-med.jpg?1397767391", 
    "small": "https://s3.amazonaws.com/ksr/projects/55753/photo-small.jpg?1397767391", 
    "thumb": "https://s3.amazonaws.com/ksr/projects/55753/photo-thumb.jpg?1397767391"
  }, 
  "pledged": 2566.0, 
  "slug": "small-unmanned-aerial-system-suas-phase-ii", 
  "state": "failed", 
  "state_changed_at": 1326171624, 
  "urls": {
    "web": {
      "project": "https://www.kickstarter.com/projects/1308031087/small-unmanned-aerial-system-suas-phase-ii", 
      "rewards": "https://www.kickstarter.com/projects/1308031087/small-unmanned-aerial-system-suas-phase-ii/rewards"
    }
  }
}