{
  "backers_count": 29, 
  "blurb": "Newest smartphone App technology to teach and learn about the world around us", 
  "category": {
    "id": 51, 
    "name": "Software", 
    "parent_id": 16, 
    "position": 11, 
    "slug": "technology/software", 
    "urls": {
      "web": {
        "discover": "http://www.kickstarter.com/discover/categories/technology/software"
      }
    }
  }, 
  "country": "US", 
  "created_at": 1326237960, 
  "creator": {
    "avatar": {
      "medium": "https://s3.amazonaws.com/ksr/avatars/106342/Twitter%20Background.medium.jpg?1329499098", 
      "small": "https://s3.amazonaws.com/ksr/avatars/106342/Twitter%20Background.small.jpg?1329499098", 
      "thumb": "https://s3.amazonaws.com/ksr/avatars/106342/Twitter%20Background.thumb.jpg?1329499098"
    }, 
    "id": 1170340769, 
    "name": "Steven Bowen", 
    "slug": "taglierre", 
    "urls": {
      "api": {
        "user": "https://api.kickstarter.com/v1/users/1170340769?signature=1405310446.7e6b694a2f8953a2e67a42c4e33bd4414c7f017c"
      }, 
      "web": {
        "user": "https://www.kickstarter.com/profile/taglierre"
      }
    }
  }, 
  "currency": "USD", 
  "currency_symbol": "$", 
  "currency_trailing_code": true, 
  "deadline": 1331501373, 
  "disable_communication": false, 
  "goal": 35000.0, 
  "id": 103459373, 
  "launched_at": 1326320973, 
  "location": {
    "country": "US", 
    "displayable_name": "Winter Park, FL", 
    "id": 2522318, 
    "name": "Winter Park", 
    "short_name": "Winter Park, FL", 
    "slug": "winter-park-fl", 
    "state": "FL", 
    "urls": {
      "api": {
        "nearby_projects": "https://api.kickstarter.com/v1/discover?signature=1405283968.9def52d85a4a4306cbab5c027b096aaae32abc92&woe_id=2522318"
      }, 
      "web": {
        "discover": "https://www.kickstarter.com/discover/places/winter-park-fl", 
        "location": "https://www.kickstarter.com/locations/winter-park-fl"
      }
    }
  }, 
  "name": "iBoPlanet \"X\" Factor", 
  "photo": {
    "1024x768": "https://s3.amazonaws.com/ksr/projects/68253/photo-1024x768.jpg?1397769579", 
    "1536x1152": "https://s3.amazonaws.com/ksr/projects/68253/photo-1536x1152.jpg?1397769579", 
    "ed": "https://s3.amazonaws.com/ksr/projects/68253/photo-ed.jpg?1397769579", 
    "full": "https://s3.amazonaws.com/ksr/projects/68253/photo-full.jpg?1397769579", 
    "little": "https://s3.amazonaws.com/ksr/projects/68253/photo-little.jpg?1397769579", 
    "med": "https://s3.amazonaws.com/ksr/projects/68253/photo-med.jpg?1397769579", 
    "small": "https://s3.amazonaws.com/ksr/projects/68253/photo-small.jpg?1397769579", 
    "thumb": "https://s3.amazonaws.com/ksr/projects/68253/photo-thumb.jpg?1397769579"
  }, 
  "pledged": 2450.0, 
  "slug": "iboplanet-x-factor", 
  "state": "failed", 
  "state_changed_at": 1331501422, 
  "urls": {
    "web": {
      "project": "https://www.kickstarter.com/projects/taglierre/iboplanet-x-factor", 
      "rewards": "https://www.kickstarter.com/projects/taglierre/iboplanet-x-factor/rewards"
    }
  }
}