{
  "backers_count": 10, 
  "blurb": "The Best Robot Lawnmower - just switch it on and go have a cool beer!   And it easily transforms into a snow plow for the winter!", 
  "category": {
    "id": 52, 
    "name": "Hardware", 
    "parent_id": 16, 
    "position": 8, 
    "slug": "technology/hardware", 
    "urls": {
      "web": {
        "discover": "http://www.kickstarter.com/discover/categories/technology/hardware"
      }
    }
  }, 
  "country": "US", 
  "created_at": 1361320286, 
  "creator": {
    "avatar": {
      "medium": "https://www.kickstarter.com/assets/users/missing_medium.png", 
      "small": "https://www.kickstarter.com/assets/users/missing_small.png", 
      "thumb": "https://www.kickstarter.com/assets/users/missing_thumb.png"
    }, 
    "id": 1220853274, 
    "name": "Warren Smith (deleted)", 
    "slug": "warren631", 
    "urls": {
      "api": {
        "user": "https://api.kickstarter.com/v1/users/1220853274?signature=1405310473.8dace463a45f879d4bc9a48fbe216504e696ac90"
      }, 
      "web": {
        "user": "https://www.kickstarter.com/profile/warren631"
      }
    }
  }, 
  "currency": "USD", 
  "currency_symbol": "$", 
  "currency_trailing_code": true, 
  "deadline": 1369054440, 
  "disable_communication": false, 
  "goal": 2000.0, 
  "id": 1034291490, 
  "launched_at": 1363887691, 
  "location": {
    "country": "US", 
    "displayable_name": "Columbus, OH", 
    "id": 2383660, 
    "name": "Columbus", 
    "short_name": "Columbus, OH", 
    "slug": "columbus-oh", 
    "state": "OH", 
    "urls": {
      "api": {
        "nearby_projects": "https://api.kickstarter.com/v1/discover?signature=1405283924.8437a209149c11464ce4ea12fc352810c55cce1b&woe_id=2383660"
      }, 
      "web": {
        "discover": "https://www.kickstarter.com/discover/places/columbus-oh", 
        "location": "https://www.kickstarter.com/locations/columbus-oh"
      }
    }
  }, 
  "name": "RoBoMo stage II - Automatic Electric Robot Lawnmower.", 
  "photo": {
    "1024x768": "https://s3.amazonaws.com/ksr/projects/467584/photo-1024x768.jpg?1397811155", 
    "1536x1152": "https://s3.amazonaws.com/ksr/projects/467584/photo-1536x1152.jpg?1397811155", 
    "ed": "https://s3.amazonaws.com/ksr/projects/467584/photo-ed.jpg?1397811155", 
    "full": "https://s3.amazonaws.com/ksr/projects/467584/photo-full.jpg?1397811155", 
    "little": "https://s3.amazonaws.com/ksr/projects/467584/photo-little.jpg?1397811155", 
    "med": "https://s3.amazonaws.com/ksr/projects/467584/photo-med.jpg?1397811155", 
    "small": "https://s3.amazonaws.com/ksr/projects/467584/photo-small.jpg?1397811155", 
    "thumb": "https://s3.amazonaws.com/ksr/projects/467584/photo-thumb.jpg?1397811155"
  }, 
  "pledged": 1637.0, 
  "slug": "robomo-stage-ii-automatic-electric-robot-lawnmower", 
  "state": "canceled", 
  "state_changed_at": 1364488559, 
  "urls": {
    "web": {
      "project": "https://www.kickstarter.com/projects/warren631/robomo-stage-ii-automatic-electric-robot-lawnmower", 
      "rewards": "https://www.kickstarter.com/projects/warren631/robomo-stage-ii-automatic-electric-robot-lawnmower/rewards"
    }
  }
}