{
  "backers_count": 65, 
  "blurb": "A student project to capture HD images and 3D video of the 2012 Annular Solar Eclipse from 20 miles above the Earth's surface.", 
  "category": {
    "id": 340, 
    "name": "Space Exploration", 
    "parent_id": 16, 
    "position": 13, 
    "slug": "technology/space exploration", 
    "urls": {
      "web": {
        "discover": "http://www.kickstarter.com/discover/categories/technology/space%20exploration"
      }
    }
  }, 
  "country": "US", 
  "created_at": 1323992857, 
  "creator": {
    "avatar": {
      "medium": "https://s3.amazonaws.com/ksr/avatars/1688742/New%20Project%202%2008.medium.jpg?1324149748", 
      "small": "https://s3.amazonaws.com/ksr/avatars/1688742/New%20Project%202%2008.small.jpg?1324149748", 
      "thumb": "https://s3.amazonaws.com/ksr/avatars/1688742/New%20Project%202%2008.thumb.jpg?1324149748"
    }, 
    "id": 989093552, 
    "name": "The Boonville Space Program", 
    "urls": {
      "api": {
        "user": "https://api.kickstarter.com/v1/users/989093552?signature=1405310223.937aed02a7540557e196b44e2c014abf757edf95"
      }, 
      "web": {
        "user": "https://www.kickstarter.com/profile/989093552"
      }
    }
  }, 
  "currency": "USD", 
  "currency_symbol": "$", 
  "currency_trailing_code": true, 
  "deadline": 1334559540, 
  "disable_communication": false, 
  "goal": 3000.0, 
  "id": 1034930082, 
  "launched_at": 1331251028, 
  "location": {
    "country": "US", 
    "displayable_name": "Boonville, CA", 
    "id": 2366904, 
    "name": "Boonville", 
    "short_name": "Boonville, CA", 
    "slug": "boonville-ca", 
    "state": "CA", 
    "urls": {
      "api": {
        "nearby_projects": "https://api.kickstarter.com/v1/discover?signature=1405284787.3578869fc7c04f6c770ade18dd9b69cad884e5fb&woe_id=2366904"
      }, 
      "web": {
        "discover": "https://www.kickstarter.com/discover/places/boonville-ca", 
        "location": "https://www.kickstarter.com/locations/boonville-ca"
      }
    }
  }, 
  "name": "The Boonville Space Program: ECLIPSE 2012 Mission", 
  "photo": {
    "1024x768": "https://s3.amazonaws.com/ksr/projects/63315/photo-1024x768.jpg?1397768749", 
    "1536x1152": "https://s3.amazonaws.com/ksr/projects/63315/photo-1536x1152.jpg?1397768749", 
    "ed": "https://s3.amazonaws.com/ksr/projects/63315/photo-ed.jpg?1397768749", 
    "full": "https://s3.amazonaws.com/ksr/projects/63315/photo-full.jpg?1397768749", 
    "little": "https://s3.amazonaws.com/ksr/projects/63315/photo-little.jpg?1397768749", 
    "med": "https://s3.amazonaws.com/ksr/projects/63315/photo-med.jpg?1397768749", 
    "small": "https://s3.amazonaws.com/ksr/projects/63315/photo-small.jpg?1397768749", 
    "thumb": "https://s3.amazonaws.com/ksr/projects/63315/photo-thumb.jpg?1397768749"
  }, 
  "pledged": 4125.0, 
  "slug": "the-boonville-space-program-eclipse-2012-mission", 
  "state": "successful", 
  "state_changed_at": 1334559540, 
  "urls": {
    "web": {
      "project": "https://www.kickstarter.com/projects/989093552/the-boonville-space-program-eclipse-2012-mission", 
      "rewards": "https://www.kickstarter.com/projects/989093552/the-boonville-space-program-eclipse-2012-mission/rewards"
    }
  }
}