{
  "backers_count": 13, 
  "blurb": "Develop an 100 kilowatt intermediate working model of a land positioned vertical axis wind turbine.", 
  "category": {
    "id": 52, 
    "name": "Hardware", 
    "parent_id": 16, 
    "position": 8, 
    "slug": "technology/hardware", 
    "urls": {
      "web": {
        "discover": "http://www.kickstarter.com/discover/categories/technology/hardware"
      }
    }
  }, 
  "country": "US", 
  "created_at": 1389025197, 
  "creator": {
    "avatar": {
      "medium": "https://s3.amazonaws.com/ksr/avatars/8147119/MikeMcInturffPic.medium.jpg?1394747536", 
      "small": "https://s3.amazonaws.com/ksr/avatars/8147119/MikeMcInturffPic.small.jpg?1394747536", 
      "thumb": "https://s3.amazonaws.com/ksr/avatars/8147119/MikeMcInturffPic.thumb.jpg?1394747536"
    }, 
    "id": 1891497541, 
    "name": "Roto Wind Systems Inc.", 
    "urls": {
      "api": {
        "user": "https://api.kickstarter.com/v1/users/1891497541?signature=1405310275.58cc8004d1c5a49a3efc70d75982656fe2b5f66e"
      }, 
      "web": {
        "user": "https://www.kickstarter.com/profile/1891497541"
      }
    }
  }, 
  "currency": "USD", 
  "currency_symbol": "$", 
  "currency_trailing_code": true, 
  "deadline": 1406671616, 
  "disable_communication": false, 
  "goal": 220000.0, 
  "id": 1035875636, 
  "launched_at": 1401487616, 
  "location": {
    "country": "US", 
    "displayable_name": "Mesa, AZ", 
    "id": 2449808, 
    "name": "Mesa", 
    "short_name": "Mesa, AZ", 
    "slug": "mesa-az", 
    "state": "AZ", 
    "urls": {
      "api": {
        "nearby_projects": "https://api.kickstarter.com/v1/discover?signature=1405283931.e6a6448a077aea8ab9504069986a1f70a5cd5910&woe_id=2449808"
      }, 
      "web": {
        "discover": "https://www.kickstarter.com/discover/places/mesa-az", 
        "location": "https://www.kickstarter.com/locations/mesa-az"
      }
    }
  }, 
  "name": "Vertical Axis Wind Turbine with Airfoils", 
  "photo": {
    "1024x768": "https://s3.amazonaws.com/ksr/projects/818755/photo-1024x768.jpg?1398878796", 
    "1536x1152": "https://s3.amazonaws.com/ksr/projects/818755/photo-1536x1152.jpg?1398878796", 
    "ed": "https://s3.amazonaws.com/ksr/projects/818755/photo-ed.jpg?1398878796", 
    "full": "https://s3.amazonaws.com/ksr/projects/818755/photo-full.jpg?1398878796", 
    "little": "https://s3.amazonaws.com/ksr/projects/818755/photo-little.jpg?1398878796", 
    "med": "https://s3.amazonaws.com/ksr/projects/818755/photo-med.jpg?1398878796", 
    "small": "https://s3.amazonaws.com/ksr/projects/818755/photo-small.jpg?1398878796", 
    "thumb": "https://s3.amazonaws.com/ksr/projects/818755/photo-thumb.jpg?1398878796"
  }, 
  "pledged": 444.0, 
  "slug": "vertical-axis-wind-turbine-with-airfoils", 
  "state": "live", 
  "state_changed_at": 1401487616, 
  "urls": {
    "web": {
      "project": "https://www.kickstarter.com/projects/1891497541/vertical-axis-wind-turbine-with-airfoils", 
      "rewards": "https://www.kickstarter.com/projects/1891497541/vertical-axis-wind-turbine-with-airfoils/rewards"
    }
  }
}