{
  "backers_count": 92, 
  "blurb": "A watch unlike any other. \nA wearable piece of functional art. \nThe nexus of technology, photography and chronology.", 
  "category": {
    "id": 16, 
    "name": "Technology", 
    "position": 14, 
    "slug": "technology", 
    "urls": {
      "web": {
        "discover": "http://www.kickstarter.com/discover/categories/technology"
      }
    }
  }, 
  "country": "US", 
  "created_at": 1396984101, 
  "creator": {
    "avatar": {
      "medium": "https://s3.amazonaws.com/ksr/avatars/10224074/720-LOGO.medium.jpg?1398560785", 
      "small": "https://s3.amazonaws.com/ksr/avatars/10224074/720-LOGO.small.jpg?1398560785", 
      "thumb": "https://s3.amazonaws.com/ksr/avatars/10224074/720-LOGO.thumb.jpg?1398560785"
    }, 
    "id": 515052561, 
    "name": "Dorron Margalit and Ron Dubren", 
    "urls": {
      "api": {
        "user": "https://api.kickstarter.com/v1/users/515052561?signature=1405310405.4d66865ccf886ad860284a9a0f4bc046caa9c71d"
      }, 
      "web": {
        "user": "https://www.kickstarter.com/profile/515052561"
      }
    }
  }, 
  "currency": "USD", 
  "currency_symbol": "$", 
  "currency_trailing_code": true, 
  "deadline": 1403414636, 
  "disable_communication": false, 
  "goal": 110000.0, 
  "id": 1035177726, 
  "launched_at": 1399958636, 
  "location": {
    "country": "US", 
    "displayable_name": "Huntington Beach, CA", 
    "id": 2425873, 
    "name": "Huntington Beach", 
    "short_name": "Huntington Beach, CA", 
    "slug": "huntington-beach-ca", 
    "state": "CA", 
    "urls": {
      "api": {
        "nearby_projects": "https://api.kickstarter.com/v1/discover?signature=1405283938.68c75d657e295994f7dad54b978211565fab91c8&woe_id=2425873"
      }, 
      "web": {
        "discover": "https://www.kickstarter.com/discover/places/huntington-beach-ca", 
        "location": "https://www.kickstarter.com/locations/huntington-beach-ca"
      }
    }
  }, 
  "name": "The 720 Watch (Canceled)", 
  "photo": {
    "1024x768": "https://s3.amazonaws.com/ksr/projects/944343/photo-1024x768.jpg?1398633876", 
    "1536x1152": "https://s3.amazonaws.com/ksr/projects/944343/photo-1536x1152.jpg?1398633876", 
    "ed": "https://s3.amazonaws.com/ksr/projects/944343/photo-ed.jpg?1398633876", 
    "full": "https://s3.amazonaws.com/ksr/projects/944343/photo-full.jpg?1398633876", 
    "little": "https://s3.amazonaws.com/ksr/projects/944343/photo-little.jpg?1398633876", 
    "med": "https://s3.amazonaws.com/ksr/projects/944343/photo-med.jpg?1398633876", 
    "small": "https://s3.amazonaws.com/ksr/projects/944343/photo-small.jpg?1398633876", 
    "thumb": "https://s3.amazonaws.com/ksr/projects/944343/photo-thumb.jpg?1398633876"
  }, 
  "pledged": 4496.0, 
  "slug": "the-720-watch", 
  "state": "canceled", 
  "state_changed_at": 1402265096, 
  "urls": {
    "web": {
      "project": "https://www.kickstarter.com/projects/515052561/the-720-watch", 
      "rewards": "https://www.kickstarter.com/projects/515052561/the-720-watch/rewards"
    }
  }
}