{
  "backers_count": 11, 
  "blurb": "Wake up your instrument with the New Digital Enhancer.\nJust in 2 weeks your  new or vintage instrument will sound brighter and deeper.", 
  "category": {
    "id": 16, 
    "name": "Technology", 
    "position": 14, 
    "slug": "technology", 
    "urls": {
      "web": {
        "discover": "http://www.kickstarter.com/discover/categories/technology"
      }
    }
  }, 
  "country": "US", 
  "created_at": 1394074432, 
  "creator": {
    "avatar": {
      "medium": "https://s3.amazonaws.com/ksr/avatars/9848398/2012-05-18_20.39.12.medium.jpg?1394766276", 
      "small": "https://s3.amazonaws.com/ksr/avatars/9848398/2012-05-18_20.39.12.small.jpg?1394766276", 
      "thumb": "https://s3.amazonaws.com/ksr/avatars/9848398/2012-05-18_20.39.12.thumb.jpg?1394766276"
    }, 
    "id": 117990397, 
    "name": "Rickey Wood", 
    "urls": {
      "api": {
        "user": "https://api.kickstarter.com/v1/users/117990397?signature=1405310557.5d24b13ef85faaa03d0881870a2def454ec60684"
      }, 
      "web": {
        "user": "https://www.kickstarter.com/profile/117990397"
      }
    }
  }, 
  "currency": "USD", 
  "currency_symbol": "$", 
  "currency_trailing_code": true, 
  "deadline": 1400520672, 
  "disable_communication": false, 
  "goal": 550000.0, 
  "id": 1037292816, 
  "launched_at": 1395336672, 
  "location": {
    "country": "US", 
    "displayable_name": "Rittman, OH", 
    "id": 2481757, 
    "name": "Rittman", 
    "short_name": "Rittman, OH", 
    "slug": "rittman-oh", 
    "state": "OH", 
    "urls": {
      "api": {
        "nearby_projects": "https://api.kickstarter.com/v1/discover?signature=1405287679.f73718b20789be6c8f1ec48d84ef235eb397cb8c&woe_id=2481757"
      }, 
      "web": {
        "discover": "https://www.kickstarter.com/discover/places/rittman-oh", 
        "location": "https://www.kickstarter.com/locations/rittman-oh"
      }
    }
  }, 
  "name": "The New Hotstrings Acoustic Digital Enhancer (Canceled)", 
  "photo": {
    "1024x768": "https://s3.amazonaws.com/ksr/projects/896944/photo-1024x768.jpg?1397870750", 
    "1536x1152": "https://s3.amazonaws.com/ksr/projects/896944/photo-1536x1152.jpg?1397870750", 
    "ed": "https://s3.amazonaws.com/ksr/projects/896944/photo-ed.jpg?1397870750", 
    "full": "https://s3.amazonaws.com/ksr/projects/896944/photo-full.jpg?1397870750", 
    "little": "https://s3.amazonaws.com/ksr/projects/896944/photo-little.jpg?1397870750", 
    "med": "https://s3.amazonaws.com/ksr/projects/896944/photo-med.jpg?1397870750", 
    "small": "https://s3.amazonaws.com/ksr/projects/896944/photo-small.jpg?1397870750", 
    "thumb": "https://s3.amazonaws.com/ksr/projects/896944/photo-thumb.jpg?1397870750"
  }, 
  "pledged": 341.0, 
  "slug": "the-new-hotstrings-acoustic-digital-enhancer", 
  "state": "canceled", 
  "state_changed_at": 1396640929, 
  "urls": {
    "web": {
      "project": "https://www.kickstarter.com/projects/117990397/the-new-hotstrings-acoustic-digital-enhancer", 
      "rewards": "https://www.kickstarter.com/projects/117990397/the-new-hotstrings-acoustic-digital-enhancer/rewards"
    }
  }
}