{
  "backers_count": 13, 
  "blurb": "Sustainable, intensive, practical, and humane production of aquatic organisms.", 
  "category": {
    "id": 16, 
    "name": "Technology", 
    "position": 14, 
    "slug": "technology", 
    "urls": {
      "web": {
        "discover": "http://www.kickstarter.com/discover/categories/technology"
      }
    }
  }, 
  "country": "US", 
  "created_at": 1393908203, 
  "creator": {
    "avatar": {
      "medium": "https://s3.amazonaws.com/ksr/avatars/8604640/60008_1503552600845_6898697_n.medium.jpg?1396039371", 
      "small": "https://s3.amazonaws.com/ksr/avatars/8604640/60008_1503552600845_6898697_n.small.jpg?1396039371", 
      "thumb": "https://s3.amazonaws.com/ksr/avatars/8604640/60008_1503552600845_6898697_n.thumb.jpg?1396039371"
    }, 
    "id": 930232225, 
    "name": "Steven Montalbo", 
    "urls": {
      "api": {
        "user": "https://api.kickstarter.com/v1/users/930232225?signature=1405310575.c331c0fdb022587bd743db47e6a1166e1ddf98bf"
      }, 
      "web": {
        "user": "https://www.kickstarter.com/profile/930232225"
      }
    }
  }, 
  "currency": "USD", 
  "currency_symbol": "$", 
  "currency_trailing_code": true, 
  "deadline": 1399163492, 
  "disable_communication": false, 
  "goal": 2250.0, 
  "id": 1039271578, 
  "launched_at": 1396571492, 
  "location": {
    "country": "US", 
    "displayable_name": "El Dorado Hills, CA", 
    "id": 22664089, 
    "name": "El Dorado Hills", 
    "short_name": "El Dorado Hills, CA", 
    "slug": "el-dorado-hills-ca", 
    "state": "CA", 
    "urls": {
      "api": {
        "nearby_projects": "https://api.kickstarter.com/v1/discover?signature=1405287787.b7d43c9383e52a8c91449d5b44060e91c5d343d6&woe_id=22664089"
      }, 
      "web": {
        "discover": "https://www.kickstarter.com/discover/places/el-dorado-hills-ca", 
        "location": "https://www.kickstarter.com/locations/el-dorado-hills-ca"
      }
    }
  }, 
  "name": "Aquaculture for tomorrow", 
  "photo": {
    "1024x768": "https://s3.amazonaws.com/ksr/projects/893778/photo-1024x768.jpg?1397870429", 
    "1536x1152": "https://s3.amazonaws.com/ksr/projects/893778/photo-1536x1152.jpg?1397870429", 
    "ed": "https://s3.amazonaws.com/ksr/projects/893778/photo-ed.jpg?1397870429", 
    "full": "https://s3.amazonaws.com/ksr/projects/893778/photo-full.jpg?1397870429", 
    "little": "https://s3.amazonaws.com/ksr/projects/893778/photo-little.jpg?1397870429", 
    "med": "https://s3.amazonaws.com/ksr/projects/893778/photo-med.jpg?1397870429", 
    "small": "https://s3.amazonaws.com/ksr/projects/893778/photo-small.jpg?1397870429", 
    "thumb": "https://s3.amazonaws.com/ksr/projects/893778/photo-thumb.jpg?1397870429"
  }, 
  "pledged": 232.0, 
  "slug": "aquaculture-for-tomorrow", 
  "state": "failed", 
  "state_changed_at": 1399163492, 
  "urls": {
    "web": {
      "project": "https://www.kickstarter.com/projects/930232225/aquaculture-for-tomorrow", 
      "rewards": "https://www.kickstarter.com/projects/930232225/aquaculture-for-tomorrow/rewards"
    }
  }
}