{
  "backers_count": 7, 
  "blurb": "Easily use and create new pronunciation and reading tutoring systems for any language, starting with English for all ages.", 
  "category": {
    "id": 51, 
    "name": "Software", 
    "parent_id": 16, 
    "position": 11, 
    "slug": "technology/software", 
    "urls": {
      "web": {
        "discover": "http://www.kickstarter.com/discover/categories/technology/software"
      }
    }
  }, 
  "country": "US", 
  "created_at": 1317442472, 
  "creator": {
    "avatar": {
      "medium": "https://s3.amazonaws.com/ksr/avatars/1354785/selfportcrop.medium.jpg?1316407703", 
      "small": "https://s3.amazonaws.com/ksr/avatars/1354785/selfportcrop.small.jpg?1316407703", 
      "thumb": "https://s3.amazonaws.com/ksr/avatars/1354785/selfportcrop.thumb.jpg?1316407703"
    }, 
    "id": 1818592590, 
    "name": "James Salsman", 
    "slug": "jsalsman", 
    "urls": {
      "api": {
        "user": "https://api.kickstarter.com/v1/users/1818592590?signature=1405310583.494bf86d70a30ba17b5486e28a5dc8c0987b2158"
      }, 
      "web": {
        "user": "https://www.kickstarter.com/profile/jsalsman"
      }
    }
  }, 
  "currency": "USD", 
  "currency_symbol": "$", 
  "currency_trailing_code": true, 
  "deadline": 1322868466, 
  "disable_communication": false, 
  "goal": 40000.0, 
  "id": 1039118481, 
  "launched_at": 1317680866, 
  "location": {
    "country": "US", 
    "displayable_name": "Stanford, CA", 
    "id": 2498941, 
    "name": "Stanford", 
    "short_name": "Stanford, CA", 
    "slug": "stanford-ca", 
    "state": "CA", 
    "urls": {
      "api": {
        "nearby_projects": "https://api.kickstarter.com/v1/discover?signature=1405283972.4eb2737d13abacda7cd82092a5f25cf25963ccad&woe_id=2498941"
      }, 
      "web": {
        "discover": "https://www.kickstarter.com/discover/places/stanford-ca", 
        "location": "https://www.kickstarter.com/locations/stanford-ca"
      }
    }
  }, 
  "name": "Spoken Language Instructional Content Development System", 
  "photo": {
    "1024x768": "https://s3.amazonaws.com/ksr/projects/51721/photo-1024x768.jpg?1397766581", 
    "1536x1152": "https://s3.amazonaws.com/ksr/projects/51721/photo-1536x1152.jpg?1397766581", 
    "ed": "https://s3.amazonaws.com/ksr/projects/51721/photo-ed.jpg?1397766581", 
    "full": "https://s3.amazonaws.com/ksr/projects/51721/photo-full.jpg?1397766581", 
    "little": "https://s3.amazonaws.com/ksr/projects/51721/photo-little.jpg?1397766581", 
    "med": "https://s3.amazonaws.com/ksr/projects/51721/photo-med.jpg?1397766581", 
    "small": "https://s3.amazonaws.com/ksr/projects/51721/photo-small.jpg?1397766581", 
    "thumb": "https://s3.amazonaws.com/ksr/projects/51721/photo-thumb.jpg?1397766581"
  }, 
  "pledged": 195.0, 
  "slug": "spoken-language-instructional-content-development", 
  "state": "failed", 
  "state_changed_at": 1322868467, 
  "urls": {
    "web": {
      "project": "https://www.kickstarter.com/projects/jsalsman/spoken-language-instructional-content-development", 
      "rewards": "https://www.kickstarter.com/projects/jsalsman/spoken-language-instructional-content-development/rewards"
    }
  }
}