{
  "backers_count": 13, 
  "blurb": "Creating scientific literacy among students by introducing technological advancements & study of planets, Space, origin of life.", 
  "category": {
    "id": 16, 
    "name": "Technology", 
    "position": 14, 
    "slug": "technology", 
    "urls": {
      "web": {
        "discover": "http://www.kickstarter.com/discover/categories/technology"
      }
    }
  }, 
  "country": "US", 
  "created_at": 1401415292, 
  "creator": {
    "avatar": {
      "medium": "https://s3.amazonaws.com/ksr/avatars/10845439/fb_profile_picture.small.medium.jpg?1401415723", 
      "small": "https://s3.amazonaws.com/ksr/avatars/10845439/fb_profile_picture.small.small.jpg?1401415723", 
      "thumb": "https://s3.amazonaws.com/ksr/avatars/10845439/fb_profile_picture.small.thumb.jpg?1401415723"
    }, 
    "id": 191543006, 
    "name": "Jjay", 
    "urls": {
      "api": {
        "user": "https://api.kickstarter.com/v1/users/191543006?signature=1405310550.dff0f1c303c9f5fbbba7af579a4bb1359b7681d1"
      }, 
      "web": {
        "user": "https://www.kickstarter.com/profile/191543006"
      }
    }
  }, 
  "currency": "USD", 
  "currency_symbol": "$", 
  "currency_trailing_code": true, 
  "deadline": 1402977600, 
  "disable_communication": false, 
  "goal": 3750.0, 
  "id": 1039136242, 
  "launched_at": 1401846506, 
  "location": {
    "country": "US", 
    "displayable_name": "Boston, MA", 
    "id": 2367105, 
    "name": "Boston", 
    "short_name": "Boston, MA", 
    "slug": "boston-ma", 
    "state": "MA", 
    "urls": {
      "api": {
        "nearby_projects": "https://api.kickstarter.com/v1/discover?signature=1405283922.88e5a521b809a8d6893fb52af930c2e53896acf9&woe_id=2367105"
      }, 
      "web": {
        "discover": "https://www.kickstarter.com/discover/places/boston-ma", 
        "location": "https://www.kickstarter.com/locations/boston-ma"
      }
    }
  }, 
  "name": "Technology and Science Summer Camp for Students", 
  "photo": {
    "1024x768": "https://s3.amazonaws.com/ksr/projects/1022022/photo-1024x768.jpg?1401507473", 
    "1536x1152": "https://s3.amazonaws.com/ksr/projects/1022022/photo-1536x1152.jpg?1401507473", 
    "ed": "https://s3.amazonaws.com/ksr/projects/1022022/photo-ed.jpg?1401507473", 
    "full": "https://s3.amazonaws.com/ksr/projects/1022022/photo-full.jpg?1401507473", 
    "little": "https://s3.amazonaws.com/ksr/projects/1022022/photo-little.jpg?1401507473", 
    "med": "https://s3.amazonaws.com/ksr/projects/1022022/photo-med.jpg?1401507473", 
    "small": "https://s3.amazonaws.com/ksr/projects/1022022/photo-small.jpg?1401507473", 
    "thumb": "https://s3.amazonaws.com/ksr/projects/1022022/photo-thumb.jpg?1401507473"
  }, 
  "pledged": 401.0, 
  "slug": "technology-and-science-summer-camp-for-students", 
  "state": "failed", 
  "state_changed_at": 1402977611, 
  "urls": {
    "web": {
      "project": "https://www.kickstarter.com/projects/191543006/technology-and-science-summer-camp-for-students", 
      "rewards": "https://www.kickstarter.com/projects/191543006/technology-and-science-summer-camp-for-students/rewards"
    }
  }
}