{
  "backers_count": 0, 
  "blurb": "This App is just like the website Hunt4Freebies. At a click of a button you will start receiving free things!!", 
  "category": {
    "id": 332, 
    "name": "Apps", 
    "parent_id": 16, 
    "position": 2, 
    "slug": "technology/apps", 
    "urls": {
      "web": {
        "discover": "http://www.kickstarter.com/discover/categories/technology/apps"
      }
    }
  }, 
  "country": "US", 
  "created_at": 1405009707, 
  "creator": {
    "avatar": {
      "medium": "https://s3.amazonaws.com/ksr/avatars/11313338/Free-Stuff.medium.jpg?1405015084", 
      "small": "https://s3.amazonaws.com/ksr/avatars/11313338/Free-Stuff.small.jpg?1405015084", 
      "thumb": "https://s3.amazonaws.com/ksr/avatars/11313338/Free-Stuff.thumb.jpg?1405015084"
    }, 
    "id": 1214571722, 
    "name": "Anonymous", 
    "urls": {
      "api": {
        "user": "https://api.kickstarter.com/v1/users/1214571722?signature=1405310314.e126b1a99c4143c104015986365949f8a9ca4355"
      }, 
      "web": {
        "user": "https://www.kickstarter.com/profile/1214571722"
      }
    }
  }, 
  "currency": "USD", 
  "currency_symbol": "$", 
  "currency_trailing_code": true, 
  "deadline": 1410292496, 
  "disable_communication": false, 
  "goal": 40000.0, 
  "id": 1040365293, 
  "launched_at": 1405108496, 
  "location": {
    "country": "US", 
    "displayable_name": "St. Louis, MO", 
    "id": 2486982, 
    "name": "St. Louis", 
    "short_name": "St. Louis, MO", 
    "slug": "st-louis-mo", 
    "state": "MO", 
    "urls": {
      "api": {
        "nearby_projects": "https://api.kickstarter.com/v1/discover?signature=1405283923.b866506a63ec8d39263983d2daa89d9a519a866e&woe_id=2486982"
      }, 
      "web": {
        "discover": "https://www.kickstarter.com/discover/places/st-louis-mo", 
        "location": "https://www.kickstarter.com/locations/st-louis-mo"
      }
    }
  }, 
  "name": "Sign Me Up", 
  "photo": {
    "1024x768": "https://s3.amazonaws.com/ksr/projects/1130474/photo-1024x768.jpg?1405010079", 
    "1536x1152": "https://s3.amazonaws.com/ksr/projects/1130474/photo-1536x1152.jpg?1405010079", 
    "ed": "https://s3.amazonaws.com/ksr/projects/1130474/photo-ed.jpg?1405010079", 
    "full": "https://s3.amazonaws.com/ksr/projects/1130474/photo-full.jpg?1405010079", 
    "little": "https://s3.amazonaws.com/ksr/projects/1130474/photo-little.jpg?1405010079", 
    "med": "https://s3.amazonaws.com/ksr/projects/1130474/photo-med.jpg?1405010079", 
    "small": "https://s3.amazonaws.com/ksr/projects/1130474/photo-small.jpg?1405010079", 
    "thumb": "https://s3.amazonaws.com/ksr/projects/1130474/photo-thumb.jpg?1405010079"
  }, 
  "pledged": 0.0, 
  "slug": "sign-me-up", 
  "state": "live", 
  "state_changed_at": 1405108496, 
  "urls": {
    "web": {
      "project": "https://www.kickstarter.com/projects/1214571722/sign-me-up", 
      "rewards": "https://www.kickstarter.com/projects/1214571722/sign-me-up/rewards"
    }
  }
}