{
  "backers_count": 100, 
  "blurb": "PicassoBot is a robotic arm kit that can draw pictures and sketches. It is open source, compatible with Arduino, and USB powered.", 
  "category": {
    "id": 338, 
    "name": "Robots", 
    "parent_id": 16, 
    "position": 10, 
    "slug": "technology/robots", 
    "urls": {
      "web": {
        "discover": "http://www.kickstarter.com/discover/categories/technology/robots"
      }
    }
  }, 
  "country": "US", 
  "created_at": 1351100249, 
  "creator": {
    "avatar": {
      "medium": "https://s3.amazonaws.com/ksr/avatars/1242025/PicassoBot_icon.medium.jpg?1400033804", 
      "small": "https://s3.amazonaws.com/ksr/avatars/1242025/PicassoBot_icon.small.jpg?1400033804", 
      "thumb": "https://s3.amazonaws.com/ksr/avatars/1242025/PicassoBot_icon.thumb.jpg?1400033804"
    }, 
    "id": 1003409665, 
    "name": "The Educated Robot", 
    "slug": "educatedrobot", 
    "urls": {
      "api": {
        "user": "https://api.kickstarter.com/v1/users/1003409665?signature=1405310182.00fe1a59d8fdaf8d63c26afa68dd0ae8fa7aa408"
      }, 
      "web": {
        "user": "https://www.kickstarter.com/profile/educatedrobot"
      }
    }
  }, 
  "currency": "USD", 
  "currency_symbol": "$", 
  "currency_trailing_code": true, 
  "deadline": 1402700760, 
  "disable_communication": false, 
  "goal": 10000.0, 
  "id": 1040878107, 
  "launched_at": 1400370134, 
  "location": {
    "country": "US", 
    "displayable_name": "Lindon, UT", 
    "id": 2439742, 
    "name": "Lindon", 
    "short_name": "Lindon, UT", 
    "slug": "lindon-ut", 
    "state": "UT", 
    "urls": {
      "api": {
        "nearby_projects": "https://api.kickstarter.com/v1/discover?signature=1405284130.19ae281fa5ad8cb4c8daaf16eb0b1f8bc0a4f59c&woe_id=2439742"
      }, 
      "web": {
        "discover": "https://www.kickstarter.com/discover/places/lindon-ut", 
        "location": "https://www.kickstarter.com/locations/lindon-ut"
      }
    }
  }, 
  "name": "PicassoBot - The Portrait Sketching Robot Kit", 
  "photo": {
    "1024x768": "https://s3.amazonaws.com/ksr/projects/374912/photo-1024x768.jpg?1400033480", 
    "1536x1152": "https://s3.amazonaws.com/ksr/projects/374912/photo-1536x1152.jpg?1400033480", 
    "ed": "https://s3.amazonaws.com/ksr/projects/374912/photo-ed.jpg?1400033480", 
    "full": "https://s3.amazonaws.com/ksr/projects/374912/photo-full.jpg?1400033480", 
    "little": "https://s3.amazonaws.com/ksr/projects/374912/photo-little.jpg?1400033480", 
    "med": "https://s3.amazonaws.com/ksr/projects/374912/photo-med.jpg?1400033480", 
    "small": "https://s3.amazonaws.com/ksr/projects/374912/photo-small.jpg?1400033480", 
    "thumb": "https://s3.amazonaws.com/ksr/projects/374912/photo-thumb.jpg?1400033480"
  }, 
  "pledged": 13415.0, 
  "slug": "picassobot-the-portrait-sketching-robot-kit", 
  "state": "successful", 
  "state_changed_at": 1402700760, 
  "urls": {
    "web": {
      "project": "https://www.kickstarter.com/projects/educatedrobot/picassobot-the-portrait-sketching-robot-kit", 
      "rewards": "https://www.kickstarter.com/projects/educatedrobot/picassobot-the-portrait-sketching-robot-kit/rewards"
    }
  }
}