{
  "backers_count": 25, 
  "blurb": "High school students on Team 2152 (part of FIRST) work with real-life engineers to build a robot in 6 weeks to compete internationally!", 
  "category": {
    "id": 16, 
    "name": "Technology", 
    "position": 14, 
    "slug": "technology", 
    "urls": {
      "web": {
        "discover": "http://www.kickstarter.com/discover/categories/technology"
      }
    }
  }, 
  "country": "US", 
  "created_at": 1383759396, 
  "creator": {
    "avatar": {
      "medium": "https://s3.amazonaws.com/ksr/avatars/8613094/Picture_009.medium.jpg?1385059907", 
      "small": "https://s3.amazonaws.com/ksr/avatars/8613094/Picture_009.small.jpg?1385059907", 
      "thumb": "https://s3.amazonaws.com/ksr/avatars/8613094/Picture_009.thumb.jpg?1385059907"
    }, 
    "id": 710168813, 
    "name": "Team 2152", 
    "slug": "team2152", 
    "urls": {
      "api": {
        "user": "https://api.kickstarter.com/v1/users/710168813?signature=1405310251.cffec31aa9f3d1b5a6ff151131a2e726cfedd448"
      }, 
      "web": {
        "user": "https://www.kickstarter.com/profile/team2152"
      }
    }
  }, 
  "currency": "USD", 
  "currency_symbol": "$", 
  "currency_trailing_code": true, 
  "deadline": 1393446083, 
  "disable_communication": false, 
  "goal": 1000.0, 
  "id": 1040313626, 
  "launched_at": 1390854083, 
  "location": {
    "country": "US", 
    "displayable_name": "Volusia, FL", 
    "id": 2512806, 
    "name": "Volusia", 
    "short_name": "Volusia, FL", 
    "slug": "volusia-fl", 
    "state": "FL", 
    "urls": {
      "api": {
        "nearby_projects": "https://api.kickstarter.com/v1/discover?signature=1405286514.ede391f23a856fa1e27ef0b69d3249166c8b1e05&woe_id=2512806"
      }, 
      "web": {
        "discover": "https://www.kickstarter.com/discover/places/volusia-fl", 
        "location": "https://www.kickstarter.com/locations/volusia-fl"
      }
    }
  }, 
  "name": "FIRST Robotics Team 2152 S*M*A*S*H - Our 2014 Build Season!", 
  "photo": {
    "1024x768": "https://s3.amazonaws.com/ksr/projects/749166/photo-1024x768.jpg?1397855052", 
    "1536x1152": "https://s3.amazonaws.com/ksr/projects/749166/photo-1536x1152.jpg?1397855052", 
    "ed": "https://s3.amazonaws.com/ksr/projects/749166/photo-ed.jpg?1397855052", 
    "full": "https://s3.amazonaws.com/ksr/projects/749166/photo-full.jpg?1397855052", 
    "little": "https://s3.amazonaws.com/ksr/projects/749166/photo-little.jpg?1397855052", 
    "med": "https://s3.amazonaws.com/ksr/projects/749166/photo-med.jpg?1397855052", 
    "small": "https://s3.amazonaws.com/ksr/projects/749166/photo-small.jpg?1397855052", 
    "thumb": "https://s3.amazonaws.com/ksr/projects/749166/photo-thumb.jpg?1397855052"
  }, 
  "pledged": 2050.81, 
  "slug": "first-robotics-team-2152-s-m-a-s-h-our-2014-build", 
  "state": "successful", 
  "state_changed_at": 1393446086, 
  "urls": {
    "web": {
      "project": "https://www.kickstarter.com/projects/team2152/first-robotics-team-2152-s-m-a-s-h-our-2014-build", 
      "rewards": "https://www.kickstarter.com/projects/team2152/first-robotics-team-2152-s-m-a-s-h-our-2014-build/rewards"
    }
  }
}