{
  "backers_count": 2, 
  "blurb": "Videos made into beautiful interactive comics with associated audio/video/blurbs and comic images!", 
  "category": {
    "id": 16, 
    "name": "Technology", 
    "position": 14, 
    "slug": "technology", 
    "urls": {
      "web": {
        "discover": "http://www.kickstarter.com/discover/categories/technology"
      }
    }
  }, 
  "country": "US", 
  "created_at": 1347754490, 
  "creator": {
    "avatar": {
      "medium": "https://s3.amazonaws.com/ksr/avatars/4085988/Snapshot_20110814_1.medium.jpg?1348810157", 
      "small": "https://s3.amazonaws.com/ksr/avatars/4085988/Snapshot_20110814_1.small.jpg?1348810157", 
      "thumb": "https://s3.amazonaws.com/ksr/avatars/4085988/Snapshot_20110814_1.thumb.jpg?1348810157"
    }, 
    "id": 1103661116, 
    "name": "Shreesh Holla", 
    "urls": {
      "api": {
        "user": "https://api.kickstarter.com/v1/users/1103661116?signature=1405310620.e879247af0a1805be8d86f805a97af4cee40bc46"
      }, 
      "web": {
        "user": "https://www.kickstarter.com/profile/1103661116"
      }
    }
  }, 
  "currency": "USD", 
  "currency_symbol": "$", 
  "currency_trailing_code": true, 
  "deadline": 1352066285, 
  "disable_communication": false, 
  "goal": 50000.0, 
  "id": 1040952247, 
  "launched_at": 1349470685, 
  "location": {
    "country": "US", 
    "displayable_name": "San Diego, CA", 
    "id": 2487889, 
    "name": "San Diego", 
    "short_name": "San Diego, CA", 
    "slug": "san-diego-ca", 
    "state": "CA", 
    "urls": {
      "api": {
        "nearby_projects": "https://api.kickstarter.com/v1/discover?signature=1405283922.e0c8fea4757a0700693c6258522a3f528769b7ae&woe_id=2487889"
      }, 
      "web": {
        "discover": "https://www.kickstarter.com/discover/places/san-diego-ca", 
        "location": "https://www.kickstarter.com/locations/san-diego-ca"
      }
    }
  }, 
  "name": "Video Comics", 
  "photo": {
    "1024x768": "https://s3.amazonaws.com/ksr/projects/334614/photo-1024x768.jpg?1397797317", 
    "1536x1152": "https://s3.amazonaws.com/ksr/projects/334614/photo-1536x1152.jpg?1397797317", 
    "ed": "https://s3.amazonaws.com/ksr/projects/334614/photo-ed.jpg?1397797317", 
    "full": "https://s3.amazonaws.com/ksr/projects/334614/photo-full.jpg?1397797317", 
    "little": "https://s3.amazonaws.com/ksr/projects/334614/photo-little.jpg?1397797317", 
    "med": "https://s3.amazonaws.com/ksr/projects/334614/photo-med.jpg?1397797317", 
    "small": "https://s3.amazonaws.com/ksr/projects/334614/photo-small.jpg?1397797317", 
    "thumb": "https://s3.amazonaws.com/ksr/projects/334614/photo-thumb.jpg?1397797317"
  }, 
  "pledged": 60.0, 
  "slug": "video-comics", 
  "state": "failed", 
  "state_changed_at": 1352066285, 
  "urls": {
    "web": {
      "project": "https://www.kickstarter.com/projects/1103661116/video-comics", 
      "rewards": "https://www.kickstarter.com/projects/1103661116/video-comics/rewards"
    }
  }
}