{
  "backers_count": 72, 
  "blurb": "LifeFlix is simple Mac software for importing video from old MiniDV tapes and saving it to iMovie, iPhoto, YouTube or Facebook.", 
  "category": {
    "id": 16, 
    "name": "Technology", 
    "position": 14, 
    "slug": "technology", 
    "urls": {
      "web": {
        "discover": "http://www.kickstarter.com/discover/categories/technology"
      }
    }
  }, 
  "country": "US", 
  "created_at": 1369967887, 
  "creator": {
    "avatar": {
      "medium": "https://s3.amazonaws.com/ksr/avatars/491702/robert_Sharp.medium.jpg?1317233819", 
      "small": "https://s3.amazonaws.com/ksr/avatars/491702/robert_Sharp.small.jpg?1317233819", 
      "thumb": "https://s3.amazonaws.com/ksr/avatars/491702/robert_Sharp.thumb.jpg?1317233819"
    }, 
    "id": 1840718707, 
    "name": "Robert Sharp", 
    "urls": {
      "api": {
        "user": "https://api.kickstarter.com/v1/users/1840718707?signature=1405310467.a87adef4633bfe0a69e0ba2a11f4b47bcd5a1066"
      }, 
      "web": {
        "user": "https://www.kickstarter.com/profile/1840718707"
      }
    }
  }, 
  "currency": "USD", 
  "currency_symbol": "$", 
  "currency_trailing_code": true, 
  "deadline": 1373654514, 
  "disable_communication": false, 
  "goal": 10000.0, 
  "id": 1040191707, 
  "launched_at": 1371062514, 
  "location": {
    "country": "US", 
    "displayable_name": "Wilmington, NC", 
    "id": 2521361, 
    "name": "Wilmington", 
    "short_name": "Wilmington, NC", 
    "slug": "wilmington-nc", 
    "state": "NC", 
    "urls": {
      "api": {
        "nearby_projects": "https://api.kickstarter.com/v1/discover?signature=1405283937.8520e9107e6532b8d3ea295e8f68901d63892ea1&woe_id=2521361"
      }, 
      "web": {
        "discover": "https://www.kickstarter.com/discover/places/wilmington-nc", 
        "location": "https://www.kickstarter.com/locations/wilmington-nc"
      }
    }
  }, 
  "name": "LifeFlix - Mac software rescues memories from MiniDV tapes", 
  "photo": {
    "1024x768": "https://s3.amazonaws.com/ksr/projects/574928/photo-1024x768.jpg?1397822558", 
    "1536x1152": "https://s3.amazonaws.com/ksr/projects/574928/photo-1536x1152.jpg?1397822558", 
    "ed": "https://s3.amazonaws.com/ksr/projects/574928/photo-ed.jpg?1397822558", 
    "full": "https://s3.amazonaws.com/ksr/projects/574928/photo-full.jpg?1397822558", 
    "little": "https://s3.amazonaws.com/ksr/projects/574928/photo-little.jpg?1397822558", 
    "med": "https://s3.amazonaws.com/ksr/projects/574928/photo-med.jpg?1397822558", 
    "small": "https://s3.amazonaws.com/ksr/projects/574928/photo-small.jpg?1397822558", 
    "thumb": "https://s3.amazonaws.com/ksr/projects/574928/photo-thumb.jpg?1397822558"
  }, 
  "pledged": 1789.0, 
  "slug": "lifeflix-mac-software-rescues-memories-from-minidv", 
  "state": "failed", 
  "state_changed_at": 1373654514, 
  "urls": {
    "web": {
      "project": "https://www.kickstarter.com/projects/1840718707/lifeflix-mac-software-rescues-memories-from-minidv", 
      "rewards": "https://www.kickstarter.com/projects/1840718707/lifeflix-mac-software-rescues-memories-from-minidv/rewards"
    }
  }
}