{
  "backers_count": 66, 
  "blurb": "PowerDrive is the World\u2019s 1st MFi Lightning USB Drive with power bank supporting iPhone and iPad with either Lightning or 30 pin cable.", 
  "category": {
    "id": 337, 
    "name": "Gadgets", 
    "parent_id": 16, 
    "position": 7, 
    "slug": "technology/gadgets", 
    "urls": {
      "web": {
        "discover": "http://www.kickstarter.com/discover/categories/technology/gadgets"
      }
    }
  }, 
  "country": "US", 
  "created_at": 1400164829, 
  "creator": {
    "avatar": {
      "medium": "https://s3.amazonaws.com/ksr/avatars/10670087/z20-1024X1024_copy.medium.jpg?1401800999", 
      "small": "https://s3.amazonaws.com/ksr/avatars/10670087/z20-1024X1024_copy.small.jpg?1401800999", 
      "thumb": "https://s3.amazonaws.com/ksr/avatars/10670087/z20-1024X1024_copy.thumb.jpg?1401800999"
    }, 
    "id": 229973091, 
    "name": "MAZZO by InfoThinker Inc.", 
    "urls": {
      "api": {
        "user": "https://api.kickstarter.com/v1/users/229973091?signature=1405310381.f8fe5882473b7bd531295a60a1030d35b11fa11c"
      }, 
      "web": {
        "user": "https://www.kickstarter.com/profile/229973091"
      }
    }
  }, 
  "currency": "USD", 
  "currency_symbol": "$", 
  "currency_trailing_code": true, 
  "deadline": 1405215484, 
  "disable_communication": false, 
  "goal": 100000.0, 
  "id": 1040717699, 
  "launched_at": 1402623484, 
  "location": {
    "country": "US", 
    "displayable_name": "Los Angeles, CA", 
    "id": 2442047, 
    "name": "Los Angeles", 
    "short_name": "Los Angeles, CA", 
    "slug": "los-angeles-ca", 
    "state": "CA", 
    "urls": {
      "api": {
        "nearby_projects": "https://api.kickstarter.com/v1/discover?signature=1405283921.ee3a1133214a755b6f367baa5289215cf97407d4&woe_id=2442047"
      }, 
      "web": {
        "discover": "https://www.kickstarter.com/discover/places/los-angeles-ca", 
        "location": "https://www.kickstarter.com/locations/los-angeles-ca"
      }
    }
  }, 
  "name": "PowerDrive - The Ultimate USB Drive for iOS with Power Juice", 
  "photo": {
    "1024x768": "https://s3.amazonaws.com/ksr/projects/1001343/photo-1024x768.jpg?1405063656", 
    "1536x1152": "https://s3.amazonaws.com/ksr/projects/1001343/photo-1536x1152.jpg?1405063656", 
    "ed": "https://s3.amazonaws.com/ksr/projects/1001343/photo-ed.jpg?1405063656", 
    "full": "https://s3.amazonaws.com/ksr/projects/1001343/photo-full.jpg?1405063656", 
    "little": "https://s3.amazonaws.com/ksr/projects/1001343/photo-little.jpg?1405063656", 
    "med": "https://s3.amazonaws.com/ksr/projects/1001343/photo-med.jpg?1405063656", 
    "small": "https://s3.amazonaws.com/ksr/projects/1001343/photo-small.jpg?1405063656", 
    "thumb": "https://s3.amazonaws.com/ksr/projects/1001343/photo-thumb.jpg?1405063656"
  }, 
  "pledged": 8723.0, 
  "slug": "powerdrive-the-ultimate-usb-drive-for-ios-with-pow", 
  "state": "failed", 
  "state_changed_at": 1405215486, 
  "urls": {
    "web": {
      "project": "https://www.kickstarter.com/projects/229973091/powerdrive-the-ultimate-usb-drive-for-ios-with-pow", 
      "rewards": "https://www.kickstarter.com/projects/229973091/powerdrive-the-ultimate-usb-drive-for-ios-with-pow/rewards"
    }
  }
}