{
  "backers_count": 50, 
  "blurb": "Bringing Linux Distros to your Android device!", 
  "category": {
    "id": 51, 
    "name": "Software", 
    "parent_id": 16, 
    "position": 11, 
    "slug": "technology/software", 
    "urls": {
      "web": {
        "discover": "http://www.kickstarter.com/discover/categories/technology/software"
      }
    }
  }, 
  "country": "GB", 
  "created_at": 1361099042, 
  "creator": {
    "avatar": {
      "medium": "https://s3.amazonaws.com/ksr/avatars/5511342/552087_10150701717504814_746324813_9156101_1818599996_n.medium.jpg?1361101921", 
      "small": "https://s3.amazonaws.com/ksr/avatars/5511342/552087_10150701717504814_746324813_9156101_1818599996_n.small.jpg?1361101921", 
      "thumb": "https://s3.amazonaws.com/ksr/avatars/5511342/552087_10150701717504814_746324813_9156101_1818599996_n.thumb.jpg?1361101921"
    }, 
    "id": 1233981955, 
    "name": "Zac Powell", 
    "urls": {
      "api": {
        "user": "https://api.kickstarter.com/v1/users/1233981955?signature=1405310259.49e8c6d26d3b149e47ed89b1335981b6e9c5c439"
      }, 
      "web": {
        "user": "https://www.kickstarter.com/profile/1233981955"
      }
    }
  }, 
  "currency": "GBP", 
  "currency_symbol": "\u00a3", 
  "currency_trailing_code": false, 
  "deadline": 1363939555, 
  "disable_communication": false, 
  "goal": 600.0, 
  "id": 1040445296, 
  "launched_at": 1361351155, 
  "location": {
    "country": "GB", 
    "displayable_name": "Colchester, UK", 
    "id": 16545, 
    "name": "Colchester", 
    "short_name": "Colchester, UK", 
    "slug": "colchester-gb", 
    "state": "England", 
    "urls": {
      "api": {
        "nearby_projects": "https://api.kickstarter.com/v1/discover?signature=1405283943.9403d28c55825cd3f3b0fd7a33009b57ca11f638&woe_id=16545"
      }, 
      "web": {
        "discover": "https://www.kickstarter.com/discover/places/colchester-gb", 
        "location": "https://www.kickstarter.com/locations/colchester-gb"
      }
    }
  }, 
  "name": "LinuxonAndroid - To the Next Level!", 
  "photo": {
    "1024x768": "https://s3.amazonaws.com/ksr/projects/464937/photo-1024x768.jpg?1397810877", 
    "1536x1152": "https://s3.amazonaws.com/ksr/projects/464937/photo-1536x1152.jpg?1397810877", 
    "ed": "https://s3.amazonaws.com/ksr/projects/464937/photo-ed.jpg?1397810877", 
    "full": "https://s3.amazonaws.com/ksr/projects/464937/photo-full.jpg?1397810877", 
    "little": "https://s3.amazonaws.com/ksr/projects/464937/photo-little.jpg?1397810877", 
    "med": "https://s3.amazonaws.com/ksr/projects/464937/photo-med.jpg?1397810877", 
    "small": "https://s3.amazonaws.com/ksr/projects/464937/photo-small.jpg?1397810877", 
    "thumb": "https://s3.amazonaws.com/ksr/projects/464937/photo-thumb.jpg?1397810877"
  }, 
  "pledged": 1058.0, 
  "slug": "linuxonandroid-to-the-next-level", 
  "state": "successful", 
  "state_changed_at": 1363939555, 
  "urls": {
    "web": {
      "project": "https://www.kickstarter.com/projects/1233981955/linuxonandroid-to-the-next-level", 
      "rewards": "https://www.kickstarter.com/projects/1233981955/linuxonandroid-to-the-next-level/rewards"
    }
  }
}