{
  "backers_count": 193, 
  "blurb": "Ever wanted to physically be inside a video game? Now you can with this Atlas developer kit.", 
  "category": {
    "id": 16, 
    "name": "Technology", 
    "position": 14, 
    "slug": "technology", 
    "urls": {
      "web": {
        "discover": "http://www.kickstarter.com/discover/categories/technology"
      }
    }
  }, 
  "country": "US", 
  "created_at": 1373303241, 
  "creator": {
    "avatar": {
      "medium": "https://s3.amazonaws.com/ksr/avatars/4659255/AaronSmileSmall.medium.jpg?1373507838", 
      "small": "https://s3.amazonaws.com/ksr/avatars/4659255/AaronSmileSmall.small.jpg?1373507838", 
      "thumb": "https://s3.amazonaws.com/ksr/avatars/4659255/AaronSmileSmall.thumb.jpg?1373507838"
    }, 
    "id": 62367895, 
    "name": "Aaron Rasmussen", 
    "urls": {
      "api": {
        "user": "https://api.kickstarter.com/v1/users/62367895?signature=1405310358.fdfc065807f7ea50796528b62b23deb4c445183b"
      }, 
      "web": {
        "user": "https://www.kickstarter.com/profile/62367895"
      }
    }
  }, 
  "currency": "USD", 
  "currency_symbol": "$", 
  "currency_trailing_code": true, 
  "deadline": 1377186237, 
  "disable_communication": false, 
  "goal": 125000.0, 
  "id": 1041698085, 
  "launched_at": 1374594237, 
  "location": {
    "country": "US", 
    "displayable_name": "Los Angeles, CA", 
    "id": 2442047, 
    "name": "Los Angeles", 
    "short_name": "Los Angeles, CA", 
    "slug": "los-angeles-ca", 
    "state": "CA", 
    "urls": {
      "api": {
        "nearby_projects": "https://api.kickstarter.com/v1/discover?signature=1405283921.ee3a1133214a755b6f367baa5289215cf97407d4&woe_id=2442047"
      }, 
      "web": {
        "discover": "https://www.kickstarter.com/discover/places/los-angeles-ca", 
        "location": "https://www.kickstarter.com/locations/los-angeles-ca"
      }
    }
  }, 
  "name": "Atlas: Virtual Reality Made Real", 
  "photo": {
    "1024x768": "https://s3.amazonaws.com/ksr/projects/612133/photo-1024x768.jpg?1397826605", 
    "1536x1152": "https://s3.amazonaws.com/ksr/projects/612133/photo-1536x1152.jpg?1397826605", 
    "ed": "https://s3.amazonaws.com/ksr/projects/612133/photo-ed.jpg?1397826605", 
    "full": "https://s3.amazonaws.com/ksr/projects/612133/photo-full.jpg?1397826605", 
    "little": "https://s3.amazonaws.com/ksr/projects/612133/photo-little.jpg?1397826605", 
    "med": "https://s3.amazonaws.com/ksr/projects/612133/photo-med.jpg?1397826605", 
    "small": "https://s3.amazonaws.com/ksr/projects/612133/photo-small.jpg?1397826605", 
    "thumb": "https://s3.amazonaws.com/ksr/projects/612133/photo-thumb.jpg?1397826605"
  }, 
  "pledged": 16338.01, 
  "slug": "atlas-virtual-reality-made-real", 
  "state": "failed", 
  "state_changed_at": 1377186238, 
  "urls": {
    "web": {
      "project": "https://www.kickstarter.com/projects/62367895/atlas-virtual-reality-made-real", 
      "rewards": "https://www.kickstarter.com/projects/62367895/atlas-virtual-reality-made-real/rewards"
    }
  }
}