{
  "backers_count": 1106, 
  "blurb": "Sharpen your number crunching skills using ancient math principles ! Rewards = Poster + Work booklet + Dice + Android APP .. All @ $25", 
  "category": {
    "id": 16, 
    "name": "Technology", 
    "position": 14, 
    "slug": "technology", 
    "urls": {
      "web": {
        "discover": "http://www.kickstarter.com/discover/categories/technology"
      }
    }
  }, 
  "country": "US", 
  "created_at": 1388964766, 
  "creator": {
    "avatar": {
      "medium": "https://s3.amazonaws.com/ksr/avatars/5602028/tux2.medium.jpg?1362732249", 
      "small": "https://s3.amazonaws.com/ksr/avatars/5602028/tux2.small.jpg?1362732249", 
      "thumb": "https://s3.amazonaws.com/ksr/avatars/5602028/tux2.thumb.jpg?1362732249"
    }, 
    "id": 1373995643, 
    "name": "TechieTux", 
    "urls": {
      "api": {
        "user": "https://api.kickstarter.com/v1/users/1373995643?signature=1405310149.3d58e619e0571ecbb87e6109f137b93e431eb9d9"
      }, 
      "web": {
        "user": "https://www.kickstarter.com/profile/1373995643"
      }
    }
  }, 
  "currency": "USD", 
  "currency_symbol": "$", 
  "currency_trailing_code": true, 
  "deadline": 1394045641, 
  "disable_communication": false, 
  "goal": 2500.0, 
  "id": 1041475835, 
  "launched_at": 1390157641, 
  "location": {
    "country": "US", 
    "displayable_name": "Portland, OR", 
    "id": 2475687, 
    "name": "Portland", 
    "short_name": "Portland, OR", 
    "slug": "portland-or", 
    "state": "OR", 
    "urls": {
      "api": {
        "nearby_projects": "https://api.kickstarter.com/v1/discover?signature=1405283921.74048cb16cf05090d8ce00b701410b6f8aeb437d&woe_id=2475687"
      }, 
      "web": {
        "discover": "https://www.kickstarter.com/discover/places/portland-or", 
        "location": "https://www.kickstarter.com/locations/portland-or"
      }
    }
  }, 
  "name": "RapidMath: Educational material for rapid mental mathematics", 
  "photo": {
    "1024x768": "https://s3.amazonaws.com/ksr/projects/818048/photo-1024x768.jpg?1397862486", 
    "1536x1152": "https://s3.amazonaws.com/ksr/projects/818048/photo-1536x1152.jpg?1397862486", 
    "ed": "https://s3.amazonaws.com/ksr/projects/818048/photo-ed.jpg?1397862486", 
    "full": "https://s3.amazonaws.com/ksr/projects/818048/photo-full.jpg?1397862486", 
    "little": "https://s3.amazonaws.com/ksr/projects/818048/photo-little.jpg?1397862486", 
    "med": "https://s3.amazonaws.com/ksr/projects/818048/photo-med.jpg?1397862486", 
    "small": "https://s3.amazonaws.com/ksr/projects/818048/photo-small.jpg?1397862486", 
    "thumb": "https://s3.amazonaws.com/ksr/projects/818048/photo-thumb.jpg?1397862486"
  }, 
  "pledged": 26675.1, 
  "slug": "rapidmath-educational-poster-for-rapid-mental-math", 
  "state": "successful", 
  "state_changed_at": 1394045643, 
  "urls": {
    "web": {
      "project": "https://www.kickstarter.com/projects/1373995643/rapidmath-educational-poster-for-rapid-mental-math", 
      "rewards": "https://www.kickstarter.com/projects/1373995643/rapidmath-educational-poster-for-rapid-mental-math/rewards"
    }
  }
}