{
  "backers_count": 1, 
  "blurb": "www.skedis.com\n\n\"Skedis revolutionises scheduling\"", 
  "category": {
    "id": 16, 
    "name": "Technology", 
    "position": 14, 
    "slug": "technology", 
    "urls": {
      "web": {
        "discover": "http://www.kickstarter.com/discover/categories/technology"
      }
    }
  }, 
  "country": "AU", 
  "created_at": 1403366297, 
  "creator": {
    "avatar": {
      "medium": "https://s3.amazonaws.com/ksr/avatars/11093570/Skedis_for_Indigogo.medium.jpg?1403367116", 
      "small": "https://s3.amazonaws.com/ksr/avatars/11093570/Skedis_for_Indigogo.small.jpg?1403367116", 
      "thumb": "https://s3.amazonaws.com/ksr/avatars/11093570/Skedis_for_Indigogo.thumb.jpg?1403367116"
    }, 
    "id": 1979623830, 
    "name": "Skedis", 
    "urls": {
      "api": {
        "user": "https://api.kickstarter.com/v1/users/1979623830?signature=1405310304.2af2195a7e72245efee5773b21b69a1b59e65756"
      }, 
      "web": {
        "user": "https://www.kickstarter.com/profile/1979623830"
      }
    }
  }, 
  "currency": "AUD", 
  "currency_symbol": "$", 
  "currency_trailing_code": true, 
  "deadline": 1408878745, 
  "disable_communication": false, 
  "goal": 100000.0, 
  "id": 1042310840, 
  "launched_at": 1403694745, 
  "location": {
    "country": "AU", 
    "displayable_name": "Sydney, AU", 
    "id": 1105779, 
    "name": "Sydney", 
    "short_name": "Sydney, AU", 
    "slug": "sydney-au", 
    "state": "NSW", 
    "urls": {
      "api": {
        "nearby_projects": "https://api.kickstarter.com/v1/discover?signature=1405283928.b1042d9f50bfa3ea3c0d8ba603153ba6f2e1616b&woe_id=1105779"
      }, 
      "web": {
        "discover": "https://www.kickstarter.com/discover/places/sydney-au", 
        "location": "https://www.kickstarter.com/locations/sydney-au"
      }
    }
  }, 
  "name": "Revolutionary scheduling - change the world", 
  "photo": {
    "1024x768": "https://s3.amazonaws.com/ksr/projects/1053667/photo-1024x768.jpg?1403367507", 
    "1536x1152": "https://s3.amazonaws.com/ksr/projects/1053667/photo-1536x1152.jpg?1403367507", 
    "ed": "https://s3.amazonaws.com/ksr/projects/1053667/photo-ed.jpg?1403367507", 
    "full": "https://s3.amazonaws.com/ksr/projects/1053667/photo-full.jpg?1403367507", 
    "little": "https://s3.amazonaws.com/ksr/projects/1053667/photo-little.jpg?1403367507", 
    "med": "https://s3.amazonaws.com/ksr/projects/1053667/photo-med.jpg?1403367507", 
    "small": "https://s3.amazonaws.com/ksr/projects/1053667/photo-small.jpg?1403367507", 
    "thumb": "https://s3.amazonaws.com/ksr/projects/1053667/photo-thumb.jpg?1403367507"
  }, 
  "pledged": 5.0, 
  "slug": "revolutionary-scheduling-change-the-world", 
  "state": "live", 
  "state_changed_at": 1403694745, 
  "urls": {
    "web": {
      "project": "https://www.kickstarter.com/projects/1979623830/revolutionary-scheduling-change-the-world", 
      "rewards": "https://www.kickstarter.com/projects/1979623830/revolutionary-scheduling-change-the-world/rewards"
    }
  }
}