{
  "backers_count": 901, 
  "blurb": "ivee Sleek is a Wi-Fi Voice-Activated Assistant for your home", 
  "category": {
    "id": 52, 
    "name": "Hardware", 
    "parent_id": 16, 
    "position": 8, 
    "slug": "technology/hardware", 
    "urls": {
      "web": {
        "discover": "http://www.kickstarter.com/discover/categories/technology/hardware"
      }
    }
  }, 
  "country": "US", 
  "created_at": 1335465602, 
  "creator": {
    "avatar": {
      "medium": "https://s3.amazonaws.com/ksr/avatars/1690302/ivee_color_logo.medium.jpg?1391280199", 
      "small": "https://s3.amazonaws.com/ksr/avatars/1690302/ivee_color_logo.small.jpg?1391280199", 
      "thumb": "https://s3.amazonaws.com/ksr/avatars/1690302/ivee_color_logo.thumb.jpg?1391280199"
    }, 
    "id": 757751697, 
    "name": "ivee", 
    "slug": "ivee", 
    "urls": {
      "api": {
        "user": "https://api.kickstarter.com/v1/users/757751697?signature=1405310081.46da0cdbd6f272ee1d2795f77da4d8439a8e4118"
      }, 
      "web": {
        "user": "https://www.kickstarter.com/profile/ivee"
      }
    }
  }, 
  "currency": "USD", 
  "currency_symbol": "$", 
  "currency_trailing_code": true, 
  "deadline": 1374385561, 
  "disable_communication": false, 
  "goal": 40000.0, 
  "id": 1042353389, 
  "launched_at": 1371534361, 
  "location": {
    "country": "US", 
    "displayable_name": "Los Angeles, CA", 
    "id": 2442047, 
    "name": "Los Angeles", 
    "short_name": "Los Angeles, CA", 
    "slug": "los-angeles-ca", 
    "state": "CA", 
    "urls": {
      "api": {
        "nearby_projects": "https://api.kickstarter.com/v1/discover?signature=1405283921.ee3a1133214a755b6f367baa5289215cf97407d4&woe_id=2442047"
      }, 
      "web": {
        "discover": "https://www.kickstarter.com/discover/places/los-angeles-ca", 
        "location": "https://www.kickstarter.com/locations/los-angeles-ca"
      }
    }
  }, 
  "name": "ivee Sleek: Wi-Fi Voice-Activated Assistant", 
  "photo": {
    "1024x768": "https://s3.amazonaws.com/ksr/projects/156480/photo-1024x768.jpg?1397779859", 
    "1536x1152": "https://s3.amazonaws.com/ksr/projects/156480/photo-1536x1152.jpg?1397779859", 
    "ed": "https://s3.amazonaws.com/ksr/projects/156480/photo-ed.jpg?1397779859", 
    "full": "https://s3.amazonaws.com/ksr/projects/156480/photo-full.jpg?1397779859", 
    "little": "https://s3.amazonaws.com/ksr/projects/156480/photo-little.jpg?1397779859", 
    "med": "https://s3.amazonaws.com/ksr/projects/156480/photo-med.jpg?1397779859", 
    "small": "https://s3.amazonaws.com/ksr/projects/156480/photo-small.jpg?1397779859", 
    "thumb": "https://s3.amazonaws.com/ksr/projects/156480/photo-thumb.jpg?1397779859"
  }, 
  "pledged": 159606.32, 
  "slug": "ivee-sleek-wi-fi-voice-activated-assistant", 
  "state": "successful", 
  "state_changed_at": 1374385562, 
  "urls": {
    "web": {
      "project": "https://www.kickstarter.com/projects/ivee/ivee-sleek-wi-fi-voice-activated-assistant", 
      "rewards": "https://www.kickstarter.com/projects/ivee/ivee-sleek-wi-fi-voice-activated-assistant/rewards"
    }
  }
}