{
  "backers_count": 34, 
  "blurb": "Everyone should vote. But FEW do because it's confusing. Where?  When? How? The Voting App will make voting easier and better.", 
  "category": {
    "id": 51, 
    "name": "Software", 
    "parent_id": 16, 
    "position": 11, 
    "slug": "technology/software", 
    "urls": {
      "web": {
        "discover": "http://www.kickstarter.com/discover/categories/technology/software"
      }
    }
  }, 
  "country": "US", 
  "created_at": 1363637412, 
  "creator": {
    "avatar": {
      "medium": "https://s3.amazonaws.com/ksr/avatars/5926822/TV-Logo---2.medium.jpg?1399405339", 
      "small": "https://s3.amazonaws.com/ksr/avatars/5926822/TV-Logo---2.small.jpg?1399405339", 
      "thumb": "https://s3.amazonaws.com/ksr/avatars/5926822/TV-Logo---2.thumb.jpg?1399405339"
    }, 
    "id": 1496464868, 
    "name": "Think Voting Inc.", 
    "urls": {
      "api": {
        "user": "https://api.kickstarter.com/v1/users/1496464868?signature=1405310525.37a6eba18d8ed505a9402dfc36a55e802c6ae1d6"
      }, 
      "web": {
        "user": "https://www.kickstarter.com/profile/1496464868"
      }
    }
  }, 
  "currency": "USD", 
  "currency_symbol": "$", 
  "currency_trailing_code": true, 
  "deadline": 1395583312, 
  "disable_communication": false, 
  "goal": 850000.0, 
  "id": 1043461862, 
  "launched_at": 1390402912, 
  "location": {
    "country": "US", 
    "displayable_name": "Austin, TX", 
    "id": 2357536, 
    "name": "Austin", 
    "short_name": "Austin, TX", 
    "slug": "austin-tx", 
    "state": "TX", 
    "urls": {
      "api": {
        "nearby_projects": "https://api.kickstarter.com/v1/discover?signature=1405283926.d6ac059d6312acc9cb05834cde3903084b888242&woe_id=2357536"
      }, 
      "web": {
        "discover": "https://www.kickstarter.com/discover/places/austin-tx", 
        "location": "https://www.kickstarter.com/locations/austin-tx"
      }
    }
  }, 
  "name": "The Voting App - Voter Information SUPER App & API", 
  "photo": {
    "1024x768": "https://s3.amazonaws.com/ksr/projects/494355/photo-1024x768.jpg?1397814000", 
    "1536x1152": "https://s3.amazonaws.com/ksr/projects/494355/photo-1536x1152.jpg?1397814000", 
    "ed": "https://s3.amazonaws.com/ksr/projects/494355/photo-ed.jpg?1397814000", 
    "full": "https://s3.amazonaws.com/ksr/projects/494355/photo-full.jpg?1397814000", 
    "little": "https://s3.amazonaws.com/ksr/projects/494355/photo-little.jpg?1397814000", 
    "med": "https://s3.amazonaws.com/ksr/projects/494355/photo-med.jpg?1397814000", 
    "small": "https://s3.amazonaws.com/ksr/projects/494355/photo-small.jpg?1397814000", 
    "thumb": "https://s3.amazonaws.com/ksr/projects/494355/photo-thumb.jpg?1397814000"
  }, 
  "pledged": 635.0, 
  "slug": "the-voting-app-voter-information-super-app-and-api", 
  "state": "failed", 
  "state_changed_at": 1395583313, 
  "urls": {
    "web": {
      "project": "https://www.kickstarter.com/projects/1496464868/the-voting-app-voter-information-super-app-and-api", 
      "rewards": "https://www.kickstarter.com/projects/1496464868/the-voting-app-voter-information-super-app-and-api/rewards"
    }
  }
}