{
  "backers_count": 7, 
  "blurb": "Spotify has changed the way we consume music by making it so we purchase easy access rather than songs.  I'll do the same for books.", 
  "category": {
    "id": 51, 
    "name": "Software", 
    "parent_id": 16, 
    "position": 11, 
    "slug": "technology/software", 
    "urls": {
      "web": {
        "discover": "http://www.kickstarter.com/discover/categories/technology/software"
      }
    }
  }, 
  "country": "US", 
  "created_at": 1386798976, 
  "creator": {
    "avatar": {
      "medium": "https://s3.amazonaws.com/ksr/avatars/9019466/fb_profile_picture.medium.jpg?1386649604", 
      "small": "https://s3.amazonaws.com/ksr/avatars/9019466/fb_profile_picture.small.jpg?1386649604", 
      "thumb": "https://s3.amazonaws.com/ksr/avatars/9019466/fb_profile_picture.thumb.jpg?1386649604"
    }, 
    "id": 1690823649, 
    "name": "David Binnion", 
    "urls": {
      "api": {
        "user": "https://api.kickstarter.com/v1/users/1690823649?signature=1405310612.462c4950bac39c81efbc90d09a48ddd10cbc8b68"
      }, 
      "web": {
        "user": "https://www.kickstarter.com/profile/1690823649"
      }
    }
  }, 
  "currency": "USD", 
  "currency_symbol": "$", 
  "currency_trailing_code": true, 
  "deadline": 1393003362, 
  "disable_communication": false, 
  "goal": 3330.0, 
  "id": 1043780290, 
  "launched_at": 1390411362, 
  "location": {
    "country": "US", 
    "displayable_name": "Norcross, GA", 
    "id": 2460356, 
    "name": "Norcross", 
    "short_name": "Norcross, GA", 
    "slug": "norcross-ga", 
    "state": "GA", 
    "urls": {
      "api": {
        "nearby_projects": "https://api.kickstarter.com/v1/discover?signature=1405284213.9c068ffc1a7405a95b4c036c0d871735bf44482c&woe_id=2460356"
      }, 
      "web": {
        "discover": "https://www.kickstarter.com/discover/places/norcross-ga", 
        "location": "https://www.kickstarter.com/locations/norcross-ga"
      }
    }
  }, 
  "name": "Book Demon (Spotify for books)", 
  "photo": {
    "1024x768": "https://s3.amazonaws.com/ksr/projects/793136/photo-1024x768.jpg?1397859876", 
    "1536x1152": "https://s3.amazonaws.com/ksr/projects/793136/photo-1536x1152.jpg?1397859876", 
    "ed": "https://s3.amazonaws.com/ksr/projects/793136/photo-ed.jpg?1397859876", 
    "full": "https://s3.amazonaws.com/ksr/projects/793136/photo-full.jpg?1397859876", 
    "little": "https://s3.amazonaws.com/ksr/projects/793136/photo-little.jpg?1397859876", 
    "med": "https://s3.amazonaws.com/ksr/projects/793136/photo-med.jpg?1397859876", 
    "small": "https://s3.amazonaws.com/ksr/projects/793136/photo-small.jpg?1397859876", 
    "thumb": "https://s3.amazonaws.com/ksr/projects/793136/photo-thumb.jpg?1397859876"
  }, 
  "pledged": 90.0, 
  "slug": "book-demon-spotify-for-books", 
  "state": "failed", 
  "state_changed_at": 1393003365, 
  "urls": {
    "web": {
      "project": "https://www.kickstarter.com/projects/1690823649/book-demon-spotify-for-books", 
      "rewards": "https://www.kickstarter.com/projects/1690823649/book-demon-spotify-for-books/rewards"
    }
  }
}