{
  "backers_count": 0, 
  "blurb": "ZipDo will bridge the gap between retailers and consumers in a very unique way. Consumers will be rewarded for using our free services.", 
  "category": {
    "id": 342, 
    "name": "Web", 
    "parent_id": 16, 
    "position": 15, 
    "slug": "technology/web", 
    "urls": {
      "web": {
        "discover": "http://www.kickstarter.com/discover/categories/technology/web"
      }
    }
  }, 
  "country": "US", 
  "created_at": 1404839817, 
  "creator": {
    "avatar": {
      "medium": "https://s3.amazonaws.com/ksr/avatars/11297049/fb_profile_picture.medium.jpg?1404839760", 
      "small": "https://s3.amazonaws.com/ksr/avatars/11297049/fb_profile_picture.small.jpg?1404839760", 
      "thumb": "https://s3.amazonaws.com/ksr/avatars/11297049/fb_profile_picture.thumb.jpg?1404839760"
    }, 
    "id": 521904563, 
    "name": "Tom LoBianco", 
    "urls": {
      "api": {
        "user": "https://api.kickstarter.com/v1/users/521904563?signature=1405310317.8f8e5521ac5a1075c0e1110670930ed335ed8492"
      }, 
      "web": {
        "user": "https://www.kickstarter.com/profile/521904563"
      }
    }
  }, 
  "currency": "USD", 
  "currency_symbol": "$", 
  "currency_trailing_code": true, 
  "deadline": 1408161540, 
  "disable_communication": false, 
  "goal": 35750.0, 
  "id": 1043796, 
  "launched_at": 1405194049, 
  "location": {
    "country": "US", 
    "displayable_name": "Newport News, VA", 
    "id": 2459618, 
    "name": "Newport News", 
    "short_name": "Newport News, VA", 
    "slug": "newport-news-va", 
    "state": "VA", 
    "urls": {
      "api": {
        "nearby_projects": "https://api.kickstarter.com/v1/discover?signature=1405283946.1e6fad295cd22d1ea9e6c258285490c199292307&woe_id=2459618"
      }, 
      "web": {
        "discover": "https://www.kickstarter.com/discover/places/newport-news-va", 
        "location": "https://www.kickstarter.com/locations/newport-news-va"
      }
    }
  }, 
  "name": "ZipDo", 
  "photo": {
    "1024x768": "https://s3.amazonaws.com/ksr/projects/1099149/photo-1024x768.jpg?1405050379", 
    "1536x1152": "https://s3.amazonaws.com/ksr/projects/1099149/photo-1536x1152.jpg?1405050379", 
    "ed": "https://s3.amazonaws.com/ksr/projects/1099149/photo-ed.jpg?1405050379", 
    "full": "https://s3.amazonaws.com/ksr/projects/1099149/photo-full.jpg?1405050379", 
    "little": "https://s3.amazonaws.com/ksr/projects/1099149/photo-little.jpg?1405050379", 
    "med": "https://s3.amazonaws.com/ksr/projects/1099149/photo-med.jpg?1405050379", 
    "small": "https://s3.amazonaws.com/ksr/projects/1099149/photo-small.jpg?1405050379", 
    "thumb": "https://s3.amazonaws.com/ksr/projects/1099149/photo-thumb.jpg?1405050379"
  }, 
  "pledged": 0.0, 
  "slug": "zipdo", 
  "state": "live", 
  "state_changed_at": 1405194049, 
  "urls": {
    "web": {
      "project": "https://www.kickstarter.com/projects/521904563/zipdo", 
      "rewards": "https://www.kickstarter.com/projects/521904563/zipdo/rewards"
    }
  }
}