{
  "backers_count": 14, 
  "blurb": "I will use a device large enough, bright enough, and fast enough to display ten foot tall holographs to the naked eye.", 
  "category": {
    "id": 16, 
    "name": "Technology", 
    "position": 14, 
    "slug": "technology", 
    "urls": {
      "web": {
        "discover": "http://www.kickstarter.com/discover/categories/technology"
      }
    }
  }, 
  "country": "US", 
  "created_at": 1301176062, 
  "creator": {
    "avatar": {
      "medium": "https://s3.amazonaws.com/ksr/avatars/534153/alex_8bit.medium.jpg?1295899771", 
      "small": "https://s3.amazonaws.com/ksr/avatars/534153/alex_8bit.small.jpg?1295899771", 
      "thumb": "https://s3.amazonaws.com/ksr/avatars/534153/alex_8bit.thumb.jpg?1295899771"
    }, 
    "id": 1256268981, 
    "name": "Alex Smith", 
    "slug": "alexsmith", 
    "urls": {
      "api": {
        "user": "https://api.kickstarter.com/v1/users/1256268981?signature=1405310523.5a93c02ccd019f6a7c877ececd5f3bea3b80e451"
      }, 
      "web": {
        "user": "https://www.kickstarter.com/profile/alexsmith"
      }
    }
  }, 
  "currency": "USD", 
  "currency_symbol": "$", 
  "currency_trailing_code": true, 
  "deadline": 1323284106, 
  "disable_communication": false, 
  "goal": 5000.0, 
  "id": 1044131685, 
  "launched_at": 1318096506, 
  "location": {
    "country": "US", 
    "displayable_name": "Los Angeles, CA", 
    "id": 2442047, 
    "name": "Los Angeles", 
    "short_name": "Los Angeles, CA", 
    "slug": "los-angeles-ca", 
    "state": "CA", 
    "urls": {
      "api": {
        "nearby_projects": "https://api.kickstarter.com/v1/discover?signature=1405283921.ee3a1133214a755b6f367baa5289215cf97407d4&woe_id=2442047"
      }, 
      "web": {
        "discover": "https://www.kickstarter.com/discover/places/los-angeles-ca", 
        "location": "https://www.kickstarter.com/locations/los-angeles-ca"
      }
    }
  }, 
  "name": "Ten Foot Holographs - Visible to the Naked Eye", 
  "photo": {
    "1024x768": "https://s3.amazonaws.com/ksr/projects/27659/photo-1024x768.jpg?1397762057", 
    "1536x1152": "https://s3.amazonaws.com/ksr/projects/27659/photo-1536x1152.jpg?1397762057", 
    "ed": "https://s3.amazonaws.com/ksr/projects/27659/photo-ed.jpg?1397762057", 
    "full": "https://s3.amazonaws.com/ksr/projects/27659/photo-full.jpg?1397762057", 
    "little": "https://s3.amazonaws.com/ksr/projects/27659/photo-little.jpg?1397762057", 
    "med": "https://s3.amazonaws.com/ksr/projects/27659/photo-med.jpg?1397762057", 
    "small": "https://s3.amazonaws.com/ksr/projects/27659/photo-small.jpg?1397762057", 
    "thumb": "https://s3.amazonaws.com/ksr/projects/27659/photo-thumb.jpg?1397762057"
  }, 
  "pledged": 660.0, 
  "slug": "ten-foot-holographs-visible-to-the-naked-eye", 
  "state": "failed", 
  "state_changed_at": 1323284106, 
  "urls": {
    "web": {
      "project": "https://www.kickstarter.com/projects/alexsmith/ten-foot-holographs-visible-to-the-naked-eye", 
      "rewards": "https://www.kickstarter.com/projects/alexsmith/ten-foot-holographs-visible-to-the-naked-eye/rewards"
    }
  }
}