{
  "backers_count": 24, 
  "blurb": "Sync & Backup Mobile phone Contents to Cloud or Own Computer. Keep your Messages, Contacts, Media, Pictures & documents protected.", 
  "category": {
    "id": 51, 
    "name": "Software", 
    "parent_id": 16, 
    "position": 11, 
    "slug": "technology/software", 
    "urls": {
      "web": {
        "discover": "http://www.kickstarter.com/discover/categories/technology/software"
      }
    }
  }, 
  "country": "US", 
  "created_at": 1341868946, 
  "creator": {
    "avatar": {
      "medium": "https://s3.amazonaws.com/ksr/avatars/1692678/Logo2.medium.jpg?1383332583", 
      "small": "https://s3.amazonaws.com/ksr/avatars/1692678/Logo2.small.jpg?1383332583", 
      "thumb": "https://s3.amazonaws.com/ksr/avatars/1692678/Logo2.thumb.jpg?1383332583"
    }, 
    "id": 1934467844, 
    "name": "MobileSyncer", 
    "urls": {
      "api": {
        "user": "https://api.kickstarter.com/v1/users/1934467844?signature=1405310549.27b82c7f818c00bcfee4101094201043f75a3ab4"
      }, 
      "web": {
        "user": "https://www.kickstarter.com/profile/1934467844"
      }
    }
  }, 
  "currency": "USD", 
  "currency_symbol": "$", 
  "currency_trailing_code": true, 
  "deadline": 1388077773, 
  "disable_communication": false, 
  "goal": 25000.0, 
  "id": 1044192741, 
  "launched_at": 1385485773, 
  "location": {
    "country": "US", 
    "displayable_name": "Brandywine Heights, MD", 
    "id": 2368203, 
    "name": "Brandywine Heights", 
    "short_name": "Brandywine Heights, MD", 
    "slug": "brandywine-heights-md", 
    "state": "MD", 
    "urls": {
      "api": {
        "nearby_projects": "https://api.kickstarter.com/v1/discover?signature=1405287646.922d0eead35a60df564343c6bd97703d2cd36286&woe_id=2368203"
      }, 
      "web": {
        "discover": "https://www.kickstarter.com/discover/places/brandywine-heights-md", 
        "location": "https://www.kickstarter.com/locations/brandywine-heights-md"
      }
    }
  }, 
  "name": "Open Source Mobile Phone Sync and Backup Platform (Canceled)", 
  "photo": {
    "1024x768": "https://s3.amazonaws.com/ksr/projects/249213/photo-1024x768.jpg?1397789180", 
    "1536x1152": "https://s3.amazonaws.com/ksr/projects/249213/photo-1536x1152.jpg?1397789180", 
    "ed": "https://s3.amazonaws.com/ksr/projects/249213/photo-ed.jpg?1397789180", 
    "full": "https://s3.amazonaws.com/ksr/projects/249213/photo-full.jpg?1397789180", 
    "little": "https://s3.amazonaws.com/ksr/projects/249213/photo-little.jpg?1397789180", 
    "med": "https://s3.amazonaws.com/ksr/projects/249213/photo-med.jpg?1397789180", 
    "small": "https://s3.amazonaws.com/ksr/projects/249213/photo-small.jpg?1397789180", 
    "thumb": "https://s3.amazonaws.com/ksr/projects/249213/photo-thumb.jpg?1397789180"
  }, 
  "pledged": 416.0, 
  "slug": "open-source-mobile-phone-sync-and-backup-platform", 
  "state": "canceled", 
  "state_changed_at": 1387982710, 
  "urls": {
    "web": {
      "project": "https://www.kickstarter.com/projects/1934467844/open-source-mobile-phone-sync-and-backup-platform", 
      "rewards": "https://www.kickstarter.com/projects/1934467844/open-source-mobile-phone-sync-and-backup-platform/rewards"
    }
  }
}