{
  "backers_count": 51, 
  "blurb": "Open collaboration without a central server.", 
  "category": {
    "id": 51, 
    "name": "Software", 
    "parent_id": 16, 
    "position": 11, 
    "slug": "technology/software", 
    "urls": {
      "web": {
        "discover": "http://www.kickstarter.com/discover/categories/technology/software"
      }
    }
  }, 
  "country": "US", 
  "created_at": 1334470178, 
  "creator": {
    "avatar": {
      "medium": "https://s3.amazonaws.com/ksr/avatars/2490540/Miles.medium.jpg?1343087115", 
      "small": "https://s3.amazonaws.com/ksr/avatars/2490540/Miles.small.jpg?1343087115", 
      "thumb": "https://s3.amazonaws.com/ksr/avatars/2490540/Miles.thumb.jpg?1343087115"
    }, 
    "id": 1947703258, 
    "name": "Miles Fidelman", 
    "urls": {
      "api": {
        "user": "https://api.kickstarter.com/v1/users/1947703258?signature=1405310450.138453d64b7fb1be5be3f35a352ade8045b5ed76"
      }, 
      "web": {
        "user": "https://www.kickstarter.com/profile/1947703258"
      }
    }
  }, 
  "currency": "USD", 
  "currency_symbol": "$", 
  "currency_trailing_code": true, 
  "deadline": 1346504280, 
  "disable_communication": false, 
  "goal": 65000.0, 
  "id": 1044823625, 
  "launched_at": 1343653080, 
  "location": {
    "country": "US", 
    "displayable_name": "Newton, MA", 
    "id": 2459673, 
    "name": "Newton", 
    "short_name": "Newton, MA", 
    "slug": "newton-ma", 
    "state": "MA", 
    "urls": {
      "api": {
        "nearby_projects": "https://api.kickstarter.com/v1/discover?signature=1405284270.e6230dbe9ae2e2eb8879891ba567c2a3e31dd96e&woe_id=2459673"
      }, 
      "web": {
        "discover": "https://www.kickstarter.com/discover/places/newton-ma", 
        "location": "https://www.kickstarter.com/locations/newton-ma"
      }
    }
  }, 
  "name": "Smart Notebooks:  Building a Better Shared Document.", 
  "photo": {
    "1024x768": "https://s3.amazonaws.com/ksr/projects/138898/photo-1024x768.jpg?1397778239", 
    "1536x1152": "https://s3.amazonaws.com/ksr/projects/138898/photo-1536x1152.jpg?1397778239", 
    "ed": "https://s3.amazonaws.com/ksr/projects/138898/photo-ed.jpg?1397778239", 
    "full": "https://s3.amazonaws.com/ksr/projects/138898/photo-full.jpg?1397778239", 
    "little": "https://s3.amazonaws.com/ksr/projects/138898/photo-little.jpg?1397778239", 
    "med": "https://s3.amazonaws.com/ksr/projects/138898/photo-med.jpg?1397778239", 
    "small": "https://s3.amazonaws.com/ksr/projects/138898/photo-small.jpg?1397778239", 
    "thumb": "https://s3.amazonaws.com/ksr/projects/138898/photo-thumb.jpg?1397778239"
  }, 
  "pledged": 2285.66, 
  "slug": "smart-notebooks-keeping-on-the-same-page-across-th", 
  "state": "failed", 
  "state_changed_at": 1346504280, 
  "urls": {
    "web": {
      "project": "https://www.kickstarter.com/projects/1947703258/smart-notebooks-keeping-on-the-same-page-across-th", 
      "rewards": "https://www.kickstarter.com/projects/1947703258/smart-notebooks-keeping-on-the-same-page-across-th/rewards"
    }
  }
}