{
  "backers_count": 6, 
  "blurb": "Arduino SPC for Industrial Machine Tools. Record the exact number of minutes per day your machines are actually producing product.", 
  "category": {
    "id": 52, 
    "name": "Hardware", 
    "parent_id": 16, 
    "position": 8, 
    "slug": "technology/hardware", 
    "urls": {
      "web": {
        "discover": "http://www.kickstarter.com/discover/categories/technology/hardware"
      }
    }
  }, 
  "country": "US", 
  "created_at": 1368247335, 
  "creator": {
    "avatar": {
      "medium": "https://s3.amazonaws.com/ksr/avatars/5800981/IMG_2615.medium.jpg?1369066093", 
      "small": "https://s3.amazonaws.com/ksr/avatars/5800981/IMG_2615.small.jpg?1369066093", 
      "thumb": "https://s3.amazonaws.com/ksr/avatars/5800981/IMG_2615.thumb.jpg?1369066093"
    }, 
    "id": 231407611, 
    "name": "Rick Wenzel", 
    "urls": {
      "api": {
        "user": "https://api.kickstarter.com/v1/users/231407611?signature=1405310543.9972a9a2acdf3ec1a046ceea613c9d16005d6c14"
      }, 
      "web": {
        "user": "https://www.kickstarter.com/profile/231407611"
      }
    }
  }, 
  "currency": "USD", 
  "currency_symbol": "$", 
  "currency_trailing_code": true, 
  "deadline": 1371567684, 
  "disable_communication": false, 
  "goal": 5000.0, 
  "id": 1045781120, 
  "launched_at": 1369407684, 
  "location": {
    "country": "US", 
    "displayable_name": "Cincinnati, OH", 
    "id": 2380358, 
    "name": "Cincinnati", 
    "short_name": "Cincinnati, OH", 
    "slug": "cincinnati-oh", 
    "state": "OH", 
    "urls": {
      "api": {
        "nearby_projects": "https://api.kickstarter.com/v1/discover?signature=1405283925.93a92d38d4d1c4ce8ea8701c7b0917f5bd8155dc&woe_id=2380358"
      }, 
      "web": {
        "discover": "https://www.kickstarter.com/discover/places/cincinnati-oh", 
        "location": "https://www.kickstarter.com/locations/cincinnati-oh"
      }
    }
  }, 
  "name": "Open Source Industrial Data Dashboards - Machine Run Time", 
  "photo": {
    "1024x768": "https://s3.amazonaws.com/ksr/projects/553262/photo-1024x768.jpg?1397820245", 
    "1536x1152": "https://s3.amazonaws.com/ksr/projects/553262/photo-1536x1152.jpg?1397820245", 
    "ed": "https://s3.amazonaws.com/ksr/projects/553262/photo-ed.jpg?1397820245", 
    "full": "https://s3.amazonaws.com/ksr/projects/553262/photo-full.jpg?1397820245", 
    "little": "https://s3.amazonaws.com/ksr/projects/553262/photo-little.jpg?1397820245", 
    "med": "https://s3.amazonaws.com/ksr/projects/553262/photo-med.jpg?1397820245", 
    "small": "https://s3.amazonaws.com/ksr/projects/553262/photo-small.jpg?1397820245", 
    "thumb": "https://s3.amazonaws.com/ksr/projects/553262/photo-thumb.jpg?1397820245"
  }, 
  "pledged": 465.0, 
  "slug": "open-source-industrial-data-dashboards-machine-run", 
  "state": "failed", 
  "state_changed_at": 1371567685, 
  "urls": {
    "web": {
      "project": "https://www.kickstarter.com/projects/231407611/open-source-industrial-data-dashboards-machine-run", 
      "rewards": "https://www.kickstarter.com/projects/231407611/open-source-industrial-data-dashboards-machine-run/rewards"
    }
  }
}