{
  "backers_count": 38, 
  "blurb": "We're hitting the LED panel full force! This time answering all of your questions with 1080p detailed instructional videos!", 
  "category": {
    "id": 16, 
    "name": "Technology", 
    "position": 14, 
    "slug": "technology", 
    "urls": {
      "web": {
        "discover": "http://www.kickstarter.com/discover/categories/technology"
      }
    }
  }, 
  "country": "US", 
  "created_at": 1335907368, 
  "creator": {
    "avatar": {
      "medium": "https://s3.amazonaws.com/ksr/avatars/2671641/550098_3532898573328_1598195958_2603763_1917084794_n.medium.jpg?1336592055", 
      "small": "https://s3.amazonaws.com/ksr/avatars/2671641/550098_3532898573328_1598195958_2603763_1917084794_n.small.jpg?1336592055", 
      "thumb": "https://s3.amazonaws.com/ksr/avatars/2671641/550098_3532898573328_1598195958_2603763_1917084794_n.thumb.jpg?1336592055"
    }, 
    "id": 2078763570, 
    "name": "PJ Horne", 
    "urls": {
      "api": {
        "user": "https://api.kickstarter.com/v1/users/2078763570?signature=1405310277.cb2a17954bd057613ad49489aec5783bffa4cbfc"
      }, 
      "web": {
        "user": "https://www.kickstarter.com/profile/2078763570"
      }
    }
  }, 
  "currency": "USD", 
  "currency_symbol": "$", 
  "currency_trailing_code": true, 
  "deadline": 1337820142, 
  "disable_communication": false, 
  "goal": 150.0, 
  "id": 1045214973, 
  "launched_at": 1336524142, 
  "location": {
    "country": "US", 
    "displayable_name": "Macon, GA", 
    "id": 2443844, 
    "name": "Macon", 
    "short_name": "Macon, GA", 
    "slug": "macon-ga", 
    "state": "GA", 
    "urls": {
      "api": {
        "nearby_projects": "https://api.kickstarter.com/v1/discover?signature=1405284019.b6ecda6416405b82889a219d90ae1f79ff6a6d25&woe_id=2443844"
      }, 
      "web": {
        "discover": "https://www.kickstarter.com/discover/places/macon-ga", 
        "location": "https://www.kickstarter.com/locations/macon-ga"
      }
    }
  }, 
  "name": "DIY Dimmable LED Panel Instruction Videos", 
  "photo": {
    "1024x768": "https://s3.amazonaws.com/ksr/projects/165248/photo-1024x768.jpg?1397780642", 
    "1536x1152": "https://s3.amazonaws.com/ksr/projects/165248/photo-1536x1152.jpg?1397780642", 
    "ed": "https://s3.amazonaws.com/ksr/projects/165248/photo-ed.jpg?1397780642", 
    "full": "https://s3.amazonaws.com/ksr/projects/165248/photo-full.jpg?1397780642", 
    "little": "https://s3.amazonaws.com/ksr/projects/165248/photo-little.jpg?1397780642", 
    "med": "https://s3.amazonaws.com/ksr/projects/165248/photo-med.jpg?1397780642", 
    "small": "https://s3.amazonaws.com/ksr/projects/165248/photo-small.jpg?1397780642", 
    "thumb": "https://s3.amazonaws.com/ksr/projects/165248/photo-thumb.jpg?1397780642"
  }, 
  "pledged": 396.0, 
  "slug": "diy-dimmable-led-panel-instruction-videos", 
  "state": "successful", 
  "state_changed_at": 1337820142, 
  "urls": {
    "web": {
      "project": "https://www.kickstarter.com/projects/2078763570/diy-dimmable-led-panel-instruction-videos", 
      "rewards": "https://www.kickstarter.com/projects/2078763570/diy-dimmable-led-panel-instruction-videos/rewards"
    }
  }
}