{
  "backers_count": 43, 
  "blurb": "Redefine what is possible in a manned submersible by studying underwater flight and attempting the first ever underwater loop.", 
  "category": {
    "id": 16, 
    "name": "Technology", 
    "position": 14, 
    "slug": "technology", 
    "urls": {
      "web": {
        "discover": "http://www.kickstarter.com/discover/categories/technology"
      }
    }
  }, 
  "country": "US", 
  "created_at": 1337192634, 
  "creator": {
    "avatar": {
      "medium": "https://s3.amazonaws.com/ksr/avatars/2813692/GHawkes2.medium.jpg?1337193554", 
      "small": "https://s3.amazonaws.com/ksr/avatars/2813692/GHawkes2.small.jpg?1337193554", 
      "thumb": "https://s3.amazonaws.com/ksr/avatars/2813692/GHawkes2.thumb.jpg?1337193554"
    }, 
    "id": 724942316, 
    "name": "Graham Hawkes", 
    "urls": {
      "api": {
        "user": "https://api.kickstarter.com/v1/users/724942316?signature=1405310419.63aeb9eeda452de18eba46d87d333e7319e872b3"
      }, 
      "web": {
        "user": "https://www.kickstarter.com/profile/724942316"
      }
    }
  }, 
  "currency": "USD", 
  "currency_symbol": "$", 
  "currency_trailing_code": true, 
  "deadline": 1345999899, 
  "disable_communication": false, 
  "goal": 45000.0, 
  "id": 1045706628, 
  "launched_at": 1342543899, 
  "location": {
    "country": "US", 
    "displayable_name": "Tahoe City, CA", 
    "id": 2503603, 
    "name": "Tahoe City", 
    "short_name": "Tahoe City, CA", 
    "slug": "tahoe-city-ca", 
    "state": "CA", 
    "urls": {
      "api": {
        "nearby_projects": "https://api.kickstarter.com/v1/discover?signature=1405286838.f5a1881b66ed435a9319ce975fb436d28a991e76&woe_id=2503603"
      }, 
      "web": {
        "discover": "https://www.kickstarter.com/discover/places/tahoe-city-ca", 
        "location": "https://www.kickstarter.com/locations/tahoe-city-ca"
      }
    }
  }, 
  "name": "DeepFlight Hydrobatics Expedition", 
  "photo": {
    "1024x768": "https://s3.amazonaws.com/ksr/projects/186342/photo-1024x768.jpg?1397782703", 
    "1536x1152": "https://s3.amazonaws.com/ksr/projects/186342/photo-1536x1152.jpg?1397782703", 
    "ed": "https://s3.amazonaws.com/ksr/projects/186342/photo-ed.jpg?1397782703", 
    "full": "https://s3.amazonaws.com/ksr/projects/186342/photo-full.jpg?1397782703", 
    "little": "https://s3.amazonaws.com/ksr/projects/186342/photo-little.jpg?1397782703", 
    "med": "https://s3.amazonaws.com/ksr/projects/186342/photo-med.jpg?1397782703", 
    "small": "https://s3.amazonaws.com/ksr/projects/186342/photo-small.jpg?1397782703", 
    "thumb": "https://s3.amazonaws.com/ksr/projects/186342/photo-thumb.jpg?1397782703"
  }, 
  "pledged": 3530.0, 
  "slug": "deepflight-hydrobatics-expedition", 
  "state": "failed", 
  "state_changed_at": 1345999900, 
  "urls": {
    "web": {
      "project": "https://www.kickstarter.com/projects/724942316/deepflight-hydrobatics-expedition", 
      "rewards": "https://www.kickstarter.com/projects/724942316/deepflight-hydrobatics-expedition/rewards"
    }
  }
}