{
  "backers_count": 30, 
  "blurb": "Sustainable Virginia flower farm is creating a nationwide CSA offering folks a chance to buy a discounted \"share\" of flowers from our farm in 2010.", 
  "category": {
    "id": 51, 
    "name": "Software", 
    "parent_id": 16, 
    "position": 11, 
    "slug": "technology/software", 
    "urls": {
      "web": {
        "discover": "http://www.kickstarter.com/discover/categories/technology/software"
      }
    }
  }, 
  "country": "US", 
  "created_at": 1262274894, 
  "creator": {
    "avatar": {
      "medium": "https://s3.amazonaws.com/ksr/avatars/5516/100_2644.medium.jpg?1288678195", 
      "small": "https://s3.amazonaws.com/ksr/avatars/5516/100_2644.small.jpg?1288678195", 
      "thumb": "https://s3.amazonaws.com/ksr/avatars/5516/100_2644.thumb.jpg?1288678195"
    }, 
    "id": 313872339, 
    "name": "Becky Devlin", 
    "slug": "organicflowers", 
    "urls": {
      "api": {
        "user": "https://api.kickstarter.com/v1/users/313872339?signature=1405310237.bf685e1a760dd4d232daf491defb5c76db653441"
      }, 
      "web": {
        "user": "https://www.kickstarter.com/profile/organicflowers"
      }
    }
  }, 
  "currency": "USD", 
  "currency_symbol": "$", 
  "currency_trailing_code": true, 
  "deadline": 1269874440, 
  "disable_communication": false, 
  "goal": 2000.0, 
  "id": 1045634135, 
  "launched_at": 1262277933, 
  "name": "sustainable flower nationwide CSA ", 
  "photo": {
    "1024x768": "https://s3.amazonaws.com/ksr/projects/2369/photo-1024x768.jpg?1397753773", 
    "1536x1152": "https://s3.amazonaws.com/ksr/projects/2369/photo-1536x1152.jpg?1397753773", 
    "ed": "https://s3.amazonaws.com/ksr/projects/2369/photo-ed.jpg?1397753773", 
    "full": "https://s3.amazonaws.com/ksr/projects/2369/photo-full.jpg?1397753773", 
    "little": "https://s3.amazonaws.com/ksr/projects/2369/photo-little.jpg?1397753773", 
    "med": "https://s3.amazonaws.com/ksr/projects/2369/photo-med.jpg?1397753773", 
    "small": "https://s3.amazonaws.com/ksr/projects/2369/photo-small.jpg?1397753773", 
    "thumb": "https://s3.amazonaws.com/ksr/projects/2369/photo-thumb.jpg?1397753773"
  }, 
  "pledged": 2625.0, 
  "slug": "sustainable-flower-farm-creating-nationwide-csa", 
  "state": "successful", 
  "state_changed_at": 1269874814, 
  "urls": {
    "web": {
      "project": "https://www.kickstarter.com/projects/organicflowers/sustainable-flower-farm-creating-nationwide-csa", 
      "rewards": "https://www.kickstarter.com/projects/organicflowers/sustainable-flower-farm-creating-nationwide-csa/rewards"
    }
  }
}