{
  "backers_count": 3, 
  "blurb": "We are in the process of designing full DIY CNC Router Kits and want you to be the first to try them out!", 
  "category": {
    "id": 16, 
    "name": "Technology", 
    "position": 14, 
    "slug": "technology", 
    "urls": {
      "web": {
        "discover": "http://www.kickstarter.com/discover/categories/technology"
      }
    }
  }, 
  "country": "US", 
  "created_at": 1304808002, 
  "creator": {
    "avatar": {
      "medium": "https://s3.amazonaws.com/ksr/avatars/845946/100_1929.medium.jpg?1304307542", 
      "small": "https://s3.amazonaws.com/ksr/avatars/845946/100_1929.small.jpg?1304307542", 
      "thumb": "https://s3.amazonaws.com/ksr/avatars/845946/100_1929.thumb.jpg?1304307542"
    }, 
    "id": 241022878, 
    "name": "Blackwing Guitars", 
    "slug": "feralcustoms", 
    "urls": {
      "api": {
        "user": "https://api.kickstarter.com/v1/users/241022878?signature=1405310652.de163cf5c220e5417969707630a3e33dc959707f"
      }, 
      "web": {
        "user": "https://www.kickstarter.com/profile/feralcustoms"
      }
    }
  }, 
  "currency": "USD", 
  "currency_symbol": "$", 
  "currency_trailing_code": true, 
  "deadline": 1307777909, 
  "disable_communication": false, 
  "goal": 2650.0, 
  "id": 1046304162, 
  "launched_at": 1305185909, 
  "location": {
    "country": "US", 
    "displayable_name": "Seattle, WA", 
    "id": 2490383, 
    "name": "Seattle", 
    "short_name": "Seattle, WA", 
    "slug": "seattle-wa", 
    "state": "WA", 
    "urls": {
      "api": {
        "nearby_projects": "https://api.kickstarter.com/v1/discover?signature=1405283923.67c73dbf9dca0017ef5760ce9a5b28f4ece59887&woe_id=2490383"
      }, 
      "web": {
        "discover": "https://www.kickstarter.com/discover/places/seattle-wa", 
        "location": "https://www.kickstarter.com/locations/seattle-wa"
      }
    }
  }, 
  "name": "DIY Desktop CNC Router Kits!", 
  "photo": {
    "1024x768": "https://s3.amazonaws.com/ksr/projects/32832/photo-1024x768.jpg?1397762992", 
    "1536x1152": "https://s3.amazonaws.com/ksr/projects/32832/photo-1536x1152.jpg?1397762992", 
    "ed": "https://s3.amazonaws.com/ksr/projects/32832/photo-ed.jpg?1397762992", 
    "full": "https://s3.amazonaws.com/ksr/projects/32832/photo-full.jpg?1397762992", 
    "little": "https://s3.amazonaws.com/ksr/projects/32832/photo-little.jpg?1397762992", 
    "med": "https://s3.amazonaws.com/ksr/projects/32832/photo-med.jpg?1397762992", 
    "small": "https://s3.amazonaws.com/ksr/projects/32832/photo-small.jpg?1397762992", 
    "thumb": "https://s3.amazonaws.com/ksr/projects/32832/photo-thumb.jpg?1397762992"
  }, 
  "pledged": 11.0, 
  "slug": "diy-desktop-cnc-router-kits", 
  "state": "failed", 
  "state_changed_at": 1307777909, 
  "urls": {
    "web": {
      "project": "https://www.kickstarter.com/projects/feralcustoms/diy-desktop-cnc-router-kits", 
      "rewards": "https://www.kickstarter.com/projects/feralcustoms/diy-desktop-cnc-router-kits/rewards"
    }
  }
}