{
  "backers_count": 8, 
  "blurb": "ShutterEaze is the worlds first remote control motorization system for all Plantation shutters. It is \"Movement made Eazy\".", 
  "category": {
    "id": 16, 
    "name": "Technology", 
    "position": 14, 
    "slug": "technology", 
    "urls": {
      "web": {
        "discover": "http://www.kickstarter.com/discover/categories/technology"
      }
    }
  }, 
  "country": "US", 
  "created_at": 1342671471, 
  "creator": {
    "avatar": {
      "medium": "https://s3.amazonaws.com/ksr/avatars/751494/Jeff_Vasquez_picture.medium.jpg?1354040844", 
      "small": "https://s3.amazonaws.com/ksr/avatars/751494/Jeff_Vasquez_picture.small.jpg?1354040844", 
      "thumb": "https://s3.amazonaws.com/ksr/avatars/751494/Jeff_Vasquez_picture.thumb.jpg?1354040844"
    }, 
    "id": 1063769962, 
    "name": "Jeff Vasquez", 
    "urls": {
      "api": {
        "user": "https://api.kickstarter.com/v1/users/1063769962?signature=1405310459.0ad4b476309cadfa0908cc1688493ccf7743c856"
      }, 
      "web": {
        "user": "https://www.kickstarter.com/profile/1063769962"
      }
    }
  }, 
  "currency": "USD", 
  "currency_symbol": "$", 
  "currency_trailing_code": true, 
  "deadline": 1369357583, 
  "disable_communication": false, 
  "goal": 65000.0, 
  "id": 1046165144, 
  "launched_at": 1365469583, 
  "location": {
    "country": "US", 
    "displayable_name": "Thousand Oaks, CA", 
    "id": 2505987, 
    "name": "Thousand Oaks", 
    "short_name": "Thousand Oaks, CA", 
    "slug": "thousand-oaks-ca", 
    "state": "CA", 
    "urls": {
      "api": {
        "nearby_projects": "https://api.kickstarter.com/v1/discover?signature=1405284799.d3a9c69c74ecf54baaba964cb68bad5d4b879967&woe_id=2505987"
      }, 
      "web": {
        "discover": "https://www.kickstarter.com/discover/places/thousand-oaks-ca", 
        "location": "https://www.kickstarter.com/locations/thousand-oaks-ca"
      }
    }
  }, 
  "name": "ShutterEaze - Movement made Eazy", 
  "photo": {
    "1024x768": "https://s3.amazonaws.com/ksr/projects/263802/photo-1024x768.jpg?1397790467", 
    "1536x1152": "https://s3.amazonaws.com/ksr/projects/263802/photo-1536x1152.jpg?1397790467", 
    "ed": "https://s3.amazonaws.com/ksr/projects/263802/photo-ed.jpg?1397790467", 
    "full": "https://s3.amazonaws.com/ksr/projects/263802/photo-full.jpg?1397790467", 
    "little": "https://s3.amazonaws.com/ksr/projects/263802/photo-little.jpg?1397790467", 
    "med": "https://s3.amazonaws.com/ksr/projects/263802/photo-med.jpg?1397790467", 
    "small": "https://s3.amazonaws.com/ksr/projects/263802/photo-small.jpg?1397790467", 
    "thumb": "https://s3.amazonaws.com/ksr/projects/263802/photo-thumb.jpg?1397790467"
  }, 
  "pledged": 1971.0, 
  "slug": "shuttereaze-movement-made-eazy", 
  "state": "failed", 
  "state_changed_at": 1369357583, 
  "urls": {
    "web": {
      "project": "https://www.kickstarter.com/projects/1063769962/shuttereaze-movement-made-eazy", 
      "rewards": "https://www.kickstarter.com/projects/1063769962/shuttereaze-movement-made-eazy/rewards"
    }
  }
}