{
  "backers_count": 6, 
  "blurb": "A revolutionary way of booking with a cloud based booking system.No more long annoying calls, Book anything from anywhere any time.", 
  "category": {
    "id": 332, 
    "name": "Apps", 
    "parent_id": 16, 
    "position": 2, 
    "slug": "technology/apps", 
    "urls": {
      "web": {
        "discover": "http://www.kickstarter.com/discover/categories/technology/apps"
      }
    }
  }, 
  "country": "US", 
  "created_at": 1397142653, 
  "creator": {
    "avatar": {
      "medium": "https://s3.amazonaws.com/ksr/avatars/10249083/fb_profile_picture.medium.jpg?1397148771", 
      "small": "https://s3.amazonaws.com/ksr/avatars/10249083/fb_profile_picture.small.jpg?1397148771", 
      "thumb": "https://s3.amazonaws.com/ksr/avatars/10249083/fb_profile_picture.thumb.jpg?1397148771"
    }, 
    "id": 2078799338, 
    "name": "Michael Shane Peters II", 
    "slug": "ubookit", 
    "urls": {
      "api": {
        "user": "https://api.kickstarter.com/v1/users/2078799338?signature=1405310634.98664439e2af665ca1f3e992a206931a75327a7b"
      }, 
      "web": {
        "user": "https://www.kickstarter.com/profile/ubookit"
      }
    }
  }, 
  "currency": "USD", 
  "currency_symbol": "$", 
  "currency_trailing_code": true, 
  "deadline": 1401032985, 
  "disable_communication": false, 
  "goal": 10000.0, 
  "id": 104717305, 
  "launched_at": 1398440985, 
  "location": {
    "country": "US", 
    "displayable_name": "Surprise, AZ", 
    "id": 2502669, 
    "name": "Surprise", 
    "short_name": "Surprise, AZ", 
    "slug": "surprise-az", 
    "state": "AZ", 
    "urls": {
      "api": {
        "nearby_projects": "https://api.kickstarter.com/v1/discover?signature=1405284449.e22b3a7cf253f56f36b4c1a765449c10331c72f9&woe_id=2502669"
      }, 
      "web": {
        "discover": "https://www.kickstarter.com/discover/places/surprise-az", 
        "location": "https://www.kickstarter.com/locations/surprise-az"
      }
    }
  }, 
  "name": "U book-IT: Scheduling app that will change everything", 
  "photo": {
    "1024x768": "https://s3.amazonaws.com/ksr/projects/947282/photo-1024x768.jpg?1397875707", 
    "1536x1152": "https://s3.amazonaws.com/ksr/projects/947282/photo-1536x1152.jpg?1397875707", 
    "ed": "https://s3.amazonaws.com/ksr/projects/947282/photo-ed.jpg?1397875707", 
    "full": "https://s3.amazonaws.com/ksr/projects/947282/photo-full.jpg?1397875707", 
    "little": "https://s3.amazonaws.com/ksr/projects/947282/photo-little.jpg?1397875707", 
    "med": "https://s3.amazonaws.com/ksr/projects/947282/photo-med.jpg?1397875707", 
    "small": "https://s3.amazonaws.com/ksr/projects/947282/photo-small.jpg?1397875707", 
    "thumb": "https://s3.amazonaws.com/ksr/projects/947282/photo-thumb.jpg?1397875707"
  }, 
  "pledged": 37.0, 
  "slug": "booking-and-scheduling-app-that-will-change-everyt", 
  "state": "failed", 
  "state_changed_at": 1401032985, 
  "urls": {
    "web": {
      "project": "https://www.kickstarter.com/projects/ubookit/booking-and-scheduling-app-that-will-change-everyt", 
      "rewards": "https://www.kickstarter.com/projects/ubookit/booking-and-scheduling-app-that-will-change-everyt/rewards"
    }
  }
}