{
  "backers_count": 0, 
  "blurb": "Havent had a proper laptop in nearly half a decade. Mostly because its been too much fun being offline, and figuring out how to be.", 
  "category": {
    "id": 337, 
    "name": "Gadgets", 
    "parent_id": 16, 
    "position": 7, 
    "slug": "technology/gadgets", 
    "urls": {
      "web": {
        "discover": "http://www.kickstarter.com/discover/categories/technology/gadgets"
      }
    }
  }, 
  "country": "US", 
  "created_at": 1404824635, 
  "creator": {
    "avatar": {
      "medium": "https://www.kickstarter.com/assets/users/missing_medium.png", 
      "small": "https://www.kickstarter.com/assets/users/missing_small.png", 
      "thumb": "https://www.kickstarter.com/assets/users/missing_thumb.png"
    }, 
    "id": 1500927496, 
    "name": "Elizabeth Taylor (no, but really) (deleted)", 
    "urls": {
      "api": {
        "user": "https://api.kickstarter.com/v1/users/1500927496?signature=1405310673.ee71f026074c5d7f7132e1c9c5a0475f655626e3"
      }, 
      "web": {
        "user": "https://www.kickstarter.com/profile/1500927496"
      }
    }
  }, 
  "currency": "USD", 
  "currency_symbol": "$", 
  "currency_trailing_code": true, 
  "deadline": 1407423761, 
  "disable_communication": false, 
  "goal": 1400.0, 
  "id": 104752613, 
  "launched_at": 1404831761, 
  "location": {
    "country": "US", 
    "displayable_name": "San Francisco, CA", 
    "id": 2487956, 
    "name": "San Francisco", 
    "short_name": "San Francisco, CA", 
    "slug": "san-francisco-ca", 
    "state": "CA", 
    "urls": {
      "api": {
        "nearby_projects": "https://api.kickstarter.com/v1/discover?signature=1405283922.2705520cddde986b955c196af6b338b46c4257d5&woe_id=2487956"
      }, 
      "web": {
        "discover": "https://www.kickstarter.com/discover/places/san-francisco-ca", 
        "location": "https://www.kickstarter.com/locations/san-francisco-ca"
      }
    }
  }, 
  "name": "Get This Girl a Laptop", 
  "photo": {
    "1024x768": "https://s3.amazonaws.com/ksr/projects/1093224/photo-1024x768.jpg?1404909734", 
    "1536x1152": "https://s3.amazonaws.com/ksr/projects/1093224/photo-1536x1152.jpg?1404909734", 
    "ed": "https://s3.amazonaws.com/ksr/projects/1093224/photo-ed.jpg?1404909734", 
    "full": "https://s3.amazonaws.com/ksr/projects/1093224/photo-full.jpg?1404909734", 
    "little": "https://s3.amazonaws.com/ksr/projects/1093224/photo-little.jpg?1404909734", 
    "med": "https://s3.amazonaws.com/ksr/projects/1093224/photo-med.jpg?1404909734", 
    "small": "https://s3.amazonaws.com/ksr/projects/1093224/photo-small.jpg?1404909734", 
    "thumb": "https://s3.amazonaws.com/ksr/projects/1093224/photo-thumb.jpg?1404909734"
  }, 
  "pledged": 0.0, 
  "slug": "get-this-girl-a-laptop-or-face-wash", 
  "state": "canceled", 
  "state_changed_at": 1404911896, 
  "urls": {
    "web": {
      "project": "https://www.kickstarter.com/projects/1500927496/get-this-girl-a-laptop-or-face-wash", 
      "rewards": "https://www.kickstarter.com/projects/1500927496/get-this-girl-a-laptop-or-face-wash/rewards"
    }
  }
}