{
  "backers_count": 252, 
  "blurb": "WHILL's combination of smart design and advanced technology takes personal mobility to the next level.", 
  "category": {
    "id": 52, 
    "name": "Hardware", 
    "parent_id": 16, 
    "position": 8, 
    "slug": "technology/hardware", 
    "urls": {
      "web": {
        "discover": "http://www.kickstarter.com/discover/categories/technology/hardware"
      }
    }
  }, 
  "country": "US", 
  "created_at": 1395852099, 
  "creator": {
    "avatar": {
      "medium": "https://s3.amazonaws.com/ksr/avatars/10075154/IMG_4905.medium.jpg?1401219649", 
      "small": "https://s3.amazonaws.com/ksr/avatars/10075154/IMG_4905.small.jpg?1401219649", 
      "thumb": "https://s3.amazonaws.com/ksr/avatars/10075154/IMG_4905.thumb.jpg?1401219649"
    }, 
    "id": 1411690319, 
    "name": "WHILL", 
    "slug": "whill", 
    "urls": {
      "api": {
        "user": "https://api.kickstarter.com/v1/users/1411690319?signature=1405310135.762846dc81f53fd66b1c9935ddc7eab21321af55"
      }, 
      "web": {
        "user": "https://www.kickstarter.com/profile/whill"
      }
    }
  }, 
  "currency": "USD", 
  "currency_symbol": "$", 
  "currency_trailing_code": true, 
  "deadline": 1405097708, 
  "disable_communication": false, 
  "goal": 30000.0, 
  "id": 104770841, 
  "launched_at": 1402505708, 
  "location": {
    "country": "US", 
    "displayable_name": "San Francisco, CA", 
    "id": 2487956, 
    "name": "San Francisco", 
    "short_name": "San Francisco, CA", 
    "slug": "san-francisco-ca", 
    "state": "CA", 
    "urls": {
      "api": {
        "nearby_projects": "https://api.kickstarter.com/v1/discover?signature=1405283922.2705520cddde986b955c196af6b338b46c4257d5&woe_id=2487956"
      }, 
      "web": {
        "discover": "https://www.kickstarter.com/discover/places/san-francisco-ca", 
        "location": "https://www.kickstarter.com/locations/san-francisco-ca"
      }
    }
  }, 
  "name": "WHILL : World's Most Advanced Personal Mobility Device", 
  "photo": {
    "1024x768": "https://s3.amazonaws.com/ksr/projects/925247/photo-1024x768.jpg?1401221806", 
    "1536x1152": "https://s3.amazonaws.com/ksr/projects/925247/photo-1536x1152.jpg?1401221806", 
    "ed": "https://s3.amazonaws.com/ksr/projects/925247/photo-ed.jpg?1401221806", 
    "full": "https://s3.amazonaws.com/ksr/projects/925247/photo-full.jpg?1401221806", 
    "little": "https://s3.amazonaws.com/ksr/projects/925247/photo-little.jpg?1401221806", 
    "med": "https://s3.amazonaws.com/ksr/projects/925247/photo-med.jpg?1401221806", 
    "small": "https://s3.amazonaws.com/ksr/projects/925247/photo-small.jpg?1401221806", 
    "thumb": "https://s3.amazonaws.com/ksr/projects/925247/photo-thumb.jpg?1401221806"
  }, 
  "pledged": 35527.0, 
  "slug": "whill-worlds-most-advanced-personal-mobility-devic", 
  "state": "successful", 
  "state_changed_at": 1405097708, 
  "urls": {
    "web": {
      "project": "https://www.kickstarter.com/projects/whill/whill-worlds-most-advanced-personal-mobility-devic", 
      "rewards": "https://www.kickstarter.com/projects/whill/whill-worlds-most-advanced-personal-mobility-devic/rewards"
    }
  }
}