{
  "backers_count": 126, 
  "blurb": "A \u00a36 LED board for the Raspberry Pi, ideal for beginners and those wanting to learn to solder and program. Brilliant for education.", 
  "category": {
    "id": 334, 
    "name": "DIY Electronics", 
    "parent_id": 16, 
    "position": 4, 
    "slug": "technology/diy electronics", 
    "urls": {
      "web": {
        "discover": "http://www.kickstarter.com/discover/categories/technology/diy%20electronics"
      }
    }
  }, 
  "country": "GB", 
  "created_at": 1402167885, 
  "creator": {
    "avatar": {
      "medium": "https://s3.amazonaws.com/ksr/avatars/7168432/fb_profile_picture.medium.jpg?1372725096", 
      "small": "https://s3.amazonaws.com/ksr/avatars/7168432/fb_profile_picture.small.jpg?1372725096", 
      "thumb": "https://s3.amazonaws.com/ksr/avatars/7168432/fb_profile_picture.thumb.jpg?1372725096"
    }, 
    "id": 1059145052, 
    "name": "Paul Brown", 
    "urls": {
      "api": {
        "user": "https://api.kickstarter.com/v1/users/1059145052?signature=1405310249.fe1a9509eb1e2c357d6bd806e78dbcddd36c7f44"
      }, 
      "web": {
        "user": "https://www.kickstarter.com/profile/1059145052"
      }
    }
  }, 
  "currency": "GBP", 
  "currency_symbol": "\u00a3", 
  "currency_trailing_code": false, 
  "deadline": 1405090866, 
  "disable_communication": false, 
  "goal": 800.0, 
  "id": 1048647307, 
  "launched_at": 1402498866, 
  "location": {
    "country": "GB", 
    "displayable_name": "Oxford, UK", 
    "id": 31278, 
    "name": "Oxford", 
    "short_name": "Oxford, UK", 
    "slug": "oxford-gb", 
    "state": "England", 
    "urls": {
      "api": {
        "nearby_projects": "https://api.kickstarter.com/v1/discover?signature=1405283959.7258f11a2a079c4b9498b389afb50fba8e79f8c7&woe_id=31278"
      }, 
      "web": {
        "discover": "https://www.kickstarter.com/discover/places/oxford-gb", 
        "location": "https://www.kickstarter.com/locations/oxford-gb"
      }
    }
  }, 
  "name": "MyPiFi LED board FINAL HOURS", 
  "photo": {
    "1024x768": "https://s3.amazonaws.com/ksr/projects/1034830/photo-1024x768.jpg?1403958852", 
    "1536x1152": "https://s3.amazonaws.com/ksr/projects/1034830/photo-1536x1152.jpg?1403958852", 
    "ed": "https://s3.amazonaws.com/ksr/projects/1034830/photo-ed.jpg?1403958852", 
    "full": "https://s3.amazonaws.com/ksr/projects/1034830/photo-full.jpg?1403958852", 
    "little": "https://s3.amazonaws.com/ksr/projects/1034830/photo-little.jpg?1403958852", 
    "med": "https://s3.amazonaws.com/ksr/projects/1034830/photo-med.jpg?1403958852", 
    "small": "https://s3.amazonaws.com/ksr/projects/1034830/photo-small.jpg?1403958852", 
    "thumb": "https://s3.amazonaws.com/ksr/projects/1034830/photo-thumb.jpg?1403958852"
  }, 
  "pledged": 1300.0, 
  "slug": "mypifi-led-board", 
  "state": "successful", 
  "state_changed_at": 1405090866, 
  "urls": {
    "web": {
      "project": "https://www.kickstarter.com/projects/1059145052/mypifi-led-board", 
      "rewards": "https://www.kickstarter.com/projects/1059145052/mypifi-led-board/rewards"
    }
  }
}