{
  "backers_count": 95, 
  "blurb": "Control and automate heating/AC at your home from the Internet using multiple Internet connected wireless sensors.", 
  "category": {
    "id": 52, 
    "name": "Hardware", 
    "parent_id": 16, 
    "position": 8, 
    "slug": "technology/hardware", 
    "urls": {
      "web": {
        "discover": "http://www.kickstarter.com/discover/categories/technology/hardware"
      }
    }
  }, 
  "country": "US", 
  "created_at": 1393438100, 
  "creator": {
    "avatar": {
      "medium": "https://s3.amazonaws.com/ksr/avatars/9770973/ylogo1024.medium.jpg?1393468704", 
      "small": "https://s3.amazonaws.com/ksr/avatars/9770973/ylogo1024.small.jpg?1393468704", 
      "thumb": "https://s3.amazonaws.com/ksr/avatars/9770973/ylogo1024.thumb.jpg?1393468704"
    }, 
    "id": 1635275236, 
    "name": "CAO GADGETS", 
    "urls": {
      "api": {
        "user": "https://api.kickstarter.com/v1/users/1635275236?signature=1405310378.932761089bafbf014ddd8c20f7497337421fba7b"
      }, 
      "web": {
        "user": "https://www.kickstarter.com/profile/1635275236"
      }
    }
  }, 
  "currency": "USD", 
  "currency_symbol": "$", 
  "currency_trailing_code": true, 
  "deadline": 1399329445, 
  "disable_communication": false, 
  "goal": 50000.0, 
  "id": 1048052583, 
  "launched_at": 1394149045, 
  "location": {
    "country": "US", 
    "displayable_name": "Aliso Viejo, CA", 
    "id": 2353185, 
    "name": "Aliso Viejo", 
    "short_name": "Aliso Viejo, CA", 
    "slug": "aliso-viejo-ca", 
    "state": "CA", 
    "urls": {
      "api": {
        "nearby_projects": "https://api.kickstarter.com/v1/discover?signature=1405283962.d7d2bf67afc53225136259990887a5512946122f&woe_id=2353185"
      }, 
      "web": {
        "discover": "https://www.kickstarter.com/discover/places/aliso-viejo-ca", 
        "location": "https://www.kickstarter.com/locations/aliso-viejo-ca"
      }
    }
  }, 
  "name": "Kumostat and Kumo Sensors (Canceled)", 
  "photo": {
    "1024x768": "https://s3.amazonaws.com/ksr/projects/886070/photo-1024x768.jpg?1397869666", 
    "1536x1152": "https://s3.amazonaws.com/ksr/projects/886070/photo-1536x1152.jpg?1397869666", 
    "ed": "https://s3.amazonaws.com/ksr/projects/886070/photo-ed.jpg?1397869666", 
    "full": "https://s3.amazonaws.com/ksr/projects/886070/photo-full.jpg?1397869666", 
    "little": "https://s3.amazonaws.com/ksr/projects/886070/photo-little.jpg?1397869666", 
    "med": "https://s3.amazonaws.com/ksr/projects/886070/photo-med.jpg?1397869666", 
    "small": "https://s3.amazonaws.com/ksr/projects/886070/photo-small.jpg?1397869666", 
    "thumb": "https://s3.amazonaws.com/ksr/projects/886070/photo-thumb.jpg?1397869666"
  }, 
  "pledged": 9673.0, 
  "slug": "kumostat-and-kumo-sensors", 
  "state": "canceled", 
  "state_changed_at": 1397053522, 
  "urls": {
    "web": {
      "project": "https://www.kickstarter.com/projects/1635275236/kumostat-and-kumo-sensors", 
      "rewards": "https://www.kickstarter.com/projects/1635275236/kumostat-and-kumo-sensors/rewards"
    }
  }
}