{
  "backers_count": 54, 
  "blurb": "Dear Kickstarters users, don\u2019t worry \u2013 we\u2019ll surely be back on Monday with a little surprise for you! :)", 
  "category": {
    "id": 52, 
    "name": "Hardware", 
    "parent_id": 16, 
    "position": 8, 
    "slug": "technology/hardware", 
    "urls": {
      "web": {
        "discover": "http://www.kickstarter.com/discover/categories/technology/hardware"
      }
    }
  }, 
  "country": "GB", 
  "created_at": 1401815493, 
  "creator": {
    "avatar": {
      "medium": "https://s3.amazonaws.com/ksr/avatars/10902397/cmoar-logo-ost_(3).medium.jpg?1401911902", 
      "small": "https://s3.amazonaws.com/ksr/avatars/10902397/cmoar-logo-ost_(3).small.jpg?1401911902", 
      "thumb": "https://s3.amazonaws.com/ksr/avatars/10902397/cmoar-logo-ost_(3).thumb.jpg?1401911902"
    }, 
    "id": 706938033, 
    "name": "Cmoar LTD", 
    "urls": {
      "api": {
        "user": "https://api.kickstarter.com/v1/users/706938033?signature=1405310374.0e57d90760a5de91196ab5540ce43728d70c06e3"
      }, 
      "web": {
        "user": "https://www.kickstarter.com/profile/706938033"
      }
    }
  }, 
  "currency": "GBP", 
  "currency_symbol": "\u00a3", 
  "currency_trailing_code": false, 
  "deadline": 1407542400, 
  "disable_communication": false, 
  "goal": 200000.0, 
  "id": 1050242694, 
  "launched_at": 1404933278, 
  "location": {
    "country": "GB", 
    "displayable_name": "London, UK", 
    "id": 44418, 
    "name": "London", 
    "short_name": "London, UK", 
    "slug": "london-gb", 
    "state": "England", 
    "urls": {
      "api": {
        "nearby_projects": "https://api.kickstarter.com/v1/discover?signature=1405283922.82a390c7080dcb5af2825d7dc4e2293adc57bbf0&woe_id=44418"
      }, 
      "web": {
        "discover": "https://www.kickstarter.com/discover/places/london-gb", 
        "location": "https://www.kickstarter.com/locations/london-gb"
      }
    }
  }, 
  "name": "Cmoar - We\u2019ll be back on Monday! (Canceled)", 
  "photo": {
    "1024x768": "https://s3.amazonaws.com/ksr/projects/1028766/photo-1024x768.jpg?1404923121", 
    "1536x1152": "https://s3.amazonaws.com/ksr/projects/1028766/photo-1536x1152.jpg?1404923121", 
    "ed": "https://s3.amazonaws.com/ksr/projects/1028766/photo-ed.jpg?1404923121", 
    "full": "https://s3.amazonaws.com/ksr/projects/1028766/photo-full.jpg?1404923121", 
    "little": "https://s3.amazonaws.com/ksr/projects/1028766/photo-little.jpg?1404923121", 
    "med": "https://s3.amazonaws.com/ksr/projects/1028766/photo-med.jpg?1404923121", 
    "small": "https://s3.amazonaws.com/ksr/projects/1028766/photo-small.jpg?1404923121", 
    "thumb": "https://s3.amazonaws.com/ksr/projects/1028766/photo-thumb.jpg?1404923121"
  }, 
  "pledged": 5974.0, 
  "slug": "cmoar-smartphone-viewer", 
  "state": "canceled", 
  "state_changed_at": 1405161919, 
  "urls": {
    "web": {
      "project": "https://www.kickstarter.com/projects/706938033/cmoar-smartphone-viewer", 
      "rewards": "https://www.kickstarter.com/projects/706938033/cmoar-smartphone-viewer/rewards"
    }
  }
}