{
  "backers_count": 175, 
  "blurb": "Robots are awesome!, so are RC-cars, planes, and LEDs! Control yours wirelessly from your iPhone, Arduino, or any Bluetooth 4.0 device!", 
  "category": {
    "id": 52, 
    "name": "Hardware", 
    "parent_id": 16, 
    "position": 8, 
    "slug": "technology/hardware", 
    "urls": {
      "web": {
        "discover": "http://www.kickstarter.com/discover/categories/technology/hardware"
      }
    }
  }, 
  "country": "US", 
  "created_at": 1363121746, 
  "creator": {
    "avatar": {
      "medium": "https://s3.amazonaws.com/ksr/avatars/1677005/025.medium.jpg?1366345452", 
      "small": "https://s3.amazonaws.com/ksr/avatars/1677005/025.small.jpg?1366345452", 
      "thumb": "https://s3.amazonaws.com/ksr/avatars/1677005/025.thumb.jpg?1366345452"
    }, 
    "id": 1992869862, 
    "name": "Jason Peterson", 
    "urls": {
      "api": {
        "user": "https://api.kickstarter.com/v1/users/1992869862?signature=1405310189.650cb57d4eebfdd9787ca9ff45effda4d9913dfa"
      }, 
      "web": {
        "user": "https://www.kickstarter.com/profile/1992869862"
      }
    }
  }, 
  "currency": "USD", 
  "currency_symbol": "$", 
  "currency_trailing_code": true, 
  "deadline": 1369672702, 
  "disable_communication": false, 
  "goal": 7500.0, 
  "id": 1050319360, 
  "launched_at": 1366648702, 
  "location": {
    "country": "US", 
    "displayable_name": "Eagle, ID", 
    "id": 2395002, 
    "name": "Eagle", 
    "short_name": "Eagle, ID", 
    "slug": "eagle-ada-id", 
    "state": "ID", 
    "urls": {
      "api": {
        "nearby_projects": "https://api.kickstarter.com/v1/discover?signature=1405284739.41d8b5033b59d7aa51c8bcfdfa980512ee74ee74&woe_id=2395002"
      }, 
      "web": {
        "discover": "https://www.kickstarter.com/discover/places/eagle-ada-id", 
        "location": "https://www.kickstarter.com/locations/eagle-ada-id"
      }
    }
  }, 
  "name": "Blue-Rx: A 16ch Servo / PWM Bluetooth 4.0 Receiver", 
  "photo": {
    "1024x768": "https://s3.amazonaws.com/ksr/projects/487354/photo-1024x768.jpg?1397813287", 
    "1536x1152": "https://s3.amazonaws.com/ksr/projects/487354/photo-1536x1152.jpg?1397813287", 
    "ed": "https://s3.amazonaws.com/ksr/projects/487354/photo-ed.jpg?1397813287", 
    "full": "https://s3.amazonaws.com/ksr/projects/487354/photo-full.jpg?1397813287", 
    "little": "https://s3.amazonaws.com/ksr/projects/487354/photo-little.jpg?1397813287", 
    "med": "https://s3.amazonaws.com/ksr/projects/487354/photo-med.jpg?1397813287", 
    "small": "https://s3.amazonaws.com/ksr/projects/487354/photo-small.jpg?1397813287", 
    "thumb": "https://s3.amazonaws.com/ksr/projects/487354/photo-thumb.jpg?1397813287"
  }, 
  "pledged": 11633.0, 
  "slug": "blue-rx-a-16ch-servo-pwm-bluetooth-40-receiver", 
  "state": "successful", 
  "state_changed_at": 1369672702, 
  "urls": {
    "web": {
      "project": "https://www.kickstarter.com/projects/1992869862/blue-rx-a-16ch-servo-pwm-bluetooth-40-receiver", 
      "rewards": "https://www.kickstarter.com/projects/1992869862/blue-rx-a-16ch-servo-pwm-bluetooth-40-receiver/rewards"
    }
  }
}