{
  "backers_count": 2, 
  "blurb": "i3 Detroit is a hackerspace that offers tools, classes, and space to the community.  We need help growing into a larger space.", 
  "category": {
    "id": 16, 
    "name": "Technology", 
    "position": 14, 
    "slug": "technology", 
    "urls": {
      "web": {
        "discover": "http://www.kickstarter.com/discover/categories/technology"
      }
    }
  }, 
  "country": "US", 
  "created_at": 1311993719, 
  "creator": {
    "avatar": {
      "medium": "https://s3.amazonaws.com/ksr/avatars/57032/i3_iphone_icon.medium.jpg?1288678195", 
      "small": "https://s3.amazonaws.com/ksr/avatars/57032/i3_iphone_icon.small.jpg?1288678195", 
      "thumb": "https://s3.amazonaws.com/ksr/avatars/57032/i3_iphone_icon.thumb.jpg?1288678195"
    }, 
    "id": 572131139, 
    "name": "i3 Detroit", 
    "slug": "i3Detroit", 
    "urls": {
      "api": {
        "user": "https://api.kickstarter.com/v1/users/572131139?signature=1405310654.098980973d065f556cef9803f4b029a25d8f1d15"
      }, 
      "web": {
        "user": "https://www.kickstarter.com/profile/i3Detroit"
      }
    }
  }, 
  "currency": "USD", 
  "currency_symbol": "$", 
  "currency_trailing_code": true, 
  "deadline": 1317258815, 
  "disable_communication": false, 
  "goal": 25000.0, 
  "id": 1050217950, 
  "launched_at": 1312074815, 
  "location": {
    "country": "US", 
    "displayable_name": "Ferndale, MI", 
    "id": 2403079, 
    "name": "Ferndale", 
    "short_name": "Ferndale, MI", 
    "slug": "ferndale-mi", 
    "state": "MI", 
    "urls": {
      "api": {
        "nearby_projects": "https://api.kickstarter.com/v1/discover?signature=1405285492.f057e0e10dee311d771cc51a0910ee99ba5369ad&woe_id=2403079"
      }, 
      "web": {
        "discover": "https://www.kickstarter.com/discover/places/ferndale-mi", 
        "location": "https://www.kickstarter.com/locations/ferndale-mi"
      }
    }
  }, 
  "name": "i3 Detroit: The Expansion (Canceled)", 
  "photo": {
    "1024x768": "https://s3.amazonaws.com/ksr/projects/43909/photo-1024x768.jpg?1397765120", 
    "1536x1152": "https://s3.amazonaws.com/ksr/projects/43909/photo-1536x1152.jpg?1397765120", 
    "ed": "https://s3.amazonaws.com/ksr/projects/43909/photo-ed.jpg?1397765120", 
    "full": "https://s3.amazonaws.com/ksr/projects/43909/photo-full.jpg?1397765120", 
    "little": "https://s3.amazonaws.com/ksr/projects/43909/photo-little.jpg?1397765120", 
    "med": "https://s3.amazonaws.com/ksr/projects/43909/photo-med.jpg?1397765120", 
    "small": "https://s3.amazonaws.com/ksr/projects/43909/photo-small.jpg?1397765120", 
    "thumb": "https://s3.amazonaws.com/ksr/projects/43909/photo-thumb.jpg?1397765120"
  }, 
  "pledged": 10.0, 
  "slug": "i3-detroit-the-expansion", 
  "state": "canceled", 
  "state_changed_at": 1312913046, 
  "urls": {
    "web": {
      "project": "https://www.kickstarter.com/projects/i3Detroit/i3-detroit-the-expansion", 
      "rewards": "https://www.kickstarter.com/projects/i3Detroit/i3-detroit-the-expansion/rewards"
    }
  }
}