{
  "backers_count": 6, 
  "blurb": "CAN YOU HELP? Help us give #charities & #notforprofits an 'Enterprise Level' Website and CMS (Content Management System) for #free", 
  "category": {
    "id": 51, 
    "name": "Software", 
    "parent_id": 16, 
    "position": 11, 
    "slug": "technology/software", 
    "urls": {
      "web": {
        "discover": "http://www.kickstarter.com/discover/categories/technology/software"
      }
    }
  }, 
  "country": "GB", 
  "created_at": 1398687591, 
  "creator": {
    "avatar": {
      "medium": "https://s3.amazonaws.com/ksr/avatars/247469/Dribble-Avatar.medium.jpg?1397650945", 
      "small": "https://s3.amazonaws.com/ksr/avatars/247469/Dribble-Avatar.small.jpg?1397650945", 
      "thumb": "https://s3.amazonaws.com/ksr/avatars/247469/Dribble-Avatar.thumb.jpg?1397650945"
    }, 
    "id": 338538772, 
    "name": "Robin Waite", 
    "slug": "hostpipe", 
    "urls": {
      "api": {
        "user": "https://api.kickstarter.com/v1/users/338538772?signature=1405310601.1703d0add5e4ba57756f464c7d704075af9bd459"
      }, 
      "web": {
        "user": "https://www.kickstarter.com/profile/hostpipe"
      }
    }
  }, 
  "currency": "GBP", 
  "currency_symbol": "\u00a3", 
  "currency_trailing_code": false, 
  "deadline": 1404028682, 
  "disable_communication": false, 
  "goal": 20000.0, 
  "id": 1051697583, 
  "launched_at": 1398844682, 
  "location": {
    "country": "GB", 
    "displayable_name": "Stroud, UK", 
    "id": 36521, 
    "name": "Stroud", 
    "short_name": "Stroud, UK", 
    "slug": "stroud-stroud-district-gb", 
    "state": "England", 
    "urls": {
      "api": {
        "nearby_projects": "https://api.kickstarter.com/v1/discover?signature=1405283963.d2ee32ed9d6570520dbbaad9f00d69ca68f25d02&woe_id=36521"
      }, 
      "web": {
        "discover": "https://www.kickstarter.com/discover/places/stroud-stroud-district-gb", 
        "location": "https://www.kickstarter.com/locations/stroud-stroud-district-gb"
      }
    }
  }, 
  "name": "Crowd CMS - Help us Get Charities and Nonprofits Online", 
  "photo": {
    "1024x768": "https://s3.amazonaws.com/ksr/projects/974641/photo-1024x768.jpg?1398687654", 
    "1536x1152": "https://s3.amazonaws.com/ksr/projects/974641/photo-1536x1152.jpg?1398687654", 
    "ed": "https://s3.amazonaws.com/ksr/projects/974641/photo-ed.jpg?1398687654", 
    "full": "https://s3.amazonaws.com/ksr/projects/974641/photo-full.jpg?1398687654", 
    "little": "https://s3.amazonaws.com/ksr/projects/974641/photo-little.jpg?1398687654", 
    "med": "https://s3.amazonaws.com/ksr/projects/974641/photo-med.jpg?1398687654", 
    "small": "https://s3.amazonaws.com/ksr/projects/974641/photo-small.jpg?1398687654", 
    "thumb": "https://s3.amazonaws.com/ksr/projects/974641/photo-thumb.jpg?1398687654"
  }, 
  "pledged": 71.0, 
  "slug": "crowd-cms", 
  "state": "failed", 
  "state_changed_at": 1404028682, 
  "urls": {
    "web": {
      "project": "https://www.kickstarter.com/projects/hostpipe/crowd-cms", 
      "rewards": "https://www.kickstarter.com/projects/hostpipe/crowd-cms/rewards"
    }
  }
}