{
  "backers_count": 88, 
  "blurb": "Creation of interactive book-apps for tablets and smartphones made simple with this best-of-breed tool by Touchoo.", 
  "category": {
    "id": 16, 
    "name": "Technology", 
    "position": 14, 
    "slug": "technology", 
    "urls": {
      "web": {
        "discover": "http://www.kickstarter.com/discover/categories/technology"
      }
    }
  }, 
  "country": "US", 
  "created_at": 1325922002, 
  "creator": {
    "avatar": {
      "medium": "https://s3.amazonaws.com/ksr/avatars/1536932/Copy%20of%20%20001_151.medium.jpg?1336294494", 
      "small": "https://s3.amazonaws.com/ksr/avatars/1536932/Copy%20of%20%20001_151.small.jpg?1336294494", 
      "thumb": "https://s3.amazonaws.com/ksr/avatars/1536932/Copy%20of%20%20001_151.thumb.jpg?1336294494"
    }, 
    "id": 1653587994, 
    "name": "Omer Ginor", 
    "urls": {
      "api": {
        "user": "https://api.kickstarter.com/v1/users/1653587994?signature=1405310356.62c17f5bfe2324bae35cc0df1a0f07baf8c60cf4"
      }, 
      "web": {
        "user": "https://www.kickstarter.com/profile/1653587994"
      }
    }
  }, 
  "currency": "USD", 
  "currency_symbol": "$", 
  "currency_trailing_code": true, 
  "deadline": 1339253041, 
  "disable_communication": false, 
  "goal": 70000.0, 
  "id": 105240088, 
  "launched_at": 1336661041, 
  "location": {
    "country": "IL", 
    "displayable_name": "Tel Aviv, Israel", 
    "id": 1968212, 
    "name": "Tel Aviv", 
    "short_name": "Tel Aviv, Israel", 
    "slug": "tel-aviv-il", 
    "state": "Tel Aviv", 
    "urls": {
      "api": {
        "nearby_projects": "https://api.kickstarter.com/v1/discover?signature=1405283929.7e196dff751dd99bc8465b6cc83327f2749644fe&woe_id=1968212"
      }, 
      "web": {
        "discover": "https://www.kickstarter.com/discover/places/tel-aviv-il", 
        "location": "https://www.kickstarter.com/locations/tel-aviv-il"
      }
    }
  }, 
  "name": "Touchoo Creator - create & publish interactive books!", 
  "photo": {
    "1024x768": "https://s3.amazonaws.com/ksr/projects/67512/photo-1024x768.jpg?1397769458", 
    "1536x1152": "https://s3.amazonaws.com/ksr/projects/67512/photo-1536x1152.jpg?1397769458", 
    "ed": "https://s3.amazonaws.com/ksr/projects/67512/photo-ed.jpg?1397769458", 
    "full": "https://s3.amazonaws.com/ksr/projects/67512/photo-full.jpg?1397769458", 
    "little": "https://s3.amazonaws.com/ksr/projects/67512/photo-little.jpg?1397769458", 
    "med": "https://s3.amazonaws.com/ksr/projects/67512/photo-med.jpg?1397769458", 
    "small": "https://s3.amazonaws.com/ksr/projects/67512/photo-small.jpg?1397769458", 
    "thumb": "https://s3.amazonaws.com/ksr/projects/67512/photo-thumb.jpg?1397769458"
  }, 
  "pledged": 17454.0, 
  "slug": "create-your-own-interactive-childrens-books", 
  "state": "failed", 
  "state_changed_at": 1339253041, 
  "urls": {
    "web": {
      "project": "https://www.kickstarter.com/projects/1653587994/create-your-own-interactive-childrens-books", 
      "rewards": "https://www.kickstarter.com/projects/1653587994/create-your-own-interactive-childrens-books/rewards"
    }
  }
}