{
  "backers_count": 13, 
  "blurb": "Continue to create shows and update technology history content", 
  "category": {
    "id": 16, 
    "name": "Technology", 
    "position": 14, 
    "slug": "technology", 
    "urls": {
      "web": {
        "discover": "http://www.kickstarter.com/discover/categories/technology"
      }
    }
  }, 
  "country": "US", 
  "created_at": 1313262568, 
  "creator": {
    "avatar": {
      "medium": "https://s3.amazonaws.com/ksr/avatars/901261/oncomputer.medium.jpg?1309390123", 
      "small": "https://s3.amazonaws.com/ksr/avatars/901261/oncomputer.small.jpg?1309390123", 
      "thumb": "https://s3.amazonaws.com/ksr/avatars/901261/oncomputer.thumb.jpg?1309390123"
    }, 
    "id": 2087716426, 
    "name": "Geekazine", 
    "slug": "geekazine", 
    "urls": {
      "api": {
        "user": "https://api.kickstarter.com/v1/users/2087716426?signature=1405310566.c71256838b195d2789f1f4bef4a311489de8b0ed"
      }, 
      "web": {
        "user": "https://www.kickstarter.com/profile/geekazine"
      }
    }
  }, 
  "currency": "USD", 
  "currency_symbol": "$", 
  "currency_trailing_code": true, 
  "deadline": 1319267840, 
  "disable_communication": false, 
  "goal": 2000.0, 
  "id": 1052196984, 
  "launched_at": 1316675840, 
  "location": {
    "country": "US", 
    "displayable_name": "Madison, WI", 
    "id": 2443945, 
    "name": "Madison", 
    "short_name": "Madison, WI", 
    "slug": "madison-wi", 
    "state": "WI", 
    "urls": {
      "api": {
        "nearby_projects": "https://api.kickstarter.com/v1/discover?signature=1405283925.2c5fdbe754eeeb2a86ba468dfb47d6b875de9dbd&woe_id=2443945"
      }, 
      "web": {
        "discover": "https://www.kickstarter.com/discover/places/madison-wi", 
        "location": "https://www.kickstarter.com/locations/madison-wi"
      }
    }
  }, 
  "name": "Day in Tech History Project: 2012 Season", 
  "photo": {
    "1024x768": "https://s3.amazonaws.com/ksr/projects/45768/photo-1024x768.jpg?1397765464", 
    "1536x1152": "https://s3.amazonaws.com/ksr/projects/45768/photo-1536x1152.jpg?1397765464", 
    "ed": "https://s3.amazonaws.com/ksr/projects/45768/photo-ed.jpg?1397765464", 
    "full": "https://s3.amazonaws.com/ksr/projects/45768/photo-full.jpg?1397765464", 
    "little": "https://s3.amazonaws.com/ksr/projects/45768/photo-little.jpg?1397765464", 
    "med": "https://s3.amazonaws.com/ksr/projects/45768/photo-med.jpg?1397765464", 
    "small": "https://s3.amazonaws.com/ksr/projects/45768/photo-small.jpg?1397765464", 
    "thumb": "https://s3.amazonaws.com/ksr/projects/45768/photo-thumb.jpg?1397765464"
  }, 
  "pledged": 281.0, 
  "slug": "day-in-tech-history-project-2012-season", 
  "state": "failed", 
  "state_changed_at": 1319267840, 
  "urls": {
    "web": {
      "project": "https://www.kickstarter.com/projects/geekazine/day-in-tech-history-project-2012-season", 
      "rewards": "https://www.kickstarter.com/projects/geekazine/day-in-tech-history-project-2012-season/rewards"
    }
  }
}