{
  "backers_count": 2, 
  "blurb": "Circular heli  360 blades for R/C helicopters- Making an aerobatic blend of a helicopter and UFO flying saucer in one.", 
  "category": {
    "id": 16, 
    "name": "Technology", 
    "position": 14, 
    "slug": "technology", 
    "urls": {
      "web": {
        "discover": "http://www.kickstarter.com/discover/categories/technology"
      }
    }
  }, 
  "country": "US", 
  "created_at": 1393792594, 
  "creator": {
    "avatar": {
      "medium": "https://s3.amazonaws.com/ksr/avatars/9663889/warp_gr_logo1249114601_large29720843_large31242435_large31243656_large312183035_large317174615_large.33020253_large.medium.jpg?1392551281", 
      "small": "https://s3.amazonaws.com/ksr/avatars/9663889/warp_gr_logo1249114601_large29720843_large31242435_large31243656_large312183035_large317174615_large.33020253_large.small.jpg?1392551281", 
      "thumb": "https://s3.amazonaws.com/ksr/avatars/9663889/warp_gr_logo1249114601_large29720843_large31242435_large31243656_large312183035_large317174615_large.33020253_large.thumb.jpg?1392551281"
    }, 
    "id": 1550041029, 
    "name": "Warped Dynamics, LLC", 
    "urls": {
      "api": {
        "user": "https://api.kickstarter.com/v1/users/1550041029?signature=1405310641.6f3e54b8b3c423e5774783056f2b4c98f88e55f0"
      }, 
      "web": {
        "user": "https://www.kickstarter.com/profile/1550041029"
      }
    }
  }, 
  "currency": "USD", 
  "currency_symbol": "$", 
  "currency_trailing_code": true, 
  "deadline": 1398454692, 
  "disable_communication": false, 
  "goal": 10000.0, 
  "id": 1052007002, 
  "launched_at": 1394566692, 
  "location": {
    "country": "US", 
    "displayable_name": "Harper Woods, MI", 
    "id": 2417874, 
    "name": "Harper Woods", 
    "short_name": "Harper Woods, MI", 
    "slug": "harper-woods-mi", 
    "state": "MI", 
    "urls": {
      "api": {
        "nearby_projects": "https://api.kickstarter.com/v1/discover?signature=1405290525.72cd148e861208932bc7ac5d9ab52c5ba5d44d5c&woe_id=2417874"
      }, 
      "web": {
        "discover": "https://www.kickstarter.com/discover/places/harper-woods-mi", 
        "location": "https://www.kickstarter.com/locations/harper-woods-mi"
      }
    }
  }, 
  "name": "World's 1st Circular rotor blades for R/C helicopters", 
  "photo": {
    "1024x768": "https://s3.amazonaws.com/ksr/projects/891386/photo-1024x768.jpg?1397870194", 
    "1536x1152": "https://s3.amazonaws.com/ksr/projects/891386/photo-1536x1152.jpg?1397870194", 
    "ed": "https://s3.amazonaws.com/ksr/projects/891386/photo-ed.jpg?1397870194", 
    "full": "https://s3.amazonaws.com/ksr/projects/891386/photo-full.jpg?1397870194", 
    "little": "https://s3.amazonaws.com/ksr/projects/891386/photo-little.jpg?1397870194", 
    "med": "https://s3.amazonaws.com/ksr/projects/891386/photo-med.jpg?1397870194", 
    "small": "https://s3.amazonaws.com/ksr/projects/891386/photo-small.jpg?1397870194", 
    "thumb": "https://s3.amazonaws.com/ksr/projects/891386/photo-thumb.jpg?1397870194"
  }, 
  "pledged": 26.0, 
  "slug": "worlds-1st-circular-rotor-blades-for-r-c-helicopte", 
  "state": "canceled", 
  "state_changed_at": 1394909476, 
  "urls": {
    "web": {
      "project": "https://www.kickstarter.com/projects/1550041029/worlds-1st-circular-rotor-blades-for-r-c-helicopte", 
      "rewards": "https://www.kickstarter.com/projects/1550041029/worlds-1st-circular-rotor-blades-for-r-c-helicopte/rewards"
    }
  }
}