{
  "backers_count": 25, 
  "blurb": "ClockTHREE is a Open Source Hardware clock,  that is Arduino compatible.  It helps you explore time though color and language!", 
  "category": {
    "id": 16, 
    "name": "Technology", 
    "position": 14, 
    "slug": "technology", 
    "urls": {
      "web": {
        "discover": "http://www.kickstarter.com/discover/categories/technology"
      }
    }
  }, 
  "country": "US", 
  "created_at": 1288866164, 
  "creator": {
    "avatar": {
      "medium": "https://s3.amazonaws.com/ksr/avatars/170611/justin2.medium.jpg?1289863757", 
      "small": "https://s3.amazonaws.com/ksr/avatars/170611/justin2.small.jpg?1289863757", 
      "thumb": "https://s3.amazonaws.com/ksr/avatars/170611/justin2.thumb.jpg?1289863757"
    }, 
    "id": 252714519, 
    "name": "Justin Shaw", 
    "urls": {
      "api": {
        "user": "https://api.kickstarter.com/v1/users/252714519?signature=1405310228.96d9a60509bb1b74eea600868295bfd49defe100"
      }, 
      "web": {
        "user": "https://www.kickstarter.com/profile/252714519"
      }
    }
  }, 
  "currency": "USD", 
  "currency_symbol": "$", 
  "currency_trailing_code": true, 
  "deadline": 1292648340, 
  "disable_communication": false, 
  "goal": 1111.0, 
  "id": 1052830150, 
  "launched_at": 1289910742, 
  "location": {
    "country": "US", 
    "displayable_name": "Washington, DC", 
    "id": 2514815, 
    "name": "Washington", 
    "short_name": "Washington, DC", 
    "slug": "washington-dc", 
    "state": "DC", 
    "urls": {
      "api": {
        "nearby_projects": "https://api.kickstarter.com/v1/discover?signature=1405283925.d6ff3b998155cdde2b1378e8496e256b437777bd&woe_id=2514815"
      }, 
      "web": {
        "discover": "https://www.kickstarter.com/discover/places/washington-dc", 
        "location": "https://www.kickstarter.com/locations/washington-dc"
      }
    }
  }, 
  "name": "ClockTHREE", 
  "photo": {
    "1024x768": "https://s3.amazonaws.com/ksr/projects/14917/photo-1024x768.jpg?1397759647", 
    "1536x1152": "https://s3.amazonaws.com/ksr/projects/14917/photo-1536x1152.jpg?1397759647", 
    "ed": "https://s3.amazonaws.com/ksr/projects/14917/photo-ed.jpg?1397759647", 
    "full": "https://s3.amazonaws.com/ksr/projects/14917/photo-full.jpg?1397759647", 
    "little": "https://s3.amazonaws.com/ksr/projects/14917/photo-little.jpg?1397759647", 
    "med": "https://s3.amazonaws.com/ksr/projects/14917/photo-med.jpg?1397759647", 
    "small": "https://s3.amazonaws.com/ksr/projects/14917/photo-small.jpg?1397759647", 
    "thumb": "https://s3.amazonaws.com/ksr/projects/14917/photo-thumb.jpg?1397759647"
  }, 
  "pledged": 3656.0, 
  "slug": "clockthree", 
  "state": "successful", 
  "state_changed_at": 1292648340, 
  "urls": {
    "web": {
      "project": "https://www.kickstarter.com/projects/252714519/clockthree", 
      "rewards": "https://www.kickstarter.com/projects/252714519/clockthree/rewards"
    }
  }
}