{
  "backers_count": 6, 
  "blurb": "Ecorithmic is an automatic ecodriving system fitted into a smartphone app. You will save fuel and money. We will all save the world.", 
  "category": {
    "id": 16, 
    "name": "Technology", 
    "position": 14, 
    "slug": "technology", 
    "urls": {
      "web": {
        "discover": "http://www.kickstarter.com/discover/categories/technology"
      }
    }
  }, 
  "country": "GB", 
  "created_at": 1355476973, 
  "creator": {
    "avatar": {
      "medium": "https://s3.amazonaws.com/ksr/avatars/4576939/Jpg.medium.jpg?1368706117", 
      "small": "https://s3.amazonaws.com/ksr/avatars/4576939/Jpg.small.jpg?1368706117", 
      "thumb": "https://s3.amazonaws.com/ksr/avatars/4576939/Jpg.thumb.jpg?1368706117"
    }, 
    "id": 1775840091, 
    "name": "HarmoQualiTech, LTD", 
    "urls": {
      "api": {
        "user": "https://api.kickstarter.com/v1/users/1775840091?signature=1405310594.91ef43f8bf6bd1210db82caf5141af42014c9259"
      }, 
      "web": {
        "user": "https://www.kickstarter.com/profile/1775840091"
      }
    }
  }, 
  "currency": "GBP", 
  "currency_symbol": "\u00a3", 
  "currency_trailing_code": false, 
  "deadline": 1373368602, 
  "disable_communication": false, 
  "goal": 140000.0, 
  "id": 1053068732, 
  "launched_at": 1370344602, 
  "location": {
    "country": "SE", 
    "displayable_name": "Stockholm, Sweden", 
    "id": 906057, 
    "name": "Stockholm", 
    "short_name": "Stockholm, Sweden", 
    "slug": "stockholm-stockholm-se", 
    "state": "Stockholm", 
    "urls": {
      "api": {
        "nearby_projects": "https://api.kickstarter.com/v1/discover?signature=1405283928.2fccc00ccf32f4340fd9c9b2db7265d28fdadb94&woe_id=906057"
      }, 
      "web": {
        "discover": "https://www.kickstarter.com/discover/places/stockholm-stockholm-se", 
        "location": "https://www.kickstarter.com/locations/stockholm-stockholm-se"
      }
    }
  }, 
  "name": "Ecorithmic: The Automatic Ecodriving System", 
  "photo": {
    "1024x768": "https://s3.amazonaws.com/ksr/projects/413570/photo-1024x768.jpg?1397805505", 
    "1536x1152": "https://s3.amazonaws.com/ksr/projects/413570/photo-1536x1152.jpg?1397805505", 
    "ed": "https://s3.amazonaws.com/ksr/projects/413570/photo-ed.jpg?1397805505", 
    "full": "https://s3.amazonaws.com/ksr/projects/413570/photo-full.jpg?1397805505", 
    "little": "https://s3.amazonaws.com/ksr/projects/413570/photo-little.jpg?1397805505", 
    "med": "https://s3.amazonaws.com/ksr/projects/413570/photo-med.jpg?1397805505", 
    "small": "https://s3.amazonaws.com/ksr/projects/413570/photo-small.jpg?1397805505", 
    "thumb": "https://s3.amazonaws.com/ksr/projects/413570/photo-thumb.jpg?1397805505"
  }, 
  "pledged": 96.0, 
  "slug": "ecorithmic-the-automatic-ecodriving-system", 
  "state": "failed", 
  "state_changed_at": 1373368602, 
  "urls": {
    "web": {
      "project": "https://www.kickstarter.com/projects/1775840091/ecorithmic-the-automatic-ecodriving-system", 
      "rewards": "https://www.kickstarter.com/projects/1775840091/ecorithmic-the-automatic-ecodriving-system/rewards"
    }
  }
}