{
  "backers_count": 77, 
  "blurb": "A groundbreaking solution to data security, the BlurPort is the coolest way to protect your most important stuff.", 
  "category": {
    "id": 52, 
    "name": "Hardware", 
    "parent_id": 16, 
    "position": 8, 
    "slug": "technology/hardware", 
    "urls": {
      "web": {
        "discover": "http://www.kickstarter.com/discover/categories/technology/hardware"
      }
    }
  }, 
  "country": "US", 
  "created_at": 1359145837, 
  "creator": {
    "avatar": {
      "medium": "https://s3.amazonaws.com/ksr/avatars/5283890/fb_profile.medium.jpg?1360370395", 
      "small": "https://s3.amazonaws.com/ksr/avatars/5283890/fb_profile.small.jpg?1360370395", 
      "thumb": "https://s3.amazonaws.com/ksr/avatars/5283890/fb_profile.thumb.jpg?1360370395"
    }, 
    "id": 1199665891, 
    "name": "BlurPort LLC", 
    "slug": "blurport", 
    "urls": {
      "api": {
        "user": "https://api.kickstarter.com/v1/users/1199665891?signature=1405310383.54e23e447a651b4364cb478551de93d2ce8a692e"
      }, 
      "web": {
        "user": "https://www.kickstarter.com/profile/blurport"
      }
    }
  }, 
  "currency": "USD", 
  "currency_symbol": "$", 
  "currency_trailing_code": true, 
  "deadline": 1372161486, 
  "disable_communication": false, 
  "goal": 60000.0, 
  "id": 1053672041, 
  "launched_at": 1369051086, 
  "location": {
    "country": "US", 
    "displayable_name": "Maryville, MO", 
    "id": 2446593, 
    "name": "Maryville", 
    "short_name": "Maryville, MO", 
    "slug": "maryville-mo", 
    "state": "MO", 
    "urls": {
      "api": {
        "nearby_projects": "https://api.kickstarter.com/v1/discover?signature=1405290417.1b0af4274ae9a4cc9e483ffd5266c2b0ac9a8411&woe_id=2446593"
      }, 
      "web": {
        "discover": "https://www.kickstarter.com/discover/places/maryville-mo", 
        "location": "https://www.kickstarter.com/locations/maryville-mo"
      }
    }
  }, 
  "name": "BlurPort: a new way to secure your data", 
  "photo": {
    "1024x768": "https://s3.amazonaws.com/ksr/projects/444850/photo-1024x768.jpg?1397808743", 
    "1536x1152": "https://s3.amazonaws.com/ksr/projects/444850/photo-1536x1152.jpg?1397808743", 
    "ed": "https://s3.amazonaws.com/ksr/projects/444850/photo-ed.jpg?1397808743", 
    "full": "https://s3.amazonaws.com/ksr/projects/444850/photo-full.jpg?1397808743", 
    "little": "https://s3.amazonaws.com/ksr/projects/444850/photo-little.jpg?1397808743", 
    "med": "https://s3.amazonaws.com/ksr/projects/444850/photo-med.jpg?1397808743", 
    "small": "https://s3.amazonaws.com/ksr/projects/444850/photo-small.jpg?1397808743", 
    "thumb": "https://s3.amazonaws.com/ksr/projects/444850/photo-thumb.jpg?1397808743"
  }, 
  "pledged": 8354.0, 
  "slug": "blurport-a-new-way-to-secure-your-data", 
  "state": "failed", 
  "state_changed_at": 1372161486, 
  "urls": {
    "web": {
      "project": "https://www.kickstarter.com/projects/blurport/blurport-a-new-way-to-secure-your-data", 
      "rewards": "https://www.kickstarter.com/projects/blurport/blurport-a-new-way-to-secure-your-data/rewards"
    }
  }
}