{
  "backers_count": 75, 
  "blurb": "We polish high end optics. Now using that same slurry to polish stainless steel, ceramics, plastics, sterling silver, acrilics and more", 
  "category": {
    "id": 16, 
    "name": "Technology", 
    "position": 14, 
    "slug": "technology", 
    "urls": {
      "web": {
        "discover": "http://www.kickstarter.com/discover/categories/technology"
      }
    }
  }, 
  "country": "US", 
  "created_at": 1401367947, 
  "creator": {
    "avatar": {
      "medium": "https://s3.amazonaws.com/ksr/avatars/10829533/Christmas_2013.medium.jpg?1403795868", 
      "small": "https://s3.amazonaws.com/ksr/avatars/10829533/Christmas_2013.small.jpg?1403795868", 
      "thumb": "https://s3.amazonaws.com/ksr/avatars/10829533/Christmas_2013.thumb.jpg?1403795868"
    }, 
    "id": 1873076155, 
    "name": "Jay N Becky McClintock", 
    "urls": {
      "api": {
        "user": "https://api.kickstarter.com/v1/users/1873076155?signature=1405310261.cf2d79e35d76b529fe708902566ec66fd0d9c844"
      }, 
      "web": {
        "user": "https://www.kickstarter.com/profile/1873076155"
      }
    }
  }, 
  "currency": "USD", 
  "currency_symbol": "$", 
  "currency_trailing_code": true, 
  "deadline": 1407014071, 
  "disable_communication": false, 
  "goal": 1000.0, 
  "id": 1053380164, 
  "launched_at": 1404422071, 
  "location": {
    "country": "US", 
    "displayable_name": "Pleasant Hill, Springfield, MO", 
    "id": 56201427, 
    "name": "Pleasant Hill", 
    "short_name": "Pleasant Hill, MO", 
    "slug": "pleasant-hill-springfield-mo", 
    "state": "MO", 
    "urls": {
      "api": {
        "nearby_projects": "https://api.kickstarter.com/v1/discover?signature=1405283993.129395a683874dca52d26ac74d22530fb40b4b1b&woe_id=56201427"
      }, 
      "web": {
        "discover": "https://www.kickstarter.com/discover/places/pleasant-hill-springfield-mo", 
        "location": "https://www.kickstarter.com/locations/pleasant-hill-springfield-mo"
      }
    }
  }, 
  "name": "Bringing a laser quality polish to everyone!", 
  "photo": {
    "1024x768": "https://s3.amazonaws.com/ksr/projects/1020493/photo-1024x768.jpg?1401368089", 
    "1536x1152": "https://s3.amazonaws.com/ksr/projects/1020493/photo-1536x1152.jpg?1401368089", 
    "ed": "https://s3.amazonaws.com/ksr/projects/1020493/photo-ed.jpg?1401368089", 
    "full": "https://s3.amazonaws.com/ksr/projects/1020493/photo-full.jpg?1401368089", 
    "little": "https://s3.amazonaws.com/ksr/projects/1020493/photo-little.jpg?1401368089", 
    "med": "https://s3.amazonaws.com/ksr/projects/1020493/photo-med.jpg?1401368089", 
    "small": "https://s3.amazonaws.com/ksr/projects/1020493/photo-small.jpg?1401368089", 
    "thumb": "https://s3.amazonaws.com/ksr/projects/1020493/photo-thumb.jpg?1401368089"
  }, 
  "pledged": 1425.0, 
  "slug": "bringing-a-laser-quality-polish-to-everyone", 
  "state": "live", 
  "state_changed_at": 1404422071, 
  "urls": {
    "web": {
      "project": "https://www.kickstarter.com/projects/1873076155/bringing-a-laser-quality-polish-to-everyone", 
      "rewards": "https://www.kickstarter.com/projects/1873076155/bringing-a-laser-quality-polish-to-everyone/rewards"
    }
  }
}