{
  "backers_count": 14, 
  "blurb": "Books are changing.  So, lets take the fun of books, combine them with the power of an app - and get a nonstop adventure!", 
  "category": {
    "id": 16, 
    "name": "Technology", 
    "position": 14, 
    "slug": "technology", 
    "urls": {
      "web": {
        "discover": "http://www.kickstarter.com/discover/categories/technology"
      }
    }
  }, 
  "country": "US", 
  "created_at": 1370457201, 
  "creator": {
    "avatar": {
      "medium": "https://s3.amazonaws.com/ksr/avatars/2129601/chris3.medium.jpg?1330542626", 
      "small": "https://s3.amazonaws.com/ksr/avatars/2129601/chris3.small.jpg?1330542626", 
      "thumb": "https://s3.amazonaws.com/ksr/avatars/2129601/chris3.thumb.jpg?1330542626"
    }, 
    "id": 1704539432, 
    "name": "Christopher Helwink", 
    "urls": {
      "api": {
        "user": "https://api.kickstarter.com/v1/users/1704539432?signature=1405310394.b0c9a9796f000152b6b1b0548c9f2e0f33e3e797"
      }, 
      "web": {
        "user": "https://www.kickstarter.com/profile/1704539432"
      }
    }
  }, 
  "currency": "USD", 
  "currency_symbol": "$", 
  "currency_trailing_code": true, 
  "deadline": 1375704685, 
  "disable_communication": false, 
  "goal": 25000.0, 
  "id": 1053768291, 
  "launched_at": 1371816685, 
  "location": {
    "country": "US", 
    "displayable_name": "Chicago, IL", 
    "id": 2379574, 
    "name": "Chicago", 
    "short_name": "Chicago, IL", 
    "slug": "chicago-il", 
    "state": "IL", 
    "urls": {
      "api": {
        "nearby_projects": "https://api.kickstarter.com/v1/discover?signature=1405283924.8f63700f7031fb64c1fc151929225a5757f1a64e&woe_id=2379574"
      }, 
      "web": {
        "discover": "https://www.kickstarter.com/discover/places/chicago-il", 
        "location": "https://www.kickstarter.com/locations/chicago-il"
      }
    }
  }, 
  "name": "Kid Combat - the App!", 
  "photo": {
    "1024x768": "https://s3.amazonaws.com/ksr/projects/580772/photo-1024x768.jpg?1397823183", 
    "1536x1152": "https://s3.amazonaws.com/ksr/projects/580772/photo-1536x1152.jpg?1397823183", 
    "ed": "https://s3.amazonaws.com/ksr/projects/580772/photo-ed.jpg?1397823183", 
    "full": "https://s3.amazonaws.com/ksr/projects/580772/photo-full.jpg?1397823183", 
    "little": "https://s3.amazonaws.com/ksr/projects/580772/photo-little.jpg?1397823183", 
    "med": "https://s3.amazonaws.com/ksr/projects/580772/photo-med.jpg?1397823183", 
    "small": "https://s3.amazonaws.com/ksr/projects/580772/photo-small.jpg?1397823183", 
    "thumb": "https://s3.amazonaws.com/ksr/projects/580772/photo-thumb.jpg?1397823183"
  }, 
  "pledged": 5828.0, 
  "slug": "kid-combat-the-app", 
  "state": "failed", 
  "state_changed_at": 1375704687, 
  "urls": {
    "web": {
      "project": "https://www.kickstarter.com/projects/1704539432/kid-combat-the-app", 
      "rewards": "https://www.kickstarter.com/projects/1704539432/kid-combat-the-app/rewards"
    }
  }
}