{
  "backers_count": 80, 
  "blurb": "Student built lunar rover for Google Lunar X PRIZE. Get 3D printed or CNC\u2019d models, test-drive the rover or send your DNA to the moon!", 
  "category": {
    "id": 16, 
    "name": "Technology", 
    "position": 14, 
    "slug": "technology", 
    "urls": {
      "web": {
        "discover": "http://www.kickstarter.com/discover/categories/technology"
      }
    }
  }, 
  "country": "US", 
  "created_at": 1335976731, 
  "creator": {
    "avatar": {
      "medium": "https://s3.amazonaws.com/ksr/avatars/2666516/Esi4.medium.jpg?1335977319", 
      "small": "https://s3.amazonaws.com/ksr/avatars/2666516/Esi4.small.jpg?1335977319", 
      "thumb": "https://s3.amazonaws.com/ksr/avatars/2666516/Esi4.thumb.jpg?1335977319"
    }, 
    "id": 276494224, 
    "name": "Earthrise Space Inc.", 
    "slug": "earthrise", 
    "urls": {
      "api": {
        "user": "https://api.kickstarter.com/v1/users/276494224?signature=1405310433.ff3d396e376db2374b8ad195b0206051c0854d30"
      }, 
      "web": {
        "user": "https://www.kickstarter.com/profile/earthrise"
      }
    }
  }, 
  "currency": "USD", 
  "currency_symbol": "$", 
  "currency_trailing_code": true, 
  "deadline": 1343338158, 
  "disable_communication": false, 
  "goal": 200000.0, 
  "id": 105366705, 
  "launched_at": 1341523758, 
  "location": {
    "country": "US", 
    "displayable_name": "Orlando, FL", 
    "id": 2466256, 
    "name": "Orlando", 
    "short_name": "Orlando, FL", 
    "slug": "orlando-fl", 
    "state": "FL", 
    "urls": {
      "api": {
        "nearby_projects": "https://api.kickstarter.com/v1/discover?signature=1405283922.c9e211836b2b2158ef2c5ef69e1fc0fb7a4a3eae&woe_id=2466256"
      }, 
      "web": {
        "discover": "https://www.kickstarter.com/discover/places/orlando-fl", 
        "location": "https://www.kickstarter.com/locations/orlando-fl"
      }
    }
  }, 
  "name": "Student Built Lunar Rover Prototype for Google Lunar X PRIZE", 
  "photo": {
    "1024x768": "https://s3.amazonaws.com/ksr/projects/166933/photo-1024x768.jpg?1397780805", 
    "1536x1152": "https://s3.amazonaws.com/ksr/projects/166933/photo-1536x1152.jpg?1397780805", 
    "ed": "https://s3.amazonaws.com/ksr/projects/166933/photo-ed.jpg?1397780805", 
    "full": "https://s3.amazonaws.com/ksr/projects/166933/photo-full.jpg?1397780805", 
    "little": "https://s3.amazonaws.com/ksr/projects/166933/photo-little.jpg?1397780805", 
    "med": "https://s3.amazonaws.com/ksr/projects/166933/photo-med.jpg?1397780805", 
    "small": "https://s3.amazonaws.com/ksr/projects/166933/photo-small.jpg?1397780805", 
    "thumb": "https://s3.amazonaws.com/ksr/projects/166933/photo-thumb.jpg?1397780805"
  }, 
  "pledged": 2949.0, 
  "slug": "student-built-lunar-rover-prototype-for-google-lun", 
  "state": "failed", 
  "state_changed_at": 1343338159, 
  "urls": {
    "web": {
      "project": "https://www.kickstarter.com/projects/earthrise/student-built-lunar-rover-prototype-for-google-lun", 
      "rewards": "https://www.kickstarter.com/projects/earthrise/student-built-lunar-rover-prototype-for-google-lun/rewards"
    }
  }
}