{
  "backers_count": 14, 
  "blurb": "You support, we build, we all play!  The idea is for people to rent time on the canoe in advance.  Extra proceeds will go to a charity.", 
  "category": {
    "id": 52, 
    "name": "Hardware", 
    "parent_id": 16, 
    "position": 8, 
    "slug": "technology/hardware", 
    "urls": {
      "web": {
        "discover": "http://www.kickstarter.com/discover/categories/technology/hardware"
      }
    }
  }, 
  "country": "US", 
  "created_at": 1390838879, 
  "creator": {
    "avatar": {
      "medium": "https://s3.amazonaws.com/ksr/avatars/9458962/ks2.medium.jpg?1390840835", 
      "small": "https://s3.amazonaws.com/ksr/avatars/9458962/ks2.small.jpg?1390840835", 
      "thumb": "https://s3.amazonaws.com/ksr/avatars/9458962/ks2.thumb.jpg?1390840835"
    }, 
    "id": 1146063589, 
    "name": "William Henry Mische", 
    "urls": {
      "api": {
        "user": "https://api.kickstarter.com/v1/users/1146063589?signature=1405310530.81516061270223b8dd6367f20401ac77554b4d04"
      }, 
      "web": {
        "user": "https://www.kickstarter.com/profile/1146063589"
      }
    }
  }, 
  "currency": "USD", 
  "currency_symbol": "$", 
  "currency_trailing_code": true, 
  "deadline": 1396530478, 
  "disable_communication": false, 
  "goal": 6388.0, 
  "id": 1054373054, 
  "launched_at": 1393942078, 
  "location": {
    "country": "US", 
    "displayable_name": "Peoria, IL", 
    "id": 2470456, 
    "name": "Peoria", 
    "short_name": "Peoria, IL", 
    "slug": "peoria-il", 
    "state": "IL", 
    "urls": {
      "api": {
        "nearby_projects": "https://api.kickstarter.com/v1/discover?signature=1405283943.57a89f64fd8f41e0da182dd97cf51f73f755ce68&woe_id=2470456"
      }, 
      "web": {
        "discover": "https://www.kickstarter.com/discover/places/peoria-il", 
        "location": "https://www.kickstarter.com/locations/peoria-il"
      }
    }
  }, 
  "name": "Experience Hawaiian Canoeing in Illinois", 
  "photo": {
    "1024x768": "https://s3.amazonaws.com/ksr/projects/846568/photo-1024x768.jpg?1397865487", 
    "1536x1152": "https://s3.amazonaws.com/ksr/projects/846568/photo-1536x1152.jpg?1397865487", 
    "ed": "https://s3.amazonaws.com/ksr/projects/846568/photo-ed.jpg?1397865487", 
    "full": "https://s3.amazonaws.com/ksr/projects/846568/photo-full.jpg?1397865487", 
    "little": "https://s3.amazonaws.com/ksr/projects/846568/photo-little.jpg?1397865487", 
    "med": "https://s3.amazonaws.com/ksr/projects/846568/photo-med.jpg?1397865487", 
    "small": "https://s3.amazonaws.com/ksr/projects/846568/photo-small.jpg?1397865487", 
    "thumb": "https://s3.amazonaws.com/ksr/projects/846568/photo-thumb.jpg?1397865487"
  }, 
  "pledged": 591.0, 
  "slug": "experience-hawaiian-canoeing-in-illinois", 
  "state": "failed", 
  "state_changed_at": 1396530479, 
  "urls": {
    "web": {
      "project": "https://www.kickstarter.com/projects/1146063589/experience-hawaiian-canoeing-in-illinois", 
      "rewards": "https://www.kickstarter.com/projects/1146063589/experience-hawaiian-canoeing-in-illinois/rewards"
    }
  }
}