{
  "backers_count": 56, 
  "blurb": "Application of new DNA sequencing methods may determine the cause of a disease that is enigmatic but plaguing sensitive coral reefs", 
  "category": {
    "id": 16, 
    "name": "Technology", 
    "position": 14, 
    "slug": "technology", 
    "urls": {
      "web": {
        "discover": "http://www.kickstarter.com/discover/categories/technology"
      }
    }
  }, 
  "country": "US", 
  "created_at": 1344654489, 
  "creator": {
    "avatar": {
      "medium": "https://s3.amazonaws.com/ksr/avatars/3709296/Joe%20collect8.10.90TW_P4R0216b.medium.jpg?1344657585", 
      "small": "https://s3.amazonaws.com/ksr/avatars/3709296/Joe%20collect8.10.90TW_P4R0216b.small.jpg?1344657585", 
      "thumb": "https://s3.amazonaws.com/ksr/avatars/3709296/Joe%20collect8.10.90TW_P4R0216b.thumb.jpg?1344657585"
    }, 
    "id": 1225782543, 
    "name": "Jose Lopez, PhD", 
    "urls": {
      "api": {
        "user": "https://api.kickstarter.com/v1/users/1225782543?signature=1405310487.892b84739d5aab8e5d95b3423e9d14bbf88c3821"
      }, 
      "web": {
        "user": "https://www.kickstarter.com/profile/1225782543"
      }
    }
  }, 
  "currency": "USD", 
  "currency_symbol": "$", 
  "currency_trailing_code": true, 
  "deadline": 1350054781, 
  "disable_communication": false, 
  "goal": 17600.0, 
  "id": 1054992770, 
  "launched_at": 1346598781, 
  "location": {
    "country": "US", 
    "displayable_name": "Dania Beach, FL", 
    "id": 2389218, 
    "name": "Dania Beach", 
    "short_name": "Dania Beach, FL", 
    "slug": "dania-beach-fl", 
    "state": "FL", 
    "urls": {
      "api": {
        "nearby_projects": "https://api.kickstarter.com/v1/discover?signature=1405296791.8f90a3bfbe6b5117a82093ee940a5bb28a2babca&woe_id=2389218"
      }, 
      "web": {
        "discover": "https://www.kickstarter.com/discover/places/dania-beach-fl", 
        "location": "https://www.kickstarter.com/locations/dania-beach-fl"
      }
    }
  }, 
  "name": "Identifying Sponge Disease on Florida Reefs", 
  "photo": {
    "1024x768": "https://s3.amazonaws.com/ksr/projects/291288/photo-1024x768.jpg?1397793176", 
    "1536x1152": "https://s3.amazonaws.com/ksr/projects/291288/photo-1536x1152.jpg?1397793176", 
    "ed": "https://s3.amazonaws.com/ksr/projects/291288/photo-ed.jpg?1397793176", 
    "full": "https://s3.amazonaws.com/ksr/projects/291288/photo-full.jpg?1397793176", 
    "little": "https://s3.amazonaws.com/ksr/projects/291288/photo-little.jpg?1397793176", 
    "med": "https://s3.amazonaws.com/ksr/projects/291288/photo-med.jpg?1397793176", 
    "small": "https://s3.amazonaws.com/ksr/projects/291288/photo-small.jpg?1397793176", 
    "thumb": "https://s3.amazonaws.com/ksr/projects/291288/photo-thumb.jpg?1397793176"
  }, 
  "pledged": 1280.0, 
  "slug": "identifying-sponge-disease-on-florida-reefs", 
  "state": "failed", 
  "state_changed_at": 1350054782, 
  "urls": {
    "web": {
      "project": "https://www.kickstarter.com/projects/1225782543/identifying-sponge-disease-on-florida-reefs", 
      "rewards": "https://www.kickstarter.com/projects/1225782543/identifying-sponge-disease-on-florida-reefs/rewards"
    }
  }
}