{
  "backers_count": 484, 
  "blurb": "OpenROV is an open-source underwater robot for exploration and education. We want to provide kits for the DIY community.", 
  "category": {
    "id": 338, 
    "name": "Robots", 
    "parent_id": 16, 
    "position": 10, 
    "slug": "technology/robots", 
    "urls": {
      "web": {
        "discover": "http://www.kickstarter.com/discover/categories/technology/robots"
      }
    }
  }, 
  "country": "US", 
  "created_at": 1334788653, 
  "creator": {
    "avatar": {
      "medium": "https://s3.amazonaws.com/ksr/avatars/2537900/KickstarterIcon.medium.jpg?1334788426", 
      "small": "https://s3.amazonaws.com/ksr/avatars/2537900/KickstarterIcon.small.jpg?1334788426", 
      "thumb": "https://s3.amazonaws.com/ksr/avatars/2537900/KickstarterIcon.thumb.jpg?1334788426"
    }, 
    "id": 1385603634, 
    "name": "OpenROV", 
    "slug": "openrov", 
    "urls": {
      "api": {
        "user": "https://api.kickstarter.com/v1/users/1385603634?signature=1405310091.34213c5ed63d09ea8c2105ae996bd43bd6b310b9"
      }, 
      "web": {
        "user": "https://www.kickstarter.com/profile/openrov"
      }
    }
  }, 
  "currency": "USD", 
  "currency_symbol": "$", 
  "currency_trailing_code": true, 
  "deadline": 1343804340, 
  "disable_communication": false, 
  "goal": 20000.0, 
  "id": 1055820618, 
  "launched_at": 1340989413, 
  "location": {
    "country": "US", 
    "displayable_name": "San Francisco, CA", 
    "id": 2487956, 
    "name": "San Francisco", 
    "short_name": "San Francisco, CA", 
    "slug": "san-francisco-ca", 
    "state": "CA", 
    "urls": {
      "api": {
        "nearby_projects": "https://api.kickstarter.com/v1/discover?signature=1405283922.2705520cddde986b955c196af6b338b46c4257d5&woe_id=2487956"
      }, 
      "web": {
        "discover": "https://www.kickstarter.com/discover/places/san-francisco-ca", 
        "location": "https://www.kickstarter.com/locations/san-francisco-ca"
      }
    }
  }, 
  "name": "OpenROV - The Open Source Underwater Robot", 
  "photo": {
    "1024x768": "https://s3.amazonaws.com/ksr/projects/144582/photo-1024x768.jpg?1397778769", 
    "1536x1152": "https://s3.amazonaws.com/ksr/projects/144582/photo-1536x1152.jpg?1397778769", 
    "ed": "https://s3.amazonaws.com/ksr/projects/144582/photo-ed.jpg?1397778769", 
    "full": "https://s3.amazonaws.com/ksr/projects/144582/photo-full.jpg?1397778769", 
    "little": "https://s3.amazonaws.com/ksr/projects/144582/photo-little.jpg?1397778769", 
    "med": "https://s3.amazonaws.com/ksr/projects/144582/photo-med.jpg?1397778769", 
    "small": "https://s3.amazonaws.com/ksr/projects/144582/photo-small.jpg?1397778769", 
    "thumb": "https://s3.amazonaws.com/ksr/projects/144582/photo-thumb.jpg?1397778769"
  }, 
  "pledged": 111622.38, 
  "slug": "openrov-the-open-source-underwater-robot", 
  "state": "successful", 
  "state_changed_at": 1343804341, 
  "urls": {
    "web": {
      "project": "https://www.kickstarter.com/projects/openrov/openrov-the-open-source-underwater-robot", 
      "rewards": "https://www.kickstarter.com/projects/openrov/openrov-the-open-source-underwater-robot/rewards"
    }
  }
}