{
  "backers_count": 169, 
  "blurb": "The Portable XPlorerBoard lets you plug in 2 Arduino Micros for your projects and eliminates loose parts with its built in components.", 
  "category": {
    "id": 334, 
    "name": "DIY Electronics", 
    "parent_id": 16, 
    "position": 4, 
    "slug": "technology/diy electronics", 
    "urls": {
      "web": {
        "discover": "http://www.kickstarter.com/discover/categories/technology/diy%20electronics"
      }
    }
  }, 
  "country": "US", 
  "created_at": 1377794873, 
  "creator": {
    "avatar": {
      "medium": "https://s3.amazonaws.com/ksr/avatars/7817332/RE-Logo-1.medium.jpg?1391802238", 
      "small": "https://s3.amazonaws.com/ksr/avatars/7817332/RE-Logo-1.small.jpg?1391802238", 
      "thumb": "https://s3.amazonaws.com/ksr/avatars/7817332/RE-Logo-1.thumb.jpg?1391802238"
    }, 
    "id": 1576747460, 
    "name": "Rich Electronics", 
    "urls": {
      "api": {
        "user": "https://api.kickstarter.com/v1/users/1576747460?signature=1405310138.d0a49c7c040171aca031c08d1c4c90270fdfa4ae"
      }, 
      "web": {
        "user": "https://www.kickstarter.com/profile/1576747460"
      }
    }
  }, 
  "currency": "USD", 
  "currency_symbol": "$", 
  "currency_trailing_code": true, 
  "deadline": 1396461051, 
  "disable_communication": false, 
  "goal": 26800.0, 
  "id": 1055566424, 
  "launched_at": 1393872651, 
  "location": {
    "country": "US", 
    "displayable_name": "Savannah, GA", 
    "id": 2489314, 
    "name": "Savannah", 
    "short_name": "Savannah, GA", 
    "slug": "savannah-ga", 
    "state": "GA", 
    "urls": {
      "api": {
        "nearby_projects": "https://api.kickstarter.com/v1/discover?signature=1405283938.19442d2956f7af98fd425cac0e5e4e87cf787508&woe_id=2489314"
      }, 
      "web": {
        "discover": "https://www.kickstarter.com/discover/places/savannah-ga", 
        "location": "https://www.kickstarter.com/locations/savannah-ga"
      }
    }
  }, 
  "name": "Portable Dual Arduino (TM) Micro XPlorerBoard", 
  "photo": {
    "1024x768": "https://s3.amazonaws.com/ksr/projects/665425/photo-1024x768.jpg?1397832632", 
    "1536x1152": "https://s3.amazonaws.com/ksr/projects/665425/photo-1536x1152.jpg?1397832632", 
    "ed": "https://s3.amazonaws.com/ksr/projects/665425/photo-ed.jpg?1397832632", 
    "full": "https://s3.amazonaws.com/ksr/projects/665425/photo-full.jpg?1397832632", 
    "little": "https://s3.amazonaws.com/ksr/projects/665425/photo-little.jpg?1397832632", 
    "med": "https://s3.amazonaws.com/ksr/projects/665425/photo-med.jpg?1397832632", 
    "small": "https://s3.amazonaws.com/ksr/projects/665425/photo-small.jpg?1397832632", 
    "thumb": "https://s3.amazonaws.com/ksr/projects/665425/photo-thumb.jpg?1397832632"
  }, 
  "pledged": 32920.29, 
  "slug": "portable-dual-arduino-micro-xplorerboard", 
  "state": "successful", 
  "state_changed_at": 1396461051, 
  "urls": {
    "web": {
      "project": "https://www.kickstarter.com/projects/1576747460/portable-dual-arduino-micro-xplorerboard", 
      "rewards": "https://www.kickstarter.com/projects/1576747460/portable-dual-arduino-micro-xplorerboard/rewards"
    }
  }
}