{
  "backers_count": 2, 
  "blurb": "My project is upgrading my app from Version 2.2 to Version 2.3.  Including:  New features, bug fixes and performance optimizations.", 
  "category": {
    "id": 16, 
    "name": "Technology", 
    "position": 14, 
    "slug": "technology", 
    "urls": {
      "web": {
        "discover": "http://www.kickstarter.com/discover/categories/technology"
      }
    }
  }, 
  "country": "US", 
  "created_at": 1367942871, 
  "creator": {
    "avatar": {
      "medium": "https://www.kickstarter.com/assets/users/missing_medium.png", 
      "small": "https://www.kickstarter.com/assets/users/missing_small.png", 
      "thumb": "https://www.kickstarter.com/assets/users/missing_thumb.png"
    }, 
    "id": 750190976, 
    "name": "Joel Anders Kristenson (deleted)", 
    "slug": "revolvediscgolf", 
    "urls": {
      "api": {
        "user": "https://api.kickstarter.com/v1/users/750190976?signature=1405310643.df2195a40a5bf339d9c187102634764667aba62e"
      }, 
      "web": {
        "user": "https://www.kickstarter.com/profile/revolvediscgolf"
      }
    }
  }, 
  "currency": "USD", 
  "currency_symbol": "$", 
  "currency_trailing_code": true, 
  "deadline": 1379779809, 
  "disable_communication": false, 
  "goal": 1000.0, 
  "id": 1055787913, 
  "launched_at": 1378570209, 
  "location": {
    "country": "US", 
    "displayable_name": "Golden Valley, MN", 
    "id": 2411827, 
    "name": "Golden Valley", 
    "short_name": "Golden Valley, MN", 
    "slug": "golden-valley-mn", 
    "state": "MN", 
    "urls": {
      "api": {
        "nearby_projects": "https://api.kickstarter.com/v1/discover?signature=1405287132.e8d2640a608cb544bb20c93b34098f4d0a4f9876&woe_id=2411827"
      }, 
      "web": {
        "discover": "https://www.kickstarter.com/discover/places/golden-valley-mn", 
        "location": "https://www.kickstarter.com/locations/golden-valley-mn"
      }
    }
  }, 
  "name": "rEvolve Disc Golf  |  Version 2.3", 
  "photo": {
    "1024x768": "https://s3.amazonaws.com/ksr/projects/548575/photo-1024x768.jpg?1397819748", 
    "1536x1152": "https://s3.amazonaws.com/ksr/projects/548575/photo-1536x1152.jpg?1397819748", 
    "ed": "https://s3.amazonaws.com/ksr/projects/548575/photo-ed.jpg?1397819748", 
    "full": "https://s3.amazonaws.com/ksr/projects/548575/photo-full.jpg?1397819748", 
    "little": "https://s3.amazonaws.com/ksr/projects/548575/photo-little.jpg?1397819748", 
    "med": "https://s3.amazonaws.com/ksr/projects/548575/photo-med.jpg?1397819748", 
    "small": "https://s3.amazonaws.com/ksr/projects/548575/photo-small.jpg?1397819748", 
    "thumb": "https://s3.amazonaws.com/ksr/projects/548575/photo-thumb.jpg?1397819748"
  }, 
  "pledged": 25.0, 
  "slug": "revolve-disc-golf-version-23", 
  "state": "failed", 
  "state_changed_at": 1379779809, 
  "urls": {
    "web": {
      "project": "https://www.kickstarter.com/projects/revolvediscgolf/revolve-disc-golf-version-23", 
      "rewards": "https://www.kickstarter.com/projects/revolvediscgolf/revolve-disc-golf-version-23/rewards"
    }
  }
}