{
  "backers_count": 4, 
  "blurb": "What if you could control your children's smartdevice usage as well as reward them at the same time? Ettendant is that App!", 
  "category": {
    "id": 332, 
    "name": "Apps", 
    "parent_id": 16, 
    "position": 2, 
    "slug": "technology/apps", 
    "urls": {
      "web": {
        "discover": "http://www.kickstarter.com/discover/categories/technology/apps"
      }
    }
  }, 
  "country": "US", 
  "created_at": 1396842874, 
  "creator": {
    "avatar": {
      "medium": "https://s3.amazonaws.com/ksr/avatars/10200219/Pic.medium.jpg?1396845757", 
      "small": "https://s3.amazonaws.com/ksr/avatars/10200219/Pic.small.jpg?1396845757", 
      "thumb": "https://s3.amazonaws.com/ksr/avatars/10200219/Pic.thumb.jpg?1396845757"
    }, 
    "id": 366625658, 
    "name": "Douglas Hamilton", 
    "urls": {
      "api": {
        "user": "https://api.kickstarter.com/v1/users/366625658?signature=1405310661.3a47023a6f687477cb998ff990e0d3e5a3b8e343"
      }, 
      "web": {
        "user": "https://www.kickstarter.com/profile/366625658"
      }
    }
  }, 
  "currency": "USD", 
  "currency_symbol": "$", 
  "currency_trailing_code": true, 
  "deadline": 1404592482, 
  "disable_communication": false, 
  "goal": 30000.0, 
  "id": 1055254169, 
  "launched_at": 1402000482, 
  "location": {
    "country": "US", 
    "displayable_name": "Charleston, SC", 
    "id": 2378319, 
    "name": "Charleston", 
    "short_name": "Charleston, SC", 
    "slug": "charleston-sc", 
    "state": "SC", 
    "urls": {
      "api": {
        "nearby_projects": "https://api.kickstarter.com/v1/discover?signature=1405283928.e7ea2196d755b6159b179a17ba8e15e4741f628b&woe_id=2378319"
      }, 
      "web": {
        "discover": "https://www.kickstarter.com/discover/places/charleston-sc", 
        "location": "https://www.kickstarter.com/locations/charleston-sc"
      }
    }
  }, 
  "name": "Ettendant, childrens smartdevice usage and reward app!", 
  "photo": {
    "1024x768": "https://s3.amazonaws.com/ksr/projects/941603/photo-1024x768.jpg?1402011748", 
    "1536x1152": "https://s3.amazonaws.com/ksr/projects/941603/photo-1536x1152.jpg?1402011748", 
    "ed": "https://s3.amazonaws.com/ksr/projects/941603/photo-ed.jpg?1402011748", 
    "full": "https://s3.amazonaws.com/ksr/projects/941603/photo-full.jpg?1402011748", 
    "little": "https://s3.amazonaws.com/ksr/projects/941603/photo-little.jpg?1402011748", 
    "med": "https://s3.amazonaws.com/ksr/projects/941603/photo-med.jpg?1402011748", 
    "small": "https://s3.amazonaws.com/ksr/projects/941603/photo-small.jpg?1402011748", 
    "thumb": "https://s3.amazonaws.com/ksr/projects/941603/photo-thumb.jpg?1402011748"
  }, 
  "pledged": 4.0, 
  "slug": "ettendant-childrens-smartdevice-usage-and-reward-a", 
  "state": "failed", 
  "state_changed_at": 1404592483, 
  "urls": {
    "web": {
      "project": "https://www.kickstarter.com/projects/366625658/ettendant-childrens-smartdevice-usage-and-reward-a", 
      "rewards": "https://www.kickstarter.com/projects/366625658/ettendant-childrens-smartdevice-usage-and-reward-a/rewards"
    }
  }
}