{
  "backers_count": 621, 
  "blurb": "SITU is the smart food nutrition scale anyone can use. It weighs your food in calories and nutrients in addition to grams and ounces.", 
  "category": {
    "id": 52, 
    "name": "Hardware", 
    "parent_id": 16, 
    "position": 8, 
    "slug": "technology/hardware", 
    "urls": {
      "web": {
        "discover": "http://www.kickstarter.com/discover/categories/technology/hardware"
      }
    }
  }, 
  "country": "GB", 
  "created_at": 1392561162, 
  "creator": {
    "avatar": {
      "medium": "https://s3.amazonaws.com/ksr/avatars/3011125/SITU_CEOS_Photos_9Mar14-001.medium.jpg?1394462828", 
      "small": "https://s3.amazonaws.com/ksr/avatars/3011125/SITU_CEOS_Photos_9Mar14-001.small.jpg?1394462828", 
      "thumb": "https://s3.amazonaws.com/ksr/avatars/3011125/SITU_CEOS_Photos_9Mar14-001.thumb.jpg?1394462828"
    }, 
    "id": 310198237, 
    "name": "Michael Grothaus Limited", 
    "slug": "situ", 
    "urls": {
      "api": {
        "user": "https://api.kickstarter.com/v1/users/310198237?signature=1405310112.eb2dadfbce6eadb03a3b29db45cae257ab4743e8"
      }, 
      "web": {
        "user": "https://www.kickstarter.com/profile/situ"
      }
    }
  }, 
  "currency": "GBP", 
  "currency_symbol": "\u00a3", 
  "currency_trailing_code": false, 
  "deadline": 1399033810, 
  "disable_communication": false, 
  "goal": 35000.0, 
  "id": 1056766730, 
  "launched_at": 1396441810, 
  "location": {
    "country": "GB", 
    "displayable_name": "London, UK", 
    "id": 44418, 
    "name": "London", 
    "short_name": "London, UK", 
    "slug": "london-gb", 
    "state": "England", 
    "urls": {
      "api": {
        "nearby_projects": "https://api.kickstarter.com/v1/discover?signature=1405283922.82a390c7080dcb5af2825d7dc4e2293adc57bbf0&woe_id=44418"
      }, 
      "web": {
        "discover": "https://www.kickstarter.com/discover/places/london-gb", 
        "location": "https://www.kickstarter.com/locations/london-gb"
      }
    }
  }, 
  "name": "SITU Smart Food Nutrition Scale for iPad and Android tablets", 
  "photo": {
    "1024x768": "https://s3.amazonaws.com/ksr/projects/872204/photo-1024x768.jpg?1398947467", 
    "1536x1152": "https://s3.amazonaws.com/ksr/projects/872204/photo-1536x1152.jpg?1398947467", 
    "ed": "https://s3.amazonaws.com/ksr/projects/872204/photo-ed.jpg?1398947467", 
    "full": "https://s3.amazonaws.com/ksr/projects/872204/photo-full.jpg?1398947467", 
    "little": "https://s3.amazonaws.com/ksr/projects/872204/photo-little.jpg?1398947467", 
    "med": "https://s3.amazonaws.com/ksr/projects/872204/photo-med.jpg?1398947467", 
    "small": "https://s3.amazonaws.com/ksr/projects/872204/photo-small.jpg?1398947467", 
    "thumb": "https://s3.amazonaws.com/ksr/projects/872204/photo-thumb.jpg?1398947467"
  }, 
  "pledged": 39757.0, 
  "slug": "situ-smart-food-nutrition-scale", 
  "state": "successful", 
  "state_changed_at": 1399033816, 
  "urls": {
    "web": {
      "project": "https://www.kickstarter.com/projects/situ/situ-smart-food-nutrition-scale", 
      "rewards": "https://www.kickstarter.com/projects/situ/situ-smart-food-nutrition-scale/rewards"
    }
  }
}