{
  "backers_count": 22, 
  "blurb": "Imaginality brings learning to life using Augmented Reality. It's already great on PCs. Help us get it running on Mobile Devices & Macs", 
  "category": {
    "id": 332, 
    "name": "Apps", 
    "parent_id": 16, 
    "position": 2, 
    "slug": "technology/apps", 
    "urls": {
      "web": {
        "discover": "http://www.kickstarter.com/discover/categories/technology/apps"
      }
    }
  }, 
  "country": "NZ", 
  "created_at": 1403807173, 
  "creator": {
    "avatar": {
      "medium": "https://s3.amazonaws.com/ksr/avatars/6351555/MindSpace_Icon.medium.jpg?1403814138", 
      "small": "https://s3.amazonaws.com/ksr/avatars/6351555/MindSpace_Icon.small.jpg?1403814138", 
      "thumb": "https://s3.amazonaws.com/ksr/avatars/6351555/MindSpace_Icon.thumb.jpg?1403814138"
    }, 
    "id": 589778461, 
    "name": "MindSpace Solutions", 
    "urls": {
      "api": {
        "user": "https://api.kickstarter.com/v1/users/589778461?signature=1405310225.009a6b8f56a4c5ca51f05d395991acd22f98b020"
      }, 
      "web": {
        "user": "https://www.kickstarter.com/profile/589778461"
      }
    }
  }, 
  "currency": "NZD", 
  "currency_symbol": "$", 
  "currency_trailing_code": true, 
  "deadline": 1406493524, 
  "disable_communication": false, 
  "goal": 120000.0, 
  "id": 1056970779, 
  "launched_at": 1403815124, 
  "location": {
    "country": "NZ", 
    "displayable_name": "Christchurch, NZ", 
    "id": 2348327, 
    "name": "Christchurch", 
    "short_name": "Christchurch, NZ", 
    "slug": "christchurch-nz", 
    "state": "Canterbury", 
    "urls": {
      "api": {
        "nearby_projects": "https://api.kickstarter.com/v1/discover?signature=1405283931.5da72c623912e555c7b318c690bc43f7c8f1186c&woe_id=2348327"
      }, 
      "web": {
        "discover": "https://www.kickstarter.com/discover/places/christchurch-nz", 
        "location": "https://www.kickstarter.com/locations/christchurch-nz"
      }
    }
  }, 
  "name": "Imaginality on Mobiles & More: Bring Learning to LIFE w/ AR", 
  "photo": {
    "1024x768": "https://s3.amazonaws.com/ksr/projects/1061686/photo-1024x768.jpg?1403807929", 
    "1536x1152": "https://s3.amazonaws.com/ksr/projects/1061686/photo-1536x1152.jpg?1403807929", 
    "ed": "https://s3.amazonaws.com/ksr/projects/1061686/photo-ed.jpg?1403807929", 
    "full": "https://s3.amazonaws.com/ksr/projects/1061686/photo-full.jpg?1403807929", 
    "little": "https://s3.amazonaws.com/ksr/projects/1061686/photo-little.jpg?1403807929", 
    "med": "https://s3.amazonaws.com/ksr/projects/1061686/photo-med.jpg?1403807929", 
    "small": "https://s3.amazonaws.com/ksr/projects/1061686/photo-small.jpg?1403807929", 
    "thumb": "https://s3.amazonaws.com/ksr/projects/1061686/photo-thumb.jpg?1403807929"
  }, 
  "pledged": 4428.0, 
  "slug": "imaginality-on-mobiles-and-more-bring-learning-to", 
  "state": "live", 
  "state_changed_at": 1403815124, 
  "urls": {
    "web": {
      "project": "https://www.kickstarter.com/projects/589778461/imaginality-on-mobiles-and-more-bring-learning-to", 
      "rewards": "https://www.kickstarter.com/projects/589778461/imaginality-on-mobiles-and-more-bring-learning-to/rewards"
    }
  }
}