{
  "backers_count": 19, 
  "blurb": "Quelab is a proposed coworking and hackerspace in Albuquerque, New Mexico. \r\n\r\n", 
  "category": {
    "id": 16, 
    "name": "Technology", 
    "position": 14, 
    "slug": "technology", 
    "urls": {
      "web": {
        "discover": "http://www.kickstarter.com/discover/categories/technology"
      }
    }
  }, 
  "country": "US", 
  "created_at": 1248632722, 
  "creator": {
    "avatar": {
      "medium": "https://s3.amazonaws.com/ksr/avatars/1557/gabe_vignette.medium.jpg?1307323136", 
      "small": "https://s3.amazonaws.com/ksr/avatars/1557/gabe_vignette.small.jpg?1307323136", 
      "thumb": "https://s3.amazonaws.com/ksr/avatars/1557/gabe_vignette.thumb.jpg?1307323136"
    }, 
    "id": 911014607, 
    "name": "Gabriel Ortiz", 
    "slug": "gabeortiz", 
    "urls": {
      "api": {
        "user": "https://api.kickstarter.com/v1/users/911014607?signature=1405310237.2ba0ec421560663f2779a01bf27698f1fd6b4d0f"
      }, 
      "web": {
        "user": "https://www.kickstarter.com/profile/gabeortiz"
      }
    }
  }, 
  "currency": "USD", 
  "currency_symbol": "$", 
  "currency_trailing_code": true, 
  "deadline": 1271584740, 
  "disable_communication": false, 
  "goal": 2500.0, 
  "id": 1056460945, 
  "launched_at": 1266458702, 
  "location": {
    "country": "US", 
    "displayable_name": "Albuquerque, NM", 
    "id": 2352824, 
    "name": "Albuquerque", 
    "short_name": "Albuquerque, NM", 
    "slug": "albuquerque-nm", 
    "state": "NM", 
    "urls": {
      "api": {
        "nearby_projects": "https://api.kickstarter.com/v1/discover?signature=1405283928.4a8b660192c57b90585ad5584d13f39b313f3456&woe_id=2352824"
      }, 
      "web": {
        "discover": "https://www.kickstarter.com/discover/places/albuquerque-nm", 
        "location": "https://www.kickstarter.com/locations/albuquerque-nm"
      }
    }
  }, 
  "name": "Quelab", 
  "photo": {
    "1024x768": "https://s3.amazonaws.com/ksr/projects/466/photo-1024x768.jpg?1397752893", 
    "1536x1152": "https://s3.amazonaws.com/ksr/projects/466/photo-1536x1152.jpg?1397752893", 
    "ed": "https://s3.amazonaws.com/ksr/projects/466/photo-ed.jpg?1397752893", 
    "full": "https://s3.amazonaws.com/ksr/projects/466/photo-full.jpg?1397752893", 
    "little": "https://s3.amazonaws.com/ksr/projects/466/photo-little.jpg?1397752893", 
    "med": "https://s3.amazonaws.com/ksr/projects/466/photo-med.jpg?1397752893", 
    "small": "https://s3.amazonaws.com/ksr/projects/466/photo-small.jpg?1397752893", 
    "thumb": "https://s3.amazonaws.com/ksr/projects/466/photo-thumb.jpg?1397752893"
  }, 
  "pledged": 2685.08, 
  "slug": "quelab", 
  "state": "successful", 
  "state_changed_at": 1271584809, 
  "urls": {
    "web": {
      "project": "https://www.kickstarter.com/projects/gabeortiz/quelab", 
      "rewards": "https://www.kickstarter.com/projects/gabeortiz/quelab/rewards"
    }
  }
}