{
  "backers_count": 22, 
  "blurb": "EyeShield: Finally an iPhone case that blocks the sun and provides privacy from prying eyes.  Available for iPhone 5 & 5S.", 
  "category": {
    "id": 16, 
    "name": "Technology", 
    "position": 14, 
    "slug": "technology", 
    "urls": {
      "web": {
        "discover": "http://www.kickstarter.com/discover/categories/technology"
      }
    }
  }, 
  "country": "US", 
  "created_at": 1386002631, 
  "creator": {
    "avatar": {
      "medium": "https://s3.amazonaws.com/ksr/avatars/8587209/doujeff.medium.jpg?1386566506", 
      "small": "https://s3.amazonaws.com/ksr/avatars/8587209/doujeff.small.jpg?1386566506", 
      "thumb": "https://s3.amazonaws.com/ksr/avatars/8587209/doujeff.thumb.jpg?1386566506"
    }, 
    "id": 964553003, 
    "name": "Jeffrey Karlberg and Doug Cripps", 
    "urls": {
      "api": {
        "user": "https://api.kickstarter.com/v1/users/964553003?signature=1405310519.50e078bc0b22cddd11839b1149e082c1a1c9bb9d"
      }, 
      "web": {
        "user": "https://www.kickstarter.com/profile/964553003"
      }
    }
  }, 
  "currency": "USD", 
  "currency_symbol": "$", 
  "currency_trailing_code": true, 
  "deadline": 1391291725, 
  "disable_communication": false, 
  "goal": 10000.0, 
  "id": 1057827812, 
  "launched_at": 1387403725, 
  "location": {
    "country": "US", 
    "displayable_name": "Naperville, IL", 
    "id": 2457000, 
    "name": "Naperville", 
    "short_name": "Naperville, IL", 
    "slug": "naperville-il", 
    "state": "IL", 
    "urls": {
      "api": {
        "nearby_projects": "https://api.kickstarter.com/v1/discover?signature=1405283980.34480b37287f5be0740d9a202278200b62c6d738&woe_id=2457000"
      }, 
      "web": {
        "discover": "https://www.kickstarter.com/discover/places/naperville-il", 
        "location": "https://www.kickstarter.com/locations/naperville-il"
      }
    }
  }, 
  "name": "EyeShield -The Sun Blocking and Wallet case for iPhone 5/5S", 
  "photo": {
    "1024x768": "https://s3.amazonaws.com/ksr/projects/781517/photo-1024x768.jpg?1397858576", 
    "1536x1152": "https://s3.amazonaws.com/ksr/projects/781517/photo-1536x1152.jpg?1397858576", 
    "ed": "https://s3.amazonaws.com/ksr/projects/781517/photo-ed.jpg?1397858576", 
    "full": "https://s3.amazonaws.com/ksr/projects/781517/photo-full.jpg?1397858576", 
    "little": "https://s3.amazonaws.com/ksr/projects/781517/photo-little.jpg?1397858576", 
    "med": "https://s3.amazonaws.com/ksr/projects/781517/photo-med.jpg?1397858576", 
    "small": "https://s3.amazonaws.com/ksr/projects/781517/photo-small.jpg?1397858576", 
    "thumb": "https://s3.amazonaws.com/ksr/projects/781517/photo-thumb.jpg?1397858576"
  }, 
  "pledged": 729.0, 
  "slug": "eyeshield-the-sun-blocking-case-for-iphone-5-and-5", 
  "state": "failed", 
  "state_changed_at": 1391291725, 
  "urls": {
    "web": {
      "project": "https://www.kickstarter.com/projects/964553003/eyeshield-the-sun-blocking-case-for-iphone-5-and-5", 
      "rewards": "https://www.kickstarter.com/projects/964553003/eyeshield-the-sun-blocking-case-for-iphone-5-and-5/rewards"
    }
  }
}