{
  "backers_count": 0, 
  "blurb": "Achieve that vintage rock tone guitarists have been searching for,by providing your vintage  amp with the proper input line voltage.", 
  "category": {
    "id": 16, 
    "name": "Technology", 
    "position": 14, 
    "slug": "technology", 
    "urls": {
      "web": {
        "discover": "http://www.kickstarter.com/discover/categories/technology"
      }
    }
  }, 
  "country": "US", 
  "created_at": 1368144090, 
  "creator": {
    "avatar": {
      "medium": "https://s3.amazonaws.com/ksr/avatars/4177533/P6130152.medium.jpg?1402686928", 
      "small": "https://s3.amazonaws.com/ksr/avatars/4177533/P6130152.small.jpg?1402686928", 
      "thumb": "https://s3.amazonaws.com/ksr/avatars/4177533/P6130152.thumb.jpg?1402686928"
    }, 
    "id": 1018566702, 
    "name": "Patrick Geraghty", 
    "urls": {
      "api": {
        "user": "https://api.kickstarter.com/v1/users/1018566702?signature=1405310317.ffd04dd62950420903332e8e5fa249f5d31cd6c4"
      }, 
      "web": {
        "user": "https://www.kickstarter.com/profile/1018566702"
      }
    }
  }, 
  "currency": "USD", 
  "currency_symbol": "$", 
  "currency_trailing_code": true, 
  "deadline": 1408125300, 
  "disable_communication": false, 
  "goal": 15000.0, 
  "id": 1057107617, 
  "launched_at": 1404140621, 
  "location": {
    "country": "US", 
    "displayable_name": "Lake Linganore, MD", 
    "id": 23511021, 
    "name": "Lake Linganore", 
    "short_name": "Lake Linganore, MD", 
    "slug": "lake-linganore-md", 
    "state": "MD", 
    "urls": {
      "api": {
        "nearby_projects": "https://api.kickstarter.com/v1/discover?signature=1405284066.d12f615db1b1987e7c1ce7fad4646ae0680c9cf0&woe_id=23511021"
      }, 
      "web": {
        "discover": "https://www.kickstarter.com/discover/places/lake-linganore-md", 
        "location": "https://www.kickstarter.com/locations/lake-linganore-md"
      }
    }
  }, 
  "name": "BrownBox", 
  "photo": {
    "1024x768": "https://s3.amazonaws.com/ksr/projects/551841/photo-1024x768.jpg?1404127038", 
    "1536x1152": "https://s3.amazonaws.com/ksr/projects/551841/photo-1536x1152.jpg?1404127038", 
    "ed": "https://s3.amazonaws.com/ksr/projects/551841/photo-ed.jpg?1404127038", 
    "full": "https://s3.amazonaws.com/ksr/projects/551841/photo-full.jpg?1404127038", 
    "little": "https://s3.amazonaws.com/ksr/projects/551841/photo-little.jpg?1404127038", 
    "med": "https://s3.amazonaws.com/ksr/projects/551841/photo-med.jpg?1404127038", 
    "small": "https://s3.amazonaws.com/ksr/projects/551841/photo-small.jpg?1404127038", 
    "thumb": "https://s3.amazonaws.com/ksr/projects/551841/photo-thumb.jpg?1404127038"
  }, 
  "pledged": 0.0, 
  "slug": "brownbox", 
  "state": "live", 
  "state_changed_at": 1404140621, 
  "urls": {
    "web": {
      "project": "https://www.kickstarter.com/projects/1018566702/brownbox", 
      "rewards": "https://www.kickstarter.com/projects/1018566702/brownbox/rewards"
    }
  }
}