{
  "backers_count": 5, 
  "blurb": "An app version of a video game Collector's Guide allowing gamers to search and compare prices while adding to their collections.", 
  "category": {
    "id": 16, 
    "name": "Technology", 
    "position": 14, 
    "slug": "technology", 
    "urls": {
      "web": {
        "discover": "http://www.kickstarter.com/discover/categories/technology"
      }
    }
  }, 
  "country": "US", 
  "created_at": 1310067112, 
  "creator": {
    "avatar": {
      "medium": "https://s3.amazonaws.com/ksr/avatars/988884/flashing_nes.medium.jpg?1307696965", 
      "small": "https://s3.amazonaws.com/ksr/avatars/988884/flashing_nes.small.jpg?1307696965", 
      "thumb": "https://s3.amazonaws.com/ksr/avatars/988884/flashing_nes.thumb.jpg?1307696965"
    }, 
    "id": 464514445, 
    "name": "Sean \"Nz17\" Robinson", 
    "slug": "nz17", 
    "urls": {
      "api": {
        "user": "https://api.kickstarter.com/v1/users/464514445?signature=1405310579.e2bfe001326fb953bbdc1bbbc3edd1e726df81df"
      }, 
      "web": {
        "user": "https://www.kickstarter.com/profile/nz17"
      }
    }
  }, 
  "currency": "USD", 
  "currency_symbol": "$", 
  "currency_trailing_code": true, 
  "deadline": 1313099653, 
  "disable_communication": false, 
  "goal": 2600.0, 
  "id": 1058147467, 
  "launched_at": 1310421253, 
  "location": {
    "country": "US", 
    "displayable_name": "Provo, UT", 
    "id": 2477080, 
    "name": "Provo", 
    "short_name": "Provo, UT", 
    "slug": "provo-ut", 
    "state": "UT", 
    "urls": {
      "api": {
        "nearby_projects": "https://api.kickstarter.com/v1/discover?signature=1405283924.1c016ca2b4f006885f8e795fafed0020056bf34e&woe_id=2477080"
      }, 
      "web": {
        "discover": "https://www.kickstarter.com/discover/places/provo-ut", 
        "location": "https://www.kickstarter.com/locations/provo-ut"
      }
    }
  }, 
  "name": "Video Game Rarity + Price Guide App from Digital Press", 
  "photo": {
    "1024x768": "https://s3.amazonaws.com/ksr/projects/40980/photo-1024x768.jpg?1397764571", 
    "1536x1152": "https://s3.amazonaws.com/ksr/projects/40980/photo-1536x1152.jpg?1397764571", 
    "ed": "https://s3.amazonaws.com/ksr/projects/40980/photo-ed.jpg?1397764571", 
    "full": "https://s3.amazonaws.com/ksr/projects/40980/photo-full.jpg?1397764571", 
    "little": "https://s3.amazonaws.com/ksr/projects/40980/photo-little.jpg?1397764571", 
    "med": "https://s3.amazonaws.com/ksr/projects/40980/photo-med.jpg?1397764571", 
    "small": "https://s3.amazonaws.com/ksr/projects/40980/photo-small.jpg?1397764571", 
    "thumb": "https://s3.amazonaws.com/ksr/projects/40980/photo-thumb.jpg?1397764571"
  }, 
  "pledged": 211.0, 
  "slug": "portable-video-game-rarity-price-guide-from-digita", 
  "state": "failed", 
  "state_changed_at": 1313099655, 
  "urls": {
    "web": {
      "project": "https://www.kickstarter.com/projects/nz17/portable-video-game-rarity-price-guide-from-digita", 
      "rewards": "https://www.kickstarter.com/projects/nz17/portable-video-game-rarity-price-guide-from-digita/rewards"
    }
  }
}