{
  "backers_count": 45, 
  "blurb": "Keep losing things? Want to share & track stuff with friends? Locate bags/keys in an instant? Never lose anything with the FIND app!", 
  "category": {
    "id": 337, 
    "name": "Gadgets", 
    "parent_id": 16, 
    "position": 7, 
    "slug": "technology/gadgets", 
    "urls": {
      "web": {
        "discover": "http://www.kickstarter.com/discover/categories/technology/gadgets"
      }
    }
  }, 
  "country": "US", 
  "created_at": 1397210350, 
  "creator": {
    "avatar": {
      "medium": "https://s3.amazonaws.com/ksr/avatars/10259161/T1.medium.jpg?1398638947", 
      "small": "https://s3.amazonaws.com/ksr/avatars/10259161/T1.small.jpg?1398638947", 
      "thumb": "https://s3.amazonaws.com/ksr/avatars/10259161/T1.thumb.jpg?1398638947"
    }, 
    "id": 1135943658, 
    "name": "SenseGiz Team", 
    "slug": "sensegiz", 
    "urls": {
      "api": {
        "user": "https://api.kickstarter.com/v1/users/1135943658?signature=1405310469.7bf5af96109c44721b29d832adca5b87ba2c1c09"
      }, 
      "web": {
        "user": "https://www.kickstarter.com/profile/sensegiz"
      }
    }
  }, 
  "currency": "USD", 
  "currency_symbol": "$", 
  "currency_trailing_code": true, 
  "deadline": 1400173255, 
  "disable_communication": false, 
  "goal": 30000.0, 
  "id": 1058011953, 
  "launched_at": 1398445255, 
  "location": {
    "country": "US", 
    "displayable_name": "San Francisco, CA", 
    "id": 2487956, 
    "name": "San Francisco", 
    "short_name": "San Francisco, CA", 
    "slug": "san-francisco-ca", 
    "state": "CA", 
    "urls": {
      "api": {
        "nearby_projects": "https://api.kickstarter.com/v1/discover?signature=1405283922.2705520cddde986b955c196af6b338b46c4257d5&woe_id=2487956"
      }, 
      "web": {
        "discover": "https://www.kickstarter.com/discover/places/san-francisco-ca", 
        "location": "https://www.kickstarter.com/locations/san-francisco-ca"
      }
    }
  }, 
  "name": "FIND by SenseGiz- Never lose anything! Share/track via app.", 
  "photo": {
    "1024x768": "https://s3.amazonaws.com/ksr/projects/948545/photo-1024x768.jpg?1398841222", 
    "1536x1152": "https://s3.amazonaws.com/ksr/projects/948545/photo-1536x1152.jpg?1398841222", 
    "ed": "https://s3.amazonaws.com/ksr/projects/948545/photo-ed.jpg?1398841222", 
    "full": "https://s3.amazonaws.com/ksr/projects/948545/photo-full.jpg?1398841222", 
    "little": "https://s3.amazonaws.com/ksr/projects/948545/photo-little.jpg?1398841222", 
    "med": "https://s3.amazonaws.com/ksr/projects/948545/photo-med.jpg?1398841222", 
    "small": "https://s3.amazonaws.com/ksr/projects/948545/photo-small.jpg?1398841222", 
    "thumb": "https://s3.amazonaws.com/ksr/projects/948545/photo-thumb.jpg?1398841222"
  }, 
  "pledged": 1728.0, 
  "slug": "find-by-sensegiz-the-best-track-and-find-bluetooth", 
  "state": "canceled", 
  "state_changed_at": 1398869681, 
  "urls": {
    "web": {
      "project": "https://www.kickstarter.com/projects/sensegiz/find-by-sensegiz-the-best-track-and-find-bluetooth", 
      "rewards": "https://www.kickstarter.com/projects/sensegiz/find-by-sensegiz-the-best-track-and-find-bluetooth/rewards"
    }
  }
}