{
  "backers_count": 6, 
  "blurb": "RIP lets you create and view memorials online.", 
  "category": {
    "id": 16, 
    "name": "Technology", 
    "position": 14, 
    "slug": "technology", 
    "urls": {
      "web": {
        "discover": "http://www.kickstarter.com/discover/categories/technology"
      }
    }
  }, 
  "country": "US", 
  "created_at": 1366252321, 
  "creator": {
    "avatar": {
      "medium": "https://s3.amazonaws.com/ksr/avatars/6276015/profile.medium.jpg?1370564525", 
      "small": "https://s3.amazonaws.com/ksr/avatars/6276015/profile.small.jpg?1370564525", 
      "thumb": "https://s3.amazonaws.com/ksr/avatars/6276015/profile.thumb.jpg?1370564525"
    }, 
    "id": 1985104686, 
    "name": "Michael Smaili", 
    "urls": {
      "api": {
        "user": "https://api.kickstarter.com/v1/users/1985104686?signature=1405310616.f658334bb67ab62da8af580cc178eb4e86b08501"
      }, 
      "web": {
        "user": "https://www.kickstarter.com/profile/1985104686"
      }
    }
  }, 
  "currency": "USD", 
  "currency_symbol": "$", 
  "currency_trailing_code": true, 
  "deadline": 1373733079, 
  "disable_communication": false, 
  "goal": 30000.0, 
  "id": 1058432270, 
  "launched_at": 1371141079, 
  "location": {
    "country": "US", 
    "displayable_name": "San Francisco, CA", 
    "id": 2487956, 
    "name": "San Francisco", 
    "short_name": "San Francisco, CA", 
    "slug": "san-francisco-ca", 
    "state": "CA", 
    "urls": {
      "api": {
        "nearby_projects": "https://api.kickstarter.com/v1/discover?signature=1405283922.2705520cddde986b955c196af6b338b46c4257d5&woe_id=2487956"
      }, 
      "web": {
        "discover": "https://www.kickstarter.com/discover/places/san-francisco-ca", 
        "location": "https://www.kickstarter.com/locations/san-francisco-ca"
      }
    }
  }, 
  "name": "RIP - a place to remember", 
  "photo": {
    "1024x768": "https://s3.amazonaws.com/ksr/projects/527499/photo-1024x768.jpg?1397817436", 
    "1536x1152": "https://s3.amazonaws.com/ksr/projects/527499/photo-1536x1152.jpg?1397817436", 
    "ed": "https://s3.amazonaws.com/ksr/projects/527499/photo-ed.jpg?1397817436", 
    "full": "https://s3.amazonaws.com/ksr/projects/527499/photo-full.jpg?1397817436", 
    "little": "https://s3.amazonaws.com/ksr/projects/527499/photo-little.jpg?1397817436", 
    "med": "https://s3.amazonaws.com/ksr/projects/527499/photo-med.jpg?1397817436", 
    "small": "https://s3.amazonaws.com/ksr/projects/527499/photo-small.jpg?1397817436", 
    "thumb": "https://s3.amazonaws.com/ksr/projects/527499/photo-thumb.jpg?1397817436"
  }, 
  "pledged": 76.0, 
  "slug": "rip-a-place-to-remember", 
  "state": "failed", 
  "state_changed_at": 1373733079, 
  "urls": {
    "web": {
      "project": "https://www.kickstarter.com/projects/1985104686/rip-a-place-to-remember", 
      "rewards": "https://www.kickstarter.com/projects/1985104686/rip-a-place-to-remember/rewards"
    }
  }
}