{
  "backers_count": 4, 
  "blurb": "BucketList is a social media allowing users to create a list of lifetime goals which can be completed with friends!", 
  "category": {
    "id": 16, 
    "name": "Technology", 
    "position": 14, 
    "slug": "technology", 
    "urls": {
      "web": {
        "discover": "http://www.kickstarter.com/discover/categories/technology"
      }
    }
  }, 
  "country": "US", 
  "created_at": 1402106247, 
  "creator": {
    "avatar": {
      "medium": "https://s3.amazonaws.com/ksr/avatars/10943669/IMG_20140606_041022.medium.jpg?1402106166", 
      "small": "https://s3.amazonaws.com/ksr/avatars/10943669/IMG_20140606_041022.small.jpg?1402106166", 
      "thumb": "https://s3.amazonaws.com/ksr/avatars/10943669/IMG_20140606_041022.thumb.jpg?1402106166"
    }, 
    "id": 2066795736, 
    "name": "Jake Micks", 
    "slug": "jakemicks", 
    "urls": {
      "api": {
        "user": "https://api.kickstarter.com/v1/users/2066795736?signature=1405310647.fc4834d8eb5e884c02f266ed3b9857c984530313"
      }, 
      "web": {
        "user": "https://www.kickstarter.com/profile/jakemicks"
      }
    }
  }, 
  "currency": "USD", 
  "currency_symbol": "$", 
  "currency_trailing_code": true, 
  "deadline": 1405134314, 
  "disable_communication": false, 
  "goal": 20000.0, 
  "id": 1059626312, 
  "launched_at": 1402974314, 
  "location": {
    "country": "US", 
    "displayable_name": "O'Fallon, St. Louis, MO", 
    "id": 55807082, 
    "name": "O'Fallon", 
    "short_name": "O'Fallon, MO", 
    "slug": "ofallon-st-louis-mo", 
    "state": "MO", 
    "urls": {
      "api": {
        "nearby_projects": "https://api.kickstarter.com/v1/discover?signature=1405284064.fbd69725b64163d41801aed51cd73ca6be627d7f&woe_id=55807082"
      }, 
      "web": {
        "discover": "https://www.kickstarter.com/discover/places/ofallon-st-louis-mo", 
        "location": "https://www.kickstarter.com/locations/ofallon-st-louis-mo"
      }
    }
  }, 
  "name": "BucketList - Complete Lifetime Goals With Friends", 
  "photo": {
    "1024x768": "https://s3.amazonaws.com/ksr/projects/1034182/photo-1024x768.jpg?1402107284", 
    "1536x1152": "https://s3.amazonaws.com/ksr/projects/1034182/photo-1536x1152.jpg?1402107284", 
    "ed": "https://s3.amazonaws.com/ksr/projects/1034182/photo-ed.jpg?1402107284", 
    "full": "https://s3.amazonaws.com/ksr/projects/1034182/photo-full.jpg?1402107284", 
    "little": "https://s3.amazonaws.com/ksr/projects/1034182/photo-little.jpg?1402107284", 
    "med": "https://s3.amazonaws.com/ksr/projects/1034182/photo-med.jpg?1402107284", 
    "small": "https://s3.amazonaws.com/ksr/projects/1034182/photo-small.jpg?1402107284", 
    "thumb": "https://s3.amazonaws.com/ksr/projects/1034182/photo-thumb.jpg?1402107284"
  }, 
  "pledged": 18.0, 
  "slug": "bucketlist-complete-lifetime-goals-with-friends", 
  "state": "failed", 
  "state_changed_at": 1405134314, 
  "urls": {
    "web": {
      "project": "https://www.kickstarter.com/projects/jakemicks/bucketlist-complete-lifetime-goals-with-friends", 
      "rewards": "https://www.kickstarter.com/projects/jakemicks/bucketlist-complete-lifetime-goals-with-friends/rewards"
    }
  }
}