{
  "backers_count": 558, 
  "blurb": "Crash detection sensors. HD video. One month battery life. One touch operation. CNC machined. Fight back with RIDEYE.", 
  "category": {
    "id": 333, 
    "name": "Camera Equipment", 
    "parent_id": 16, 
    "position": 3, 
    "slug": "technology/camera equipment", 
    "urls": {
      "web": {
        "discover": "http://www.kickstarter.com/discover/categories/technology/camera%20equipment"
      }
    }
  }, 
  "country": "US", 
  "created_at": 1375422586, 
  "creator": {
    "avatar": {
      "medium": "https://s3.amazonaws.com/ksr/avatars/7518763/TT.medium.jpg?1375685247", 
      "small": "https://s3.amazonaws.com/ksr/avatars/7518763/TT.small.jpg?1375685247", 
      "thumb": "https://s3.amazonaws.com/ksr/avatars/7518763/TT.thumb.jpg?1375685247"
    }, 
    "id": 1788268718, 
    "name": "Cedric Bosch", 
    "slug": "rideye", 
    "urls": {
      "api": {
        "user": "https://api.kickstarter.com/v1/users/1788268718?signature=1405310103.2da0a054a6fcc5e8f7deac96dd98bceb3be924a0"
      }, 
      "web": {
        "user": "https://www.kickstarter.com/profile/rideye"
      }
    }
  }, 
  "currency": "USD", 
  "currency_symbol": "$", 
  "currency_trailing_code": true, 
  "deadline": 1381891016, 
  "disable_communication": false, 
  "goal": 32000.0, 
  "id": 1059192052, 
  "launched_at": 1378867016, 
  "location": {
    "country": "US", 
    "displayable_name": "Los Angeles, CA", 
    "id": 2442047, 
    "name": "Los Angeles", 
    "short_name": "Los Angeles, CA", 
    "slug": "los-angeles-ca", 
    "state": "CA", 
    "urls": {
      "api": {
        "nearby_projects": "https://api.kickstarter.com/v1/discover?signature=1405283921.ee3a1133214a755b6f367baa5289215cf97407d4&woe_id=2442047"
      }, 
      "web": {
        "discover": "https://www.kickstarter.com/discover/places/los-angeles-ca", 
        "location": "https://www.kickstarter.com/locations/los-angeles-ca"
      }
    }
  }, 
  "name": "RIDEYE: The Black Box Camera For Your Bike", 
  "photo": {
    "1024x768": "https://s3.amazonaws.com/ksr/projects/636742/photo-1024x768.jpg?1397829326", 
    "1536x1152": "https://s3.amazonaws.com/ksr/projects/636742/photo-1536x1152.jpg?1397829326", 
    "ed": "https://s3.amazonaws.com/ksr/projects/636742/photo-ed.jpg?1397829326", 
    "full": "https://s3.amazonaws.com/ksr/projects/636742/photo-full.jpg?1397829326", 
    "little": "https://s3.amazonaws.com/ksr/projects/636742/photo-little.jpg?1397829326", 
    "med": "https://s3.amazonaws.com/ksr/projects/636742/photo-med.jpg?1397829326", 
    "small": "https://s3.amazonaws.com/ksr/projects/636742/photo-small.jpg?1397829326", 
    "thumb": "https://s3.amazonaws.com/ksr/projects/636742/photo-thumb.jpg?1397829326"
  }, 
  "pledged": 83972.0, 
  "slug": "rideye-the-black-box-camera-for-your-bike", 
  "state": "successful", 
  "state_changed_at": 1381891016, 
  "urls": {
    "web": {
      "project": "https://www.kickstarter.com/projects/rideye/rideye-the-black-box-camera-for-your-bike", 
      "rewards": "https://www.kickstarter.com/projects/rideye/rideye-the-black-box-camera-for-your-bike/rewards"
    }
  }
}