{
  "backers_count": 0, 
  "blurb": "Experience your tunes in a whole new way with this cool and innovative game! Love music? Love puzzles? Then you will love this!", 
  "category": {
    "id": 332, 
    "name": "Apps", 
    "parent_id": 16, 
    "position": 2, 
    "slug": "technology/apps", 
    "urls": {
      "web": {
        "discover": "http://www.kickstarter.com/discover/categories/technology/apps"
      }
    }
  }, 
  "country": "GB", 
  "created_at": 1404762038, 
  "creator": {
    "avatar": {
      "medium": "https://s3.amazonaws.com/ksr/avatars/11265345/104bf5a.medium.jpg?1404764204", 
      "small": "https://s3.amazonaws.com/ksr/avatars/11265345/104bf5a.small.jpg?1404764204", 
      "thumb": "https://s3.amazonaws.com/ksr/avatars/11265345/104bf5a.thumb.jpg?1404764204"
    }, 
    "id": 20791679, 
    "name": "Abdul Rouf", 
    "urls": {
      "api": {
        "user": "https://api.kickstarter.com/v1/users/20791679?signature=1405310310.248aeedf03e9230d8ca651b50f66e3a63ade06c1"
      }, 
      "web": {
        "user": "https://www.kickstarter.com/profile/20791679"
      }
    }
  }, 
  "currency": "GBP", 
  "currency_symbol": "\u00a3", 
  "currency_trailing_code": false, 
  "deadline": 1407516852, 
  "disable_communication": false, 
  "goal": 7500.0, 
  "id": 1060910010, 
  "launched_at": 1404924852, 
  "location": {
    "country": "GB", 
    "displayable_name": "Greater Manchester, UK", 
    "id": 12602158, 
    "name": "Greater Manchester", 
    "short_name": "Greater Manchester, UK", 
    "slug": "greater-manchester-gb", 
    "state": "England", 
    "urls": {
      "api": {
        "nearby_projects": "https://api.kickstarter.com/v1/discover?signature=1405283938.46739478b5c80d31f4fcaf6a9887c606ae333aea&woe_id=12602158"
      }, 
      "web": {
        "discover": "https://www.kickstarter.com/discover/places/greater-manchester-gb", 
        "location": "https://www.kickstarter.com/locations/greater-manchester-gb"
      }
    }
  }, 
  "name": "Puzzle My Tune", 
  "photo": {
    "1024x768": "https://s3.amazonaws.com/ksr/projects/1081604/photo-1024x768.jpg?1404762080", 
    "1536x1152": "https://s3.amazonaws.com/ksr/projects/1081604/photo-1536x1152.jpg?1404762080", 
    "ed": "https://s3.amazonaws.com/ksr/projects/1081604/photo-ed.jpg?1404762080", 
    "full": "https://s3.amazonaws.com/ksr/projects/1081604/photo-full.jpg?1404762080", 
    "little": "https://s3.amazonaws.com/ksr/projects/1081604/photo-little.jpg?1404762080", 
    "med": "https://s3.amazonaws.com/ksr/projects/1081604/photo-med.jpg?1404762080", 
    "small": "https://s3.amazonaws.com/ksr/projects/1081604/photo-small.jpg?1404762080", 
    "thumb": "https://s3.amazonaws.com/ksr/projects/1081604/photo-thumb.jpg?1404762080"
  }, 
  "pledged": 0.0, 
  "slug": "puzzle-my-tune", 
  "state": "live", 
  "state_changed_at": 1404924852, 
  "urls": {
    "web": {
      "project": "https://www.kickstarter.com/projects/20791679/puzzle-my-tune", 
      "rewards": "https://www.kickstarter.com/projects/20791679/puzzle-my-tune/rewards"
    }
  }
}