{
  "backers_count": 92, 
  "blurb": "The PrayerMate app for iOS has helped thousands of people pray more faithfully. Help bring it to Android to benefit even more people.", 
  "category": {
    "id": 16, 
    "name": "Technology", 
    "position": 14, 
    "slug": "technology", 
    "urls": {
      "web": {
        "discover": "http://www.kickstarter.com/discover/categories/technology"
      }
    }
  }, 
  "country": "GB", 
  "created_at": 1381752557, 
  "creator": {
    "avatar": {
      "medium": "https://s3.amazonaws.com/ksr/avatars/7048754/AndyChristmasCardi.medium.jpg?1382650168", 
      "small": "https://s3.amazonaws.com/ksr/avatars/7048754/AndyChristmasCardi.small.jpg?1382650168", 
      "thumb": "https://s3.amazonaws.com/ksr/avatars/7048754/AndyChristmasCardi.thumb.jpg?1382650168"
    }, 
    "id": 2071302135, 
    "name": "Andy Geers", 
    "urls": {
      "api": {
        "user": "https://api.kickstarter.com/v1/users/2071302135?signature=1405310221.036e5b1872d1f9825e9b829cfc725864c30779b0"
      }, 
      "web": {
        "user": "https://www.kickstarter.com/profile/2071302135"
      }
    }
  }, 
  "currency": "GBP", 
  "currency_symbol": "\u00a3", 
  "currency_trailing_code": false, 
  "deadline": 1385590413, 
  "disable_communication": false, 
  "goal": 2500.0, 
  "id": 1060982909, 
  "launched_at": 1382994813, 
  "location": {
    "country": "GB", 
    "displayable_name": "London, UK", 
    "id": 44418, 
    "name": "London", 
    "short_name": "London, UK", 
    "slug": "london-gb", 
    "state": "England", 
    "urls": {
      "api": {
        "nearby_projects": "https://api.kickstarter.com/v1/discover?signature=1405283922.82a390c7080dcb5af2825d7dc4e2293adc57bbf0&woe_id=44418"
      }, 
      "web": {
        "discover": "https://www.kickstarter.com/discover/places/london-gb", 
        "location": "https://www.kickstarter.com/locations/london-gb"
      }
    }
  }, 
  "name": "PrayerMate for Android", 
  "photo": {
    "1024x768": "https://s3.amazonaws.com/ksr/projects/717897/photo-1024x768.jpg?1397851401", 
    "1536x1152": "https://s3.amazonaws.com/ksr/projects/717897/photo-1536x1152.jpg?1397851401", 
    "ed": "https://s3.amazonaws.com/ksr/projects/717897/photo-ed.jpg?1397851401", 
    "full": "https://s3.amazonaws.com/ksr/projects/717897/photo-full.jpg?1397851401", 
    "little": "https://s3.amazonaws.com/ksr/projects/717897/photo-little.jpg?1397851401", 
    "med": "https://s3.amazonaws.com/ksr/projects/717897/photo-med.jpg?1397851401", 
    "small": "https://s3.amazonaws.com/ksr/projects/717897/photo-small.jpg?1397851401", 
    "thumb": "https://s3.amazonaws.com/ksr/projects/717897/photo-thumb.jpg?1397851401"
  }, 
  "pledged": 2765.0, 
  "slug": "prayermate-for-android", 
  "state": "successful", 
  "state_changed_at": 1385590413, 
  "urls": {
    "web": {
      "project": "https://www.kickstarter.com/projects/2071302135/prayermate-for-android", 
      "rewards": "https://www.kickstarter.com/projects/2071302135/prayermate-for-android/rewards"
    }
  }
}