{
  "backers_count": 681, 
  "blurb": "Crystal clear VR gaming & viewing experience. Universal transformable controller. Plug-and-play. Compatible with all games & movies!", 
  "category": {
    "id": 52, 
    "name": "Hardware", 
    "parent_id": 16, 
    "position": 8, 
    "slug": "technology/hardware", 
    "urls": {
      "web": {
        "discover": "http://www.kickstarter.com/discover/categories/technology/hardware"
      }
    }
  }, 
  "country": "US", 
  "created_at": 1398397580, 
  "creator": {
    "avatar": {
      "medium": "https://s3.amazonaws.com/ksr/avatars/9708996/logo-final-TM%E7%99%BD%E8%89%B2.medium.jpg?1398424090", 
      "small": "https://s3.amazonaws.com/ksr/avatars/9708996/logo-final-TM%E7%99%BD%E8%89%B2.small.jpg?1398424090", 
      "thumb": "https://s3.amazonaws.com/ksr/avatars/9708996/logo-final-TM%E7%99%BD%E8%89%B2.thumb.jpg?1398424090"
    }, 
    "id": 805968217, 
    "name": "ANTVR", 
    "urls": {
      "api": {
        "user": "https://api.kickstarter.com/v1/users/805968217?signature=1405310070.6c671459a496e17113adb0551a7ebc5aec6fcbf5"
      }, 
      "web": {
        "user": "https://www.kickstarter.com/profile/805968217"
      }
    }
  }, 
  "currency": "USD", 
  "currency_symbol": "$", 
  "currency_trailing_code": true, 
  "deadline": 1403522779, 
  "disable_communication": false, 
  "goal": 200000.0, 
  "id": 1060828669, 
  "launched_at": 1400066779, 
  "location": {
    "country": "CN", 
    "displayable_name": "Beijing, China", 
    "id": 2151330, 
    "name": "Beijing", 
    "short_name": "Beijing, China", 
    "slug": "beijing-cn", 
    "state": "Beijing", 
    "urls": {
      "api": {
        "nearby_projects": "https://api.kickstarter.com/v1/discover?signature=1405283935.4d7cf96ec49957c0ff7483864b5d3c5a77ecb3a9&woe_id=2151330"
      }, 
      "web": {
        "discover": "https://www.kickstarter.com/discover/places/beijing-cn", 
        "location": "https://www.kickstarter.com/locations/beijing-cn"
      }
    }
  }, 
  "name": "ANTVR KIT: All-IN-ONE Universal Virtual Reality Kit", 
  "photo": {
    "1024x768": "https://s3.amazonaws.com/ksr/projects/970424/photo-1024x768.jpg?1399006896", 
    "1536x1152": "https://s3.amazonaws.com/ksr/projects/970424/photo-1536x1152.jpg?1399006896", 
    "ed": "https://s3.amazonaws.com/ksr/projects/970424/photo-ed.jpg?1399006896", 
    "full": "https://s3.amazonaws.com/ksr/projects/970424/photo-full.jpg?1399006896", 
    "little": "https://s3.amazonaws.com/ksr/projects/970424/photo-little.jpg?1399006896", 
    "med": "https://s3.amazonaws.com/ksr/projects/970424/photo-med.jpg?1399006896", 
    "small": "https://s3.amazonaws.com/ksr/projects/970424/photo-small.jpg?1399006896", 
    "thumb": "https://s3.amazonaws.com/ksr/projects/970424/photo-thumb.jpg?1399006896"
  }, 
  "pledged": 260834.88, 
  "slug": "antvr-kit-all-in-one-universal-virtual-reality-kit", 
  "state": "successful", 
  "state_changed_at": 1403522779, 
  "urls": {
    "web": {
      "project": "https://www.kickstarter.com/projects/805968217/antvr-kit-all-in-one-universal-virtual-reality-kit", 
      "rewards": "https://www.kickstarter.com/projects/805968217/antvr-kit-all-in-one-universal-virtual-reality-kit/rewards"
    }
  }
}