{
  "backers_count": 73, 
  "blurb": "Clean Energy", 
  "category": {
    "id": 16, 
    "name": "Technology", 
    "position": 14, 
    "slug": "technology", 
    "urls": {
      "web": {
        "discover": "http://www.kickstarter.com/discover/categories/technology"
      }
    }
  }, 
  "country": "US", 
  "created_at": 1359223472, 
  "creator": {
    "avatar": {
      "medium": "https://s3.amazonaws.com/ksr/avatars/1582459/smiler.medium.jpg?1393112458", 
      "small": "https://s3.amazonaws.com/ksr/avatars/1582459/smiler.small.jpg?1393112458", 
      "thumb": "https://s3.amazonaws.com/ksr/avatars/1582459/smiler.thumb.jpg?1393112458"
    }, 
    "id": 1354200512, 
    "name": "Dan Tracy", 
    "urls": {
      "api": {
        "user": "https://api.kickstarter.com/v1/users/1354200512?signature=1405310210.05ecd754ae777e0d3a27f134f95e44e4ab3c109c"
      }, 
      "web": {
        "user": "https://www.kickstarter.com/profile/1354200512"
      }
    }
  }, 
  "currency": "USD", 
  "currency_symbol": "$", 
  "currency_trailing_code": true, 
  "deadline": 1367507278, 
  "disable_communication": false, 
  "goal": 5000.0, 
  "id": 1061742610, 
  "launched_at": 1364915278, 
  "location": {
    "country": "US", 
    "displayable_name": "Seattle, WA", 
    "id": 2490383, 
    "name": "Seattle", 
    "short_name": "Seattle, WA", 
    "slug": "seattle-wa", 
    "state": "WA", 
    "urls": {
      "api": {
        "nearby_projects": "https://api.kickstarter.com/v1/discover?signature=1405283923.67c73dbf9dca0017ef5760ce9a5b28f4ece59887&woe_id=2490383"
      }, 
      "web": {
        "discover": "https://www.kickstarter.com/discover/places/seattle-wa", 
        "location": "https://www.kickstarter.com/locations/seattle-wa"
      }
    }
  }, 
  "name": "Pacific Sky Power", 
  "photo": {
    "1024x768": "https://s3.amazonaws.com/ksr/projects/445450/photo-1024x768.jpg?1397808807", 
    "1536x1152": "https://s3.amazonaws.com/ksr/projects/445450/photo-1536x1152.jpg?1397808807", 
    "ed": "https://s3.amazonaws.com/ksr/projects/445450/photo-ed.jpg?1397808807", 
    "full": "https://s3.amazonaws.com/ksr/projects/445450/photo-full.jpg?1397808807", 
    "little": "https://s3.amazonaws.com/ksr/projects/445450/photo-little.jpg?1397808807", 
    "med": "https://s3.amazonaws.com/ksr/projects/445450/photo-med.jpg?1397808807", 
    "small": "https://s3.amazonaws.com/ksr/projects/445450/photo-small.jpg?1397808807", 
    "thumb": "https://s3.amazonaws.com/ksr/projects/445450/photo-thumb.jpg?1397808807"
  }, 
  "pledged": 6368.0, 
  "slug": "pacific-sky-power", 
  "state": "successful", 
  "state_changed_at": 1367507278, 
  "urls": {
    "web": {
      "project": "https://www.kickstarter.com/projects/1354200512/pacific-sky-power", 
      "rewards": "https://www.kickstarter.com/projects/1354200512/pacific-sky-power/rewards"
    }
  }
}