{
  "backers_count": 4, 
  "blurb": "Why have one app for news, one for sport, one for weather? Lets bring them all together in a clean simple layout", 
  "category": {
    "id": 16, 
    "name": "Technology", 
    "position": 14, 
    "slug": "technology", 
    "urls": {
      "web": {
        "discover": "http://www.kickstarter.com/discover/categories/technology"
      }
    }
  }, 
  "country": "GB", 
  "created_at": 1376402757, 
  "creator": {
    "avatar": {
      "medium": "https://s3.amazonaws.com/ksr/avatars/7262707/name.medium.jpg?1373461941", 
      "small": "https://s3.amazonaws.com/ksr/avatars/7262707/name.small.jpg?1373461941", 
      "thumb": "https://s3.amazonaws.com/ksr/avatars/7262707/name.thumb.jpg?1373461941"
    }, 
    "id": 820104909, 
    "name": "Anthony Anderson", 
    "urls": {
      "api": {
        "user": "https://api.kickstarter.com/v1/users/820104909?signature=1405310636.7c7da351cee791e62bc778d19b7c805967ba8f08"
      }, 
      "web": {
        "user": "https://www.kickstarter.com/profile/820104909"
      }
    }
  }, 
  "currency": "GBP", 
  "currency_symbol": "\u00a3", 
  "currency_trailing_code": false, 
  "deadline": 1380313831, 
  "disable_communication": false, 
  "goal": 7000.0, 
  "id": 1063565534, 
  "launched_at": 1377721831, 
  "location": {
    "country": "GB", 
    "displayable_name": "Sheffield, UK", 
    "id": 34503, 
    "name": "Sheffield", 
    "short_name": "Sheffield, UK", 
    "slug": "sheffield-gb", 
    "state": "England", 
    "urls": {
      "api": {
        "nearby_projects": "https://api.kickstarter.com/v1/discover?signature=1405283935.4fa144805479596ca6716e64e320b8bd85e3159d&woe_id=34503"
      }, 
      "web": {
        "discover": "https://www.kickstarter.com/discover/places/sheffield-gb", 
        "location": "https://www.kickstarter.com/locations/sheffield-gb"
      }
    }
  }, 
  "name": "News.Sport.Weather iOS application", 
  "photo": {
    "1024x768": "https://s3.amazonaws.com/ksr/projects/648750/photo-1024x768.jpg?1397830654", 
    "1536x1152": "https://s3.amazonaws.com/ksr/projects/648750/photo-1536x1152.jpg?1397830654", 
    "ed": "https://s3.amazonaws.com/ksr/projects/648750/photo-ed.jpg?1397830654", 
    "full": "https://s3.amazonaws.com/ksr/projects/648750/photo-full.jpg?1397830654", 
    "little": "https://s3.amazonaws.com/ksr/projects/648750/photo-little.jpg?1397830654", 
    "med": "https://s3.amazonaws.com/ksr/projects/648750/photo-med.jpg?1397830654", 
    "small": "https://s3.amazonaws.com/ksr/projects/648750/photo-small.jpg?1397830654", 
    "thumb": "https://s3.amazonaws.com/ksr/projects/648750/photo-thumb.jpg?1397830654"
  }, 
  "pledged": 22.0, 
  "slug": "newssportweather-ios-application", 
  "state": "failed", 
  "state_changed_at": 1380313831, 
  "urls": {
    "web": {
      "project": "https://www.kickstarter.com/projects/820104909/newssportweather-ios-application", 
      "rewards": "https://www.kickstarter.com/projects/820104909/newssportweather-ios-application/rewards"
    }
  }
}