{
  "backers_count": 63, 
  "blurb": "I will share telescope views of the skies with people all over the country, turning people on to science and sparking curiosity and awe", 
  "category": {
    "id": 16, 
    "name": "Technology", 
    "position": 14, 
    "slug": "technology", 
    "urls": {
      "web": {
        "discover": "http://www.kickstarter.com/discover/categories/technology"
      }
    }
  }, 
  "country": "US", 
  "created_at": 1300730011, 
  "creator": {
    "avatar": {
      "medium": "https://s3.amazonaws.com/ksr/avatars/675093/facecolor.medium.jpg?1301033155", 
      "small": "https://s3.amazonaws.com/ksr/avatars/675093/facecolor.small.jpg?1301033155", 
      "thumb": "https://s3.amazonaws.com/ksr/avatars/675093/facecolor.thumb.jpg?1301033155"
    }, 
    "id": 759665476, 
    "name": "Jay Horowitz", 
    "slug": "astroontheroad", 
    "urls": {
      "api": {
        "user": "https://api.kickstarter.com/v1/users/759665476?signature=1405309994.5467742c1c6b1f93e5bd17b70a06397447558ab3"
      }, 
      "web": {
        "user": "https://www.kickstarter.com/profile/astroontheroad"
      }
    }
  }, 
  "currency": "USD", 
  "currency_symbol": "$", 
  "currency_trailing_code": true, 
  "deadline": 1304578740, 
  "disable_communication": false, 
  "goal": 8000.0, 
  "id": 106354256, 
  "launched_at": 1301801165, 
  "location": {
    "country": "US", 
    "displayable_name": "New York, NY", 
    "id": 2459115, 
    "name": "New York", 
    "short_name": "New York, NY", 
    "slug": "new-york-ny", 
    "state": "NY", 
    "urls": {
      "api": {
        "nearby_projects": "https://api.kickstarter.com/v1/discover?signature=1405283922.858662b9ca1ef63b6e0c38e6c88778c27a30fce5&woe_id=2459115"
      }, 
      "web": {
        "discover": "https://www.kickstarter.com/discover/places/new-york-ny", 
        "location": "https://www.kickstarter.com/locations/new-york-ny"
      }
    }
  }, 
  "name": "Astronomy On The Road", 
  "photo": {
    "1024x768": "https://s3.amazonaws.com/ksr/projects/27009/photo-1024x768.jpg?1397761934", 
    "1536x1152": "https://s3.amazonaws.com/ksr/projects/27009/photo-1536x1152.jpg?1397761934", 
    "ed": "https://s3.amazonaws.com/ksr/projects/27009/photo-ed.jpg?1397761934", 
    "full": "https://s3.amazonaws.com/ksr/projects/27009/photo-full.jpg?1397761934", 
    "little": "https://s3.amazonaws.com/ksr/projects/27009/photo-little.jpg?1397761934", 
    "med": "https://s3.amazonaws.com/ksr/projects/27009/photo-med.jpg?1397761934", 
    "small": "https://s3.amazonaws.com/ksr/projects/27009/photo-small.jpg?1397761934", 
    "thumb": "https://s3.amazonaws.com/ksr/projects/27009/photo-thumb.jpg?1397761934"
  }, 
  "pledged": 8076.0, 
  "slug": "astronomy-on-the-road", 
  "state": "successful", 
  "state_changed_at": 1304578744, 
  "urls": {
    "web": {
      "project": "https://www.kickstarter.com/projects/astroontheroad/astronomy-on-the-road", 
      "rewards": "https://www.kickstarter.com/projects/astroontheroad/astronomy-on-the-road/rewards"
    }
  }
}