{
  "backers_count": 128, 
  "blurb": "A how to guide for people looking to build their own windows 8 tablet on par with the Surface Pro, but with upgradeable parts.", 
  "category": {
    "id": 16, 
    "name": "Technology", 
    "position": 14, 
    "slug": "technology", 
    "urls": {
      "web": {
        "discover": "http://www.kickstarter.com/discover/categories/technology"
      }
    }
  }, 
  "country": "US", 
  "created_at": 1354477176, 
  "creator": {
    "avatar": {
      "medium": "https://s3.amazonaws.com/ksr/avatars/4833634/Profile.medium.jpg?1354485777", 
      "small": "https://s3.amazonaws.com/ksr/avatars/4833634/Profile.small.jpg?1354485777", 
      "thumb": "https://s3.amazonaws.com/ksr/avatars/4833634/Profile.thumb.jpg?1354485777"
    }, 
    "id": 1608380091, 
    "name": "Richard Kunz", 
    "urls": {
      "api": {
        "user": "https://api.kickstarter.com/v1/users/1608380091?signature=1405310249.717e6d9270f614f34ca01168a08846112aa5b25c"
      }, 
      "web": {
        "user": "https://www.kickstarter.com/profile/1608380091"
      }
    }
  }, 
  "currency": "USD", 
  "currency_symbol": "$", 
  "currency_trailing_code": true, 
  "deadline": 1357752448, 
  "disable_communication": false, 
  "goal": 800.0, 
  "id": 1064388253, 
  "launched_at": 1355160448, 
  "location": {
    "country": "US", 
    "displayable_name": "Hume, CA", 
    "id": 2425527, 
    "name": "Hume", 
    "short_name": "Hume, CA", 
    "slug": "hume-ca", 
    "state": "CA", 
    "urls": {
      "api": {
        "nearby_projects": "https://api.kickstarter.com/v1/discover?signature=1405284457.9109eb030735287fa33f841e99f7d4ff2807fd79&woe_id=2425527"
      }, 
      "web": {
        "discover": "https://www.kickstarter.com/discover/places/hume-ca", 
        "location": "https://www.kickstarter.com/locations/hume-ca"
      }
    }
  }, 
  "name": "DIY fully upgradeable windows 8 tablet how to guide", 
  "photo": {
    "1024x768": "https://s3.amazonaws.com/ksr/projects/404802/photo-1024x768.jpg?1397804451", 
    "1536x1152": "https://s3.amazonaws.com/ksr/projects/404802/photo-1536x1152.jpg?1397804451", 
    "ed": "https://s3.amazonaws.com/ksr/projects/404802/photo-ed.jpg?1397804451", 
    "full": "https://s3.amazonaws.com/ksr/projects/404802/photo-full.jpg?1397804451", 
    "little": "https://s3.amazonaws.com/ksr/projects/404802/photo-little.jpg?1397804451", 
    "med": "https://s3.amazonaws.com/ksr/projects/404802/photo-med.jpg?1397804451", 
    "small": "https://s3.amazonaws.com/ksr/projects/404802/photo-small.jpg?1397804451", 
    "thumb": "https://s3.amazonaws.com/ksr/projects/404802/photo-thumb.jpg?1397804451"
  }, 
  "pledged": 2132.0, 
  "slug": "diy-fully-upgradeable-windows-8-tablet-how-to-guid", 
  "state": "successful", 
  "state_changed_at": 1357752449, 
  "urls": {
    "web": {
      "project": "https://www.kickstarter.com/projects/1608380091/diy-fully-upgradeable-windows-8-tablet-how-to-guid", 
      "rewards": "https://www.kickstarter.com/projects/1608380091/diy-fully-upgradeable-windows-8-tablet-how-to-guid/rewards"
    }
  }
}