{
  "backers_count": 18, 
  "blurb": "FeZZee is designed to make music festivals less hassle and more fun, before, during and after the gigs.", 
  "category": {
    "id": 51, 
    "name": "Software", 
    "parent_id": 16, 
    "position": 11, 
    "slug": "technology/software", 
    "urls": {
      "web": {
        "discover": "http://www.kickstarter.com/discover/categories/technology/software"
      }
    }
  }, 
  "country": "US", 
  "created_at": 1371121841, 
  "creator": {
    "avatar": {
      "medium": "https://s3.amazonaws.com/ksr/avatars/6948750/gene___matt_sq_sm.medium.jpg?1377106688", 
      "small": "https://s3.amazonaws.com/ksr/avatars/6948750/gene___matt_sq_sm.small.jpg?1377106688", 
      "thumb": "https://s3.amazonaws.com/ksr/avatars/6948750/gene___matt_sq_sm.thumb.jpg?1377106688"
    }, 
    "id": 1693640800, 
    "name": "FeZZee", 
    "slug": "fezzee", 
    "urls": {
      "api": {
        "user": "https://api.kickstarter.com/v1/users/1693640800?signature=1405310498.e993a0e83341a2a7256e575a1acaf55a5e94b63f"
      }, 
      "web": {
        "user": "https://www.kickstarter.com/profile/fezzee"
      }
    }
  }, 
  "currency": "USD", 
  "currency_symbol": "$", 
  "currency_trailing_code": true, 
  "deadline": 1381415446, 
  "disable_communication": false, 
  "goal": 80000.0, 
  "id": 1064076036, 
  "launched_at": 1378823446, 
  "location": {
    "country": "US", 
    "displayable_name": "New York, NY", 
    "id": 2459115, 
    "name": "New York", 
    "short_name": "New York, NY", 
    "slug": "new-york-ny", 
    "state": "NY", 
    "urls": {
      "api": {
        "nearby_projects": "https://api.kickstarter.com/v1/discover?signature=1405283922.858662b9ca1ef63b6e0c38e6c88778c27a30fce5&woe_id=2459115"
      }, 
      "web": {
        "discover": "https://www.kickstarter.com/discover/places/new-york-ny", 
        "location": "https://www.kickstarter.com/locations/new-york-ny"
      }
    }
  }, 
  "name": "FeZZee- Awesome Apps for the fans of Music Festivals", 
  "photo": {
    "1024x768": "https://s3.amazonaws.com/ksr/projects/588534/photo-1024x768.jpg?1397824028", 
    "1536x1152": "https://s3.amazonaws.com/ksr/projects/588534/photo-1536x1152.jpg?1397824028", 
    "ed": "https://s3.amazonaws.com/ksr/projects/588534/photo-ed.jpg?1397824028", 
    "full": "https://s3.amazonaws.com/ksr/projects/588534/photo-full.jpg?1397824028", 
    "little": "https://s3.amazonaws.com/ksr/projects/588534/photo-little.jpg?1397824028", 
    "med": "https://s3.amazonaws.com/ksr/projects/588534/photo-med.jpg?1397824028", 
    "small": "https://s3.amazonaws.com/ksr/projects/588534/photo-small.jpg?1397824028", 
    "thumb": "https://s3.amazonaws.com/ksr/projects/588534/photo-thumb.jpg?1397824028"
  }, 
  "pledged": 1040.0, 
  "slug": "fezzee-awesome-apps-for-the-fans-of-music-festival", 
  "state": "canceled", 
  "state_changed_at": 1380271437, 
  "urls": {
    "web": {
      "project": "https://www.kickstarter.com/projects/fezzee/fezzee-awesome-apps-for-the-fans-of-music-festival", 
      "rewards": "https://www.kickstarter.com/projects/fezzee/fezzee-awesome-apps-for-the-fans-of-music-festival/rewards"
    }
  }
}