{
  "backers_count": 256, 
  "blurb": "an iPhone / iPod Touch & Wiimote musical instrument. It's fully customizable and intuitive. Includes: Drums, Guitar, Piano, & more...", 
  "category": {
    "id": 16, 
    "name": "Technology", 
    "position": 14, 
    "slug": "technology", 
    "urls": {
      "web": {
        "discover": "http://www.kickstarter.com/discover/categories/technology"
      }
    }
  }, 
  "country": "US", 
  "created_at": 1300829711, 
  "creator": {
    "avatar": {
      "medium": "https://s3.amazonaws.com/ksr/avatars/707389/Screen%20shot%202012-05-21%20at%203.50.09%20PM.medium.jpg?1338922680", 
      "small": "https://s3.amazonaws.com/ksr/avatars/707389/Screen%20shot%202012-05-21%20at%203.50.09%20PM.small.jpg?1338922680", 
      "thumb": "https://s3.amazonaws.com/ksr/avatars/707389/Screen%20shot%202012-05-21%20at%203.50.09%20PM.thumb.jpg?1338922680"
    }, 
    "id": 37992553, 
    "name": "Tim Soo", 
    "slug": "tasooey", 
    "urls": {
      "api": {
        "user": "https://api.kickstarter.com/v1/users/37992553?signature=1405310385.a5a2e8f0fd38b4bf5e9cb181ee2a63b02f4e65a3"
      }, 
      "web": {
        "user": "https://www.kickstarter.com/profile/tasooey"
      }
    }
  }, 
  "currency": "USD", 
  "currency_symbol": "$", 
  "currency_trailing_code": true, 
  "deadline": 1304654340, 
  "disable_communication": false, 
  "goal": 10000.0, 
  "id": 1065262984, 
  "launched_at": 1301820311, 
  "location": {
    "country": "US", 
    "displayable_name": "New York, NY", 
    "id": 2459115, 
    "name": "New York", 
    "short_name": "New York, NY", 
    "slug": "new-york-ny", 
    "state": "NY", 
    "urls": {
      "api": {
        "nearby_projects": "https://api.kickstarter.com/v1/discover?signature=1405283922.858662b9ca1ef63b6e0c38e6c88778c27a30fce5&woe_id=2459115"
      }, 
      "web": {
        "discover": "https://www.kickstarter.com/discover/places/new-york-ny", 
        "location": "https://www.kickstarter.com/locations/new-york-ny"
      }
    }
  }, 
  "name": "Invisible Instrument: iPhone-based, gestural musical tool", 
  "photo": {
    "1024x768": "https://s3.amazonaws.com/ksr/projects/27135/photo-1024x768.jpg?1397761960", 
    "1536x1152": "https://s3.amazonaws.com/ksr/projects/27135/photo-1536x1152.jpg?1397761960", 
    "ed": "https://s3.amazonaws.com/ksr/projects/27135/photo-ed.jpg?1397761960", 
    "full": "https://s3.amazonaws.com/ksr/projects/27135/photo-full.jpg?1397761960", 
    "little": "https://s3.amazonaws.com/ksr/projects/27135/photo-little.jpg?1397761960", 
    "med": "https://s3.amazonaws.com/ksr/projects/27135/photo-med.jpg?1397761960", 
    "small": "https://s3.amazonaws.com/ksr/projects/27135/photo-small.jpg?1397761960", 
    "thumb": "https://s3.amazonaws.com/ksr/projects/27135/photo-thumb.jpg?1397761960"
  }, 
  "pledged": 7436.01, 
  "slug": "the-invisible-instrument", 
  "state": "failed", 
  "state_changed_at": 1304654342, 
  "urls": {
    "web": {
      "project": "https://www.kickstarter.com/projects/tasooey/the-invisible-instrument", 
      "rewards": "https://www.kickstarter.com/projects/tasooey/the-invisible-instrument/rewards"
    }
  }
}