{
  "backers_count": 1446, 
  "blurb": "Learn advanced web development through hands-on, interesting examples with the power of Python and Django 1.6.", 
  "category": {
    "id": 51, 
    "name": "Software", 
    "parent_id": 16, 
    "position": 11, 
    "slug": "technology/software", 
    "urls": {
      "web": {
        "discover": "http://www.kickstarter.com/discover/categories/technology/software"
      }
    }
  }, 
  "country": "US", 
  "created_at": 1384759400, 
  "creator": {
    "avatar": {
      "medium": "https://s3.amazonaws.com/ksr/avatars/6075652/fb_profile_picture.medium.jpg?1364694175", 
      "small": "https://s3.amazonaws.com/ksr/avatars/6075652/fb_profile_picture.small.jpg?1364694175", 
      "thumb": "https://s3.amazonaws.com/ksr/avatars/6075652/fb_profile_picture.thumb.jpg?1364694175"
    }, 
    "id": 721054906, 
    "name": "Jeremy Johnson", 
    "urls": {
      "api": {
        "user": "https://api.kickstarter.com/v1/users/721054906?signature=1405310028.d5a41c1c3a8076ff9cbdba9b43524d22672679fd"
      }, 
      "web": {
        "user": "https://www.kickstarter.com/profile/721054906"
      }
    }
  }, 
  "currency": "USD", 
  "currency_symbol": "$", 
  "currency_trailing_code": true, 
  "deadline": 1389743171, 
  "disable_communication": false, 
  "goal": 3500.0, 
  "id": 1065015889, 
  "launched_at": 1386891971, 
  "location": {
    "country": "US", 
    "displayable_name": "Boulder, CO", 
    "id": 2367231, 
    "name": "Boulder", 
    "short_name": "Boulder, CO", 
    "slug": "boulder-co", 
    "state": "CO", 
    "urls": {
      "api": {
        "nearby_projects": "https://api.kickstarter.com/v1/discover?signature=1405283926.62a32eaab9c6f9b5b548bdd0120fc06e3e819e0a&woe_id=2367231"
      }, 
      "web": {
        "discover": "https://www.kickstarter.com/discover/places/boulder-co", 
        "location": "https://www.kickstarter.com/locations/boulder-co"
      }
    }
  }, 
  "name": "Real Python: Advanced Web Development, featuring Django 1.6", 
  "photo": {
    "1024x768": "https://s3.amazonaws.com/ksr/projects/764574/photo-1024x768.jpg?1397856703", 
    "1536x1152": "https://s3.amazonaws.com/ksr/projects/764574/photo-1536x1152.jpg?1397856703", 
    "ed": "https://s3.amazonaws.com/ksr/projects/764574/photo-ed.jpg?1397856703", 
    "full": "https://s3.amazonaws.com/ksr/projects/764574/photo-full.jpg?1397856703", 
    "little": "https://s3.amazonaws.com/ksr/projects/764574/photo-little.jpg?1397856703", 
    "med": "https://s3.amazonaws.com/ksr/projects/764574/photo-med.jpg?1397856703", 
    "small": "https://s3.amazonaws.com/ksr/projects/764574/photo-small.jpg?1397856703", 
    "thumb": "https://s3.amazonaws.com/ksr/projects/764574/photo-thumb.jpg?1397856703"
  }, 
  "pledged": 50001.0, 
  "slug": "real-python-advanced-web-development-featuring-dja", 
  "state": "successful", 
  "state_changed_at": 1389743171, 
  "urls": {
    "web": {
      "project": "https://www.kickstarter.com/projects/721054906/real-python-advanced-web-development-featuring-dja", 
      "rewards": "https://www.kickstarter.com/projects/721054906/real-python-advanced-web-development-featuring-dja/rewards"
    }
  }
}