{
  "backers_count": 6, 
  "blurb": "Replacing the need to ever refuel again.", 
  "category": {
    "id": 16, 
    "name": "Technology", 
    "position": 14, 
    "slug": "technology", 
    "urls": {
      "web": {
        "discover": "http://www.kickstarter.com/discover/categories/technology"
      }
    }
  }, 
  "country": "GB", 
  "created_at": 1404994215, 
  "creator": {
    "avatar": {
      "medium": "https://s3.amazonaws.com/ksr/avatars/11323089/greeen.medium.jpg?1404986733", 
      "small": "https://s3.amazonaws.com/ksr/avatars/11323089/greeen.small.jpg?1404986733", 
      "thumb": "https://s3.amazonaws.com/ksr/avatars/11323089/greeen.thumb.jpg?1404986733"
    }, 
    "id": 57616998, 
    "name": "samuel robins and Attila Pataki", 
    "urls": {
      "api": {
        "user": "https://api.kickstarter.com/v1/users/57616998?signature=1405310293.70c8f3f6fa68a64cd9a072394153f4f822f47268"
      }, 
      "web": {
        "user": "https://www.kickstarter.com/profile/57616998"
      }
    }
  }, 
  "currency": "GBP", 
  "currency_symbol": "\u00a3", 
  "currency_trailing_code": false, 
  "deadline": 1407687097, 
  "disable_communication": false, 
  "goal": 20000.0, 
  "id": 1065492465, 
  "launched_at": 1405095097, 
  "location": {
    "country": "GB", 
    "displayable_name": "Cornwall and Isles of Scilly, UK", 
    "id": 12602181, 
    "name": "Cornwall and Isles of Scilly", 
    "short_name": "Cornwall and Isles of Scilly, UK", 
    "slug": "cornwall-and-isles-of-scilly-gb", 
    "state": "England", 
    "urls": {
      "api": {
        "nearby_projects": "https://api.kickstarter.com/v1/discover?signature=1405283933.a9aa06465097ddc66a9213686b161ea82a66dc3c&woe_id=12602181"
      }, 
      "web": {
        "discover": "https://www.kickstarter.com/discover/places/cornwall-and-isles-of-scilly-gb", 
        "location": "https://www.kickstarter.com/locations/cornwall-and-isles-of-scilly-gb"
      }
    }
  }, 
  "name": "Green Drive (1:16 size modell)", 
  "photo": {
    "1024x768": "https://s3.amazonaws.com/ksr/projects/1128560/photo-1024x768.jpg?1404994276", 
    "1536x1152": "https://s3.amazonaws.com/ksr/projects/1128560/photo-1536x1152.jpg?1404994276", 
    "ed": "https://s3.amazonaws.com/ksr/projects/1128560/photo-ed.jpg?1404994276", 
    "full": "https://s3.amazonaws.com/ksr/projects/1128560/photo-full.jpg?1404994276", 
    "little": "https://s3.amazonaws.com/ksr/projects/1128560/photo-little.jpg?1404994276", 
    "med": "https://s3.amazonaws.com/ksr/projects/1128560/photo-med.jpg?1404994276", 
    "small": "https://s3.amazonaws.com/ksr/projects/1128560/photo-small.jpg?1404994276", 
    "thumb": "https://s3.amazonaws.com/ksr/projects/1128560/photo-thumb.jpg?1404994276"
  }, 
  "pledged": 19.0, 
  "slug": "green-drive-1-16-size-modell", 
  "state": "live", 
  "state_changed_at": 1405095097, 
  "urls": {
    "web": {
      "project": "https://www.kickstarter.com/projects/57616998/green-drive-1-16-size-modell", 
      "rewards": "https://www.kickstarter.com/projects/57616998/green-drive-1-16-size-modell/rewards"
    }
  }
}