{
  "backers_count": 12958, 
  "blurb": "Scan materials or physical objects. Get instant relevant information to your smartphone. Food, medicine, plants, and more.", 
  "category": {
    "id": 52, 
    "name": "Hardware", 
    "parent_id": 16, 
    "position": 8, 
    "slug": "technology/hardware", 
    "urls": {
      "web": {
        "discover": "http://www.kickstarter.com/discover/categories/technology/hardware"
      }
    }
  }, 
  "country": "US", 
  "created_at": 1394605916, 
  "creator": {
    "avatar": {
      "medium": "https://s3.amazonaws.com/ksr/avatars/9916934/CP_logo-square-870.medium.jpg?1397381214", 
      "small": "https://s3.amazonaws.com/ksr/avatars/9916934/CP_logo-square-870.small.jpg?1397381214", 
      "thumb": "https://s3.amazonaws.com/ksr/avatars/9916934/CP_logo-square-870.thumb.jpg?1397381214"
    }, 
    "id": 903107259, 
    "name": "Consumer Physics, Inc.", 
    "urls": {
      "api": {
        "user": "https://api.kickstarter.com/v1/users/903107259?signature=1405309908.f86bbfa8e17cb3c782f7d6002f8c33e483a8538e"
      }, 
      "web": {
        "user": "https://www.kickstarter.com/profile/903107259"
      }
    }
  }, 
  "currency": "USD", 
  "currency_symbol": "$", 
  "currency_trailing_code": true, 
  "deadline": 1402858800, 
  "disable_communication": false, 
  "goal": 200000.0, 
  "id": 1065249597, 
  "launched_at": 1398784683, 
  "location": {
    "country": "IL", 
    "displayable_name": "Tel Aviv, Israel", 
    "id": 1968212, 
    "name": "Tel Aviv", 
    "short_name": "Tel Aviv, Israel", 
    "slug": "tel-aviv-il", 
    "state": "Tel Aviv", 
    "urls": {
      "api": {
        "nearby_projects": "https://api.kickstarter.com/v1/discover?signature=1405283929.7e196dff751dd99bc8465b6cc83327f2749644fe&woe_id=1968212"
      }, 
      "web": {
        "discover": "https://www.kickstarter.com/discover/places/tel-aviv-il", 
        "location": "https://www.kickstarter.com/locations/tel-aviv-il"
      }
    }
  }, 
  "name": "SCiO: Your Sixth Sense. A Pocket Molecular Sensor For All !", 
  "photo": {
    "1024x768": "https://s3.amazonaws.com/ksr/projects/905552/photo-1024x768.jpg?1398592956", 
    "1536x1152": "https://s3.amazonaws.com/ksr/projects/905552/photo-1536x1152.jpg?1398592956", 
    "ed": "https://s3.amazonaws.com/ksr/projects/905552/photo-ed.jpg?1398592956", 
    "full": "https://s3.amazonaws.com/ksr/projects/905552/photo-full.jpg?1398592956", 
    "little": "https://s3.amazonaws.com/ksr/projects/905552/photo-little.jpg?1398592956", 
    "med": "https://s3.amazonaws.com/ksr/projects/905552/photo-med.jpg?1398592956", 
    "small": "https://s3.amazonaws.com/ksr/projects/905552/photo-small.jpg?1398592956", 
    "thumb": "https://s3.amazonaws.com/ksr/projects/905552/photo-thumb.jpg?1398592956"
  }, 
  "pledged": 2762571.78, 
  "slug": "scio-your-sixth-sense-a-pocket-molecular-sensor-fo", 
  "state": "successful", 
  "state_changed_at": 1402858812, 
  "urls": {
    "web": {
      "project": "https://www.kickstarter.com/projects/903107259/scio-your-sixth-sense-a-pocket-molecular-sensor-fo", 
      "rewards": "https://www.kickstarter.com/projects/903107259/scio-your-sixth-sense-a-pocket-molecular-sensor-fo/rewards"
    }
  }
}