{
  "backers_count": 37, 
  "blurb": "The Uniform Frequency Orbiter (UFO) is a combination speed strobe and weighted record clamp for your turntable.", 
  "category": {
    "id": 52, 
    "name": "Hardware", 
    "parent_id": 16, 
    "position": 8, 
    "slug": "technology/hardware", 
    "urls": {
      "web": {
        "discover": "http://www.kickstarter.com/discover/categories/technology/hardware"
      }
    }
  }, 
  "country": "US", 
  "created_at": 1374374157, 
  "creator": {
    "avatar": {
      "medium": "https://s3.amazonaws.com/ksr/avatars/5301860/hat.medium.jpg?1359348996", 
      "small": "https://s3.amazonaws.com/ksr/avatars/5301860/hat.small.jpg?1359348996", 
      "thumb": "https://s3.amazonaws.com/ksr/avatars/5301860/hat.thumb.jpg?1359348996"
    }, 
    "id": 1907446723, 
    "name": "Jim Hagerman", 
    "urls": {
      "api": {
        "user": "https://api.kickstarter.com/v1/users/1907446723?signature=1405310426.f52f7d2ce138623c4b386b002365ae60ce3a9b3a"
      }, 
      "web": {
        "user": "https://www.kickstarter.com/profile/1907446723"
      }
    }
  }, 
  "currency": "USD", 
  "currency_symbol": "$", 
  "currency_trailing_code": true, 
  "deadline": 1377201686, 
  "disable_communication": false, 
  "goal": 22500.0, 
  "id": 1066020472, 
  "launched_at": 1374609686, 
  "location": {
    "country": "US", 
    "displayable_name": "Honolulu, HI", 
    "id": 2423945, 
    "name": "Honolulu", 
    "short_name": "Honolulu, HI", 
    "slug": "honolulu-hi", 
    "state": "HI", 
    "urls": {
      "api": {
        "nearby_projects": "https://api.kickstarter.com/v1/discover?signature=1405283931.0a2dc9a68708fdef3d4da74f6c3bdcce9da8c4bf&woe_id=2423945"
      }, 
      "web": {
        "discover": "https://www.kickstarter.com/discover/places/honolulu-hi", 
        "location": "https://www.kickstarter.com/locations/honolulu-hi"
      }
    }
  }, 
  "name": "UFO: A DIY Turntable Strobe", 
  "photo": {
    "1024x768": "https://s3.amazonaws.com/ksr/projects/624241/photo-1024x768.jpg?1397827931", 
    "1536x1152": "https://s3.amazonaws.com/ksr/projects/624241/photo-1536x1152.jpg?1397827931", 
    "ed": "https://s3.amazonaws.com/ksr/projects/624241/photo-ed.jpg?1397827931", 
    "full": "https://s3.amazonaws.com/ksr/projects/624241/photo-full.jpg?1397827931", 
    "little": "https://s3.amazonaws.com/ksr/projects/624241/photo-little.jpg?1397827931", 
    "med": "https://s3.amazonaws.com/ksr/projects/624241/photo-med.jpg?1397827931", 
    "small": "https://s3.amazonaws.com/ksr/projects/624241/photo-small.jpg?1397827931", 
    "thumb": "https://s3.amazonaws.com/ksr/projects/624241/photo-thumb.jpg?1397827931"
  }, 
  "pledged": 3248.0, 
  "slug": "ufo-a-diy-turntable-strobe", 
  "state": "failed", 
  "state_changed_at": 1377201686, 
  "urls": {
    "web": {
      "project": "https://www.kickstarter.com/projects/1907446723/ufo-a-diy-turntable-strobe", 
      "rewards": "https://www.kickstarter.com/projects/1907446723/ufo-a-diy-turntable-strobe/rewards"
    }
  }
}