{
  "backers_count": 24, 
  "blurb": "Knowledge is the most valuable thing on the planet and becomes more valuable each time you share it. Support an Open Science torrent tracker.", 
  "category": {
    "id": 51, 
    "name": "Software", 
    "parent_id": 16, 
    "position": 11, 
    "slug": "technology/software", 
    "urls": {
      "web": {
        "discover": "http://www.kickstarter.com/discover/categories/technology/software"
      }
    }
  }, 
  "country": "US", 
  "created_at": 1283813063, 
  "creator": {
    "avatar": {
      "medium": "https://s3.amazonaws.com/ksr/avatars/213122/opensciencefund_logo_2_.medium.jpg?1288678195", 
      "small": "https://s3.amazonaws.com/ksr/avatars/213122/opensciencefund_logo_2_.small.jpg?1288678195", 
      "thumb": "https://s3.amazonaws.com/ksr/avatars/213122/opensciencefund_logo_2_.thumb.jpg?1288678195"
    }, 
    "id": 86514518, 
    "name": "OpenScienceFund", 
    "urls": {
      "api": {
        "user": "https://api.kickstarter.com/v1/users/86514518?signature=1405310267.d87938d5fb6d0030dcc42447b3e9af2cd14feabf"
      }, 
      "web": {
        "user": "https://www.kickstarter.com/profile/86514518"
      }
    }
  }, 
  "currency": "USD", 
  "currency_symbol": "$", 
  "currency_trailing_code": true, 
  "deadline": 1293306606, 
  "disable_communication": false, 
  "goal": 1000.0, 
  "id": 1067405399, 
  "launched_at": 1285527006, 
  "location": {
    "country": "US", 
    "displayable_name": "Houston, TX", 
    "id": 2424766, 
    "name": "Houston", 
    "short_name": "Houston, TX", 
    "slug": "houston-tx", 
    "state": "TX", 
    "urls": {
      "api": {
        "nearby_projects": "https://api.kickstarter.com/v1/discover?signature=1405283926.e236df9313624e13a020a2d914775b108a5bbdc9&woe_id=2424766"
      }, 
      "web": {
        "discover": "https://www.kickstarter.com/discover/places/houston-tx", 
        "location": "https://www.kickstarter.com/locations/houston-tx"
      }
    }
  }, 
  "name": "Open Science Tracker", 
  "photo": {
    "1024x768": "https://s3.amazonaws.com/ksr/projects/11353/photo-1024x768.jpg?1397758976", 
    "1536x1152": "https://s3.amazonaws.com/ksr/projects/11353/photo-1536x1152.jpg?1397758976", 
    "ed": "https://s3.amazonaws.com/ksr/projects/11353/photo-ed.jpg?1397758976", 
    "full": "https://s3.amazonaws.com/ksr/projects/11353/photo-full.jpg?1397758976", 
    "little": "https://s3.amazonaws.com/ksr/projects/11353/photo-little.jpg?1397758976", 
    "med": "https://s3.amazonaws.com/ksr/projects/11353/photo-med.jpg?1397758976", 
    "small": "https://s3.amazonaws.com/ksr/projects/11353/photo-small.jpg?1397758976", 
    "thumb": "https://s3.amazonaws.com/ksr/projects/11353/photo-thumb.jpg?1397758976"
  }, 
  "pledged": 1000.0, 
  "slug": "open-science-tracker", 
  "state": "successful", 
  "state_changed_at": 1293306606, 
  "urls": {
    "web": {
      "project": "https://www.kickstarter.com/projects/86514518/open-science-tracker", 
      "rewards": "https://www.kickstarter.com/projects/86514518/open-science-tracker/rewards"
    }
  }
}