{
  "backers_count": 34, 
  "blurb": "HuskrBot is a robotics team.  We Design - Build - Program - & Compete in the national FIRST Tech Challenge series.", 
  "category": {
    "id": 16, 
    "name": "Technology", 
    "position": 14, 
    "slug": "technology", 
    "urls": {
      "web": {
        "discover": "http://www.kickstarter.com/discover/categories/technology"
      }
    }
  }, 
  "country": "US", 
  "created_at": 1384113656, 
  "creator": {
    "avatar": {
      "medium": "https://s3.amazonaws.com/ksr/avatars/8632653/1392588758.medium.jpg?1394391313", 
      "small": "https://s3.amazonaws.com/ksr/avatars/8632653/1392588758.small.jpg?1394391313", 
      "thumb": "https://s3.amazonaws.com/ksr/avatars/8632653/1392588758.thumb.jpg?1394391313"
    }, 
    "id": 1373612157, 
    "name": "HuskrBot Team 6412", 
    "urls": {
      "api": {
        "user": "https://api.kickstarter.com/v1/users/1373612157?signature=1405310259.6ae996998c1b97f8818fbc9b9b5a53b6654867ad"
      }, 
      "web": {
        "user": "https://www.kickstarter.com/profile/1373612157"
      }
    }
  }, 
  "currency": "USD", 
  "currency_symbol": "$", 
  "currency_trailing_code": true, 
  "deadline": 1399308266, 
  "disable_communication": false, 
  "goal": 1500.0, 
  "id": 1067790360, 
  "launched_at": 1396284266, 
  "location": {
    "country": "US", 
    "displayable_name": "Lincoln, NE", 
    "id": 2439482, 
    "name": "Lincoln", 
    "short_name": "Lincoln, NE", 
    "slug": "lincoln-ne", 
    "state": "NE", 
    "urls": {
      "api": {
        "nearby_projects": "https://api.kickstarter.com/v1/discover?signature=1405283930.fd9545617c7b43b35ca2abc4ae4170bfcfd51877&woe_id=2439482"
      }, 
      "web": {
        "discover": "https://www.kickstarter.com/discover/places/lincoln-ne", 
        "location": "https://www.kickstarter.com/locations/lincoln-ne"
      }
    }
  }, 
  "name": "HuskrBot Team 6412", 
  "photo": {
    "1024x768": "https://s3.amazonaws.com/ksr/projects/754285/photo-1024x768.jpg?1397855584", 
    "1536x1152": "https://s3.amazonaws.com/ksr/projects/754285/photo-1536x1152.jpg?1397855584", 
    "ed": "https://s3.amazonaws.com/ksr/projects/754285/photo-ed.jpg?1397855584", 
    "full": "https://s3.amazonaws.com/ksr/projects/754285/photo-full.jpg?1397855584", 
    "little": "https://s3.amazonaws.com/ksr/projects/754285/photo-little.jpg?1397855584", 
    "med": "https://s3.amazonaws.com/ksr/projects/754285/photo-med.jpg?1397855584", 
    "small": "https://s3.amazonaws.com/ksr/projects/754285/photo-small.jpg?1397855584", 
    "thumb": "https://s3.amazonaws.com/ksr/projects/754285/photo-thumb.jpg?1397855584"
  }, 
  "pledged": 1532.0, 
  "slug": "huskrbot-team-6412", 
  "state": "successful", 
  "state_changed_at": 1399308310, 
  "urls": {
    "web": {
      "project": "https://www.kickstarter.com/projects/1373612157/huskrbot-team-6412", 
      "rewards": "https://www.kickstarter.com/projects/1373612157/huskrbot-team-6412/rewards"
    }
  }
}