{
  "backers_count": 241, 
  "blurb": "Micro-USB in-line shutdown circuit switch for Raspberry Pi", 
  "category": {
    "id": 52, 
    "name": "Hardware", 
    "parent_id": 16, 
    "position": 8, 
    "slug": "technology/hardware", 
    "urls": {
      "web": {
        "discover": "http://www.kickstarter.com/discover/categories/technology/hardware"
      }
    }
  }, 
  "country": "US", 
  "created_at": 1360932544, 
  "creator": {
    "avatar": {
      "medium": "https://s3.amazonaws.com/ksr/avatars/5481215/MausBerry4.medium.jpg?1361853765", 
      "small": "https://s3.amazonaws.com/ksr/avatars/5481215/MausBerry4.small.jpg?1361853765", 
      "thumb": "https://s3.amazonaws.com/ksr/avatars/5481215/MausBerry4.thumb.jpg?1361853765"
    }, 
    "id": 1312527055, 
    "name": "MausBerry Circuits", 
    "urls": {
      "api": {
        "user": "https://api.kickstarter.com/v1/users/1312527055?signature=1405310214.6a7de0aa0cac0418d4ff1841e71208ad69ee5f04"
      }, 
      "web": {
        "user": "https://www.kickstarter.com/profile/1312527055"
      }
    }
  }, 
  "currency": "USD", 
  "currency_symbol": "$", 
  "currency_trailing_code": true, 
  "deadline": 1362703415, 
  "disable_communication": false, 
  "goal": 1250.0, 
  "id": 106776189, 
  "launched_at": 1360975415, 
  "location": {
    "country": "US", 
    "displayable_name": "Long Island, NY", 
    "id": 12485627, 
    "name": "Long Island", 
    "short_name": "Long Island, NY", 
    "slug": "long-island-ny", 
    "state": "NY", 
    "urls": {
      "api": {
        "nearby_projects": "https://api.kickstarter.com/v1/discover?signature=1405283939.d04626909ecf383589d9654899a1df005496e2bf&woe_id=12485627"
      }, 
      "web": {
        "discover": "https://www.kickstarter.com/discover/places/long-island-ny", 
        "location": "https://www.kickstarter.com/locations/long-island-ny"
      }
    }
  }, 
  "name": "Raspberry Pi Micro-USB On / Off Power Switch Circuit", 
  "photo": {
    "1024x768": "https://s3.amazonaws.com/ksr/projects/463400/photo-1024x768.jpg?1397810721", 
    "1536x1152": "https://s3.amazonaws.com/ksr/projects/463400/photo-1536x1152.jpg?1397810721", 
    "ed": "https://s3.amazonaws.com/ksr/projects/463400/photo-ed.jpg?1397810721", 
    "full": "https://s3.amazonaws.com/ksr/projects/463400/photo-full.jpg?1397810721", 
    "little": "https://s3.amazonaws.com/ksr/projects/463400/photo-little.jpg?1397810721", 
    "med": "https://s3.amazonaws.com/ksr/projects/463400/photo-med.jpg?1397810721", 
    "small": "https://s3.amazonaws.com/ksr/projects/463400/photo-small.jpg?1397810721", 
    "thumb": "https://s3.amazonaws.com/ksr/projects/463400/photo-thumb.jpg?1397810721"
  }, 
  "pledged": 5731.42, 
  "slug": "micro-usb-on-off-power-switch-for-raspberry-pi", 
  "state": "successful", 
  "state_changed_at": 1362703415, 
  "urls": {
    "web": {
      "project": "https://www.kickstarter.com/projects/1312527055/micro-usb-on-off-power-switch-for-raspberry-pi", 
      "rewards": "https://www.kickstarter.com/projects/1312527055/micro-usb-on-off-power-switch-for-raspberry-pi/rewards"
    }
  }
}