{
  "backers_count": 1772, 
  "blurb": "Next generation control of your environment with accurate in-home location data and a gesture control interface.", 
  "category": {
    "id": 52, 
    "name": "Hardware", 
    "parent_id": 16, 
    "position": 8, 
    "slug": "technology/hardware", 
    "urls": {
      "web": {
        "discover": "http://www.kickstarter.com/discover/categories/technology/hardware"
      }
    }
  }, 
  "country": "AU", 
  "created_at": 1383636945, 
  "creator": {
    "avatar": {
      "medium": "https://s3.amazonaws.com/ksr/avatars/1816468/Ninja-Blocks-Vimeo-Logo.medium.jpg?1345467110", 
      "small": "https://s3.amazonaws.com/ksr/avatars/1816468/Ninja-Blocks-Vimeo-Logo.small.jpg?1345467110", 
      "thumb": "https://s3.amazonaws.com/ksr/avatars/1816468/Ninja-Blocks-Vimeo-Logo.thumb.jpg?1345467110"
    }, 
    "id": 37564686, 
    "name": "Ninja Blocks", 
    "slug": "ninja", 
    "urls": {
      "api": {
        "user": "https://api.kickstarter.com/v1/users/37564686?signature=1405309983.799bd9ac89903c227a618a277ed3a3642f3ece3e"
      }, 
      "web": {
        "user": "https://www.kickstarter.com/profile/ninja"
      }
    }
  }, 
  "currency": "AUD", 
  "currency_symbol": "$", 
  "currency_trailing_code": true, 
  "deadline": 1389494013, 
  "disable_communication": false, 
  "goal": 115000.0, 
  "id": 1067365635, 
  "launched_at": 1384310013, 
  "location": {
    "country": "AU", 
    "displayable_name": "Sydney, AU", 
    "id": 1105779, 
    "name": "Sydney", 
    "short_name": "Sydney, AU", 
    "slug": "sydney-au", 
    "state": "NSW", 
    "urls": {
      "api": {
        "nearby_projects": "https://api.kickstarter.com/v1/discover?signature=1405283928.b1042d9f50bfa3ea3c0d8ba603153ba6f2e1616b&woe_id=1105779"
      }, 
      "web": {
        "discover": "https://www.kickstarter.com/discover/places/sydney-au", 
        "location": "https://www.kickstarter.com/locations/sydney-au"
      }
    }
  }, 
  "name": "NINJA SPHERE: Next Generation Control of Your Environment", 
  "photo": {
    "1024x768": "https://s3.amazonaws.com/ksr/projects/747232/photo-1024x768.jpg?1397854838", 
    "1536x1152": "https://s3.amazonaws.com/ksr/projects/747232/photo-1536x1152.jpg?1397854838", 
    "ed": "https://s3.amazonaws.com/ksr/projects/747232/photo-ed.jpg?1397854838", 
    "full": "https://s3.amazonaws.com/ksr/projects/747232/photo-full.jpg?1397854838", 
    "little": "https://s3.amazonaws.com/ksr/projects/747232/photo-little.jpg?1397854838", 
    "med": "https://s3.amazonaws.com/ksr/projects/747232/photo-med.jpg?1397854838", 
    "small": "https://s3.amazonaws.com/ksr/projects/747232/photo-small.jpg?1397854838", 
    "thumb": "https://s3.amazonaws.com/ksr/projects/747232/photo-thumb.jpg?1397854838"
  }, 
  "pledged": 702937.5, 
  "slug": "ninja-sphere-next-generation-control-of-your-envir", 
  "state": "successful", 
  "state_changed_at": 1389494013, 
  "urls": {
    "web": {
      "project": "https://www.kickstarter.com/projects/ninja/ninja-sphere-next-generation-control-of-your-envir", 
      "rewards": "https://www.kickstarter.com/projects/ninja/ninja-sphere-next-generation-control-of-your-envir/rewards"
    }
  }
}