{
  "backers_count": 91, 
  "blurb": "Support MyFitDog,\nTo bring joy through the Best Fit Friend, \nEvery dollar counts,\nAnd your pup will love YOU till no end!", 
  "category": {
    "id": 52, 
    "name": "Hardware", 
    "parent_id": 16, 
    "position": 8, 
    "slug": "technology/hardware", 
    "urls": {
      "web": {
        "discover": "http://www.kickstarter.com/discover/categories/technology/hardware"
      }
    }
  }, 
  "country": "US", 
  "created_at": 1384308529, 
  "creator": {
    "avatar": {
      "medium": "https://s3.amazonaws.com/ksr/avatars/3687942/Professional_Picture.medium.jpg?1385355661", 
      "small": "https://s3.amazonaws.com/ksr/avatars/3687942/Professional_Picture.small.jpg?1385355661", 
      "thumb": "https://s3.amazonaws.com/ksr/avatars/3687942/Professional_Picture.thumb.jpg?1385355661"
    }, 
    "id": 1049358812, 
    "name": "Tianyi Joe Zhu", 
    "urls": {
      "api": {
        "user": "https://api.kickstarter.com/v1/users/1049358812?signature=1405310145.ac4e20dbf181b0b6cb87cdd8ea10cdfd801b8fd5"
      }, 
      "web": {
        "user": "https://www.kickstarter.com/profile/1049358812"
      }
    }
  }, 
  "currency": "USD", 
  "currency_symbol": "$", 
  "currency_trailing_code": true, 
  "deadline": 1391753185, 
  "disable_communication": false, 
  "goal": 30000.0, 
  "id": 1067905053, 
  "launched_at": 1389161185, 
  "location": {
    "country": "US", 
    "displayable_name": "Chicago, IL", 
    "id": 2379574, 
    "name": "Chicago", 
    "short_name": "Chicago, IL", 
    "slug": "chicago-il", 
    "state": "IL", 
    "urls": {
      "api": {
        "nearby_projects": "https://api.kickstarter.com/v1/discover?signature=1405283924.8f63700f7031fb64c1fc151929225a5757f1a64e&woe_id=2379574"
      }, 
      "web": {
        "discover": "https://www.kickstarter.com/discover/places/chicago-il", 
        "location": "https://www.kickstarter.com/locations/chicago-il"
      }
    }
  }, 
  "name": "MyFitDog - Best Fit Friend", 
  "photo": {
    "1024x768": "https://s3.amazonaws.com/ksr/projects/757747/photo-1024x768.jpg?1397855972", 
    "1536x1152": "https://s3.amazonaws.com/ksr/projects/757747/photo-1536x1152.jpg?1397855972", 
    "ed": "https://s3.amazonaws.com/ksr/projects/757747/photo-ed.jpg?1397855972", 
    "full": "https://s3.amazonaws.com/ksr/projects/757747/photo-full.jpg?1397855972", 
    "little": "https://s3.amazonaws.com/ksr/projects/757747/photo-little.jpg?1397855972", 
    "med": "https://s3.amazonaws.com/ksr/projects/757747/photo-med.jpg?1397855972", 
    "small": "https://s3.amazonaws.com/ksr/projects/757747/photo-small.jpg?1397855972", 
    "thumb": "https://s3.amazonaws.com/ksr/projects/757747/photo-thumb.jpg?1397855972"
  }, 
  "pledged": 30088.0, 
  "slug": "myfitdog-best-fit-friend", 
  "state": "successful", 
  "state_changed_at": 1391753185, 
  "urls": {
    "web": {
      "project": "https://www.kickstarter.com/projects/1049358812/myfitdog-best-fit-friend", 
      "rewards": "https://www.kickstarter.com/projects/1049358812/myfitdog-best-fit-friend/rewards"
    }
  }
}