{
  "backers_count": 6, 
  "blurb": "The I-Bike will charge your phone and other mobile devices while promoting wellness, sustainable energy, and innovative product design.", 
  "category": {
    "id": 16, 
    "name": "Technology", 
    "position": 14, 
    "slug": "technology", 
    "urls": {
      "web": {
        "discover": "http://www.kickstarter.com/discover/categories/technology"
      }
    }
  }, 
  "country": "US", 
  "created_at": 1313625651, 
  "creator": {
    "avatar": {
      "medium": "https://s3.amazonaws.com/ksr/avatars/796499/j1j1j.medium.jpg?1303067787", 
      "small": "https://s3.amazonaws.com/ksr/avatars/796499/j1j1j.small.jpg?1303067787", 
      "thumb": "https://s3.amazonaws.com/ksr/avatars/796499/j1j1j.thumb.jpg?1303067787"
    }, 
    "id": 254281678, 
    "name": "Jay Robert Mathews", 
    "slug": "jayrobertmathews", 
    "urls": {
      "api": {
        "user": "https://api.kickstarter.com/v1/users/254281678?signature=1405310581.c2869fe9d13d27febac5b4e7af3d2c944b46279c"
      }, 
      "web": {
        "user": "https://www.kickstarter.com/profile/jayrobertmathews"
      }
    }
  }, 
  "currency": "USD", 
  "currency_symbol": "$", 
  "currency_trailing_code": true, 
  "deadline": 1318458827, 
  "disable_communication": false, 
  "goal": 17000.0, 
  "id": 1068829933, 
  "launched_at": 1314570827, 
  "location": {
    "country": "US", 
    "displayable_name": "Lakeland, FL", 
    "id": 2435325, 
    "name": "Lakeland", 
    "short_name": "Lakeland, FL", 
    "slug": "lakeland-fl", 
    "state": "FL", 
    "urls": {
      "api": {
        "nearby_projects": "https://api.kickstarter.com/v1/discover?signature=1405284002.c3de359400ad8f9587aabe5a6f9f2f958d548b58&woe_id=2435325"
      }, 
      "web": {
        "discover": "https://www.kickstarter.com/discover/places/lakeland-fl", 
        "location": "https://www.kickstarter.com/locations/lakeland-fl"
      }
    }
  }, 
  "name": "Bring the I-Bike to market, and change the way you ride.", 
  "photo": {
    "1024x768": "https://s3.amazonaws.com/ksr/projects/46315/photo-1024x768.jpg?1397765558", 
    "1536x1152": "https://s3.amazonaws.com/ksr/projects/46315/photo-1536x1152.jpg?1397765558", 
    "ed": "https://s3.amazonaws.com/ksr/projects/46315/photo-ed.jpg?1397765558", 
    "full": "https://s3.amazonaws.com/ksr/projects/46315/photo-full.jpg?1397765558", 
    "little": "https://s3.amazonaws.com/ksr/projects/46315/photo-little.jpg?1397765558", 
    "med": "https://s3.amazonaws.com/ksr/projects/46315/photo-med.jpg?1397765558", 
    "small": "https://s3.amazonaws.com/ksr/projects/46315/photo-small.jpg?1397765558", 
    "thumb": "https://s3.amazonaws.com/ksr/projects/46315/photo-thumb.jpg?1397765558"
  }, 
  "pledged": 200.0, 
  "slug": "bring-the-i-bike-to-market-and-change-the-way-you", 
  "state": "canceled", 
  "state_changed_at": 1316387679, 
  "urls": {
    "web": {
      "project": "https://www.kickstarter.com/projects/jayrobertmathews/bring-the-i-bike-to-market-and-change-the-way-you", 
      "rewards": "https://www.kickstarter.com/projects/jayrobertmathews/bring-the-i-bike-to-market-and-change-the-way-you/rewards"
    }
  }
}