{
  "backers_count": 24, 
  "blurb": "Create clean energy 24/7 for a home or business, without the need for \nwind or direct sunlight, free of the power grid.", 
  "category": {
    "id": 16, 
    "name": "Technology", 
    "position": 14, 
    "slug": "technology", 
    "urls": {
      "web": {
        "discover": "http://www.kickstarter.com/discover/categories/technology"
      }
    }
  }, 
  "country": "US", 
  "created_at": 1362580541, 
  "creator": {
    "avatar": {
      "medium": "https://s3.amazonaws.com/ksr/avatars/5739734/KSEARTH.medium.jpg?1387830783", 
      "small": "https://s3.amazonaws.com/ksr/avatars/5739734/KSEARTH.small.jpg?1387830783", 
      "thumb": "https://s3.amazonaws.com/ksr/avatars/5739734/KSEARTH.thumb.jpg?1387830783"
    }, 
    "id": 421289429, 
    "name": "Sunstream Earth", 
    "urls": {
      "api": {
        "user": "https://api.kickstarter.com/v1/users/421289429?signature=1405310467.6b2433cfca60d0b432a68820a3b773c79f764fc0"
      }, 
      "web": {
        "user": "https://www.kickstarter.com/profile/421289429"
      }
    }
  }, 
  "currency": "USD", 
  "currency_symbol": "$", 
  "currency_trailing_code": true, 
  "deadline": 1396115874, 
  "disable_communication": false, 
  "goal": 50000.0, 
  "id": 10682249, 
  "launched_at": 1393527474, 
  "location": {
    "country": "US", 
    "displayable_name": "Lehigh Valley, PA", 
    "id": 2438047, 
    "name": "Lehigh Valley", 
    "short_name": "Lehigh Valley, PA", 
    "slug": "lehigh-valley-pa", 
    "state": "PA", 
    "urls": {
      "api": {
        "nearby_projects": "https://api.kickstarter.com/v1/discover?signature=1405285917.bf2412dbb87430b820ac154e3fe313e5bb0a14cb&woe_id=2438047"
      }, 
      "web": {
        "discover": "https://www.kickstarter.com/discover/places/lehigh-valley-pa", 
        "location": "https://www.kickstarter.com/locations/lehigh-valley-pa"
      }
    }
  }, 
  "name": "SunStream Earth, Clean Energy.", 
  "photo": {
    "1024x768": "https://s3.amazonaws.com/ksr/projects/481350/photo-1024x768.jpg?1397812640", 
    "1536x1152": "https://s3.amazonaws.com/ksr/projects/481350/photo-1536x1152.jpg?1397812640", 
    "ed": "https://s3.amazonaws.com/ksr/projects/481350/photo-ed.jpg?1397812640", 
    "full": "https://s3.amazonaws.com/ksr/projects/481350/photo-full.jpg?1397812640", 
    "little": "https://s3.amazonaws.com/ksr/projects/481350/photo-little.jpg?1397812640", 
    "med": "https://s3.amazonaws.com/ksr/projects/481350/photo-med.jpg?1397812640", 
    "small": "https://s3.amazonaws.com/ksr/projects/481350/photo-small.jpg?1397812640", 
    "thumb": "https://s3.amazonaws.com/ksr/projects/481350/photo-thumb.jpg?1397812640"
  }, 
  "pledged": 1816.0, 
  "slug": "sunstream-earth-clean-energy", 
  "state": "failed", 
  "state_changed_at": 1396115874, 
  "urls": {
    "web": {
      "project": "https://www.kickstarter.com/projects/421289429/sunstream-earth-clean-energy", 
      "rewards": "https://www.kickstarter.com/projects/421289429/sunstream-earth-clean-energy/rewards"
    }
  }
}