{
  "backers_count": 4, 
  "blurb": "We exist to give every child the opportunity to be their best and to live their sporting dream!", 
  "category": {
    "id": 16, 
    "name": "Technology", 
    "position": 14, 
    "slug": "technology", 
    "urls": {
      "web": {
        "discover": "http://www.kickstarter.com/discover/categories/technology"
      }
    }
  }, 
  "country": "AU", 
  "created_at": 1397613354, 
  "creator": {
    "avatar": {
      "medium": "https://s3.amazonaws.com/ksr/avatars/3195825/IMG_0564.medium.jpg?1397693558", 
      "small": "https://s3.amazonaws.com/ksr/avatars/3195825/IMG_0564.small.jpg?1397693558", 
      "thumb": "https://s3.amazonaws.com/ksr/avatars/3195825/IMG_0564.thumb.jpg?1397693558"
    }, 
    "id": 1500129693, 
    "name": "Mark Henderson", 
    "urls": {
      "api": {
        "user": "https://api.kickstarter.com/v1/users/1500129693?signature=1405310583.a5ef4cf639872c3697ffda5639a2c36147ede764"
      }, 
      "web": {
        "user": "https://www.kickstarter.com/profile/1500129693"
      }
    }
  }, 
  "currency": "AUD", 
  "currency_symbol": "$", 
  "currency_trailing_code": true, 
  "deadline": 1400386182, 
  "disable_communication": false, 
  "goal": 50000.0, 
  "id": 1069022668, 
  "launched_at": 1398226182, 
  "location": {
    "country": "AU", 
    "displayable_name": "Canberra City Centre, AU", 
    "id": 28584531, 
    "name": "Canberra City Centre", 
    "short_name": "Canberra City Centre, AU", 
    "slug": "canberra-city-centre-canberra-au", 
    "state": "ACT", 
    "urls": {
      "api": {
        "nearby_projects": "https://api.kickstarter.com/v1/discover?signature=1405297897.97da4f0a5addb1cc7e41faa9898d6c310fc745b3&woe_id=28584531"
      }, 
      "web": {
        "discover": "https://www.kickstarter.com/discover/places/canberra-city-centre-canberra-au", 
        "location": "https://www.kickstarter.com/locations/canberra-city-centre-canberra-au"
      }
    }
  }, 
  "name": "TalentTrackerHQ", 
  "photo": {
    "1024x768": "https://s3.amazonaws.com/ksr/projects/955401/photo-1024x768.jpg?1397876546", 
    "1536x1152": "https://s3.amazonaws.com/ksr/projects/955401/photo-1536x1152.jpg?1397876546", 
    "ed": "https://s3.amazonaws.com/ksr/projects/955401/photo-ed.jpg?1397876546", 
    "full": "https://s3.amazonaws.com/ksr/projects/955401/photo-full.jpg?1397876546", 
    "little": "https://s3.amazonaws.com/ksr/projects/955401/photo-little.jpg?1397876546", 
    "med": "https://s3.amazonaws.com/ksr/projects/955401/photo-med.jpg?1397876546", 
    "small": "https://s3.amazonaws.com/ksr/projects/955401/photo-small.jpg?1397876546", 
    "thumb": "https://s3.amazonaws.com/ksr/projects/955401/photo-thumb.jpg?1397876546"
  }, 
  "pledged": 206.0, 
  "slug": "talenttrackerhq", 
  "state": "failed", 
  "state_changed_at": 1400386184, 
  "urls": {
    "web": {
      "project": "https://www.kickstarter.com/projects/1500129693/talenttrackerhq", 
      "rewards": "https://www.kickstarter.com/projects/1500129693/talenttrackerhq/rewards"
    }
  }
}