{
  "backers_count": 25, 
  "blurb": "Encrypted Geosocial Networking site built for people who value their privacy.", 
  "category": {
    "id": 51, 
    "name": "Software", 
    "parent_id": 16, 
    "position": 11, 
    "slug": "technology/software", 
    "urls": {
      "web": {
        "discover": "http://www.kickstarter.com/discover/categories/technology/software"
      }
    }
  }, 
  "country": "US", 
  "created_at": 1385336008, 
  "creator": {
    "avatar": {
      "medium": "https://s3.amazonaws.com/ksr/avatars/43563/522395_10151578970524756_391027548_n.medium.jpg?1385888380", 
      "small": "https://s3.amazonaws.com/ksr/avatars/43563/522395_10151578970524756_391027548_n.small.jpg?1385888380", 
      "thumb": "https://s3.amazonaws.com/ksr/avatars/43563/522395_10151578970524756_391027548_n.thumb.jpg?1385888380"
    }, 
    "id": 715139475, 
    "name": "KevBurnsJr", 
    "slug": "KevBurnsJr", 
    "urls": {
      "api": {
        "user": "https://api.kickstarter.com/v1/users/715139475?signature=1405310452.e12c138815d6c6ec33056ff3b815995da07cf90b"
      }, 
      "web": {
        "user": "https://www.kickstarter.com/profile/KevBurnsJr"
      }
    }
  }, 
  "currency": "USD", 
  "currency_symbol": "$", 
  "currency_trailing_code": true, 
  "deadline": 1392922718, 
  "disable_communication": false, 
  "goal": 9800.0, 
  "id": 106973205, 
  "launched_at": 1390330718, 
  "location": {
    "country": "US", 
    "displayable_name": "Menlo Park, CA", 
    "id": 2449435, 
    "name": "Menlo Park", 
    "short_name": "Menlo Park, CA", 
    "slug": "menlo-park-ca", 
    "state": "CA", 
    "urls": {
      "api": {
        "nearby_projects": "https://api.kickstarter.com/v1/discover?signature=1405283956.84530283aae1ed33f6a61d19bbd4e873361d97bb&woe_id=2449435"
      }, 
      "web": {
        "discover": "https://www.kickstarter.com/discover/places/menlo-park-ca", 
        "location": "https://www.kickstarter.com/locations/menlo-park-ca"
      }
    }
  }, 
  "name": "GMOB.net", 
  "photo": {
    "1024x768": "https://s3.amazonaws.com/ksr/projects/773215/photo-1024x768.jpg?1397857641", 
    "1536x1152": "https://s3.amazonaws.com/ksr/projects/773215/photo-1536x1152.jpg?1397857641", 
    "ed": "https://s3.amazonaws.com/ksr/projects/773215/photo-ed.jpg?1397857641", 
    "full": "https://s3.amazonaws.com/ksr/projects/773215/photo-full.jpg?1397857641", 
    "little": "https://s3.amazonaws.com/ksr/projects/773215/photo-little.jpg?1397857641", 
    "med": "https://s3.amazonaws.com/ksr/projects/773215/photo-med.jpg?1397857641", 
    "small": "https://s3.amazonaws.com/ksr/projects/773215/photo-small.jpg?1397857641", 
    "thumb": "https://s3.amazonaws.com/ksr/projects/773215/photo-thumb.jpg?1397857641"
  }, 
  "pledged": 2253.0, 
  "slug": "gmobnet", 
  "state": "failed", 
  "state_changed_at": 1392922721, 
  "urls": {
    "web": {
      "project": "https://www.kickstarter.com/projects/KevBurnsJr/gmobnet", 
      "rewards": "https://www.kickstarter.com/projects/KevBurnsJr/gmobnet/rewards"
    }
  }
}