{
  "backers_count": 13, 
  "blurb": "We want to use the International Space Station as a platform for a hyperspectral sensor to collect data of the Earth.", 
  "category": {
    "id": 16, 
    "name": "Technology", 
    "position": 14, 
    "slug": "technology", 
    "urls": {
      "web": {
        "discover": "http://www.kickstarter.com/discover/categories/technology"
      }
    }
  }, 
  "country": "US", 
  "created_at": 1314423314, 
  "creator": {
    "avatar": {
      "medium": "https://s3.amazonaws.com/ksr/avatars/845721/Brian711.medium.jpg?1316542577", 
      "small": "https://s3.amazonaws.com/ksr/avatars/845721/Brian711.small.jpg?1316542577", 
      "thumb": "https://s3.amazonaws.com/ksr/avatars/845721/Brian711.thumb.jpg?1316542577"
    }, 
    "id": 1740188708, 
    "name": "Brian Penn", 
    "urls": {
      "api": {
        "user": "https://api.kickstarter.com/v1/users/1740188708?signature=1405310575.b037726d778384a6021dbd0f1fea183088b356c5"
      }, 
      "web": {
        "user": "https://www.kickstarter.com/profile/1740188708"
      }
    }
  }, 
  "currency": "USD", 
  "currency_symbol": "$", 
  "currency_trailing_code": true, 
  "deadline": 1318101029, 
  "disable_communication": false, 
  "goal": 300000.0, 
  "id": 106969253, 
  "launched_at": 1315509029, 
  "location": {
    "country": "US", 
    "displayable_name": "Colorado Springs, CO", 
    "id": 2383489, 
    "name": "Colorado Springs", 
    "short_name": "Colorado Springs, CO", 
    "slug": "colorado-springs-co", 
    "state": "CO", 
    "urls": {
      "api": {
        "nearby_projects": "https://api.kickstarter.com/v1/discover?signature=1405283931.16954686dba634d8922b47032b54024fdb208698&woe_id=2383489"
      }, 
      "web": {
        "discover": "https://www.kickstarter.com/discover/places/colorado-springs-co", 
        "location": "https://www.kickstarter.com/locations/colorado-springs-co"
      }
    }
  }, 
  "name": "The International Space Station for you", 
  "photo": {
    "1024x768": "https://s3.amazonaws.com/ksr/projects/47504/photo-1024x768.jpg?1397765779", 
    "1536x1152": "https://s3.amazonaws.com/ksr/projects/47504/photo-1536x1152.jpg?1397765779", 
    "ed": "https://s3.amazonaws.com/ksr/projects/47504/photo-ed.jpg?1397765779", 
    "full": "https://s3.amazonaws.com/ksr/projects/47504/photo-full.jpg?1397765779", 
    "little": "https://s3.amazonaws.com/ksr/projects/47504/photo-little.jpg?1397765779", 
    "med": "https://s3.amazonaws.com/ksr/projects/47504/photo-med.jpg?1397765779", 
    "small": "https://s3.amazonaws.com/ksr/projects/47504/photo-small.jpg?1397765779", 
    "thumb": "https://s3.amazonaws.com/ksr/projects/47504/photo-thumb.jpg?1397765779"
  }, 
  "pledged": 232.0, 
  "slug": "the-international-space-station-for-you", 
  "state": "failed", 
  "state_changed_at": 1318101031, 
  "urls": {
    "web": {
      "project": "https://www.kickstarter.com/projects/1740188708/the-international-space-station-for-you", 
      "rewards": "https://www.kickstarter.com/projects/1740188708/the-international-space-station-for-you/rewards"
    }
  }
}