{
  "backers_count": 0, 
  "blurb": "I would like to purchase my own domain and take my blog away from Tumblr to reach a bigger audience. But I need your help.", 
  "category": {
    "id": 342, 
    "name": "Web", 
    "parent_id": 16, 
    "position": 15, 
    "slug": "technology/web", 
    "urls": {
      "web": {
        "discover": "http://www.kickstarter.com/discover/categories/technology/web"
      }
    }
  }, 
  "country": "US", 
  "created_at": 1404687155, 
  "creator": {
    "avatar": {
      "medium": "https://s3.amazonaws.com/ksr/avatars/11252895/Be_the_change.medium.jpg?1404688865", 
      "small": "https://s3.amazonaws.com/ksr/avatars/11252895/Be_the_change.small.jpg?1404688865", 
      "thumb": "https://s3.amazonaws.com/ksr/avatars/11252895/Be_the_change.thumb.jpg?1404688865"
    }, 
    "id": 618845266, 
    "name": "Kaitlyn DeFrench", 
    "urls": {
      "api": {
        "user": "https://api.kickstarter.com/v1/users/618845266?signature=1405310323.9b3b14b9556bc083aec0813857f2af9df42882f7"
      }, 
      "web": {
        "user": "https://www.kickstarter.com/profile/618845266"
      }
    }
  }, 
  "currency": "USD", 
  "currency_symbol": "$", 
  "currency_trailing_code": true, 
  "deadline": 1407517487, 
  "disable_communication": false, 
  "goal": 1000.0, 
  "id": 1069882622, 
  "launched_at": 1404925487, 
  "location": {
    "country": "US", 
    "displayable_name": "Cleveland, OH", 
    "id": 2381475, 
    "name": "Cleveland", 
    "short_name": "Cleveland, OH", 
    "slug": "cleveland-oh", 
    "state": "OH", 
    "urls": {
      "api": {
        "nearby_projects": "https://api.kickstarter.com/v1/discover?signature=1405283934.0a21de9f6b2a85301f94ff1bbe80a8f87a0d1da7&woe_id=2381475"
      }, 
      "web": {
        "discover": "https://www.kickstarter.com/discover/places/cleveland-oh", 
        "location": "https://www.kickstarter.com/locations/cleveland-oh"
      }
    }
  }, 
  "name": "The Daily Non-Profit Blog", 
  "photo": {
    "1024x768": "https://s3.amazonaws.com/ksr/projects/1077472/photo-1024x768.jpg?1404687368", 
    "1536x1152": "https://s3.amazonaws.com/ksr/projects/1077472/photo-1536x1152.jpg?1404687368", 
    "ed": "https://s3.amazonaws.com/ksr/projects/1077472/photo-ed.jpg?1404687368", 
    "full": "https://s3.amazonaws.com/ksr/projects/1077472/photo-full.jpg?1404687368", 
    "little": "https://s3.amazonaws.com/ksr/projects/1077472/photo-little.jpg?1404687368", 
    "med": "https://s3.amazonaws.com/ksr/projects/1077472/photo-med.jpg?1404687368", 
    "small": "https://s3.amazonaws.com/ksr/projects/1077472/photo-small.jpg?1404687368", 
    "thumb": "https://s3.amazonaws.com/ksr/projects/1077472/photo-thumb.jpg?1404687368"
  }, 
  "pledged": 0.0, 
  "slug": "the-daily-non-profit-blog", 
  "state": "live", 
  "state_changed_at": 1404925487, 
  "urls": {
    "web": {
      "project": "https://www.kickstarter.com/projects/618845266/the-daily-non-profit-blog", 
      "rewards": "https://www.kickstarter.com/projects/618845266/the-daily-non-profit-blog/rewards"
    }
  }
}