{
  "backers_count": 74, 
  "blurb": "The Affirmations Mirror is a real life \u201cmirror, mirror on the wall\u201d that plays custom messages to help you realize your dreams.", 
  "category": {
    "id": 52, 
    "name": "Hardware", 
    "parent_id": 16, 
    "position": 8, 
    "slug": "technology/hardware", 
    "urls": {
      "web": {
        "discover": "http://www.kickstarter.com/discover/categories/technology/hardware"
      }
    }
  }, 
  "country": "US", 
  "created_at": 1325015499, 
  "creator": {
    "avatar": {
      "medium": "https://s3.amazonaws.com/ksr/avatars/1551172/Lisa%20headshot_blue%20shirt_cropped_square.medium.jpg?1327908167", 
      "small": "https://s3.amazonaws.com/ksr/avatars/1551172/Lisa%20headshot_blue%20shirt_cropped_square.small.jpg?1327908167", 
      "thumb": "https://s3.amazonaws.com/ksr/avatars/1551172/Lisa%20headshot_blue%20shirt_cropped_square.thumb.jpg?1327908167"
    }, 
    "id": 1272437830, 
    "name": "Lisa McCarthy", 
    "slug": "affirmationsmirror", 
    "urls": {
      "api": {
        "user": "https://api.kickstarter.com/v1/users/1272437830?signature=1405310419.4d75bfa54905365f00e0a3c62afe442835041e29"
      }, 
      "web": {
        "user": "https://www.kickstarter.com/profile/affirmationsmirror"
      }
    }
  }, 
  "currency": "USD", 
  "currency_symbol": "$", 
  "currency_trailing_code": true, 
  "deadline": 1330502866, 
  "disable_communication": false, 
  "goal": 20000.0, 
  "id": 1070853556, 
  "launched_at": 1327910866, 
  "location": {
    "country": "US", 
    "displayable_name": "Burbank, CA", 
    "id": 2371863, 
    "name": "Burbank", 
    "short_name": "Burbank, CA", 
    "slug": "burbank-ca", 
    "state": "CA", 
    "urls": {
      "api": {
        "nearby_projects": "https://api.kickstarter.com/v1/discover?signature=1405283939.554fe9a855b2a6d3a71d39915b50e12b41b479a1&woe_id=2371863"
      }, 
      "web": {
        "discover": "https://www.kickstarter.com/discover/places/burbank-ca", 
        "location": "https://www.kickstarter.com/locations/burbank-ca"
      }
    }
  }, 
  "name": "Affirmations Mirror the talking mirror by MeyeVU Interactive", 
  "photo": {
    "1024x768": "https://s3.amazonaws.com/ksr/projects/64904/photo-1024x768.jpg?1397769029", 
    "1536x1152": "https://s3.amazonaws.com/ksr/projects/64904/photo-1536x1152.jpg?1397769029", 
    "ed": "https://s3.amazonaws.com/ksr/projects/64904/photo-ed.jpg?1397769029", 
    "full": "https://s3.amazonaws.com/ksr/projects/64904/photo-full.jpg?1397769029", 
    "little": "https://s3.amazonaws.com/ksr/projects/64904/photo-little.jpg?1397769029", 
    "med": "https://s3.amazonaws.com/ksr/projects/64904/photo-med.jpg?1397769029", 
    "small": "https://s3.amazonaws.com/ksr/projects/64904/photo-small.jpg?1397769029", 
    "thumb": "https://s3.amazonaws.com/ksr/projects/64904/photo-thumb.jpg?1397769029"
  }, 
  "pledged": 3545.0, 
  "slug": "affirmations-mirror-the-talking-mirror-by-meyevu-i", 
  "state": "failed", 
  "state_changed_at": 1330502868, 
  "urls": {
    "web": {
      "project": "https://www.kickstarter.com/projects/affirmationsmirror/affirmations-mirror-the-talking-mirror-by-meyevu-i", 
      "rewards": "https://www.kickstarter.com/projects/affirmationsmirror/affirmations-mirror-the-talking-mirror-by-meyevu-i/rewards"
    }
  }
}