{
  "backers_count": 99, 
  "blurb": "Cubtab is a new email app for kids. Kids will love it because it's fun and easy. Parents will love it because it's safe and secure.", 
  "category": {
    "id": 16, 
    "name": "Technology", 
    "position": 14, 
    "slug": "technology", 
    "urls": {
      "web": {
        "discover": "http://www.kickstarter.com/discover/categories/technology"
      }
    }
  }, 
  "country": "US", 
  "created_at": 1378274423, 
  "creator": {
    "avatar": {
      "medium": "https://s3.amazonaws.com/ksr/avatars/874829/Vin_Thomas_14.medium.jpg?1391628667", 
      "small": "https://s3.amazonaws.com/ksr/avatars/874829/Vin_Thomas_14.small.jpg?1391628667", 
      "thumb": "https://s3.amazonaws.com/ksr/avatars/874829/Vin_Thomas_14.thumb.jpg?1391628667"
    }, 
    "id": 1780071335, 
    "name": "Cubtab", 
    "slug": "vinthomas", 
    "urls": {
      "api": {
        "user": "https://api.kickstarter.com/v1/users/1780071335?signature=1405310430.58377fcb83b318a03a356632c487886124f065e0"
      }, 
      "web": {
        "user": "https://www.kickstarter.com/profile/vinthomas"
      }
    }
  }, 
  "currency": "USD", 
  "currency_symbol": "$", 
  "currency_trailing_code": true, 
  "deadline": 1382295653, 
  "disable_communication": false, 
  "goal": 20000.0, 
  "id": 1070438630, 
  "launched_at": 1379703653, 
  "location": {
    "country": "US", 
    "displayable_name": "Portland, OR", 
    "id": 2475687, 
    "name": "Portland", 
    "short_name": "Portland, OR", 
    "slug": "portland-or", 
    "state": "OR", 
    "urls": {
      "api": {
        "nearby_projects": "https://api.kickstarter.com/v1/discover?signature=1405283921.74048cb16cf05090d8ce00b701410b6f8aeb437d&woe_id=2475687"
      }, 
      "web": {
        "discover": "https://www.kickstarter.com/discover/places/portland-or", 
        "location": "https://www.kickstarter.com/locations/portland-or"
      }
    }
  }, 
  "name": "Cubtab: Fun and Safe Email for Kids!", 
  "photo": {
    "1024x768": "https://s3.amazonaws.com/ksr/projects/670700/photo-1024x768.jpg?1397833262", 
    "1536x1152": "https://s3.amazonaws.com/ksr/projects/670700/photo-1536x1152.jpg?1397833262", 
    "ed": "https://s3.amazonaws.com/ksr/projects/670700/photo-ed.jpg?1397833262", 
    "full": "https://s3.amazonaws.com/ksr/projects/670700/photo-full.jpg?1397833262", 
    "little": "https://s3.amazonaws.com/ksr/projects/670700/photo-little.jpg?1397833262", 
    "med": "https://s3.amazonaws.com/ksr/projects/670700/photo-med.jpg?1397833262", 
    "small": "https://s3.amazonaws.com/ksr/projects/670700/photo-small.jpg?1397833262", 
    "thumb": "https://s3.amazonaws.com/ksr/projects/670700/photo-thumb.jpg?1397833262"
  }, 
  "pledged": 3078.0, 
  "slug": "cubtab-fun-and-safe-email-for-kids", 
  "state": "failed", 
  "state_changed_at": 1382295654, 
  "urls": {
    "web": {
      "project": "https://www.kickstarter.com/projects/vinthomas/cubtab-fun-and-safe-email-for-kids", 
      "rewards": "https://www.kickstarter.com/projects/vinthomas/cubtab-fun-and-safe-email-for-kids/rewards"
    }
  }
}