{
  "backers_count": 0, 
  "blurb": "VideoJuke lets you pick and stream YouTube videos straight to your Android or IOS device.", 
  "category": {
    "id": 332, 
    "name": "Apps", 
    "parent_id": 16, 
    "position": 2, 
    "slug": "technology/apps", 
    "urls": {
      "web": {
        "discover": "http://www.kickstarter.com/discover/categories/technology/apps"
      }
    }
  }, 
  "country": "US", 
  "created_at": 1404875126, 
  "creator": {
    "avatar": {
      "medium": "https://s3.amazonaws.com/ksr/avatars/11286661/fb_profile_picture.medium.jpg?1404876775", 
      "small": "https://s3.amazonaws.com/ksr/avatars/11286661/fb_profile_picture.small.jpg?1404876775", 
      "thumb": "https://s3.amazonaws.com/ksr/avatars/11286661/fb_profile_picture.thumb.jpg?1404876775"
    }, 
    "id": 1426456052, 
    "name": "Elias Lee Gil Jr.", 
    "urls": {
      "api": {
        "user": "https://api.kickstarter.com/v1/users/1426456052?signature=1405310314.9f9c9e624d2e44c1c3e08e0cbd33fa5b8e6df24b"
      }, 
      "web": {
        "user": "https://www.kickstarter.com/profile/1426456052"
      }
    }
  }, 
  "currency": "USD", 
  "currency_symbol": "$", 
  "currency_trailing_code": true, 
  "deadline": 1407711205, 
  "disable_communication": false, 
  "goal": 500.0, 
  "id": 1071451015, 
  "launched_at": 1405119288, 
  "location": {
    "country": "US", 
    "displayable_name": "San Antonio, TX", 
    "id": 2487796, 
    "name": "San Antonio", 
    "short_name": "San Antonio, TX", 
    "slug": "san-antonio-tx", 
    "state": "TX", 
    "urls": {
      "api": {
        "nearby_projects": "https://api.kickstarter.com/v1/discover?signature=1405283924.4f36710c4ebd842b3dcba0a127d2b317e15032e8&woe_id=2487796"
      }, 
      "web": {
        "discover": "https://www.kickstarter.com/discover/places/san-antonio-tx", 
        "location": "https://www.kickstarter.com/locations/san-antonio-tx"
      }
    }
  }, 
  "name": "VideoJuke - A YouTube Video Jukebox  Android/IOS", 
  "photo": {
    "1024x768": "https://s3.amazonaws.com/ksr/projects/1109917/photo-1024x768.jpg?1404929238", 
    "1536x1152": "https://s3.amazonaws.com/ksr/projects/1109917/photo-1536x1152.jpg?1404929238", 
    "ed": "https://s3.amazonaws.com/ksr/projects/1109917/photo-ed.jpg?1404929238", 
    "full": "https://s3.amazonaws.com/ksr/projects/1109917/photo-full.jpg?1404929238", 
    "little": "https://s3.amazonaws.com/ksr/projects/1109917/photo-little.jpg?1404929238", 
    "med": "https://s3.amazonaws.com/ksr/projects/1109917/photo-med.jpg?1404929238", 
    "small": "https://s3.amazonaws.com/ksr/projects/1109917/photo-small.jpg?1404929238", 
    "thumb": "https://s3.amazonaws.com/ksr/projects/1109917/photo-thumb.jpg?1404929238"
  }, 
  "pledged": 0.0, 
  "slug": "videojuke-a-youtube-video-jukebox-android-ios", 
  "state": "live", 
  "state_changed_at": 1405119205, 
  "urls": {
    "web": {
      "project": "https://www.kickstarter.com/projects/1426456052/videojuke-a-youtube-video-jukebox-android-ios", 
      "rewards": "https://www.kickstarter.com/projects/1426456052/videojuke-a-youtube-video-jukebox-android-ios/rewards"
    }
  }
}