{
  "backers_count": 102, 
  "blurb": "Freakvibe: the first Near Field Portable 2.1 Music Docking Station in the World. Works with all smartphones. Supports Wireless Charging", 
  "category": {
    "id": 52, 
    "name": "Hardware", 
    "parent_id": 16, 
    "position": 8, 
    "slug": "technology/hardware", 
    "urls": {
      "web": {
        "discover": "http://www.kickstarter.com/discover/categories/technology/hardware"
      }
    }
  }, 
  "country": "US", 
  "created_at": 1348331249, 
  "creator": {
    "avatar": {
      "medium": "https://s3.amazonaws.com/ksr/avatars/3406394/DSC_0234.medium.jpg?1348770107", 
      "small": "https://s3.amazonaws.com/ksr/avatars/3406394/DSC_0234.small.jpg?1348770107", 
      "thumb": "https://s3.amazonaws.com/ksr/avatars/3406394/DSC_0234.thumb.jpg?1348770107"
    }, 
    "id": 1138159645, 
    "name": "Vittorio Monteverdi", 
    "slug": "freakvibe", 
    "urls": {
      "api": {
        "user": "https://api.kickstarter.com/v1/users/1138159645?signature=1405310374.6f0b9d109f2c21b18e8c174c312cacfc75721cad"
      }, 
      "web": {
        "user": "https://www.kickstarter.com/profile/freakvibe"
      }
    }
  }, 
  "currency": "USD", 
  "currency_symbol": "$", 
  "currency_trailing_code": true, 
  "deadline": 1355011749, 
  "disable_communication": false, 
  "goal": 90000.0, 
  "id": 1071819068, 
  "launched_at": 1351206549, 
  "location": {
    "country": "US", 
    "displayable_name": "The Woodlands, TX", 
    "id": 2505522, 
    "name": "The Woodlands", 
    "short_name": "The Woodlands, TX", 
    "slug": "the-woodlands-tx", 
    "state": "TX", 
    "urls": {
      "api": {
        "nearby_projects": "https://api.kickstarter.com/v1/discover?signature=1405283966.456f5740698dfbc5db17df84a8eaef3e4e947948&woe_id=2505522"
      }, 
      "web": {
        "discover": "https://www.kickstarter.com/discover/places/the-woodlands-tx", 
        "location": "https://www.kickstarter.com/locations/the-woodlands-tx"
      }
    }
  }, 
  "name": "Freakvibe: Near Field Portable 2.1 Music Docking Station.", 
  "photo": {
    "1024x768": "https://s3.amazonaws.com/ksr/projects/342810/photo-1024x768.jpg?1397798060", 
    "1536x1152": "https://s3.amazonaws.com/ksr/projects/342810/photo-1536x1152.jpg?1397798060", 
    "ed": "https://s3.amazonaws.com/ksr/projects/342810/photo-ed.jpg?1397798060", 
    "full": "https://s3.amazonaws.com/ksr/projects/342810/photo-full.jpg?1397798060", 
    "little": "https://s3.amazonaws.com/ksr/projects/342810/photo-little.jpg?1397798060", 
    "med": "https://s3.amazonaws.com/ksr/projects/342810/photo-med.jpg?1397798060", 
    "small": "https://s3.amazonaws.com/ksr/projects/342810/photo-small.jpg?1397798060", 
    "thumb": "https://s3.amazonaws.com/ksr/projects/342810/photo-thumb.jpg?1397798060"
  }, 
  "pledged": 10290.01, 
  "slug": "freakvibe-near-field-portable-21-music-docking-sta", 
  "state": "failed", 
  "state_changed_at": 1355011751, 
  "urls": {
    "web": {
      "project": "https://www.kickstarter.com/projects/freakvibe/freakvibe-near-field-portable-21-music-docking-sta", 
      "rewards": "https://www.kickstarter.com/projects/freakvibe/freakvibe-near-field-portable-21-music-docking-sta/rewards"
    }
  }
}