{
  "backers_count": 242, 
  "blurb": "mibo is a simple yet high efficieny digital microscope conversion kit for your cell phone. Explore amazing details of the world.", 
  "category": {
    "id": 52, 
    "name": "Hardware", 
    "parent_id": 16, 
    "position": 8, 
    "slug": "technology/hardware", 
    "urls": {
      "web": {
        "discover": "http://www.kickstarter.com/discover/categories/technology/hardware"
      }
    }
  }, 
  "country": "US", 
  "created_at": 1387526514, 
  "creator": {
    "avatar": {
      "medium": "https://s3.amazonaws.com/ksr/avatars/9127421/logo.medium.jpg?1404987201", 
      "small": "https://s3.amazonaws.com/ksr/avatars/9127421/logo.small.jpg?1404987201", 
      "thumb": "https://s3.amazonaws.com/ksr/avatars/9127421/logo.thumb.jpg?1404987201"
    }, 
    "id": 1068728574, 
    "name": "AVI Labs", 
    "urls": {
      "api": {
        "user": "https://api.kickstarter.com/v1/users/1068728574?signature=1405310027.8efed04497528438ad2d052a4fae0ab8a786e8fc"
      }, 
      "web": {
        "user": "https://www.kickstarter.com/profile/1068728574"
      }
    }
  }, 
  "currency": "USD", 
  "currency_symbol": "$", 
  "currency_trailing_code": true, 
  "deadline": 1394270084, 
  "disable_communication": false, 
  "goal": 6000.0, 
  "id": 107206217, 
  "launched_at": 1391246084, 
  "location": {
    "country": "TR", 
    "displayable_name": "Istanbul, Turkey", 
    "id": 2344116, 
    "name": "Istanbul", 
    "short_name": "Istanbul, Turkey", 
    "slug": "istanbul-tr", 
    "state": "Istanbul", 
    "urls": {
      "api": {
        "nearby_projects": "https://api.kickstarter.com/v1/discover?signature=1405283941.0c1c78204fa7923c022ce403c4cdb1e9c6f23d90&woe_id=2344116"
      }, 
      "web": {
        "discover": "https://www.kickstarter.com/discover/places/istanbul-tr", 
        "location": "https://www.kickstarter.com/locations/istanbul-tr"
      }
    }
  }, 
  "name": "mibo : A Full Featured Microscope Kit For Your Phone.", 
  "photo": {
    "1024x768": "https://s3.amazonaws.com/ksr/projects/802842/photo-1024x768.jpg?1397860882", 
    "1536x1152": "https://s3.amazonaws.com/ksr/projects/802842/photo-1536x1152.jpg?1397860882", 
    "ed": "https://s3.amazonaws.com/ksr/projects/802842/photo-ed.jpg?1397860882", 
    "full": "https://s3.amazonaws.com/ksr/projects/802842/photo-full.jpg?1397860882", 
    "little": "https://s3.amazonaws.com/ksr/projects/802842/photo-little.jpg?1397860882", 
    "med": "https://s3.amazonaws.com/ksr/projects/802842/photo-med.jpg?1397860882", 
    "small": "https://s3.amazonaws.com/ksr/projects/802842/photo-small.jpg?1397860882", 
    "thumb": "https://s3.amazonaws.com/ksr/projects/802842/photo-thumb.jpg?1397860882"
  }, 
  "pledged": 7160.0, 
  "slug": "mibo-a-full-featured-microscope-kit-for-your-phone", 
  "state": "successful", 
  "state_changed_at": 1394270119, 
  "urls": {
    "web": {
      "project": "https://www.kickstarter.com/projects/1068728574/mibo-a-full-featured-microscope-kit-for-your-phone", 
      "rewards": "https://www.kickstarter.com/projects/1068728574/mibo-a-full-featured-microscope-kit-for-your-phone/rewards"
    }
  }
}