{
  "backers_count": 406, 
  "blurb": "Draw on our shirt with light by using any smartphone flash or LED.", 
  "category": {
    "id": 16, 
    "name": "Technology", 
    "position": 14, 
    "slug": "technology", 
    "urls": {
      "web": {
        "discover": "http://www.kickstarter.com/discover/categories/technology"
      }
    }
  }, 
  "country": "US", 
  "created_at": 1368594019, 
  "creator": {
    "avatar": {
      "medium": "https://s3.amazonaws.com/ksr/avatars/2273945/LUM_Founders.medium.jpg?1369865552", 
      "small": "https://s3.amazonaws.com/ksr/avatars/2273945/LUM_Founders.small.jpg?1369865552", 
      "thumb": "https://s3.amazonaws.com/ksr/avatars/2273945/LUM_Founders.thumb.jpg?1369865552"
    }, 
    "id": 741186545, 
    "name": "Aamir Patel", 
    "urls": {
      "api": {
        "user": "https://api.kickstarter.com/v1/users/741186545?signature=1405310158.78200bb8d80ae6a62ff34f8587546961897c903e"
      }, 
      "web": {
        "user": "https://www.kickstarter.com/profile/741186545"
      }
    }
  }, 
  "currency": "USD", 
  "currency_symbol": "$", 
  "currency_trailing_code": true, 
  "deadline": 1374071739, 
  "disable_communication": false, 
  "goal": 10000.0, 
  "id": 1072422950, 
  "launched_at": 1371047739, 
  "location": {
    "country": "US", 
    "displayable_name": "San Francisco, CA", 
    "id": 2487956, 
    "name": "San Francisco", 
    "short_name": "San Francisco, CA", 
    "slug": "san-francisco-ca", 
    "state": "CA", 
    "urls": {
      "api": {
        "nearby_projects": "https://api.kickstarter.com/v1/discover?signature=1405283922.2705520cddde986b955c196af6b338b46c4257d5&woe_id=2487956"
      }, 
      "web": {
        "discover": "https://www.kickstarter.com/discover/places/san-francisco-ca", 
        "location": "https://www.kickstarter.com/locations/san-francisco-ca"
      }
    }
  }, 
  "name": "LUM Apparel: Join the Interactive Generation of Clothing", 
  "photo": {
    "1024x768": "https://s3.amazonaws.com/ksr/projects/557408/photo-1024x768.jpg?1397820706", 
    "1536x1152": "https://s3.amazonaws.com/ksr/projects/557408/photo-1536x1152.jpg?1397820706", 
    "ed": "https://s3.amazonaws.com/ksr/projects/557408/photo-ed.jpg?1397820706", 
    "full": "https://s3.amazonaws.com/ksr/projects/557408/photo-full.jpg?1397820706", 
    "little": "https://s3.amazonaws.com/ksr/projects/557408/photo-little.jpg?1397820706", 
    "med": "https://s3.amazonaws.com/ksr/projects/557408/photo-med.jpg?1397820706", 
    "small": "https://s3.amazonaws.com/ksr/projects/557408/photo-small.jpg?1397820706", 
    "thumb": "https://s3.amazonaws.com/ksr/projects/557408/photo-thumb.jpg?1397820706"
  }, 
  "pledged": 22369.0, 
  "slug": "lum-apparel-join-the-interactive-generation-of-clo", 
  "state": "successful", 
  "state_changed_at": 1374071740, 
  "urls": {
    "web": {
      "project": "https://www.kickstarter.com/projects/741186545/lum-apparel-join-the-interactive-generation-of-clo", 
      "rewards": "https://www.kickstarter.com/projects/741186545/lum-apparel-join-the-interactive-generation-of-clo/rewards"
    }
  }
}