{
  "backers_count": 5, 
  "blurb": "FrankenDrone USV is a modular and affordable approach to building flexible unmanned surface vehicles for work or play.", 
  "category": {
    "id": 52, 
    "name": "Hardware", 
    "parent_id": 16, 
    "position": 8, 
    "slug": "technology/hardware", 
    "urls": {
      "web": {
        "discover": "http://www.kickstarter.com/discover/categories/technology/hardware"
      }
    }
  }, 
  "country": "US", 
  "created_at": 1362683361, 
  "creator": {
    "avatar": {
      "medium": "https://s3.amazonaws.com/ksr/avatars/5756699/LF_profile.medium.jpg?1363185816", 
      "small": "https://s3.amazonaws.com/ksr/avatars/5756699/LF_profile.small.jpg?1363185816", 
      "thumb": "https://s3.amazonaws.com/ksr/avatars/5756699/LF_profile.thumb.jpg?1363185816"
    }, 
    "id": 2024887920, 
    "name": "Larry Friese", 
    "urls": {
      "api": {
        "user": "https://api.kickstarter.com/v1/users/2024887920?signature=1405310636.c7b273bf62d78459635f72daea8ec8185bfbc17c"
      }, 
      "web": {
        "user": "https://www.kickstarter.com/profile/2024887920"
      }
    }
  }, 
  "currency": "USD", 
  "currency_symbol": "$", 
  "currency_trailing_code": true, 
  "deadline": 1366408203, 
  "disable_communication": false, 
  "goal": 25000.0, 
  "id": 107266211, 
  "launched_at": 1363816203, 
  "location": {
    "country": "US", 
    "displayable_name": "Niceville, FL", 
    "id": 2459833, 
    "name": "Niceville", 
    "short_name": "Niceville, FL", 
    "slug": "niceville-fl", 
    "state": "FL", 
    "urls": {
      "api": {
        "nearby_projects": "https://api.kickstarter.com/v1/discover?signature=1405288033.e3acb4f915e5697c0a638ac68a0423746580dda5&woe_id=2459833"
      }, 
      "web": {
        "discover": "https://www.kickstarter.com/discover/places/niceville-fl", 
        "location": "https://www.kickstarter.com/locations/niceville-fl"
      }
    }
  }, 
  "name": "FrankenDrone USV - The DIY Unmanned Surface Vehicle", 
  "photo": {
    "1024x768": "https://s3.amazonaws.com/ksr/projects/482618/photo-1024x768.jpg?1397812768", 
    "1536x1152": "https://s3.amazonaws.com/ksr/projects/482618/photo-1536x1152.jpg?1397812768", 
    "ed": "https://s3.amazonaws.com/ksr/projects/482618/photo-ed.jpg?1397812768", 
    "full": "https://s3.amazonaws.com/ksr/projects/482618/photo-full.jpg?1397812768", 
    "little": "https://s3.amazonaws.com/ksr/projects/482618/photo-little.jpg?1397812768", 
    "med": "https://s3.amazonaws.com/ksr/projects/482618/photo-med.jpg?1397812768", 
    "small": "https://s3.amazonaws.com/ksr/projects/482618/photo-small.jpg?1397812768", 
    "thumb": "https://s3.amazonaws.com/ksr/projects/482618/photo-thumb.jpg?1397812768"
  }, 
  "pledged": 35.0, 
  "slug": "frankendrone-usv-the-diy-unmanned-surface-vehicle", 
  "state": "failed", 
  "state_changed_at": 1366408203, 
  "urls": {
    "web": {
      "project": "https://www.kickstarter.com/projects/2024887920/frankendrone-usv-the-diy-unmanned-surface-vehicle", 
      "rewards": "https://www.kickstarter.com/projects/2024887920/frankendrone-usv-the-diy-unmanned-surface-vehicle/rewards"
    }
  }
}