{
  "backers_count": 12, 
  "blurb": "\"Linux for Windows People\" It's like a few PC's in one, you get some booting Linux systems on your keychain! *HELP US RELAUNCH!*", 
  "category": {
    "id": 52, 
    "name": "Hardware", 
    "parent_id": 16, 
    "position": 8, 
    "slug": "technology/hardware", 
    "urls": {
      "web": {
        "discover": "http://www.kickstarter.com/discover/categories/technology/hardware"
      }
    }
  }, 
  "country": "US", 
  "created_at": 1381871424, 
  "creator": {
    "avatar": {
      "medium": "https://s3.amazonaws.com/ksr/avatars/8022886/boots2SquareNlttle.medium.jpg?1381937795", 
      "small": "https://s3.amazonaws.com/ksr/avatars/8022886/boots2SquareNlttle.small.jpg?1381937795", 
      "thumb": "https://s3.amazonaws.com/ksr/avatars/8022886/boots2SquareNlttle.thumb.jpg?1381937795"
    }, 
    "id": 447959448, 
    "name": "bootbaby", 
    "urls": {
      "api": {
        "user": "https://api.kickstarter.com/v1/users/447959448?signature=1405310509.e6bd4635c963ca01680575567004363bafdd8288"
      }, 
      "web": {
        "user": "https://www.kickstarter.com/profile/447959448"
      }
    }
  }, 
  "currency": "USD", 
  "currency_symbol": "$", 
  "currency_trailing_code": true, 
  "deadline": 1397453592, 
  "disable_communication": false, 
  "goal": 10000.0, 
  "id": 1073900214, 
  "launched_at": 1394001192, 
  "location": {
    "country": "US", 
    "displayable_name": "Jensen Beach, FL", 
    "id": 2429071, 
    "name": "Jensen Beach", 
    "short_name": "Jensen Beach, FL", 
    "slug": "jensen-beach-fl", 
    "state": "FL", 
    "urls": {
      "api": {
        "nearby_projects": "https://api.kickstarter.com/v1/discover?signature=1405284253.1c9adf102e4cc885832db439151981e0c07e37e8&woe_id=2429071"
      }, 
      "web": {
        "discover": "https://www.kickstarter.com/discover/places/jensen-beach-fl", 
        "location": "https://www.kickstarter.com/locations/jensen-beach-fl"
      }
    }
  }, 
  "name": "Bootux! Multiboot USB! Fires up your PC! You'll want one!", 
  "photo": {
    "1024x768": "https://s3.amazonaws.com/ksr/projects/720317/photo-1024x768.jpg?1397851677", 
    "1536x1152": "https://s3.amazonaws.com/ksr/projects/720317/photo-1536x1152.jpg?1397851677", 
    "ed": "https://s3.amazonaws.com/ksr/projects/720317/photo-ed.jpg?1397851677", 
    "full": "https://s3.amazonaws.com/ksr/projects/720317/photo-full.jpg?1397851677", 
    "little": "https://s3.amazonaws.com/ksr/projects/720317/photo-little.jpg?1397851677", 
    "med": "https://s3.amazonaws.com/ksr/projects/720317/photo-med.jpg?1397851677", 
    "small": "https://s3.amazonaws.com/ksr/projects/720317/photo-small.jpg?1397851677", 
    "thumb": "https://s3.amazonaws.com/ksr/projects/720317/photo-thumb.jpg?1397851677"
  }, 
  "pledged": 855.0, 
  "slug": "bootux-multibootable-usb-device-to-fire-up-your-pc", 
  "state": "canceled", 
  "state_changed_at": 1397409456, 
  "urls": {
    "web": {
      "project": "https://www.kickstarter.com/projects/447959448/bootux-multibootable-usb-device-to-fire-up-your-pc", 
      "rewards": "https://www.kickstarter.com/projects/447959448/bootux-multibootable-usb-device-to-fire-up-your-pc/rewards"
    }
  }
}