{
  "backers_count": 145, 
  "blurb": "Large-format multi-touch for the masses!  Designed for your living room, Playsurface democratizes touch computing!", 
  "category": {
    "id": 16, 
    "name": "Technology", 
    "position": 14, 
    "slug": "technology", 
    "urls": {
      "web": {
        "discover": "http://www.kickstarter.com/discover/categories/technology"
      }
    }
  }, 
  "country": "US", 
  "created_at": 1329507795, 
  "creator": {
    "avatar": {
      "medium": "https://s3.amazonaws.com/ksr/avatars/916890/fb_profile_picture.medium.jpg?1305991620", 
      "small": "https://s3.amazonaws.com/ksr/avatars/916890/fb_profile_picture.small.jpg?1305991620", 
      "thumb": "https://s3.amazonaws.com/ksr/avatars/916890/fb_profile_picture.thumb.jpg?1305991620"
    }, 
    "id": 472263971, 
    "name": "Len White", 
    "urls": {
      "api": {
        "user": "https://api.kickstarter.com/v1/users/472263971?signature=1405310108.c4d739bf6fce2a449736b778a2ccb388f99787c4"
      }, 
      "web": {
        "user": "https://www.kickstarter.com/profile/472263971"
      }
    }
  }, 
  "currency": "USD", 
  "currency_symbol": "$", 
  "currency_trailing_code": true, 
  "deadline": 1338992434, 
  "disable_communication": false, 
  "goal": 40000.0, 
  "id": 1073788207, 
  "launched_at": 1336400434, 
  "location": {
    "country": "US", 
    "displayable_name": "Somerville, MA", 
    "id": 2495739, 
    "name": "Somerville", 
    "short_name": "Somerville, MA", 
    "slug": "somerville-ma", 
    "state": "MA", 
    "urls": {
      "api": {
        "nearby_projects": "https://api.kickstarter.com/v1/discover?signature=1405283964.68809543ffa368162e4f7dc78e68e9478a69b9fd&woe_id=2495739"
      }, 
      "web": {
        "discover": "https://www.kickstarter.com/discover/places/somerville-ma", 
        "location": "https://www.kickstarter.com/locations/somerville-ma"
      }
    }
  }, 
  "name": "Playsurface: The Affordable Multi-Touch Computing Table", 
  "photo": {
    "1024x768": "https://s3.amazonaws.com/ksr/projects/77406/photo-1024x768.jpg?1397771398", 
    "1536x1152": "https://s3.amazonaws.com/ksr/projects/77406/photo-1536x1152.jpg?1397771398", 
    "ed": "https://s3.amazonaws.com/ksr/projects/77406/photo-ed.jpg?1397771398", 
    "full": "https://s3.amazonaws.com/ksr/projects/77406/photo-full.jpg?1397771398", 
    "little": "https://s3.amazonaws.com/ksr/projects/77406/photo-little.jpg?1397771398", 
    "med": "https://s3.amazonaws.com/ksr/projects/77406/photo-med.jpg?1397771398", 
    "small": "https://s3.amazonaws.com/ksr/projects/77406/photo-small.jpg?1397771398", 
    "thumb": "https://s3.amazonaws.com/ksr/projects/77406/photo-thumb.jpg?1397771398"
  }, 
  "pledged": 75554.01, 
  "slug": "playsurface-the-affordable-multi-touch-computing-t", 
  "state": "successful", 
  "state_changed_at": 1338992434, 
  "urls": {
    "web": {
      "project": "https://www.kickstarter.com/projects/472263971/playsurface-the-affordable-multi-touch-computing-t", 
      "rewards": "https://www.kickstarter.com/projects/472263971/playsurface-the-affordable-multi-touch-computing-t/rewards"
    }
  }
}