{
  "backers_count": 9, 
  "blurb": "Team 5035 from O'Fallon, MO: a highschool FIRST robotics team building robots and inspiring students to study engineering & technology.", 
  "category": {
    "id": 16, 
    "name": "Technology", 
    "position": 14, 
    "slug": "technology", 
    "urls": {
      "web": {
        "discover": "http://www.kickstarter.com/discover/categories/technology"
      }
    }
  }, 
  "country": "US", 
  "created_at": 1390324603, 
  "creator": {
    "avatar": {
      "medium": "https://s3.amazonaws.com/ksr/avatars/1526654/color_smaller.medium.jpg?1390608477", 
      "small": "https://s3.amazonaws.com/ksr/avatars/1526654/color_smaller.small.jpg?1390608477", 
      "thumb": "https://s3.amazonaws.com/ksr/avatars/1526654/color_smaller.thumb.jpg?1390608477"
    }, 
    "id": 91392200, 
    "name": "Samantha Eftink, WIRED Coach", 
    "urls": {
      "api": {
        "user": "https://api.kickstarter.com/v1/users/91392200?signature=1405310605.ed2110f130275dc6ca3cee77a6bed523bf986478"
      }, 
      "web": {
        "user": "https://www.kickstarter.com/profile/91392200"
      }
    }
  }, 
  "currency": "USD", 
  "currency_symbol": "$", 
  "currency_trailing_code": true, 
  "deadline": 1393712064, 
  "disable_communication": false, 
  "goal": 2000.0, 
  "id": 1073026360, 
  "launched_at": 1391120064, 
  "location": {
    "country": "US", 
    "displayable_name": "O'Fallon, St. Louis, MO", 
    "id": 55807082, 
    "name": "O'Fallon", 
    "short_name": "O'Fallon, MO", 
    "slug": "ofallon-st-louis-mo", 
    "state": "MO", 
    "urls": {
      "api": {
        "nearby_projects": "https://api.kickstarter.com/v1/discover?signature=1405284064.fbd69725b64163d41801aed51cd73ca6be627d7f&woe_id=55807082"
      }, 
      "web": {
        "discover": "https://www.kickstarter.com/discover/places/ofallon-st-louis-mo", 
        "location": "https://www.kickstarter.com/locations/ofallon-st-louis-mo"
      }
    }
  }, 
  "name": "Wheatley's Robot Journey", 
  "photo": {
    "1024x768": "https://s3.amazonaws.com/ksr/projects/838954/photo-1024x768.jpg?1397864700", 
    "1536x1152": "https://s3.amazonaws.com/ksr/projects/838954/photo-1536x1152.jpg?1397864700", 
    "ed": "https://s3.amazonaws.com/ksr/projects/838954/photo-ed.jpg?1397864700", 
    "full": "https://s3.amazonaws.com/ksr/projects/838954/photo-full.jpg?1397864700", 
    "little": "https://s3.amazonaws.com/ksr/projects/838954/photo-little.jpg?1397864700", 
    "med": "https://s3.amazonaws.com/ksr/projects/838954/photo-med.jpg?1397864700", 
    "small": "https://s3.amazonaws.com/ksr/projects/838954/photo-small.jpg?1397864700", 
    "thumb": "https://s3.amazonaws.com/ksr/projects/838954/photo-thumb.jpg?1397864700"
  }, 
  "pledged": 112.0, 
  "slug": "wheatleys-robot-journey", 
  "state": "failed", 
  "state_changed_at": 1393712117, 
  "urls": {
    "web": {
      "project": "https://www.kickstarter.com/projects/91392200/wheatleys-robot-journey", 
      "rewards": "https://www.kickstarter.com/projects/91392200/wheatleys-robot-journey/rewards"
    }
  }
}