{
  "backers_count": 55, 
  "blurb": "A transit app made for the Twin Cities. Making transit easier to use and discover.", 
  "category": {
    "id": 51, 
    "name": "Software", 
    "parent_id": 16, 
    "position": 11, 
    "slug": "technology/software", 
    "urls": {
      "web": {
        "discover": "http://www.kickstarter.com/discover/categories/technology/software"
      }
    }
  }, 
  "country": "US", 
  "created_at": 1355640066, 
  "creator": {
    "avatar": {
      "medium": "https://s3.amazonaws.com/ksr/avatars/4955463/image.medium.jpg?1355732406", 
      "small": "https://s3.amazonaws.com/ksr/avatars/4955463/image.small.jpg?1355732406", 
      "thumb": "https://s3.amazonaws.com/ksr/avatars/4955463/image.thumb.jpg?1355732406"
    }, 
    "id": 1624442896, 
    "name": "Eric James", 
    "urls": {
      "api": {
        "user": "https://api.kickstarter.com/v1/users/1624442896?signature=1405310272.e1ba1f915f20e57766d55353919c32276d09798d"
      }, 
      "web": {
        "user": "https://www.kickstarter.com/profile/1624442896"
      }
    }
  }, 
  "currency": "USD", 
  "currency_symbol": "$", 
  "currency_trailing_code": true, 
  "deadline": 1368230400, 
  "disable_communication": false, 
  "goal": 500.0, 
  "id": 107414100, 
  "launched_at": 1365475984, 
  "location": {
    "country": "US", 
    "displayable_name": "Minneapolis, MN", 
    "id": 2452078, 
    "name": "Minneapolis", 
    "short_name": "Minneapolis, MN", 
    "slug": "minneapolis-mn", 
    "state": "MN", 
    "urls": {
      "api": {
        "nearby_projects": "https://api.kickstarter.com/v1/discover?signature=1405283924.5ee4b093538f11a1fbd2c7c92ad0de4e046177b1&woe_id=2452078"
      }, 
      "web": {
        "discover": "https://www.kickstarter.com/discover/places/minneapolis-mn", 
        "location": "https://www.kickstarter.com/locations/minneapolis-mn"
      }
    }
  }, 
  "name": "Transit App for the Twin Cities", 
  "photo": {
    "1024x768": "https://s3.amazonaws.com/ksr/projects/414662/photo-1024x768.jpg?1397805620", 
    "1536x1152": "https://s3.amazonaws.com/ksr/projects/414662/photo-1536x1152.jpg?1397805620", 
    "ed": "https://s3.amazonaws.com/ksr/projects/414662/photo-ed.jpg?1397805620", 
    "full": "https://s3.amazonaws.com/ksr/projects/414662/photo-full.jpg?1397805620", 
    "little": "https://s3.amazonaws.com/ksr/projects/414662/photo-little.jpg?1397805620", 
    "med": "https://s3.amazonaws.com/ksr/projects/414662/photo-med.jpg?1397805620", 
    "small": "https://s3.amazonaws.com/ksr/projects/414662/photo-small.jpg?1397805620", 
    "thumb": "https://s3.amazonaws.com/ksr/projects/414662/photo-thumb.jpg?1397805620"
  }, 
  "pledged": 714.0, 
  "slug": "transit-app-for-the-twin-cities", 
  "state": "successful", 
  "state_changed_at": 1368230434, 
  "urls": {
    "web": {
      "project": "https://www.kickstarter.com/projects/1624442896/transit-app-for-the-twin-cities", 
      "rewards": "https://www.kickstarter.com/projects/1624442896/transit-app-for-the-twin-cities/rewards"
    }
  }
}