{
  "backers_count": 116, 
  "blurb": "The Trickits app takes children on an AHA!-sparking creative adventure, both on touchscreens and in the real world.", 
  "category": {
    "id": 332, 
    "name": "Apps", 
    "parent_id": 16, 
    "position": 2, 
    "slug": "technology/apps", 
    "urls": {
      "web": {
        "discover": "http://www.kickstarter.com/discover/categories/technology/apps"
      }
    }
  }, 
  "country": "US", 
  "created_at": 1403976992, 
  "creator": {
    "avatar": {
      "medium": "https://s3.amazonaws.com/ksr/avatars/11169736/HeadshotCWe.medium.jpg?1404130102", 
      "small": "https://s3.amazonaws.com/ksr/avatars/11169736/HeadshotCWe.small.jpg?1404130102", 
      "thumb": "https://s3.amazonaws.com/ksr/avatars/11169736/HeadshotCWe.thumb.jpg?1404130102"
    }, 
    "id": 1203596034, 
    "name": "Courtney Watkins", 
    "urls": {
      "api": {
        "user": "https://api.kickstarter.com/v1/users/1203596034?signature=1405310187.55d18123e39f1579290eaed753069b64539d90c4"
      }, 
      "web": {
        "user": "https://www.kickstarter.com/profile/1203596034"
      }
    }
  }, 
  "currency": "USD", 
  "currency_symbol": "$", 
  "currency_trailing_code": true, 
  "deadline": 1405480087, 
  "disable_communication": false, 
  "goal": 19000.0, 
  "id": 1074760321, 
  "launched_at": 1404184087, 
  "location": {
    "country": "US", 
    "displayable_name": "Los Angeles, CA", 
    "id": 2442047, 
    "name": "Los Angeles", 
    "short_name": "Los Angeles, CA", 
    "slug": "los-angeles-ca", 
    "state": "CA", 
    "urls": {
      "api": {
        "nearby_projects": "https://api.kickstarter.com/v1/discover?signature=1405283921.ee3a1133214a755b6f367baa5289215cf97407d4&woe_id=2442047"
      }, 
      "web": {
        "discover": "https://www.kickstarter.com/discover/places/los-angeles-ca", 
        "location": "https://www.kickstarter.com/locations/los-angeles-ca"
      }
    }
  }, 
  "name": "Trickits App", 
  "photo": {
    "1024x768": "https://s3.amazonaws.com/ksr/projects/1064464/photo-1024x768.jpg?1404129257", 
    "1536x1152": "https://s3.amazonaws.com/ksr/projects/1064464/photo-1536x1152.jpg?1404129257", 
    "ed": "https://s3.amazonaws.com/ksr/projects/1064464/photo-ed.jpg?1404129257", 
    "full": "https://s3.amazonaws.com/ksr/projects/1064464/photo-full.jpg?1404129257", 
    "little": "https://s3.amazonaws.com/ksr/projects/1064464/photo-little.jpg?1404129257", 
    "med": "https://s3.amazonaws.com/ksr/projects/1064464/photo-med.jpg?1404129257", 
    "small": "https://s3.amazonaws.com/ksr/projects/1064464/photo-small.jpg?1404129257", 
    "thumb": "https://s3.amazonaws.com/ksr/projects/1064464/photo-thumb.jpg?1404129257"
  }, 
  "pledged": 12182.0, 
  "slug": "trickits-app", 
  "state": "live", 
  "state_changed_at": 1404184087, 
  "urls": {
    "web": {
      "project": "https://www.kickstarter.com/projects/1203596034/trickits-app", 
      "rewards": "https://www.kickstarter.com/projects/1203596034/trickits-app/rewards"
    }
  }
}