{
  "backers_count": 0, 
  "blurb": "I am developing an A-Level Biology application. From personal experience, I know that this will benefit millions of people.", 
  "category": {
    "id": 51, 
    "name": "Software", 
    "parent_id": 16, 
    "position": 11, 
    "slug": "technology/software", 
    "urls": {
      "web": {
        "discover": "http://www.kickstarter.com/discover/categories/technology/software"
      }
    }
  }, 
  "country": "GB", 
  "created_at": 1405093850, 
  "creator": {
    "avatar": {
      "medium": "https://s3.amazonaws.com/ksr/avatars/11387181/482627_102641226589723_1388776330_n.medium.jpg?1405094977", 
      "small": "https://s3.amazonaws.com/ksr/avatars/11387181/482627_102641226589723_1388776330_n.small.jpg?1405094977", 
      "thumb": "https://s3.amazonaws.com/ksr/avatars/11387181/482627_102641226589723_1388776330_n.thumb.jpg?1405094977"
    }, 
    "id": 1966308123, 
    "name": "Bill Sader", 
    "urls": {
      "api": {
        "user": "https://api.kickstarter.com/v1/users/1966308123?signature=1405310319.95c31cb916406f629471494d5dc60dd629a498ac"
      }, 
      "web": {
        "user": "https://www.kickstarter.com/profile/1966308123"
      }
    }
  }, 
  "currency": "GBP", 
  "currency_symbol": "\u00a3", 
  "currency_trailing_code": false, 
  "deadline": 1407763838, 
  "disable_communication": false, 
  "goal": 650.0, 
  "id": 1074117322, 
  "launched_at": 1405171838, 
  "location": {
    "country": "GB", 
    "displayable_name": "Leicester, UK", 
    "id": 26062, 
    "name": "Leicester", 
    "short_name": "Leicester, UK", 
    "slug": "leicester-gb", 
    "state": "England", 
    "urls": {
      "api": {
        "nearby_projects": "https://api.kickstarter.com/v1/discover?signature=1405283982.914cc74b890f55311579b7602cf6cf69f1f4c30b&woe_id=26062"
      }, 
      "web": {
        "discover": "https://www.kickstarter.com/discover/places/leicester-gb", 
        "location": "https://www.kickstarter.com/locations/leicester-gb"
      }
    }
  }, 
  "name": "Education Application", 
  "photo": {
    "1024x768": "https://s3.amazonaws.com/ksr/projects/1138821/photo-1024x768.jpg?1405094029", 
    "1536x1152": "https://s3.amazonaws.com/ksr/projects/1138821/photo-1536x1152.jpg?1405094029", 
    "ed": "https://s3.amazonaws.com/ksr/projects/1138821/photo-ed.jpg?1405094029", 
    "full": "https://s3.amazonaws.com/ksr/projects/1138821/photo-full.jpg?1405094029", 
    "little": "https://s3.amazonaws.com/ksr/projects/1138821/photo-little.jpg?1405094029", 
    "med": "https://s3.amazonaws.com/ksr/projects/1138821/photo-med.jpg?1405094029", 
    "small": "https://s3.amazonaws.com/ksr/projects/1138821/photo-small.jpg?1405094029", 
    "thumb": "https://s3.amazonaws.com/ksr/projects/1138821/photo-thumb.jpg?1405094029"
  }, 
  "pledged": 0.0, 
  "slug": "education-application", 
  "state": "live", 
  "state_changed_at": 1405171838, 
  "urls": {
    "web": {
      "project": "https://www.kickstarter.com/projects/1966308123/education-application", 
      "rewards": "https://www.kickstarter.com/projects/1966308123/education-application/rewards"
    }
  }
}