{
  "backers_count": 2, 
  "blurb": "Math App for High School students. Thousands of Qs and As.", 
  "category": {
    "id": 16, 
    "name": "Technology", 
    "position": 14, 
    "slug": "technology", 
    "urls": {
      "web": {
        "discover": "http://www.kickstarter.com/discover/categories/technology"
      }
    }
  }, 
  "country": "CA", 
  "created_at": 1395119159, 
  "creator": {
    "avatar": {
      "medium": "https://s3.amazonaws.com/ksr/avatars/9986663/Grace.medium.jpg?1395119540", 
      "small": "https://s3.amazonaws.com/ksr/avatars/9986663/Grace.small.jpg?1395119540", 
      "thumb": "https://s3.amazonaws.com/ksr/avatars/9986663/Grace.thumb.jpg?1395119540"
    }, 
    "id": 1278932459, 
    "name": "Glory be to God", 
    "urls": {
      "api": {
        "user": "https://api.kickstarter.com/v1/users/1278932459?signature=1405310659.77aeeb2725f95d5463e322dc2ced2f092cbb39ff"
      }, 
      "web": {
        "user": "https://www.kickstarter.com/profile/1278932459"
      }
    }
  }, 
  "currency": "CAD", 
  "currency_symbol": "$", 
  "currency_trailing_code": true, 
  "deadline": 1398892814, 
  "disable_communication": false, 
  "goal": 2000000.0, 
  "id": 107477273, 
  "launched_at": 1396300814, 
  "location": {
    "country": "CA", 
    "displayable_name": "Toronto, Canada", 
    "id": 4118, 
    "name": "Toronto", 
    "short_name": "Toronto, Canada", 
    "slug": "toronto-on-ca", 
    "state": "ON", 
    "urls": {
      "api": {
        "nearby_projects": "https://api.kickstarter.com/v1/discover?signature=1405283922.d846628b5e3e23ac33c63f0d9923266125786c79&woe_id=4118"
      }, 
      "web": {
        "discover": "https://www.kickstarter.com/discover/places/toronto-on-ca", 
        "location": "https://www.kickstarter.com/locations/toronto-on-ca"
      }
    }
  }, 
  "name": "\"Bill Gates Math App\" for iPhone and Android.", 
  "photo": {
    "1024x768": "https://s3.amazonaws.com/ksr/projects/913854/photo-1024x768.jpg?1397872466", 
    "1536x1152": "https://s3.amazonaws.com/ksr/projects/913854/photo-1536x1152.jpg?1397872466", 
    "ed": "https://s3.amazonaws.com/ksr/projects/913854/photo-ed.jpg?1397872466", 
    "full": "https://s3.amazonaws.com/ksr/projects/913854/photo-full.jpg?1397872466", 
    "little": "https://s3.amazonaws.com/ksr/projects/913854/photo-little.jpg?1397872466", 
    "med": "https://s3.amazonaws.com/ksr/projects/913854/photo-med.jpg?1397872466", 
    "small": "https://s3.amazonaws.com/ksr/projects/913854/photo-small.jpg?1397872466", 
    "thumb": "https://s3.amazonaws.com/ksr/projects/913854/photo-thumb.jpg?1397872466"
  }, 
  "pledged": 6.0, 
  "slug": "glory-to-god-for-his-grace", 
  "state": "failed", 
  "state_changed_at": 1398892814, 
  "urls": {
    "web": {
      "project": "https://www.kickstarter.com/projects/1278932459/glory-to-god-for-his-grace", 
      "rewards": "https://www.kickstarter.com/projects/1278932459/glory-to-god-for-his-grace/rewards"
    }
  }
}