{
  "backers_count": 125, 
  "blurb": "An explosion of Urban Lifestyle! We ARE THE HUB for connecting you to  Businesses, Resources, Services, TV & Technology across America", 
  "category": {
    "id": 342, 
    "name": "Web", 
    "parent_id": 16, 
    "position": 15, 
    "slug": "technology/web", 
    "urls": {
      "web": {
        "discover": "http://www.kickstarter.com/discover/categories/technology/web"
      }
    }
  }, 
  "country": "US", 
  "created_at": 1388545854, 
  "creator": {
    "avatar": {
      "medium": "https://s3.amazonaws.com/ksr/avatars/9215575/IMG_0214-L.medium.jpg?1388554847", 
      "small": "https://s3.amazonaws.com/ksr/avatars/9215575/IMG_0214-L.small.jpg?1388554847", 
      "thumb": "https://s3.amazonaws.com/ksr/avatars/9215575/IMG_0214-L.thumb.jpg?1388554847"
    }, 
    "id": 1827567311, 
    "name": "LaN\u00e9e Javet", 
    "urls": {
      "api": {
        "user": "https://api.kickstarter.com/v1/users/1827567311?signature=1405309917.66fc5874e32c719347785047c304477660386187"
      }, 
      "web": {
        "user": "https://www.kickstarter.com/profile/1827567311"
      }
    }
  }, 
  "currency": "USD", 
  "currency_symbol": "$", 
  "currency_trailing_code": true, 
  "deadline": 1392253200, 
  "disable_communication": false, 
  "goal": 10000.0, 
  "id": 1074405592, 
  "launched_at": 1389669046, 
  "location": {
    "country": "US", 
    "displayable_name": "Phoenix, AZ", 
    "id": 2471390, 
    "name": "Phoenix", 
    "short_name": "Phoenix, AZ", 
    "slug": "phoenix-az", 
    "state": "AZ", 
    "urls": {
      "api": {
        "nearby_projects": "https://api.kickstarter.com/v1/discover?signature=1405283925.2a7b7c1c0ee08cb76b133895ad16f1f4d051a48f&woe_id=2471390"
      }, 
      "web": {
        "discover": "https://www.kickstarter.com/discover/places/phoenix-az", 
        "location": "https://www.kickstarter.com/locations/phoenix-az"
      }
    }
  }, 
  "name": "CulSire  (Kul-Sire) ~ Where Culture Meets Desire", 
  "photo": {
    "1024x768": "https://s3.amazonaws.com/ksr/projects/812938/photo-1024x768.jpg?1397861956", 
    "1536x1152": "https://s3.amazonaws.com/ksr/projects/812938/photo-1536x1152.jpg?1397861956", 
    "ed": "https://s3.amazonaws.com/ksr/projects/812938/photo-ed.jpg?1397861956", 
    "full": "https://s3.amazonaws.com/ksr/projects/812938/photo-full.jpg?1397861956", 
    "little": "https://s3.amazonaws.com/ksr/projects/812938/photo-little.jpg?1397861956", 
    "med": "https://s3.amazonaws.com/ksr/projects/812938/photo-med.jpg?1397861956", 
    "small": "https://s3.amazonaws.com/ksr/projects/812938/photo-small.jpg?1397861956", 
    "thumb": "https://s3.amazonaws.com/ksr/projects/812938/photo-thumb.jpg?1397861956"
  }, 
  "pledged": 10131.0, 
  "slug": "culsire-kul-sire-where-culture-meets-desire", 
  "state": "successful", 
  "state_changed_at": 1392253217, 
  "urls": {
    "web": {
      "project": "https://www.kickstarter.com/projects/1827567311/culsire-kul-sire-where-culture-meets-desire", 
      "rewards": "https://www.kickstarter.com/projects/1827567311/culsire-kul-sire-where-culture-meets-desire/rewards"
    }
  }
}