{
  "backers_count": 1, 
  "blurb": "The soap chip recycler is a machine that saves you money on your soap bill by providing means to grind soap down into liquid soap.", 
  "category": {
    "id": 337, 
    "name": "Gadgets", 
    "parent_id": 16, 
    "position": 7, 
    "slug": "technology/gadgets", 
    "urls": {
      "web": {
        "discover": "http://www.kickstarter.com/discover/categories/technology/gadgets"
      }
    }
  }, 
  "country": "US", 
  "created_at": 1399835154, 
  "creator": {
    "avatar": {
      "medium": "https://s3.amazonaws.com/ksr/avatars/10617267/020.medium.jpg?1402362898", 
      "small": "https://s3.amazonaws.com/ksr/avatars/10617267/020.small.jpg?1402362898", 
      "thumb": "https://s3.amazonaws.com/ksr/avatars/10617267/020.thumb.jpg?1402362898"
    }, 
    "id": 1497174915, 
    "name": "Rashad Scarborough", 
    "urls": {
      "api": {
        "user": "https://api.kickstarter.com/v1/users/1497174915?signature=1405310295.d0467625845a4ff294e2e71ef1923a9947b8c25c"
      }, 
      "web": {
        "user": "https://www.kickstarter.com/profile/1497174915"
      }
    }
  }, 
  "currency": "USD", 
  "currency_symbol": "$", 
  "currency_trailing_code": true, 
  "deadline": 1408043160, 
  "disable_communication": false, 
  "goal": 30000.0, 
  "id": 1075701788, 
  "launched_at": 1402947720, 
  "location": {
    "country": "US", 
    "displayable_name": "Durham, NC", 
    "id": 2394734, 
    "name": "Durham", 
    "short_name": "Durham, NC", 
    "slug": "durham-nc", 
    "state": "NC", 
    "urls": {
      "api": {
        "nearby_projects": "https://api.kickstarter.com/v1/discover?signature=1405283943.27644e926f03545bb6fe49c56cb37fc67222d749&woe_id=2394734"
      }, 
      "web": {
        "discover": "https://www.kickstarter.com/discover/places/durham-nc", 
        "location": "https://www.kickstarter.com/locations/durham-nc"
      }
    }
  }, 
  "name": "The machine that saves you money. From solid to liquid soap.", 
  "photo": {
    "1024x768": "https://s3.amazonaws.com/ksr/projects/995107/photo-1024x768.jpg?1402612657", 
    "1536x1152": "https://s3.amazonaws.com/ksr/projects/995107/photo-1536x1152.jpg?1402612657", 
    "ed": "https://s3.amazonaws.com/ksr/projects/995107/photo-ed.jpg?1402612657", 
    "full": "https://s3.amazonaws.com/ksr/projects/995107/photo-full.jpg?1402612657", 
    "little": "https://s3.amazonaws.com/ksr/projects/995107/photo-little.jpg?1402612657", 
    "med": "https://s3.amazonaws.com/ksr/projects/995107/photo-med.jpg?1402612657", 
    "small": "https://s3.amazonaws.com/ksr/projects/995107/photo-small.jpg?1402612657", 
    "thumb": "https://s3.amazonaws.com/ksr/projects/995107/photo-thumb.jpg?1402612657"
  }, 
  "pledged": 30.0, 
  "slug": "the-machine-that-saves-you-money-from-solid-to-liq", 
  "state": "live", 
  "state_changed_at": 1402947722, 
  "urls": {
    "web": {
      "project": "https://www.kickstarter.com/projects/1497174915/the-machine-that-saves-you-money-from-solid-to-liq", 
      "rewards": "https://www.kickstarter.com/projects/1497174915/the-machine-that-saves-you-money-from-solid-to-liq/rewards"
    }
  }
}