{
  "backers_count": 0, 
  "blurb": "A fantastic conference allowing students to share new and ground breaking work as well as take in some culture from the local area.", 
  "category": {
    "id": 16, 
    "name": "Technology", 
    "position": 14, 
    "slug": "technology", 
    "urls": {
      "web": {
        "discover": "http://www.kickstarter.com/discover/categories/technology"
      }
    }
  }, 
  "country": "GB", 
  "created_at": 1361713021, 
  "creator": {
    "avatar": {
      "medium": "https://s3.amazonaws.com/ksr/avatars/5617329/260344_10150634363845048_2107031_n.medium.jpg?1362568099", 
      "small": "https://s3.amazonaws.com/ksr/avatars/5617329/260344_10150634363845048_2107031_n.small.jpg?1362568099", 
      "thumb": "https://s3.amazonaws.com/ksr/avatars/5617329/260344_10150634363845048_2107031_n.thumb.jpg?1362568099"
    }, 
    "id": 1558819569, 
    "name": "Ross james Donaldson", 
    "urls": {
      "api": {
        "user": "https://api.kickstarter.com/v1/users/1558819569?signature=1405310673.9dffa3c25ea56766ad6dee6491140e3cb01801b6"
      }, 
      "web": {
        "user": "https://www.kickstarter.com/profile/1558819569"
      }
    }
  }, 
  "currency": "GBP", 
  "currency_symbol": "\u00a3", 
  "currency_trailing_code": false, 
  "deadline": 1375885403, 
  "disable_communication": false, 
  "goal": 1000.0, 
  "id": 1076475196, 
  "launched_at": 1373293403, 
  "location": {
    "country": "GB", 
    "displayable_name": "Edinburgh, UK", 
    "id": 19344, 
    "name": "Edinburgh", 
    "short_name": "Edinburgh, UK", 
    "slug": "edinburgh-gb", 
    "state": "Scotland", 
    "urls": {
      "api": {
        "nearby_projects": "https://api.kickstarter.com/v1/discover?signature=1405283927.5ab30fcbeb28837ac9e6260a963efd0a2a0108a1&woe_id=19344"
      }, 
      "web": {
        "discover": "https://www.kickstarter.com/discover/places/edinburgh-gb", 
        "location": "https://www.kickstarter.com/locations/edinburgh-gb"
      }
    }
  }, 
  "name": "International Conference Of Physics Students 2013 Edinburgh", 
  "photo": {
    "1024x768": "https://s3.amazonaws.com/ksr/projects/471961/photo-1024x768.jpg?1397811602", 
    "1536x1152": "https://s3.amazonaws.com/ksr/projects/471961/photo-1536x1152.jpg?1397811602", 
    "ed": "https://s3.amazonaws.com/ksr/projects/471961/photo-ed.jpg?1397811602", 
    "full": "https://s3.amazonaws.com/ksr/projects/471961/photo-full.jpg?1397811602", 
    "little": "https://s3.amazonaws.com/ksr/projects/471961/photo-little.jpg?1397811602", 
    "med": "https://s3.amazonaws.com/ksr/projects/471961/photo-med.jpg?1397811602", 
    "small": "https://s3.amazonaws.com/ksr/projects/471961/photo-small.jpg?1397811602", 
    "thumb": "https://s3.amazonaws.com/ksr/projects/471961/photo-thumb.jpg?1397811602"
  }, 
  "pledged": 0.0, 
  "slug": "international-conference-of-physics-students-2013", 
  "state": "failed", 
  "state_changed_at": 1375885403, 
  "urls": {
    "web": {
      "project": "https://www.kickstarter.com/projects/1558819569/international-conference-of-physics-students-2013", 
      "rewards": "https://www.kickstarter.com/projects/1558819569/international-conference-of-physics-students-2013/rewards"
    }
  }
}