{
  "backers_count": 517, 
  "blurb": "An Open-Source Environmental Monitoring Platform consisting of arduino-compatible hardware, data visualization web API, and mobile app.", 
  "category": {
    "id": 334, 
    "name": "DIY Electronics", 
    "parent_id": 16, 
    "position": 4, 
    "slug": "technology/diy electronics", 
    "urls": {
      "web": {
        "discover": "http://www.kickstarter.com/discover/categories/technology/diy%20electronics"
      }
    }
  }, 
  "country": "US", 
  "created_at": 1365148088, 
  "creator": {
    "avatar": {
      "medium": "https://s3.amazonaws.com/ksr/avatars/5459754/ai_logo_new_lg.medium.jpg?1396897907", 
      "small": "https://s3.amazonaws.com/ksr/avatars/5459754/ai_logo_new_lg.small.jpg?1396897907", 
      "thumb": "https://s3.amazonaws.com/ksr/avatars/5459754/ai_logo_new_lg.thumb.jpg?1396897907"
    }, 
    "id": 328838934, 
    "name": "Acrobotic Industries", 
    "slug": "acrobotic", 
    "urls": {
      "api": {
        "user": "https://api.kickstarter.com/v1/users/328838934?signature=1405310112.3c83eb128275344e6963a8aef844e78b8ca5e76b"
      }, 
      "web": {
        "user": "https://www.kickstarter.com/profile/acrobotic"
      }
    }
  }, 
  "currency": "USD", 
  "currency_symbol": "$", 
  "currency_trailing_code": true, 
  "deadline": 1371438699, 
  "disable_communication": false, 
  "goal": 50000.0, 
  "id": 1076229520, 
  "launched_at": 1368846699, 
  "location": {
    "country": "US", 
    "displayable_name": "Pasadena, CA", 
    "id": 2468964, 
    "name": "Pasadena", 
    "short_name": "Pasadena, CA", 
    "slug": "pasadena-ca-us", 
    "state": "CA", 
    "urls": {
      "api": {
        "nearby_projects": "https://api.kickstarter.com/v1/discover?signature=1405283924.e86af55ae393872e02c1e47765acaef22864b662&woe_id=2468964"
      }, 
      "web": {
        "discover": "https://www.kickstarter.com/discover/places/pasadena-ca-us", 
        "location": "https://www.kickstarter.com/locations/pasadena-ca-us"
      }
    }
  }, 
  "name": "The Smart Citizen Kit: Crowdsourced Environmental Monitoring", 
  "photo": {
    "1024x768": "https://s3.amazonaws.com/ksr/projects/513937/photo-1024x768.jpg?1397816018", 
    "1536x1152": "https://s3.amazonaws.com/ksr/projects/513937/photo-1536x1152.jpg?1397816018", 
    "ed": "https://s3.amazonaws.com/ksr/projects/513937/photo-ed.jpg?1397816018", 
    "full": "https://s3.amazonaws.com/ksr/projects/513937/photo-full.jpg?1397816018", 
    "little": "https://s3.amazonaws.com/ksr/projects/513937/photo-little.jpg?1397816018", 
    "med": "https://s3.amazonaws.com/ksr/projects/513937/photo-med.jpg?1397816018", 
    "small": "https://s3.amazonaws.com/ksr/projects/513937/photo-small.jpg?1397816018", 
    "thumb": "https://s3.amazonaws.com/ksr/projects/513937/photo-thumb.jpg?1397816018"
  }, 
  "pledged": 68000.0, 
  "slug": "the-smart-citizen-kit-crowdsourced-environmental-m", 
  "state": "successful", 
  "state_changed_at": 1371438702, 
  "urls": {
    "web": {
      "project": "https://www.kickstarter.com/projects/acrobotic/the-smart-citizen-kit-crowdsourced-environmental-m", 
      "rewards": "https://www.kickstarter.com/projects/acrobotic/the-smart-citizen-kit-crowdsourced-environmental-m/rewards"
    }
  }
}