{
  "backers_count": 220, 
  "blurb": "TV and monitor add-on that projects light at the background of your screen in real-time, creating an awesome light effect.", 
  "category": {
    "id": 52, 
    "name": "Hardware", 
    "parent_id": 16, 
    "position": 8, 
    "slug": "technology/hardware", 
    "urls": {
      "web": {
        "discover": "http://www.kickstarter.com/discover/categories/technology/hardware"
      }
    }
  }, 
  "country": "US", 
  "created_at": 1358549425, 
  "creator": {
    "avatar": {
      "medium": "https://s3.amazonaws.com/ksr/avatars/4275745/logo.medium.jpg?1354273451", 
      "small": "https://s3.amazonaws.com/ksr/avatars/4275745/logo.small.jpg?1354273451", 
      "thumb": "https://s3.amazonaws.com/ksr/avatars/4275745/logo.thumb.jpg?1354273451"
    }, 
    "id": 779037588, 
    "name": "e-radionica.com", 
    "slug": "eradionica", 
    "urls": {
      "api": {
        "user": "https://api.kickstarter.com/v1/users/779037588?signature=1405310351.51c8d813f8108557271d732dc6c4ce7e006268f7"
      }, 
      "web": {
        "user": "https://www.kickstarter.com/profile/eradionica"
      }
    }
  }, 
  "currency": "USD", 
  "currency_symbol": "$", 
  "currency_trailing_code": true, 
  "deadline": 1368298800, 
  "disable_communication": false, 
  "goal": 42000.0, 
  "id": 1076721016, 
  "launched_at": 1365782452, 
  "location": {
    "country": "HR", 
    "displayable_name": "Djakovo, Croatia", 
    "id": 847253, 
    "name": "Djakovo", 
    "short_name": "Djakovo, Croatia", 
    "slug": "djakovo-hr", 
    "state": "Osje\u010dko-baranjska", 
    "urls": {
      "api": {
        "nearby_projects": "https://api.kickstarter.com/v1/discover?signature=1405290586.5d889879c57ffd4c84d385c700d389c91ba84c66&woe_id=847253"
      }, 
      "web": {
        "discover": "https://www.kickstarter.com/discover/places/djakovo-hr", 
        "location": "https://www.kickstarter.com/locations/djakovo-hr"
      }
    }
  }, 
  "name": "Simavision: Your Television Aura (Canceled)", 
  "photo": {
    "1024x768": "https://s3.amazonaws.com/ksr/projects/438830/photo-1024x768.jpg?1397808078", 
    "1536x1152": "https://s3.amazonaws.com/ksr/projects/438830/photo-1536x1152.jpg?1397808078", 
    "ed": "https://s3.amazonaws.com/ksr/projects/438830/photo-ed.jpg?1397808078", 
    "full": "https://s3.amazonaws.com/ksr/projects/438830/photo-full.jpg?1397808078", 
    "little": "https://s3.amazonaws.com/ksr/projects/438830/photo-little.jpg?1397808078", 
    "med": "https://s3.amazonaws.com/ksr/projects/438830/photo-med.jpg?1397808078", 
    "small": "https://s3.amazonaws.com/ksr/projects/438830/photo-small.jpg?1397808078", 
    "thumb": "https://s3.amazonaws.com/ksr/projects/438830/photo-thumb.jpg?1397808078"
  }, 
  "pledged": 21441.0, 
  "slug": "simavision-your-television-aura", 
  "state": "canceled", 
  "state_changed_at": 1367320100, 
  "urls": {
    "web": {
      "project": "https://www.kickstarter.com/projects/eradionica/simavision-your-television-aura", 
      "rewards": "https://www.kickstarter.com/projects/eradionica/simavision-your-television-aura/rewards"
    }
  }
}