{
  "backers_count": 52, 
  "blurb": "To design and build a rocket capable of reaching the moon costing $5,000 or less for all hardware and software.", 
  "category": {
    "id": 52, 
    "name": "Hardware", 
    "parent_id": 16, 
    "position": 8, 
    "slug": "technology/hardware", 
    "urls": {
      "web": {
        "discover": "http://www.kickstarter.com/discover/categories/technology/hardware"
      }
    }
  }, 
  "country": "US", 
  "created_at": 1319993784, 
  "creator": {
    "avatar": {
      "medium": "https://s3.amazonaws.com/ksr/avatars/66721/Caricature.medium.jpg?1319999242", 
      "small": "https://s3.amazonaws.com/ksr/avatars/66721/Caricature.small.jpg?1319999242", 
      "thumb": "https://s3.amazonaws.com/ksr/avatars/66721/Caricature.thumb.jpg?1319999242"
    }, 
    "id": 717162578, 
    "name": "Philip Pierce", 
    "urls": {
      "api": {
        "user": "https://api.kickstarter.com/v1/users/717162578?signature=1405310412.8758b956070627bd7b56dd05326b0dd762da0475"
      }, 
      "web": {
        "user": "https://www.kickstarter.com/profile/717162578"
      }
    }
  }, 
  "currency": "USD", 
  "currency_symbol": "$", 
  "currency_trailing_code": true, 
  "deadline": 1323890551, 
  "disable_communication": false, 
  "goal": 25000.0, 
  "id": 10772847, 
  "launched_at": 1319998951, 
  "location": {
    "country": "US", 
    "displayable_name": "Fort Lauderdale, FL", 
    "id": 2405797, 
    "name": "Fort Lauderdale", 
    "short_name": "Fort Lauderdale, FL", 
    "slug": "fort-lauderdale-fl", 
    "state": "FL", 
    "urls": {
      "api": {
        "nearby_projects": "https://api.kickstarter.com/v1/discover?signature=1405283931.56557eda0cc9d20930e83535a89e3d52d71067e6&woe_id=2405797"
      }, 
      "web": {
        "discover": "https://www.kickstarter.com/discover/places/fort-lauderdale-fl", 
        "location": "https://www.kickstarter.com/locations/fort-lauderdale-fl"
      }
    }
  }, 
  "name": "Lunar Rocket for 5K", 
  "photo": {
    "1024x768": "https://s3.amazonaws.com/ksr/projects/55451/photo-1024x768.jpg?1397767336", 
    "1536x1152": "https://s3.amazonaws.com/ksr/projects/55451/photo-1536x1152.jpg?1397767336", 
    "ed": "https://s3.amazonaws.com/ksr/projects/55451/photo-ed.jpg?1397767336", 
    "full": "https://s3.amazonaws.com/ksr/projects/55451/photo-full.jpg?1397767336", 
    "little": "https://s3.amazonaws.com/ksr/projects/55451/photo-little.jpg?1397767336", 
    "med": "https://s3.amazonaws.com/ksr/projects/55451/photo-med.jpg?1397767336", 
    "small": "https://s3.amazonaws.com/ksr/projects/55451/photo-small.jpg?1397767336", 
    "thumb": "https://s3.amazonaws.com/ksr/projects/55451/photo-thumb.jpg?1397767336"
  }, 
  "pledged": 3883.0, 
  "slug": "lunar-rocket-for-5k", 
  "state": "failed", 
  "state_changed_at": 1323890551, 
  "urls": {
    "web": {
      "project": "https://www.kickstarter.com/projects/717162578/lunar-rocket-for-5k", 
      "rewards": "https://www.kickstarter.com/projects/717162578/lunar-rocket-for-5k/rewards"
    }
  }
}