{
  "backers_count": 0, 
  "blurb": "Symfonus is a digital platform that enables small and non-profit performance venues to sell tickets, manage their website, and build a social network.", 
  "category": {
    "id": 51, 
    "name": "Software", 
    "parent_id": 16, 
    "position": 11, 
    "slug": "technology/software", 
    "urls": {
      "web": {
        "discover": "http://www.kickstarter.com/discover/categories/technology/software"
      }
    }
  }, 
  "country": "US", 
  "created_at": 1273952558, 
  "creator": {
    "avatar": {
      "medium": "https://www.kickstarter.com/assets/users/missing_medium.png", 
      "small": "https://www.kickstarter.com/assets/users/missing_small.png", 
      "thumb": "https://www.kickstarter.com/assets/users/missing_thumb.png"
    }, 
    "id": 1116872987, 
    "name": "Sam Kottler", 
    "urls": {
      "api": {
        "user": "https://api.kickstarter.com/v1/users/1116872987?signature=1405310675.2eb099aa5205649b3e3733370a3a642d54da652c"
      }, 
      "web": {
        "user": "https://www.kickstarter.com/profile/1116872987"
      }
    }
  }, 
  "currency": "USD", 
  "currency_symbol": "$", 
  "currency_trailing_code": true, 
  "deadline": 1277481600, 
  "disable_communication": false, 
  "goal": 15000.0, 
  "id": 1077098549, 
  "launched_at": 1274019407, 
  "name": "SymfonUs", 
  "photo": {
    "1024x768": "https://s3.amazonaws.com/ksr/projects/6036/photo-1024x768.jpg?1397755849", 
    "1536x1152": "https://s3.amazonaws.com/ksr/projects/6036/photo-1536x1152.jpg?1397755849", 
    "ed": "https://s3.amazonaws.com/ksr/projects/6036/photo-ed.jpg?1397755849", 
    "full": "https://s3.amazonaws.com/ksr/projects/6036/photo-full.jpg?1397755849", 
    "little": "https://s3.amazonaws.com/ksr/projects/6036/photo-little.jpg?1397755849", 
    "med": "https://s3.amazonaws.com/ksr/projects/6036/photo-med.jpg?1397755849", 
    "small": "https://s3.amazonaws.com/ksr/projects/6036/photo-small.jpg?1397755849", 
    "thumb": "https://s3.amazonaws.com/ksr/projects/6036/photo-thumb.jpg?1397755849"
  }, 
  "pledged": 0.0, 
  "slug": "symfonus-0", 
  "state": "failed", 
  "state_changed_at": 1277481610, 
  "urls": {
    "web": {
      "project": "https://www.kickstarter.com/projects/1116872987/symfonus-0", 
      "rewards": "https://www.kickstarter.com/projects/1116872987/symfonus-0/rewards"
    }
  }
}