{
  "backers_count": 1, 
  "blurb": "QBoard provides a customizable keyboard that enables high-speed typing on mobile devices like smartphones.", 
  "category": {
    "id": 332, 
    "name": "Apps", 
    "parent_id": 16, 
    "position": 2, 
    "slug": "technology/apps", 
    "urls": {
      "web": {
        "discover": "http://www.kickstarter.com/discover/categories/technology/apps"
      }
    }
  }, 
  "country": "US", 
  "created_at": 1396100176, 
  "creator": {
    "avatar": {
      "medium": "https://s3.amazonaws.com/ksr/avatars/10108588/scarpino.medium.jpg?1402955951", 
      "small": "https://s3.amazonaws.com/ksr/avatars/10108588/scarpino.small.jpg?1402955951", 
      "thumb": "https://s3.amazonaws.com/ksr/avatars/10108588/scarpino.thumb.jpg?1402955951"
    }, 
    "id": 1607658931, 
    "name": "M. Scarpino", 
    "urls": {
      "api": {
        "user": "https://api.kickstarter.com/v1/users/1607658931?signature=1405310308.c1c3ad71a9417d9f682a10fb61976644babb8cd5"
      }, 
      "web": {
        "user": "https://www.kickstarter.com/profile/1607658931"
      }
    }
  }, 
  "currency": "USD", 
  "currency_symbol": "$", 
  "currency_trailing_code": true, 
  "deadline": 1405807020, 
  "disable_communication": false, 
  "goal": 15000.0, 
  "id": 107830017, 
  "launched_at": 1403215020, 
  "location": {
    "country": "US", 
    "displayable_name": "Burlington, MA", 
    "id": 2372081, 
    "name": "Burlington", 
    "short_name": "Burlington, MA", 
    "slug": "burlington-ma", 
    "state": "MA", 
    "urls": {
      "api": {
        "nearby_projects": "https://api.kickstarter.com/v1/discover?signature=1405284003.b599d02f68294620ba5ca4e5b709564d50f25331&woe_id=2372081"
      }, 
      "web": {
        "discover": "https://www.kickstarter.com/discover/places/burlington-ma", 
        "location": "https://www.kickstarter.com/locations/burlington-ma"
      }
    }
  }, 
  "name": "QBoard: A Revolutionary Keyboard for Mobile Devices", 
  "photo": {
    "1024x768": "https://s3.amazonaws.com/ksr/projects/929734/photo-1024x768.jpg?1402183431", 
    "1536x1152": "https://s3.amazonaws.com/ksr/projects/929734/photo-1536x1152.jpg?1402183431", 
    "ed": "https://s3.amazonaws.com/ksr/projects/929734/photo-ed.jpg?1402183431", 
    "full": "https://s3.amazonaws.com/ksr/projects/929734/photo-full.jpg?1402183431", 
    "little": "https://s3.amazonaws.com/ksr/projects/929734/photo-little.jpg?1402183431", 
    "med": "https://s3.amazonaws.com/ksr/projects/929734/photo-med.jpg?1402183431", 
    "small": "https://s3.amazonaws.com/ksr/projects/929734/photo-small.jpg?1402183431", 
    "thumb": "https://s3.amazonaws.com/ksr/projects/929734/photo-thumb.jpg?1402183431"
  }, 
  "pledged": 1.0, 
  "slug": "qboard-a-revolutionary-keyboard-for-mobile-devices", 
  "state": "live", 
  "state_changed_at": 1403215020, 
  "urls": {
    "web": {
      "project": "https://www.kickstarter.com/projects/1607658931/qboard-a-revolutionary-keyboard-for-mobile-devices", 
      "rewards": "https://www.kickstarter.com/projects/1607658931/qboard-a-revolutionary-keyboard-for-mobile-devices/rewards"
    }
  }
}