{
  "backers_count": 1, 
  "blurb": "The Ninja Dex is an APP for IOS or Android that lets you quickly and easily make ninja avatars for your contacts on your phone.", 
  "category": {
    "id": 16, 
    "name": "Technology", 
    "position": 14, 
    "slug": "technology", 
    "urls": {
      "web": {
        "discover": "http://www.kickstarter.com/discover/categories/technology"
      }
    }
  }, 
  "country": "US", 
  "created_at": 1333937636, 
  "creator": {
    "avatar": {
      "medium": "https://s3.amazonaws.com/ksr/avatars/2390186/fb_profile_picture.medium.jpg?1333944530", 
      "small": "https://s3.amazonaws.com/ksr/avatars/2390186/fb_profile_picture.small.jpg?1333944530", 
      "thumb": "https://s3.amazonaws.com/ksr/avatars/2390186/fb_profile_picture.thumb.jpg?1333944530"
    }, 
    "id": 1101463229, 
    "name": "Wes Meador", 
    "urls": {
      "api": {
        "user": "https://api.kickstarter.com/v1/users/1101463229?signature=1405310647.a9a25399450a099ebecead949af249105bcb7457"
      }, 
      "web": {
        "user": "https://www.kickstarter.com/profile/1101463229"
      }
    }
  }, 
  "currency": "USD", 
  "currency_symbol": "$", 
  "currency_trailing_code": true, 
  "deadline": 1395606971, 
  "disable_communication": false, 
  "goal": 1600.0, 
  "id": 10785802, 
  "launched_at": 1392154571, 
  "location": {
    "country": "US", 
    "displayable_name": "Baton Rouge, LA", 
    "id": 2359991, 
    "name": "Baton Rouge", 
    "short_name": "Baton Rouge, LA", 
    "slug": "baton-rouge-la", 
    "state": "LA", 
    "urls": {
      "api": {
        "nearby_projects": "https://api.kickstarter.com/v1/discover?signature=1405283944.c575722968ed6f686e7c91e8117cdad35082da69&woe_id=2359991"
      }, 
      "web": {
        "discover": "https://www.kickstarter.com/discover/places/baton-rouge-la", 
        "location": "https://www.kickstarter.com/locations/baton-rouge-la"
      }
    }
  }, 
  "name": "Ninja-Dex Ninja Profiler", 
  "photo": {
    "1024x768": "https://s3.amazonaws.com/ksr/projects/130513/photo-1024x768.jpg?1397777448", 
    "1536x1152": "https://s3.amazonaws.com/ksr/projects/130513/photo-1536x1152.jpg?1397777448", 
    "ed": "https://s3.amazonaws.com/ksr/projects/130513/photo-ed.jpg?1397777448", 
    "full": "https://s3.amazonaws.com/ksr/projects/130513/photo-full.jpg?1397777448", 
    "little": "https://s3.amazonaws.com/ksr/projects/130513/photo-little.jpg?1397777448", 
    "med": "https://s3.amazonaws.com/ksr/projects/130513/photo-med.jpg?1397777448", 
    "small": "https://s3.amazonaws.com/ksr/projects/130513/photo-small.jpg?1397777448", 
    "thumb": "https://s3.amazonaws.com/ksr/projects/130513/photo-thumb.jpg?1397777448"
  }, 
  "pledged": 20.0, 
  "slug": "ninja-dex-ninja-profiler", 
  "state": "failed", 
  "state_changed_at": 1395606971, 
  "urls": {
    "web": {
      "project": "https://www.kickstarter.com/projects/1101463229/ninja-dex-ninja-profiler", 
      "rewards": "https://www.kickstarter.com/projects/1101463229/ninja-dex-ninja-profiler/rewards"
    }
  }
}