{
  "backers_count": 35, 
  "blurb": "The XensrCase tracks athlete's sports motion and provides exact jump heights, rotations, speeds and full 3D motion stats in realtime.", 
  "category": {
    "id": 16, 
    "name": "Technology", 
    "position": 14, 
    "slug": "technology", 
    "urls": {
      "web": {
        "discover": "http://www.kickstarter.com/discover/categories/technology"
      }
    }
  }, 
  "country": "US", 
  "created_at": 1329415724, 
  "creator": {
    "avatar": {
      "medium": "https://s3.amazonaws.com/ksr/avatars/1931669/lookup.medium.jpg?1396102758", 
      "small": "https://s3.amazonaws.com/ksr/avatars/1931669/lookup.small.jpg?1396102758", 
      "thumb": "https://s3.amazonaws.com/ksr/avatars/1931669/lookup.thumb.jpg?1396102758"
    }, 
    "id": 840314684, 
    "name": "EpicSesh", 
    "urls": {
      "api": {
        "user": "https://api.kickstarter.com/v1/users/840314684?signature=1405310399.d48073e68caab2d4452dc1a2dbc324a70d948177"
      }, 
      "web": {
        "user": "https://www.kickstarter.com/profile/840314684"
      }
    }
  }, 
  "currency": "USD", 
  "currency_symbol": "$", 
  "currency_trailing_code": true, 
  "deadline": 1355081947, 
  "disable_communication": false, 
  "goal": 100000.0, 
  "id": 1078440471, 
  "launched_at": 1352489947, 
  "location": {
    "country": "US", 
    "displayable_name": "Green Bay, WI", 
    "id": 2413753, 
    "name": "Green Bay", 
    "short_name": "Green Bay, WI", 
    "slug": "green-bay-wi", 
    "state": "WI", 
    "urls": {
      "api": {
        "nearby_projects": "https://api.kickstarter.com/v1/discover?signature=1405284236.38dc70ce1391c18fe48cdb641855fbd0a6aba5a7&woe_id=2413753"
      }, 
      "web": {
        "discover": "https://www.kickstarter.com/discover/places/green-bay-wi", 
        "location": "https://www.kickstarter.com/locations/green-bay-wi"
      }
    }
  }, 
  "name": "XensrCaseTM - 3D sports tracking for iPhone and iPod Touch", 
  "photo": {
    "1024x768": "https://s3.amazonaws.com/ksr/projects/77029/photo-1024x768.jpg?1397771330", 
    "1536x1152": "https://s3.amazonaws.com/ksr/projects/77029/photo-1536x1152.jpg?1397771330", 
    "ed": "https://s3.amazonaws.com/ksr/projects/77029/photo-ed.jpg?1397771330", 
    "full": "https://s3.amazonaws.com/ksr/projects/77029/photo-full.jpg?1397771330", 
    "little": "https://s3.amazonaws.com/ksr/projects/77029/photo-little.jpg?1397771330", 
    "med": "https://s3.amazonaws.com/ksr/projects/77029/photo-med.jpg?1397771330", 
    "small": "https://s3.amazonaws.com/ksr/projects/77029/photo-small.jpg?1397771330", 
    "thumb": "https://s3.amazonaws.com/ksr/projects/77029/photo-thumb.jpg?1397771330"
  }, 
  "pledged": 5203.0, 
  "slug": "xensrcasetm-3d-sports-tracking-for-iphone-and-ipod", 
  "state": "failed", 
  "state_changed_at": 1355081947, 
  "urls": {
    "web": {
      "project": "https://www.kickstarter.com/projects/840314684/xensrcasetm-3d-sports-tracking-for-iphone-and-ipod", 
      "rewards": "https://www.kickstarter.com/projects/840314684/xensrcasetm-3d-sports-tracking-for-iphone-and-ipod/rewards"
    }
  }
}