{
  "backers_count": 95, 
  "blurb": "web-based ocean exploration open platform that uses robotic submarines worldwide.", 
  "category": {
    "id": 52, 
    "name": "Hardware", 
    "parent_id": 16, 
    "position": 8, 
    "slug": "technology/hardware", 
    "urls": {
      "web": {
        "discover": "http://www.kickstarter.com/discover/categories/technology/hardware"
      }
    }
  }, 
  "country": "US", 
  "created_at": 1347081842, 
  "creator": {
    "avatar": {
      "medium": "https://s3.amazonaws.com/ksr/avatars/3886749/ed.medium.jpg?1352258563", 
      "small": "https://s3.amazonaws.com/ksr/avatars/3886749/ed.small.jpg?1352258563", 
      "thumb": "https://s3.amazonaws.com/ksr/avatars/3886749/ed.thumb.jpg?1352258563"
    }, 
    "id": 867520290, 
    "name": "9th Sense Robotics", 
    "urls": {
      "api": {
        "user": "https://api.kickstarter.com/v1/users/867520290?signature=1405310339.b847914226f941b8230542d561ffbd6962714791"
      }, 
      "web": {
        "user": "https://www.kickstarter.com/profile/867520290"
      }
    }
  }, 
  "currency": "USD", 
  "currency_symbol": "$", 
  "currency_trailing_code": true, 
  "deadline": 1352265102, 
  "disable_communication": false, 
  "goal": 135000.0, 
  "id": 1079809274, 
  "launched_at": 1349669502, 
  "location": {
    "country": "US", 
    "displayable_name": "Mountain View, CA", 
    "id": 2455920, 
    "name": "Mountain View", 
    "short_name": "Mountain View, CA", 
    "slug": "mountain-view-santa-clara-ca", 
    "state": "CA", 
    "urls": {
      "api": {
        "nearby_projects": "https://api.kickstarter.com/v1/discover?signature=1405283929.ccac87460f57d30ce5fb873af5c2b6577be6395d&woe_id=2455920"
      }, 
      "web": {
        "discover": "https://www.kickstarter.com/discover/places/mountain-view-santa-clara-ca", 
        "location": "https://www.kickstarter.com/locations/mountain-view-santa-clara-ca"
      }
    }
  }, 
  "name": "Online Ocean Exploration", 
  "photo": {
    "1024x768": "https://s3.amazonaws.com/ksr/projects/325841/photo-1024x768.jpg?1397796451", 
    "1536x1152": "https://s3.amazonaws.com/ksr/projects/325841/photo-1536x1152.jpg?1397796451", 
    "ed": "https://s3.amazonaws.com/ksr/projects/325841/photo-ed.jpg?1397796451", 
    "full": "https://s3.amazonaws.com/ksr/projects/325841/photo-full.jpg?1397796451", 
    "little": "https://s3.amazonaws.com/ksr/projects/325841/photo-little.jpg?1397796451", 
    "med": "https://s3.amazonaws.com/ksr/projects/325841/photo-med.jpg?1397796451", 
    "small": "https://s3.amazonaws.com/ksr/projects/325841/photo-small.jpg?1397796451", 
    "thumb": "https://s3.amazonaws.com/ksr/projects/325841/photo-thumb.jpg?1397796451"
  }, 
  "pledged": 37869.0, 
  "slug": "acquatico-online-ocean-exploration", 
  "state": "failed", 
  "state_changed_at": 1352265103, 
  "urls": {
    "web": {
      "project": "https://www.kickstarter.com/projects/867520290/acquatico-online-ocean-exploration", 
      "rewards": "https://www.kickstarter.com/projects/867520290/acquatico-online-ocean-exploration/rewards"
    }
  }
}