{
  "backers_count": 0, 
  "blurb": "eReader for iOS and Android that enables teachers to monitor the reading/study habits of students and collaborate via note-sharing", 
  "category": {
    "id": 332, 
    "name": "Apps", 
    "parent_id": 16, 
    "position": 2, 
    "slug": "technology/apps", 
    "urls": {
      "web": {
        "discover": "http://www.kickstarter.com/discover/categories/technology/apps"
      }
    }
  }, 
  "country": "AU", 
  "created_at": 1404782731, 
  "creator": {
    "avatar": {
      "medium": "https://s3.amazonaws.com/ksr/avatars/11273837/me.medium.jpg?1404787469", 
      "small": "https://s3.amazonaws.com/ksr/avatars/11273837/me.small.jpg?1404787469", 
      "thumb": "https://s3.amazonaws.com/ksr/avatars/11273837/me.thumb.jpg?1404787469"
    }, 
    "id": 443354936, 
    "name": "Andrew Sealy-Bell", 
    "urls": {
      "api": {
        "user": "https://api.kickstarter.com/v1/users/443354936?signature=1405310323.0087d0babdaa9e8b8bd0e60938efb282aed10070"
      }, 
      "web": {
        "user": "https://www.kickstarter.com/profile/443354936"
      }
    }
  }, 
  "currency": "AUD", 
  "currency_symbol": "$", 
  "currency_trailing_code": true, 
  "deadline": 1407460410, 
  "disable_communication": false, 
  "goal": 8000.0, 
  "id": 1079195359, 
  "launched_at": 1404868410, 
  "location": {
    "country": "AU", 
    "displayable_name": "Sydney, AU", 
    "id": 1105779, 
    "name": "Sydney", 
    "short_name": "Sydney, AU", 
    "slug": "sydney-au", 
    "state": "NSW", 
    "urls": {
      "api": {
        "nearby_projects": "https://api.kickstarter.com/v1/discover?signature=1405283928.b1042d9f50bfa3ea3c0d8ba603153ba6f2e1616b&woe_id=1105779"
      }, 
      "web": {
        "discover": "https://www.kickstarter.com/discover/places/sydney-au", 
        "location": "https://www.kickstarter.com/locations/sydney-au"
      }
    }
  }, 
  "name": "EduReader", 
  "photo": {
    "1024x768": "https://s3.amazonaws.com/ksr/projects/1086031/photo-1024x768.jpg?1404785193", 
    "1536x1152": "https://s3.amazonaws.com/ksr/projects/1086031/photo-1536x1152.jpg?1404785193", 
    "ed": "https://s3.amazonaws.com/ksr/projects/1086031/photo-ed.jpg?1404785193", 
    "full": "https://s3.amazonaws.com/ksr/projects/1086031/photo-full.jpg?1404785193", 
    "little": "https://s3.amazonaws.com/ksr/projects/1086031/photo-little.jpg?1404785193", 
    "med": "https://s3.amazonaws.com/ksr/projects/1086031/photo-med.jpg?1404785193", 
    "small": "https://s3.amazonaws.com/ksr/projects/1086031/photo-small.jpg?1404785193", 
    "thumb": "https://s3.amazonaws.com/ksr/projects/1086031/photo-thumb.jpg?1404785193"
  }, 
  "pledged": 0.0, 
  "slug": "edureader", 
  "state": "live", 
  "state_changed_at": 1404868410, 
  "urls": {
    "web": {
      "project": "https://www.kickstarter.com/projects/443354936/edureader", 
      "rewards": "https://www.kickstarter.com/projects/443354936/edureader/rewards"
    }
  }
}