{
  "backers_count": 7, 
  "blurb": "ThermoSiv has a GREEN, HEALTHY, SAFE and ECONOMICAL heating fabric that can reduce energy consumptions in winters around the world!", 
  "category": {
    "id": 16, 
    "name": "Technology", 
    "position": 14, 
    "slug": "technology", 
    "urls": {
      "web": {
        "discover": "http://www.kickstarter.com/discover/categories/technology"
      }
    }
  }, 
  "country": "US", 
  "created_at": 1400589426, 
  "creator": {
    "avatar": {
      "medium": "https://s3.amazonaws.com/ksr/avatars/9323323/DanaFrance3.medium.jpg?1402595341", 
      "small": "https://s3.amazonaws.com/ksr/avatars/9323323/DanaFrance3.small.jpg?1402595341", 
      "thumb": "https://s3.amazonaws.com/ksr/avatars/9323323/DanaFrance3.thumb.jpg?1402595341"
    }, 
    "id": 489456169, 
    "name": "Dana Agmon", 
    "slug": "thermosiv", 
    "urls": {
      "api": {
        "user": "https://api.kickstarter.com/v1/users/489456169?signature=1405310572.6bbe3648091955c5566a1a34d250be9624f1dc7e"
      }, 
      "web": {
        "user": "https://www.kickstarter.com/profile/thermosiv"
      }
    }
  }, 
  "currency": "USD", 
  "currency_symbol": "$", 
  "currency_trailing_code": true, 
  "deadline": 1404943635, 
  "disable_communication": false, 
  "goal": 100000.0, 
  "id": 1080190611, 
  "launched_at": 1402351635, 
  "location": {
    "country": "US", 
    "displayable_name": "Roosevelt Island, Manhattan, NY", 
    "id": 2484381, 
    "name": "Roosevelt Island", 
    "short_name": "Roosevelt Island, NY", 
    "slug": "roosevelt-island-manhattan-ny", 
    "state": "NY", 
    "urls": {
      "api": {
        "nearby_projects": "https://api.kickstarter.com/v1/discover?signature=1405296290.058ef89375c08f4fb30b65bcdb678a46dd8e83f1&woe_id=2484381"
      }, 
      "web": {
        "discover": "https://www.kickstarter.com/discover/places/roosevelt-island-manhattan-ny", 
        "location": "https://www.kickstarter.com/locations/roosevelt-island-manhattan-ny"
      }
    }
  }, 
  "name": "Energy Efficient Heating Products (Canceled)", 
  "photo": {
    "1024x768": "https://s3.amazonaws.com/ksr/projects/1008021/photo-1024x768.jpg?1402620167", 
    "1536x1152": "https://s3.amazonaws.com/ksr/projects/1008021/photo-1536x1152.jpg?1402620167", 
    "ed": "https://s3.amazonaws.com/ksr/projects/1008021/photo-ed.jpg?1402620167", 
    "full": "https://s3.amazonaws.com/ksr/projects/1008021/photo-full.jpg?1402620167", 
    "little": "https://s3.amazonaws.com/ksr/projects/1008021/photo-little.jpg?1402620167", 
    "med": "https://s3.amazonaws.com/ksr/projects/1008021/photo-med.jpg?1402620167", 
    "small": "https://s3.amazonaws.com/ksr/projects/1008021/photo-small.jpg?1402620167", 
    "thumb": "https://s3.amazonaws.com/ksr/projects/1008021/photo-thumb.jpg?1402620167"
  }, 
  "pledged": 246.0, 
  "slug": "heating-the-world-better-greener", 
  "state": "canceled", 
  "state_changed_at": 1402844702, 
  "urls": {
    "web": {
      "project": "https://www.kickstarter.com/projects/thermosiv/heating-the-world-better-greener", 
      "rewards": "https://www.kickstarter.com/projects/thermosiv/heating-the-world-better-greener/rewards"
    }
  }
}