{
  "backers_count": 11, 
  "blurb": "A mobile application to help families and households of any kind become more productive and better connected.", 
  "category": {
    "id": 16, 
    "name": "Technology", 
    "position": 14, 
    "slug": "technology", 
    "urls": {
      "web": {
        "discover": "http://www.kickstarter.com/discover/categories/technology"
      }
    }
  }, 
  "country": "US", 
  "created_at": 1371700715, 
  "creator": {
    "avatar": {
      "medium": "https://s3.amazonaws.com/ksr/avatars/7031416/kindredApplicationIcon3KICKSTARTER.medium.jpg?1373860108", 
      "small": "https://s3.amazonaws.com/ksr/avatars/7031416/kindredApplicationIcon3KICKSTARTER.small.jpg?1373860108", 
      "thumb": "https://s3.amazonaws.com/ksr/avatars/7031416/kindredApplicationIcon3KICKSTARTER.thumb.jpg?1373860108"
    }, 
    "id": 1296119807, 
    "name": "Kindred", 
    "slug": "kindredinc", 
    "urls": {
      "api": {
        "user": "https://api.kickstarter.com/v1/users/1296119807?signature=1405310491.ce8ddea220f8ff17295d4bff7119ecb2861c61b7"
      }, 
      "web": {
        "user": "https://www.kickstarter.com/profile/kindredinc"
      }
    }
  }, 
  "currency": "USD", 
  "currency_symbol": "$", 
  "currency_trailing_code": true, 
  "deadline": 1376461147, 
  "disable_communication": false, 
  "goal": 25000.0, 
  "id": 108043348, 
  "launched_at": 1373869147, 
  "location": {
    "country": "US", 
    "displayable_name": "San Francisco, CA", 
    "id": 2487956, 
    "name": "San Francisco", 
    "short_name": "San Francisco, CA", 
    "slug": "san-francisco-ca", 
    "state": "CA", 
    "urls": {
      "api": {
        "nearby_projects": "https://api.kickstarter.com/v1/discover?signature=1405283922.2705520cddde986b955c196af6b338b46c4257d5&woe_id=2487956"
      }, 
      "web": {
        "discover": "https://www.kickstarter.com/discover/places/san-francisco-ca", 
        "location": "https://www.kickstarter.com/locations/san-francisco-ca"
      }
    }
  }, 
  "name": "Kindred", 
  "photo": {
    "1024x768": "https://s3.amazonaws.com/ksr/projects/595226/photo-1024x768.jpg?1397824793", 
    "1536x1152": "https://s3.amazonaws.com/ksr/projects/595226/photo-1536x1152.jpg?1397824793", 
    "ed": "https://s3.amazonaws.com/ksr/projects/595226/photo-ed.jpg?1397824793", 
    "full": "https://s3.amazonaws.com/ksr/projects/595226/photo-full.jpg?1397824793", 
    "little": "https://s3.amazonaws.com/ksr/projects/595226/photo-little.jpg?1397824793", 
    "med": "https://s3.amazonaws.com/ksr/projects/595226/photo-med.jpg?1397824793", 
    "small": "https://s3.amazonaws.com/ksr/projects/595226/photo-small.jpg?1397824793", 
    "thumb": "https://s3.amazonaws.com/ksr/projects/595226/photo-thumb.jpg?1397824793"
  }, 
  "pledged": 1205.0, 
  "slug": "kindred", 
  "state": "failed", 
  "state_changed_at": 1376461148, 
  "urls": {
    "web": {
      "project": "https://www.kickstarter.com/projects/kindredinc/kindred", 
      "rewards": "https://www.kickstarter.com/projects/kindredinc/kindred/rewards"
    }
  }
}