{
  "backers_count": 27, 
  "blurb": "Sleek Sound is a revolutionary Sound Enhancing Charging Dock for the Iphone 4 and 5.", 
  "category": {
    "id": 52, 
    "name": "Hardware", 
    "parent_id": 16, 
    "position": 8, 
    "slug": "technology/hardware", 
    "urls": {
      "web": {
        "discover": "http://www.kickstarter.com/discover/categories/technology/hardware"
      }
    }
  }, 
  "country": "US", 
  "created_at": 1374474009, 
  "creator": {
    "avatar": {
      "medium": "https://s3.amazonaws.com/ksr/avatars/6097270/fb_profile_picture.medium.jpg?1364913367", 
      "small": "https://s3.amazonaws.com/ksr/avatars/6097270/fb_profile_picture.small.jpg?1364913367", 
      "thumb": "https://s3.amazonaws.com/ksr/avatars/6097270/fb_profile_picture.thumb.jpg?1364913367"
    }, 
    "id": 559918307, 
    "name": "Danny Cifuentes", 
    "urls": {
      "api": {
        "user": "https://api.kickstarter.com/v1/users/559918307?signature=1405310514.f4b04f15b3ef38962d91f39847757c02f9e230f0"
      }, 
      "web": {
        "user": "https://www.kickstarter.com/profile/559918307"
      }
    }
  }, 
  "currency": "USD", 
  "currency_symbol": "$", 
  "currency_trailing_code": true, 
  "deadline": 1380257651, 
  "disable_communication": false, 
  "goal": 25000.0, 
  "id": 1080665823, 
  "launched_at": 1376369651, 
  "location": {
    "country": "US", 
    "displayable_name": "Fruit Heights, UT", 
    "id": 2407924, 
    "name": "Fruit Heights", 
    "short_name": "Fruit Heights, UT", 
    "slug": "fruit-heights-ut", 
    "state": "UT", 
    "urls": {
      "api": {
        "nearby_projects": "https://api.kickstarter.com/v1/discover?signature=1405284416.964285a6b5396635be97340ec1c801ab0aa21075&woe_id=2407924"
      }, 
      "web": {
        "discover": "https://www.kickstarter.com/discover/places/fruit-heights-ut", 
        "location": "https://www.kickstarter.com/locations/fruit-heights-ut"
      }
    }
  }, 
  "name": "Sleek Sound", 
  "photo": {
    "1024x768": "https://s3.amazonaws.com/ksr/projects/625050/photo-1024x768.jpg?1397828032", 
    "1536x1152": "https://s3.amazonaws.com/ksr/projects/625050/photo-1536x1152.jpg?1397828032", 
    "ed": "https://s3.amazonaws.com/ksr/projects/625050/photo-ed.jpg?1397828032", 
    "full": "https://s3.amazonaws.com/ksr/projects/625050/photo-full.jpg?1397828032", 
    "little": "https://s3.amazonaws.com/ksr/projects/625050/photo-little.jpg?1397828032", 
    "med": "https://s3.amazonaws.com/ksr/projects/625050/photo-med.jpg?1397828032", 
    "small": "https://s3.amazonaws.com/ksr/projects/625050/photo-small.jpg?1397828032", 
    "thumb": "https://s3.amazonaws.com/ksr/projects/625050/photo-thumb.jpg?1397828032"
  }, 
  "pledged": 782.0, 
  "slug": "sleek-sound", 
  "state": "failed", 
  "state_changed_at": 1380257651, 
  "urls": {
    "web": {
      "project": "https://www.kickstarter.com/projects/559918307/sleek-sound", 
      "rewards": "https://www.kickstarter.com/projects/559918307/sleek-sound/rewards"
    }
  }
}