{
  "backers_count": 59, 
  "blurb": "Mac musician, artist or mathematician? Let's get Bounce Metronome, Tune Smithy, Virtual Flower, Lissajous 3D & Activity Timer on a Mac!", 
  "category": {
    "id": 51, 
    "name": "Software", 
    "parent_id": 16, 
    "position": 11, 
    "slug": "technology/software", 
    "urls": {
      "web": {
        "discover": "http://www.kickstarter.com/discover/categories/technology/software"
      }
    }
  }, 
  "country": "GB", 
  "created_at": 1398172200, 
  "creator": {
    "avatar": {
      "medium": "https://s3.amazonaws.com/ksr/avatars/10380564/fb_profile_picture.medium.jpg?1398169191", 
      "small": "https://s3.amazonaws.com/ksr/avatars/10380564/fb_profile_picture.small.jpg?1398169191", 
      "thumb": "https://s3.amazonaws.com/ksr/avatars/10380564/fb_profile_picture.thumb.jpg?1398169191"
    }, 
    "id": 130375104, 
    "name": "Robert Walker", 
    "urls": {
      "api": {
        "user": "https://api.kickstarter.com/v1/users/130375104?signature=1405310264.444606f579a41af71996bcc5647fc67fae8ab752"
      }, 
      "web": {
        "user": "https://www.kickstarter.com/profile/130375104"
      }
    }
  }, 
  "currency": "GBP", 
  "currency_symbol": "\u00a3", 
  "currency_trailing_code": false, 
  "deadline": 1402168531, 
  "disable_communication": false, 
  "goal": 550.0, 
  "id": 1080994754, 
  "launched_at": 1399230931, 
  "location": {
    "country": "GB", 
    "displayable_name": "Argyll and Bute, UK", 
    "id": 12696185, 
    "name": "Argyll and Bute", 
    "short_name": "Argyll and Bute, UK", 
    "slug": "argyll-and-bute-gb", 
    "state": "Scotland", 
    "urls": {
      "api": {
        "nearby_projects": "https://api.kickstarter.com/v1/discover?signature=1405284285.2001673f7193e05894f4ba23e9df2dcbb2a0f28d&woe_id=12696185"
      }, 
      "web": {
        "discover": "https://www.kickstarter.com/discover/places/argyll-and-bute-gb", 
        "location": "https://www.kickstarter.com/locations/argyll-and-bute-gb"
      }
    }
  }, 
  "name": "Bounce Metronome, Tune Smithy, Lissajous 3D... on Intel Mac!", 
  "photo": {
    "1024x768": "https://s3.amazonaws.com/ksr/projects/965148/photo-1024x768.jpg?1400591288", 
    "1536x1152": "https://s3.amazonaws.com/ksr/projects/965148/photo-1536x1152.jpg?1400591288", 
    "ed": "https://s3.amazonaws.com/ksr/projects/965148/photo-ed.jpg?1400591288", 
    "full": "https://s3.amazonaws.com/ksr/projects/965148/photo-full.jpg?1400591288", 
    "little": "https://s3.amazonaws.com/ksr/projects/965148/photo-little.jpg?1400591288", 
    "med": "https://s3.amazonaws.com/ksr/projects/965148/photo-med.jpg?1400591288", 
    "small": "https://s3.amazonaws.com/ksr/projects/965148/photo-small.jpg?1400591288", 
    "thumb": "https://s3.amazonaws.com/ksr/projects/965148/photo-thumb.jpg?1400591288"
  }, 
  "pledged": 686.5, 
  "slug": "bounce-metronome-tune-smithy-lissajous-3d-on-intel", 
  "state": "successful", 
  "state_changed_at": 1402168531, 
  "urls": {
    "web": {
      "project": "https://www.kickstarter.com/projects/130375104/bounce-metronome-tune-smithy-lissajous-3d-on-intel", 
      "rewards": "https://www.kickstarter.com/projects/130375104/bounce-metronome-tune-smithy-lissajous-3d-on-intel/rewards"
    }
  }
}