{
  "backers_count": 0, 
  "blurb": "Videos that show how electrical materials are assembled into a working circuit, or complete system. How to fix electrical problems.", 
  "category": {
    "id": 16, 
    "name": "Technology", 
    "position": 14, 
    "slug": "technology", 
    "urls": {
      "web": {
        "discover": "http://www.kickstarter.com/discover/categories/technology"
      }
    }
  }, 
  "country": "US", 
  "created_at": 1386361537, 
  "creator": {
    "avatar": {
      "medium": "https://s3.amazonaws.com/ksr/avatars/7443514/JRG_profile_pic_1.medium.jpg?1386368851", 
      "small": "https://s3.amazonaws.com/ksr/avatars/7443514/JRG_profile_pic_1.small.jpg?1386368851", 
      "thumb": "https://s3.amazonaws.com/ksr/avatars/7443514/JRG_profile_pic_1.thumb.jpg?1386368851"
    }, 
    "id": 928224859, 
    "name": "John R. Grau", 
    "urls": {
      "api": {
        "user": "https://api.kickstarter.com/v1/users/928224859?signature=1405310691.09cd31f248464c2892fe0e93f26f809ca19c5f9f"
      }, 
      "web": {
        "user": "https://www.kickstarter.com/profile/928224859"
      }
    }
  }, 
  "currency": "USD", 
  "currency_symbol": "$", 
  "currency_trailing_code": true, 
  "deadline": 1390686035, 
  "disable_communication": false, 
  "goal": 18000.0, 
  "id": 1080435940, 
  "launched_at": 1386798035, 
  "location": {
    "country": "US", 
    "displayable_name": "Mequon, WI", 
    "id": 2449486, 
    "name": "Mequon", 
    "short_name": "Mequon, WI", 
    "slug": "mequon-wi", 
    "state": "WI", 
    "urls": {
      "api": {
        "nearby_projects": "https://api.kickstarter.com/v1/discover?signature=1405293004.aee4d2459e1815294d83399d3be15336ffffd301&woe_id=2449486"
      }, 
      "web": {
        "discover": "https://www.kickstarter.com/discover/places/mequon-wi", 
        "location": "https://www.kickstarter.com/locations/mequon-wi"
      }
    }
  }, 
  "name": "Electrical Materials Videos (Canceled)", 
  "photo": {
    "1024x768": "https://s3.amazonaws.com/ksr/projects/787098/photo-1024x768.jpg?1397859213", 
    "1536x1152": "https://s3.amazonaws.com/ksr/projects/787098/photo-1536x1152.jpg?1397859213", 
    "ed": "https://s3.amazonaws.com/ksr/projects/787098/photo-ed.jpg?1397859213", 
    "full": "https://s3.amazonaws.com/ksr/projects/787098/photo-full.jpg?1397859213", 
    "little": "https://s3.amazonaws.com/ksr/projects/787098/photo-little.jpg?1397859213", 
    "med": "https://s3.amazonaws.com/ksr/projects/787098/photo-med.jpg?1397859213", 
    "small": "https://s3.amazonaws.com/ksr/projects/787098/photo-small.jpg?1397859213", 
    "thumb": "https://s3.amazonaws.com/ksr/projects/787098/photo-thumb.jpg?1397859213"
  }, 
  "pledged": 0.0, 
  "slug": "electrical-materials-videos", 
  "state": "canceled", 
  "state_changed_at": 1386864363, 
  "urls": {
    "web": {
      "project": "https://www.kickstarter.com/projects/928224859/electrical-materials-videos", 
      "rewards": "https://www.kickstarter.com/projects/928224859/electrical-materials-videos/rewards"
    }
  }
}