{
  "backers_count": 68, 
  "blurb": "Phone-2-PC is a smart phone app that will enable the smart phone users to use their smart phones as personal computers.", 
  "category": {
    "id": 51, 
    "name": "Software", 
    "parent_id": 16, 
    "position": 11, 
    "slug": "technology/software", 
    "urls": {
      "web": {
        "discover": "http://www.kickstarter.com/discover/categories/technology/software"
      }
    }
  }, 
  "country": "US", 
  "created_at": 1383055654, 
  "creator": {
    "avatar": {
      "medium": "https://s3.amazonaws.com/ksr/avatars/8532834/mek.medium.jpg?1384446370", 
      "small": "https://s3.amazonaws.com/ksr/avatars/8532834/mek.small.jpg?1384446370", 
      "thumb": "https://s3.amazonaws.com/ksr/avatars/8532834/mek.thumb.jpg?1384446370"
    }, 
    "id": 352917279, 
    "name": "Michael E. Kirshteyn, Ph.D.", 
    "urls": {
      "api": {
        "user": "https://api.kickstarter.com/v1/users/352917279?signature=1405310534.70596e1880d914c7e059ed13ac01cd12c683c6b0"
      }, 
      "web": {
        "user": "https://www.kickstarter.com/profile/352917279"
      }
    }
  }, 
  "currency": "USD", 
  "currency_symbol": "$", 
  "currency_trailing_code": true, 
  "deadline": 1388692798, 
  "disable_communication": false, 
  "goal": 1500000.0, 
  "id": 1080257212, 
  "launched_at": 1386100798, 
  "location": {
    "country": "US", 
    "displayable_name": "Cincinnati, OH", 
    "id": 2380358, 
    "name": "Cincinnati", 
    "short_name": "Cincinnati, OH", 
    "slug": "cincinnati-oh", 
    "state": "OH", 
    "urls": {
      "api": {
        "nearby_projects": "https://api.kickstarter.com/v1/discover?signature=1405283925.93a92d38d4d1c4ce8ea8701c7b0917f5bd8155dc&woe_id=2380358"
      }, 
      "web": {
        "discover": "https://www.kickstarter.com/discover/places/cincinnati-oh", 
        "location": "https://www.kickstarter.com/locations/cincinnati-oh"
      }
    }
  }, 
  "name": "Phone-2-PC", 
  "photo": {
    "1024x768": "https://s3.amazonaws.com/ksr/projects/738469/photo-1024x768.jpg?1397853886", 
    "1536x1152": "https://s3.amazonaws.com/ksr/projects/738469/photo-1536x1152.jpg?1397853886", 
    "ed": "https://s3.amazonaws.com/ksr/projects/738469/photo-ed.jpg?1397853886", 
    "full": "https://s3.amazonaws.com/ksr/projects/738469/photo-full.jpg?1397853886", 
    "little": "https://s3.amazonaws.com/ksr/projects/738469/photo-little.jpg?1397853886", 
    "med": "https://s3.amazonaws.com/ksr/projects/738469/photo-med.jpg?1397853886", 
    "small": "https://s3.amazonaws.com/ksr/projects/738469/photo-small.jpg?1397853886", 
    "thumb": "https://s3.amazonaws.com/ksr/projects/738469/photo-thumb.jpg?1397853886"
  }, 
  "pledged": 538.0, 
  "slug": "phone-2-pc", 
  "state": "failed", 
  "state_changed_at": 1388692817, 
  "urls": {
    "web": {
      "project": "https://www.kickstarter.com/projects/352917279/phone-2-pc", 
      "rewards": "https://www.kickstarter.com/projects/352917279/phone-2-pc/rewards"
    }
  }
}