{
  "backers_count": 25, 
  "blurb": "The 1st RC flying wing of it's kind. Designed for novice to expert pilots. Flies night & day and can be landed in one piece every time.", 
  "category": {
    "id": 52, 
    "name": "Hardware", 
    "parent_id": 16, 
    "position": 8, 
    "slug": "technology/hardware", 
    "urls": {
      "web": {
        "discover": "http://www.kickstarter.com/discover/categories/technology/hardware"
      }
    }
  }, 
  "country": "GB", 
  "created_at": 1381747634, 
  "creator": {
    "avatar": {
      "medium": "https://s3.amazonaws.com/ksr/avatars/8024160/DSCF0113.medium.jpg?1384178864", 
      "small": "https://s3.amazonaws.com/ksr/avatars/8024160/DSCF0113.small.jpg?1384178864", 
      "thumb": "https://s3.amazonaws.com/ksr/avatars/8024160/DSCF0113.thumb.jpg?1384178864"
    }, 
    "id": 1687575341, 
    "name": "Simon Paul Radin", 
    "urls": {
      "api": {
        "user": "https://api.kickstarter.com/v1/users/1687575341?signature=1405310399.896999648cccfbd4d36a49290a237bbd4f6ea105"
      }, 
      "web": {
        "user": "https://www.kickstarter.com/profile/1687575341"
      }
    }
  }, 
  "currency": "GBP", 
  "currency_symbol": "\u00a3", 
  "currency_trailing_code": false, 
  "deadline": 1390219200, 
  "disable_communication": false, 
  "goal": 6750.0, 
  "id": 1081810637, 
  "launched_at": 1386260690, 
  "location": {
    "country": "GB", 
    "displayable_name": "West Sussex, UK", 
    "id": 12602177, 
    "name": "West Sussex", 
    "short_name": "West Sussex, UK", 
    "slug": "west-sussex-gb", 
    "state": "England", 
    "urls": {
      "api": {
        "nearby_projects": "https://api.kickstarter.com/v1/discover?signature=1405283950.eec06ea5851bc57399f668a6a10bd538d94265c1&woe_id=12602177"
      }, 
      "web": {
        "discover": "https://www.kickstarter.com/discover/places/west-sussex-gb", 
        "location": "https://www.kickstarter.com/locations/west-sussex-gb"
      }
    }
  }, 
  "name": "Crystal Wing 1st RC flying wing of it's kind", 
  "photo": {
    "1024x768": "https://s3.amazonaws.com/ksr/projects/717842/photo-1024x768.jpg?1397851398", 
    "1536x1152": "https://s3.amazonaws.com/ksr/projects/717842/photo-1536x1152.jpg?1397851398", 
    "ed": "https://s3.amazonaws.com/ksr/projects/717842/photo-ed.jpg?1397851398", 
    "full": "https://s3.amazonaws.com/ksr/projects/717842/photo-full.jpg?1397851398", 
    "little": "https://s3.amazonaws.com/ksr/projects/717842/photo-little.jpg?1397851398", 
    "med": "https://s3.amazonaws.com/ksr/projects/717842/photo-med.jpg?1397851398", 
    "small": "https://s3.amazonaws.com/ksr/projects/717842/photo-small.jpg?1397851398", 
    "thumb": "https://s3.amazonaws.com/ksr/projects/717842/photo-thumb.jpg?1397851398"
  }, 
  "pledged": 3113.0, 
  "slug": "crystal-wing-1st-rc-flying-wing-of-its-kind", 
  "state": "failed", 
  "state_changed_at": 1390219220, 
  "urls": {
    "web": {
      "project": "https://www.kickstarter.com/projects/1687575341/crystal-wing-1st-rc-flying-wing-of-its-kind", 
      "rewards": "https://www.kickstarter.com/projects/1687575341/crystal-wing-1st-rc-flying-wing-of-its-kind/rewards"
    }
  }
}