{
  "backers_count": 168, 
  "blurb": "Giving Developers & Small Businesses easy and affordable access to creating, building and controlling their own mass mobile messaging.", 
  "category": {
    "id": 16, 
    "name": "Technology", 
    "position": 14, 
    "slug": "technology", 
    "urls": {
      "web": {
        "discover": "http://www.kickstarter.com/discover/categories/technology"
      }
    }
  }, 
  "country": "US", 
  "created_at": 1362770173, 
  "creator": {
    "avatar": {
      "medium": "https://s3.amazonaws.com/ksr/avatars/2669221/DSCF2456-r.medium.jpg?1397147722", 
      "small": "https://s3.amazonaws.com/ksr/avatars/2669221/DSCF2456-r.small.jpg?1397147722", 
      "thumb": "https://s3.amazonaws.com/ksr/avatars/2669221/DSCF2456-r.thumb.jpg?1397147722"
    }, 
    "id": 729534128, 
    "name": "SMUSH", 
    "slug": "smush", 
    "urls": {
      "api": {
        "user": "https://api.kickstarter.com/v1/users/729534128?signature=1405310137.379d3152b664bec4c3eb9f279ff8ea382dd68778"
      }, 
      "web": {
        "user": "https://www.kickstarter.com/profile/smush"
      }
    }
  }, 
  "currency": "USD", 
  "currency_symbol": "$", 
  "currency_trailing_code": true, 
  "deadline": 1366390825, 
  "disable_communication": false, 
  "goal": 20000.0, 
  "id": 1081348705, 
  "launched_at": 1363798825, 
  "location": {
    "country": "US", 
    "displayable_name": "Santa Monica, CA", 
    "id": 2488892, 
    "name": "Santa Monica", 
    "short_name": "Santa Monica, CA", 
    "slug": "santa-monica-ca", 
    "state": "CA", 
    "urls": {
      "api": {
        "nearby_projects": "https://api.kickstarter.com/v1/discover?signature=1405283928.f192a2cbc2ee0600820a52fcc7949126dacce41d&woe_id=2488892"
      }, 
      "web": {
        "discover": "https://www.kickstarter.com/discover/places/santa-monica-ca", 
        "location": "https://www.kickstarter.com/locations/santa-monica-ca"
      }
    }
  }, 
  "name": "Smart SMS Texting for Everyone: The SmushBox", 
  "photo": {
    "1024x768": "https://s3.amazonaws.com/ksr/projects/483650/photo-1024x768.jpg?1397812896", 
    "1536x1152": "https://s3.amazonaws.com/ksr/projects/483650/photo-1536x1152.jpg?1397812896", 
    "ed": "https://s3.amazonaws.com/ksr/projects/483650/photo-ed.jpg?1397812896", 
    "full": "https://s3.amazonaws.com/ksr/projects/483650/photo-full.jpg?1397812896", 
    "little": "https://s3.amazonaws.com/ksr/projects/483650/photo-little.jpg?1397812896", 
    "med": "https://s3.amazonaws.com/ksr/projects/483650/photo-med.jpg?1397812896", 
    "small": "https://s3.amazonaws.com/ksr/projects/483650/photo-small.jpg?1397812896", 
    "thumb": "https://s3.amazonaws.com/ksr/projects/483650/photo-thumb.jpg?1397812896"
  }, 
  "pledged": 35220.0, 
  "slug": "smart-sms-texting-for-everyone-the-smushbox", 
  "state": "successful", 
  "state_changed_at": 1366390833, 
  "urls": {
    "web": {
      "project": "https://www.kickstarter.com/projects/smush/smart-sms-texting-for-everyone-the-smushbox", 
      "rewards": "https://www.kickstarter.com/projects/smush/smart-sms-texting-for-everyone-the-smushbox/rewards"
    }
  }
}