{
  "backers_count": 14, 
  "blurb": "The 'LED coving light' is the easy DIY option for creating a colourful and relaxing atmosphere in any room. Wow your friends!", 
  "category": {
    "id": 16, 
    "name": "Technology", 
    "position": 14, 
    "slug": "technology", 
    "urls": {
      "web": {
        "discover": "http://www.kickstarter.com/discover/categories/technology"
      }
    }
  }, 
  "country": "GB", 
  "created_at": 1383405261, 
  "creator": {
    "avatar": {
      "medium": "https://s3.amazonaws.com/ksr/avatars/8579978/me.medium.jpg?1383491788", 
      "small": "https://s3.amazonaws.com/ksr/avatars/8579978/me.small.jpg?1383491788", 
      "thumb": "https://s3.amazonaws.com/ksr/avatars/8579978/me.thumb.jpg?1383491788"
    }, 
    "id": 720298896, 
    "name": "Nicholas Davies", 
    "urls": {
      "api": {
        "user": "https://api.kickstarter.com/v1/users/720298896?signature=1405310426.d212c9aac8a1f86c757bcd700461731df4c485bd"
      }, 
      "web": {
        "user": "https://www.kickstarter.com/profile/720298896"
      }
    }
  }, 
  "currency": "GBP", 
  "currency_symbol": "\u00a3", 
  "currency_trailing_code": false, 
  "deadline": 1394613328, 
  "disable_communication": false, 
  "goal": 37162.0, 
  "id": 1081332531, 
  "launched_at": 1392024928, 
  "location": {
    "country": "GB", 
    "displayable_name": "Southampton, UK", 
    "id": 35356, 
    "name": "Southampton", 
    "short_name": "Southampton, UK", 
    "slug": "southampton-gb", 
    "state": "England", 
    "urls": {
      "api": {
        "nearby_projects": "https://api.kickstarter.com/v1/discover?signature=1405283924.d66517c953832c415e40768561c07b73afbda306&woe_id=35356"
      }, 
      "web": {
        "discover": "https://www.kickstarter.com/discover/places/southampton-gb", 
        "location": "https://www.kickstarter.com/locations/southampton-gb"
      }
    }
  }, 
  "name": "LED COVING LIGHT", 
  "photo": {
    "1024x768": "https://s3.amazonaws.com/ksr/projects/743684/photo-1024x768.jpg?1397854460", 
    "1536x1152": "https://s3.amazonaws.com/ksr/projects/743684/photo-1536x1152.jpg?1397854460", 
    "ed": "https://s3.amazonaws.com/ksr/projects/743684/photo-ed.jpg?1397854460", 
    "full": "https://s3.amazonaws.com/ksr/projects/743684/photo-full.jpg?1397854460", 
    "little": "https://s3.amazonaws.com/ksr/projects/743684/photo-little.jpg?1397854460", 
    "med": "https://s3.amazonaws.com/ksr/projects/743684/photo-med.jpg?1397854460", 
    "small": "https://s3.amazonaws.com/ksr/projects/743684/photo-small.jpg?1397854460", 
    "thumb": "https://s3.amazonaws.com/ksr/projects/743684/photo-thumb.jpg?1397854460"
  }, 
  "pledged": 1999.0, 
  "slug": "led-coving-light", 
  "state": "failed", 
  "state_changed_at": 1394613332, 
  "urls": {
    "web": {
      "project": "https://www.kickstarter.com/projects/720298896/led-coving-light", 
      "rewards": "https://www.kickstarter.com/projects/720298896/led-coving-light/rewards"
    }
  }
}