{
  "backers_count": 37, 
  "blurb": "Sedgwick - The portable and affordable 3D DLP printer", 
  "category": {
    "id": 52, 
    "name": "Hardware", 
    "parent_id": 16, 
    "position": 8, 
    "slug": "technology/hardware", 
    "urls": {
      "web": {
        "discover": "http://www.kickstarter.com/discover/categories/technology/hardware"
      }
    }
  }, 
  "country": "US", 
  "created_at": 1338927899, 
  "creator": {
    "avatar": {
      "medium": "https://s3.amazonaws.com/ksr/avatars/202590/fb_profile_picture.medium.jpg?1339610958", 
      "small": "https://s3.amazonaws.com/ksr/avatars/202590/fb_profile_picture.small.jpg?1339610958", 
      "thumb": "https://s3.amazonaws.com/ksr/avatars/202590/fb_profile_picture.thumb.jpg?1339610958"
    }, 
    "id": 1958677743, 
    "name": "Ron Light", 
    "slug": "sedgwick", 
    "urls": {
      "api": {
        "user": "https://api.kickstarter.com/v1/users/1958677743?signature=1405310394.8ea5bfbad5b96cdc9ce50f1861ce96d658db1345"
      }, 
      "web": {
        "user": "https://www.kickstarter.com/profile/sedgwick"
      }
    }
  }, 
  "currency": "USD", 
  "currency_symbol": "$", 
  "currency_trailing_code": true, 
  "deadline": 1342317600, 
  "disable_communication": false, 
  "goal": 24750.0, 
  "id": 1082387051, 
  "launched_at": 1339694976, 
  "location": {
    "country": "US", 
    "displayable_name": "Kansas City, MO", 
    "id": 2430683, 
    "name": "Kansas City", 
    "short_name": "Kansas City, MO", 
    "slug": "kansas-city-mo", 
    "state": "MO", 
    "urls": {
      "api": {
        "nearby_projects": "https://api.kickstarter.com/v1/discover?signature=1405283925.ac5cdf6d93b3453d7d0bdc4ef22088232aed407f&woe_id=2430683"
      }, 
      "web": {
        "discover": "https://www.kickstarter.com/discover/places/kansas-city-mo", 
        "location": "https://www.kickstarter.com/locations/kansas-city-mo"
      }
    }
  }, 
  "name": "Open Source 3D DLP Printer", 
  "photo": {
    "1024x768": "https://s3.amazonaws.com/ksr/projects/210343/photo-1024x768.jpg?1397785134", 
    "1536x1152": "https://s3.amazonaws.com/ksr/projects/210343/photo-1536x1152.jpg?1397785134", 
    "ed": "https://s3.amazonaws.com/ksr/projects/210343/photo-ed.jpg?1397785134", 
    "full": "https://s3.amazonaws.com/ksr/projects/210343/photo-full.jpg?1397785134", 
    "little": "https://s3.amazonaws.com/ksr/projects/210343/photo-little.jpg?1397785134", 
    "med": "https://s3.amazonaws.com/ksr/projects/210343/photo-med.jpg?1397785134", 
    "small": "https://s3.amazonaws.com/ksr/projects/210343/photo-small.jpg?1397785134", 
    "thumb": "https://s3.amazonaws.com/ksr/projects/210343/photo-thumb.jpg?1397785134"
  }, 
  "pledged": 5881.0, 
  "slug": "open-source-3d-dlp-printer", 
  "state": "failed", 
  "state_changed_at": 1342317618, 
  "urls": {
    "web": {
      "project": "https://www.kickstarter.com/projects/sedgwick/open-source-3d-dlp-printer", 
      "rewards": "https://www.kickstarter.com/projects/sedgwick/open-source-3d-dlp-printer/rewards"
    }
  }
}