{
  "backers_count": 12, 
  "blurb": "Security system for your iphone, ipad, child,Find a lost phone or a lost Beer.Wear as a necklace,sweatband or just keep in your pocket.", 
  "category": {
    "id": 16, 
    "name": "Technology", 
    "position": 14, 
    "slug": "technology", 
    "urls": {
      "web": {
        "discover": "http://www.kickstarter.com/discover/categories/technology"
      }
    }
  }, 
  "country": "US", 
  "created_at": 1320133514, 
  "creator": {
    "avatar": {
      "medium": "https://s3.amazonaws.com/ksr/avatars/1449668/Paul.medium.jpg?1340040970", 
      "small": "https://s3.amazonaws.com/ksr/avatars/1449668/Paul.small.jpg?1340040970", 
      "thumb": "https://s3.amazonaws.com/ksr/avatars/1449668/Paul.thumb.jpg?1340040970"
    }, 
    "id": 1965572931, 
    "name": "Phvrod", 
    "urls": {
      "api": {
        "user": "https://api.kickstarter.com/v1/users/1965572931?signature=1405310521.422484f93c7a338bd342c200d3b369e711d74f48"
      }, 
      "web": {
        "user": "https://www.kickstarter.com/profile/1965572931"
      }
    }
  }, 
  "currency": "USD", 
  "currency_symbol": "$", 
  "currency_trailing_code": true, 
  "deadline": 1324080218, 
  "disable_communication": false, 
  "goal": 22000.0, 
  "id": 1082331320, 
  "launched_at": 1320188618, 
  "location": {
    "country": "US", 
    "displayable_name": "Indianapolis, IN", 
    "id": 2427032, 
    "name": "Indianapolis", 
    "short_name": "Indianapolis, IN", 
    "slug": "indianapolis-in", 
    "state": "IN", 
    "urls": {
      "api": {
        "nearby_projects": "https://api.kickstarter.com/v1/discover?signature=1405283936.0bd620112662717df4822f78983c7ea990169b91&woe_id=2427032"
      }, 
      "web": {
        "discover": "https://www.kickstarter.com/discover/places/indianapolis-in", 
        "location": "https://www.kickstarter.com/locations/indianapolis-in"
      }
    }
  }, 
  "name": "iPhone and iPad protection! THE I-FOB.", 
  "photo": {
    "1024x768": "https://s3.amazonaws.com/ksr/projects/55703/photo-1024x768.jpg?1397767381", 
    "1536x1152": "https://s3.amazonaws.com/ksr/projects/55703/photo-1536x1152.jpg?1397767381", 
    "ed": "https://s3.amazonaws.com/ksr/projects/55703/photo-ed.jpg?1397767381", 
    "full": "https://s3.amazonaws.com/ksr/projects/55703/photo-full.jpg?1397767381", 
    "little": "https://s3.amazonaws.com/ksr/projects/55703/photo-little.jpg?1397767381", 
    "med": "https://s3.amazonaws.com/ksr/projects/55703/photo-med.jpg?1397767381", 
    "small": "https://s3.amazonaws.com/ksr/projects/55703/photo-small.jpg?1397767381", 
    "thumb": "https://s3.amazonaws.com/ksr/projects/55703/photo-thumb.jpg?1397767381"
  }, 
  "pledged": 683.0, 
  "slug": "i-fobprotect-your-phonechildren-and-belongings", 
  "state": "failed", 
  "state_changed_at": 1324080219, 
  "urls": {
    "web": {
      "project": "https://www.kickstarter.com/projects/1965572931/i-fobprotect-your-phonechildren-and-belongings", 
      "rewards": "https://www.kickstarter.com/projects/1965572931/i-fobprotect-your-phonechildren-and-belongings/rewards"
    }
  }
}