{
  "backers_count": 140, 
  "blurb": "We want to custom build remote-triggered HD video cameras to record the secret lives of mountain lions in western Wyoming.", 
  "category": {
    "id": 16, 
    "name": "Technology", 
    "position": 14, 
    "slug": "technology", 
    "urls": {
      "web": {
        "discover": "http://www.kickstarter.com/discover/categories/technology"
      }
    }
  }, 
  "country": "US", 
  "created_at": 1342671147, 
  "creator": {
    "avatar": {
      "medium": "https://s3.amazonaws.com/ksr/avatars/3314111/F109.medium.jpg?1343832882", 
      "small": "https://s3.amazonaws.com/ksr/avatars/3314111/F109.small.jpg?1343832882", 
      "thumb": "https://s3.amazonaws.com/ksr/avatars/3314111/F109.thumb.jpg?1343832882"
    }, 
    "id": 465576563, 
    "name": "Sophie Ellis", 
    "urls": {
      "api": {
        "user": "https://api.kickstarter.com/v1/users/465576563?signature=1405309994.945c3528d48709f9a6ce6c7c298d5b0df5c3be02"
      }, 
      "web": {
        "user": "https://www.kickstarter.com/profile/465576563"
      }
    }
  }, 
  "currency": "USD", 
  "currency_symbol": "$", 
  "currency_trailing_code": true, 
  "deadline": 1351530821, 
  "disable_communication": false, 
  "goal": 8000.0, 
  "id": 1082825973, 
  "launched_at": 1348074821, 
  "location": {
    "country": "US", 
    "displayable_name": "Jackson, WY", 
    "id": 2428182, 
    "name": "Jackson", 
    "short_name": "Jackson, WY", 
    "slug": "jackson-wy", 
    "state": "WY", 
    "urls": {
      "api": {
        "nearby_projects": "https://api.kickstarter.com/v1/discover?signature=1405284003.d30bfa8d0ef3f78141ac3ce59e9087ba16790a4c&woe_id=2428182"
      }, 
      "web": {
        "discover": "https://www.kickstarter.com/discover/places/jackson-wy", 
        "location": "https://www.kickstarter.com/locations/jackson-wy"
      }
    }
  }, 
  "name": "Teton Cougar Project", 
  "photo": {
    "1024x768": "https://s3.amazonaws.com/ksr/projects/263796/photo-1024x768.jpg?1397790456", 
    "1536x1152": "https://s3.amazonaws.com/ksr/projects/263796/photo-1536x1152.jpg?1397790456", 
    "ed": "https://s3.amazonaws.com/ksr/projects/263796/photo-ed.jpg?1397790456", 
    "full": "https://s3.amazonaws.com/ksr/projects/263796/photo-full.jpg?1397790456", 
    "little": "https://s3.amazonaws.com/ksr/projects/263796/photo-little.jpg?1397790456", 
    "med": "https://s3.amazonaws.com/ksr/projects/263796/photo-med.jpg?1397790456", 
    "small": "https://s3.amazonaws.com/ksr/projects/263796/photo-small.jpg?1397790456", 
    "thumb": "https://s3.amazonaws.com/ksr/projects/263796/photo-thumb.jpg?1397790456"
  }, 
  "pledged": 8032.23, 
  "slug": "teton-cougar-project", 
  "state": "successful", 
  "state_changed_at": 1351530821, 
  "urls": {
    "web": {
      "project": "https://www.kickstarter.com/projects/465576563/teton-cougar-project", 
      "rewards": "https://www.kickstarter.com/projects/465576563/teton-cougar-project/rewards"
    }
  }
}