{
  "backers_count": 169, 
  "blurb": "A one of a kind application specifically built to help people with Asperger's and Autism better socialize with friends and family.", 
  "category": {
    "id": 16, 
    "name": "Technology", 
    "position": 14, 
    "slug": "technology", 
    "urls": {
      "web": {
        "discover": "http://www.kickstarter.com/discover/categories/technology"
      }
    }
  }, 
  "country": "US", 
  "created_at": 1333511545, 
  "creator": {
    "avatar": {
      "medium": "https://s3.amazonaws.com/ksr/avatars/2328179/Josh.medium.jpg?1332883584", 
      "small": "https://s3.amazonaws.com/ksr/avatars/2328179/Josh.small.jpg?1332883584", 
      "thumb": "https://s3.amazonaws.com/ksr/avatars/2328179/Josh.thumb.jpg?1332883584"
    }, 
    "id": 2010821707, 
    "name": "Joshua Mitchell", 
    "slug": "jmitchell", 
    "urls": {
      "api": {
        "user": "https://api.kickstarter.com/v1/users/2010821707?signature=1405310371.bc658e2295bcda0a4ebc65417f32282f51eab842"
      }, 
      "web": {
        "user": "https://www.kickstarter.com/profile/jmitchell"
      }
    }
  }, 
  "currency": "USD", 
  "currency_symbol": "$", 
  "currency_trailing_code": true, 
  "deadline": 1368568800, 
  "disable_communication": false, 
  "goal": 40000.0, 
  "id": 1083233094, 
  "launched_at": 1365443158, 
  "location": {
    "country": "US", 
    "displayable_name": "Indianapolis, IN", 
    "id": 2427032, 
    "name": "Indianapolis", 
    "short_name": "Indianapolis, IN", 
    "slug": "indianapolis-in", 
    "state": "IN", 
    "urls": {
      "api": {
        "nearby_projects": "https://api.kickstarter.com/v1/discover?signature=1405283936.0bd620112662717df4822f78983c7ea990169b91&woe_id=2427032"
      }, 
      "web": {
        "discover": "https://www.kickstarter.com/discover/places/indianapolis-in", 
        "location": "https://www.kickstarter.com/locations/indianapolis-in"
      }
    }
  }, 
  "name": "Social Blindness App for Asperger's and Autism", 
  "photo": {
    "1024x768": "https://s3.amazonaws.com/ksr/projects/124829/photo-1024x768.jpg?1397776894", 
    "1536x1152": "https://s3.amazonaws.com/ksr/projects/124829/photo-1536x1152.jpg?1397776894", 
    "ed": "https://s3.amazonaws.com/ksr/projects/124829/photo-ed.jpg?1397776894", 
    "full": "https://s3.amazonaws.com/ksr/projects/124829/photo-full.jpg?1397776894", 
    "little": "https://s3.amazonaws.com/ksr/projects/124829/photo-little.jpg?1397776894", 
    "med": "https://s3.amazonaws.com/ksr/projects/124829/photo-med.jpg?1397776894", 
    "small": "https://s3.amazonaws.com/ksr/projects/124829/photo-small.jpg?1397776894", 
    "thumb": "https://s3.amazonaws.com/ksr/projects/124829/photo-thumb.jpg?1397776894"
  }, 
  "pledged": 11469.0, 
  "slug": "social-blindness-app-for-aspergers-and-autism", 
  "state": "failed", 
  "state_changed_at": 1368568835, 
  "urls": {
    "web": {
      "project": "https://www.kickstarter.com/projects/jmitchell/social-blindness-app-for-aspergers-and-autism", 
      "rewards": "https://www.kickstarter.com/projects/jmitchell/social-blindness-app-for-aspergers-and-autism/rewards"
    }
  }
}