{
  "backers_count": 479, 
  "blurb": "A smart, compact power supply designed to power anything, anywhere", 
  "category": {
    "id": 52, 
    "name": "Hardware", 
    "parent_id": 16, 
    "position": 8, 
    "slug": "technology/hardware", 
    "urls": {
      "web": {
        "discover": "http://www.kickstarter.com/discover/categories/technology/hardware"
      }
    }
  }, 
  "country": "US", 
  "created_at": 1358559897, 
  "creator": {
    "avatar": {
      "medium": "https://s3.amazonaws.com/ksr/avatars/5226832/468185_10150611490076143_1149221371_o.medium.jpg?1358798135", 
      "small": "https://s3.amazonaws.com/ksr/avatars/5226832/468185_10150611490076143_1149221371_o.small.jpg?1358798135", 
      "thumb": "https://s3.amazonaws.com/ksr/avatars/5226832/468185_10150611490076143_1149221371_o.thumb.jpg?1358798135"
    }, 
    "id": 1107117096, 
    "name": "Caleb Chamberlain", 
    "urls": {
      "api": {
        "user": "https://api.kickstarter.com/v1/users/1107117096?signature=1405310101.c5bdfda342d50f058d139fc5b169a22ce2454758"
      }, 
      "web": {
        "user": "https://www.kickstarter.com/profile/1107117096"
      }
    }
  }, 
  "currency": "USD", 
  "currency_symbol": "$", 
  "currency_trailing_code": true, 
  "deadline": 1362863299, 
  "disable_communication": false, 
  "goal": 10000.0, 
  "id": 1083064805, 
  "launched_at": 1360271299, 
  "location": {
    "country": "US", 
    "displayable_name": "Payson, UT", 
    "id": 2469507, 
    "name": "Payson", 
    "short_name": "Payson, UT", 
    "slug": "payson-ut", 
    "state": "UT", 
    "urls": {
      "api": {
        "nearby_projects": "https://api.kickstarter.com/v1/discover?signature=1405284113.44cda928292e2a13c751e4436c361a5986428af1&woe_id=2469507"
      }, 
      "web": {
        "discover": "https://www.kickstarter.com/discover/places/payson-ut", 
        "location": "https://www.kickstarter.com/locations/payson-ut"
      }
    }
  }, 
  "name": "Hydra: a triple-output power supply for electronics projects", 
  "photo": {
    "1024x768": "https://s3.amazonaws.com/ksr/projects/438940/photo-1024x768.jpg?1397808086", 
    "1536x1152": "https://s3.amazonaws.com/ksr/projects/438940/photo-1536x1152.jpg?1397808086", 
    "ed": "https://s3.amazonaws.com/ksr/projects/438940/photo-ed.jpg?1397808086", 
    "full": "https://s3.amazonaws.com/ksr/projects/438940/photo-full.jpg?1397808086", 
    "little": "https://s3.amazonaws.com/ksr/projects/438940/photo-little.jpg?1397808086", 
    "med": "https://s3.amazonaws.com/ksr/projects/438940/photo-med.jpg?1397808086", 
    "small": "https://s3.amazonaws.com/ksr/projects/438940/photo-small.jpg?1397808086", 
    "thumb": "https://s3.amazonaws.com/ksr/projects/438940/photo-thumb.jpg?1397808086"
  }, 
  "pledged": 92154.22, 
  "slug": "hydra-a-triple-output-power-supply-for-electronics", 
  "state": "successful", 
  "state_changed_at": 1362863299, 
  "urls": {
    "web": {
      "project": "https://www.kickstarter.com/projects/1107117096/hydra-a-triple-output-power-supply-for-electronics", 
      "rewards": "https://www.kickstarter.com/projects/1107117096/hydra-a-triple-output-power-supply-for-electronics/rewards"
    }
  }
}