{
  "backers_count": 123, 
  "blurb": "iShutter is an easy, discrete way to ensure your privacy by shielding your Macbook\u2019s webcam", 
  "category": {
    "id": 52, 
    "name": "Hardware", 
    "parent_id": 16, 
    "position": 8, 
    "slug": "technology/hardware", 
    "urls": {
      "web": {
        "discover": "http://www.kickstarter.com/discover/categories/technology/hardware"
      }
    }
  }, 
  "country": "US", 
  "created_at": 1376913635, 
  "creator": {
    "avatar": {
      "medium": "https://s3.amazonaws.com/ksr/avatars/7710068/Icon.medium.jpg?1380520400", 
      "small": "https://s3.amazonaws.com/ksr/avatars/7710068/Icon.small.jpg?1380520400", 
      "thumb": "https://s3.amazonaws.com/ksr/avatars/7710068/Icon.thumb.jpg?1380520400"
    }, 
    "id": 550886435, 
    "name": "Pulp Systems", 
    "urls": {
      "api": {
        "user": "https://api.kickstarter.com/v1/users/550886435?signature=1405310433.a233294c0238d2ae0692535b109f9379a12662c0"
      }, 
      "web": {
        "user": "https://www.kickstarter.com/profile/550886435"
      }
    }
  }, 
  "currency": "USD", 
  "currency_symbol": "$", 
  "currency_trailing_code": true, 
  "deadline": 1385507051, 
  "disable_communication": false, 
  "goal": 8000.0, 
  "id": 1084116362, 
  "launched_at": 1382911451, 
  "location": {
    "country": "US", 
    "displayable_name": "Rancho Santa Margarita, CA", 
    "id": 22664126, 
    "name": "Rancho Santa Margarita", 
    "short_name": "Rancho Santa Margarita, CA", 
    "slug": "rancho-santa-margarita-ca", 
    "state": "CA", 
    "urls": {
      "api": {
        "nearby_projects": "https://api.kickstarter.com/v1/discover?signature=1405283978.3290b4bb53642ef3c3b7ee12a6bbb83c853c81b7&woe_id=22664126"
      }, 
      "web": {
        "discover": "https://www.kickstarter.com/discover/places/rancho-santa-margarita-ca", 
        "location": "https://www.kickstarter.com/locations/rancho-santa-margarita-ca"
      }
    }
  }, 
  "name": "iShutter - Web Camera Shield", 
  "photo": {
    "1024x768": "https://s3.amazonaws.com/ksr/projects/654779/photo-1024x768.jpg?1397831380", 
    "1536x1152": "https://s3.amazonaws.com/ksr/projects/654779/photo-1536x1152.jpg?1397831380", 
    "ed": "https://s3.amazonaws.com/ksr/projects/654779/photo-ed.jpg?1397831380", 
    "full": "https://s3.amazonaws.com/ksr/projects/654779/photo-full.jpg?1397831380", 
    "little": "https://s3.amazonaws.com/ksr/projects/654779/photo-little.jpg?1397831380", 
    "med": "https://s3.amazonaws.com/ksr/projects/654779/photo-med.jpg?1397831380", 
    "small": "https://s3.amazonaws.com/ksr/projects/654779/photo-small.jpg?1397831380", 
    "thumb": "https://s3.amazonaws.com/ksr/projects/654779/photo-thumb.jpg?1397831380"
  }, 
  "pledged": 2875.0, 
  "slug": "ishutter-web-camera-sheild", 
  "state": "failed", 
  "state_changed_at": 1385507053, 
  "urls": {
    "web": {
      "project": "https://www.kickstarter.com/projects/550886435/ishutter-web-camera-sheild", 
      "rewards": "https://www.kickstarter.com/projects/550886435/ishutter-web-camera-sheild/rewards"
    }
  }
}