{
  "backers_count": 507, 
  "blurb": "A new, flexible and modern migrations system built into Django.", 
  "category": {
    "id": 51, 
    "name": "Software", 
    "parent_id": 16, 
    "position": 11, 
    "slug": "technology/software", 
    "urls": {
      "web": {
        "discover": "http://www.kickstarter.com/discover/categories/technology/software"
      }
    }
  }, 
  "country": "GB", 
  "created_at": 1361987073, 
  "creator": {
    "avatar": {
      "medium": "https://s3.amazonaws.com/ksr/avatars/1972109/headshot_kr.medium.jpg?1361994986", 
      "small": "https://s3.amazonaws.com/ksr/avatars/1972109/headshot_kr.small.jpg?1361994986", 
      "thumb": "https://s3.amazonaws.com/ksr/avatars/1972109/headshot_kr.thumb.jpg?1361994986"
    }, 
    "id": 605360466, 
    "name": "Andrew Godwin", 
    "slug": "andrewgodwin", 
    "urls": {
      "api": {
        "user": "https://api.kickstarter.com/v1/users/605360466?signature=1405310149.2475d93ddffb125bd7122ef1ca288a98b0876b32"
      }, 
      "web": {
        "user": "https://www.kickstarter.com/profile/andrewgodwin"
      }
    }
  }, 
  "currency": "GBP", 
  "currency_symbol": "\u00a3", 
  "currency_trailing_code": false, 
  "deadline": 1365253223, 
  "disable_communication": false, 
  "goal": 2500.0, 
  "id": 1084921542, 
  "launched_at": 1363960823, 
  "location": {
    "country": "GB", 
    "displayable_name": "London, UK", 
    "id": 44418, 
    "name": "London", 
    "short_name": "London, UK", 
    "slug": "london-gb", 
    "state": "England", 
    "urls": {
      "api": {
        "nearby_projects": "https://api.kickstarter.com/v1/discover?signature=1405283922.82a390c7080dcb5af2825d7dc4e2293adc57bbf0&woe_id=44418"
      }, 
      "web": {
        "discover": "https://www.kickstarter.com/discover/places/london-gb", 
        "location": "https://www.kickstarter.com/locations/london-gb"
      }
    }
  }, 
  "name": "Schema Migrations for Django", 
  "photo": {
    "1024x768": "https://s3.amazonaws.com/ksr/projects/475146/photo-1024x768.jpg?1397811937", 
    "1536x1152": "https://s3.amazonaws.com/ksr/projects/475146/photo-1536x1152.jpg?1397811937", 
    "ed": "https://s3.amazonaws.com/ksr/projects/475146/photo-ed.jpg?1397811937", 
    "full": "https://s3.amazonaws.com/ksr/projects/475146/photo-full.jpg?1397811937", 
    "little": "https://s3.amazonaws.com/ksr/projects/475146/photo-little.jpg?1397811937", 
    "med": "https://s3.amazonaws.com/ksr/projects/475146/photo-med.jpg?1397811937", 
    "small": "https://s3.amazonaws.com/ksr/projects/475146/photo-small.jpg?1397811937", 
    "thumb": "https://s3.amazonaws.com/ksr/projects/475146/photo-thumb.jpg?1397811937"
  }, 
  "pledged": 17952.42, 
  "slug": "schema-migrations-for-django", 
  "state": "successful", 
  "state_changed_at": 1365253231, 
  "urls": {
    "web": {
      "project": "https://www.kickstarter.com/projects/andrewgodwin/schema-migrations-for-django", 
      "rewards": "https://www.kickstarter.com/projects/andrewgodwin/schema-migrations-for-django/rewards"
    }
  }
}