{
  "backers_count": 49, 
  "blurb": "Lambda, the microcomputer that converts your TV to true Smart TV. Allow your media the freedom to move. Welcome to your new Smart Home.", 
  "category": {
    "id": 52, 
    "name": "Hardware", 
    "parent_id": 16, 
    "position": 8, 
    "slug": "technology/hardware", 
    "urls": {
      "web": {
        "discover": "http://www.kickstarter.com/discover/categories/technology/hardware"
      }
    }
  }, 
  "country": "GB", 
  "created_at": 1397486675, 
  "creator": {
    "avatar": {
      "medium": "https://s3.amazonaws.com/ksr/avatars/10288593/innovatelogo2.medium.jpg?1400670459", 
      "small": "https://s3.amazonaws.com/ksr/avatars/10288593/innovatelogo2.small.jpg?1400670459", 
      "thumb": "https://s3.amazonaws.com/ksr/avatars/10288593/innovatelogo2.thumb.jpg?1400670459"
    }, 
    "id": 891275184, 
    "name": "Innnovate:Ignite", 
    "urls": {
      "api": {
        "user": "https://api.kickstarter.com/v1/users/891275184?signature=1405310390.76413b14a43ce028e2ce0b3c81e23687ba2ead1d"
      }, 
      "web": {
        "user": "https://www.kickstarter.com/profile/891275184"
      }
    }
  }, 
  "currency": "GBP", 
  "currency_symbol": "\u00a3", 
  "currency_trailing_code": false, 
  "deadline": 1404015607, 
  "disable_communication": false, 
  "goal": 79000.0, 
  "id": 1084933651, 
  "launched_at": 1401423607, 
  "location": {
    "country": "GB", 
    "displayable_name": "Glasgow, UK", 
    "id": 21125, 
    "name": "Glasgow", 
    "short_name": "Glasgow, UK", 
    "slug": "glasgow-gb", 
    "state": "Scotland", 
    "urls": {
      "api": {
        "nearby_projects": "https://api.kickstarter.com/v1/discover?signature=1405283938.1e4f17f1cb66cd01463df29c26f5c67ddeeadb54&woe_id=21125"
      }, 
      "web": {
        "discover": "https://www.kickstarter.com/discover/places/glasgow-gb", 
        "location": "https://www.kickstarter.com/locations/glasgow-gb"
      }
    }
  }, 
  "name": "Lambda: Truly Smart TV", 
  "photo": {
    "1024x768": "https://s3.amazonaws.com/ksr/projects/952259/photo-1024x768.jpg?1403879460", 
    "1536x1152": "https://s3.amazonaws.com/ksr/projects/952259/photo-1536x1152.jpg?1403879460", 
    "ed": "https://s3.amazonaws.com/ksr/projects/952259/photo-ed.jpg?1403879460", 
    "full": "https://s3.amazonaws.com/ksr/projects/952259/photo-full.jpg?1403879460", 
    "little": "https://s3.amazonaws.com/ksr/projects/952259/photo-little.jpg?1403879460", 
    "med": "https://s3.amazonaws.com/ksr/projects/952259/photo-med.jpg?1403879460", 
    "small": "https://s3.amazonaws.com/ksr/projects/952259/photo-small.jpg?1403879460", 
    "thumb": "https://s3.amazonaws.com/ksr/projects/952259/photo-thumb.jpg?1403879460"
  }, 
  "pledged": 3843.0, 
  "slug": "lambda-truly-smart-tv", 
  "state": "failed", 
  "state_changed_at": 1404015607, 
  "urls": {
    "web": {
      "project": "https://www.kickstarter.com/projects/891275184/lambda-truly-smart-tv", 
      "rewards": "https://www.kickstarter.com/projects/891275184/lambda-truly-smart-tv/rewards"
    }
  }
}