{
  "backers_count": 1, 
  "blurb": "Twimote, is a web application project being developed to enhance the way Twitter users integrate Twitter with their website and market on Twitter.", 
  "category": {
    "id": 51, 
    "name": "Software", 
    "parent_id": 16, 
    "position": 11, 
    "slug": "technology/software", 
    "urls": {
      "web": {
        "discover": "http://www.kickstarter.com/discover/categories/technology/software"
      }
    }
  }, 
  "country": "US", 
  "created_at": 1254925827, 
  "creator": {
    "avatar": {
      "medium": "https://s3.amazonaws.com/ksr/avatars/28941/twimoteAvatar.medium.jpg?1288678195", 
      "small": "https://s3.amazonaws.com/ksr/avatars/28941/twimoteAvatar.small.jpg?1288678195", 
      "thumb": "https://s3.amazonaws.com/ksr/avatars/28941/twimoteAvatar.thumb.jpg?1288678195"
    }, 
    "id": 919619393, 
    "name": "Ryan Barr", 
    "urls": {
      "api": {
        "user": "https://api.kickstarter.com/v1/users/919619393?signature=1405310645.e52e3dd2bbcbb96c96675162fd38d8c41531088e"
      }, 
      "web": {
        "user": "https://www.kickstarter.com/profile/919619393"
      }
    }
  }, 
  "currency": "USD", 
  "currency_symbol": "$", 
  "currency_trailing_code": true, 
  "deadline": 1258181940, 
  "disable_communication": false, 
  "goal": 1500.0, 
  "id": 1084869397, 
  "launched_at": 1254929434, 
  "name": "Don't Put Down the Twimote! (Canceled)", 
  "photo": {
    "1024x768": "https://s3.amazonaws.com/ksr/projects/1347/photo-1024x768.jpg?1397753276", 
    "1536x1152": "https://s3.amazonaws.com/ksr/projects/1347/photo-1536x1152.jpg?1397753276", 
    "ed": "https://s3.amazonaws.com/ksr/projects/1347/photo-ed.jpg?1397753276", 
    "full": "https://s3.amazonaws.com/ksr/projects/1347/photo-full.jpg?1397753276", 
    "little": "https://s3.amazonaws.com/ksr/projects/1347/photo-little.jpg?1397753276", 
    "med": "https://s3.amazonaws.com/ksr/projects/1347/photo-med.jpg?1397753276", 
    "small": "https://s3.amazonaws.com/ksr/projects/1347/photo-small.jpg?1397753276", 
    "thumb": "https://s3.amazonaws.com/ksr/projects/1347/photo-thumb.jpg?1397753276"
  }, 
  "pledged": 20.0, 
  "slug": "dont-put-down-the-twimote", 
  "state": "canceled", 
  "state_changed_at": 1254964491, 
  "urls": {
    "web": {
      "project": "https://www.kickstarter.com/projects/919619393/dont-put-down-the-twimote", 
      "rewards": "https://www.kickstarter.com/projects/919619393/dont-put-down-the-twimote/rewards"
    }
  }
}