{
  "backers_count": 451, 
  "blurb": "Simply draw circuits connected to an Arduino-Compatible chip. Supercharge your sketches and unleash your inner DaVinci!", 
  "category": {
    "id": 52, 
    "name": "Hardware", 
    "parent_id": 16, 
    "position": 8, 
    "slug": "technology/hardware", 
    "urls": {
      "web": {
        "discover": "http://www.kickstarter.com/discover/categories/technology/hardware"
      }
    }
  }, 
  "country": "US", 
  "created_at": 1398279317, 
  "creator": {
    "avatar": {
      "medium": "https://s3.amazonaws.com/ksr/avatars/982839/IMG_0181.medium.jpg?1309380915", 
      "small": "https://s3.amazonaws.com/ksr/avatars/982839/IMG_0181.small.jpg?1309380915", 
      "thumb": "https://s3.amazonaws.com/ksr/avatars/982839/IMG_0181.thumb.jpg?1309380915"
    }, 
    "id": 13588168, 
    "name": "Jack Gassett", 
    "urls": {
      "api": {
        "user": "https://api.kickstarter.com/v1/users/13588168?signature=1405310008.f959b9e3d6e6e4e527db11a74b5e727fe161286f"
      }, 
      "web": {
        "user": "https://www.kickstarter.com/profile/13588168"
      }
    }
  }, 
  "currency": "USD", 
  "currency_symbol": "$", 
  "currency_trailing_code": true, 
  "deadline": 1403870425, 
  "disable_communication": false, 
  "goal": 30000.0, 
  "id": 1085391207, 
  "launched_at": 1401278425, 
  "location": {
    "country": "US", 
    "displayable_name": "Westminster, CO", 
    "id": 2518344, 
    "name": "Westminster", 
    "short_name": "Westminster, CO", 
    "slug": "westminster-co", 
    "state": "CO", 
    "urls": {
      "api": {
        "nearby_projects": "https://api.kickstarter.com/v1/discover?signature=1405283977.cfabe3ab9d7f23a22b7e5e2f74306da2be77e599&woe_id=2518344"
      }, 
      "web": {
        "discover": "https://www.kickstarter.com/discover/places/westminster-co", 
        "location": "https://www.kickstarter.com/locations/westminster-co"
      }
    }
  }, 
  "name": "Papilio DUO - Drag and Drop FPGA Circuit Lab for Makers", 
  "photo": {
    "1024x768": "https://s3.amazonaws.com/ksr/projects/967727/photo-1024x768.jpg?1400778468", 
    "1536x1152": "https://s3.amazonaws.com/ksr/projects/967727/photo-1536x1152.jpg?1400778468", 
    "ed": "https://s3.amazonaws.com/ksr/projects/967727/photo-ed.jpg?1400778468", 
    "full": "https://s3.amazonaws.com/ksr/projects/967727/photo-full.jpg?1400778468", 
    "little": "https://s3.amazonaws.com/ksr/projects/967727/photo-little.jpg?1400778468", 
    "med": "https://s3.amazonaws.com/ksr/projects/967727/photo-med.jpg?1400778468", 
    "small": "https://s3.amazonaws.com/ksr/projects/967727/photo-small.jpg?1400778468", 
    "thumb": "https://s3.amazonaws.com/ksr/projects/967727/photo-thumb.jpg?1400778468"
  }, 
  "pledged": 62707.95, 
  "slug": "papilio-duo-drag-and-drop-fpga-circuit-lab-for-mak", 
  "state": "successful", 
  "state_changed_at": 1403870425, 
  "urls": {
    "web": {
      "project": "https://www.kickstarter.com/projects/13588168/papilio-duo-drag-and-drop-fpga-circuit-lab-for-mak", 
      "rewards": "https://www.kickstarter.com/projects/13588168/papilio-duo-drag-and-drop-fpga-circuit-lab-for-mak/rewards"
    }
  }
}