{
  "backers_count": 0, 
  "blurb": "Mocator - A totally new approach to personal location communication, allowing easy communication of your real-time location.", 
  "category": {
    "id": 16, 
    "name": "Technology", 
    "position": 14, 
    "slug": "technology", 
    "urls": {
      "web": {
        "discover": "http://www.kickstarter.com/discover/categories/technology"
      }
    }
  }, 
  "country": "GB", 
  "created_at": 1404387156, 
  "creator": {
    "avatar": {
      "medium": "https://s3.amazonaws.com/ksr/avatars/11222172/Mattie.medium.jpg?1404407983", 
      "small": "https://s3.amazonaws.com/ksr/avatars/11222172/Mattie.small.jpg?1404407983", 
      "thumb": "https://s3.amazonaws.com/ksr/avatars/11222172/Mattie.thumb.jpg?1404407983"
    }, 
    "id": 1553998246, 
    "name": "Mattie Lennon", 
    "urls": {
      "api": {
        "user": "https://api.kickstarter.com/v1/users/1553998246?signature=1405310325.74040ded02ee78af0db3cb3be2e44a26eb1ecb08"
      }, 
      "web": {
        "user": "https://www.kickstarter.com/profile/1553998246"
      }
    }
  }, 
  "currency": "GBP", 
  "currency_symbol": "\u00a3", 
  "currency_trailing_code": false, 
  "deadline": 1407782722, 
  "disable_communication": false, 
  "goal": 25000.0, 
  "id": 1085594322, 
  "launched_at": 1405190722, 
  "location": {
    "country": "GB", 
    "displayable_name": "Armagh, UK", 
    "id": 20071111, 
    "name": "Armagh", 
    "short_name": "Armagh, UK", 
    "slug": "armagh-gb", 
    "state": "Northern Ireland", 
    "urls": {
      "api": {
        "nearby_projects": "https://api.kickstarter.com/v1/discover?signature=1405272161.52c2da34a9828325e7b3749433104caab2d3db88&woe_id=20071111"
      }, 
      "web": {
        "discover": "https://www.kickstarter.com/discover/places/armagh-gb", 
        "location": "https://www.kickstarter.com/locations/armagh-gb"
      }
    }
  }, 
  "name": "Mocator - Personal Location Communication", 
  "photo": {
    "1024x768": "https://s3.amazonaws.com/ksr/projects/1071291/photo-1024x768.jpg?1404487571", 
    "1536x1152": "https://s3.amazonaws.com/ksr/projects/1071291/photo-1536x1152.jpg?1404487571", 
    "ed": "https://s3.amazonaws.com/ksr/projects/1071291/photo-ed.jpg?1404487571", 
    "full": "https://s3.amazonaws.com/ksr/projects/1071291/photo-full.jpg?1404487571", 
    "little": "https://s3.amazonaws.com/ksr/projects/1071291/photo-little.jpg?1404487571", 
    "med": "https://s3.amazonaws.com/ksr/projects/1071291/photo-med.jpg?1404487571", 
    "small": "https://s3.amazonaws.com/ksr/projects/1071291/photo-small.jpg?1404487571", 
    "thumb": "https://s3.amazonaws.com/ksr/projects/1071291/photo-thumb.jpg?1404487571"
  }, 
  "pledged": 0.0, 
  "slug": "mocator-personal-location-communication", 
  "state": "live", 
  "state_changed_at": 1405190722, 
  "urls": {
    "web": {
      "project": "https://www.kickstarter.com/projects/1553998246/mocator-personal-location-communication", 
      "rewards": "https://www.kickstarter.com/projects/1553998246/mocator-personal-location-communication/rewards"
    }
  }
}