{
  "backers_count": 0, 
  "blurb": "To create HD real-time footage using still images taken from multiple DSLR cameras.", 
  "category": {
    "id": 16, 
    "name": "Technology", 
    "position": 14, 
    "slug": "technology", 
    "urls": {
      "web": {
        "discover": "http://www.kickstarter.com/discover/categories/technology"
      }
    }
  }, 
  "country": "US", 
  "created_at": 1325944624, 
  "creator": {
    "avatar": {
      "medium": "https://s3.amazonaws.com/ksr/avatars/1328670/291298_733471660956_1955124490_o.medium.jpg?1352830205", 
      "small": "https://s3.amazonaws.com/ksr/avatars/1328670/291298_733471660956_1955124490_o.small.jpg?1352830205", 
      "thumb": "https://s3.amazonaws.com/ksr/avatars/1328670/291298_733471660956_1955124490_o.thumb.jpg?1352830205"
    }, 
    "id": 175240124, 
    "name": "Julian Jones", 
    "slug": "djkingjulian", 
    "urls": {
      "api": {
        "user": "https://api.kickstarter.com/v1/users/175240124?signature=1405309976.7d4605dd750c59dafb85527eb415b8259c5db16d"
      }, 
      "web": {
        "user": "https://www.kickstarter.com/profile/djkingjulian"
      }
    }
  }, 
  "currency": "USD", 
  "currency_symbol": "$", 
  "currency_trailing_code": true, 
  "deadline": 1330523820, 
  "disable_communication": false, 
  "goal": 10000.0, 
  "id": 1086910787, 
  "launched_at": 1326476326, 
  "location": {
    "country": "US", 
    "displayable_name": "Little Rock, AR", 
    "id": 2440351, 
    "name": "Little Rock", 
    "short_name": "Little Rock, AR", 
    "slug": "little-rock-ar", 
    "state": "AR", 
    "urls": {
      "api": {
        "nearby_projects": "https://api.kickstarter.com/v1/discover?signature=1405283926.e16306d50027b37d5c379f75c7a9ff151faac6ef&woe_id=2440351"
      }, 
      "web": {
        "discover": "https://www.kickstarter.com/discover/places/little-rock-ar", 
        "location": "https://www.kickstarter.com/locations/little-rock-ar"
      }
    }
  }, 
  "name": "4K Video For Less? An HD Film Project (Canceled)", 
  "photo": {
    "1024x768": "https://s3.amazonaws.com/ksr/projects/67519/photo-1024x768.jpg?1397769462", 
    "1536x1152": "https://s3.amazonaws.com/ksr/projects/67519/photo-1536x1152.jpg?1397769462", 
    "ed": "https://s3.amazonaws.com/ksr/projects/67519/photo-ed.jpg?1397769462", 
    "full": "https://s3.amazonaws.com/ksr/projects/67519/photo-full.jpg?1397769462", 
    "little": "https://s3.amazonaws.com/ksr/projects/67519/photo-little.jpg?1397769462", 
    "med": "https://s3.amazonaws.com/ksr/projects/67519/photo-med.jpg?1397769462", 
    "small": "https://s3.amazonaws.com/ksr/projects/67519/photo-small.jpg?1397769462", 
    "thumb": "https://s3.amazonaws.com/ksr/projects/67519/photo-thumb.jpg?1397769462"
  }, 
  "pledged": 0.0, 
  "slug": "4k-video-for-less-an-hd-film-project", 
  "state": "canceled", 
  "state_changed_at": 1327470255, 
  "urls": {
    "web": {
      "project": "https://www.kickstarter.com/projects/djkingjulian/4k-video-for-less-an-hd-film-project", 
      "rewards": "https://www.kickstarter.com/projects/djkingjulian/4k-video-for-less-an-hd-film-project/rewards"
    }
  }
}