{
  "backers_count": 203, 
  "blurb": "Small light Open Source/HW electro-permanent 10kg (ideal) cargo holding magnet for the DIY multicopter drone and robotics communities", 
  "category": {
    "id": 16, 
    "name": "Technology", 
    "position": 14, 
    "slug": "technology", 
    "urls": {
      "web": {
        "discover": "http://www.kickstarter.com/discover/categories/technology"
      }
    }
  }, 
  "country": "US", 
  "created_at": 1340983306, 
  "creator": {
    "avatar": {
      "medium": "https://s3.amazonaws.com/ksr/avatars/782614/5345846969798376504.medium.jpg?1343689594", 
      "small": "https://s3.amazonaws.com/ksr/avatars/782614/5345846969798376504.small.jpg?1343689594", 
      "thumb": "https://s3.amazonaws.com/ksr/avatars/782614/5345846969798376504.thumb.jpg?1343689594"
    }, 
    "id": 412473553, 
    "name": "Andreas Jochum", 
    "urls": {
      "api": {
        "user": "https://api.kickstarter.com/v1/users/412473553?signature=1405309917.15232de7a0f2273fc152eeb5aa4a06560f2652d7"
      }, 
      "web": {
        "user": "https://www.kickstarter.com/profile/412473553"
      }
    }
  }, 
  "currency": "USD", 
  "currency_symbol": "$", 
  "currency_trailing_code": true, 
  "deadline": 1356536250, 
  "disable_communication": false, 
  "goal": 3000.0, 
  "id": 1086128818, 
  "launched_at": 1354030650, 
  "location": {
    "country": "NI", 
    "displayable_name": "Managua, Nicaragua", 
    "id": 153523, 
    "name": "Managua", 
    "short_name": "Managua, Nicaragua", 
    "slug": "managua-ni", 
    "state": "Managua", 
    "urls": {
      "api": {
        "nearby_projects": "https://api.kickstarter.com/v1/discover?signature=1405284723.15742935a2d4c4b7bb7d7a58aa6dec08cb26045f&woe_id=153523"
      }, 
      "web": {
        "discover": "https://www.kickstarter.com/discover/places/managua-ni", 
        "location": "https://www.kickstarter.com/locations/managua-ni"
      }
    }
  }, 
  "name": "OpenGrab, Open hardware Electro-Permanent cargo gripper", 
  "photo": {
    "1024x768": "https://s3.amazonaws.com/ksr/projects/238782/photo-1024x768.jpg?1397788130", 
    "1536x1152": "https://s3.amazonaws.com/ksr/projects/238782/photo-1536x1152.jpg?1397788130", 
    "ed": "https://s3.amazonaws.com/ksr/projects/238782/photo-ed.jpg?1397788130", 
    "full": "https://s3.amazonaws.com/ksr/projects/238782/photo-full.jpg?1397788130", 
    "little": "https://s3.amazonaws.com/ksr/projects/238782/photo-little.jpg?1397788130", 
    "med": "https://s3.amazonaws.com/ksr/projects/238782/photo-med.jpg?1397788130", 
    "small": "https://s3.amazonaws.com/ksr/projects/238782/photo-small.jpg?1397788130", 
    "thumb": "https://s3.amazonaws.com/ksr/projects/238782/photo-thumb.jpg?1397788130"
  }, 
  "pledged": 10303.0, 
  "slug": "opengrab-open-hardware-electro-permanent-cargo-gri", 
  "state": "successful", 
  "state_changed_at": 1356536253, 
  "urls": {
    "web": {
      "project": "https://www.kickstarter.com/projects/412473553/opengrab-open-hardware-electro-permanent-cargo-gri", 
      "rewards": "https://www.kickstarter.com/projects/412473553/opengrab-open-hardware-electro-permanent-cargo-gri/rewards"
    }
  }
}