{
  "backers_count": 4, 
  "blurb": "A fab lab of a different breed, a IDEA bus short for Innovation, Design, Entrepreneurship and Action mobile learning unit.", 
  "category": {
    "id": 16, 
    "name": "Technology", 
    "position": 14, 
    "slug": "technology", 
    "urls": {
      "web": {
        "discover": "http://www.kickstarter.com/discover/categories/technology"
      }
    }
  }, 
  "country": "US", 
  "created_at": 1346747182, 
  "creator": {
    "avatar": {
      "medium": "https://s3.amazonaws.com/ksr/avatars/3953691/2114005193_4420ffd441_o.medium.jpg?1346815868", 
      "small": "https://s3.amazonaws.com/ksr/avatars/3953691/2114005193_4420ffd441_o.small.jpg?1346815868", 
      "thumb": "https://s3.amazonaws.com/ksr/avatars/3953691/2114005193_4420ffd441_o.thumb.jpg?1346815868"
    }, 
    "id": 384245272, 
    "name": "Scott Illjes", 
    "urls": {
      "api": {
        "user": "https://api.kickstarter.com/v1/users/384245272?signature=1405310597.3cb40260ad6d1b202f829ce54b2ea32c95bca158"
      }, 
      "web": {
        "user": "https://www.kickstarter.com/profile/384245272"
      }
    }
  }, 
  "currency": "USD", 
  "currency_symbol": "$", 
  "currency_trailing_code": true, 
  "deadline": 1349995150, 
  "disable_communication": false, 
  "goal": 112000.0, 
  "id": 1087333460, 
  "launched_at": 1346971150, 
  "location": {
    "country": "US", 
    "displayable_name": "Millwood, NY", 
    "id": 2451683, 
    "name": "Millwood", 
    "short_name": "Millwood, NY", 
    "slug": "millwood-ny", 
    "state": "NY", 
    "urls": {
      "api": {
        "nearby_projects": "https://api.kickstarter.com/v1/discover?signature=1405309598.849d2ed0ccb3b6e7c4cdb39d322b55ac47b579af&woe_id=2451683"
      }, 
      "web": {
        "discover": "https://www.kickstarter.com/discover/places/millwood-ny", 
        "location": "https://www.kickstarter.com/locations/millwood-ny"
      }
    }
  }, 
  "name": "Mini FABLAB on Wheels AKA The Westchester IDEA BUS", 
  "photo": {
    "1024x768": "https://s3.amazonaws.com/ksr/projects/320819/photo-1024x768.jpg?1397795964", 
    "1536x1152": "https://s3.amazonaws.com/ksr/projects/320819/photo-1536x1152.jpg?1397795964", 
    "ed": "https://s3.amazonaws.com/ksr/projects/320819/photo-ed.jpg?1397795964", 
    "full": "https://s3.amazonaws.com/ksr/projects/320819/photo-full.jpg?1397795964", 
    "little": "https://s3.amazonaws.com/ksr/projects/320819/photo-little.jpg?1397795964", 
    "med": "https://s3.amazonaws.com/ksr/projects/320819/photo-med.jpg?1397795964", 
    "small": "https://s3.amazonaws.com/ksr/projects/320819/photo-small.jpg?1397795964", 
    "thumb": "https://s3.amazonaws.com/ksr/projects/320819/photo-thumb.jpg?1397795964"
  }, 
  "pledged": 135.0, 
  "slug": "mini-fablab-on-wheels-aka-the-westchester-idea-bus", 
  "state": "failed", 
  "state_changed_at": 1349995152, 
  "urls": {
    "web": {
      "project": "https://www.kickstarter.com/projects/384245272/mini-fablab-on-wheels-aka-the-westchester-idea-bus", 
      "rewards": "https://www.kickstarter.com/projects/384245272/mini-fablab-on-wheels-aka-the-westchester-idea-bus/rewards"
    }
  }
}