{
  "backers_count": 5, 
  "blurb": "THE SPACEBASS:01 IS POSSIBLY THE COOLEST DIGITAL PERFORMANCE CONTROLLER IN THE WORLD TODAY! PLEDGE TODAY TO GET A SPACEBASS!:)", 
  "category": {
    "id": 16, 
    "name": "Technology", 
    "position": 14, 
    "slug": "technology", 
    "urls": {
      "web": {
        "discover": "http://www.kickstarter.com/discover/categories/technology"
      }
    }
  }, 
  "country": "US", 
  "created_at": 1360740600, 
  "creator": {
    "avatar": {
      "medium": "https://s3.amazonaws.com/ksr/avatars/5453190/LOGOSUN.medium.jpg?1367572346", 
      "small": "https://s3.amazonaws.com/ksr/avatars/5453190/LOGOSUN.small.jpg?1367572346", 
      "thumb": "https://s3.amazonaws.com/ksr/avatars/5453190/LOGOSUN.thumb.jpg?1367572346"
    }, 
    "id": 62276135, 
    "name": "ALL ONE SUN", 
    "slug": "allonesun", 
    "urls": {
      "api": {
        "user": "https://api.kickstarter.com/v1/users/62276135?signature=1405310444.bea4a7c3a98d3241fce313b968e00c5113852a01"
      }, 
      "web": {
        "user": "https://www.kickstarter.com/profile/allonesun"
      }
    }
  }, 
  "currency": "USD", 
  "currency_symbol": "$", 
  "currency_trailing_code": true, 
  "deadline": 1365930386, 
  "disable_communication": false, 
  "goal": 20000.0, 
  "id": 1087974131, 
  "launched_at": 1363338386, 
  "location": {
    "country": "US", 
    "displayable_name": "San Francisco, CA", 
    "id": 2487956, 
    "name": "San Francisco", 
    "short_name": "San Francisco, CA", 
    "slug": "san-francisco-ca", 
    "state": "CA", 
    "urls": {
      "api": {
        "nearby_projects": "https://api.kickstarter.com/v1/discover?signature=1405283922.2705520cddde986b955c196af6b338b46c4257d5&woe_id=2487956"
      }, 
      "web": {
        "discover": "https://www.kickstarter.com/discover/places/san-francisco-ca", 
        "location": "https://www.kickstarter.com/locations/san-francisco-ca"
      }
    }
  }, 
  "name": "THE SPACEBASS:01 (SPECIAL FIRST EDITION)", 
  "photo": {
    "1024x768": "https://s3.amazonaws.com/ksr/projects/461455/photo-1024x768.jpg?1397810530", 
    "1536x1152": "https://s3.amazonaws.com/ksr/projects/461455/photo-1536x1152.jpg?1397810530", 
    "ed": "https://s3.amazonaws.com/ksr/projects/461455/photo-ed.jpg?1397810530", 
    "full": "https://s3.amazonaws.com/ksr/projects/461455/photo-full.jpg?1397810530", 
    "little": "https://s3.amazonaws.com/ksr/projects/461455/photo-little.jpg?1397810530", 
    "med": "https://s3.amazonaws.com/ksr/projects/461455/photo-med.jpg?1397810530", 
    "small": "https://s3.amazonaws.com/ksr/projects/461455/photo-small.jpg?1397810530", 
    "thumb": "https://s3.amazonaws.com/ksr/projects/461455/photo-thumb.jpg?1397810530"
  }, 
  "pledged": 2547.0, 
  "slug": "the-spacebass-01-special-first-edition", 
  "state": "failed", 
  "state_changed_at": 1365930387, 
  "urls": {
    "web": {
      "project": "https://www.kickstarter.com/projects/allonesun/the-spacebass-01-special-first-edition", 
      "rewards": "https://www.kickstarter.com/projects/allonesun/the-spacebass-01-special-first-edition/rewards"
    }
  }
}