{
  "backers_count": 115, 
  "blurb": "The world's first Teochew language Dictionary and Phrasebook app for the iPhone.", 
  "category": {
    "id": 16, 
    "name": "Technology", 
    "position": 14, 
    "slug": "technology", 
    "urls": {
      "web": {
        "discover": "http://www.kickstarter.com/discover/categories/technology"
      }
    }
  }, 
  "country": "US", 
  "created_at": 1337011410, 
  "creator": {
    "avatar": {
      "medium": "https://s3.amazonaws.com/ksr/avatars/789489/ty_wedding2.medium.jpg?1337141450", 
      "small": "https://s3.amazonaws.com/ksr/avatars/789489/ty_wedding2.small.jpg?1337141450", 
      "thumb": "https://s3.amazonaws.com/ksr/avatars/789489/ty_wedding2.thumb.jpg?1337141450"
    }, 
    "id": 285685462, 
    "name": "Ty Eng Lim", 
    "slug": "tylim", 
    "urls": {
      "api": {
        "user": "https://api.kickstarter.com/v1/users/285685462?signature=1405310221.577c44ffe23ca8e72782ef2d901fde9dbe940c68"
      }, 
      "web": {
        "user": "https://www.kickstarter.com/profile/tylim"
      }
    }
  }, 
  "currency": "USD", 
  "currency_symbol": "$", 
  "currency_trailing_code": true, 
  "deadline": 1342850400, 
  "disable_communication": false, 
  "goal": 3000.0, 
  "id": 1087725106, 
  "launched_at": 1340235967, 
  "location": {
    "country": "US", 
    "displayable_name": "San Francisco, CA", 
    "id": 2487956, 
    "name": "San Francisco", 
    "short_name": "San Francisco, CA", 
    "slug": "san-francisco-ca", 
    "state": "CA", 
    "urls": {
      "api": {
        "nearby_projects": "https://api.kickstarter.com/v1/discover?signature=1405283922.2705520cddde986b955c196af6b338b46c4257d5&woe_id=2487956"
      }, 
      "web": {
        "discover": "https://www.kickstarter.com/discover/places/san-francisco-ca", 
        "location": "https://www.kickstarter.com/locations/san-francisco-ca"
      }
    }
  }, 
  "name": "What Teochew Say?", 
  "photo": {
    "1024x768": "https://s3.amazonaws.com/ksr/projects/183166/photo-1024x768.jpg?1397782385", 
    "1536x1152": "https://s3.amazonaws.com/ksr/projects/183166/photo-1536x1152.jpg?1397782385", 
    "ed": "https://s3.amazonaws.com/ksr/projects/183166/photo-ed.jpg?1397782385", 
    "full": "https://s3.amazonaws.com/ksr/projects/183166/photo-full.jpg?1397782385", 
    "little": "https://s3.amazonaws.com/ksr/projects/183166/photo-little.jpg?1397782385", 
    "med": "https://s3.amazonaws.com/ksr/projects/183166/photo-med.jpg?1397782385", 
    "small": "https://s3.amazonaws.com/ksr/projects/183166/photo-small.jpg?1397782385", 
    "thumb": "https://s3.amazonaws.com/ksr/projects/183166/photo-thumb.jpg?1397782385"
  }, 
  "pledged": 4832.0, 
  "slug": "what-teochew-say", 
  "state": "successful", 
  "state_changed_at": 1342850428, 
  "urls": {
    "web": {
      "project": "https://www.kickstarter.com/projects/tylim/what-teochew-say", 
      "rewards": "https://www.kickstarter.com/projects/tylim/what-teochew-say/rewards"
    }
  }
}