{
  "backers_count": 50, 
  "blurb": "A physical keyboard for iPhone and Samsung Galaxy phones using NO electricity or Bluetooth  and only 1/8\u201d thick!!", 
  "category": {
    "id": 52, 
    "name": "Hardware", 
    "parent_id": 16, 
    "position": 8, 
    "slug": "technology/hardware", 
    "urls": {
      "web": {
        "discover": "http://www.kickstarter.com/discover/categories/technology/hardware"
      }
    }
  }, 
  "country": "US", 
  "created_at": 1365983467, 
  "creator": {
    "avatar": {
      "medium": "https://s3.amazonaws.com/ksr/avatars/6195140/Sml_apple.medium.jpg?1366331872", 
      "small": "https://s3.amazonaws.com/ksr/avatars/6195140/Sml_apple.small.jpg?1366331872", 
      "thumb": "https://s3.amazonaws.com/ksr/avatars/6195140/Sml_apple.thumb.jpg?1366331872"
    }, 
    "id": 323605231, 
    "name": "SleekTech", 
    "urls": {
      "api": {
        "user": "https://api.kickstarter.com/v1/users/323605231?signature=1405310376.591fb26505ba0310f340adbfd34febd5a7aa9a42"
      }, 
      "web": {
        "user": "https://www.kickstarter.com/profile/323605231"
      }
    }
  }, 
  "currency": "USD", 
  "currency_symbol": "$", 
  "currency_trailing_code": true, 
  "deadline": 1371958592, 
  "disable_communication": false, 
  "goal": 30000.0, 
  "id": 1087975807, 
  "launched_at": 1369366592, 
  "location": {
    "country": "US", 
    "displayable_name": "Brooklyn, NY", 
    "id": 12589335, 
    "name": "Brooklyn", 
    "short_name": "Brooklyn, NY", 
    "slug": "brooklyn-ny", 
    "state": "NY", 
    "urls": {
      "api": {
        "nearby_projects": "https://api.kickstarter.com/v1/discover?signature=1405283922.3a1f777a5dd590d87316858ddc36b00ab619dde8&woe_id=12589335"
      }, 
      "web": {
        "discover": "https://www.kickstarter.com/discover/places/brooklyn-ny", 
        "location": "https://www.kickstarter.com/locations/brooklyn-ny"
      }
    }
  }, 
  "name": "SleeKeys: a physical keyboard for your smartphone", 
  "photo": {
    "1024x768": "https://s3.amazonaws.com/ksr/projects/523962/photo-1024x768.jpg?1397817049", 
    "1536x1152": "https://s3.amazonaws.com/ksr/projects/523962/photo-1536x1152.jpg?1397817049", 
    "ed": "https://s3.amazonaws.com/ksr/projects/523962/photo-ed.jpg?1397817049", 
    "full": "https://s3.amazonaws.com/ksr/projects/523962/photo-full.jpg?1397817049", 
    "little": "https://s3.amazonaws.com/ksr/projects/523962/photo-little.jpg?1397817049", 
    "med": "https://s3.amazonaws.com/ksr/projects/523962/photo-med.jpg?1397817049", 
    "small": "https://s3.amazonaws.com/ksr/projects/523962/photo-small.jpg?1397817049", 
    "thumb": "https://s3.amazonaws.com/ksr/projects/523962/photo-thumb.jpg?1397817049"
  }, 
  "pledged": 9852.0, 
  "slug": "sleekeys-a-physical-keyboard-for-your-smartphone", 
  "state": "failed", 
  "state_changed_at": 1371958592, 
  "urls": {
    "web": {
      "project": "https://www.kickstarter.com/projects/323605231/sleekeys-a-physical-keyboard-for-your-smartphone", 
      "rewards": "https://www.kickstarter.com/projects/323605231/sleekeys-a-physical-keyboard-for-your-smartphone/rewards"
    }
  }
}