{
  "backers_count": 63, 
  "blurb": "An eBook with a video series to accompany it. Will go step by step creating some amazing real world applications.", 
  "category": {
    "id": 16, 
    "name": "Technology", 
    "position": 14, 
    "slug": "technology", 
    "urls": {
      "web": {
        "discover": "http://www.kickstarter.com/discover/categories/technology"
      }
    }
  }, 
  "country": "US", 
  "created_at": 1351455201, 
  "creator": {
    "avatar": {
      "medium": "https://www.kickstarter.com/assets/users/missing_medium.png", 
      "small": "https://www.kickstarter.com/assets/users/missing_small.png", 
      "thumb": "https://www.kickstarter.com/assets/users/missing_thumb.png"
    }, 
    "id": 544709421, 
    "name": "Arthur Williams", 
    "slug": "artw1982", 
    "urls": {
      "api": {
        "user": "https://api.kickstarter.com/v1/users/544709421?signature=1405310234.396593402cc96a41f9006b4ee8673e4901fc757a"
      }, 
      "web": {
        "user": "https://www.kickstarter.com/profile/artw1982"
      }
    }
  }, 
  "currency": "USD", 
  "currency_symbol": "$", 
  "currency_trailing_code": true, 
  "deadline": 1354231232, 
  "disable_communication": false, 
  "goal": 1250.0, 
  "id": 1087222369, 
  "launched_at": 1351635632, 
  "location": {
    "country": "US", 
    "displayable_name": "Oran, MO", 
    "id": 2465861, 
    "name": "Oran", 
    "short_name": "Oran, MO", 
    "slug": "oran-mo", 
    "state": "MO", 
    "urls": {
      "api": {
        "nearby_projects": "https://api.kickstarter.com/v1/discover?signature=1405285982.fdbba8017afd21d1080fc3b56b8b8e2170253de4&woe_id=2465861"
      }, 
      "web": {
        "discover": "https://www.kickstarter.com/discover/places/oran-mo", 
        "location": "https://www.kickstarter.com/locations/oran-mo"
      }
    }
  }, 
  "name": "Metro For The Beginner + Extras", 
  "photo": {
    "1024x768": "https://s3.amazonaws.com/ksr/projects/377800/photo-1024x768.jpg?1397801565", 
    "1536x1152": "https://s3.amazonaws.com/ksr/projects/377800/photo-1536x1152.jpg?1397801565", 
    "ed": "https://s3.amazonaws.com/ksr/projects/377800/photo-ed.jpg?1397801565", 
    "full": "https://s3.amazonaws.com/ksr/projects/377800/photo-full.jpg?1397801565", 
    "little": "https://s3.amazonaws.com/ksr/projects/377800/photo-little.jpg?1397801565", 
    "med": "https://s3.amazonaws.com/ksr/projects/377800/photo-med.jpg?1397801565", 
    "small": "https://s3.amazonaws.com/ksr/projects/377800/photo-small.jpg?1397801565", 
    "thumb": "https://s3.amazonaws.com/ksr/projects/377800/photo-thumb.jpg?1397801565"
  }, 
  "pledged": 3038.0, 
  "slug": "metro-for-the-beginner-extras", 
  "state": "successful", 
  "state_changed_at": 1354231232, 
  "urls": {
    "web": {
      "project": "https://www.kickstarter.com/projects/artw1982/metro-for-the-beginner-extras", 
      "rewards": "https://www.kickstarter.com/projects/artw1982/metro-for-the-beginner-extras/rewards"
    }
  }
}