{
  "backers_count": 47, 
  "blurb": "This app allows you to transform your house into a green screening studio for free! I am 12 years old and would love my idea happening!", 
  "category": {
    "id": 332, 
    "name": "Apps", 
    "parent_id": 16, 
    "position": 2, 
    "slug": "technology/apps", 
    "urls": {
      "web": {
        "discover": "http://www.kickstarter.com/discover/categories/technology/apps"
      }
    }
  }, 
  "country": "GB", 
  "created_at": 1401552939, 
  "creator": {
    "avatar": {
      "medium": "https://s3.amazonaws.com/ksr/avatars/10869025/Photo_on_2014-05-31_at_17.04.medium.jpg?1401553248", 
      "small": "https://s3.amazonaws.com/ksr/avatars/10869025/Photo_on_2014-05-31_at_17.04.small.jpg?1401553248", 
      "thumb": "https://s3.amazonaws.com/ksr/avatars/10869025/Photo_on_2014-05-31_at_17.04.thumb.jpg?1401553248"
    }, 
    "id": 371835768, 
    "name": "Luke Jacobs", 
    "urls": {
      "api": {
        "user": "https://api.kickstarter.com/v1/users/371835768?signature=1405310482.77e7cf87c2fc9b948f2f5ff71239c7c5694d78e5"
      }, 
      "web": {
        "user": "https://www.kickstarter.com/profile/371835768"
      }
    }
  }, 
  "currency": "GBP", 
  "currency_symbol": "\u00a3", 
  "currency_trailing_code": false, 
  "deadline": 1404504555, 
  "disable_communication": false, 
  "goal": 6000.0, 
  "id": 1088717219, 
  "launched_at": 1401912555, 
  "location": {
    "country": "GB", 
    "displayable_name": "Cornwall and Isles of Scilly, UK", 
    "id": 12602181, 
    "name": "Cornwall and Isles of Scilly", 
    "short_name": "Cornwall and Isles of Scilly, UK", 
    "slug": "cornwall-and-isles-of-scilly-gb", 
    "state": "England", 
    "urls": {
      "api": {
        "nearby_projects": "https://api.kickstarter.com/v1/discover?signature=1405283933.a9aa06465097ddc66a9213686b161ea82a66dc3c&woe_id=12602181"
      }, 
      "web": {
        "discover": "https://www.kickstarter.com/discover/places/cornwall-and-isles-of-scilly-gb", 
        "location": "https://www.kickstarter.com/locations/cornwall-and-isles-of-scilly-gb"
      }
    }
  }, 
  "name": "Green Screen Studios FX", 
  "photo": {
    "1024x768": "https://s3.amazonaws.com/ksr/projects/1024308/photo-1024x768.jpg?1401609098", 
    "1536x1152": "https://s3.amazonaws.com/ksr/projects/1024308/photo-1536x1152.jpg?1401609098", 
    "ed": "https://s3.amazonaws.com/ksr/projects/1024308/photo-ed.jpg?1401609098", 
    "full": "https://s3.amazonaws.com/ksr/projects/1024308/photo-full.jpg?1401609098", 
    "little": "https://s3.amazonaws.com/ksr/projects/1024308/photo-little.jpg?1401609098", 
    "med": "https://s3.amazonaws.com/ksr/projects/1024308/photo-med.jpg?1401609098", 
    "small": "https://s3.amazonaws.com/ksr/projects/1024308/photo-small.jpg?1401609098", 
    "thumb": "https://s3.amazonaws.com/ksr/projects/1024308/photo-thumb.jpg?1401609098"
  }, 
  "pledged": 795.0, 
  "slug": "green-screen-studios-fx", 
  "state": "failed", 
  "state_changed_at": 1404504557, 
  "urls": {
    "web": {
      "project": "https://www.kickstarter.com/projects/371835768/green-screen-studios-fx", 
      "rewards": "https://www.kickstarter.com/projects/371835768/green-screen-studios-fx/rewards"
    }
  }
}