{
  "backers_count": 50, 
  "blurb": "Light up your community with a sustainable Internet enabled streetlight with zero CO2 emission - help developing areas get streetlights", 
  "category": {
    "id": 16, 
    "name": "Technology", 
    "position": 14, 
    "slug": "technology", 
    "urls": {
      "web": {
        "discover": "http://www.kickstarter.com/discover/categories/technology"
      }
    }
  }, 
  "country": "GB", 
  "created_at": 1366112525, 
  "creator": {
    "avatar": {
      "medium": "https://s3.amazonaws.com/ksr/avatars/6259447/4H-small.medium.jpg?1370898386", 
      "small": "https://s3.amazonaws.com/ksr/avatars/6259447/4H-small.small.jpg?1370898386", 
      "thumb": "https://s3.amazonaws.com/ksr/avatars/6259447/4H-small.thumb.jpg?1370898386"
    }, 
    "id": 599786694, 
    "name": "Hans Hesselholt Henne Hansen", 
    "slug": "hans-h-h-hansen", 
    "urls": {
      "api": {
        "user": "https://api.kickstarter.com/v1/users/599786694?signature=1405310419.d10eba1d6306e26785d4dc97517e0b3669e07123"
      }, 
      "web": {
        "user": "https://www.kickstarter.com/profile/hans-h-h-hansen"
      }
    }
  }, 
  "currency": "GBP", 
  "currency_symbol": "\u00a3", 
  "currency_trailing_code": false, 
  "deadline": 1374417818, 
  "disable_communication": false, 
  "goal": 10000.0, 
  "id": 1088911660, 
  "launched_at": 1370890247, 
  "location": {
    "country": "DK", 
    "displayable_name": "Copenhagen, Denmark", 
    "id": 554890, 
    "name": "Copenhagen", 
    "short_name": "Copenhagen, Denmark", 
    "slug": "copenhagen-dk", 
    "state": "Hovedstaden", 
    "urls": {
      "api": {
        "nearby_projects": "https://api.kickstarter.com/v1/discover?signature=1405283931.b4e5ab66bdbab80ebd680cff4e8c10c55bb39b08&woe_id=554890"
      }, 
      "web": {
        "discover": "https://www.kickstarter.com/discover/places/copenhagen-dk", 
        "location": "https://www.kickstarter.com/locations/copenhagen-dk"
      }
    }
  }, 
  "name": "Shadows and Light", 
  "photo": {
    "1024x768": "https://s3.amazonaws.com/ksr/projects/525542/photo-1024x768.jpg?1397817216", 
    "1536x1152": "https://s3.amazonaws.com/ksr/projects/525542/photo-1536x1152.jpg?1397817216", 
    "ed": "https://s3.amazonaws.com/ksr/projects/525542/photo-ed.jpg?1397817216", 
    "full": "https://s3.amazonaws.com/ksr/projects/525542/photo-full.jpg?1397817216", 
    "little": "https://s3.amazonaws.com/ksr/projects/525542/photo-little.jpg?1397817216", 
    "med": "https://s3.amazonaws.com/ksr/projects/525542/photo-med.jpg?1397817216", 
    "small": "https://s3.amazonaws.com/ksr/projects/525542/photo-small.jpg?1397817216", 
    "thumb": "https://s3.amazonaws.com/ksr/projects/525542/photo-thumb.jpg?1397817216"
  }, 
  "pledged": 2319.37, 
  "slug": "shadows-and-lights", 
  "state": "failed", 
  "state_changed_at": 1374417818, 
  "urls": {
    "web": {
      "project": "https://www.kickstarter.com/projects/hans-h-h-hansen/shadows-and-lights", 
      "rewards": "https://www.kickstarter.com/projects/hans-h-h-hansen/shadows-and-lights/rewards"
    }
  }
}