{
  "backers_count": 8, 
  "blurb": "The first community engagement effort for the world's first 3D print shop company.", 
  "category": {
    "id": 16, 
    "name": "Technology", 
    "position": 14, 
    "slug": "technology", 
    "urls": {
      "web": {
        "discover": "http://www.kickstarter.com/discover/categories/technology"
      }
    }
  }, 
  "country": "US", 
  "created_at": 1342629520, 
  "creator": {
    "avatar": {
      "medium": "https://s3.amazonaws.com/ksr/avatars/3444032/7.medium.jpg?1349320149", 
      "small": "https://s3.amazonaws.com/ksr/avatars/3444032/7.small.jpg?1349320149", 
      "thumb": "https://s3.amazonaws.com/ksr/avatars/3444032/7.thumb.jpg?1349320149"
    }, 
    "id": 585102285, 
    "name": "Daniel Alder Riley", 
    "slug": "danielalderriley", 
    "urls": {
      "api": {
        "user": "https://api.kickstarter.com/v1/users/585102285?signature=1405310270.be05b0e4652658a6ed0bf9af113436853b189821"
      }, 
      "web": {
        "user": "https://www.kickstarter.com/profile/danielalderriley"
      }
    }
  }, 
  "currency": "USD", 
  "currency_symbol": "$", 
  "currency_trailing_code": true, 
  "deadline": 1349455633, 
  "disable_communication": false, 
  "goal": 568.0, 
  "id": 1088637164, 
  "launched_at": 1348850833, 
  "location": {
    "country": "US", 
    "displayable_name": "Poultney, VT", 
    "id": 2476019, 
    "name": "Poultney", 
    "short_name": "Poultney, VT", 
    "slug": "poultney-vt", 
    "state": "VT", 
    "urls": {
      "api": {
        "nearby_projects": "https://api.kickstarter.com/v1/discover?signature=1405284007.6504570bffecf9eeb7af9ec3745c1397a6ea019f&woe_id=2476019"
      }, 
      "web": {
        "discover": "https://www.kickstarter.com/discover/places/poultney-vt", 
        "location": "https://www.kickstarter.com/locations/poultney-vt"
      }
    }
  }, 
  "name": "3D print shops in Vermont, and soon near YOU!", 
  "photo": {
    "1024x768": "https://s3.amazonaws.com/ksr/projects/262911/photo-1024x768.jpg?1397790375", 
    "1536x1152": "https://s3.amazonaws.com/ksr/projects/262911/photo-1536x1152.jpg?1397790375", 
    "ed": "https://s3.amazonaws.com/ksr/projects/262911/photo-ed.jpg?1397790375", 
    "full": "https://s3.amazonaws.com/ksr/projects/262911/photo-full.jpg?1397790375", 
    "little": "https://s3.amazonaws.com/ksr/projects/262911/photo-little.jpg?1397790375", 
    "med": "https://s3.amazonaws.com/ksr/projects/262911/photo-med.jpg?1397790375", 
    "small": "https://s3.amazonaws.com/ksr/projects/262911/photo-small.jpg?1397790375", 
    "thumb": "https://s3.amazonaws.com/ksr/projects/262911/photo-thumb.jpg?1397790375"
  }, 
  "pledged": 810.0, 
  "slug": "3d-print-shops-in-vermont-and-soon-near-you", 
  "state": "successful", 
  "state_changed_at": 1349455633, 
  "urls": {
    "web": {
      "project": "https://www.kickstarter.com/projects/danielalderriley/3d-print-shops-in-vermont-and-soon-near-you", 
      "rewards": "https://www.kickstarter.com/projects/danielalderriley/3d-print-shops-in-vermont-and-soon-near-you/rewards"
    }
  }
}