{
  "backers_count": 67, 
  "blurb": "User customizable and reprogrammable LED flow toys. IR and Android wireless control. Create and add custom graphics, text and logos.", 
  "category": {
    "id": 52, 
    "name": "Hardware", 
    "parent_id": 16, 
    "position": 8, 
    "slug": "technology/hardware", 
    "urls": {
      "web": {
        "discover": "http://www.kickstarter.com/discover/categories/technology/hardware"
      }
    }
  }, 
  "country": "US", 
  "created_at": 1350764596, 
  "creator": {
    "avatar": {
      "medium": "https://s3.amazonaws.com/ksr/avatars/1584856/DSC_1652.medium.jpg?1353021813", 
      "small": "https://s3.amazonaws.com/ksr/avatars/1584856/DSC_1652.small.jpg?1353021813", 
      "thumb": "https://s3.amazonaws.com/ksr/avatars/1584856/DSC_1652.thumb.jpg?1353021813"
    }, 
    "id": 1706493453, 
    "name": "Lauren Shaw", 
    "slug": "spin-fx", 
    "urls": {
      "api": {
        "user": "https://api.kickstarter.com/v1/users/1706493453?signature=1405310173.f2d8a4f999d597bd465fb9f71a91d73a9954f723"
      }, 
      "web": {
        "user": "https://www.kickstarter.com/profile/spin-fx"
      }
    }
  }, 
  "currency": "USD", 
  "currency_symbol": "$", 
  "currency_trailing_code": true, 
  "deadline": 1357870930, 
  "disable_communication": false, 
  "goal": 10000.0, 
  "id": 1088399995, 
  "launched_at": 1355278930, 
  "location": {
    "country": "US", 
    "displayable_name": "Philadelphia, PA", 
    "id": 2471217, 
    "name": "Philadelphia", 
    "short_name": "Philadelphia, PA", 
    "slug": "philadelphia-pa", 
    "state": "PA", 
    "urls": {
      "api": {
        "nearby_projects": "https://api.kickstarter.com/v1/discover?signature=1405283922.f4d9556bc614530013e9f0c04bbddb4bfaee590d&woe_id=2471217"
      }, 
      "web": {
        "discover": "https://www.kickstarter.com/discover/places/philadelphia-pa", 
        "location": "https://www.kickstarter.com/locations/philadelphia-pa"
      }
    }
  }, 
  "name": "SpinFX: Persistence of Vision Poi and Phoenix LED Hoop", 
  "photo": {
    "1024x768": "https://s3.amazonaws.com/ksr/projects/371851/photo-1024x768.jpg?1397800929", 
    "1536x1152": "https://s3.amazonaws.com/ksr/projects/371851/photo-1536x1152.jpg?1397800929", 
    "ed": "https://s3.amazonaws.com/ksr/projects/371851/photo-ed.jpg?1397800929", 
    "full": "https://s3.amazonaws.com/ksr/projects/371851/photo-full.jpg?1397800929", 
    "little": "https://s3.amazonaws.com/ksr/projects/371851/photo-little.jpg?1397800929", 
    "med": "https://s3.amazonaws.com/ksr/projects/371851/photo-med.jpg?1397800929", 
    "small": "https://s3.amazonaws.com/ksr/projects/371851/photo-small.jpg?1397800929", 
    "thumb": "https://s3.amazonaws.com/ksr/projects/371851/photo-thumb.jpg?1397800929"
  }, 
  "pledged": 16689.8, 
  "slug": "spinfx-persistence-of-vision-poi-and-phoenix-led-h", 
  "state": "successful", 
  "state_changed_at": 1357870930, 
  "urls": {
    "web": {
      "project": "https://www.kickstarter.com/projects/spin-fx/spinfx-persistence-of-vision-poi-and-phoenix-led-h", 
      "rewards": "https://www.kickstarter.com/projects/spin-fx/spinfx-persistence-of-vision-poi-and-phoenix-led-h/rewards"
    }
  }
}