{
  "backers_count": 2, 
  "blurb": "Flights from just 1 cent?  Thats what we're making possible with this revolutionary new website FlightPenny.", 
  "category": {
    "id": 342, 
    "name": "Web", 
    "parent_id": 16, 
    "position": 15, 
    "slug": "technology/web", 
    "urls": {
      "web": {
        "discover": "http://www.kickstarter.com/discover/categories/technology/web"
      }
    }
  }, 
  "country": "AU", 
  "created_at": 1400580533, 
  "creator": {
    "avatar": {
      "medium": "https://s3.amazonaws.com/ksr/avatars/8089853/1387932906231.medium.jpg?1401758593", 
      "small": "https://s3.amazonaws.com/ksr/avatars/8089853/1387932906231.small.jpg?1401758593", 
      "thumb": "https://s3.amazonaws.com/ksr/avatars/8089853/1387932906231.thumb.jpg?1401758593"
    }, 
    "id": 1966604623, 
    "name": "Zac Darch", 
    "urls": {
      "api": {
        "user": "https://api.kickstarter.com/v1/users/1966604623?signature=1405310623.b748fa8a72f265d1e76a23fb4b8d10a173528d9f"
      }, 
      "web": {
        "user": "https://www.kickstarter.com/profile/1966604623"
      }
    }
  }, 
  "currency": "AUD", 
  "currency_symbol": "$", 
  "currency_trailing_code": true, 
  "deadline": 1402088235, 
  "disable_communication": false, 
  "goal": 4000.0, 
  "id": 1088864193, 
  "launched_at": 1400792235, 
  "location": {
    "country": "AU", 
    "displayable_name": "Brisbane, AU", 
    "id": 1100661, 
    "name": "Brisbane", 
    "short_name": "Brisbane, AU", 
    "slug": "brisbane-au", 
    "state": "QLD", 
    "urls": {
      "api": {
        "nearby_projects": "https://api.kickstarter.com/v1/discover?signature=1405283925.4a32ed2870f9ad7ea58cd1477144e602916c4c4a&woe_id=1100661"
      }, 
      "web": {
        "discover": "https://www.kickstarter.com/discover/places/brisbane-au", 
        "location": "https://www.kickstarter.com/locations/brisbane-au"
      }
    }
  }, 
  "name": "Help two young men start their dream (Canceled)", 
  "photo": {
    "1024x768": "https://s3.amazonaws.com/ksr/projects/1007926/photo-1024x768.jpg?1400580557", 
    "1536x1152": "https://s3.amazonaws.com/ksr/projects/1007926/photo-1536x1152.jpg?1400580557", 
    "ed": "https://s3.amazonaws.com/ksr/projects/1007926/photo-ed.jpg?1400580557", 
    "full": "https://s3.amazonaws.com/ksr/projects/1007926/photo-full.jpg?1400580557", 
    "little": "https://s3.amazonaws.com/ksr/projects/1007926/photo-little.jpg?1400580557", 
    "med": "https://s3.amazonaws.com/ksr/projects/1007926/photo-med.jpg?1400580557", 
    "small": "https://s3.amazonaws.com/ksr/projects/1007926/photo-small.jpg?1400580557", 
    "thumb": "https://s3.amazonaws.com/ksr/projects/1007926/photo-thumb.jpg?1400580557"
  }, 
  "pledged": 60.0, 
  "slug": "help-two-young-men-start-there-dream", 
  "state": "canceled", 
  "state_changed_at": 1401663026, 
  "urls": {
    "web": {
      "project": "https://www.kickstarter.com/projects/1966604623/help-two-young-men-start-there-dream", 
      "rewards": "https://www.kickstarter.com/projects/1966604623/help-two-young-men-start-there-dream/rewards"
    }
  }
}