{
  "backers_count": 10, 
  "blurb": "An optimally sized large 3D printer. Big enough to print large. Small enough to retain precision.", 
  "category": {
    "id": 52, 
    "name": "Hardware", 
    "parent_id": 16, 
    "position": 8, 
    "slug": "technology/hardware", 
    "urls": {
      "web": {
        "discover": "http://www.kickstarter.com/discover/categories/technology/hardware"
      }
    }
  }, 
  "country": "US", 
  "created_at": 1384385921, 
  "creator": {
    "avatar": {
      "medium": "https://s3.amazonaws.com/ksr/avatars/8716391/Kickstarter5.medium.jpg?1386289965", 
      "small": "https://s3.amazonaws.com/ksr/avatars/8716391/Kickstarter5.small.jpg?1386289965", 
      "thumb": "https://s3.amazonaws.com/ksr/avatars/8716391/Kickstarter5.thumb.jpg?1386289965"
    }, 
    "id": 64474555, 
    "name": "MendelCraft.com", 
    "urls": {
      "api": {
        "user": "https://api.kickstarter.com/v1/users/64474555?signature=1405310623.31f83968d725d37ffddbf6d0aa1a1c0bcd00b5c2"
      }, 
      "web": {
        "user": "https://www.kickstarter.com/profile/64474555"
      }
    }
  }, 
  "currency": "USD", 
  "currency_symbol": "$", 
  "currency_trailing_code": true, 
  "deadline": 1389998640, 
  "disable_communication": false, 
  "goal": 30000.0, 
  "id": 1089406888, 
  "launched_at": 1387408595, 
  "location": {
    "country": "US", 
    "displayable_name": "Rancho Cucamonga, CA", 
    "id": 2478522, 
    "name": "Rancho Cucamonga", 
    "short_name": "Rancho Cucamonga, CA", 
    "slug": "rancho-cucamonga-ca", 
    "state": "CA", 
    "urls": {
      "api": {
        "nearby_projects": "https://api.kickstarter.com/v1/discover?signature=1405284006.6db001c153ea2a538b34f38eb7a58587569a4ce8&woe_id=2478522"
      }, 
      "web": {
        "discover": "https://www.kickstarter.com/discover/places/rancho-cucamonga-ca", 
        "location": "https://www.kickstarter.com/locations/rancho-cucamonga-ca"
      }
    }
  }, 
  "name": "Large Format 3D Printer", 
  "photo": {
    "1024x768": "https://s3.amazonaws.com/ksr/projects/759154/photo-1024x768.jpg?1397856143", 
    "1536x1152": "https://s3.amazonaws.com/ksr/projects/759154/photo-1536x1152.jpg?1397856143", 
    "ed": "https://s3.amazonaws.com/ksr/projects/759154/photo-ed.jpg?1397856143", 
    "full": "https://s3.amazonaws.com/ksr/projects/759154/photo-full.jpg?1397856143", 
    "little": "https://s3.amazonaws.com/ksr/projects/759154/photo-little.jpg?1397856143", 
    "med": "https://s3.amazonaws.com/ksr/projects/759154/photo-med.jpg?1397856143", 
    "small": "https://s3.amazonaws.com/ksr/projects/759154/photo-small.jpg?1397856143", 
    "thumb": "https://s3.amazonaws.com/ksr/projects/759154/photo-thumb.jpg?1397856143"
  }, 
  "pledged": 55.0, 
  "slug": "large-format-3d-printer", 
  "state": "failed", 
  "state_changed_at": 1389998640, 
  "urls": {
    "web": {
      "project": "https://www.kickstarter.com/projects/64474555/large-format-3d-printer", 
      "rewards": "https://www.kickstarter.com/projects/64474555/large-format-3d-printer/rewards"
    }
  }
}