{
  "backers_count": 66, 
  "blurb": "Help us retire a laptop, buy a break&shear, and shelter our robot!", 
  "category": {
    "id": 16, 
    "name": "Technology", 
    "position": 14, 
    "slug": "technology", 
    "urls": {
      "web": {
        "discover": "http://www.kickstarter.com/discover/categories/technology"
      }
    }
  }, 
  "country": "US", 
  "created_at": 1390608285, 
  "creator": {
    "avatar": {
      "medium": "https://s3.amazonaws.com/ksr/avatars/9436819/fb_profile_picture.medium.jpg?1390966427", 
      "small": "https://s3.amazonaws.com/ksr/avatars/9436819/fb_profile_picture.small.jpg?1390966427", 
      "thumb": "https://s3.amazonaws.com/ksr/avatars/9436819/fb_profile_picture.thumb.jpg?1390966427"
    }, 
    "id": 1750140932, 
    "name": "Teresa Hu, Business Team Mentor", 
    "urls": {
      "api": {
        "user": "https://api.kickstarter.com/v1/users/1750140932?signature=1405310221.9e0964e8206102ad5ba41378320e5ffceab90372"
      }, 
      "web": {
        "user": "https://www.kickstarter.com/profile/1750140932"
      }
    }
  }, 
  "currency": "USD", 
  "currency_symbol": "$", 
  "currency_trailing_code": true, 
  "deadline": 1394668800, 
  "disable_communication": false, 
  "goal": 4000.0, 
  "id": 1089621746, 
  "launched_at": 1392091985, 
  "location": {
    "country": "US", 
    "displayable_name": "Kansas City, MO", 
    "id": 2430683, 
    "name": "Kansas City", 
    "short_name": "Kansas City, MO", 
    "slug": "kansas-city-mo", 
    "state": "MO", 
    "urls": {
      "api": {
        "nearby_projects": "https://api.kickstarter.com/v1/discover?signature=1405283925.ac5cdf6d93b3453d7d0bdc4ef22088232aed407f&woe_id=2430683"
      }, 
      "web": {
        "discover": "https://www.kickstarter.com/discover/places/kansas-city-mo", 
        "location": "https://www.kickstarter.com/locations/kansas-city-mo"
      }
    }
  }, 
  "name": "Lincoln College Prep FIRST Robotics Team - Tigerbytes 1775", 
  "photo": {
    "1024x768": "https://s3.amazonaws.com/ksr/projects/843649/photo-1024x768.jpg?1397865177", 
    "1536x1152": "https://s3.amazonaws.com/ksr/projects/843649/photo-1536x1152.jpg?1397865177", 
    "ed": "https://s3.amazonaws.com/ksr/projects/843649/photo-ed.jpg?1397865177", 
    "full": "https://s3.amazonaws.com/ksr/projects/843649/photo-full.jpg?1397865177", 
    "little": "https://s3.amazonaws.com/ksr/projects/843649/photo-little.jpg?1397865177", 
    "med": "https://s3.amazonaws.com/ksr/projects/843649/photo-med.jpg?1397865177", 
    "small": "https://s3.amazonaws.com/ksr/projects/843649/photo-small.jpg?1397865177", 
    "thumb": "https://s3.amazonaws.com/ksr/projects/843649/photo-thumb.jpg?1397865177"
  }, 
  "pledged": 4498.0, 
  "slug": "lincoln-college-prep-first-robotics-team-tigerbyte", 
  "state": "successful", 
  "state_changed_at": 1394668816, 
  "urls": {
    "web": {
      "project": "https://www.kickstarter.com/projects/1750140932/lincoln-college-prep-first-robotics-team-tigerbyte", 
      "rewards": "https://www.kickstarter.com/projects/1750140932/lincoln-college-prep-first-robotics-team-tigerbyte/rewards"
    }
  }
}