{
  "backers_count": 321, 
  "blurb": "We're building a full size rocket motor for our Hermes Spacecraft.  Help us Kickstart the next generation of space travel!", 
  "category": {
    "id": 340, 
    "name": "Space Exploration", 
    "parent_id": 16, 
    "position": 13, 
    "slug": "technology/space exploration", 
    "urls": {
      "web": {
        "discover": "http://www.kickstarter.com/discover/categories/technology/space%20exploration"
      }
    }
  }, 
  "country": "US", 
  "created_at": 1330921953, 
  "creator": {
    "avatar": {
      "medium": "https://s3.amazonaws.com/ksr/avatars/2158929/hermes_over_earth.medium.jpg?1362548283", 
      "small": "https://s3.amazonaws.com/ksr/avatars/2158929/hermes_over_earth.small.jpg?1362548283", 
      "thumb": "https://s3.amazonaws.com/ksr/avatars/2158929/hermes_over_earth.thumb.jpg?1362548283"
    }, 
    "id": 833241952, 
    "name": "STAR Systems", 
    "slug": "hermesspace", 
    "urls": {
      "api": {
        "user": "https://api.kickstarter.com/v1/users/833241952?signature=1405310161.77ca5359f842bed2114c638615cf5597c1b61603"
      }, 
      "web": {
        "user": "https://www.kickstarter.com/profile/hermesspace"
      }
    }
  }, 
  "currency": "USD", 
  "currency_symbol": "$", 
  "currency_trailing_code": true, 
  "deadline": 1335662023, 
  "disable_communication": false, 
  "goal": 20000.0, 
  "id": 1089584250, 
  "launched_at": 1333070023, 
  "location": {
    "country": "US", 
    "displayable_name": "Phoenix, AZ", 
    "id": 2471390, 
    "name": "Phoenix", 
    "short_name": "Phoenix, AZ", 
    "slug": "phoenix-az", 
    "state": "AZ", 
    "urls": {
      "api": {
        "nearby_projects": "https://api.kickstarter.com/v1/discover?signature=1405283925.2a7b7c1c0ee08cb76b133895ad16f1f4d051a48f&woe_id=2471390"
      }, 
      "web": {
        "discover": "https://www.kickstarter.com/discover/places/phoenix-az", 
        "location": "https://www.kickstarter.com/locations/phoenix-az"
      }
    }
  }, 
  "name": "Hermes Spacecraft", 
  "photo": {
    "1024x768": "https://s3.amazonaws.com/ksr/projects/88693/photo-1024x768.jpg?1397773032", 
    "1536x1152": "https://s3.amazonaws.com/ksr/projects/88693/photo-1536x1152.jpg?1397773032", 
    "ed": "https://s3.amazonaws.com/ksr/projects/88693/photo-ed.jpg?1397773032", 
    "full": "https://s3.amazonaws.com/ksr/projects/88693/photo-full.jpg?1397773032", 
    "little": "https://s3.amazonaws.com/ksr/projects/88693/photo-little.jpg?1397773032", 
    "med": "https://s3.amazonaws.com/ksr/projects/88693/photo-med.jpg?1397773032", 
    "small": "https://s3.amazonaws.com/ksr/projects/88693/photo-small.jpg?1397773032", 
    "thumb": "https://s3.amazonaws.com/ksr/projects/88693/photo-thumb.jpg?1397773032"
  }, 
  "pledged": 20843.6, 
  "slug": "hermes-spacecraft", 
  "state": "successful", 
  "state_changed_at": 1335662023, 
  "urls": {
    "web": {
      "project": "https://www.kickstarter.com/projects/hermesspace/hermes-spacecraft", 
      "rewards": "https://www.kickstarter.com/projects/hermesspace/hermes-spacecraft/rewards"
    }
  }
}