{
  "backers_count": 31, 
  "blurb": "A highly configurable tracked robot kit built around the Xilinx Spartan 6 FPGA.", 
  "category": {
    "id": 52, 
    "name": "Hardware", 
    "parent_id": 16, 
    "position": 8, 
    "slug": "technology/hardware", 
    "urls": {
      "web": {
        "discover": "http://www.kickstarter.com/discover/categories/technology/hardware"
      }
    }
  }, 
  "country": "US", 
  "created_at": 1389127086, 
  "creator": {
    "avatar": {
      "medium": "https://s3.amazonaws.com/ksr/avatars/9271448/SLI.medium.jpg?1399305956", 
      "small": "https://s3.amazonaws.com/ksr/avatars/9271448/SLI.small.jpg?1399305956", 
      "thumb": "https://s3.amazonaws.com/ksr/avatars/9271448/SLI.thumb.jpg?1399305956"
    }, 
    "id": 989837359, 
    "name": "Shane Lewis", 
    "urls": {
      "api": {
        "user": "https://api.kickstarter.com/v1/users/989837359?signature=1405310400.c620ef5ce29fa4d796e54b9989805afb1c8bbe02"
      }, 
      "web": {
        "user": "https://www.kickstarter.com/profile/989837359"
      }
    }
  }, 
  "currency": "USD", 
  "currency_symbol": "$", 
  "currency_trailing_code": true, 
  "deadline": 1397337259, 
  "disable_communication": false, 
  "goal": 87000.0, 
  "id": 1089499674, 
  "launched_at": 1394745259, 
  "location": {
    "country": "US", 
    "displayable_name": "Chandler, AZ", 
    "id": 2378015, 
    "name": "Chandler", 
    "short_name": "Chandler, AZ", 
    "slug": "chandler-az", 
    "state": "AZ", 
    "urls": {
      "api": {
        "nearby_projects": "https://api.kickstarter.com/v1/discover?signature=1405283984.5ce08f92d63cd11719a3ca5250fbc97e41eff913&woe_id=2378015"
      }, 
      "web": {
        "discover": "https://www.kickstarter.com/discover/places/chandler-az", 
        "location": "https://www.kickstarter.com/locations/chandler-az"
      }
    }
  }, 
  "name": "Logitraxx - Xilinx FPGA Powered Tracked Robot", 
  "photo": {
    "1024x768": "https://s3.amazonaws.com/ksr/projects/820474/photo-1024x768.jpg?1397862789", 
    "1536x1152": "https://s3.amazonaws.com/ksr/projects/820474/photo-1536x1152.jpg?1397862789", 
    "ed": "https://s3.amazonaws.com/ksr/projects/820474/photo-ed.jpg?1397862789", 
    "full": "https://s3.amazonaws.com/ksr/projects/820474/photo-full.jpg?1397862789", 
    "little": "https://s3.amazonaws.com/ksr/projects/820474/photo-little.jpg?1397862789", 
    "med": "https://s3.amazonaws.com/ksr/projects/820474/photo-med.jpg?1397862789", 
    "small": "https://s3.amazonaws.com/ksr/projects/820474/photo-small.jpg?1397862789", 
    "thumb": "https://s3.amazonaws.com/ksr/projects/820474/photo-thumb.jpg?1397862789"
  }, 
  "pledged": 4974.0, 
  "slug": "logitraxx-xilinx-fpga-powered-tracked-robot", 
  "state": "failed", 
  "state_changed_at": 1397337312, 
  "urls": {
    "web": {
      "project": "https://www.kickstarter.com/projects/989837359/logitraxx-xilinx-fpga-powered-tracked-robot", 
      "rewards": "https://www.kickstarter.com/projects/989837359/logitraxx-xilinx-fpga-powered-tracked-robot/rewards"
    }
  }
}