{
  "backers_count": 1188, 
  "blurb": "From the inventor of the award winning toys. This kit lets you build your own robot!  Easy enough for novices, cool enough for anyone!", 
  "category": {
    "id": 52, 
    "name": "Hardware", 
    "parent_id": 16, 
    "position": 8, 
    "slug": "technology/hardware", 
    "urls": {
      "web": {
        "discover": "http://www.kickstarter.com/discover/categories/technology/hardware"
      }
    }
  }, 
  "country": "US", 
  "created_at": 1369585202, 
  "creator": {
    "avatar": {
      "medium": "https://s3.amazonaws.com/ksr/avatars/6719580/erase.medium.jpg?1370633597", 
      "small": "https://s3.amazonaws.com/ksr/avatars/6719580/erase.small.jpg?1370633597", 
      "thumb": "https://s3.amazonaws.com/ksr/avatars/6719580/erase.thumb.jpg?1370633597"
    }, 
    "id": 1089105581, 
    "name": "Jaimie Mantzel", 
    "urls": {
      "api": {
        "user": "https://api.kickstarter.com/v1/users/1089105581?signature=1405310330.119463b24686dd01c224a427bda4932414777364"
      }, 
      "web": {
        "user": "https://www.kickstarter.com/profile/1089105581"
      }
    }
  }, 
  "currency": "USD", 
  "currency_symbol": "$", 
  "currency_trailing_code": true, 
  "deadline": 1376527685, 
  "disable_communication": false, 
  "goal": 350000.0, 
  "id": 1089227217, 
  "launched_at": 1373935685, 
  "location": {
    "country": "US", 
    "displayable_name": "South Royalton, VT", 
    "id": 2496708, 
    "name": "South Royalton", 
    "short_name": "South Royalton, VT", 
    "slug": "south-royalton-vt", 
    "state": "VT", 
    "urls": {
      "api": {
        "nearby_projects": "https://api.kickstarter.com/v1/discover?signature=1405284161.12105a2b7fb73d3a8e480fa9f62d3a41803c7b0f&woe_id=2496708"
      }, 
      "web": {
        "discover": "https://www.kickstarter.com/discover/places/south-royalton-vt", 
        "location": "https://www.kickstarter.com/locations/south-royalton-vt"
      }
    }
  }, 
  "name": "The Greatest Toy KIT in the Universe!  Spider Tank Mark 6", 
  "photo": {
    "1024x768": "https://s3.amazonaws.com/ksr/projects/569578/photo-1024x768.jpg?1397822005", 
    "1536x1152": "https://s3.amazonaws.com/ksr/projects/569578/photo-1536x1152.jpg?1397822005", 
    "ed": "https://s3.amazonaws.com/ksr/projects/569578/photo-ed.jpg?1397822005", 
    "full": "https://s3.amazonaws.com/ksr/projects/569578/photo-full.jpg?1397822005", 
    "little": "https://s3.amazonaws.com/ksr/projects/569578/photo-little.jpg?1397822005", 
    "med": "https://s3.amazonaws.com/ksr/projects/569578/photo-med.jpg?1397822005", 
    "small": "https://s3.amazonaws.com/ksr/projects/569578/photo-small.jpg?1397822005", 
    "thumb": "https://s3.amazonaws.com/ksr/projects/569578/photo-thumb.jpg?1397822005"
  }, 
  "pledged": 121633.12, 
  "slug": "the-greatest-toy-kit-in-the-universe-spider-tank-m", 
  "state": "failed", 
  "state_changed_at": 1376527686, 
  "urls": {
    "web": {
      "project": "https://www.kickstarter.com/projects/1089105581/the-greatest-toy-kit-in-the-universe-spider-tank-m", 
      "rewards": "https://www.kickstarter.com/projects/1089105581/the-greatest-toy-kit-in-the-universe-spider-tank-m/rewards"
    }
  }
}