{
  "backers_count": 14, 
  "blurb": "Manage and reach your goals. Do more with your day without losing sight of what's important. Connect with other creatives like you.", 
  "category": {
    "id": 16, 
    "name": "Technology", 
    "position": 14, 
    "slug": "technology", 
    "urls": {
      "web": {
        "discover": "http://www.kickstarter.com/discover/categories/technology"
      }
    }
  }, 
  "country": "US", 
  "created_at": 1395856795, 
  "creator": {
    "avatar": {
      "medium": "https://s3.amazonaws.com/ksr/avatars/390959/mei-tinyhands-square.medium.jpg?1396123869", 
      "small": "https://s3.amazonaws.com/ksr/avatars/390959/mei-tinyhands-square.small.jpg?1396123869", 
      "thumb": "https://s3.amazonaws.com/ksr/avatars/390959/mei-tinyhands-square.thumb.jpg?1396123869"
    }, 
    "id": 442742612, 
    "name": "Mei Pak", 
    "slug": "tinyhands", 
    "urls": {
      "api": {
        "user": "https://api.kickstarter.com/v1/users/442742612?signature=1405310543.c94cd2894c14a5d0483e76c8af3ddc6bee0a2c12"
      }, 
      "web": {
        "user": "https://www.kickstarter.com/profile/tinyhands"
      }
    }
  }, 
  "currency": "USD", 
  "currency_symbol": "$", 
  "currency_trailing_code": true, 
  "deadline": 1400785675, 
  "disable_communication": false, 
  "goal": 6000.0, 
  "id": 1089754218, 
  "launched_at": 1398193675, 
  "location": {
    "country": "US", 
    "displayable_name": "Minneapolis, MN", 
    "id": 2452078, 
    "name": "Minneapolis", 
    "short_name": "Minneapolis, MN", 
    "slug": "minneapolis-mn", 
    "state": "MN", 
    "urls": {
      "api": {
        "nearby_projects": "https://api.kickstarter.com/v1/discover?signature=1405283924.5ee4b093538f11a1fbd2c7c92ad0de4e046177b1&woe_id=2452078"
      }, 
      "web": {
        "discover": "https://www.kickstarter.com/discover/places/minneapolis-mn", 
        "location": "https://www.kickstarter.com/locations/minneapolis-mn"
      }
    }
  }, 
  "name": "Craftivity: goal setting and productivity app for creatives", 
  "photo": {
    "1024x768": "https://s3.amazonaws.com/ksr/projects/925372/photo-1024x768.jpg?1398287524", 
    "1536x1152": "https://s3.amazonaws.com/ksr/projects/925372/photo-1536x1152.jpg?1398287524", 
    "ed": "https://s3.amazonaws.com/ksr/projects/925372/photo-ed.jpg?1398287524", 
    "full": "https://s3.amazonaws.com/ksr/projects/925372/photo-full.jpg?1398287524", 
    "little": "https://s3.amazonaws.com/ksr/projects/925372/photo-little.jpg?1398287524", 
    "med": "https://s3.amazonaws.com/ksr/projects/925372/photo-med.jpg?1398287524", 
    "small": "https://s3.amazonaws.com/ksr/projects/925372/photo-small.jpg?1398287524", 
    "thumb": "https://s3.amazonaws.com/ksr/projects/925372/photo-thumb.jpg?1398287524"
  }, 
  "pledged": 454.0, 
  "slug": "craftivity-goal-setting-and-productivity-app-for-c", 
  "state": "failed", 
  "state_changed_at": 1400785675, 
  "urls": {
    "web": {
      "project": "https://www.kickstarter.com/projects/tinyhands/craftivity-goal-setting-and-productivity-app-for-c", 
      "rewards": "https://www.kickstarter.com/projects/tinyhands/craftivity-goal-setting-and-productivity-app-for-c/rewards"
    }
  }
}