{
  "backers_count": 1, 
  "blurb": "Creating a unique camera clicker and viewer that allows full remote control of another iPhone's camera app via bluetooth connection.", 
  "category": {
    "id": 332, 
    "name": "Apps", 
    "parent_id": 16, 
    "position": 2, 
    "slug": "technology/apps", 
    "urls": {
      "web": {
        "discover": "http://www.kickstarter.com/discover/categories/technology/apps"
      }
    }
  }, 
  "country": "AU", 
  "created_at": 1405060370, 
  "creator": {
    "avatar": {
      "medium": "https://s3.amazonaws.com/ksr/avatars/11352827/fb_profile_picture.medium.jpg?1404991840", 
      "small": "https://s3.amazonaws.com/ksr/avatars/11352827/fb_profile_picture.small.jpg?1404991840", 
      "thumb": "https://s3.amazonaws.com/ksr/avatars/11352827/fb_profile_picture.thumb.jpg?1404991840"
    }, 
    "id": 194654914, 
    "name": "Klay", 
    "urls": {
      "api": {
        "user": "https://api.kickstarter.com/v1/users/194654914?signature=1405310297.466c4830e331260c86529f2647f1a4f7e41e26a5"
      }, 
      "web": {
        "user": "https://www.kickstarter.com/profile/194654914"
      }
    }
  }, 
  "currency": "AUD", 
  "currency_symbol": "$", 
  "currency_trailing_code": true, 
  "deadline": 1407802534, 
  "disable_communication": false, 
  "goal": 3000.0, 
  "id": 1089370163, 
  "launched_at": 1405210534, 
  "location": {
    "country": "AU", 
    "displayable_name": "Adelaide, AU", 
    "id": 1099805, 
    "name": "Adelaide", 
    "short_name": "Adelaide, AU", 
    "slug": "adelaide-sa-au", 
    "state": "SA", 
    "urls": {
      "api": {
        "nearby_projects": "https://api.kickstarter.com/v1/discover?signature=1405283926.69e77717f03fb1af5ad92934f433dfc0d2831f54&woe_id=1099805"
      }, 
      "web": {
        "discover": "https://www.kickstarter.com/discover/places/adelaide-sa-au", 
        "location": "https://www.kickstarter.com/locations/adelaide-sa-au"
      }
    }
  }, 
  "name": "Remote Bluetooth Camera Viewer", 
  "photo": {
    "1024x768": "https://s3.amazonaws.com/ksr/projects/1136807/photo-1024x768.jpg?1405060408", 
    "1536x1152": "https://s3.amazonaws.com/ksr/projects/1136807/photo-1536x1152.jpg?1405060408", 
    "ed": "https://s3.amazonaws.com/ksr/projects/1136807/photo-ed.jpg?1405060408", 
    "full": "https://s3.amazonaws.com/ksr/projects/1136807/photo-full.jpg?1405060408", 
    "little": "https://s3.amazonaws.com/ksr/projects/1136807/photo-little.jpg?1405060408", 
    "med": "https://s3.amazonaws.com/ksr/projects/1136807/photo-med.jpg?1405060408", 
    "small": "https://s3.amazonaws.com/ksr/projects/1136807/photo-small.jpg?1405060408", 
    "thumb": "https://s3.amazonaws.com/ksr/projects/1136807/photo-thumb.jpg?1405060408"
  }, 
  "pledged": 20.0, 
  "slug": "remote-bluetooth-camera-viewer", 
  "state": "live", 
  "state_changed_at": 1405210534, 
  "urls": {
    "web": {
      "project": "https://www.kickstarter.com/projects/194654914/remote-bluetooth-camera-viewer", 
      "rewards": "https://www.kickstarter.com/projects/194654914/remote-bluetooth-camera-viewer/rewards"
    }
  }
}