{
  "backers_count": 1005, 
  "blurb": "Polymakr brings to you 3 entirely new printing materials that greatly extend what you can do with your desktop 3D printer.", 
  "category": {
    "id": 331, 
    "name": "3D Printing", 
    "parent_id": 16, 
    "position": 1, 
    "slug": "technology/3d printing", 
    "urls": {
      "web": {
        "discover": "http://www.kickstarter.com/discover/categories/technology/3d%20printing"
      }
    }
  }, 
  "country": "US", 
  "created_at": 1393508528, 
  "creator": {
    "avatar": {
      "medium": "https://s3.amazonaws.com/ksr/avatars/9779831/POLYMAKR_3D_LOGO.medium.jpg?1393508431", 
      "small": "https://s3.amazonaws.com/ksr/avatars/9779831/POLYMAKR_3D_LOGO.small.jpg?1393508431", 
      "thumb": "https://s3.amazonaws.com/ksr/avatars/9779831/POLYMAKR_3D_LOGO.thumb.jpg?1393508431"
    }, 
    "id": 1981875718, 
    "name": "Polymakr", 
    "urls": {
      "api": {
        "user": "https://api.kickstarter.com/v1/users/1981875718?signature=1405310097.98e6ad4059a461c9947044f5b0a4863ef8feec3e"
      }, 
      "web": {
        "user": "https://www.kickstarter.com/profile/1981875718"
      }
    }
  }, 
  "currency": "USD", 
  "currency_symbol": "$", 
  "currency_trailing_code": true, 
  "deadline": 1397401254, 
  "disable_communication": false, 
  "goal": 25000.0, 
  "id": 109042333, 
  "launched_at": 1394809254, 
  "location": {
    "country": "CN", 
    "displayable_name": "Shanghai, China", 
    "id": 2151849, 
    "name": "Shanghai", 
    "short_name": "Shanghai, China", 
    "slug": "shanghai-cn", 
    "state": "Shanghai", 
    "urls": {
      "api": {
        "nearby_projects": "https://api.kickstarter.com/v1/discover?signature=1405283937.f33d4198eeebcc64017235568bc89abe0dd69cad&woe_id=2151849"
      }, 
      "web": {
        "discover": "https://www.kickstarter.com/discover/places/shanghai-cn", 
        "location": "https://www.kickstarter.com/locations/shanghai-cn"
      }
    }
  }, 
  "name": "Polymakr: Entirely New Materials for Desktop 3D Printing", 
  "photo": {
    "1024x768": "https://s3.amazonaws.com/ksr/projects/887260/photo-1024x768.jpg?1397869800", 
    "1536x1152": "https://s3.amazonaws.com/ksr/projects/887260/photo-1536x1152.jpg?1397869800", 
    "ed": "https://s3.amazonaws.com/ksr/projects/887260/photo-ed.jpg?1397869800", 
    "full": "https://s3.amazonaws.com/ksr/projects/887260/photo-full.jpg?1397869800", 
    "little": "https://s3.amazonaws.com/ksr/projects/887260/photo-little.jpg?1397869800", 
    "med": "https://s3.amazonaws.com/ksr/projects/887260/photo-med.jpg?1397869800", 
    "small": "https://s3.amazonaws.com/ksr/projects/887260/photo-small.jpg?1397869800", 
    "thumb": "https://s3.amazonaws.com/ksr/projects/887260/photo-thumb.jpg?1397869800"
  }, 
  "pledged": 100999.63, 
  "slug": "polymakr-entirely-new-materials-for-desktop-3d-pri", 
  "state": "successful", 
  "state_changed_at": 1397401254, 
  "urls": {
    "web": {
      "project": "https://www.kickstarter.com/projects/1981875718/polymakr-entirely-new-materials-for-desktop-3d-pri", 
      "rewards": "https://www.kickstarter.com/projects/1981875718/polymakr-entirely-new-materials-for-desktop-3d-pri/rewards"
    }
  }
}