{
  "backers_count": 0, 
  "blurb": "When funded! YeeFox browser help controlled online privacy with website that engage in tagging and tracking users (spying for free). ", 
  "category": {
    "id": 51, 
    "name": "Software", 
    "parent_id": 16, 
    "position": 11, 
    "slug": "technology/software", 
    "urls": {
      "web": {
        "discover": "http://www.kickstarter.com/discover/categories/technology/software"
      }
    }
  }, 
  "country": "US", 
  "created_at": 1286843724, 
  "creator": {
    "avatar": {
      "medium": "https://s3.amazonaws.com/ksr/avatars/330362/Nslc_015.medium.jpg?1288678195", 
      "small": "https://s3.amazonaws.com/ksr/avatars/330362/Nslc_015.small.jpg?1288678195", 
      "thumb": "https://s3.amazonaws.com/ksr/avatars/330362/Nslc_015.thumb.jpg?1288678195"
    }, 
    "id": 1856935572, 
    "name": "L Blackman", 
    "slug": "yeefox", 
    "urls": {
      "api": {
        "user": "https://api.kickstarter.com/v1/users/1856935572?signature=1405310671.180251d4d747321ef00d2113e100ec35081c34c7"
      }, 
      "web": {
        "user": "https://www.kickstarter.com/profile/yeefox"
      }
    }
  }, 
  "currency": "USD", 
  "currency_symbol": "$", 
  "currency_trailing_code": true, 
  "deadline": 1294925490, 
  "disable_communication": false, 
  "goal": 12000.0, 
  "id": 1090932485, 
  "launched_at": 1287145890, 
  "location": {
    "country": "US", 
    "displayable_name": "Brooklyn, NY", 
    "id": 12589335, 
    "name": "Brooklyn", 
    "short_name": "Brooklyn, NY", 
    "slug": "brooklyn-ny", 
    "state": "NY", 
    "urls": {
      "api": {
        "nearby_projects": "https://api.kickstarter.com/v1/discover?signature=1405283922.3a1f777a5dd590d87316858ddc36b00ab619dde8&woe_id=12589335"
      }, 
      "web": {
        "discover": "https://www.kickstarter.com/discover/places/brooklyn-ny", 
        "location": "https://www.kickstarter.com/locations/brooklyn-ny"
      }
    }
  }, 
  "name": "YeeFox: Give users controlle over web privacy. ", 
  "photo": {
    "1024x768": "https://s3.amazonaws.com/ksr/projects/13390/photo-1024x768.jpg?1397759374", 
    "1536x1152": "https://s3.amazonaws.com/ksr/projects/13390/photo-1536x1152.jpg?1397759374", 
    "ed": "https://s3.amazonaws.com/ksr/projects/13390/photo-ed.jpg?1397759374", 
    "full": "https://s3.amazonaws.com/ksr/projects/13390/photo-full.jpg?1397759374", 
    "little": "https://s3.amazonaws.com/ksr/projects/13390/photo-little.jpg?1397759374", 
    "med": "https://s3.amazonaws.com/ksr/projects/13390/photo-med.jpg?1397759374", 
    "small": "https://s3.amazonaws.com/ksr/projects/13390/photo-small.jpg?1397759374", 
    "thumb": "https://s3.amazonaws.com/ksr/projects/13390/photo-thumb.jpg?1397759374"
  }, 
  "pledged": 0.0, 
  "slug": "yeefox-give-users-controlled-of-web-tagging-and-tr-0", 
  "state": "failed", 
  "state_changed_at": 1294925494, 
  "urls": {
    "web": {
      "project": "https://www.kickstarter.com/projects/yeefox/yeefox-give-users-controlled-of-web-tagging-and-tr-0", 
      "rewards": "https://www.kickstarter.com/projects/yeefox/yeefox-give-users-controlled-of-web-tagging-and-tr-0/rewards"
    }
  }
}