{
  "backers_count": 12, 
  "blurb": "4 square wave oscillators passing thru a low-pass filter.\nMakes droney spacey sounds, hence the name Space Drone.", 
  "category": {
    "id": 16, 
    "name": "Technology", 
    "position": 14, 
    "slug": "technology", 
    "urls": {
      "web": {
        "discover": "http://www.kickstarter.com/discover/categories/technology"
      }
    }
  }, 
  "country": "US", 
  "created_at": 1352241254, 
  "creator": {
    "avatar": {
      "medium": "https://s3.amazonaws.com/ksr/avatars/4585255/Meattheoffice.medium.jpg?1352953226", 
      "small": "https://s3.amazonaws.com/ksr/avatars/4585255/Meattheoffice.small.jpg?1352953226", 
      "thumb": "https://s3.amazonaws.com/ksr/avatars/4585255/Meattheoffice.thumb.jpg?1352953226"
    }, 
    "id": 706888163, 
    "name": "Ray Sleeper", 
    "urls": {
      "api": {
        "user": "https://api.kickstarter.com/v1/users/706888163?signature=1405310519.04a97a7ca17bc66eb38898221e9cc2f15aca1d66"
      }, 
      "web": {
        "user": "https://www.kickstarter.com/profile/706888163"
      }
    }
  }, 
  "currency": "USD", 
  "currency_symbol": "$", 
  "currency_trailing_code": true, 
  "deadline": 1356566479, 
  "disable_communication": false, 
  "goal": 4200.0, 
  "id": 1090126243, 
  "launched_at": 1353974479, 
  "location": {
    "country": "US", 
    "displayable_name": "San Jose, CA", 
    "id": 2488042, 
    "name": "San Jose", 
    "short_name": "San Jose, CA", 
    "slug": "san-jose-ca", 
    "state": "CA", 
    "urls": {
      "api": {
        "nearby_projects": "https://api.kickstarter.com/v1/discover?signature=1405283925.2ce4396cf27276664beee3de6d4e234fb1809980&woe_id=2488042"
      }, 
      "web": {
        "discover": "https://www.kickstarter.com/discover/places/san-jose-ca", 
        "location": "https://www.kickstarter.com/locations/san-jose-ca"
      }
    }
  }, 
  "name": "Space Drone", 
  "photo": {
    "1024x768": "https://s3.amazonaws.com/ksr/projects/385571/photo-1024x768.jpg?1397802374", 
    "1536x1152": "https://s3.amazonaws.com/ksr/projects/385571/photo-1536x1152.jpg?1397802374", 
    "ed": "https://s3.amazonaws.com/ksr/projects/385571/photo-ed.jpg?1397802374", 
    "full": "https://s3.amazonaws.com/ksr/projects/385571/photo-full.jpg?1397802374", 
    "little": "https://s3.amazonaws.com/ksr/projects/385571/photo-little.jpg?1397802374", 
    "med": "https://s3.amazonaws.com/ksr/projects/385571/photo-med.jpg?1397802374", 
    "small": "https://s3.amazonaws.com/ksr/projects/385571/photo-small.jpg?1397802374", 
    "thumb": "https://s3.amazonaws.com/ksr/projects/385571/photo-thumb.jpg?1397802374"
  }, 
  "pledged": 720.0, 
  "slug": "space-drone", 
  "state": "failed", 
  "state_changed_at": 1356566479, 
  "urls": {
    "web": {
      "project": "https://www.kickstarter.com/projects/706888163/space-drone", 
      "rewards": "https://www.kickstarter.com/projects/706888163/space-drone/rewards"
    }
  }
}