{
  "backers_count": 0, 
  "blurb": "This application will notify customers an ice cream truck is in their area, and show the street location for the vendor.", 
  "category": {
    "id": 332, 
    "name": "Apps", 
    "parent_id": 16, 
    "position": 2, 
    "slug": "technology/apps", 
    "urls": {
      "web": {
        "discover": "http://www.kickstarter.com/discover/categories/technology/apps"
      }
    }
  }, 
  "country": "US", 
  "created_at": 1404774518, 
  "creator": {
    "avatar": {
      "medium": "https://s3.amazonaws.com/ksr/avatars/11270535/fb_profile_picture.medium.jpg?1404774501", 
      "small": "https://s3.amazonaws.com/ksr/avatars/11270535/fb_profile_picture.small.jpg?1404774501", 
      "thumb": "https://s3.amazonaws.com/ksr/avatars/11270535/fb_profile_picture.thumb.jpg?1404774501"
    }, 
    "id": 1370958679, 
    "name": "Matt Radix", 
    "urls": {
      "api": {
        "user": "https://api.kickstarter.com/v1/users/1370958679?signature=1405310314.ce6598636c2f059625df1041478ecfcd567e39e3"
      }, 
      "web": {
        "user": "https://www.kickstarter.com/profile/1370958679"
      }
    }
  }, 
  "currency": "USD", 
  "currency_symbol": "$", 
  "currency_trailing_code": true, 
  "deadline": 1407615282, 
  "disable_communication": false, 
  "goal": 3000.0, 
  "id": 109282578, 
  "launched_at": 1405023282, 
  "location": {
    "country": "US", 
    "displayable_name": "Ocean Springs, MS", 
    "id": 2464094, 
    "name": "Ocean Springs", 
    "short_name": "Ocean Springs, MS", 
    "slug": "ocean-springs-ms", 
    "state": "MS", 
    "urls": {
      "api": {
        "nearby_projects": "https://api.kickstarter.com/v1/discover?signature=1405283974.ba021bd292b6fc76d281d58e88b3e1d14468cd9a&woe_id=2464094"
      }, 
      "web": {
        "discover": "https://www.kickstarter.com/discover/places/ocean-springs-ms", 
        "location": "https://www.kickstarter.com/locations/ocean-springs-ms"
      }
    }
  }, 
  "name": "Hey Ice Cream Truck!", 
  "photo": {
    "1024x768": "https://s3.amazonaws.com/ksr/projects/1084227/photo-1024x768.jpg?1404774587", 
    "1536x1152": "https://s3.amazonaws.com/ksr/projects/1084227/photo-1536x1152.jpg?1404774587", 
    "ed": "https://s3.amazonaws.com/ksr/projects/1084227/photo-ed.jpg?1404774587", 
    "full": "https://s3.amazonaws.com/ksr/projects/1084227/photo-full.jpg?1404774587", 
    "little": "https://s3.amazonaws.com/ksr/projects/1084227/photo-little.jpg?1404774587", 
    "med": "https://s3.amazonaws.com/ksr/projects/1084227/photo-med.jpg?1404774587", 
    "small": "https://s3.amazonaws.com/ksr/projects/1084227/photo-small.jpg?1404774587", 
    "thumb": "https://s3.amazonaws.com/ksr/projects/1084227/photo-thumb.jpg?1404774587"
  }, 
  "pledged": 0.0, 
  "slug": "hey-ice-cream-truck", 
  "state": "live", 
  "state_changed_at": 1405023282, 
  "urls": {
    "web": {
      "project": "https://www.kickstarter.com/projects/1370958679/hey-ice-cream-truck", 
      "rewards": "https://www.kickstarter.com/projects/1370958679/hey-ice-cream-truck/rewards"
    }
  }
}