{
  "backers_count": 0, 
  "blurb": "Use open source software!", 
  "category": {
    "id": 51, 
    "name": "Software", 
    "parent_id": 16, 
    "position": 11, 
    "slug": "technology/software", 
    "urls": {
      "web": {
        "discover": "http://www.kickstarter.com/discover/categories/technology/software"
      }
    }
  }, 
  "country": "US", 
  "created_at": 1252456378, 
  "creator": {
    "avatar": {
      "medium": "https://www.kickstarter.com/assets/users/missing_medium.png", 
      "small": "https://www.kickstarter.com/assets/users/missing_small.png", 
      "thumb": "https://www.kickstarter.com/assets/users/missing_thumb.png"
    }, 
    "id": 1032812340, 
    "name": "Jason", 
    "urls": {
      "api": {
        "user": "https://api.kickstarter.com/v1/users/1032812340?signature=1405310693.13bd557258599ddd72e6b10592adc4cd18cfb64e"
      }, 
      "web": {
        "user": "https://www.kickstarter.com/profile/1032812340"
      }
    }
  }, 
  "currency": "USD", 
  "currency_symbol": "$", 
  "currency_trailing_code": true, 
  "deadline": 1257730320, 
  "disable_communication": false, 
  "goal": 1000.0, 
  "id": 1093774966, 
  "launched_at": 1252978036, 
  "name": "Creating a Site for Promoting Open Source Software", 
  "photo": {
    "1024x768": "https://s3.amazonaws.com/ksr/projects/907/photo-1024x768.jpg?1397753087", 
    "1536x1152": "https://s3.amazonaws.com/ksr/projects/907/photo-1536x1152.jpg?1397753087", 
    "ed": "https://s3.amazonaws.com/ksr/projects/907/photo-ed.jpg?1397753087", 
    "full": "https://s3.amazonaws.com/ksr/projects/907/photo-full.jpg?1397753087", 
    "little": "https://s3.amazonaws.com/ksr/projects/907/photo-little.jpg?1397753087", 
    "med": "https://s3.amazonaws.com/ksr/projects/907/photo-med.jpg?1397753087", 
    "small": "https://s3.amazonaws.com/ksr/projects/907/photo-small.jpg?1397753087", 
    "thumb": "https://s3.amazonaws.com/ksr/projects/907/photo-thumb.jpg?1397753087"
  }, 
  "pledged": 0.0, 
  "slug": "creating-a-site-for-promoting-open-source-software", 
  "state": "failed", 
  "state_changed_at": 1257731105, 
  "urls": {
    "web": {
      "project": "https://www.kickstarter.com/projects/1032812340/creating-a-site-for-promoting-open-source-software", 
      "rewards": "https://www.kickstarter.com/projects/1032812340/creating-a-site-for-promoting-open-source-software/rewards"
    }
  }
}