{
  "backers_count": 18, 
  "blurb": "I am developing a tracked robot with a mil-sim paintball gun. The tracks will allow the robot to climb stairs and turn on a dime.", 
  "category": {
    "id": 16, 
    "name": "Technology", 
    "position": 14, 
    "slug": "technology", 
    "urls": {
      "web": {
        "discover": "http://www.kickstarter.com/discover/categories/technology"
      }
    }
  }, 
  "country": "US", 
  "created_at": 1296086580, 
  "creator": {
    "avatar": {
      "medium": "https://s3.amazonaws.com/ksr/avatars/537125/Self_Portrait.medium.jpg?1295626911", 
      "small": "https://s3.amazonaws.com/ksr/avatars/537125/Self_Portrait.small.jpg?1295626911", 
      "thumb": "https://s3.amazonaws.com/ksr/avatars/537125/Self_Portrait.thumb.jpg?1295626911"
    }, 
    "id": 708976255, 
    "name": "Chris Rogers", 
    "urls": {
      "api": {
        "user": "https://api.kickstarter.com/v1/users/708976255?signature=1405310489.3915fbe829a62d963f241703138492a624843698"
      }, 
      "web": {
        "user": "https://www.kickstarter.com/profile/708976255"
      }
    }
  }, 
  "currency": "USD", 
  "currency_symbol": "$", 
  "currency_trailing_code": true, 
  "deadline": 1300917307, 
  "disable_communication": false, 
  "goal": 15000.0, 
  "id": 1093469237, 
  "launched_at": 1297464907, 
  "location": {
    "country": "US", 
    "displayable_name": "Louisville, CO", 
    "id": 2442331, 
    "name": "Louisville", 
    "short_name": "Louisville, CO", 
    "slug": "louisville-co", 
    "state": "CO", 
    "urls": {
      "api": {
        "nearby_projects": "https://api.kickstarter.com/v1/discover?signature=1405284304.845886fe84862218f10c375b752c41011333cb82&woe_id=2442331"
      }, 
      "web": {
        "discover": "https://www.kickstarter.com/discover/places/louisville-co", 
        "location": "https://www.kickstarter.com/locations/louisville-co"
      }
    }
  }, 
  "name": "Paintball Robot", 
  "photo": {
    "1024x768": "https://s3.amazonaws.com/ksr/projects/21150/photo-1024x768.jpg?1397760768", 
    "1536x1152": "https://s3.amazonaws.com/ksr/projects/21150/photo-1536x1152.jpg?1397760768", 
    "ed": "https://s3.amazonaws.com/ksr/projects/21150/photo-ed.jpg?1397760768", 
    "full": "https://s3.amazonaws.com/ksr/projects/21150/photo-full.jpg?1397760768", 
    "little": "https://s3.amazonaws.com/ksr/projects/21150/photo-little.jpg?1397760768", 
    "med": "https://s3.amazonaws.com/ksr/projects/21150/photo-med.jpg?1397760768", 
    "small": "https://s3.amazonaws.com/ksr/projects/21150/photo-small.jpg?1397760768", 
    "thumb": "https://s3.amazonaws.com/ksr/projects/21150/photo-thumb.jpg?1397760768"
  }, 
  "pledged": 1233.0, 
  "slug": "paintball-robot", 
  "state": "failed", 
  "state_changed_at": 1300917307, 
  "urls": {
    "web": {
      "project": "https://www.kickstarter.com/projects/708976255/paintball-robot", 
      "rewards": "https://www.kickstarter.com/projects/708976255/paintball-robot/rewards"
    }
  }
}