{
  "backers_count": 1, 
  "blurb": "All-Electric Support Car in the All-Electric Zero Emissions Race Around the World -- participating from November 2, 2010 to January 22, 2011", 
  "category": {
    "id": 51, 
    "name": "Software", 
    "parent_id": 16, 
    "position": 11, 
    "slug": "technology/software", 
    "urls": {
      "web": {
        "discover": "http://www.kickstarter.com/discover/categories/technology/software"
      }
    }
  }, 
  "country": "US", 
  "created_at": 1281147389, 
  "creator": {
    "avatar": {
      "medium": "https://s3.amazonaws.com/ksr/avatars/59980/Elliott_20070913-square.medium.jpg?1288678195", 
      "small": "https://s3.amazonaws.com/ksr/avatars/59980/Elliott_20070913-square.small.jpg?1288678195", 
      "thumb": "https://s3.amazonaws.com/ksr/avatars/59980/Elliott_20070913-square.thumb.jpg?1288678195"
    }, 
    "id": 2007404785, 
    "name": "Elliott Small", 
    "urls": {
      "api": {
        "user": "https://api.kickstarter.com/v1/users/2007404785?signature=1405310627.a4abc672eb0c4359be582b9376ec6ed297e2c4a6"
      }, 
      "web": {
        "user": "https://www.kickstarter.com/profile/2007404785"
      }
    }
  }, 
  "currency": "USD", 
  "currency_symbol": "$", 
  "currency_trailing_code": true, 
  "deadline": 1284188588, 
  "disable_communication": false, 
  "goal": 10000.0, 
  "id": 109339514, 
  "launched_at": 1281596588, 
  "location": {
    "country": "US", 
    "displayable_name": "Las Vegas, NV", 
    "id": 2436704, 
    "name": "Las Vegas", 
    "short_name": "Las Vegas, NV", 
    "slug": "las-vegas-nv", 
    "state": "NV", 
    "urls": {
      "api": {
        "nearby_projects": "https://api.kickstarter.com/v1/discover?signature=1405283925.795a043e35a8d7f3c0c64f9d4a837437ce539551&woe_id=2436704"
      }, 
      "web": {
        "discover": "https://www.kickstarter.com/discover/places/las-vegas-nv", 
        "location": "https://www.kickstarter.com/locations/las-vegas-nv"
      }
    }
  }, 
  "name": "Around the World All Electric Car Drive (Canceled)", 
  "photo": {
    "1024x768": "https://s3.amazonaws.com/ksr/projects/10089/photo-1024x768.jpg?1397758231", 
    "1536x1152": "https://s3.amazonaws.com/ksr/projects/10089/photo-1536x1152.jpg?1397758231", 
    "ed": "https://s3.amazonaws.com/ksr/projects/10089/photo-ed.jpg?1397758231", 
    "full": "https://s3.amazonaws.com/ksr/projects/10089/photo-full.jpg?1397758231", 
    "little": "https://s3.amazonaws.com/ksr/projects/10089/photo-little.jpg?1397758231", 
    "med": "https://s3.amazonaws.com/ksr/projects/10089/photo-med.jpg?1397758231", 
    "small": "https://s3.amazonaws.com/ksr/projects/10089/photo-small.jpg?1397758231", 
    "thumb": "https://s3.amazonaws.com/ksr/projects/10089/photo-thumb.jpg?1397758231"
  }, 
  "pledged": 50.0, 
  "slug": "around-the-world-all-electric-car-drive", 
  "state": "canceled", 
  "state_changed_at": 1283809452, 
  "urls": {
    "web": {
      "project": "https://www.kickstarter.com/projects/2007404785/around-the-world-all-electric-car-drive", 
      "rewards": "https://www.kickstarter.com/projects/2007404785/around-the-world-all-electric-car-drive/rewards"
    }
  }
}