{
  "backers_count": 157, 
  "blurb": "Like a magic wand, it merges all your favorite wireless gadgets into one simple, user friendly system that does it all.", 
  "category": {
    "id": 16, 
    "name": "Technology", 
    "position": 14, 
    "slug": "technology", 
    "urls": {
      "web": {
        "discover": "http://www.kickstarter.com/discover/categories/technology"
      }
    }
  }, 
  "country": "US", 
  "created_at": 1380402345, 
  "creator": {
    "avatar": {
      "medium": "https://s3.amazonaws.com/ksr/avatars/8174037/LOGO_RESIZED.medium.jpg?1383496307", 
      "small": "https://s3.amazonaws.com/ksr/avatars/8174037/LOGO_RESIZED.small.jpg?1383496307", 
      "thumb": "https://s3.amazonaws.com/ksr/avatars/8174037/LOGO_RESIZED.thumb.jpg?1383496307"
    }, 
    "id": 406938127, 
    "name": "KoolTechs Inc.", 
    "slug": "koolthings", 
    "urls": {
      "api": {
        "user": "https://api.kickstarter.com/v1/users/406938127?signature=1405310020.12546ae306d1857044c23ed92ea1118b59914adb"
      }, 
      "web": {
        "user": "https://www.kickstarter.com/profile/koolthings"
      }
    }
  }, 
  "currency": "USD", 
  "currency_symbol": "$", 
  "currency_trailing_code": true, 
  "deadline": 1393308994, 
  "disable_communication": false, 
  "goal": 50000.0, 
  "id": 1093131761, 
  "launched_at": 1388124994, 
  "location": {
    "country": "US", 
    "displayable_name": "Houston, TX", 
    "id": 2424766, 
    "name": "Houston", 
    "short_name": "Houston, TX", 
    "slug": "houston-tx", 
    "state": "TX", 
    "urls": {
      "api": {
        "nearby_projects": "https://api.kickstarter.com/v1/discover?signature=1405283926.e236df9313624e13a020a2d914775b108a5bbdc9&woe_id=2424766"
      }, 
      "web": {
        "discover": "https://www.kickstarter.com/discover/places/houston-tx", 
        "location": "https://www.kickstarter.com/locations/houston-tx"
      }
    }
  }, 
  "name": "KoolThings + Smartphone = New KoolApplications for \"IoT\"", 
  "photo": {
    "1024x768": "https://s3.amazonaws.com/ksr/projects/697423/photo-1024x768.jpg?1397836283", 
    "1536x1152": "https://s3.amazonaws.com/ksr/projects/697423/photo-1536x1152.jpg?1397836283", 
    "ed": "https://s3.amazonaws.com/ksr/projects/697423/photo-ed.jpg?1397836283", 
    "full": "https://s3.amazonaws.com/ksr/projects/697423/photo-full.jpg?1397836283", 
    "little": "https://s3.amazonaws.com/ksr/projects/697423/photo-little.jpg?1397836283", 
    "med": "https://s3.amazonaws.com/ksr/projects/697423/photo-med.jpg?1397836283", 
    "small": "https://s3.amazonaws.com/ksr/projects/697423/photo-small.jpg?1397836283", 
    "thumb": "https://s3.amazonaws.com/ksr/projects/697423/photo-thumb.jpg?1397836283"
  }, 
  "pledged": 56364.0, 
  "slug": "koolthings-smartphone-new-koolapplications-for-iot", 
  "state": "successful", 
  "state_changed_at": 1393308995, 
  "urls": {
    "web": {
      "project": "https://www.kickstarter.com/projects/koolthings/koolthings-smartphone-new-koolapplications-for-iot", 
      "rewards": "https://www.kickstarter.com/projects/koolthings/koolthings-smartphone-new-koolapplications-for-iot/rewards"
    }
  }
}