{
  "backers_count": 204, 
  "blurb": "The OWL is an open source, open hardware, reprogrammable effects pedal designed for musicians, coders, and hackers.", 
  "category": {
    "id": 52, 
    "name": "Hardware", 
    "parent_id": 16, 
    "position": 8, 
    "slug": "technology/hardware", 
    "urls": {
      "web": {
        "discover": "http://www.kickstarter.com/discover/categories/technology/hardware"
      }
    }
  }, 
  "country": "GB", 
  "created_at": 1368452412, 
  "creator": {
    "avatar": {
      "medium": "https://s3.amazonaws.com/ksr/avatars/6010348/Martin.medium.jpg?1369060041", 
      "small": "https://s3.amazonaws.com/ksr/avatars/6010348/Martin.small.jpg?1369060041", 
      "thumb": "https://s3.amazonaws.com/ksr/avatars/6010348/Martin.thumb.jpg?1369060041"
    }, 
    "id": 504596711, 
    "name": "Martin Klang", 
    "slug": "marser", 
    "urls": {
      "api": {
        "user": "https://api.kickstarter.com/v1/users/504596711?signature=1405310028.db2f272cf8e9742ae176e44e03c6ce1abc1e09a4"
      }, 
      "web": {
        "user": "https://www.kickstarter.com/profile/marser"
      }
    }
  }, 
  "currency": "GBP", 
  "currency_symbol": "\u00a3", 
  "currency_trailing_code": false, 
  "deadline": 1372701600, 
  "disable_communication": false, 
  "goal": 8000.0, 
  "id": 1093070006, 
  "launched_at": 1369895421, 
  "location": {
    "country": "GB", 
    "displayable_name": "London, UK", 
    "id": 44418, 
    "name": "London", 
    "short_name": "London, UK", 
    "slug": "london-gb", 
    "state": "England", 
    "urls": {
      "api": {
        "nearby_projects": "https://api.kickstarter.com/v1/discover?signature=1405283922.82a390c7080dcb5af2825d7dc4e2293adc57bbf0&woe_id=44418"
      }, 
      "web": {
        "discover": "https://www.kickstarter.com/discover/places/london-gb", 
        "location": "https://www.kickstarter.com/locations/london-gb"
      }
    }
  }, 
  "name": "OWL Programmable Effects Pedal", 
  "photo": {
    "1024x768": "https://s3.amazonaws.com/ksr/projects/555163/photo-1024x768.jpg?1397820441", 
    "1536x1152": "https://s3.amazonaws.com/ksr/projects/555163/photo-1536x1152.jpg?1397820441", 
    "ed": "https://s3.amazonaws.com/ksr/projects/555163/photo-ed.jpg?1397820441", 
    "full": "https://s3.amazonaws.com/ksr/projects/555163/photo-full.jpg?1397820441", 
    "little": "https://s3.amazonaws.com/ksr/projects/555163/photo-little.jpg?1397820441", 
    "med": "https://s3.amazonaws.com/ksr/projects/555163/photo-med.jpg?1397820441", 
    "small": "https://s3.amazonaws.com/ksr/projects/555163/photo-small.jpg?1397820441", 
    "thumb": "https://s3.amazonaws.com/ksr/projects/555163/photo-thumb.jpg?1397820441"
  }, 
  "pledged": 33641.0, 
  "slug": "owl-programmable-effects-pedal", 
  "state": "successful", 
  "state_changed_at": 1372701636, 
  "urls": {
    "web": {
      "project": "https://www.kickstarter.com/projects/marser/owl-programmable-effects-pedal", 
      "rewards": "https://www.kickstarter.com/projects/marser/owl-programmable-effects-pedal/rewards"
    }
  }
}