{
  "backers_count": 0, 
  "blurb": "This system of psychic cycles was handed down by Dr. Harvey Spencer Lewis of the renowned secret society \"Rosicrucian Order AMORC\".", 
  "category": {
    "id": 51, 
    "name": "Software", 
    "parent_id": 16, 
    "position": 11, 
    "slug": "technology/software", 
    "urls": {
      "web": {
        "discover": "http://www.kickstarter.com/discover/categories/technology/software"
      }
    }
  }, 
  "country": "GB", 
  "created_at": 1392067585, 
  "creator": {
    "avatar": {
      "medium": "https://s3.amazonaws.com/ksr/avatars/9598320/603078_10151423341782674_600786708_n.medium.jpg?1392105976", 
      "small": "https://s3.amazonaws.com/ksr/avatars/9598320/603078_10151423341782674_600786708_n.small.jpg?1392105976", 
      "thumb": "https://s3.amazonaws.com/ksr/avatars/9598320/603078_10151423341782674_600786708_n.thumb.jpg?1392105976"
    }, 
    "id": 1557698990, 
    "name": "Nekelle Celestine", 
    "slug": "nekellecelestine", 
    "urls": {
      "api": {
        "user": "https://api.kickstarter.com/v1/users/1557698990?signature=1405310680.19afd4886fe509aee975aec89274c2a0122919ac"
      }, 
      "web": {
        "user": "https://www.kickstarter.com/profile/nekellecelestine"
      }
    }
  }, 
  "currency": "GBP", 
  "currency_symbol": "\u00a3", 
  "currency_trailing_code": false, 
  "deadline": 1395018900, 
  "disable_communication": false, 
  "goal": 2500.0, 
  "id": 1094571910, 
  "launched_at": 1392430500, 
  "location": {
    "country": "GB", 
    "displayable_name": "London, UK", 
    "id": 44418, 
    "name": "London", 
    "short_name": "London, UK", 
    "slug": "london-gb", 
    "state": "England", 
    "urls": {
      "api": {
        "nearby_projects": "https://api.kickstarter.com/v1/discover?signature=1405283922.82a390c7080dcb5af2825d7dc4e2293adc57bbf0&woe_id=44418"
      }, 
      "web": {
        "discover": "https://www.kickstarter.com/discover/places/london-gb", 
        "location": "https://www.kickstarter.com/locations/london-gb"
      }
    }
  }, 
  "name": "Self Mastery and Fate Cycles Android App", 
  "photo": {
    "1024x768": "https://s3.amazonaws.com/ksr/projects/864875/photo-1024x768.jpg?1397867447", 
    "1536x1152": "https://s3.amazonaws.com/ksr/projects/864875/photo-1536x1152.jpg?1397867447", 
    "ed": "https://s3.amazonaws.com/ksr/projects/864875/photo-ed.jpg?1397867447", 
    "full": "https://s3.amazonaws.com/ksr/projects/864875/photo-full.jpg?1397867447", 
    "little": "https://s3.amazonaws.com/ksr/projects/864875/photo-little.jpg?1397867447", 
    "med": "https://s3.amazonaws.com/ksr/projects/864875/photo-med.jpg?1397867447", 
    "small": "https://s3.amazonaws.com/ksr/projects/864875/photo-small.jpg?1397867447", 
    "thumb": "https://s3.amazonaws.com/ksr/projects/864875/photo-thumb.jpg?1397867447"
  }, 
  "pledged": 0.0, 
  "slug": "self-mastery-and-fate-cycles-android-app", 
  "state": "failed", 
  "state_changed_at": 1395018918, 
  "urls": {
    "web": {
      "project": "https://www.kickstarter.com/projects/nekellecelestine/self-mastery-and-fate-cycles-android-app", 
      "rewards": "https://www.kickstarter.com/projects/nekellecelestine/self-mastery-and-fate-cycles-android-app/rewards"
    }
  }
}