{
  "backers_count": 47, 
  "blurb": "Appy empowers everyone to create apps.  We turn dreamers into doers.", 
  "category": {
    "id": 51, 
    "name": "Software", 
    "parent_id": 16, 
    "position": 11, 
    "slug": "technology/software", 
    "urls": {
      "web": {
        "discover": "http://www.kickstarter.com/discover/categories/technology/software"
      }
    }
  }, 
  "country": "US", 
  "created_at": 1384992450, 
  "creator": {
    "avatar": {
      "medium": "https://s3.amazonaws.com/ksr/avatars/8799706/RupenHighbar.medium.jpg?1386946485", 
      "small": "https://s3.amazonaws.com/ksr/avatars/8799706/RupenHighbar.small.jpg?1386946485", 
      "thumb": "https://s3.amazonaws.com/ksr/avatars/8799706/RupenHighbar.thumb.jpg?1386946485"
    }, 
    "id": 904409893, 
    "name": "Rupen Patel", 
    "urls": {
      "api": {
        "user": "https://api.kickstarter.com/v1/users/904409893?signature=1405310448.432437f72c81adf00672bd3582e855fa9b067b85"
      }, 
      "web": {
        "user": "https://www.kickstarter.com/profile/904409893"
      }
    }
  }, 
  "currency": "USD", 
  "currency_symbol": "$", 
  "currency_trailing_code": true, 
  "deadline": 1389539254, 
  "disable_communication": false, 
  "goal": 100000.0, 
  "id": 1094832512, 
  "launched_at": 1386947254, 
  "location": {
    "country": "US", 
    "displayable_name": "Venice, Los Angeles, CA", 
    "id": 2511612, 
    "name": "Venice", 
    "short_name": "Venice, CA", 
    "slug": "venice-los-angeles-ca", 
    "state": "CA", 
    "urls": {
      "api": {
        "nearby_projects": "https://api.kickstarter.com/v1/discover?signature=1405283949.62501e28d2aea2beedbc71db6509cd8975b570ad&woe_id=2511612"
      }, 
      "web": {
        "discover": "https://www.kickstarter.com/discover/places/venice-los-angeles-ca", 
        "location": "https://www.kickstarter.com/locations/venice-los-angeles-ca"
      }
    }
  }, 
  "name": "Appy: The World's Easiest Way to Create Apps", 
  "photo": {
    "1024x768": "https://s3.amazonaws.com/ksr/projects/768653/photo-1024x768.jpg?1397857161", 
    "1536x1152": "https://s3.amazonaws.com/ksr/projects/768653/photo-1536x1152.jpg?1397857161", 
    "ed": "https://s3.amazonaws.com/ksr/projects/768653/photo-ed.jpg?1397857161", 
    "full": "https://s3.amazonaws.com/ksr/projects/768653/photo-full.jpg?1397857161", 
    "little": "https://s3.amazonaws.com/ksr/projects/768653/photo-little.jpg?1397857161", 
    "med": "https://s3.amazonaws.com/ksr/projects/768653/photo-med.jpg?1397857161", 
    "small": "https://s3.amazonaws.com/ksr/projects/768653/photo-small.jpg?1397857161", 
    "thumb": "https://s3.amazonaws.com/ksr/projects/768653/photo-thumb.jpg?1397857161"
  }, 
  "pledged": 2426.5, 
  "slug": "appy-the-worlds-easiest-way-to-create-apps", 
  "state": "failed", 
  "state_changed_at": 1389539254, 
  "urls": {
    "web": {
      "project": "https://www.kickstarter.com/projects/904409893/appy-the-worlds-easiest-way-to-create-apps", 
      "rewards": "https://www.kickstarter.com/projects/904409893/appy-the-worlds-easiest-way-to-create-apps/rewards"
    }
  }
}