{
  "backers_count": 39, 
  "blurb": "MusicAlight is bringing you the first LED sleeve for guitars that will teach you virtually any song or chord with lights.", 
  "category": {
    "id": 16, 
    "name": "Technology", 
    "position": 14, 
    "slug": "technology", 
    "urls": {
      "web": {
        "discover": "http://www.kickstarter.com/discover/categories/technology"
      }
    }
  }, 
  "country": "US", 
  "created_at": 1330120547, 
  "creator": {
    "avatar": {
      "medium": "https://s3.amazonaws.com/ksr/avatars/1534177/matt.medium.jpg?1331401397", 
      "small": "https://s3.amazonaws.com/ksr/avatars/1534177/matt.small.jpg?1331401397", 
      "thumb": "https://s3.amazonaws.com/ksr/avatars/1534177/matt.thumb.jpg?1331401397"
    }, 
    "id": 1512680493, 
    "name": "Matt Smith", 
    "urls": {
      "api": {
        "user": "https://api.kickstarter.com/v1/users/1512680493?signature=1405310416.7ef0180524e7aba7cc4cc91112c4e1f4ce69aa6a"
      }, 
      "web": {
        "user": "https://www.kickstarter.com/profile/1512680493"
      }
    }
  }, 
  "currency": "USD", 
  "currency_symbol": "$", 
  "currency_trailing_code": true, 
  "deadline": 1334487805, 
  "disable_communication": false, 
  "goal": 50000.0, 
  "id": 109493704, 
  "launched_at": 1331895805, 
  "location": {
    "country": "US", 
    "displayable_name": "Salt Lake City, UT", 
    "id": 2487610, 
    "name": "Salt Lake City", 
    "short_name": "Salt Lake City, UT", 
    "slug": "salt-lake-city-ut", 
    "state": "UT", 
    "urls": {
      "api": {
        "nearby_projects": "https://api.kickstarter.com/v1/discover?signature=1405283928.bdc75e3d5f352048d0647b32e95a9c3843f5b47b&woe_id=2487610"
      }, 
      "web": {
        "discover": "https://www.kickstarter.com/discover/places/salt-lake-city-ut", 
        "location": "https://www.kickstarter.com/locations/salt-lake-city-ut"
      }
    }
  }, 
  "name": "LED Sleeve for Learning Chords and Songs on the Guitar", 
  "photo": {
    "1024x768": "https://s3.amazonaws.com/ksr/projects/79034/photo-1024x768.jpg?1397771766", 
    "1536x1152": "https://s3.amazonaws.com/ksr/projects/79034/photo-1536x1152.jpg?1397771766", 
    "ed": "https://s3.amazonaws.com/ksr/projects/79034/photo-ed.jpg?1397771766", 
    "full": "https://s3.amazonaws.com/ksr/projects/79034/photo-full.jpg?1397771766", 
    "little": "https://s3.amazonaws.com/ksr/projects/79034/photo-little.jpg?1397771766", 
    "med": "https://s3.amazonaws.com/ksr/projects/79034/photo-med.jpg?1397771766", 
    "small": "https://s3.amazonaws.com/ksr/projects/79034/photo-small.jpg?1397771766", 
    "thumb": "https://s3.amazonaws.com/ksr/projects/79034/photo-thumb.jpg?1397771766"
  }, 
  "pledged": 3682.0, 
  "slug": "led-sleeve-for-learning-chords-and-songs-on-the-gu", 
  "state": "canceled", 
  "state_changed_at": 1334248428, 
  "urls": {
    "web": {
      "project": "https://www.kickstarter.com/projects/1512680493/led-sleeve-for-learning-chords-and-songs-on-the-gu", 
      "rewards": "https://www.kickstarter.com/projects/1512680493/led-sleeve-for-learning-chords-and-songs-on-the-gu/rewards"
    }
  }
}