{
  "backers_count": 162, 
  "blurb": "The worlds first Motion Activated Colour Change Light Up Drumsticks", 
  "category": {
    "id": 16, 
    "name": "Technology", 
    "position": 14, 
    "slug": "technology", 
    "urls": {
      "web": {
        "discover": "http://www.kickstarter.com/discover/categories/technology"
      }
    }
  }, 
  "country": "GB", 
  "created_at": 1378124476, 
  "creator": {
    "avatar": {
      "medium": "https://s3.amazonaws.com/ksr/avatars/5239962/logo2.medium.jpg?1378210141", 
      "small": "https://s3.amazonaws.com/ksr/avatars/5239962/logo2.small.jpg?1378210141", 
      "thumb": "https://s3.amazonaws.com/ksr/avatars/5239962/logo2.thumb.jpg?1378210141"
    }, 
    "id": 1291346317, 
    "name": "Bright Ideas Global Group Limited", 
    "slug": "bigltd", 
    "urls": {
      "api": {
        "user": "https://api.kickstarter.com/v1/users/1291346317?signature=1405310052.dc6294e4e847a2c0db34c8bef889350ad3237b53"
      }, 
      "web": {
        "user": "https://www.kickstarter.com/profile/bigltd"
      }
    }
  }, 
  "currency": "GBP", 
  "currency_symbol": "\u00a3", 
  "currency_trailing_code": false, 
  "deadline": 1383609600, 
  "disable_communication": false, 
  "goal": 2500.0, 
  "id": 1095164792, 
  "launched_at": 1380568034, 
  "location": {
    "country": "GB", 
    "displayable_name": "Leicestershire, UK", 
    "id": 12602144, 
    "name": "Leicestershire", 
    "short_name": "Leicestershire, UK", 
    "slug": "leicestershire-gb", 
    "state": "England", 
    "urls": {
      "api": {
        "nearby_projects": "https://api.kickstarter.com/v1/discover?signature=1405284081.f95e3fc15ba9d1acea8f869df83e60a38e2209aa&woe_id=12602144"
      }, 
      "web": {
        "discover": "https://www.kickstarter.com/discover/places/leicestershire-gb", 
        "location": "https://www.kickstarter.com/locations/leicestershire-gb"
      }
    }
  }, 
  "name": "RockStix 2 - Colour Change LED Light Up Drumsticks", 
  "photo": {
    "1024x768": "https://s3.amazonaws.com/ksr/projects/668675/photo-1024x768.jpg?1397833051", 
    "1536x1152": "https://s3.amazonaws.com/ksr/projects/668675/photo-1536x1152.jpg?1397833051", 
    "ed": "https://s3.amazonaws.com/ksr/projects/668675/photo-ed.jpg?1397833051", 
    "full": "https://s3.amazonaws.com/ksr/projects/668675/photo-full.jpg?1397833051", 
    "little": "https://s3.amazonaws.com/ksr/projects/668675/photo-little.jpg?1397833051", 
    "med": "https://s3.amazonaws.com/ksr/projects/668675/photo-med.jpg?1397833051", 
    "small": "https://s3.amazonaws.com/ksr/projects/668675/photo-small.jpg?1397833051", 
    "thumb": "https://s3.amazonaws.com/ksr/projects/668675/photo-thumb.jpg?1397833051"
  }, 
  "pledged": 4114.0, 
  "slug": "rockstix-2-colour-change-led-light-up-drumsticks", 
  "state": "successful", 
  "state_changed_at": 1383609614, 
  "urls": {
    "web": {
      "project": "https://www.kickstarter.com/projects/bigltd/rockstix-2-colour-change-led-light-up-drumsticks", 
      "rewards": "https://www.kickstarter.com/projects/bigltd/rockstix-2-colour-change-led-light-up-drumsticks/rewards"
    }
  }
}