{
  "backers_count": 5, 
  "blurb": "View your pictures, movies, and video games in 3D on almost any monitor with the low priced 3D goggles.", 
  "category": {
    "id": 16, 
    "name": "Technology", 
    "position": 14, 
    "slug": "technology", 
    "urls": {
      "web": {
        "discover": "http://www.kickstarter.com/discover/categories/technology"
      }
    }
  }, 
  "country": "US", 
  "created_at": 1380483644, 
  "creator": {
    "avatar": {
      "medium": "https://s3.amazonaws.com/ksr/avatars/8183469/IYIN3D2.medium.jpg?1381529587", 
      "small": "https://s3.amazonaws.com/ksr/avatars/8183469/IYIN3D2.small.jpg?1381529587", 
      "thumb": "https://s3.amazonaws.com/ksr/avatars/8183469/IYIN3D2.thumb.jpg?1381529587"
    }, 
    "id": 988134184, 
    "name": "IYIN SKY", 
    "urls": {
      "api": {
        "user": "https://api.kickstarter.com/v1/users/988134184?signature=1405310570.b6043c519704ac51e07b129494118d1cc0b7448b"
      }, 
      "web": {
        "user": "https://www.kickstarter.com/profile/988134184"
      }
    }
  }, 
  "currency": "USD", 
  "currency_symbol": "$", 
  "currency_trailing_code": true, 
  "deadline": 1388329431, 
  "disable_communication": false, 
  "goal": 45000.0, 
  "id": 1095282442, 
  "launched_at": 1385737431, 
  "location": {
    "country": "US", 
    "displayable_name": "New York, NY", 
    "id": 2459115, 
    "name": "New York", 
    "short_name": "New York, NY", 
    "slug": "new-york-ny", 
    "state": "NY", 
    "urls": {
      "api": {
        "nearby_projects": "https://api.kickstarter.com/v1/discover?signature=1405283922.858662b9ca1ef63b6e0c38e6c88778c27a30fce5&woe_id=2459115"
      }, 
      "web": {
        "discover": "https://www.kickstarter.com/discover/places/new-york-ny", 
        "location": "https://www.kickstarter.com/locations/new-york-ny"
      }
    }
  }, 
  "name": "3D works on every Television (Canceled)", 
  "photo": {
    "1024x768": "https://s3.amazonaws.com/ksr/projects/698249/photo-1024x768.jpg?1397836389", 
    "1536x1152": "https://s3.amazonaws.com/ksr/projects/698249/photo-1536x1152.jpg?1397836389", 
    "ed": "https://s3.amazonaws.com/ksr/projects/698249/photo-ed.jpg?1397836389", 
    "full": "https://s3.amazonaws.com/ksr/projects/698249/photo-full.jpg?1397836389", 
    "little": "https://s3.amazonaws.com/ksr/projects/698249/photo-little.jpg?1397836389", 
    "med": "https://s3.amazonaws.com/ksr/projects/698249/photo-med.jpg?1397836389", 
    "small": "https://s3.amazonaws.com/ksr/projects/698249/photo-small.jpg?1397836389", 
    "thumb": "https://s3.amazonaws.com/ksr/projects/698249/photo-thumb.jpg?1397836389"
  }, 
  "pledged": 255.0, 
  "slug": "iyin3d-goggles-3d-with-any-monitor", 
  "state": "canceled", 
  "state_changed_at": 1386484591, 
  "urls": {
    "web": {
      "project": "https://www.kickstarter.com/projects/988134184/iyin3d-goggles-3d-with-any-monitor", 
      "rewards": "https://www.kickstarter.com/projects/988134184/iyin3d-goggles-3d-with-any-monitor/rewards"
    }
  }
}