{
  "backers_count": 3, 
  "blurb": "A positive feedback mechanism for wasting company time on the Internet.", 
  "category": {
    "id": 51, 
    "name": "Software", 
    "parent_id": 16, 
    "position": 11, 
    "slug": "technology/software", 
    "urls": {
      "web": {
        "discover": "http://www.kickstarter.com/discover/categories/technology/software"
      }
    }
  }, 
  "country": "US", 
  "created_at": 1248230195, 
  "creator": {
    "avatar": {
      "medium": "https://s3.amazonaws.com/ksr/avatars/2900/er-webcam-wav.medium.jpg?1288678195", 
      "small": "https://s3.amazonaws.com/ksr/avatars/2900/er-webcam-wav.small.jpg?1288678195", 
      "thumb": "https://s3.amazonaws.com/ksr/avatars/2900/er-webcam-wav.thumb.jpg?1288678195"
    }, 
    "id": 95036037, 
    "name": "Evan Roth", 
    "slug": "evanroth", 
    "urls": {
      "api": {
        "user": "https://api.kickstarter.com/v1/users/95036037?signature=1405310607.f79c3a27f6c5d7e3125407bcbd0523e53883b800"
      }, 
      "web": {
        "user": "https://www.kickstarter.com/profile/evanroth"
      }
    }
  }, 
  "currency": "USD", 
  "currency_symbol": "$", 
  "currency_trailing_code": true, 
  "deadline": 1255575060, 
  "disable_communication": false, 
  "goal": 3000.0, 
  "id": 1095756934, 
  "launched_at": 1248237055, 
  "name": "9 to 5 Brow$er", 
  "photo": {
    "1024x768": "https://s3.amazonaws.com/ksr/projects/451/photo-1024x768.jpg?1397752888", 
    "1536x1152": "https://s3.amazonaws.com/ksr/projects/451/photo-1536x1152.jpg?1397752888", 
    "ed": "https://s3.amazonaws.com/ksr/projects/451/photo-ed.jpg?1397752888", 
    "full": "https://s3.amazonaws.com/ksr/projects/451/photo-full.jpg?1397752888", 
    "little": "https://s3.amazonaws.com/ksr/projects/451/photo-little.jpg?1397752888", 
    "med": "https://s3.amazonaws.com/ksr/projects/451/photo-med.jpg?1397752888", 
    "small": "https://s3.amazonaws.com/ksr/projects/451/photo-small.jpg?1397752888", 
    "thumb": "https://s3.amazonaws.com/ksr/projects/451/photo-thumb.jpg?1397752888"
  }, 
  "pledged": 101.0, 
  "slug": "9-to-5-brower", 
  "state": "failed", 
  "state_changed_at": 1255575608, 
  "urls": {
    "web": {
      "project": "https://www.kickstarter.com/projects/evanroth/9-to-5-brower", 
      "rewards": "https://www.kickstarter.com/projects/evanroth/9-to-5-brower/rewards"
    }
  }
}