{
  "backers_count": 4, 
  "blurb": "Custom website to display a person's automotive creations.  The 'IDOL' of the web!", 
  "category": {
    "id": 342, 
    "name": "Web", 
    "parent_id": 16, 
    "position": 15, 
    "slug": "technology/web", 
    "urls": {
      "web": {
        "discover": "http://www.kickstarter.com/discover/categories/technology/web"
      }
    }
  }, 
  "country": "US", 
  "created_at": 1398214101, 
  "creator": {
    "avatar": {
      "medium": "https://s3.amazonaws.com/ksr/avatars/10389108/fb_profile_picture.medium.jpg?1398386635", 
      "small": "https://s3.amazonaws.com/ksr/avatars/10389108/fb_profile_picture.small.jpg?1398386635", 
      "thumb": "https://s3.amazonaws.com/ksr/avatars/10389108/fb_profile_picture.thumb.jpg?1398386635"
    }, 
    "id": 45973155, 
    "name": "Jerry Tolson", 
    "urls": {
      "api": {
        "user": "https://api.kickstarter.com/v1/users/45973155?signature=1405310599.0d8a1308ad73119786e81cdeef7516fcccdd0d8f"
      }, 
      "web": {
        "user": "https://www.kickstarter.com/profile/45973155"
      }
    }
  }, 
  "currency": "USD", 
  "currency_symbol": "$", 
  "currency_trailing_code": true, 
  "deadline": 1404411609, 
  "disable_communication": false, 
  "goal": 5000.0, 
  "id": 1095425340, 
  "launched_at": 1401819609, 
  "location": {
    "country": "US", 
    "displayable_name": "Lawrenceville, GA", 
    "id": 2437315, 
    "name": "Lawrenceville", 
    "short_name": "Lawrenceville, GA", 
    "slug": "lawrenceville-ga", 
    "state": "GA", 
    "urls": {
      "api": {
        "nearby_projects": "https://api.kickstarter.com/v1/discover?signature=1405284010.5dcce30535244972a5451ebb7a689f47720c6373&woe_id=2437315"
      }, 
      "web": {
        "discover": "https://www.kickstarter.com/discover/places/lawrenceville-ga", 
        "location": "https://www.kickstarter.com/locations/lawrenceville-ga"
      }
    }
  }, 
  "name": "MyTuffRide.Com, Show off your \"Tuff\" Ride! (Canceled)", 
  "photo": {
    "1024x768": "https://s3.amazonaws.com/ksr/projects/966368/photo-1024x768.jpg?1398216573", 
    "1536x1152": "https://s3.amazonaws.com/ksr/projects/966368/photo-1536x1152.jpg?1398216573", 
    "ed": "https://s3.amazonaws.com/ksr/projects/966368/photo-ed.jpg?1398216573", 
    "full": "https://s3.amazonaws.com/ksr/projects/966368/photo-full.jpg?1398216573", 
    "little": "https://s3.amazonaws.com/ksr/projects/966368/photo-little.jpg?1398216573", 
    "med": "https://s3.amazonaws.com/ksr/projects/966368/photo-med.jpg?1398216573", 
    "small": "https://s3.amazonaws.com/ksr/projects/966368/photo-small.jpg?1398216573", 
    "thumb": "https://s3.amazonaws.com/ksr/projects/966368/photo-thumb.jpg?1398216573"
  }, 
  "pledged": 130.0, 
  "slug": "mytuffridecom-showoff-your-tuff-ride", 
  "state": "canceled", 
  "state_changed_at": 1404215238, 
  "urls": {
    "web": {
      "project": "https://www.kickstarter.com/projects/45973155/mytuffridecom-showoff-your-tuff-ride", 
      "rewards": "https://www.kickstarter.com/projects/45973155/mytuffridecom-showoff-your-tuff-ride/rewards"
    }
  }
}