{
  "backers_count": 7, 
  "blurb": "An ethnographic project designed to assess the energy needs of Mongolian nomads - and provide clean power solutions for those needs.", 
  "category": {
    "id": 16, 
    "name": "Technology", 
    "position": 14, 
    "slug": "technology", 
    "urls": {
      "web": {
        "discover": "http://www.kickstarter.com/discover/categories/technology"
      }
    }
  }, 
  "country": "US", 
  "created_at": 1397804795, 
  "creator": {
    "avatar": {
      "medium": "https://s3.amazonaws.com/ksr/avatars/10341537/Wolf_symbol_of_Avars_Caucasus.medium.jpg?1397818300", 
      "small": "https://s3.amazonaws.com/ksr/avatars/10341537/Wolf_symbol_of_Avars_Caucasus.small.jpg?1397818300", 
      "thumb": "https://s3.amazonaws.com/ksr/avatars/10341537/Wolf_symbol_of_Avars_Caucasus.thumb.jpg?1397818300"
    }, 
    "id": 339651651, 
    "name": "Frank C. Rodman", 
    "urls": {
      "api": {
        "user": "https://api.kickstarter.com/v1/users/339651651?signature=1405310288.b80220f21629e3f319b2508a7227fdb932686d1a"
      }, 
      "web": {
        "user": "https://www.kickstarter.com/profile/339651651"
      }
    }
  }, 
  "currency": "USD", 
  "currency_symbol": "$", 
  "currency_trailing_code": true, 
  "deadline": 1406183698, 
  "disable_communication": false, 
  "goal": 6500.0, 
  "id": 1096606455, 
  "launched_at": 1402727698, 
  "location": {
    "country": "MN", 
    "displayable_name": "Ulan Bator, Mongolia", 
    "id": 2266535, 
    "name": "Ulan Bator", 
    "short_name": "Ulan Bator, Mongolia", 
    "slug": "ulan-bator-mn", 
    "state": "Ulaanbaatar", 
    "urls": {
      "api": {
        "nearby_projects": "https://api.kickstarter.com/v1/discover?signature=1405283963.985e77824fd4933532bbead808ec7edf489bdf97&woe_id=2266535"
      }, 
      "web": {
        "discover": "https://www.kickstarter.com/discover/places/ulan-bator-mn", 
        "location": "https://www.kickstarter.com/locations/ulan-bator-mn"
      }
    }
  }, 
  "name": "Clean Power For Nomads", 
  "photo": {
    "1024x768": "https://s3.amazonaws.com/ksr/projects/959253/photo-1024x768.jpg?1397805168", 
    "1536x1152": "https://s3.amazonaws.com/ksr/projects/959253/photo-1536x1152.jpg?1397805168", 
    "ed": "https://s3.amazonaws.com/ksr/projects/959253/photo-ed.jpg?1397805168", 
    "full": "https://s3.amazonaws.com/ksr/projects/959253/photo-full.jpg?1397805168", 
    "little": "https://s3.amazonaws.com/ksr/projects/959253/photo-little.jpg?1397805168", 
    "med": "https://s3.amazonaws.com/ksr/projects/959253/photo-med.jpg?1397805168", 
    "small": "https://s3.amazonaws.com/ksr/projects/959253/photo-small.jpg?1397805168", 
    "thumb": "https://s3.amazonaws.com/ksr/projects/959253/photo-thumb.jpg?1397805168"
  }, 
  "pledged": 87.0, 
  "slug": "clean-power-for-nomads", 
  "state": "live", 
  "state_changed_at": 1402727698, 
  "urls": {
    "web": {
      "project": "https://www.kickstarter.com/projects/339651651/clean-power-for-nomads", 
      "rewards": "https://www.kickstarter.com/projects/339651651/clean-power-for-nomads/rewards"
    }
  }
}