{
  "backers_count": 16, 
  "blurb": "All new places and ways you can use your mobile devices - tablets, phones, and e-readers.", 
  "category": {
    "id": 52, 
    "name": "Hardware", 
    "parent_id": 16, 
    "position": 8, 
    "slug": "technology/hardware", 
    "urls": {
      "web": {
        "discover": "http://www.kickstarter.com/discover/categories/technology/hardware"
      }
    }
  }, 
  "country": "US", 
  "created_at": 1392559013, 
  "creator": {
    "avatar": {
      "medium": "https://s3.amazonaws.com/ksr/avatars/9442948/Profile_Photo_2.medium.jpg?1392761674", 
      "small": "https://s3.amazonaws.com/ksr/avatars/9442948/Profile_Photo_2.small.jpg?1392761674", 
      "thumb": "https://s3.amazonaws.com/ksr/avatars/9442948/Profile_Photo_2.thumb.jpg?1392761674"
    }, 
    "id": 382394561, 
    "name": "Steve Jacobson", 
    "urls": {
      "api": {
        "user": "https://api.kickstarter.com/v1/users/382394561?signature=1405310471.114e9ec0d9a705731717c4d5564d50bec6657eb1"
      }, 
      "web": {
        "user": "https://www.kickstarter.com/profile/382394561"
      }
    }
  }, 
  "currency": "USD", 
  "currency_symbol": "$", 
  "currency_trailing_code": true, 
  "deadline": 1397202731, 
  "disable_communication": false, 
  "goal": 160000.0, 
  "id": 1096201762, 
  "launched_at": 1393318331, 
  "location": {
    "country": "US", 
    "displayable_name": "Miami Beach, FL", 
    "id": 2450080, 
    "name": "Miami Beach", 
    "short_name": "Miami Beach, FL", 
    "slug": "miami-beach-fl", 
    "state": "FL", 
    "urls": {
      "api": {
        "nearby_projects": "https://api.kickstarter.com/v1/discover?signature=1405284061.28731ac5517c7b76b82155cc27c74406aed7d96b&woe_id=2450080"
      }, 
      "web": {
        "discover": "https://www.kickstarter.com/discover/places/miami-beach-fl", 
        "location": "https://www.kickstarter.com/locations/miami-beach-fl"
      }
    }
  }, 
  "name": "Hangatablet and Hangaphone", 
  "photo": {
    "1024x768": "https://s3.amazonaws.com/ksr/projects/872174/photo-1024x768.jpg?1397868232", 
    "1536x1152": "https://s3.amazonaws.com/ksr/projects/872174/photo-1536x1152.jpg?1397868232", 
    "ed": "https://s3.amazonaws.com/ksr/projects/872174/photo-ed.jpg?1397868232", 
    "full": "https://s3.amazonaws.com/ksr/projects/872174/photo-full.jpg?1397868232", 
    "little": "https://s3.amazonaws.com/ksr/projects/872174/photo-little.jpg?1397868232", 
    "med": "https://s3.amazonaws.com/ksr/projects/872174/photo-med.jpg?1397868232", 
    "small": "https://s3.amazonaws.com/ksr/projects/872174/photo-small.jpg?1397868232", 
    "thumb": "https://s3.amazonaws.com/ksr/projects/872174/photo-thumb.jpg?1397868232"
  }, 
  "pledged": 1686.0, 
  "slug": "hangatablet-and-hangaphone", 
  "state": "failed", 
  "state_changed_at": 1397202733, 
  "urls": {
    "web": {
      "project": "https://www.kickstarter.com/projects/382394561/hangatablet-and-hangaphone", 
      "rewards": "https://www.kickstarter.com/projects/382394561/hangatablet-and-hangaphone/rewards"
    }
  }
}