{
  "backers_count": 4, 
  "blurb": "MapStat localizes you and your friends, and displays the places that all of you can get to in 10 minutes of walking and public transit.", 
  "category": {
    "id": 332, 
    "name": "Apps", 
    "parent_id": 16, 
    "position": 2, 
    "slug": "technology/apps", 
    "urls": {
      "web": {
        "discover": "http://www.kickstarter.com/discover/categories/technology/apps"
      }
    }
  }, 
  "country": "CA", 
  "created_at": 1398214089, 
  "creator": {
    "avatar": {
      "medium": "https://s3.amazonaws.com/ksr/avatars/10389103/fb_profile_picture.medium.jpg?1398214474", 
      "small": "https://s3.amazonaws.com/ksr/avatars/10389103/fb_profile_picture.small.jpg?1398214474", 
      "thumb": "https://s3.amazonaws.com/ksr/avatars/10389103/fb_profile_picture.thumb.jpg?1398214474"
    }, 
    "id": 1238767551, 
    "name": "Guillaume Besacier of MapStat", 
    "urls": {
      "api": {
        "user": "https://api.kickstarter.com/v1/users/1238767551?signature=1405310607.a20e70399ee845e72c2c3066bddb77a2e0bf4c6a"
      }, 
      "web": {
        "user": "https://www.kickstarter.com/profile/1238767551"
      }
    }
  }, 
  "currency": "CAD", 
  "currency_symbol": "$", 
  "currency_trailing_code": true, 
  "deadline": 1401887871, 
  "disable_communication": false, 
  "goal": 40000.0, 
  "id": 1096328829, 
  "launched_at": 1399295871, 
  "location": {
    "country": "FR", 
    "displayable_name": "Paris, France", 
    "id": 615702, 
    "name": "Paris", 
    "short_name": "Paris, France", 
    "slug": "paris-fr", 
    "state": "Ile-de-France", 
    "urls": {
      "api": {
        "nearby_projects": "https://api.kickstarter.com/v1/discover?signature=1405283927.17398cbdb4a483cbf2acfd7f70d78b9c1d0bcd00&woe_id=615702"
      }, 
      "web": {
        "discover": "https://www.kickstarter.com/discover/places/paris-fr", 
        "location": "https://www.kickstarter.com/locations/paris-fr"
      }
    }
  }, 
  "name": "MapStat: app to organize last minute plans with your friends", 
  "photo": {
    "1024x768": "https://s3.amazonaws.com/ksr/projects/966367/photo-1024x768.jpg?1398948709", 
    "1536x1152": "https://s3.amazonaws.com/ksr/projects/966367/photo-1536x1152.jpg?1398948709", 
    "ed": "https://s3.amazonaws.com/ksr/projects/966367/photo-ed.jpg?1398948709", 
    "full": "https://s3.amazonaws.com/ksr/projects/966367/photo-full.jpg?1398948709", 
    "little": "https://s3.amazonaws.com/ksr/projects/966367/photo-little.jpg?1398948709", 
    "med": "https://s3.amazonaws.com/ksr/projects/966367/photo-med.jpg?1398948709", 
    "small": "https://s3.amazonaws.com/ksr/projects/966367/photo-small.jpg?1398948709", 
    "thumb": "https://s3.amazonaws.com/ksr/projects/966367/photo-thumb.jpg?1398948709"
  }, 
  "pledged": 120.0, 
  "slug": "mapstat-app-to-organize-last-minute-plans-with-you", 
  "state": "failed", 
  "state_changed_at": 1401887871, 
  "urls": {
    "web": {
      "project": "https://www.kickstarter.com/projects/1238767551/mapstat-app-to-organize-last-minute-plans-with-you", 
      "rewards": "https://www.kickstarter.com/projects/1238767551/mapstat-app-to-organize-last-minute-plans-with-you/rewards"
    }
  }
}