{
  "backers_count": 7, 
  "blurb": "JavaWIDE provides free innovative collaboration features in a programming environment for under-resourced schools and environments.", 
  "category": {
    "id": 51, 
    "name": "Software", 
    "parent_id": 16, 
    "position": 11, 
    "slug": "technology/software", 
    "urls": {
      "web": {
        "discover": "http://www.kickstarter.com/discover/categories/technology/software"
      }
    }
  }, 
  "country": "US", 
  "created_at": 1332519640, 
  "creator": {
    "avatar": {
      "medium": "https://s3.amazonaws.com/ksr/avatars/2003734/JamCropped4.medium.jpg?1333467503", 
      "small": "https://s3.amazonaws.com/ksr/avatars/2003734/JamCropped4.small.jpg?1333467503", 
      "thumb": "https://s3.amazonaws.com/ksr/avatars/2003734/JamCropped4.thumb.jpg?1333467503"
    }, 
    "id": 308815625, 
    "name": "Jam Jenkins", 
    "urls": {
      "api": {
        "user": "https://api.kickstarter.com/v1/users/308815625?signature=1405310625.fffbf5ab4cc488a2022a4ccfe687cd44bc660a6f"
      }, 
      "web": {
        "user": "https://www.kickstarter.com/profile/308815625"
      }
    }
  }, 
  "currency": "USD", 
  "currency_symbol": "$", 
  "currency_trailing_code": true, 
  "deadline": 1338481200, 
  "disable_communication": false, 
  "goal": 15000.0, 
  "id": 1097555689, 
  "launched_at": 1334088888, 
  "location": {
    "country": "US", 
    "displayable_name": "Valdosta, GA", 
    "id": 2510659, 
    "name": "Valdosta", 
    "short_name": "Valdosta, GA", 
    "slug": "valdosta-ga", 
    "state": "GA", 
    "urls": {
      "api": {
        "nearby_projects": "https://api.kickstarter.com/v1/discover?signature=1405288447.715c170f1c8a781d537fb0c40692260f8f59cc83&woe_id=2510659"
      }, 
      "web": {
        "discover": "https://www.kickstarter.com/discover/places/valdosta-ga", 
        "location": "https://www.kickstarter.com/locations/valdosta-ga"
      }
    }
  }, 
  "name": "JavaWIDE - Collaborative Online IDE to Open Source", 
  "photo": {
    "1024x768": "https://s3.amazonaws.com/ksr/projects/112502/photo-1024x768.jpg?1397775540", 
    "1536x1152": "https://s3.amazonaws.com/ksr/projects/112502/photo-1536x1152.jpg?1397775540", 
    "ed": "https://s3.amazonaws.com/ksr/projects/112502/photo-ed.jpg?1397775540", 
    "full": "https://s3.amazonaws.com/ksr/projects/112502/photo-full.jpg?1397775540", 
    "little": "https://s3.amazonaws.com/ksr/projects/112502/photo-little.jpg?1397775540", 
    "med": "https://s3.amazonaws.com/ksr/projects/112502/photo-med.jpg?1397775540", 
    "small": "https://s3.amazonaws.com/ksr/projects/112502/photo-small.jpg?1397775540", 
    "thumb": "https://s3.amazonaws.com/ksr/projects/112502/photo-thumb.jpg?1397775540"
  }, 
  "pledged": 51.0, 
  "slug": "javawide-collaborative-online-ide-to-open-source", 
  "state": "failed", 
  "state_changed_at": 1338481200, 
  "urls": {
    "web": {
      "project": "https://www.kickstarter.com/projects/308815625/javawide-collaborative-online-ide-to-open-source", 
      "rewards": "https://www.kickstarter.com/projects/308815625/javawide-collaborative-online-ide-to-open-source/rewards"
    }
  }
}