{
  "backers_count": 130, 
  "blurb": "PolyBrowser is a revolutionary way to browse and experience the web. Let's create the future of web browsers, together!", 
  "category": {
    "id": 16, 
    "name": "Technology", 
    "position": 14, 
    "slug": "technology", 
    "urls": {
      "web": {
        "discover": "http://www.kickstarter.com/discover/categories/technology"
      }
    }
  }, 
  "country": "US", 
  "created_at": 1359397837, 
  "creator": {
    "avatar": {
      "medium": "https://s3.amazonaws.com/ksr/avatars/5306074/Profile-Square.medium.jpg?1359942730", 
      "small": "https://s3.amazonaws.com/ksr/avatars/5306074/Profile-Square.small.jpg?1359942730", 
      "thumb": "https://s3.amazonaws.com/ksr/avatars/5306074/Profile-Square.thumb.jpg?1359942730"
    }, 
    "id": 65495528, 
    "name": "Aaron T. Travis, MBA, CUA", 
    "urls": {
      "api": {
        "user": "https://api.kickstarter.com/v1/users/65495528?signature=1405310189.3d3bdb47b3c191bd4c7bec6c6a1b69ac11afc4a8"
      }, 
      "web": {
        "user": "https://www.kickstarter.com/profile/65495528"
      }
    }
  }, 
  "currency": "USD", 
  "currency_symbol": "$", 
  "currency_trailing_code": true, 
  "deadline": 1364816326, 
  "disable_communication": false, 
  "goal": 10000.0, 
  "id": 1097526029, 
  "launched_at": 1361363926, 
  "location": {
    "country": "US", 
    "displayable_name": "New York, NY", 
    "id": 2459115, 
    "name": "New York", 
    "short_name": "New York, NY", 
    "slug": "new-york-ny", 
    "state": "NY", 
    "urls": {
      "api": {
        "nearby_projects": "https://api.kickstarter.com/v1/discover?signature=1405283922.858662b9ca1ef63b6e0c38e6c88778c27a30fce5&woe_id=2459115"
      }, 
      "web": {
        "discover": "https://www.kickstarter.com/discover/places/new-york-ny", 
        "location": "https://www.kickstarter.com/locations/new-york-ny"
      }
    }
  }, 
  "name": "PolyBrowser", 
  "photo": {
    "1024x768": "https://s3.amazonaws.com/ksr/projects/446927/photo-1024x768.jpg?1397808955", 
    "1536x1152": "https://s3.amazonaws.com/ksr/projects/446927/photo-1536x1152.jpg?1397808955", 
    "ed": "https://s3.amazonaws.com/ksr/projects/446927/photo-ed.jpg?1397808955", 
    "full": "https://s3.amazonaws.com/ksr/projects/446927/photo-full.jpg?1397808955", 
    "little": "https://s3.amazonaws.com/ksr/projects/446927/photo-little.jpg?1397808955", 
    "med": "https://s3.amazonaws.com/ksr/projects/446927/photo-med.jpg?1397808955", 
    "small": "https://s3.amazonaws.com/ksr/projects/446927/photo-small.jpg?1397808955", 
    "thumb": "https://s3.amazonaws.com/ksr/projects/446927/photo-thumb.jpg?1397808955"
  }, 
  "pledged": 11264.0, 
  "slug": "polybrowser", 
  "state": "successful", 
  "state_changed_at": 1364816327, 
  "urls": {
    "web": {
      "project": "https://www.kickstarter.com/projects/65495528/polybrowser", 
      "rewards": "https://www.kickstarter.com/projects/65495528/polybrowser/rewards"
    }
  }
}