{
  "backers_count": 2, 
  "blurb": "\"A recording studio that will fit in your back pocket\"", 
  "category": {
    "id": 51, 
    "name": "Software", 
    "parent_id": 16, 
    "position": 11, 
    "slug": "technology/software", 
    "urls": {
      "web": {
        "discover": "http://www.kickstarter.com/discover/categories/technology/software"
      }
    }
  }, 
  "country": "US", 
  "created_at": 1343948377, 
  "creator": {
    "avatar": {
      "medium": "https://s3.amazonaws.com/ksr/avatars/3614177/myhot-app-logo.medium.jpg?1344147136", 
      "small": "https://s3.amazonaws.com/ksr/avatars/3614177/myhot-app-logo.small.jpg?1344147136", 
      "thumb": "https://s3.amazonaws.com/ksr/avatars/3614177/myhot-app-logo.thumb.jpg?1344147136"
    }, 
    "id": 1849482425, 
    "name": "MYHOT16", 
    "urls": {
      "api": {
        "user": "https://api.kickstarter.com/v1/users/1849482425?signature=1405310594.2e0bd8188faed76400f37b8dd4bee70d42f09a50"
      }, 
      "web": {
        "user": "https://www.kickstarter.com/profile/1849482425"
      }
    }
  }, 
  "currency": "USD", 
  "currency_symbol": "$", 
  "currency_trailing_code": true, 
  "deadline": 1353537616, 
  "disable_communication": false, 
  "goal": 100000.0, 
  "id": 1097280206, 
  "launched_at": 1350942016, 
  "location": {
    "country": "US", 
    "displayable_name": "Atlanta, GA", 
    "id": 2357024, 
    "name": "Atlanta", 
    "short_name": "Atlanta, GA", 
    "slug": "atlanta-ga", 
    "state": "GA", 
    "urls": {
      "api": {
        "nearby_projects": "https://api.kickstarter.com/v1/discover?signature=1405283921.1b31225794c42dde0f2056517ae465665bf74f0e&woe_id=2357024"
      }, 
      "web": {
        "discover": "https://www.kickstarter.com/discover/places/atlanta-ga", 
        "location": "https://www.kickstarter.com/locations/atlanta-ga"
      }
    }
  }, 
  "name": "Pocket Pad Studio configuration for the Android", 
  "photo": {
    "1024x768": "https://s3.amazonaws.com/ksr/projects/281476/photo-1024x768.jpg?1397792263", 
    "1536x1152": "https://s3.amazonaws.com/ksr/projects/281476/photo-1536x1152.jpg?1397792263", 
    "ed": "https://s3.amazonaws.com/ksr/projects/281476/photo-ed.jpg?1397792263", 
    "full": "https://s3.amazonaws.com/ksr/projects/281476/photo-full.jpg?1397792263", 
    "little": "https://s3.amazonaws.com/ksr/projects/281476/photo-little.jpg?1397792263", 
    "med": "https://s3.amazonaws.com/ksr/projects/281476/photo-med.jpg?1397792263", 
    "small": "https://s3.amazonaws.com/ksr/projects/281476/photo-small.jpg?1397792263", 
    "thumb": "https://s3.amazonaws.com/ksr/projects/281476/photo-thumb.jpg?1397792263"
  }, 
  "pledged": 149.0, 
  "slug": "pocket-pad-studio-configuration-for-the-android", 
  "state": "failed", 
  "state_changed_at": 1353537616, 
  "urls": {
    "web": {
      "project": "https://www.kickstarter.com/projects/1849482425/pocket-pad-studio-configuration-for-the-android", 
      "rewards": "https://www.kickstarter.com/projects/1849482425/pocket-pad-studio-configuration-for-the-android/rewards"
    }
  }
}