{
  "backers_count": 5, 
  "blurb": "Cityfrontier is a two-day St. Louis idea-fest bringing together the best minds, concepts, innovators, artists, and iconoclasts from across the region.", 
  "category": {
    "id": 51, 
    "name": "Software", 
    "parent_id": 16, 
    "position": 11, 
    "slug": "technology/software", 
    "urls": {
      "web": {
        "discover": "http://www.kickstarter.com/discover/categories/technology/software"
      }
    }
  }, 
  "country": "US", 
  "created_at": 1273604311, 
  "creator": {
    "avatar": {
      "medium": "https://s3.amazonaws.com/ksr/avatars/133024/24900358.medium.jpg?1288678195", 
      "small": "https://s3.amazonaws.com/ksr/avatars/133024/24900358.small.jpg?1288678195", 
      "thumb": "https://s3.amazonaws.com/ksr/avatars/133024/24900358.thumb.jpg?1288678195"
    }, 
    "id": 552776158, 
    "name": "RJ Koscielniak", 
    "slug": "floodwallstl", 
    "urls": {
      "api": {
        "user": "https://api.kickstarter.com/v1/users/552776158?signature=1405310579.427c15d8acc12693ceb549123e855f6e3c5a4c8a"
      }, 
      "web": {
        "user": "https://www.kickstarter.com/profile/floodwallstl"
      }
    }
  }, 
  "currency": "USD", 
  "currency_symbol": "$", 
  "currency_trailing_code": true, 
  "deadline": 1281070740, 
  "disable_communication": false, 
  "goal": 8500.0, 
  "id": 1097258261, 
  "launched_at": 1273611207, 
  "location": {
    "country": "US", 
    "displayable_name": "St. Louis, MO", 
    "id": 2486982, 
    "name": "St. Louis", 
    "short_name": "St. Louis, MO", 
    "slug": "st-louis-mo", 
    "state": "MO", 
    "urls": {
      "api": {
        "nearby_projects": "https://api.kickstarter.com/v1/discover?signature=1405283923.b866506a63ec8d39263983d2daa89d9a519a866e&woe_id=2486982"
      }, 
      "web": {
        "discover": "https://www.kickstarter.com/discover/places/st-louis-mo", 
        "location": "https://www.kickstarter.com/locations/st-louis-mo"
      }
    }
  }, 
  "name": "City Frontier: The Next Pioneers Live Here (Canceled)", 
  "photo": {
    "1024x768": "https://s3.amazonaws.com/ksr/projects/5873/photo-1024x768.jpg?1397755741", 
    "1536x1152": "https://s3.amazonaws.com/ksr/projects/5873/photo-1536x1152.jpg?1397755741", 
    "ed": "https://s3.amazonaws.com/ksr/projects/5873/photo-ed.jpg?1397755741", 
    "full": "https://s3.amazonaws.com/ksr/projects/5873/photo-full.jpg?1397755741", 
    "little": "https://s3.amazonaws.com/ksr/projects/5873/photo-little.jpg?1397755741", 
    "med": "https://s3.amazonaws.com/ksr/projects/5873/photo-med.jpg?1397755741", 
    "small": "https://s3.amazonaws.com/ksr/projects/5873/photo-small.jpg?1397755741", 
    "thumb": "https://s3.amazonaws.com/ksr/projects/5873/photo-thumb.jpg?1397755741"
  }, 
  "pledged": 213.47, 
  "slug": "city-frontier-the-next-pioneers-are-here", 
  "state": "canceled", 
  "state_changed_at": 1274319409, 
  "urls": {
    "web": {
      "project": "https://www.kickstarter.com/projects/floodwallstl/city-frontier-the-next-pioneers-are-here", 
      "rewards": "https://www.kickstarter.com/projects/floodwallstl/city-frontier-the-next-pioneers-are-here/rewards"
    }
  }
}