{
  "backers_count": 55, 
  "blurb": "Touch based Switches & Dimmers with connectivity using WiFi /Z-wave /Zigbee. Intelligent, Elegant, Solid state switches", 
  "category": {
    "id": 52, 
    "name": "Hardware", 
    "parent_id": 16, 
    "position": 8, 
    "slug": "technology/hardware", 
    "urls": {
      "web": {
        "discover": "http://www.kickstarter.com/discover/categories/technology/hardware"
      }
    }
  }, 
  "country": "US", 
  "created_at": 1361342421, 
  "creator": {
    "avatar": {
      "medium": "https://s3.amazonaws.com/ksr/avatars/5553295/Argha_A.medium.jpg?1376473623", 
      "small": "https://s3.amazonaws.com/ksr/avatars/5553295/Argha_A.small.jpg?1376473623", 
      "thumb": "https://s3.amazonaws.com/ksr/avatars/5553295/Argha_A.thumb.jpg?1376473623"
    }, 
    "id": 1382306421, 
    "name": "Aris Infosoft", 
    "slug": "adoratouch", 
    "urls": {
      "api": {
        "user": "https://api.kickstarter.com/v1/users/1382306421?signature=1405310371.91758049defb3731def9f2785b542c0183b1b9b3"
      }, 
      "web": {
        "user": "https://www.kickstarter.com/profile/adoratouch"
      }
    }
  }, 
  "currency": "USD", 
  "currency_symbol": "$", 
  "currency_trailing_code": true, 
  "deadline": 1381847432, 
  "disable_communication": false, 
  "goal": 100000.0, 
  "id": 1098106399, 
  "launched_at": 1376663432, 
  "location": {
    "country": "US", 
    "displayable_name": "San Diego, CA", 
    "id": 2487889, 
    "name": "San Diego", 
    "short_name": "San Diego, CA", 
    "slug": "san-diego-ca", 
    "state": "CA", 
    "urls": {
      "api": {
        "nearby_projects": "https://api.kickstarter.com/v1/discover?signature=1405283922.e0c8fea4757a0700693c6258522a3f528769b7ae&woe_id=2487889"
      }, 
      "web": {
        "discover": "https://www.kickstarter.com/discover/places/san-diego-ca", 
        "location": "https://www.kickstarter.com/locations/san-diego-ca"
      }
    }
  }, 
  "name": "Adora Touch Switches and Dimmers with WiFi / Zigbee", 
  "photo": {
    "1024x768": "https://s3.amazonaws.com/ksr/projects/467864/photo-1024x768.jpg?1397811188", 
    "1536x1152": "https://s3.amazonaws.com/ksr/projects/467864/photo-1536x1152.jpg?1397811188", 
    "ed": "https://s3.amazonaws.com/ksr/projects/467864/photo-ed.jpg?1397811188", 
    "full": "https://s3.amazonaws.com/ksr/projects/467864/photo-full.jpg?1397811188", 
    "little": "https://s3.amazonaws.com/ksr/projects/467864/photo-little.jpg?1397811188", 
    "med": "https://s3.amazonaws.com/ksr/projects/467864/photo-med.jpg?1397811188", 
    "small": "https://s3.amazonaws.com/ksr/projects/467864/photo-small.jpg?1397811188", 
    "thumb": "https://s3.amazonaws.com/ksr/projects/467864/photo-thumb.jpg?1397811188"
  }, 
  "pledged": 11658.0, 
  "slug": "adora-touch-switches-and-dimmers-with-wifi-zigbee", 
  "state": "canceled", 
  "state_changed_at": 1381772331, 
  "urls": {
    "web": {
      "project": "https://www.kickstarter.com/projects/adoratouch/adora-touch-switches-and-dimmers-with-wifi-zigbee", 
      "rewards": "https://www.kickstarter.com/projects/adoratouch/adora-touch-switches-and-dimmers-with-wifi-zigbee/rewards"
    }
  }
}