{
  "backers_count": 25, 
  "blurb": "An affordable alternative to remotely monitor beehives.", 
  "category": {
    "id": 16, 
    "name": "Technology", 
    "position": 14, 
    "slug": "technology", 
    "urls": {
      "web": {
        "discover": "http://www.kickstarter.com/discover/categories/technology"
      }
    }
  }, 
  "country": "NZ", 
  "created_at": 1390512689, 
  "creator": {
    "avatar": {
      "medium": "https://s3.amazonaws.com/ksr/avatars/8742675/kickstarter-profile1-pic.medium.jpg?1390512846", 
      "small": "https://s3.amazonaws.com/ksr/avatars/8742675/kickstarter-profile1-pic.small.jpg?1390512846", 
      "thumb": "https://s3.amazonaws.com/ksr/avatars/8742675/kickstarter-profile1-pic.thumb.jpg?1390512846"
    }, 
    "id": 1095266157, 
    "name": "Hivemind", 
    "slug": "hivemind", 
    "urls": {
      "api": {
        "user": "https://api.kickstarter.com/v1/users/1095266157?signature=1405310182.944d43ee400e5d2cc2562656a0eabdb46fdf46e7"
      }, 
      "web": {
        "user": "https://www.kickstarter.com/profile/hivemind"
      }
    }
  }, 
  "currency": "NZD", 
  "currency_symbol": "$", 
  "currency_trailing_code": true, 
  "deadline": 1404601210, 
  "disable_communication": false, 
  "goal": 7000.0, 
  "id": 1098747828, 
  "launched_at": 1399417210, 
  "location": {
    "country": "NZ", 
    "displayable_name": "Christchurch Central, NZ", 
    "id": 28676724, 
    "name": "Christchurch Central", 
    "short_name": "Christchurch Central, NZ", 
    "slug": "christchurch-central-christchurch-nz", 
    "state": "Canterbury", 
    "urls": {
      "api": {
        "nearby_projects": "https://api.kickstarter.com/v1/discover?signature=1405284044.32dfdb40134b277886c97796be00f263e8917acb&woe_id=28676724"
      }, 
      "web": {
        "discover": "https://www.kickstarter.com/discover/places/christchurch-central-christchurch-nz", 
        "location": "https://www.kickstarter.com/locations/christchurch-central-christchurch-nz"
      }
    }
  }, 
  "name": "Innovative Wireless Beehive Scales", 
  "photo": {
    "1024x768": "https://s3.amazonaws.com/ksr/projects/842062/photo-1024x768.jpg?1399250005", 
    "1536x1152": "https://s3.amazonaws.com/ksr/projects/842062/photo-1536x1152.jpg?1399250005", 
    "ed": "https://s3.amazonaws.com/ksr/projects/842062/photo-ed.jpg?1399250005", 
    "full": "https://s3.amazonaws.com/ksr/projects/842062/photo-full.jpg?1399250005", 
    "little": "https://s3.amazonaws.com/ksr/projects/842062/photo-little.jpg?1399250005", 
    "med": "https://s3.amazonaws.com/ksr/projects/842062/photo-med.jpg?1399250005", 
    "small": "https://s3.amazonaws.com/ksr/projects/842062/photo-small.jpg?1399250005", 
    "thumb": "https://s3.amazonaws.com/ksr/projects/842062/photo-thumb.jpg?1399250005"
  }, 
  "pledged": 15447.0, 
  "slug": "innovative-wireless-beehive-scales", 
  "state": "successful", 
  "state_changed_at": 1404601211, 
  "urls": {
    "web": {
      "project": "https://www.kickstarter.com/projects/hivemind/innovative-wireless-beehive-scales", 
      "rewards": "https://www.kickstarter.com/projects/hivemind/innovative-wireless-beehive-scales/rewards"
    }
  }
}