{
  "backers_count": 3, 
  "blurb": "We set out to design a product that every college student would want to get their hands on.", 
  "category": {
    "id": 51, 
    "name": "Software", 
    "parent_id": 16, 
    "position": 11, 
    "slug": "technology/software", 
    "urls": {
      "web": {
        "discover": "http://www.kickstarter.com/discover/categories/technology/software"
      }
    }
  }, 
  "country": "US", 
  "created_at": 1389987241, 
  "creator": {
    "avatar": {
      "medium": "https://s3.amazonaws.com/ksr/avatars/9366166/Desktop.medium.jpg?1399596607", 
      "small": "https://s3.amazonaws.com/ksr/avatars/9366166/Desktop.small.jpg?1399596607", 
      "thumb": "https://s3.amazonaws.com/ksr/avatars/9366166/Desktop.thumb.jpg?1399596607"
    }, 
    "id": 1707952078, 
    "name": "The College Team", 
    "urls": {
      "api": {
        "user": "https://api.kickstarter.com/v1/users/1707952078?signature=1405310649.a6f7996def8b9c39e723177bf8d9173d39a7f667"
      }, 
      "web": {
        "user": "https://www.kickstarter.com/profile/1707952078"
      }
    }
  }, 
  "currency": "USD", 
  "currency_symbol": "$", 
  "currency_trailing_code": true, 
  "deadline": 1400043491, 
  "disable_communication": false, 
  "goal": 10000.0, 
  "id": 1099576149, 
  "launched_at": 1397451491, 
  "location": {
    "country": "US", 
    "displayable_name": "Hoboken, NJ", 
    "id": 2422673, 
    "name": "Hoboken", 
    "short_name": "Hoboken, NJ", 
    "slug": "hoboken-nj", 
    "state": "NJ", 
    "urls": {
      "api": {
        "nearby_projects": "https://api.kickstarter.com/v1/discover?signature=1405283945.0cb84aaeb9b1e3b4bac67ff2be4d14e2d4292cc4&woe_id=2422673"
      }, 
      "web": {
        "discover": "https://www.kickstarter.com/discover/places/hoboken-nj", 
        "location": "https://www.kickstarter.com/locations/hoboken-nj"
      }
    }
  }, 
  "name": "College: The App (Canceled)", 
  "photo": {
    "1024x768": "https://s3.amazonaws.com/ksr/projects/834394/photo-1024x768.jpg?1397864228", 
    "1536x1152": "https://s3.amazonaws.com/ksr/projects/834394/photo-1536x1152.jpg?1397864228", 
    "ed": "https://s3.amazonaws.com/ksr/projects/834394/photo-ed.jpg?1397864228", 
    "full": "https://s3.amazonaws.com/ksr/projects/834394/photo-full.jpg?1397864228", 
    "little": "https://s3.amazonaws.com/ksr/projects/834394/photo-little.jpg?1397864228", 
    "med": "https://s3.amazonaws.com/ksr/projects/834394/photo-med.jpg?1397864228", 
    "small": "https://s3.amazonaws.com/ksr/projects/834394/photo-small.jpg?1397864228", 
    "thumb": "https://s3.amazonaws.com/ksr/projects/834394/photo-thumb.jpg?1397864228"
  }, 
  "pledged": 14.0, 
  "slug": "college-the-app", 
  "state": "canceled", 
  "state_changed_at": 1398144044, 
  "urls": {
    "web": {
      "project": "https://www.kickstarter.com/projects/1707952078/college-the-app", 
      "rewards": "https://www.kickstarter.com/projects/1707952078/college-the-app/rewards"
    }
  }
}