{
  "backers_count": 14, 
  "blurb": "Makeout Map is an app which helps couples quickly find secluded romantic locations.", 
  "category": {
    "id": 16, 
    "name": "Technology", 
    "position": 14, 
    "slug": "technology", 
    "urls": {
      "web": {
        "discover": "http://www.kickstarter.com/discover/categories/technology"
      }
    }
  }, 
  "country": "US", 
  "created_at": 1376527868, 
  "creator": {
    "avatar": {
      "medium": "https://s3.amazonaws.com/ksr/avatars/2387191/1005774_10201467166939051_1434703139_n.medium.jpg?1376603350", 
      "small": "https://s3.amazonaws.com/ksr/avatars/2387191/1005774_10201467166939051_1434703139_n.small.jpg?1376603350", 
      "thumb": "https://s3.amazonaws.com/ksr/avatars/2387191/1005774_10201467166939051_1434703139_n.thumb.jpg?1376603350"
    }, 
    "id": 709742005, 
    "name": "Ryan Rothweiler", 
    "urls": {
      "api": {
        "user": "https://api.kickstarter.com/v1/users/709742005?signature=1405310607.cd784989acfff19c6df0e263296213960531c521"
      }, 
      "web": {
        "user": "https://www.kickstarter.com/profile/709742005"
      }
    }
  }, 
  "currency": "USD", 
  "currency_symbol": "$", 
  "currency_trailing_code": true, 
  "deadline": 1381635747, 
  "disable_communication": false, 
  "goal": 3000.0, 
  "id": 1100815120, 
  "launched_at": 1379043747, 
  "location": {
    "country": "US", 
    "displayable_name": "Salem, OR", 
    "id": 2487384, 
    "name": "Salem", 
    "short_name": "Salem, OR", 
    "slug": "salem-or", 
    "state": "OR", 
    "urls": {
      "api": {
        "nearby_projects": "https://api.kickstarter.com/v1/discover?signature=1405283938.5e9fc830ef31c9e394758dc55507de7940dd9b3d&woe_id=2487384"
      }, 
      "web": {
        "discover": "https://www.kickstarter.com/discover/places/salem-or", 
        "location": "https://www.kickstarter.com/locations/salem-or"
      }
    }
  }, 
  "name": "Makeout Map", 
  "photo": {
    "1024x768": "https://s3.amazonaws.com/ksr/projects/650761/photo-1024x768.jpg?1397830891", 
    "1536x1152": "https://s3.amazonaws.com/ksr/projects/650761/photo-1536x1152.jpg?1397830891", 
    "ed": "https://s3.amazonaws.com/ksr/projects/650761/photo-ed.jpg?1397830891", 
    "full": "https://s3.amazonaws.com/ksr/projects/650761/photo-full.jpg?1397830891", 
    "little": "https://s3.amazonaws.com/ksr/projects/650761/photo-little.jpg?1397830891", 
    "med": "https://s3.amazonaws.com/ksr/projects/650761/photo-med.jpg?1397830891", 
    "small": "https://s3.amazonaws.com/ksr/projects/650761/photo-small.jpg?1397830891", 
    "thumb": "https://s3.amazonaws.com/ksr/projects/650761/photo-thumb.jpg?1397830891"
  }, 
  "pledged": 109.0, 
  "slug": "makeout-map", 
  "state": "failed", 
  "state_changed_at": 1381635747, 
  "urls": {
    "web": {
      "project": "https://www.kickstarter.com/projects/709742005/makeout-map", 
      "rewards": "https://www.kickstarter.com/projects/709742005/makeout-map/rewards"
    }
  }
}