{
  "backers_count": 153, 
  "blurb": "Super simple, always watertight, 3D modeling mashup tool for meshes, designed for painless and direct 3D printing.", 
  "category": {
    "id": 16, 
    "name": "Technology", 
    "position": 14, 
    "slug": "technology", 
    "urls": {
      "web": {
        "discover": "http://www.kickstarter.com/discover/categories/technology"
      }
    }
  }, 
  "country": "US", 
  "created_at": 1349131473, 
  "creator": {
    "avatar": {
      "medium": "https://s3.amazonaws.com/ksr/avatars/4239832/logo_on_white.medium.jpg?1350403057", 
      "small": "https://s3.amazonaws.com/ksr/avatars/4239832/logo_on_white.small.jpg?1350403057", 
      "thumb": "https://s3.amazonaws.com/ksr/avatars/4239832/logo_on_white.thumb.jpg?1350403057"
    }, 
    "id": 723819776, 
    "name": "Uformia", 
    "urls": {
      "api": {
        "user": "https://api.kickstarter.com/v1/users/723819776?signature=1405310147.ca5c8ab69c6a4ebfe2ce46abe5791c884c8e154d"
      }, 
      "web": {
        "user": "https://www.kickstarter.com/profile/723819776"
      }
    }
  }, 
  "currency": "USD", 
  "currency_symbol": "$", 
  "currency_trailing_code": true, 
  "deadline": 1353279488, 
  "disable_communication": false, 
  "goal": 25000.0, 
  "id": 110176601, 
  "launched_at": 1350683888, 
  "location": {
    "country": "NO", 
    "displayable_name": "Furuflaten, Norway", 
    "id": 858782, 
    "name": "Furuflaten", 
    "short_name": "Furuflaten, Norway", 
    "slug": "furuflaten-no", 
    "state": "Troms Fylke", 
    "urls": {
      "api": {
        "nearby_projects": "https://api.kickstarter.com/v1/discover?signature=1405285245.b31cd405e67185f83df0fbd214d394238f8eecee&woe_id=858782"
      }, 
      "web": {
        "discover": "https://www.kickstarter.com/discover/places/furuflaten-no", 
        "location": "https://www.kickstarter.com/locations/furuflaten-no"
      }
    }
  }, 
  "name": "MeshUp: Mashup for meshes", 
  "photo": {
    "1024x768": "https://s3.amazonaws.com/ksr/projects/353507/photo-1024x768.jpg?1397799075", 
    "1536x1152": "https://s3.amazonaws.com/ksr/projects/353507/photo-1536x1152.jpg?1397799075", 
    "ed": "https://s3.amazonaws.com/ksr/projects/353507/photo-ed.jpg?1397799075", 
    "full": "https://s3.amazonaws.com/ksr/projects/353507/photo-full.jpg?1397799075", 
    "little": "https://s3.amazonaws.com/ksr/projects/353507/photo-little.jpg?1397799075", 
    "med": "https://s3.amazonaws.com/ksr/projects/353507/photo-med.jpg?1397799075", 
    "small": "https://s3.amazonaws.com/ksr/projects/353507/photo-small.jpg?1397799075", 
    "thumb": "https://s3.amazonaws.com/ksr/projects/353507/photo-thumb.jpg?1397799075"
  }, 
  "pledged": 28082.0, 
  "slug": "meshup-mashup-for-meshes", 
  "state": "successful", 
  "state_changed_at": 1353279488, 
  "urls": {
    "web": {
      "project": "https://www.kickstarter.com/projects/723819776/meshup-mashup-for-meshes", 
      "rewards": "https://www.kickstarter.com/projects/723819776/meshup-mashup-for-meshes/rewards"
    }
  }
}