{
  "backers_count": 1, 
  "blurb": "Movie My Life: The app that brings the excitement of movie music to your normal day .  It provides the sound track your life deserves.", 
  "category": {
    "id": 16, 
    "name": "Technology", 
    "position": 14, 
    "slug": "technology", 
    "urls": {
      "web": {
        "discover": "http://www.kickstarter.com/discover/categories/technology"
      }
    }
  }, 
  "country": "US", 
  "created_at": 1312488849, 
  "creator": {
    "avatar": {
      "medium": "https://s3.amazonaws.com/ksr/avatars/1187305/Mike%20Pic%20(2).medium.jpg?1312493635", 
      "small": "https://s3.amazonaws.com/ksr/avatars/1187305/Mike%20Pic%20(2).small.jpg?1312493635", 
      "thumb": "https://s3.amazonaws.com/ksr/avatars/1187305/Mike%20Pic%20(2).thumb.jpg?1312493635"
    }, 
    "id": 1930138932, 
    "name": "Mike Howdyshell", 
    "urls": {
      "api": {
        "user": "https://api.kickstarter.com/v1/users/1930138932?signature=1405310641.28f8c695c9c81c9488e4620383284bb6e0091eb3"
      }, 
      "web": {
        "user": "https://www.kickstarter.com/profile/1930138932"
      }
    }
  }, 
  "currency": "USD", 
  "currency_symbol": "$", 
  "currency_trailing_code": true, 
  "deadline": 1316389419, 
  "disable_communication": false, 
  "goal": 1000.0, 
  "id": 1101184739, 
  "launched_at": 1312501419, 
  "location": {
    "country": "US", 
    "displayable_name": "Harrisonburg, VA", 
    "id": 2418117, 
    "name": "Harrisonburg", 
    "short_name": "Harrisonburg, VA", 
    "slug": "harrisonburg-va", 
    "state": "VA", 
    "urls": {
      "api": {
        "nearby_projects": "https://api.kickstarter.com/v1/discover?signature=1405284013.b9896c79f540a9cabb1dc84c5cf4a32a03cb6de7&woe_id=2418117"
      }, 
      "web": {
        "discover": "https://www.kickstarter.com/discover/places/harrisonburg-va", 
        "location": "https://www.kickstarter.com/locations/harrisonburg-va"
      }
    }
  }, 
  "name": "\"Movie My Life\" App for Movie/Music Lovers (Canceled)", 
  "photo": {
    "1024x768": "https://s3.amazonaws.com/ksr/projects/44597/photo-1024x768.jpg?1397765247", 
    "1536x1152": "https://s3.amazonaws.com/ksr/projects/44597/photo-1536x1152.jpg?1397765247", 
    "ed": "https://s3.amazonaws.com/ksr/projects/44597/photo-ed.jpg?1397765247", 
    "full": "https://s3.amazonaws.com/ksr/projects/44597/photo-full.jpg?1397765247", 
    "little": "https://s3.amazonaws.com/ksr/projects/44597/photo-little.jpg?1397765247", 
    "med": "https://s3.amazonaws.com/ksr/projects/44597/photo-med.jpg?1397765247", 
    "small": "https://s3.amazonaws.com/ksr/projects/44597/photo-small.jpg?1397765247", 
    "thumb": "https://s3.amazonaws.com/ksr/projects/44597/photo-thumb.jpg?1397765247"
  }, 
  "pledged": 25.0, 
  "slug": "movie-my-life-app-for-movie-music-lovers", 
  "state": "canceled", 
  "state_changed_at": 1313961200, 
  "urls": {
    "web": {
      "project": "https://www.kickstarter.com/projects/1930138932/movie-my-life-app-for-movie-music-lovers", 
      "rewards": "https://www.kickstarter.com/projects/1930138932/movie-my-life-app-for-movie-music-lovers/rewards"
    }
  }
}