{
  "backers_count": 11124, 
  "blurb": "Ever played Mario on Play-Doh or Piano on Bananas? Alligator clip the Internet to your world and start inventing the future.", 
  "category": {
    "id": 334, 
    "name": "DIY Electronics", 
    "parent_id": 16, 
    "position": 4, 
    "slug": "technology/diy electronics", 
    "urls": {
      "web": {
        "discover": "http://www.kickstarter.com/discover/categories/technology/diy%20electronics"
      }
    }
  }, 
  "country": "US", 
  "created_at": 1335675368, 
  "creator": {
    "avatar": {
      "medium": "https://s3.amazonaws.com/ksr/avatars/2637496/6069179452_ea8f30b4fd_b.medium.jpg?1336198155", 
      "small": "https://s3.amazonaws.com/ksr/avatars/2637496/6069179452_ea8f30b4fd_b.small.jpg?1336198155", 
      "thumb": "https://s3.amazonaws.com/ksr/avatars/2637496/6069179452_ea8f30b4fd_b.thumb.jpg?1336198155"
    }, 
    "id": 1234340007, 
    "name": "Jay Silver", 
    "slug": "joylabs", 
    "urls": {
      "api": {
        "user": "https://api.kickstarter.com/v1/users/1234340007?signature=1405309788.0e82a6d962a38418ed47b1cdd69608ae0002189d"
      }, 
      "web": {
        "user": "https://www.kickstarter.com/profile/joylabs"
      }
    }
  }, 
  "currency": "USD", 
  "currency_symbol": "$", 
  "currency_trailing_code": true, 
  "deadline": 1339545600, 
  "disable_communication": false, 
  "goal": 25000.0, 
  "id": 1101572780, 
  "launched_at": 1336970706, 
  "location": {
    "country": "US", 
    "displayable_name": "Santa Cruz, CA", 
    "id": 2488853, 
    "name": "Santa Cruz", 
    "short_name": "Santa Cruz, CA", 
    "slug": "santa-cruz-ca", 
    "state": "CA", 
    "urls": {
      "api": {
        "nearby_projects": "https://api.kickstarter.com/v1/discover?signature=1405283929.bf2716ac01e3fe3377a08627157c9019969e1529&woe_id=2488853"
      }, 
      "web": {
        "discover": "https://www.kickstarter.com/discover/places/santa-cruz-ca", 
        "location": "https://www.kickstarter.com/locations/santa-cruz-ca"
      }
    }
  }, 
  "name": "MaKey MaKey: An Invention Kit for Everyone", 
  "photo": {
    "1024x768": "https://s3.amazonaws.com/ksr/projects/159401/photo-1024x768.jpg?1397780153", 
    "1536x1152": "https://s3.amazonaws.com/ksr/projects/159401/photo-1536x1152.jpg?1397780153", 
    "ed": "https://s3.amazonaws.com/ksr/projects/159401/photo-ed.jpg?1397780153", 
    "full": "https://s3.amazonaws.com/ksr/projects/159401/photo-full.jpg?1397780153", 
    "little": "https://s3.amazonaws.com/ksr/projects/159401/photo-little.jpg?1397780153", 
    "med": "https://s3.amazonaws.com/ksr/projects/159401/photo-med.jpg?1397780153", 
    "small": "https://s3.amazonaws.com/ksr/projects/159401/photo-small.jpg?1397780153", 
    "thumb": "https://s3.amazonaws.com/ksr/projects/159401/photo-thumb.jpg?1397780153"
  }, 
  "pledged": 568106.13, 
  "slug": "makey-makey-an-invention-kit-for-everyone", 
  "state": "successful", 
  "state_changed_at": 1339545618, 
  "urls": {
    "web": {
      "project": "https://www.kickstarter.com/projects/joylabs/makey-makey-an-invention-kit-for-everyone", 
      "rewards": "https://www.kickstarter.com/projects/joylabs/makey-makey-an-invention-kit-for-everyone/rewards"
    }
  }
}