{
  "backers_count": 117, 
  "blurb": "Hackerspace: a collaborative nonprofit tool shop that brings artists & makers together. We've grown so quickly that we're out of room!", 
  "category": {
    "id": 16, 
    "name": "Technology", 
    "position": 14, 
    "slug": "technology", 
    "urls": {
      "web": {
        "discover": "http://www.kickstarter.com/discover/categories/technology"
      }
    }
  }, 
  "country": "US", 
  "created_at": 1371781764, 
  "creator": {
    "avatar": {
      "medium": "https://s3.amazonaws.com/ksr/avatars/6831064/fb_profile_picture.medium.jpg?1371785458", 
      "small": "https://s3.amazonaws.com/ksr/avatars/6831064/fb_profile_picture.small.jpg?1371785458", 
      "thumb": "https://s3.amazonaws.com/ksr/avatars/6831064/fb_profile_picture.thumb.jpg?1371785458"
    }, 
    "id": 933184239, 
    "name": "Jeremy Briddle", 
    "urls": {
      "api": {
        "user": "https://api.kickstarter.com/v1/users/933184239?signature=1405310052.67901a963fbaac0a6352931b67f4ae3cbb2e93e7"
      }, 
      "web": {
        "user": "https://www.kickstarter.com/profile/933184239"
      }
    }
  }, 
  "currency": "USD", 
  "currency_symbol": "$", 
  "currency_trailing_code": true, 
  "deadline": 1376359988, 
  "disable_communication": false, 
  "goal": 3000.0, 
  "id": 1102619361, 
  "launched_at": 1373767988, 
  "location": {
    "country": "US", 
    "displayable_name": "Tucson, AZ", 
    "id": 2508428, 
    "name": "Tucson", 
    "short_name": "Tucson, AZ", 
    "slug": "tucson-az", 
    "state": "AZ", 
    "urls": {
      "api": {
        "nearby_projects": "https://api.kickstarter.com/v1/discover?signature=1405283926.b2b789e91f02dedebd638e62c60cd0de96904fb7&woe_id=2508428"
      }, 
      "web": {
        "discover": "https://www.kickstarter.com/discover/places/tucson-az", 
        "location": "https://www.kickstarter.com/locations/tucson-az"
      }
    }
  }, 
  "name": "Xerocraft Hackerspace of Tucson is Expanding!", 
  "photo": {
    "1024x768": "https://s3.amazonaws.com/ksr/projects/596247/photo-1024x768.jpg?1397824871", 
    "1536x1152": "https://s3.amazonaws.com/ksr/projects/596247/photo-1536x1152.jpg?1397824871", 
    "ed": "https://s3.amazonaws.com/ksr/projects/596247/photo-ed.jpg?1397824871", 
    "full": "https://s3.amazonaws.com/ksr/projects/596247/photo-full.jpg?1397824871", 
    "little": "https://s3.amazonaws.com/ksr/projects/596247/photo-little.jpg?1397824871", 
    "med": "https://s3.amazonaws.com/ksr/projects/596247/photo-med.jpg?1397824871", 
    "small": "https://s3.amazonaws.com/ksr/projects/596247/photo-small.jpg?1397824871", 
    "thumb": "https://s3.amazonaws.com/ksr/projects/596247/photo-thumb.jpg?1397824871"
  }, 
  "pledged": 6500.0, 
  "slug": "xerocraft-hackerspace-of-tucson-is-expanding", 
  "state": "successful", 
  "state_changed_at": 1376359989, 
  "urls": {
    "web": {
      "project": "https://www.kickstarter.com/projects/933184239/xerocraft-hackerspace-of-tucson-is-expanding", 
      "rewards": "https://www.kickstarter.com/projects/933184239/xerocraft-hackerspace-of-tucson-is-expanding/rewards"
    }
  }
}