{
  "backers_count": 7, 
  "blurb": "BingoBo presents a well-organized web where you can find, save and share the useful information by a few clicks.", 
  "category": {
    "id": 16, 
    "name": "Technology", 
    "position": 14, 
    "slug": "technology", 
    "urls": {
      "web": {
        "discover": "http://www.kickstarter.com/discover/categories/technology"
      }
    }
  }, 
  "country": "US", 
  "created_at": 1385942725, 
  "creator": {
    "avatar": {
      "medium": "https://s3.amazonaws.com/ksr/avatars/8615366/BingoBo.medium.jpg?1386406115", 
      "small": "https://s3.amazonaws.com/ksr/avatars/8615366/BingoBo.small.jpg?1386406115", 
      "thumb": "https://s3.amazonaws.com/ksr/avatars/8615366/BingoBo.thumb.jpg?1386406115"
    }, 
    "id": 1986902972, 
    "name": "Danmark Clara", 
    "urls": {
      "api": {
        "user": "https://api.kickstarter.com/v1/users/1986902972?signature=1405310620.9687e8d566d18516d3fe0238375fbe3475fe6b10"
      }, 
      "web": {
        "user": "https://www.kickstarter.com/profile/1986902972"
      }
    }
  }, 
  "currency": "USD", 
  "currency_symbol": "$", 
  "currency_trailing_code": true, 
  "deadline": 1391157353, 
  "disable_communication": false, 
  "goal": 5000.0, 
  "id": 1103511169, 
  "launched_at": 1387182953, 
  "location": {
    "country": "US", 
    "displayable_name": "Los Angeles, CA", 
    "id": 2442047, 
    "name": "Los Angeles", 
    "short_name": "Los Angeles, CA", 
    "slug": "los-angeles-ca", 
    "state": "CA", 
    "urls": {
      "api": {
        "nearby_projects": "https://api.kickstarter.com/v1/discover?signature=1405283921.ee3a1133214a755b6f367baa5289215cf97407d4&woe_id=2442047"
      }, 
      "web": {
        "discover": "https://www.kickstarter.com/discover/places/los-angeles-ca", 
        "location": "https://www.kickstarter.com/locations/los-angeles-ca"
      }
    }
  }, 
  "name": "BingoBo: Build your Private Web\u2122", 
  "photo": {
    "1024x768": "https://s3.amazonaws.com/ksr/projects/780744/photo-1024x768.jpg?1397858431", 
    "1536x1152": "https://s3.amazonaws.com/ksr/projects/780744/photo-1536x1152.jpg?1397858431", 
    "ed": "https://s3.amazonaws.com/ksr/projects/780744/photo-ed.jpg?1397858431", 
    "full": "https://s3.amazonaws.com/ksr/projects/780744/photo-full.jpg?1397858431", 
    "little": "https://s3.amazonaws.com/ksr/projects/780744/photo-little.jpg?1397858431", 
    "med": "https://s3.amazonaws.com/ksr/projects/780744/photo-med.jpg?1397858431", 
    "small": "https://s3.amazonaws.com/ksr/projects/780744/photo-small.jpg?1397858431", 
    "thumb": "https://s3.amazonaws.com/ksr/projects/780744/photo-thumb.jpg?1397858431"
  }, 
  "pledged": 62.0, 
  "slug": "bingobo-build-your-private-web-tm", 
  "state": "failed", 
  "state_changed_at": 1391157354, 
  "urls": {
    "web": {
      "project": "https://www.kickstarter.com/projects/1986902972/bingobo-build-your-private-web-tm", 
      "rewards": "https://www.kickstarter.com/projects/1986902972/bingobo-build-your-private-web-tm/rewards"
    }
  }
}