{
  "backers_count": 157, 
  "blurb": "Retro pixel art display with 1024 LED pixels controlled from your smartphone or PC", 
  "category": {
    "id": 52, 
    "name": "Hardware", 
    "parent_id": 16, 
    "position": 8, 
    "slug": "technology/hardware", 
    "urls": {
      "web": {
        "discover": "http://www.kickstarter.com/discover/categories/technology/hardware"
      }
    }
  }, 
  "country": "US", 
  "created_at": 1386733486, 
  "creator": {
    "avatar": {
      "medium": "https://s3.amazonaws.com/ksr/avatars/2043161/al-profile3.medium.jpg?1393052050", 
      "small": "https://s3.amazonaws.com/ksr/avatars/2043161/al-profile3.small.jpg?1393052050", 
      "thumb": "https://s3.amazonaws.com/ksr/avatars/2043161/al-profile3.thumb.jpg?1393052050"
    }, 
    "id": 996412530, 
    "name": "Al Linke", 
    "slug": "alinke", 
    "urls": {
      "api": {
        "user": "https://api.kickstarter.com/v1/users/996412530?signature=1405310140.1d7fc38b508abb46b45402af0c79a2b595ef9417"
      }, 
      "web": {
        "user": "https://www.kickstarter.com/profile/alinke"
      }
    }
  }, 
  "currency": "USD", 
  "currency_symbol": "$", 
  "currency_trailing_code": true, 
  "deadline": 1394621994, 
  "disable_communication": false, 
  "goal": 10000.0, 
  "id": 1103469253, 
  "launched_at": 1389441594, 
  "location": {
    "country": "US", 
    "displayable_name": "Santa Clara, CA", 
    "id": 2488836, 
    "name": "Santa Clara", 
    "short_name": "Santa Clara, CA", 
    "slug": "santa-clara-ca", 
    "state": "CA", 
    "urls": {
      "api": {
        "nearby_projects": "https://api.kickstarter.com/v1/discover?signature=1405283928.80916659849e18864ff0ecf052d3849a34c5607a&woe_id=2488836"
      }, 
      "web": {
        "discover": "https://www.kickstarter.com/discover/places/santa-clara-ca", 
        "location": "https://www.kickstarter.com/locations/santa-clara-ca"
      }
    }
  }, 
  "name": "PIXEL V2: LED ART", 
  "photo": {
    "1024x768": "https://s3.amazonaws.com/ksr/projects/792237/photo-1024x768.jpg?1397859820", 
    "1536x1152": "https://s3.amazonaws.com/ksr/projects/792237/photo-1536x1152.jpg?1397859820", 
    "ed": "https://s3.amazonaws.com/ksr/projects/792237/photo-ed.jpg?1397859820", 
    "full": "https://s3.amazonaws.com/ksr/projects/792237/photo-full.jpg?1397859820", 
    "little": "https://s3.amazonaws.com/ksr/projects/792237/photo-little.jpg?1397859820", 
    "med": "https://s3.amazonaws.com/ksr/projects/792237/photo-med.jpg?1397859820", 
    "small": "https://s3.amazonaws.com/ksr/projects/792237/photo-small.jpg?1397859820", 
    "thumb": "https://s3.amazonaws.com/ksr/projects/792237/photo-thumb.jpg?1397859820"
  }, 
  "pledged": 32652.0, 
  "slug": "pixel-led-art", 
  "state": "successful", 
  "state_changed_at": 1394622016, 
  "urls": {
    "web": {
      "project": "https://www.kickstarter.com/projects/alinke/pixel-led-art", 
      "rewards": "https://www.kickstarter.com/projects/alinke/pixel-led-art/rewards"
    }
  }
}