{
  "backers_count": 23, 
  "blurb": "A new and exciting way to Create! Art projects, 3d printer mold production, Coat your floor, Line truck beds. Insulate your home.", 
  "category": {
    "id": 16, 
    "name": "Technology", 
    "position": 14, 
    "slug": "technology", 
    "urls": {
      "web": {
        "discover": "http://www.kickstarter.com/discover/categories/technology"
      }
    }
  }, 
  "country": "US", 
  "created_at": 1334599129, 
  "creator": {
    "avatar": {
      "medium": "https://s3.amazonaws.com/ksr/avatars/1855787/new_camara_pics_135.medium.jpg?1355345593", 
      "small": "https://s3.amazonaws.com/ksr/avatars/1855787/new_camara_pics_135.small.jpg?1355345593", 
      "thumb": "https://s3.amazonaws.com/ksr/avatars/1855787/new_camara_pics_135.thumb.jpg?1355345593"
    }, 
    "id": 1706196869, 
    "name": "William A. Mace", 
    "urls": {
      "api": {
        "user": "https://api.kickstarter.com/v1/users/1706196869?signature=1405310394.218517cf298a89b6b1f9e7ea7a54761d37db91a4"
      }, 
      "web": {
        "user": "https://www.kickstarter.com/profile/1706196869"
      }
    }
  }, 
  "currency": "USD", 
  "currency_symbol": "$", 
  "currency_trailing_code": true, 
  "deadline": 1340218800, 
  "disable_communication": false, 
  "goal": 35000.0, 
  "id": 1103454542, 
  "launched_at": 1337614253, 
  "location": {
    "country": "US", 
    "displayable_name": "Seattle, WA", 
    "id": 2490383, 
    "name": "Seattle", 
    "short_name": "Seattle, WA", 
    "slug": "seattle-wa", 
    "state": "WA", 
    "urls": {
      "api": {
        "nearby_projects": "https://api.kickstarter.com/v1/discover?signature=1405283923.67c73dbf9dca0017ef5760ce9a5b28f4ece59887&woe_id=2490383"
      }, 
      "web": {
        "discover": "https://www.kickstarter.com/discover/places/seattle-wa", 
        "location": "https://www.kickstarter.com/locations/seattle-wa"
      }
    }
  }, 
  "name": "Enter the Dra-gun a 3d copier/art precision tool", 
  "photo": {
    "1024x768": "https://s3.amazonaws.com/ksr/projects/140613/photo-1024x768.jpg?1397778403", 
    "1536x1152": "https://s3.amazonaws.com/ksr/projects/140613/photo-1536x1152.jpg?1397778403", 
    "ed": "https://s3.amazonaws.com/ksr/projects/140613/photo-ed.jpg?1397778403", 
    "full": "https://s3.amazonaws.com/ksr/projects/140613/photo-full.jpg?1397778403", 
    "little": "https://s3.amazonaws.com/ksr/projects/140613/photo-little.jpg?1397778403", 
    "med": "https://s3.amazonaws.com/ksr/projects/140613/photo-med.jpg?1397778403", 
    "small": "https://s3.amazonaws.com/ksr/projects/140613/photo-small.jpg?1397778403", 
    "thumb": "https://s3.amazonaws.com/ksr/projects/140613/photo-thumb.jpg?1397778403"
  }, 
  "pledged": 5794.0, 
  "slug": "enter-the-dra-gun-a-3d-copier-art-precision-tool", 
  "state": "failed", 
  "state_changed_at": 1340218817, 
  "urls": {
    "web": {
      "project": "https://www.kickstarter.com/projects/1706196869/enter-the-dra-gun-a-3d-copier-art-precision-tool", 
      "rewards": "https://www.kickstarter.com/projects/1706196869/enter-the-dra-gun-a-3d-copier-art-precision-tool/rewards"
    }
  }
}