{
  "backers_count": 32, 
  "blurb": "Leave your wires behind with RADiuS - an Open Hardware Arduino-compatible shield for the Easy Radio Advanced RF Module.", 
  "category": {
    "id": 52, 
    "name": "Hardware", 
    "parent_id": 16, 
    "position": 8, 
    "slug": "technology/hardware", 
    "urls": {
      "web": {
        "discover": "http://www.kickstarter.com/discover/categories/technology/hardware"
      }
    }
  }, 
  "country": "US", 
  "created_at": 1330407558, 
  "creator": {
    "avatar": {
      "medium": "https://s3.amazonaws.com/ksr/avatars/657494/RWinscot_BW.medium.jpg?1330417654", 
      "small": "https://s3.amazonaws.com/ksr/avatars/657494/RWinscot_BW.small.jpg?1330417654", 
      "thumb": "https://s3.amazonaws.com/ksr/avatars/657494/RWinscot_BW.thumb.jpg?1330417654"
    }, 
    "id": 443556734, 
    "name": "rwinscot", 
    "urls": {
      "api": {
        "user": "https://api.kickstarter.com/v1/users/443556734?signature=1405310463.3ea7573b21b0dbbd8ebde3c347154ffb253a9e4c"
      }, 
      "web": {
        "user": "https://www.kickstarter.com/profile/443556734"
      }
    }
  }, 
  "currency": "USD", 
  "currency_symbol": "$", 
  "currency_trailing_code": true, 
  "deadline": 1333296210, 
  "disable_communication": false, 
  "goal": 10000.0, 
  "id": 1103028318, 
  "launched_at": 1330707810, 
  "location": {
    "country": "US", 
    "displayable_name": "State College, PA", 
    "id": 2499253, 
    "name": "State College", 
    "short_name": "State College, PA", 
    "slug": "state-college-pa", 
    "state": "PA", 
    "urls": {
      "api": {
        "nearby_projects": "https://api.kickstarter.com/v1/discover?signature=1405283947.76ac4aef2137af81fde7bf6c4602a110b37637eb&woe_id=2499253"
      }, 
      "web": {
        "discover": "https://www.kickstarter.com/discover/places/state-college-pa", 
        "location": "https://www.kickstarter.com/locations/state-college-pa"
      }
    }
  }, 
  "name": "RADiuS : wireless, easy, and Arduino compatible", 
  "photo": {
    "1024x768": "https://s3.amazonaws.com/ksr/projects/79502/photo-1024x768.jpg?1397771828", 
    "1536x1152": "https://s3.amazonaws.com/ksr/projects/79502/photo-1536x1152.jpg?1397771828", 
    "ed": "https://s3.amazonaws.com/ksr/projects/79502/photo-ed.jpg?1397771828", 
    "full": "https://s3.amazonaws.com/ksr/projects/79502/photo-full.jpg?1397771828", 
    "little": "https://s3.amazonaws.com/ksr/projects/79502/photo-little.jpg?1397771828", 
    "med": "https://s3.amazonaws.com/ksr/projects/79502/photo-med.jpg?1397771828", 
    "small": "https://s3.amazonaws.com/ksr/projects/79502/photo-small.jpg?1397771828", 
    "thumb": "https://s3.amazonaws.com/ksr/projects/79502/photo-thumb.jpg?1397771828"
  }, 
  "pledged": 1886.0, 
  "slug": "radius-wireless-easy-and-arduino-compatible", 
  "state": "failed", 
  "state_changed_at": 1333296213, 
  "urls": {
    "web": {
      "project": "https://www.kickstarter.com/projects/443556734/radius-wireless-easy-and-arduino-compatible", 
      "rewards": "https://www.kickstarter.com/projects/443556734/radius-wireless-easy-and-arduino-compatible/rewards"
    }
  }
}