{
  "backers_count": 1, 
  "blurb": "A unique app for students & parents. Supports all major school exams, student timetable, study tips, homework log, parental alerts!", 
  "category": {
    "id": 16, 
    "name": "Technology", 
    "position": 14, 
    "slug": "technology", 
    "urls": {
      "web": {
        "discover": "http://www.kickstarter.com/discover/categories/technology"
      }
    }
  }, 
  "country": "GB", 
  "created_at": 1377772097, 
  "creator": {
    "avatar": {
      "medium": "https://s3.amazonaws.com/ksr/avatars/7812779/headshot-jpeg.medium.jpg?1377771942", 
      "small": "https://s3.amazonaws.com/ksr/avatars/7812779/headshot-jpeg.small.jpg?1377771942", 
      "thumb": "https://s3.amazonaws.com/ksr/avatars/7812779/headshot-jpeg.thumb.jpg?1377771942"
    }, 
    "id": 47789470, 
    "name": "Andrew Buck", 
    "urls": {
      "api": {
        "user": "https://api.kickstarter.com/v1/users/47789470?signature=1405310657.f191cf365e80ae386a68fe2464406c79efc8a692"
      }, 
      "web": {
        "user": "https://www.kickstarter.com/profile/47789470"
      }
    }
  }, 
  "currency": "GBP", 
  "currency_symbol": "\u00a3", 
  "currency_trailing_code": false, 
  "deadline": 1384083480, 
  "disable_communication": false, 
  "goal": 7000.0, 
  "id": 110331017, 
  "launched_at": 1378915523, 
  "location": {
    "country": "GB", 
    "displayable_name": "London, UK", 
    "id": 44418, 
    "name": "London", 
    "short_name": "London, UK", 
    "slug": "london-gb", 
    "state": "England", 
    "urls": {
      "api": {
        "nearby_projects": "https://api.kickstarter.com/v1/discover?signature=1405283922.82a390c7080dcb5af2825d7dc4e2293adc57bbf0&woe_id=44418"
      }, 
      "web": {
        "discover": "https://www.kickstarter.com/discover/places/london-gb", 
        "location": "https://www.kickstarter.com/locations/london-gb"
      }
    }
  }, 
  "name": "Exam Pal Study tool - expansion to the Android Market", 
  "photo": {
    "1024x768": "https://s3.amazonaws.com/ksr/projects/665161/photo-1024x768.jpg?1397832573", 
    "1536x1152": "https://s3.amazonaws.com/ksr/projects/665161/photo-1536x1152.jpg?1397832573", 
    "ed": "https://s3.amazonaws.com/ksr/projects/665161/photo-ed.jpg?1397832573", 
    "full": "https://s3.amazonaws.com/ksr/projects/665161/photo-full.jpg?1397832573", 
    "little": "https://s3.amazonaws.com/ksr/projects/665161/photo-little.jpg?1397832573", 
    "med": "https://s3.amazonaws.com/ksr/projects/665161/photo-med.jpg?1397832573", 
    "small": "https://s3.amazonaws.com/ksr/projects/665161/photo-small.jpg?1397832573", 
    "thumb": "https://s3.amazonaws.com/ksr/projects/665161/photo-thumb.jpg?1397832573"
  }, 
  "pledged": 5.0, 
  "slug": "exam-pal-study-tool-expansion-to-the-android-marke", 
  "state": "failed", 
  "state_changed_at": 1384083482, 
  "urls": {
    "web": {
      "project": "https://www.kickstarter.com/projects/47789470/exam-pal-study-tool-expansion-to-the-android-marke", 
      "rewards": "https://www.kickstarter.com/projects/47789470/exam-pal-study-tool-expansion-to-the-android-marke/rewards"
    }
  }
}