{
  "backers_count": 106, 
  "blurb": "A portable, inflatable cushion to help your little ones lay flat on the airplane and sleep.", 
  "category": {
    "id": 52, 
    "name": "Hardware", 
    "parent_id": 16, 
    "position": 8, 
    "slug": "technology/hardware", 
    "urls": {
      "web": {
        "discover": "http://www.kickstarter.com/discover/categories/technology/hardware"
      }
    }
  }, 
  "country": "US", 
  "created_at": 1399959666, 
  "creator": {
    "avatar": {
      "medium": "https://s3.amazonaws.com/ksr/avatars/1793981/KatWinnie_9_faded.medium.jpg?1401280197", 
      "small": "https://s3.amazonaws.com/ksr/avatars/1793981/KatWinnie_9_faded.small.jpg?1401280197", 
      "thumb": "https://s3.amazonaws.com/ksr/avatars/1793981/KatWinnie_9_faded.thumb.jpg?1401280197"
    }, 
    "id": 1301915223, 
    "name": "Kathy K. & Winnie L.", 
    "urls": {
      "api": {
        "user": "https://api.kickstarter.com/v1/users/1301915223?signature=1405310396.b2fd5b9a1003f9ff3817bff308132265f6456b7f"
      }, 
      "web": {
        "user": "https://www.kickstarter.com/profile/1301915223"
      }
    }
  }, 
  "currency": "USD", 
  "currency_symbol": "$", 
  "currency_trailing_code": true, 
  "deadline": 1404426390, 
  "disable_communication": false, 
  "goal": 50000.0, 
  "id": 1103552406, 
  "launched_at": 1401834390, 
  "location": {
    "country": "US", 
    "displayable_name": "Los Angeles, CA", 
    "id": 2442047, 
    "name": "Los Angeles", 
    "short_name": "Los Angeles, CA", 
    "slug": "los-angeles-ca", 
    "state": "CA", 
    "urls": {
      "api": {
        "nearby_projects": "https://api.kickstarter.com/v1/discover?signature=1405283921.ee3a1133214a755b6f367baa5289215cf97407d4&woe_id=2442047"
      }, 
      "web": {
        "discover": "https://www.kickstarter.com/discover/places/los-angeles-ca", 
        "location": "https://www.kickstarter.com/locations/los-angeles-ca"
      }
    }
  }, 
  "name": "Fly-Tot", 
  "photo": {
    "1024x768": "https://s3.amazonaws.com/ksr/projects/997405/photo-1024x768.jpg?1401577710", 
    "1536x1152": "https://s3.amazonaws.com/ksr/projects/997405/photo-1536x1152.jpg?1401577710", 
    "ed": "https://s3.amazonaws.com/ksr/projects/997405/photo-ed.jpg?1401577710", 
    "full": "https://s3.amazonaws.com/ksr/projects/997405/photo-full.jpg?1401577710", 
    "little": "https://s3.amazonaws.com/ksr/projects/997405/photo-little.jpg?1401577710", 
    "med": "https://s3.amazonaws.com/ksr/projects/997405/photo-med.jpg?1401577710", 
    "small": "https://s3.amazonaws.com/ksr/projects/997405/photo-small.jpg?1401577710", 
    "thumb": "https://s3.amazonaws.com/ksr/projects/997405/photo-thumb.jpg?1401577710"
  }, 
  "pledged": 5755.0, 
  "slug": "fly-tot", 
  "state": "failed", 
  "state_changed_at": 1404426392, 
  "urls": {
    "web": {
      "project": "https://www.kickstarter.com/projects/1301915223/fly-tot", 
      "rewards": "https://www.kickstarter.com/projects/1301915223/fly-tot/rewards"
    }
  }
}