{
  "backers_count": 13, 
  "blurb": "Creating a convenient fold-able, portable, lightweight solar panel that can be used to charge your USB electronic device.", 
  "category": {
    "id": 16, 
    "name": "Technology", 
    "position": 14, 
    "slug": "technology", 
    "urls": {
      "web": {
        "discover": "http://www.kickstarter.com/discover/categories/technology"
      }
    }
  }, 
  "country": "US", 
  "created_at": 1395108522, 
  "creator": {
    "avatar": {
      "medium": "https://s3.amazonaws.com/ksr/avatars/9776911/FlexSol_Logo.medium.jpg?1394418062", 
      "small": "https://s3.amazonaws.com/ksr/avatars/9776911/FlexSol_Logo.small.jpg?1394418062", 
      "thumb": "https://s3.amazonaws.com/ksr/avatars/9776911/FlexSol_Logo.thumb.jpg?1394418062"
    }, 
    "id": 1497944487, 
    "name": "FlexSol", 
    "urls": {
      "api": {
        "user": "https://api.kickstarter.com/v1/users/1497944487?signature=1405310264.8ce0fc7c69dbabd59eea19b1700fecee5f58b8f3"
      }, 
      "web": {
        "user": "https://www.kickstarter.com/profile/1497944487"
      }
    }
  }, 
  "currency": "USD", 
  "currency_symbol": "$", 
  "currency_trailing_code": true, 
  "deadline": 1406418326, 
  "disable_communication": false, 
  "goal": 1000.0, 
  "id": 1103768331, 
  "launched_at": 1401234326, 
  "location": {
    "country": "US", 
    "displayable_name": "Orlando, FL", 
    "id": 2466256, 
    "name": "Orlando", 
    "short_name": "Orlando, FL", 
    "slug": "orlando-fl", 
    "state": "FL", 
    "urls": {
      "api": {
        "nearby_projects": "https://api.kickstarter.com/v1/discover?signature=1405283922.c9e211836b2b2158ef2c5ef69e1fc0fb7a4a3eae&woe_id=2466256"
      }, 
      "web": {
        "discover": "https://www.kickstarter.com/discover/places/orlando-fl", 
        "location": "https://www.kickstarter.com/locations/orlando-fl"
      }
    }
  }, 
  "name": "Where there is light, there is electricity!", 
  "photo": {
    "1024x768": "https://s3.amazonaws.com/ksr/projects/913690/photo-1024x768.jpg?1397872447", 
    "1536x1152": "https://s3.amazonaws.com/ksr/projects/913690/photo-1536x1152.jpg?1397872447", 
    "ed": "https://s3.amazonaws.com/ksr/projects/913690/photo-ed.jpg?1397872447", 
    "full": "https://s3.amazonaws.com/ksr/projects/913690/photo-full.jpg?1397872447", 
    "little": "https://s3.amazonaws.com/ksr/projects/913690/photo-little.jpg?1397872447", 
    "med": "https://s3.amazonaws.com/ksr/projects/913690/photo-med.jpg?1397872447", 
    "small": "https://s3.amazonaws.com/ksr/projects/913690/photo-small.jpg?1397872447", 
    "thumb": "https://s3.amazonaws.com/ksr/projects/913690/photo-thumb.jpg?1397872447"
  }, 
  "pledged": 1143.0, 
  "slug": "where-there-is-light-there-is-electricity", 
  "state": "live", 
  "state_changed_at": 1401234326, 
  "urls": {
    "web": {
      "project": "https://www.kickstarter.com/projects/1497944487/where-there-is-light-there-is-electricity", 
      "rewards": "https://www.kickstarter.com/projects/1497944487/where-there-is-light-there-is-electricity/rewards"
    }
  }
}