{
  "backers_count": 896, 
  "blurb": "Bringrr\u2122 reminds you to bring your most important things before you drive away and helps you find them if they are misplaced or lost.", 
  "category": {
    "id": 52, 
    "name": "Hardware", 
    "parent_id": 16, 
    "position": 8, 
    "slug": "technology/hardware", 
    "urls": {
      "web": {
        "discover": "http://www.kickstarter.com/discover/categories/technology/hardware"
      }
    }
  }, 
  "country": "US", 
  "created_at": 1385518317, 
  "creator": {
    "avatar": {
      "medium": "https://s3.amazonaws.com/ksr/avatars/2343386/pic.medium.jpg?1404378553", 
      "small": "https://s3.amazonaws.com/ksr/avatars/2343386/pic.small.jpg?1404378553", 
      "thumb": "https://s3.amazonaws.com/ksr/avatars/2343386/pic.thumb.jpg?1404378553"
    }, 
    "id": 1166291183, 
    "name": "Aldo Beqiraj", 
    "slug": "aldobeqiraj", 
    "urls": {
      "api": {
        "user": "https://api.kickstarter.com/v1/users/1166291183?signature=1405310107.ff44b1a3ed759d48a3d3a3012ac085a2a568db14"
      }, 
      "web": {
        "user": "https://www.kickstarter.com/profile/aldobeqiraj"
      }
    }
  }, 
  "currency": "USD", 
  "currency_symbol": "$", 
  "currency_trailing_code": true, 
  "deadline": 1391482800, 
  "disable_communication": false, 
  "goal": 75000.0, 
  "id": 1104871665, 
  "launched_at": 1387828771, 
  "location": {
    "country": "US", 
    "displayable_name": "Boston, MA", 
    "id": 2367105, 
    "name": "Boston", 
    "short_name": "Boston, MA", 
    "slug": "boston-ma", 
    "state": "MA", 
    "urls": {
      "api": {
        "nearby_projects": "https://api.kickstarter.com/v1/discover?signature=1405283922.88e5a521b809a8d6893fb52af930c2e53896acf9&woe_id=2367105"
      }, 
      "web": {
        "discover": "https://www.kickstarter.com/discover/places/boston-ma", 
        "location": "https://www.kickstarter.com/locations/boston-ma"
      }
    }
  }, 
  "name": "Bringrr\u2122 - Helping You Keep Track of What Matters Most", 
  "photo": {
    "1024x768": "https://s3.amazonaws.com/ksr/projects/776077/photo-1024x768.jpg?1397857957", 
    "1536x1152": "https://s3.amazonaws.com/ksr/projects/776077/photo-1536x1152.jpg?1397857957", 
    "ed": "https://s3.amazonaws.com/ksr/projects/776077/photo-ed.jpg?1397857957", 
    "full": "https://s3.amazonaws.com/ksr/projects/776077/photo-full.jpg?1397857957", 
    "little": "https://s3.amazonaws.com/ksr/projects/776077/photo-little.jpg?1397857957", 
    "med": "https://s3.amazonaws.com/ksr/projects/776077/photo-med.jpg?1397857957", 
    "small": "https://s3.amazonaws.com/ksr/projects/776077/photo-small.jpg?1397857957", 
    "thumb": "https://s3.amazonaws.com/ksr/projects/776077/photo-thumb.jpg?1397857957"
  }, 
  "pledged": 76561.0, 
  "slug": "bringrrtm-helping-you-keep-track-of-what-matters-m", 
  "state": "successful", 
  "state_changed_at": 1391482818, 
  "urls": {
    "web": {
      "project": "https://www.kickstarter.com/projects/aldobeqiraj/bringrrtm-helping-you-keep-track-of-what-matters-m", 
      "rewards": "https://www.kickstarter.com/projects/aldobeqiraj/bringrrtm-helping-you-keep-track-of-what-matters-m/rewards"
    }
  }
}