{
  "backers_count": 4, 
  "blurb": "Finally, an app that checks if an IKEA package(s) will fit in the trunk of our car.", 
  "category": {
    "id": 16, 
    "name": "Technology", 
    "position": 14, 
    "slug": "technology", 
    "urls": {
      "web": {
        "discover": "http://www.kickstarter.com/discover/categories/technology"
      }
    }
  }, 
  "country": "US", 
  "created_at": 1396064812, 
  "creator": {
    "avatar": {
      "medium": "https://s3.amazonaws.com/ksr/avatars/10105392/fb_profile_picture.medium.jpg?1396064716", 
      "small": "https://s3.amazonaws.com/ksr/avatars/10105392/fb_profile_picture.small.jpg?1396064716", 
      "thumb": "https://s3.amazonaws.com/ksr/avatars/10105392/fb_profile_picture.thumb.jpg?1396064716"
    }, 
    "id": 1623749226, 
    "name": "Nathanael Smith", 
    "urls": {
      "api": {
        "user": "https://api.kickstarter.com/v1/users/1623749226?signature=1405310645.0c1cff0d98231318d6c7147cd81ba9ec205fb229"
      }, 
      "web": {
        "user": "https://www.kickstarter.com/profile/1623749226"
      }
    }
  }, 
  "currency": "USD", 
  "currency_symbol": "$", 
  "currency_trailing_code": true, 
  "deadline": 1402523262, 
  "disable_communication": false, 
  "goal": 25000.0, 
  "id": 1105119299, 
  "launched_at": 1399931262, 
  "location": {
    "country": "US", 
    "displayable_name": "Houston, TX", 
    "id": 2424766, 
    "name": "Houston", 
    "short_name": "Houston, TX", 
    "slug": "houston-tx", 
    "state": "TX", 
    "urls": {
      "api": {
        "nearby_projects": "https://api.kickstarter.com/v1/discover?signature=1405283926.e236df9313624e13a020a2d914775b108a5bbdc9&woe_id=2424766"
      }, 
      "web": {
        "discover": "https://www.kickstarter.com/discover/places/houston-tx", 
        "location": "https://www.kickstarter.com/locations/houston-tx"
      }
    }
  }, 
  "name": "Can I Haul It?", 
  "photo": {
    "1024x768": "https://s3.amazonaws.com/ksr/projects/929297/photo-1024x768.jpg?1397873983", 
    "1536x1152": "https://s3.amazonaws.com/ksr/projects/929297/photo-1536x1152.jpg?1397873983", 
    "ed": "https://s3.amazonaws.com/ksr/projects/929297/photo-ed.jpg?1397873983", 
    "full": "https://s3.amazonaws.com/ksr/projects/929297/photo-full.jpg?1397873983", 
    "little": "https://s3.amazonaws.com/ksr/projects/929297/photo-little.jpg?1397873983", 
    "med": "https://s3.amazonaws.com/ksr/projects/929297/photo-med.jpg?1397873983", 
    "small": "https://s3.amazonaws.com/ksr/projects/929297/photo-small.jpg?1397873983", 
    "thumb": "https://s3.amazonaws.com/ksr/projects/929297/photo-thumb.jpg?1397873983"
  }, 
  "pledged": 22.0, 
  "slug": "can-i-haul-it", 
  "state": "failed", 
  "state_changed_at": 1402523262, 
  "urls": {
    "web": {
      "project": "https://www.kickstarter.com/projects/1623749226/can-i-haul-it", 
      "rewards": "https://www.kickstarter.com/projects/1623749226/can-i-haul-it/rewards"
    }
  }
}