{
  "backers_count": 187, 
  "blurb": "A monitor-mounted smartlight that creates the optimal illuminated environment for whatever screen-based activity you are doing.", 
  "category": {
    "id": 52, 
    "name": "Hardware", 
    "parent_id": 16, 
    "position": 8, 
    "slug": "technology/hardware", 
    "urls": {
      "web": {
        "discover": "http://www.kickstarter.com/discover/categories/technology/hardware"
      }
    }
  }, 
  "country": "AU", 
  "created_at": 1383890644, 
  "creator": {
    "avatar": {
      "medium": "https://s3.amazonaws.com/ksr/avatars/8479457/ideahublogo.medium.jpg?1384906048", 
      "small": "https://s3.amazonaws.com/ksr/avatars/8479457/ideahublogo.small.jpg?1384906048", 
      "thumb": "https://s3.amazonaws.com/ksr/avatars/8479457/ideahublogo.thumb.jpg?1384906048"
    }, 
    "id": 547594234, 
    "name": "Brightgreen Ideahub", 
    "slug": "brightgreen", 
    "urls": {
      "api": {
        "user": "https://api.kickstarter.com/v1/users/547594234?signature=1405310020.5bb43665a9cd45afac9af5f5cec35fbe5c7dfd1b"
      }, 
      "web": {
        "user": "https://www.kickstarter.com/profile/brightgreen"
      }
    }
  }, 
  "currency": "AUD", 
  "currency_symbol": "$", 
  "currency_trailing_code": true, 
  "deadline": 1387846800, 
  "disable_communication": false, 
  "goal": 60000.0, 
  "id": 1105482463, 
  "launched_at": 1384830358, 
  "location": {
    "country": "AU", 
    "displayable_name": "Melbourne, AU", 
    "id": 1103816, 
    "name": "Melbourne", 
    "short_name": "Melbourne, AU", 
    "slug": "melbourne-au", 
    "state": "VIC", 
    "urls": {
      "api": {
        "nearby_projects": "https://api.kickstarter.com/v1/discover?signature=1405283922.1a26f26012798d3bd877e4e149600c240555c5f7&woe_id=1103816"
      }, 
      "web": {
        "discover": "https://www.kickstarter.com/discover/places/melbourne-au", 
        "location": "https://www.kickstarter.com/locations/melbourne-au"
      }
    }
  }, 
  "name": "Luto smartlight \u2013 Illumination for screen environments", 
  "photo": {
    "1024x768": "https://s3.amazonaws.com/ksr/projects/751643/photo-1024x768.jpg?1397855312", 
    "1536x1152": "https://s3.amazonaws.com/ksr/projects/751643/photo-1536x1152.jpg?1397855312", 
    "ed": "https://s3.amazonaws.com/ksr/projects/751643/photo-ed.jpg?1397855312", 
    "full": "https://s3.amazonaws.com/ksr/projects/751643/photo-full.jpg?1397855312", 
    "little": "https://s3.amazonaws.com/ksr/projects/751643/photo-little.jpg?1397855312", 
    "med": "https://s3.amazonaws.com/ksr/projects/751643/photo-med.jpg?1397855312", 
    "small": "https://s3.amazonaws.com/ksr/projects/751643/photo-small.jpg?1397855312", 
    "thumb": "https://s3.amazonaws.com/ksr/projects/751643/photo-thumb.jpg?1397855312"
  }, 
  "pledged": 61490.0, 
  "slug": "luto-smartlight-illumination-for-screen-environmen", 
  "state": "successful", 
  "state_changed_at": 1387846815, 
  "urls": {
    "web": {
      "project": "https://www.kickstarter.com/projects/brightgreen/luto-smartlight-illumination-for-screen-environmen", 
      "rewards": "https://www.kickstarter.com/projects/brightgreen/luto-smartlight-illumination-for-screen-environmen/rewards"
    }
  }
}