{
  "backers_count": 28, 
  "blurb": "Hookpods catch fish, not birds. There's no ocean waste and fishermen save money.", 
  "category": {
    "id": 337, 
    "name": "Gadgets", 
    "parent_id": 16, 
    "position": 7, 
    "slug": "technology/gadgets", 
    "urls": {
      "web": {
        "discover": "http://www.kickstarter.com/discover/categories/technology/gadgets"
      }
    }
  }, 
  "country": "GB", 
  "created_at": 1399562060, 
  "creator": {
    "avatar": {
      "medium": "https://s3.amazonaws.com/ksr/avatars/10582886/profile.medium.jpg?1404319689", 
      "small": "https://s3.amazonaws.com/ksr/avatars/10582886/profile.small.jpg?1404319689", 
      "thumb": "https://s3.amazonaws.com/ksr/avatars/10582886/profile.thumb.jpg?1404319689"
    }, 
    "id": 1181628831, 
    "name": "Becky Ingham", 
    "slug": "hookpod", 
    "urls": {
      "api": {
        "user": "https://api.kickstarter.com/v1/users/1181628831?signature=1405310052.31f1ebc19a84976b4da352a4817a6b7f0d7da3c8"
      }, 
      "web": {
        "user": "https://www.kickstarter.com/profile/hookpod"
      }
    }
  }, 
  "currency": "GBP", 
  "currency_symbol": "\u00a3", 
  "currency_trailing_code": false, 
  "deadline": 1408929549, 
  "disable_communication": false, 
  "goal": 100000.0, 
  "id": 1105941350, 
  "launched_at": 1405041549, 
  "location": {
    "country": "GB", 
    "displayable_name": "Devon, UK", 
    "id": 12602182, 
    "name": "Devon", 
    "short_name": "Devon, UK", 
    "slug": "devon-gb", 
    "state": "England", 
    "urls": {
      "api": {
        "nearby_projects": "https://api.kickstarter.com/v1/discover?signature=1405283934.a8df26de0c393ba471216592c762d5aad68f1158&woe_id=12602182"
      }, 
      "web": {
        "discover": "https://www.kickstarter.com/discover/places/devon-gb", 
        "location": "https://www.kickstarter.com/locations/devon-gb"
      }
    }
  }, 
  "name": "Hookpod - Saving the Albatross from Extinction", 
  "photo": {
    "1024x768": "https://s3.amazonaws.com/ksr/projects/990747/photo-1024x768.jpg?1404486317", 
    "1536x1152": "https://s3.amazonaws.com/ksr/projects/990747/photo-1536x1152.jpg?1404486317", 
    "ed": "https://s3.amazonaws.com/ksr/projects/990747/photo-ed.jpg?1404486317", 
    "full": "https://s3.amazonaws.com/ksr/projects/990747/photo-full.jpg?1404486317", 
    "little": "https://s3.amazonaws.com/ksr/projects/990747/photo-little.jpg?1404486317", 
    "med": "https://s3.amazonaws.com/ksr/projects/990747/photo-med.jpg?1404486317", 
    "small": "https://s3.amazonaws.com/ksr/projects/990747/photo-small.jpg?1404486317", 
    "thumb": "https://s3.amazonaws.com/ksr/projects/990747/photo-thumb.jpg?1404486317"
  }, 
  "pledged": 3833.0, 
  "slug": "hookpod-saving-the-albatross-from-extinction", 
  "state": "live", 
  "state_changed_at": 1405041549, 
  "urls": {
    "web": {
      "project": "https://www.kickstarter.com/projects/hookpod/hookpod-saving-the-albatross-from-extinction", 
      "rewards": "https://www.kickstarter.com/projects/hookpod/hookpod-saving-the-albatross-from-extinction/rewards"
    }
  }
}