{
  "backers_count": 10, 
  "blurb": "I want to create a funny iPhone app called Make Me Ugly that will make 1 million people smile in 30 days.", 
  "category": {
    "id": 16, 
    "name": "Technology", 
    "position": 14, 
    "slug": "technology", 
    "urls": {
      "web": {
        "discover": "http://www.kickstarter.com/discover/categories/technology"
      }
    }
  }, 
  "country": "US", 
  "created_at": 1334889504, 
  "creator": {
    "avatar": {
      "medium": "https://s3.amazonaws.com/ksr/avatars/2537107/austinlchurch-300x200.medium.jpg?1334783592", 
      "small": "https://s3.amazonaws.com/ksr/avatars/2537107/austinlchurch-300x200.small.jpg?1334783592", 
      "thumb": "https://s3.amazonaws.com/ksr/avatars/2537107/austinlchurch-300x200.thumb.jpg?1334783592"
    }, 
    "id": 162949876, 
    "name": "Austin Church", 
    "urls": {
      "api": {
        "user": "https://api.kickstarter.com/v1/users/162949876?signature=1405310532.c89dace0d8e46fa4f6d9c76d4f7910880c7efc4a"
      }, 
      "web": {
        "user": "https://www.kickstarter.com/profile/162949876"
      }
    }
  }, 
  "currency": "USD", 
  "currency_symbol": "$", 
  "currency_trailing_code": true, 
  "deadline": 1339300740, 
  "disable_communication": false, 
  "goal": 12500.0, 
  "id": 1106448735, 
  "launched_at": 1336574347, 
  "location": {
    "country": "US", 
    "displayable_name": "Knoxville, TN", 
    "id": 2433662, 
    "name": "Knoxville", 
    "short_name": "Knoxville, TN", 
    "slug": "knoxville-tn", 
    "state": "TN", 
    "urls": {
      "api": {
        "nearby_projects": "https://api.kickstarter.com/v1/discover?signature=1405283941.dc2dbc30fdd75936bc575cbdcc641dd1713e7264&woe_id=2433662"
      }, 
      "web": {
        "discover": "https://www.kickstarter.com/discover/places/knoxville-tn", 
        "location": "https://www.kickstarter.com/locations/knoxville-tn"
      }
    }
  }, 
  "name": "Make Me Ugly App + 1 Million Smiles", 
  "photo": {
    "1024x768": "https://s3.amazonaws.com/ksr/projects/146875/photo-1024x768.jpg?1397778962", 
    "1536x1152": "https://s3.amazonaws.com/ksr/projects/146875/photo-1536x1152.jpg?1397778962", 
    "ed": "https://s3.amazonaws.com/ksr/projects/146875/photo-ed.jpg?1397778962", 
    "full": "https://s3.amazonaws.com/ksr/projects/146875/photo-full.jpg?1397778962", 
    "little": "https://s3.amazonaws.com/ksr/projects/146875/photo-little.jpg?1397778962", 
    "med": "https://s3.amazonaws.com/ksr/projects/146875/photo-med.jpg?1397778962", 
    "small": "https://s3.amazonaws.com/ksr/projects/146875/photo-small.jpg?1397778962", 
    "thumb": "https://s3.amazonaws.com/ksr/projects/146875/photo-thumb.jpg?1397778962"
  }, 
  "pledged": 570.0, 
  "slug": "make-me-ugly-app-1-million-smiles", 
  "state": "failed", 
  "state_changed_at": 1339300740, 
  "urls": {
    "web": {
      "project": "https://www.kickstarter.com/projects/162949876/make-me-ugly-app-1-million-smiles", 
      "rewards": "https://www.kickstarter.com/projects/162949876/make-me-ugly-app-1-million-smiles/rewards"
    }
  }
}