{
  "backers_count": 6, 
  "blurb": "A complete hydraulic hose kit designed to give a permanent solution that you create yourself - quickly and easily.", 
  "category": {
    "id": 52, 
    "name": "Hardware", 
    "parent_id": 16, 
    "position": 8, 
    "slug": "technology/hardware", 
    "urls": {
      "web": {
        "discover": "http://www.kickstarter.com/discover/categories/technology/hardware"
      }
    }
  }, 
  "country": "US", 
  "created_at": 1396876570, 
  "creator": {
    "avatar": {
      "medium": "https://s3.amazonaws.com/ksr/avatars/574564/me.medium.jpg?1396889533", 
      "small": "https://s3.amazonaws.com/ksr/avatars/574564/me.small.jpg?1396889533", 
      "thumb": "https://s3.amazonaws.com/ksr/avatars/574564/me.thumb.jpg?1396889533"
    }, 
    "id": 1726892664, 
    "name": "Tony Price", 
    "urls": {
      "api": {
        "user": "https://api.kickstarter.com/v1/users/1726892664?signature=1405310394.52daa14f8250e8e49b82b08732199e9687ea7a34"
      }, 
      "web": {
        "user": "https://www.kickstarter.com/profile/1726892664"
      }
    }
  }, 
  "currency": "USD", 
  "currency_symbol": "$", 
  "currency_trailing_code": true, 
  "deadline": 1403979963, 
  "disable_communication": false, 
  "goal": 22000.0, 
  "id": 1106320052, 
  "launched_at": 1401387963, 
  "location": {
    "country": "US", 
    "displayable_name": "Akron, OH", 
    "id": 2352491, 
    "name": "Akron", 
    "short_name": "Akron, OH", 
    "slug": "akron-oh", 
    "state": "OH", 
    "urls": {
      "api": {
        "nearby_projects": "https://api.kickstarter.com/v1/discover?signature=1405283967.c1e71c364ebafa023bf15183f9b1c6b63ddb168e&woe_id=2352491"
      }, 
      "web": {
        "discover": "https://www.kickstarter.com/discover/places/akron-oh", 
        "location": "https://www.kickstarter.com/locations/akron-oh"
      }
    }
  }, 
  "name": "HoseKit: Custom Hydraulic Hose Assemblies Anywhere, Anytime.", 
  "photo": {
    "1024x768": "https://s3.amazonaws.com/ksr/projects/941948/photo-1024x768.jpg?1400859475", 
    "1536x1152": "https://s3.amazonaws.com/ksr/projects/941948/photo-1536x1152.jpg?1400859475", 
    "ed": "https://s3.amazonaws.com/ksr/projects/941948/photo-ed.jpg?1400859475", 
    "full": "https://s3.amazonaws.com/ksr/projects/941948/photo-full.jpg?1400859475", 
    "little": "https://s3.amazonaws.com/ksr/projects/941948/photo-little.jpg?1400859475", 
    "med": "https://s3.amazonaws.com/ksr/projects/941948/photo-med.jpg?1400859475", 
    "small": "https://s3.amazonaws.com/ksr/projects/941948/photo-small.jpg?1400859475", 
    "thumb": "https://s3.amazonaws.com/ksr/projects/941948/photo-thumb.jpg?1400859475"
  }, 
  "pledged": 5788.0, 
  "slug": "hosekit-custom-hydraulic-hose-assemblies-anywhere", 
  "state": "failed", 
  "state_changed_at": 1403979964, 
  "urls": {
    "web": {
      "project": "https://www.kickstarter.com/projects/1726892664/hosekit-custom-hydraulic-hose-assemblies-anywhere", 
      "rewards": "https://www.kickstarter.com/projects/1726892664/hosekit-custom-hydraulic-hose-assemblies-anywhere/rewards"
    }
  }
}