{
  "backers_count": 2, 
  "blurb": "A \"New Tool\" for breaking up hard deposits inside steel radiators at it's core lies the Worlds Strongest Commercially Available Magnet.", 
  "category": {
    "id": 16, 
    "name": "Technology", 
    "position": 14, 
    "slug": "technology", 
    "urls": {
      "web": {
        "discover": "http://www.kickstarter.com/discover/categories/technology"
      }
    }
  }, 
  "country": "GB", 
  "created_at": 1399659555, 
  "creator": {
    "avatar": {
      "medium": "https://s3.amazonaws.com/ksr/avatars/10597745/DSC_0049-1.medium.jpg?1403175272", 
      "small": "https://s3.amazonaws.com/ksr/avatars/10597745/DSC_0049-1.small.jpg?1403175272", 
      "thumb": "https://s3.amazonaws.com/ksr/avatars/10597745/DSC_0049-1.thumb.jpg?1403175272"
    }, 
    "id": 38722464, 
    "name": "Ian Tyre", 
    "urls": {
      "api": {
        "user": "https://api.kickstarter.com/v1/users/38722464?signature=1405310616.4175fb426435f5c0c51ab8c73a556340ac641d8e"
      }, 
      "web": {
        "user": "https://www.kickstarter.com/profile/38722464"
      }
    }
  }, 
  "currency": "GBP", 
  "currency_symbol": "\u00a3", 
  "currency_trailing_code": false, 
  "deadline": 1404408315, 
  "disable_communication": false, 
  "goal": 28000.0, 
  "id": 1106053593, 
  "launched_at": 1401816315, 
  "location": {
    "country": "GB", 
    "displayable_name": "Cardiff, UK", 
    "id": 15127, 
    "name": "Cardiff", 
    "short_name": "Cardiff, UK", 
    "slug": "cardiff-gb", 
    "state": "Wales", 
    "urls": {
      "api": {
        "nearby_projects": "https://api.kickstarter.com/v1/discover?signature=1405283929.215601b78bb182601f7fc3d080958144687eaaa9&woe_id=15127"
      }, 
      "web": {
        "discover": "https://www.kickstarter.com/discover/places/cardiff-gb", 
        "location": "https://www.kickstarter.com/locations/cardiff-gb"
      }
    }
  }, 
  "name": "\"CombiRadHammer\" a breakthrough in radiator cleaning.", 
  "photo": {
    "1024x768": "https://s3.amazonaws.com/ksr/projects/992672/photo-1024x768.jpg?1400501021", 
    "1536x1152": "https://s3.amazonaws.com/ksr/projects/992672/photo-1536x1152.jpg?1400501021", 
    "ed": "https://s3.amazonaws.com/ksr/projects/992672/photo-ed.jpg?1400501021", 
    "full": "https://s3.amazonaws.com/ksr/projects/992672/photo-full.jpg?1400501021", 
    "little": "https://s3.amazonaws.com/ksr/projects/992672/photo-little.jpg?1400501021", 
    "med": "https://s3.amazonaws.com/ksr/projects/992672/photo-med.jpg?1400501021", 
    "small": "https://s3.amazonaws.com/ksr/projects/992672/photo-small.jpg?1400501021", 
    "thumb": "https://s3.amazonaws.com/ksr/projects/992672/photo-thumb.jpg?1400501021"
  }, 
  "pledged": 46.0, 
  "slug": "combiradhammer-a-breakthrough-in-radiator-cleaning", 
  "state": "canceled", 
  "state_changed_at": 1403519471, 
  "urls": {
    "web": {
      "project": "https://www.kickstarter.com/projects/38722464/combiradhammer-a-breakthrough-in-radiator-cleaning", 
      "rewards": "https://www.kickstarter.com/projects/38722464/combiradhammer-a-breakthrough-in-radiator-cleaning/rewards"
    }
  }
}