{
  "backers_count": 565, 
  "blurb": "ORA delivers truly immersive sound for your iPad. The powerful sound your iPad deserves\u2014in a beautifully crafted, go-anywhere design.", 
  "category": {
    "id": 52, 
    "name": "Hardware", 
    "parent_id": 16, 
    "position": 8, 
    "slug": "technology/hardware", 
    "urls": {
      "web": {
        "discover": "http://www.kickstarter.com/discover/categories/technology/hardware"
      }
    }
  }, 
  "country": "US", 
  "created_at": 1349814044, 
  "creator": {
    "avatar": {
      "medium": "https://s3.amazonaws.com/ksr/avatars/4330774/ORA.medium.jpg?1352849323", 
      "small": "https://s3.amazonaws.com/ksr/avatars/4330774/ORA.small.jpg?1352849323", 
      "thumb": "https://s3.amazonaws.com/ksr/avatars/4330774/ORA.thumb.jpg?1352849323"
    }, 
    "id": 1930685582, 
    "name": "OBJEKT, Inc.", 
    "urls": {
      "api": {
        "user": "https://api.kickstarter.com/v1/users/1930685582?signature=1405310334.d710fd6ae6bc61678a7c466bea226ae8fd288364"
      }, 
      "web": {
        "user": "https://www.kickstarter.com/profile/1930685582"
      }
    }
  }, 
  "currency": "USD", 
  "currency_symbol": "$", 
  "currency_trailing_code": true, 
  "deadline": 1356886800, 
  "disable_communication": false, 
  "goal": 450000.0, 
  "id": 1106733444, 
  "launched_at": 1353312148, 
  "location": {
    "country": "US", 
    "displayable_name": "San Francisco, CA", 
    "id": 2487956, 
    "name": "San Francisco", 
    "short_name": "San Francisco, CA", 
    "slug": "san-francisco-ca", 
    "state": "CA", 
    "urls": {
      "api": {
        "nearby_projects": "https://api.kickstarter.com/v1/discover?signature=1405283922.2705520cddde986b955c196af6b338b46c4257d5&woe_id=2487956"
      }, 
      "web": {
        "discover": "https://www.kickstarter.com/discover/places/san-francisco-ca", 
        "location": "https://www.kickstarter.com/locations/san-francisco-ca"
      }
    }
  }, 
  "name": "ORA: Ultimate Sound System for iPad (Canceled)", 
  "photo": {
    "1024x768": "https://s3.amazonaws.com/ksr/projects/362275/photo-1024x768.jpg?1397799915", 
    "1536x1152": "https://s3.amazonaws.com/ksr/projects/362275/photo-1536x1152.jpg?1397799915", 
    "ed": "https://s3.amazonaws.com/ksr/projects/362275/photo-ed.jpg?1397799915", 
    "full": "https://s3.amazonaws.com/ksr/projects/362275/photo-full.jpg?1397799915", 
    "little": "https://s3.amazonaws.com/ksr/projects/362275/photo-little.jpg?1397799915", 
    "med": "https://s3.amazonaws.com/ksr/projects/362275/photo-med.jpg?1397799915", 
    "small": "https://s3.amazonaws.com/ksr/projects/362275/photo-small.jpg?1397799915", 
    "thumb": "https://s3.amazonaws.com/ksr/projects/362275/photo-thumb.jpg?1397799915"
  }, 
  "pledged": 74231.0, 
  "slug": "ora-ultimate-sound-system-for-ipad", 
  "state": "canceled", 
  "state_changed_at": 1355184791, 
  "urls": {
    "web": {
      "project": "https://www.kickstarter.com/projects/1930685582/ora-ultimate-sound-system-for-ipad", 
      "rewards": "https://www.kickstarter.com/projects/1930685582/ora-ultimate-sound-system-for-ipad/rewards"
    }
  }
}