{
  "backers_count": 1, 
  "blurb": "Let's make a new online social Utopia. A site that will help you make friends and not limit you. With forums and blogs and profiles.", 
  "category": {
    "id": 342, 
    "name": "Web", 
    "parent_id": 16, 
    "position": 15, 
    "slug": "technology/web", 
    "urls": {
      "web": {
        "discover": "http://www.kickstarter.com/discover/categories/technology/web"
      }
    }
  }, 
  "country": "GB", 
  "created_at": 1402913093, 
  "creator": {
    "avatar": {
      "medium": "https://s3.amazonaws.com/ksr/avatars/11014006/fb_profile_picture.medium.jpg?1402702340", 
      "small": "https://s3.amazonaws.com/ksr/avatars/11014006/fb_profile_picture.small.jpg?1402702340", 
      "thumb": "https://s3.amazonaws.com/ksr/avatars/11014006/fb_profile_picture.thumb.jpg?1402702340"
    }, 
    "id": 378628096, 
    "name": "Robert Richard Pillar-Smith", 
    "urls": {
      "api": {
        "user": "https://api.kickstarter.com/v1/users/378628096?signature=1405310292.a6759d4265513e5a34a86046ba25fa34ac8b2219"
      }, 
      "web": {
        "user": "https://www.kickstarter.com/profile/378628096"
      }
    }
  }, 
  "currency": "GBP", 
  "currency_symbol": "\u00a3", 
  "currency_trailing_code": false, 
  "deadline": 1406762411, 
  "disable_communication": false, 
  "goal": 8500.0, 
  "id": 1107540099, 
  "launched_at": 1404170411, 
  "location": {
    "country": "GB", 
    "displayable_name": "Newcastle upon Tyne, UK", 
    "id": 30079, 
    "name": "Newcastle upon Tyne", 
    "short_name": "Newcastle upon Tyne, UK", 
    "slug": "newcastle-upon-tyne-gb", 
    "state": "England", 
    "urls": {
      "api": {
        "nearby_projects": "https://api.kickstarter.com/v1/discover?signature=1405283928.a92417c4ad1b693da03c1fc1886a577a4428cefa&woe_id=30079"
      }, 
      "web": {
        "discover": "https://www.kickstarter.com/discover/places/newcastle-upon-tyne-gb", 
        "location": "https://www.kickstarter.com/locations/newcastle-upon-tyne-gb"
      }
    }
  }, 
  "name": "SocialNetworkingSite", 
  "photo": {
    "1024x768": "https://s3.amazonaws.com/ksr/projects/1045701/photo-1024x768.jpg?1402913147", 
    "1536x1152": "https://s3.amazonaws.com/ksr/projects/1045701/photo-1536x1152.jpg?1402913147", 
    "ed": "https://s3.amazonaws.com/ksr/projects/1045701/photo-ed.jpg?1402913147", 
    "full": "https://s3.amazonaws.com/ksr/projects/1045701/photo-full.jpg?1402913147", 
    "little": "https://s3.amazonaws.com/ksr/projects/1045701/photo-little.jpg?1402913147", 
    "med": "https://s3.amazonaws.com/ksr/projects/1045701/photo-med.jpg?1402913147", 
    "small": "https://s3.amazonaws.com/ksr/projects/1045701/photo-small.jpg?1402913147", 
    "thumb": "https://s3.amazonaws.com/ksr/projects/1045701/photo-thumb.jpg?1402913147"
  }, 
  "pledged": 25.0, 
  "slug": "socialnetworkingsite", 
  "state": "live", 
  "state_changed_at": 1404170411, 
  "urls": {
    "web": {
      "project": "https://www.kickstarter.com/projects/378628096/socialnetworkingsite", 
      "rewards": "https://www.kickstarter.com/projects/378628096/socialnetworkingsite/rewards"
    }
  }
}