{
  "backers_count": 501, 
  "blurb": "A low-cost, open source USB 3.0 Software Defined Radio platform with many examples and tutorials to help you experiment with RF.", 
  "category": {
    "id": 52, 
    "name": "Hardware", 
    "parent_id": 16, 
    "position": 8, 
    "slug": "technology/hardware", 
    "urls": {
      "web": {
        "discover": "http://www.kickstarter.com/discover/categories/technology/hardware"
      }
    }
  }, 
  "country": "US", 
  "created_at": 1353231445, 
  "creator": {
    "avatar": {
      "medium": "https://s3.amazonaws.com/ksr/avatars/1896110/nuand-icon.medium.jpg?1357172144", 
      "small": "https://s3.amazonaws.com/ksr/avatars/1896110/nuand-icon.small.jpg?1357172144", 
      "thumb": "https://s3.amazonaws.com/ksr/avatars/1896110/nuand-icon.thumb.jpg?1357172144"
    }, 
    "id": 1085541682, 
    "name": "Nuand", 
    "urls": {
      "api": {
        "user": "https://api.kickstarter.com/v1/users/1085541682?signature=1405310074.e8541fad3779b575d71231af474192cba8e8e60d"
      }, 
      "web": {
        "user": "https://www.kickstarter.com/profile/1085541682"
      }
    }
  }, 
  "currency": "USD", 
  "currency_symbol": "$", 
  "currency_trailing_code": true, 
  "deadline": 1362033204, 
  "disable_communication": false, 
  "goal": 100000.0, 
  "id": 1108116355, 
  "launched_at": 1359441204, 
  "location": {
    "country": "US", 
    "displayable_name": "Santa Clara, CA", 
    "id": 2488836, 
    "name": "Santa Clara", 
    "short_name": "Santa Clara, CA", 
    "slug": "santa-clara-ca", 
    "state": "CA", 
    "urls": {
      "api": {
        "nearby_projects": "https://api.kickstarter.com/v1/discover?signature=1405283928.80916659849e18864ff0ecf052d3849a34c5607a&woe_id=2488836"
      }, 
      "web": {
        "discover": "https://www.kickstarter.com/discover/places/santa-clara-ca", 
        "location": "https://www.kickstarter.com/locations/santa-clara-ca"
      }
    }
  }, 
  "name": "bladeRF - USB 3.0 Software Defined Radio", 
  "photo": {
    "1024x768": "https://s3.amazonaws.com/ksr/projects/394441/photo-1024x768.jpg?1397803360", 
    "1536x1152": "https://s3.amazonaws.com/ksr/projects/394441/photo-1536x1152.jpg?1397803360", 
    "ed": "https://s3.amazonaws.com/ksr/projects/394441/photo-ed.jpg?1397803360", 
    "full": "https://s3.amazonaws.com/ksr/projects/394441/photo-full.jpg?1397803360", 
    "little": "https://s3.amazonaws.com/ksr/projects/394441/photo-little.jpg?1397803360", 
    "med": "https://s3.amazonaws.com/ksr/projects/394441/photo-med.jpg?1397803360", 
    "small": "https://s3.amazonaws.com/ksr/projects/394441/photo-small.jpg?1397803360", 
    "thumb": "https://s3.amazonaws.com/ksr/projects/394441/photo-thumb.jpg?1397803360"
  }, 
  "pledged": 191422.49, 
  "slug": "bladerf-usb-30-software-defined-radio", 
  "state": "successful", 
  "state_changed_at": 1362033204, 
  "urls": {
    "web": {
      "project": "https://www.kickstarter.com/projects/1085541682/bladerf-usb-30-software-defined-radio", 
      "rewards": "https://www.kickstarter.com/projects/1085541682/bladerf-usb-30-software-defined-radio/rewards"
    }
  }
}