{
  "backers_count": 144, 
  "blurb": "Turn your Hasselblad V-system camera digital with the world's first medium format digital-back using your iPhone!", 
  "category": {
    "id": 333, 
    "name": "Camera Equipment", 
    "parent_id": 16, 
    "position": 3, 
    "slug": "technology/camera equipment", 
    "urls": {
      "web": {
        "discover": "http://www.kickstarter.com/discover/categories/technology/camera%20equipment"
      }
    }
  }, 
  "country": "US", 
  "created_at": 1372230974, 
  "creator": {
    "avatar": {
      "medium": "https://s3.amazonaws.com/ksr/avatars/6553538/1011406_1377423235810105_145848221_n.medium.jpg?1374994098", 
      "small": "https://s3.amazonaws.com/ksr/avatars/6553538/1011406_1377423235810105_145848221_n.small.jpg?1374994098", 
      "thumb": "https://s3.amazonaws.com/ksr/avatars/6553538/1011406_1377423235810105_145848221_n.thumb.jpg?1374994098"
    }, 
    "id": 96793993, 
    "name": "Badass Cameras by AMBIVALENT", 
    "urls": {
      "api": {
        "user": "https://api.kickstarter.com/v1/users/96793993?signature=1405310140.e52cd45965d37bc1a5daa90007ad6dc512e7ee76"
      }, 
      "web": {
        "user": "https://www.kickstarter.com/profile/96793993"
      }
    }
  }, 
  "currency": "USD", 
  "currency_symbol": "$", 
  "currency_trailing_code": true, 
  "deadline": 1382109153, 
  "disable_communication": false, 
  "goal": 10000.0, 
  "id": 1108681262, 
  "launched_at": 1378307553, 
  "location": {
    "country": "JP", 
    "displayable_name": "Nagoya, Japan", 
    "id": 28411566, 
    "name": "Nagoya", 
    "short_name": "Nagoya, Japan", 
    "slug": "nagoya-narita-shi-jp", 
    "state": "Chiba Prefecture", 
    "urls": {
      "api": {
        "nearby_projects": "https://api.kickstarter.com/v1/discover?signature=1405284004.71c43233532d95c8068e6400bae76537f2f1766c&woe_id=28411566"
      }, 
      "web": {
        "discover": "https://www.kickstarter.com/discover/places/nagoya-narita-shi-jp", 
        "location": "https://www.kickstarter.com/locations/nagoya-narita-shi-jp"
      }
    }
  }, 
  "name": "Hasselnuts: Hasselblad Camera + iPhone DigitalBack Kit!", 
  "photo": {
    "1024x768": "https://s3.amazonaws.com/ksr/projects/601393/photo-1024x768.jpg?1397825416", 
    "1536x1152": "https://s3.amazonaws.com/ksr/projects/601393/photo-1536x1152.jpg?1397825416", 
    "ed": "https://s3.amazonaws.com/ksr/projects/601393/photo-ed.jpg?1397825416", 
    "full": "https://s3.amazonaws.com/ksr/projects/601393/photo-full.jpg?1397825416", 
    "little": "https://s3.amazonaws.com/ksr/projects/601393/photo-little.jpg?1397825416", 
    "med": "https://s3.amazonaws.com/ksr/projects/601393/photo-med.jpg?1397825416", 
    "small": "https://s3.amazonaws.com/ksr/projects/601393/photo-small.jpg?1397825416", 
    "thumb": "https://s3.amazonaws.com/ksr/projects/601393/photo-thumb.jpg?1397825416"
  }, 
  "pledged": 32687.0, 
  "slug": "hasselnuts-hasselblad-camera-iphone-digitalback-ki", 
  "state": "successful", 
  "state_changed_at": 1382109153, 
  "urls": {
    "web": {
      "project": "https://www.kickstarter.com/projects/96793993/hasselnuts-hasselblad-camera-iphone-digitalback-ki", 
      "rewards": "https://www.kickstarter.com/projects/96793993/hasselnuts-hasselblad-camera-iphone-digitalback-ki/rewards"
    }
  }
}