{
  "backers_count": 402, 
  "blurb": "RAPIRO is a cute and affordable robot kit designed to work with a Raspberry Pi. It comes with a Arduino-compatible servo controller.", 
  "category": {
    "id": 52, 
    "name": "Hardware", 
    "parent_id": 16, 
    "position": 8, 
    "slug": "technology/hardware", 
    "urls": {
      "web": {
        "discover": "http://www.kickstarter.com/discover/categories/technology/hardware"
      }
    }
  }, 
  "country": "GB", 
  "created_at": 1370510172, 
  "creator": {
    "avatar": {
      "medium": "https://s3.amazonaws.com/ksr/avatars/2422109/icon.medium.jpg?1370702744", 
      "small": "https://s3.amazonaws.com/ksr/avatars/2422109/icon.small.jpg?1370702744", 
      "thumb": "https://s3.amazonaws.com/ksr/avatars/2422109/icon.thumb.jpg?1370702744"
    }, 
    "id": 1987564926, 
    "name": "Shota Ishiwatari", 
    "slug": "shota", 
    "urls": {
      "api": {
        "user": "https://api.kickstarter.com/v1/users/1987564926?signature=1405310088.2323b7bc99df12a49c5ebb8eab1b20a33d04f5d7"
      }, 
      "web": {
        "user": "https://www.kickstarter.com/profile/shota"
      }
    }
  }, 
  "currency": "GBP", 
  "currency_symbol": "\u00a3", 
  "currency_trailing_code": false, 
  "deadline": 1376899269, 
  "disable_communication": false, 
  "goal": 20000.0, 
  "id": 110981130, 
  "launched_at": 1371715269, 
  "location": {
    "country": "JP", 
    "displayable_name": "Tokyo, Japan", 
    "id": 1118370, 
    "name": "Tokyo", 
    "short_name": "Tokyo, Japan", 
    "slug": "tokyo-jp", 
    "state": "Tokyo Prefecture", 
    "urls": {
      "api": {
        "nearby_projects": "https://api.kickstarter.com/v1/discover?signature=1405283923.b609bdea6b15f80c58007b22c68732f9918f7ae8&woe_id=1118370"
      }, 
      "web": {
        "discover": "https://www.kickstarter.com/discover/places/tokyo-jp", 
        "location": "https://www.kickstarter.com/locations/tokyo-jp"
      }
    }
  }, 
  "name": "RAPIRO: The Humanoid Robot Kit for your Raspberry Pi", 
  "photo": {
    "1024x768": "https://s3.amazonaws.com/ksr/projects/581514/photo-1024x768.jpg?1397823272", 
    "1536x1152": "https://s3.amazonaws.com/ksr/projects/581514/photo-1536x1152.jpg?1397823272", 
    "ed": "https://s3.amazonaws.com/ksr/projects/581514/photo-ed.jpg?1397823272", 
    "full": "https://s3.amazonaws.com/ksr/projects/581514/photo-full.jpg?1397823272", 
    "little": "https://s3.amazonaws.com/ksr/projects/581514/photo-little.jpg?1397823272", 
    "med": "https://s3.amazonaws.com/ksr/projects/581514/photo-med.jpg?1397823272", 
    "small": "https://s3.amazonaws.com/ksr/projects/581514/photo-small.jpg?1397823272", 
    "thumb": "https://s3.amazonaws.com/ksr/projects/581514/photo-thumb.jpg?1397823272"
  }, 
  "pledged": 75099.2, 
  "slug": "rapiro-the-humanoid-robot-kit-for-your-raspberry-p", 
  "state": "successful", 
  "state_changed_at": 1376899269, 
  "urls": {
    "web": {
      "project": "https://www.kickstarter.com/projects/shota/rapiro-the-humanoid-robot-kit-for-your-raspberry-p", 
      "rewards": "https://www.kickstarter.com/projects/shota/rapiro-the-humanoid-robot-kit-for-your-raspberry-p/rewards"
    }
  }
}