{
  "backers_count": 103, 
  "blurb": "A 30000mah High Capacity Laptop/Qi Wireless/USB Multiple Device Charger Battery Pack.", 
  "category": {
    "id": 52, 
    "name": "Hardware", 
    "parent_id": 16, 
    "position": 8, 
    "slug": "technology/hardware", 
    "urls": {
      "web": {
        "discover": "http://www.kickstarter.com/discover/categories/technology/hardware"
      }
    }
  }, 
  "country": "US", 
  "created_at": 1385753538, 
  "creator": {
    "avatar": {
      "medium": "https://s3.amazonaws.com/ksr/avatars/6317356/Screen_Shot_2013-11-29_at_1.11.38_PM.medium.jpg?1385755939", 
      "small": "https://s3.amazonaws.com/ksr/avatars/6317356/Screen_Shot_2013-11-29_at_1.11.38_PM.small.jpg?1385755939", 
      "thumb": "https://s3.amazonaws.com/ksr/avatars/6317356/Screen_Shot_2013-11-29_at_1.11.38_PM.thumb.jpg?1385755939"
    }, 
    "id": 1881724576, 
    "name": "Elevated Technologies", 
    "urls": {
      "api": {
        "user": "https://api.kickstarter.com/v1/users/1881724576?signature=1405310416.627ccffb364b8cf5ffd2ae358ba90a1e7756d4b8"
      }, 
      "web": {
        "user": "https://www.kickstarter.com/profile/1881724576"
      }
    }
  }, 
  "currency": "USD", 
  "currency_symbol": "$", 
  "currency_trailing_code": true, 
  "deadline": 1392657083, 
  "disable_communication": false, 
  "goal": 45000.0, 
  "id": 1109526482, 
  "launched_at": 1390065083, 
  "location": {
    "country": "US", 
    "displayable_name": "Salt Lake City, UT", 
    "id": 2487610, 
    "name": "Salt Lake City", 
    "short_name": "Salt Lake City, UT", 
    "slug": "salt-lake-city-ut", 
    "state": "UT", 
    "urls": {
      "api": {
        "nearby_projects": "https://api.kickstarter.com/v1/discover?signature=1405283928.bdc75e3d5f352048d0647b32e95a9c3843f5b47b&woe_id=2487610"
      }, 
      "web": {
        "discover": "https://www.kickstarter.com/discover/places/salt-lake-city-ut", 
        "location": "https://www.kickstarter.com/locations/salt-lake-city-ut"
      }
    }
  }, 
  "name": "The Fusion Pack. A Battery Pack with Personality and Power", 
  "photo": {
    "1024x768": "https://s3.amazonaws.com/ksr/projects/778663/photo-1024x768.jpg?1397858224", 
    "1536x1152": "https://s3.amazonaws.com/ksr/projects/778663/photo-1536x1152.jpg?1397858224", 
    "ed": "https://s3.amazonaws.com/ksr/projects/778663/photo-ed.jpg?1397858224", 
    "full": "https://s3.amazonaws.com/ksr/projects/778663/photo-full.jpg?1397858224", 
    "little": "https://s3.amazonaws.com/ksr/projects/778663/photo-little.jpg?1397858224", 
    "med": "https://s3.amazonaws.com/ksr/projects/778663/photo-med.jpg?1397858224", 
    "small": "https://s3.amazonaws.com/ksr/projects/778663/photo-small.jpg?1397858224", 
    "thumb": "https://s3.amazonaws.com/ksr/projects/778663/photo-thumb.jpg?1397858224"
  }, 
  "pledged": 3608.0, 
  "slug": "fusion-pack-a-battery-pack-infused-w-personality-a", 
  "state": "canceled", 
  "state_changed_at": 1392656774, 
  "urls": {
    "web": {
      "project": "https://www.kickstarter.com/projects/1881724576/fusion-pack-a-battery-pack-infused-w-personality-a", 
      "rewards": "https://www.kickstarter.com/projects/1881724576/fusion-pack-a-battery-pack-infused-w-personality-a/rewards"
    }
  }
}