{
  "backers_count": 274, 
  "blurb": "Hands & eyes-free access to Siri & Google Now. Tap & speak to send messages, schedule meetings, make phone calls, and more.", 
  "category": {
    "id": 52, 
    "name": "Hardware", 
    "parent_id": 16, 
    "position": 8, 
    "slug": "technology/hardware", 
    "urls": {
      "web": {
        "discover": "http://www.kickstarter.com/discover/categories/technology/hardware"
      }
    }
  }, 
  "country": "US", 
  "created_at": 1393182453, 
  "creator": {
    "avatar": {
      "medium": "https://s3.amazonaws.com/ksr/avatars/9740773/Copy_of_LogoOnlyNEW.medium.jpg?1393268605", 
      "small": "https://s3.amazonaws.com/ksr/avatars/9740773/Copy_of_LogoOnlyNEW.small.jpg?1393268605", 
      "thumb": "https://s3.amazonaws.com/ksr/avatars/9740773/Copy_of_LogoOnlyNEW.thumb.jpg?1393268605"
    }, 
    "id": 44688306, 
    "name": "CommBadge Technologies, LLC", 
    "urls": {
      "api": {
        "user": "https://api.kickstarter.com/v1/users/44688306?signature=1405310147.65d311b5121884e889f0522217a672ccea6533d2"
      }, 
      "web": {
        "user": "https://www.kickstarter.com/profile/44688306"
      }
    }
  }, 
  "currency": "USD", 
  "currency_symbol": "$", 
  "currency_trailing_code": true, 
  "deadline": 1398668340, 
  "disable_communication": false, 
  "goal": 20000.0, 
  "id": 1109936278, 
  "launched_at": 1394590995, 
  "location": {
    "country": "US", 
    "displayable_name": "Laguna Niguel, CA", 
    "id": 2434651, 
    "name": "Laguna Niguel", 
    "short_name": "Laguna Niguel, CA", 
    "slug": "laguna-niguel-ca", 
    "state": "CA", 
    "urls": {
      "api": {
        "nearby_projects": "https://api.kickstarter.com/v1/discover?signature=1405283981.8f4c3436118a6f8471641b898b3a132918f2a742&woe_id=2434651"
      }, 
      "web": {
        "discover": "https://www.kickstarter.com/discover/places/laguna-niguel-ca", 
        "location": "https://www.kickstarter.com/locations/laguna-niguel-ca"
      }
    }
  }, 
  "name": "Star Trek-Inspired Wearable Communicator for iOS & Android", 
  "photo": {
    "1024x768": "https://s3.amazonaws.com/ksr/projects/881994/photo-1024x768.jpg?1398595428", 
    "1536x1152": "https://s3.amazonaws.com/ksr/projects/881994/photo-1536x1152.jpg?1398595428", 
    "ed": "https://s3.amazonaws.com/ksr/projects/881994/photo-ed.jpg?1398595428", 
    "full": "https://s3.amazonaws.com/ksr/projects/881994/photo-full.jpg?1398595428", 
    "little": "https://s3.amazonaws.com/ksr/projects/881994/photo-little.jpg?1398595428", 
    "med": "https://s3.amazonaws.com/ksr/projects/881994/photo-med.jpg?1398595428", 
    "small": "https://s3.amazonaws.com/ksr/projects/881994/photo-small.jpg?1398595428", 
    "thumb": "https://s3.amazonaws.com/ksr/projects/881994/photo-thumb.jpg?1398595428"
  }, 
  "pledged": 28451.01, 
  "slug": "commbadge-star-trek-inspired-wearable-communicator", 
  "state": "successful", 
  "state_changed_at": 1398668340, 
  "urls": {
    "web": {
      "project": "https://www.kickstarter.com/projects/44688306/commbadge-star-trek-inspired-wearable-communicator", 
      "rewards": "https://www.kickstarter.com/projects/44688306/commbadge-star-trek-inspired-wearable-communicator/rewards"
    }
  }
}