{
  "backers_count": 3, 
  "blurb": "Pressed Penny Machines at Sturgis, SD", 
  "category": {
    "id": 335, 
    "name": "Fabrication Tools", 
    "parent_id": 16, 
    "position": 5, 
    "slug": "technology/fabrication tools", 
    "urls": {
      "web": {
        "discover": "http://www.kickstarter.com/discover/categories/technology/fabrication%20tools"
      }
    }
  }, 
  "country": "US", 
  "created_at": 1399922297, 
  "creator": {
    "avatar": {
      "medium": "https://s3.amazonaws.com/ksr/avatars/10628017/undefined.medium.jpg?1402197952", 
      "small": "https://s3.amazonaws.com/ksr/avatars/10628017/undefined.small.jpg?1402197952", 
      "thumb": "https://s3.amazonaws.com/ksr/avatars/10628017/undefined.thumb.jpg?1402197952"
    }, 
    "id": 382993513, 
    "name": "Bob Sarda", 
    "urls": {
      "api": {
        "user": "https://api.kickstarter.com/v1/users/382993513?signature=1405310618.0ecccf8178193b39a8c3f6c131922c8d77824ff3"
      }, 
      "web": {
        "user": "https://www.kickstarter.com/profile/382993513"
      }
    }
  }, 
  "currency": "USD", 
  "currency_symbol": "$", 
  "currency_trailing_code": true, 
  "deadline": 1405019880, 
  "disable_communication": false, 
  "goal": 35000.0, 
  "id": 1110480773, 
  "launched_at": 1402525451, 
  "location": {
    "country": "US", 
    "displayable_name": "Sturgis, SD", 
    "id": 2501136, 
    "name": "Sturgis", 
    "short_name": "Sturgis, SD", 
    "slug": "sturgis-sd", 
    "state": "SD", 
    "urls": {
      "api": {
        "nearby_projects": "https://api.kickstarter.com/v1/discover?signature=1405284093.b2e1f5552bdfad69112534d59b6d5cdbcf5b0ea3&woe_id=2501136"
      }, 
      "web": {
        "discover": "https://www.kickstarter.com/discover/places/sturgis-sd", 
        "location": "https://www.kickstarter.com/locations/sturgis-sd"
      }
    }
  }, 
  "name": "Pressed Penny Machines at Sturgis", 
  "photo": {
    "1024x768": "https://s3.amazonaws.com/ksr/projects/996596/photo-1024x768.jpg?1402365972", 
    "1536x1152": "https://s3.amazonaws.com/ksr/projects/996596/photo-1536x1152.jpg?1402365972", 
    "ed": "https://s3.amazonaws.com/ksr/projects/996596/photo-ed.jpg?1402365972", 
    "full": "https://s3.amazonaws.com/ksr/projects/996596/photo-full.jpg?1402365972", 
    "little": "https://s3.amazonaws.com/ksr/projects/996596/photo-little.jpg?1402365972", 
    "med": "https://s3.amazonaws.com/ksr/projects/996596/photo-med.jpg?1402365972", 
    "small": "https://s3.amazonaws.com/ksr/projects/996596/photo-small.jpg?1402365972", 
    "thumb": "https://s3.amazonaws.com/ksr/projects/996596/photo-thumb.jpg?1402365972"
  }, 
  "pledged": 65.0, 
  "slug": "pressed-penny-machines-at-sturgis", 
  "state": "failed", 
  "state_changed_at": 1405019880, 
  "urls": {
    "web": {
      "project": "https://www.kickstarter.com/projects/382993513/pressed-penny-machines-at-sturgis", 
      "rewards": "https://www.kickstarter.com/projects/382993513/pressed-penny-machines-at-sturgis/rewards"
    }
  }
}