{
  "backers_count": 256, 
  "blurb": "TiddlyBot is a simple little funbot with some amazing features. It draws, follow lines, and helps with the learning of technology.", 
  "category": {
    "id": 338, 
    "name": "Robots", 
    "parent_id": 16, 
    "position": 10, 
    "slug": "technology/robots", 
    "urls": {
      "web": {
        "discover": "http://www.kickstarter.com/discover/categories/technology/robots"
      }
    }
  }, 
  "country": "US", 
  "created_at": 1402437095, 
  "creator": {
    "avatar": {
      "medium": "https://s3.amazonaws.com/ksr/avatars/10511467/HarryAvatar1.medium.jpg?1403533356", 
      "small": "https://s3.amazonaws.com/ksr/avatars/10511467/HarryAvatar1.small.jpg?1403533356", 
      "thumb": "https://s3.amazonaws.com/ksr/avatars/10511467/HarryAvatar1.thumb.jpg?1403533356"
    }, 
    "id": 1320310506, 
    "name": "Agilic", 
    "urls": {
      "api": {
        "user": "https://api.kickstarter.com/v1/users/1320310506?signature=1405310168.b16f9f46b696b11948c045bd2981c6122eb053ba"
      }, 
      "web": {
        "user": "https://www.kickstarter.com/profile/1320310506"
      }
    }
  }, 
  "currency": "USD", 
  "currency_symbol": "$", 
  "currency_trailing_code": true, 
  "deadline": 1406390403, 
  "disable_communication": false, 
  "goal": 27000.0, 
  "id": 1110939959, 
  "launched_at": 1403712003, 
  "location": {
    "country": "US", 
    "displayable_name": "San Francisco, CA", 
    "id": 2487956, 
    "name": "San Francisco", 
    "short_name": "San Francisco, CA", 
    "slug": "san-francisco-ca", 
    "state": "CA", 
    "urls": {
      "api": {
        "nearby_projects": "https://api.kickstarter.com/v1/discover?signature=1405283922.2705520cddde986b955c196af6b338b46c4257d5&woe_id=2487956"
      }, 
      "web": {
        "discover": "https://www.kickstarter.com/discover/places/san-francisco-ca", 
        "location": "https://www.kickstarter.com/locations/san-francisco-ca"
      }
    }
  }, 
  "name": "TiddlyBot fun and simple Raspberry Pi Robot", 
  "photo": {
    "1024x768": "https://s3.amazonaws.com/ksr/projects/1039025/photo-1024x768.jpg?1403488020", 
    "1536x1152": "https://s3.amazonaws.com/ksr/projects/1039025/photo-1536x1152.jpg?1403488020", 
    "ed": "https://s3.amazonaws.com/ksr/projects/1039025/photo-ed.jpg?1403488020", 
    "full": "https://s3.amazonaws.com/ksr/projects/1039025/photo-full.jpg?1403488020", 
    "little": "https://s3.amazonaws.com/ksr/projects/1039025/photo-little.jpg?1403488020", 
    "med": "https://s3.amazonaws.com/ksr/projects/1039025/photo-med.jpg?1403488020", 
    "small": "https://s3.amazonaws.com/ksr/projects/1039025/photo-small.jpg?1403488020", 
    "thumb": "https://s3.amazonaws.com/ksr/projects/1039025/photo-thumb.jpg?1403488020"
  }, 
  "pledged": 18600.0, 
  "slug": "tiddlybot-fun-and-simple-raspberry-pi-robot", 
  "state": "live", 
  "state_changed_at": 1403712003, 
  "urls": {
    "web": {
      "project": "https://www.kickstarter.com/projects/1320310506/tiddlybot-fun-and-simple-raspberry-pi-robot", 
      "rewards": "https://www.kickstarter.com/projects/1320310506/tiddlybot-fun-and-simple-raspberry-pi-robot/rewards"
    }
  }
}