{
  "backers_count": 4, 
  "blurb": "I want to spend Christmas day building my new Death Star. Then I can use it to take over (and rule) the galaxy once again.", 
  "category": {
    "id": 340, 
    "name": "Space Exploration", 
    "parent_id": 16, 
    "position": 13, 
    "slug": "technology/space exploration", 
    "urls": {
      "web": {
        "discover": "http://www.kickstarter.com/discover/categories/technology/space%20exploration"
      }
    }
  }, 
  "country": "GB", 
  "created_at": 1405011843, 
  "creator": {
    "avatar": {
      "medium": "https://s3.amazonaws.com/ksr/avatars/11360990/Sid.medium.jpg?1405013853", 
      "small": "https://s3.amazonaws.com/ksr/avatars/11360990/Sid.small.jpg?1405013853", 
      "thumb": "https://s3.amazonaws.com/ksr/avatars/11360990/Sid.thumb.jpg?1405013853"
    }, 
    "id": 945262452, 
    "name": "Darth Sidious", 
    "urls": {
      "api": {
        "user": "https://api.kickstarter.com/v1/users/945262452?signature=1405310300.12cd12b2cfcd1ebd4489a93fdb8b22db28816d49"
      }, 
      "web": {
        "user": "https://www.kickstarter.com/profile/945262452"
      }
    }
  }, 
  "currency": "GBP", 
  "currency_symbol": "\u00a3", 
  "currency_trailing_code": false, 
  "deadline": 1410200050, 
  "disable_communication": false, 
  "goal": 9.0, 
  "id": 1110758910, 
  "launched_at": 1405016050, 
  "location": {
    "country": "GB", 
    "displayable_name": "Greater Manchester, UK", 
    "id": 12602158, 
    "name": "Greater Manchester", 
    "short_name": "Greater Manchester, UK", 
    "slug": "greater-manchester-gb", 
    "state": "England", 
    "urls": {
      "api": {
        "nearby_projects": "https://api.kickstarter.com/v1/discover?signature=1405283938.46739478b5c80d31f4fcaf6a9887c606ae333aea&woe_id=12602158"
      }, 
      "web": {
        "discover": "https://www.kickstarter.com/discover/places/greater-manchester-gb", 
        "location": "https://www.kickstarter.com/locations/greater-manchester-gb"
      }
    }
  }, 
  "name": "Build a Death Star", 
  "photo": {
    "1024x768": "https://s3.amazonaws.com/ksr/projects/1130805/photo-1024x768.jpg?1405011921", 
    "1536x1152": "https://s3.amazonaws.com/ksr/projects/1130805/photo-1536x1152.jpg?1405011921", 
    "ed": "https://s3.amazonaws.com/ksr/projects/1130805/photo-ed.jpg?1405011921", 
    "full": "https://s3.amazonaws.com/ksr/projects/1130805/photo-full.jpg?1405011921", 
    "little": "https://s3.amazonaws.com/ksr/projects/1130805/photo-little.jpg?1405011921", 
    "med": "https://s3.amazonaws.com/ksr/projects/1130805/photo-med.jpg?1405011921", 
    "small": "https://s3.amazonaws.com/ksr/projects/1130805/photo-small.jpg?1405011921", 
    "thumb": "https://s3.amazonaws.com/ksr/projects/1130805/photo-thumb.jpg?1405011921"
  }, 
  "pledged": 6.0, 
  "slug": "build-a-death-star", 
  "state": "live", 
  "state_changed_at": 1405016050, 
  "urls": {
    "web": {
      "project": "https://www.kickstarter.com/projects/945262452/build-a-death-star", 
      "rewards": "https://www.kickstarter.com/projects/945262452/build-a-death-star/rewards"
    }
  }
}