{
  "backers_count": 31, 
  "blurb": "Help create a tool where kids create, play, learn, and do amazing things with computer technology and the mobile Internet.", 
  "category": {
    "id": 16, 
    "name": "Technology", 
    "position": 14, 
    "slug": "technology", 
    "urls": {
      "web": {
        "discover": "http://www.kickstarter.com/discover/categories/technology"
      }
    }
  }, 
  "country": "US", 
  "created_at": 1378665216, 
  "creator": {
    "avatar": {
      "medium": "https://s3.amazonaws.com/ksr/avatars/1871357/fb_wk_logo_final.fw.medium.jpg?1378667023", 
      "small": "https://s3.amazonaws.com/ksr/avatars/1871357/fb_wk_logo_final.fw.small.jpg?1378667023", 
      "thumb": "https://s3.amazonaws.com/ksr/avatars/1871357/fb_wk_logo_final.fw.thumb.jpg?1378667023"
    }, 
    "id": 650703186, 
    "name": "Natasha Dobson", 
    "slug": "webbykids", 
    "urls": {
      "api": {
        "user": "https://api.kickstarter.com/v1/users/650703186?signature=1405310448.bdbbec5eb1b4c9fc4652828db03b35a7eee75c45"
      }, 
      "web": {
        "user": "https://www.kickstarter.com/profile/webbykids"
      }
    }
  }, 
  "currency": "USD", 
  "currency_symbol": "$", 
  "currency_trailing_code": true, 
  "deadline": 1386079467, 
  "disable_communication": false, 
  "goal": 65000.0, 
  "id": 1111616844, 
  "launched_at": 1382792667, 
  "location": {
    "country": "US", 
    "displayable_name": "Atlanta, GA", 
    "id": 2357024, 
    "name": "Atlanta", 
    "short_name": "Atlanta, GA", 
    "slug": "atlanta-ga", 
    "state": "GA", 
    "urls": {
      "api": {
        "nearby_projects": "https://api.kickstarter.com/v1/discover?signature=1405283921.1b31225794c42dde0f2056517ae465665bf74f0e&woe_id=2357024"
      }, 
      "web": {
        "discover": "https://www.kickstarter.com/discover/places/atlanta-ga", 
        "location": "https://www.kickstarter.com/locations/atlanta-ga"
      }
    }
  }, 
  "name": "WebbyKids is where kids make websites, games, and apps!", 
  "photo": {
    "1024x768": "https://s3.amazonaws.com/ksr/projects/674980/photo-1024x768.jpg?1397833736", 
    "1536x1152": "https://s3.amazonaws.com/ksr/projects/674980/photo-1536x1152.jpg?1397833736", 
    "ed": "https://s3.amazonaws.com/ksr/projects/674980/photo-ed.jpg?1397833736", 
    "full": "https://s3.amazonaws.com/ksr/projects/674980/photo-full.jpg?1397833736", 
    "little": "https://s3.amazonaws.com/ksr/projects/674980/photo-little.jpg?1397833736", 
    "med": "https://s3.amazonaws.com/ksr/projects/674980/photo-med.jpg?1397833736", 
    "small": "https://s3.amazonaws.com/ksr/projects/674980/photo-small.jpg?1397833736", 
    "thumb": "https://s3.amazonaws.com/ksr/projects/674980/photo-thumb.jpg?1397833736"
  }, 
  "pledged": 2392.0, 
  "slug": "webbykids-is-where-kids-make-websites-games-and-ap", 
  "state": "canceled", 
  "state_changed_at": 1384800988, 
  "urls": {
    "web": {
      "project": "https://www.kickstarter.com/projects/webbykids/webbykids-is-where-kids-make-websites-games-and-ap", 
      "rewards": "https://www.kickstarter.com/projects/webbykids/webbykids-is-where-kids-make-websites-games-and-ap/rewards"
    }
  }
}