{
  "backers_count": 55, 
  "blurb": "A self-contained aeroponic vertical growing system for healthy, organic vegetables, herbs and flowers.", 
  "category": {
    "id": 16, 
    "name": "Technology", 
    "position": 14, 
    "slug": "technology", 
    "urls": {
      "web": {
        "discover": "http://www.kickstarter.com/discover/categories/technology"
      }
    }
  }, 
  "country": "US", 
  "created_at": 1391400627, 
  "creator": {
    "avatar": {
      "medium": "https://s3.amazonaws.com/ksr/avatars/2782028/Kick_profile_pic.medium.jpg?1399508687", 
      "small": "https://s3.amazonaws.com/ksr/avatars/2782028/Kick_profile_pic.small.jpg?1399508687", 
      "thumb": "https://s3.amazonaws.com/ksr/avatars/2782028/Kick_profile_pic.thumb.jpg?1399508687"
    }, 
    "id": 370962655, 
    "name": "Cary Schwartz", 
    "urls": {
      "api": {
        "user": "https://api.kickstarter.com/v1/users/370962655?signature=1405310185.809f1beeed8adf0ca383d27cbe40296e68adf401"
      }, 
      "web": {
        "user": "https://www.kickstarter.com/profile/370962655"
      }
    }
  }, 
  "currency": "USD", 
  "currency_symbol": "$", 
  "currency_trailing_code": true, 
  "deadline": 1406132515, 
  "disable_communication": false, 
  "goal": 45000.0, 
  "id": 1111609847, 
  "launched_at": 1403108515, 
  "location": {
    "country": "US", 
    "displayable_name": "Los Angeles, CA", 
    "id": 2442047, 
    "name": "Los Angeles", 
    "short_name": "Los Angeles, CA", 
    "slug": "los-angeles-ca", 
    "state": "CA", 
    "urls": {
      "api": {
        "nearby_projects": "https://api.kickstarter.com/v1/discover?signature=1405283921.ee3a1133214a755b6f367baa5289215cf97407d4&woe_id=2442047"
      }, 
      "web": {
        "discover": "https://www.kickstarter.com/discover/places/los-angeles-ca", 
        "location": "https://www.kickstarter.com/locations/los-angeles-ca"
      }
    }
  }, 
  "name": "Pyramid Garden - Aeroponic Vertical Growing System", 
  "photo": {
    "1024x768": "https://s3.amazonaws.com/ksr/projects/855238/photo-1024x768.jpg?1399163971", 
    "1536x1152": "https://s3.amazonaws.com/ksr/projects/855238/photo-1536x1152.jpg?1399163971", 
    "ed": "https://s3.amazonaws.com/ksr/projects/855238/photo-ed.jpg?1399163971", 
    "full": "https://s3.amazonaws.com/ksr/projects/855238/photo-full.jpg?1399163971", 
    "little": "https://s3.amazonaws.com/ksr/projects/855238/photo-little.jpg?1399163971", 
    "med": "https://s3.amazonaws.com/ksr/projects/855238/photo-med.jpg?1399163971", 
    "small": "https://s3.amazonaws.com/ksr/projects/855238/photo-small.jpg?1399163971", 
    "thumb": "https://s3.amazonaws.com/ksr/projects/855238/photo-thumb.jpg?1399163971"
  }, 
  "pledged": 12780.0, 
  "slug": "pyramid-garden-aeroponic-vertical-growing-system", 
  "state": "live", 
  "state_changed_at": 1403108518, 
  "urls": {
    "web": {
      "project": "https://www.kickstarter.com/projects/370962655/pyramid-garden-aeroponic-vertical-growing-system", 
      "rewards": "https://www.kickstarter.com/projects/370962655/pyramid-garden-aeroponic-vertical-growing-system/rewards"
    }
  }
}