{
  "backers_count": 0, 
  "blurb": "Clothing that connects to your Social Media presence via a 6 digit code through our patented redirect system. Evolve beyond the fabric.", 
  "category": {
    "id": 342, 
    "name": "Web", 
    "parent_id": 16, 
    "position": 15, 
    "slug": "technology/web", 
    "urls": {
      "web": {
        "discover": "http://www.kickstarter.com/discover/categories/technology/web"
      }
    }
  }, 
  "country": "US", 
  "created_at": 1398436078, 
  "creator": {
    "avatar": {
      "medium": "https://s3.amazonaws.com/ksr/avatars/10421327/Friends.medium.jpg?1398450426", 
      "small": "https://s3.amazonaws.com/ksr/avatars/10421327/Friends.small.jpg?1398450426", 
      "thumb": "https://s3.amazonaws.com/ksr/avatars/10421327/Friends.thumb.jpg?1398450426"
    }, 
    "id": 1292773864, 
    "name": "Michael Stuart", 
    "urls": {
      "api": {
        "user": "https://api.kickstarter.com/v1/users/1292773864?signature=1405310673.d433955573465922053dc3c741b4a2a2b2446f64"
      }, 
      "web": {
        "user": "https://www.kickstarter.com/profile/1292773864"
      }
    }
  }, 
  "currency": "USD", 
  "currency_symbol": "$", 
  "currency_trailing_code": true, 
  "deadline": 1401243599, 
  "disable_communication": false, 
  "goal": 13000.0, 
  "id": 1112854964, 
  "launched_at": 1399515599, 
  "location": {
    "country": "US", 
    "displayable_name": "Manhattan, NY", 
    "id": 12589342, 
    "name": "Manhattan", 
    "short_name": "Manhattan, NY", 
    "slug": "manhattan-ny", 
    "state": "NY", 
    "urls": {
      "api": {
        "nearby_projects": "https://api.kickstarter.com/v1/discover?signature=1405283927.2002b134edc209f1b6f3ce1da8e908ec7520646e&woe_id=12589342"
      }, 
      "web": {
        "discover": "https://www.kickstarter.com/discover/places/manhattan-ny", 
        "location": "https://www.kickstarter.com/locations/manhattan-ny"
      }
    }
  }, 
  "name": "IAS6 campaign (Canceled)", 
  "photo": {
    "1024x768": "https://s3.amazonaws.com/ksr/projects/970897/photo-1024x768.jpg?1399661232", 
    "1536x1152": "https://s3.amazonaws.com/ksr/projects/970897/photo-1536x1152.jpg?1399661232", 
    "ed": "https://s3.amazonaws.com/ksr/projects/970897/photo-ed.jpg?1399661232", 
    "full": "https://s3.amazonaws.com/ksr/projects/970897/photo-full.jpg?1399661232", 
    "little": "https://s3.amazonaws.com/ksr/projects/970897/photo-little.jpg?1399661232", 
    "med": "https://s3.amazonaws.com/ksr/projects/970897/photo-med.jpg?1399661232", 
    "small": "https://s3.amazonaws.com/ksr/projects/970897/photo-small.jpg?1399661232", 
    "thumb": "https://s3.amazonaws.com/ksr/projects/970897/photo-thumb.jpg?1399661232"
  }, 
  "pledged": 0.0, 
  "slug": "the-ias6-whats-your-6-campaign", 
  "state": "canceled", 
  "state_changed_at": 1401054871, 
  "urls": {
    "web": {
      "project": "https://www.kickstarter.com/projects/1292773864/the-ias6-whats-your-6-campaign", 
      "rewards": "https://www.kickstarter.com/projects/1292773864/the-ias6-whats-your-6-campaign/rewards"
    }
  }
}