{
  "backers_count": 2, 
  "blurb": "The computer screen may be the most fragile piece of your laptop. An LTP provides you with an inexpensive screen protection plan.", 
  "category": {
    "id": 16, 
    "name": "Technology", 
    "position": 14, 
    "slug": "technology", 
    "urls": {
      "web": {
        "discover": "http://www.kickstarter.com/discover/categories/technology"
      }
    }
  }, 
  "country": "US", 
  "created_at": 1361288761, 
  "creator": {
    "avatar": {
      "medium": "https://s3.amazonaws.com/ksr/avatars/5541198/Profile.medium.jpg?1361290949", 
      "small": "https://s3.amazonaws.com/ksr/avatars/5541198/Profile.small.jpg?1361290949", 
      "thumb": "https://s3.amazonaws.com/ksr/avatars/5541198/Profile.thumb.jpg?1361290949"
    }, 
    "id": 1855940648, 
    "name": "Mickey Chavannes", 
    "urls": {
      "api": {
        "user": "https://api.kickstarter.com/v1/users/1855940648?signature=1405310627.48e911342bab4046a7f86ffd294aa0a5c433ce78"
      }, 
      "web": {
        "user": "https://www.kickstarter.com/profile/1855940648"
      }
    }
  }, 
  "currency": "USD", 
  "currency_symbol": "$", 
  "currency_trailing_code": true, 
  "deadline": 1366398049, 
  "disable_communication": false, 
  "goal": 3000.0, 
  "id": 111358417, 
  "launched_at": 1363806049, 
  "location": {
    "country": "US", 
    "displayable_name": "Cudahy, WI", 
    "id": 2388096, 
    "name": "Cudahy", 
    "short_name": "Cudahy, WI", 
    "slug": "cudahy-wi", 
    "state": "WI", 
    "urls": {
      "api": {
        "nearby_projects": "https://api.kickstarter.com/v1/discover?signature=1405292113.7826ad5e001834dbec71ad658f140b8ecf311203&woe_id=2388096"
      }, 
      "web": {
        "discover": "https://www.kickstarter.com/discover/places/cudahy-wi", 
        "location": "https://www.kickstarter.com/locations/cudahy-wi"
      }
    }
  }, 
  "name": "Save Our Screen", 
  "photo": {
    "1024x768": "https://s3.amazonaws.com/ksr/projects/467048/photo-1024x768.jpg?1397811092", 
    "1536x1152": "https://s3.amazonaws.com/ksr/projects/467048/photo-1536x1152.jpg?1397811092", 
    "ed": "https://s3.amazonaws.com/ksr/projects/467048/photo-ed.jpg?1397811092", 
    "full": "https://s3.amazonaws.com/ksr/projects/467048/photo-full.jpg?1397811092", 
    "little": "https://s3.amazonaws.com/ksr/projects/467048/photo-little.jpg?1397811092", 
    "med": "https://s3.amazonaws.com/ksr/projects/467048/photo-med.jpg?1397811092", 
    "small": "https://s3.amazonaws.com/ksr/projects/467048/photo-small.jpg?1397811092", 
    "thumb": "https://s3.amazonaws.com/ksr/projects/467048/photo-thumb.jpg?1397811092"
  }, 
  "pledged": 50.0, 
  "slug": "save-our-screen", 
  "state": "failed", 
  "state_changed_at": 1366398049, 
  "urls": {
    "web": {
      "project": "https://www.kickstarter.com/projects/1855940648/save-our-screen", 
      "rewards": "https://www.kickstarter.com/projects/1855940648/save-our-screen/rewards"
    }
  }
}