{
  "backers_count": 2146, 
  "blurb": "An on-the-go, high-res DAC and headphone amp that plugs into your computer's USB port.  Your videos, music, & games will rule!", 
  "category": {
    "id": 52, 
    "name": "Hardware", 
    "parent_id": 16, 
    "position": 8, 
    "slug": "technology/hardware", 
    "urls": {
      "web": {
        "discover": "http://www.kickstarter.com/discover/categories/technology/hardware"
      }
    }
  }, 
  "country": "US", 
  "created_at": 1375379960, 
  "creator": {
    "avatar": {
      "medium": "https://s3.amazonaws.com/ksr/avatars/1242217/481370_3719412858088_790374050_n.medium.jpg?1375474408", 
      "small": "https://s3.amazonaws.com/ksr/avatars/1242217/481370_3719412858088_790374050_n.small.jpg?1375474408", 
      "thumb": "https://s3.amazonaws.com/ksr/avatars/1242217/481370_3719412858088_790374050_n.thumb.jpg?1375474408"
    }, 
    "id": 110844144, 
    "name": "Gavin Fish", 
    "slug": "gavn8r", 
    "urls": {
      "api": {
        "user": "https://api.kickstarter.com/v1/users/110844144?signature=1405310036.75e135f42dadd20ced42593269bbf2e75c559668"
      }, 
      "web": {
        "user": "https://www.kickstarter.com/profile/gavn8r"
      }
    }
  }, 
  "currency": "USD", 
  "currency_symbol": "$", 
  "currency_trailing_code": true, 
  "deadline": 1379011893, 
  "disable_communication": false, 
  "goal": 28000.0, 
  "id": 111355491, 
  "launched_at": 1376419893, 
  "location": {
    "country": "US", 
    "displayable_name": "Sacramento, CA", 
    "id": 2486340, 
    "name": "Sacramento", 
    "short_name": "Sacramento, CA", 
    "slug": "sacramento-ca", 
    "state": "CA", 
    "urls": {
      "api": {
        "nearby_projects": "https://api.kickstarter.com/v1/discover?signature=1405283928.cfa2c0cc6dd2e7e5b7380152a7e359f16a7cf9b1&woe_id=2486340"
      }, 
      "web": {
        "discover": "https://www.kickstarter.com/discover/places/sacramento-ca", 
        "location": "https://www.kickstarter.com/locations/sacramento-ca"
      }
    }
  }, 
  "name": "GEEK: A New USB Awesomifier for Headphones", 
  "photo": {
    "1024x768": "https://s3.amazonaws.com/ksr/projects/636098/photo-1024x768.jpg?1397829253", 
    "1536x1152": "https://s3.amazonaws.com/ksr/projects/636098/photo-1536x1152.jpg?1397829253", 
    "ed": "https://s3.amazonaws.com/ksr/projects/636098/photo-ed.jpg?1397829253", 
    "full": "https://s3.amazonaws.com/ksr/projects/636098/photo-full.jpg?1397829253", 
    "little": "https://s3.amazonaws.com/ksr/projects/636098/photo-little.jpg?1397829253", 
    "med": "https://s3.amazonaws.com/ksr/projects/636098/photo-med.jpg?1397829253", 
    "small": "https://s3.amazonaws.com/ksr/projects/636098/photo-small.jpg?1397829253", 
    "thumb": "https://s3.amazonaws.com/ksr/projects/636098/photo-thumb.jpg?1397829253"
  }, 
  "pledged": 303061.0, 
  "slug": "geek-a-new-usb-awesomifier-for-headphones", 
  "state": "successful", 
  "state_changed_at": 1379011893, 
  "urls": {
    "web": {
      "project": "https://www.kickstarter.com/projects/gavn8r/geek-a-new-usb-awesomifier-for-headphones", 
      "rewards": "https://www.kickstarter.com/projects/gavn8r/geek-a-new-usb-awesomifier-for-headphones/rewards"
    }
  }
}