{
  "backers_count": 2, 
  "blurb": "Whether you are looking for \"the one that got away,\" a drinking buddy, a doggie playdate, or a biz contact, Heyy is for you!", 
  "category": {
    "id": 332, 
    "name": "Apps", 
    "parent_id": 16, 
    "position": 2, 
    "slug": "technology/apps", 
    "urls": {
      "web": {
        "discover": "http://www.kickstarter.com/discover/categories/technology/apps"
      }
    }
  }, 
  "country": "US", 
  "created_at": 1404405511, 
  "creator": {
    "avatar": {
      "medium": "https://s3.amazonaws.com/ksr/avatars/11086200/me_on_beach.medium.jpg?1403296892", 
      "small": "https://s3.amazonaws.com/ksr/avatars/11086200/me_on_beach.small.jpg?1403296892", 
      "thumb": "https://s3.amazonaws.com/ksr/avatars/11086200/me_on_beach.thumb.jpg?1403296892"
    }, 
    "id": 1020833263, 
    "name": "Mark B. Manzo", 
    "slug": "heyy", 
    "urls": {
      "api": {
        "user": "https://api.kickstarter.com/v1/users/1020833263?signature=1405310288.f7b5cdd20adb41c849b536e8c75e72243cd82062"
      }, 
      "web": {
        "user": "https://www.kickstarter.com/profile/heyy"
      }
    }
  }, 
  "currency": "USD", 
  "currency_symbol": "$", 
  "currency_trailing_code": true, 
  "deadline": 1408308072, 
  "disable_communication": false, 
  "goal": 5000.0, 
  "id": 1113044173, 
  "launched_at": 1404420072, 
  "location": {
    "country": "US", 
    "displayable_name": "Baltimore, MD", 
    "id": 2358820, 
    "name": "Baltimore", 
    "short_name": "Baltimore, MD", 
    "slug": "baltimore-md", 
    "state": "MD", 
    "urls": {
      "api": {
        "nearby_projects": "https://api.kickstarter.com/v1/discover?signature=1405283925.ff4157422aa37edff8d138c01d6153b69e8f5029&woe_id=2358820"
      }, 
      "web": {
        "discover": "https://www.kickstarter.com/discover/places/baltimore-md", 
        "location": "https://www.kickstarter.com/locations/baltimore-md"
      }
    }
  }, 
  "name": "Heyy, Offline Connections for Everyone.", 
  "photo": {
    "1024x768": "https://s3.amazonaws.com/ksr/projects/1071603/photo-1024x768.jpg?1404405607", 
    "1536x1152": "https://s3.amazonaws.com/ksr/projects/1071603/photo-1536x1152.jpg?1404405607", 
    "ed": "https://s3.amazonaws.com/ksr/projects/1071603/photo-ed.jpg?1404405607", 
    "full": "https://s3.amazonaws.com/ksr/projects/1071603/photo-full.jpg?1404405607", 
    "little": "https://s3.amazonaws.com/ksr/projects/1071603/photo-little.jpg?1404405607", 
    "med": "https://s3.amazonaws.com/ksr/projects/1071603/photo-med.jpg?1404405607", 
    "small": "https://s3.amazonaws.com/ksr/projects/1071603/photo-small.jpg?1404405607", 
    "thumb": "https://s3.amazonaws.com/ksr/projects/1071603/photo-thumb.jpg?1404405607"
  }, 
  "pledged": 75.0, 
  "slug": "heyy-the-upside-down-dating-app", 
  "state": "live", 
  "state_changed_at": 1404420072, 
  "urls": {
    "web": {
      "project": "https://www.kickstarter.com/projects/heyy/heyy-the-upside-down-dating-app", 
      "rewards": "https://www.kickstarter.com/projects/heyy/heyy-the-upside-down-dating-app/rewards"
    }
  }
}