{
  "backers_count": 13, 
  "blurb": "Radiator Mate is a stylish early warning gadget that tells you when you need to bleed your radiators!", 
  "category": {
    "id": 52, 
    "name": "Hardware", 
    "parent_id": 16, 
    "position": 8, 
    "slug": "technology/hardware", 
    "urls": {
      "web": {
        "discover": "http://www.kickstarter.com/discover/categories/technology/hardware"
      }
    }
  }, 
  "country": "GB", 
  "created_at": 1364467181, 
  "creator": {
    "avatar": {
      "medium": "https://s3.amazonaws.com/ksr/avatars/4801232/S1T-Beacon-1000-White.medium.jpg?1381393468", 
      "small": "https://s3.amazonaws.com/ksr/avatars/4801232/S1T-Beacon-1000-White.small.jpg?1381393468", 
      "thumb": "https://s3.amazonaws.com/ksr/avatars/4801232/S1T-Beacon-1000-White.thumb.jpg?1381393468"
    }, 
    "id": 944712797, 
    "name": "Stage One Technology Ltd", 
    "slug": "stage1tec", 
    "urls": {
      "api": {
        "user": "https://api.kickstarter.com/v1/users/944712797?signature=1405310543.907a4e0bedc0e6895e302ddec47865e65d3e8190"
      }, 
      "web": {
        "user": "https://www.kickstarter.com/profile/stage1tec"
      }
    }
  }, 
  "currency": "GBP", 
  "currency_symbol": "\u00a3", 
  "currency_trailing_code": false, 
  "deadline": 1371895458, 
  "disable_communication": false, 
  "goal": 35000.0, 
  "id": 111389403, 
  "launched_at": 1366711458, 
  "location": {
    "country": "GB", 
    "displayable_name": "Warwickshire, UK", 
    "id": 12602190, 
    "name": "Warwickshire", 
    "short_name": "Warwickshire, UK", 
    "slug": "warwickshire-gb", 
    "state": "England", 
    "urls": {
      "api": {
        "nearby_projects": "https://api.kickstarter.com/v1/discover?signature=1405283931.87bbe63d80668b8e650498e5f5e042d213163a14&woe_id=12602190"
      }, 
      "web": {
        "discover": "https://www.kickstarter.com/discover/places/warwickshire-gb", 
        "location": "https://www.kickstarter.com/locations/warwickshire-gb"
      }
    }
  }, 
  "name": "Radiator Mate, funky bleed alert gadget for happy radiators", 
  "photo": {
    "1024x768": "https://s3.amazonaws.com/ksr/projects/505214/photo-1024x768.jpg?1397815105", 
    "1536x1152": "https://s3.amazonaws.com/ksr/projects/505214/photo-1536x1152.jpg?1397815105", 
    "ed": "https://s3.amazonaws.com/ksr/projects/505214/photo-ed.jpg?1397815105", 
    "full": "https://s3.amazonaws.com/ksr/projects/505214/photo-full.jpg?1397815105", 
    "little": "https://s3.amazonaws.com/ksr/projects/505214/photo-little.jpg?1397815105", 
    "med": "https://s3.amazonaws.com/ksr/projects/505214/photo-med.jpg?1397815105", 
    "small": "https://s3.amazonaws.com/ksr/projects/505214/photo-small.jpg?1397815105", 
    "thumb": "https://s3.amazonaws.com/ksr/projects/505214/photo-thumb.jpg?1397815105"
  }, 
  "pledged": 297.0, 
  "slug": "radiator-mate-funky-bleed-alert-gadget-for-happy-r", 
  "state": "failed", 
  "state_changed_at": 1371895462, 
  "urls": {
    "web": {
      "project": "https://www.kickstarter.com/projects/stage1tec/radiator-mate-funky-bleed-alert-gadget-for-happy-r", 
      "rewards": "https://www.kickstarter.com/projects/stage1tec/radiator-mate-funky-bleed-alert-gadget-for-happy-r/rewards"
    }
  }
}