{
  "backers_count": 75, 
  "blurb": "Here\u2019s a chance to help bring the world a technology it needed yesterday.", 
  "category": {
    "id": 16, 
    "name": "Technology", 
    "position": 14, 
    "slug": "technology", 
    "urls": {
      "web": {
        "discover": "http://www.kickstarter.com/discover/categories/technology"
      }
    }
  }, 
  "country": "US", 
  "created_at": 1361305429, 
  "creator": {
    "avatar": {
      "medium": "https://s3.amazonaws.com/ksr/avatars/1151472/528074_10151559803940644_315930985_n.medium.jpg?1361309731", 
      "small": "https://s3.amazonaws.com/ksr/avatars/1151472/528074_10151559803940644_315930985_n.small.jpg?1361309731", 
      "thumb": "https://s3.amazonaws.com/ksr/avatars/1151472/528074_10151559803940644_315930985_n.thumb.jpg?1361309731"
    }, 
    "id": 1119432982, 
    "name": "Ryan Beltr\u00e1n", 
    "slug": "rbeltran", 
    "urls": {
      "api": {
        "user": "https://api.kickstarter.com/v1/users/1119432982?signature=1405310409.0236a7c23b815bc10cda252f1fe53c47aa217f7e"
      }, 
      "web": {
        "user": "https://www.kickstarter.com/profile/rbeltran"
      }
    }
  }, 
  "currency": "USD", 
  "currency_symbol": "$", 
  "currency_trailing_code": true, 
  "deadline": 1376704800, 
  "disable_communication": false, 
  "goal": 50000.0, 
  "id": 1115852013, 
  "launched_at": 1371773588, 
  "location": {
    "country": "US", 
    "displayable_name": "San Antonio, TX", 
    "id": 2487796, 
    "name": "San Antonio", 
    "short_name": "San Antonio, TX", 
    "slug": "san-antonio-tx", 
    "state": "TX", 
    "urls": {
      "api": {
        "nearby_projects": "https://api.kickstarter.com/v1/discover?signature=1405283924.4f36710c4ebd842b3dcba0a127d2b317e15032e8&woe_id=2487796"
      }, 
      "web": {
        "discover": "https://www.kickstarter.com/discover/places/san-antonio-tx", 
        "location": "https://www.kickstarter.com/locations/san-antonio-tx"
      }
    }
  }, 
  "name": "Elequa: Sustainable Water Tech Education & Research Project", 
  "photo": {
    "1024x768": "https://s3.amazonaws.com/ksr/projects/467331/photo-1024x768.jpg?1397811130", 
    "1536x1152": "https://s3.amazonaws.com/ksr/projects/467331/photo-1536x1152.jpg?1397811130", 
    "ed": "https://s3.amazonaws.com/ksr/projects/467331/photo-ed.jpg?1397811130", 
    "full": "https://s3.amazonaws.com/ksr/projects/467331/photo-full.jpg?1397811130", 
    "little": "https://s3.amazonaws.com/ksr/projects/467331/photo-little.jpg?1397811130", 
    "med": "https://s3.amazonaws.com/ksr/projects/467331/photo-med.jpg?1397811130", 
    "small": "https://s3.amazonaws.com/ksr/projects/467331/photo-small.jpg?1397811130", 
    "thumb": "https://s3.amazonaws.com/ksr/projects/467331/photo-thumb.jpg?1397811130"
  }, 
  "pledged": 4133.5, 
  "slug": "elequa-sustainable-water-tech-education-and-resear", 
  "state": "failed", 
  "state_changed_at": 1376704835, 
  "urls": {
    "web": {
      "project": "https://www.kickstarter.com/projects/rbeltran/elequa-sustainable-water-tech-education-and-resear", 
      "rewards": "https://www.kickstarter.com/projects/rbeltran/elequa-sustainable-water-tech-education-and-resear/rewards"
    }
  }
}