{
  "backers_count": 1, 
  "blurb": "Auctacity.com is an online auction platform. We want to build a mobile app to enhance the experience, and need to pay a developer.", 
  "category": {
    "id": 342, 
    "name": "Web", 
    "parent_id": 16, 
    "position": 15, 
    "slug": "technology/web", 
    "urls": {
      "web": {
        "discover": "http://www.kickstarter.com/discover/categories/technology/web"
      }
    }
  }, 
  "country": "US", 
  "created_at": 1405012420, 
  "creator": {
    "avatar": {
      "medium": "https://s3.amazonaws.com/ksr/avatars/11361180/kickstarter.medium.jpg?1405015264", 
      "small": "https://s3.amazonaws.com/ksr/avatars/11361180/kickstarter.small.jpg?1405015264", 
      "thumb": "https://s3.amazonaws.com/ksr/avatars/11361180/kickstarter.thumb.jpg?1405015264"
    }, 
    "id": 23422119, 
    "name": "Jeremy Tharp", 
    "urls": {
      "api": {
        "user": "https://api.kickstarter.com/v1/users/23422119?signature=1405310308.7dba3bcd600034fdd22249842e48481968301381"
      }, 
      "web": {
        "user": "https://www.kickstarter.com/profile/23422119"
      }
    }
  }, 
  "currency": "USD", 
  "currency_symbol": "$", 
  "currency_trailing_code": true, 
  "deadline": 1405987200, 
  "disable_communication": false, 
  "goal": 7500.0, 
  "id": 1116311059, 
  "launched_at": 1405104979, 
  "location": {
    "country": "US", 
    "displayable_name": "Winchester, VA", 
    "id": 2521691, 
    "name": "Winchester", 
    "short_name": "Winchester, VA", 
    "slug": "winchester-va", 
    "state": "VA", 
    "urls": {
      "api": {
        "nearby_projects": "https://api.kickstarter.com/v1/discover?signature=1405283996.4e16851307f7994a29c209805b0efa110890ce0e&woe_id=2521691"
      }, 
      "web": {
        "discover": "https://www.kickstarter.com/discover/places/winchester-va", 
        "location": "https://www.kickstarter.com/locations/winchester-va"
      }
    }
  }, 
  "name": "Build a mobile app for the Auctacity.com online auction site", 
  "photo": {
    "1024x768": "https://s3.amazonaws.com/ksr/projects/1130912/photo-1024x768.jpg?1405014222", 
    "1536x1152": "https://s3.amazonaws.com/ksr/projects/1130912/photo-1536x1152.jpg?1405014222", 
    "ed": "https://s3.amazonaws.com/ksr/projects/1130912/photo-ed.jpg?1405014222", 
    "full": "https://s3.amazonaws.com/ksr/projects/1130912/photo-full.jpg?1405014222", 
    "little": "https://s3.amazonaws.com/ksr/projects/1130912/photo-little.jpg?1405014222", 
    "med": "https://s3.amazonaws.com/ksr/projects/1130912/photo-med.jpg?1405014222", 
    "small": "https://s3.amazonaws.com/ksr/projects/1130912/photo-small.jpg?1405014222", 
    "thumb": "https://s3.amazonaws.com/ksr/projects/1130912/photo-thumb.jpg?1405014222"
  }, 
  "pledged": 1.0, 
  "slug": "build-a-mobile-app-for-the-auctacitycom-online-auc", 
  "state": "live", 
  "state_changed_at": 1405104979, 
  "urls": {
    "web": {
      "project": "https://www.kickstarter.com/projects/23422119/build-a-mobile-app-for-the-auctacitycom-online-auc", 
      "rewards": "https://www.kickstarter.com/projects/23422119/build-a-mobile-app-for-the-auctacitycom-online-auc/rewards"
    }
  }
}