{
  "backers_count": 3, 
  "blurb": "Please help us save and restore a true aviation relic. This is an original Boeing 727 Cockpit Procedures Trainer used by a US airline.", 
  "category": {
    "id": 16, 
    "name": "Technology", 
    "position": 14, 
    "slug": "technology", 
    "urls": {
      "web": {
        "discover": "http://www.kickstarter.com/discover/categories/technology"
      }
    }
  }, 
  "country": "US", 
  "created_at": 1393553763, 
  "creator": {
    "avatar": {
      "medium": "https://s3.amazonaws.com/ksr/avatars/9212367/100_4748.medium.jpg?1393341483", 
      "small": "https://s3.amazonaws.com/ksr/avatars/9212367/100_4748.small.jpg?1393341483", 
      "thumb": "https://s3.amazonaws.com/ksr/avatars/9212367/100_4748.thumb.jpg?1393341483"
    }, 
    "id": 1467206824, 
    "name": "Matt Whisenant", 
    "slug": "theairplanekid", 
    "urls": {
      "api": {
        "user": "https://api.kickstarter.com/v1/users/1467206824?signature=1405310609.64f84de043053cb5a2abf3ccc1dc6837b4688803"
      }, 
      "web": {
        "user": "https://www.kickstarter.com/profile/theairplanekid"
      }
    }
  }, 
  "currency": "USD", 
  "currency_symbol": "$", 
  "currency_trailing_code": true, 
  "deadline": 1395354068, 
  "disable_communication": false, 
  "goal": 25000.0, 
  "id": 1116817852, 
  "launched_at": 1394061668, 
  "location": {
    "country": "US", 
    "displayable_name": "Lenexa, KS", 
    "id": 2438265, 
    "name": "Lenexa", 
    "short_name": "Lenexa, KS", 
    "slug": "lenexa-ks", 
    "state": "KS", 
    "urls": {
      "api": {
        "nearby_projects": "https://api.kickstarter.com/v1/discover?signature=1405283995.f9d7752baea20a42a4e470b30a2e296253341723&woe_id=2438265"
      }, 
      "web": {
        "discover": "https://www.kickstarter.com/discover/places/lenexa-ks", 
        "location": "https://www.kickstarter.com/locations/lenexa-ks"
      }
    }
  }, 
  "name": "Save a Boeing 727 Cockpit Procedures Trainer! (Canceled)", 
  "photo": {
    "1024x768": "https://s3.amazonaws.com/ksr/projects/888323/photo-1024x768.jpg?1397869892", 
    "1536x1152": "https://s3.amazonaws.com/ksr/projects/888323/photo-1536x1152.jpg?1397869892", 
    "ed": "https://s3.amazonaws.com/ksr/projects/888323/photo-ed.jpg?1397869892", 
    "full": "https://s3.amazonaws.com/ksr/projects/888323/photo-full.jpg?1397869892", 
    "little": "https://s3.amazonaws.com/ksr/projects/888323/photo-little.jpg?1397869892", 
    "med": "https://s3.amazonaws.com/ksr/projects/888323/photo-med.jpg?1397869892", 
    "small": "https://s3.amazonaws.com/ksr/projects/888323/photo-small.jpg?1397869892", 
    "thumb": "https://s3.amazonaws.com/ksr/projects/888323/photo-thumb.jpg?1397869892"
  }, 
  "pledged": 100.0, 
  "slug": "save-a-boeing-727-cockpit-procedures-trainer", 
  "state": "canceled", 
  "state_changed_at": 1394589044, 
  "urls": {
    "web": {
      "project": "https://www.kickstarter.com/projects/theairplanekid/save-a-boeing-727-cockpit-procedures-trainer", 
      "rewards": "https://www.kickstarter.com/projects/theairplanekid/save-a-boeing-727-cockpit-procedures-trainer/rewards"
    }
  }
}