{
  "backers_count": 348, 
  "blurb": "A wireless tag to keep track of your important gear using your smartphone.", 
  "category": {
    "id": 52, 
    "name": "Hardware", 
    "parent_id": 16, 
    "position": 8, 
    "slug": "technology/hardware", 
    "urls": {
      "web": {
        "discover": "http://www.kickstarter.com/discover/categories/technology/hardware"
      }
    }
  }, 
  "country": "US", 
  "created_at": 1375514797, 
  "creator": {
    "avatar": {
      "medium": "https://s3.amazonaws.com/ksr/avatars/7531502/facebook_avatar3.medium.jpg?1377078587", 
      "small": "https://s3.amazonaws.com/ksr/avatars/7531502/facebook_avatar3.small.jpg?1377078587", 
      "thumb": "https://s3.amazonaws.com/ksr/avatars/7531502/facebook_avatar3.thumb.jpg?1377078587"
    }, 
    "id": 1794239781, 
    "name": "GearTag", 
    "slug": "geartag", 
    "urls": {
      "api": {
        "user": "https://api.kickstarter.com/v1/users/1794239781?signature=1405310360.cb36b3c12cb031ead1efb636578986f0c146477d"
      }, 
      "web": {
        "user": "https://www.kickstarter.com/profile/geartag"
      }
    }
  }, 
  "currency": "USD", 
  "currency_symbol": "$", 
  "currency_trailing_code": true, 
  "deadline": 1380294962, 
  "disable_communication": false, 
  "goal": 25000.0, 
  "id": 1117963060, 
  "launched_at": 1377702962, 
  "location": {
    "country": "US", 
    "displayable_name": "Berkeley, CA", 
    "id": 2362930, 
    "name": "Berkeley", 
    "short_name": "Berkeley, CA", 
    "slug": "berkeley-ca-us", 
    "state": "CA", 
    "urls": {
      "api": {
        "nearby_projects": "https://api.kickstarter.com/v1/discover?signature=1405283927.434f7c481bb81bc29d798b552f97eaea1d9c81ae&woe_id=2362930"
      }, 
      "web": {
        "discover": "https://www.kickstarter.com/discover/places/berkeley-ca-us", 
        "location": "https://www.kickstarter.com/locations/berkeley-ca-us"
      }
    }
  }, 
  "name": "GearTag - Keep track of your gear", 
  "photo": {
    "1024x768": "https://s3.amazonaws.com/ksr/projects/637802/photo-1024x768.jpg?1397829436", 
    "1536x1152": "https://s3.amazonaws.com/ksr/projects/637802/photo-1536x1152.jpg?1397829436", 
    "ed": "https://s3.amazonaws.com/ksr/projects/637802/photo-ed.jpg?1397829436", 
    "full": "https://s3.amazonaws.com/ksr/projects/637802/photo-full.jpg?1397829436", 
    "little": "https://s3.amazonaws.com/ksr/projects/637802/photo-little.jpg?1397829436", 
    "med": "https://s3.amazonaws.com/ksr/projects/637802/photo-med.jpg?1397829436", 
    "small": "https://s3.amazonaws.com/ksr/projects/637802/photo-small.jpg?1397829436", 
    "thumb": "https://s3.amazonaws.com/ksr/projects/637802/photo-thumb.jpg?1397829436"
  }, 
  "pledged": 14731.0, 
  "slug": "geartag-keep-track-of-your-gear", 
  "state": "failed", 
  "state_changed_at": 1380294963, 
  "urls": {
    "web": {
      "project": "https://www.kickstarter.com/projects/geartag/geartag-keep-track-of-your-gear", 
      "rewards": "https://www.kickstarter.com/projects/geartag/geartag-keep-track-of-your-gear/rewards"
    }
  }
}