{
  "backers_count": 1, 
  "blurb": "Can you imagine a standard and secure open source custom website-building platform you don't have to be a genius to use? We do!", 
  "category": {
    "id": 342, 
    "name": "Web", 
    "parent_id": 16, 
    "position": 15, 
    "slug": "technology/web", 
    "urls": {
      "web": {
        "discover": "http://www.kickstarter.com/discover/categories/technology/web"
      }
    }
  }, 
  "country": "US", 
  "created_at": 1404161166, 
  "creator": {
    "avatar": {
      "medium": "https://s3.amazonaws.com/ksr/avatars/7633997/BreezeLogo_WithWebAddressSquare.medium.jpg?1404172664", 
      "small": "https://s3.amazonaws.com/ksr/avatars/7633997/BreezeLogo_WithWebAddressSquare.small.jpg?1404172664", 
      "thumb": "https://s3.amazonaws.com/ksr/avatars/7633997/BreezeLogo_WithWebAddressSquare.thumb.jpg?1404172664"
    }, 
    "id": 999343093, 
    "name": "BreezeWebsiteBuilder.com", 
    "urls": {
      "api": {
        "user": "https://api.kickstarter.com/v1/users/999343093?signature=1405310304.0253721362b2bbfac610908e6ae28270ba4b8641"
      }, 
      "web": {
        "user": "https://www.kickstarter.com/profile/999343093"
      }
    }
  }, 
  "currency": "USD", 
  "currency_symbol": "$", 
  "currency_trailing_code": true, 
  "deadline": 1409962350, 
  "disable_communication": false, 
  "goal": 20000.0, 
  "id": 1117671370, 
  "launched_at": 1404778350, 
  "location": {
    "country": "US", 
    "displayable_name": "Cleveland, OH", 
    "id": 2381475, 
    "name": "Cleveland", 
    "short_name": "Cleveland, OH", 
    "slug": "cleveland-oh", 
    "state": "OH", 
    "urls": {
      "api": {
        "nearby_projects": "https://api.kickstarter.com/v1/discover?signature=1405283934.0a21de9f6b2a85301f94ff1bbe80a8f87a0d1da7&woe_id=2381475"
      }, 
      "web": {
        "discover": "https://www.kickstarter.com/discover/places/cleveland-oh", 
        "location": "https://www.kickstarter.com/locations/cleveland-oh"
      }
    }
  }, 
  "name": "Make Websites A Breeze - as easy as using email", 
  "photo": {
    "1024x768": "https://s3.amazonaws.com/ksr/projects/1067272/photo-1024x768.jpg?1404178375", 
    "1536x1152": "https://s3.amazonaws.com/ksr/projects/1067272/photo-1536x1152.jpg?1404178375", 
    "ed": "https://s3.amazonaws.com/ksr/projects/1067272/photo-ed.jpg?1404178375", 
    "full": "https://s3.amazonaws.com/ksr/projects/1067272/photo-full.jpg?1404178375", 
    "little": "https://s3.amazonaws.com/ksr/projects/1067272/photo-little.jpg?1404178375", 
    "med": "https://s3.amazonaws.com/ksr/projects/1067272/photo-med.jpg?1404178375", 
    "small": "https://s3.amazonaws.com/ksr/projects/1067272/photo-small.jpg?1404178375", 
    "thumb": "https://s3.amazonaws.com/ksr/projects/1067272/photo-thumb.jpg?1404178375"
  }, 
  "pledged": 5.0, 
  "slug": "make-websites-a-breeze-as-easy-as-using-email", 
  "state": "live", 
  "state_changed_at": 1404778350, 
  "urls": {
    "web": {
      "project": "https://www.kickstarter.com/projects/999343093/make-websites-a-breeze-as-easy-as-using-email", 
      "rewards": "https://www.kickstarter.com/projects/999343093/make-websites-a-breeze-as-easy-as-using-email/rewards"
    }
  }
}