{
  "backers_count": 4, 
  "blurb": "An interactive climbing guide with video, photo, and reviews.  Starting in Oregon, with areas like Smith Rock, Rocky Butte, etc.", 
  "category": {
    "id": 16, 
    "name": "Technology", 
    "position": 14, 
    "slug": "technology", 
    "urls": {
      "web": {
        "discover": "http://www.kickstarter.com/discover/categories/technology"
      }
    }
  }, 
  "country": "US", 
  "created_at": 1323197642, 
  "creator": {
    "avatar": {
      "medium": "https://s3.amazonaws.com/ksr/avatars/1632078/me.medium.jpg?1323199394", 
      "small": "https://s3.amazonaws.com/ksr/avatars/1632078/me.small.jpg?1323199394", 
      "thumb": "https://s3.amazonaws.com/ksr/avatars/1632078/me.thumb.jpg?1323199394"
    }, 
    "id": 1603965149, 
    "name": "Adam Luckey", 
    "urls": {
      "api": {
        "user": "https://api.kickstarter.com/v1/users/1603965149?signature=1405310616.cb283632014ef958f67754c47d49803cdcc17646"
      }, 
      "web": {
        "user": "https://www.kickstarter.com/profile/1603965149"
      }
    }
  }, 
  "currency": "USD", 
  "currency_symbol": "$", 
  "currency_trailing_code": true, 
  "deadline": 1325822650, 
  "disable_communication": false, 
  "goal": 2500.0, 
  "id": 1118377071, 
  "launched_at": 1323230650, 
  "location": {
    "country": "US", 
    "displayable_name": "Portland, OR", 
    "id": 2475687, 
    "name": "Portland", 
    "short_name": "Portland, OR", 
    "slug": "portland-or", 
    "state": "OR", 
    "urls": {
      "api": {
        "nearby_projects": "https://api.kickstarter.com/v1/discover?signature=1405283921.74048cb16cf05090d8ce00b701410b6f8aeb437d&woe_id=2475687"
      }, 
      "web": {
        "discover": "https://www.kickstarter.com/discover/places/portland-or", 
        "location": "https://www.kickstarter.com/locations/portland-or"
      }
    }
  }, 
  "name": "Pocket Beta Climbing Guide for Android", 
  "photo": {
    "1024x768": "https://s3.amazonaws.com/ksr/projects/61736/photo-1024x768.jpg?1397768479", 
    "1536x1152": "https://s3.amazonaws.com/ksr/projects/61736/photo-1536x1152.jpg?1397768479", 
    "ed": "https://s3.amazonaws.com/ksr/projects/61736/photo-ed.jpg?1397768479", 
    "full": "https://s3.amazonaws.com/ksr/projects/61736/photo-full.jpg?1397768479", 
    "little": "https://s3.amazonaws.com/ksr/projects/61736/photo-little.jpg?1397768479", 
    "med": "https://s3.amazonaws.com/ksr/projects/61736/photo-med.jpg?1397768479", 
    "small": "https://s3.amazonaws.com/ksr/projects/61736/photo-small.jpg?1397768479", 
    "thumb": "https://s3.amazonaws.com/ksr/projects/61736/photo-thumb.jpg?1397768479"
  }, 
  "pledged": 75.0, 
  "slug": "pocket-beta-climbing-guide-for-android", 
  "state": "failed", 
  "state_changed_at": 1325822650, 
  "urls": {
    "web": {
      "project": "https://www.kickstarter.com/projects/1603965149/pocket-beta-climbing-guide-for-android", 
      "rewards": "https://www.kickstarter.com/projects/1603965149/pocket-beta-climbing-guide-for-android/rewards"
    }
  }
}