{
  "backers_count": 2, 
  "blurb": "Complex Interactive program for university's, hospitals, labs and scientist to collaborate on world issues in real time.", 
  "category": {
    "id": 51, 
    "name": "Software", 
    "parent_id": 16, 
    "position": 11, 
    "slug": "technology/software", 
    "urls": {
      "web": {
        "discover": "http://www.kickstarter.com/discover/categories/technology/software"
      }
    }
  }, 
  "country": "US", 
  "created_at": 1402454153, 
  "creator": {
    "avatar": {
      "medium": "https://s3.amazonaws.com/ksr/avatars/8759827/fb_profile_picture.medium.jpg?1384725411", 
      "small": "https://s3.amazonaws.com/ksr/avatars/8759827/fb_profile_picture.small.jpg?1384725411", 
      "thumb": "https://s3.amazonaws.com/ksr/avatars/8759827/fb_profile_picture.thumb.jpg?1384725411"
    }, 
    "id": 2022610026, 
    "name": "Roy Carl Stanley", 
    "urls": {
      "api": {
        "user": "https://api.kickstarter.com/v1/users/2022610026?signature=1405310293.bf07c96b1ba847143bff11eb6eb0921ffeb330a0"
      }, 
      "web": {
        "user": "https://www.kickstarter.com/profile/2022610026"
      }
    }
  }, 
  "currency": "USD", 
  "currency_symbol": "$", 
  "currency_trailing_code": true, 
  "deadline": 1408467600, 
  "disable_communication": false, 
  "goal": 100000.0, 
  "id": 1119164126, 
  "launched_at": 1403308168, 
  "location": {
    "country": "US", 
    "displayable_name": "Dallas, TX", 
    "id": 2388929, 
    "name": "Dallas", 
    "short_name": "Dallas, TX", 
    "slug": "dallas-tx", 
    "state": "TX", 
    "urls": {
      "api": {
        "nearby_projects": "https://api.kickstarter.com/v1/discover?signature=1405283926.532193395c396f293e0112a568e21723e5f378ce&woe_id=2388929"
      }, 
      "web": {
        "discover": "https://www.kickstarter.com/discover/places/dallas-tx", 
        "location": "https://www.kickstarter.com/locations/dallas-tx"
      }
    }
  }, 
  "name": "Global Science Solution Network", 
  "photo": {
    "1024x768": "https://s3.amazonaws.com/ksr/projects/1039374/photo-1024x768.jpg?1402454182", 
    "1536x1152": "https://s3.amazonaws.com/ksr/projects/1039374/photo-1536x1152.jpg?1402454182", 
    "ed": "https://s3.amazonaws.com/ksr/projects/1039374/photo-ed.jpg?1402454182", 
    "full": "https://s3.amazonaws.com/ksr/projects/1039374/photo-full.jpg?1402454182", 
    "little": "https://s3.amazonaws.com/ksr/projects/1039374/photo-little.jpg?1402454182", 
    "med": "https://s3.amazonaws.com/ksr/projects/1039374/photo-med.jpg?1402454182", 
    "small": "https://s3.amazonaws.com/ksr/projects/1039374/photo-small.jpg?1402454182", 
    "thumb": "https://s3.amazonaws.com/ksr/projects/1039374/photo-thumb.jpg?1402454182"
  }, 
  "pledged": 30.0, 
  "slug": "global-science-solution-network", 
  "state": "live", 
  "state_changed_at": 1403308168, 
  "urls": {
    "web": {
      "project": "https://www.kickstarter.com/projects/2022610026/global-science-solution-network", 
      "rewards": "https://www.kickstarter.com/projects/2022610026/global-science-solution-network/rewards"
    }
  }
}