{
  "backers_count": 8, 
  "blurb": "MathApp, with made-easy tutorials for high school kids with graphics Q&As. Gloria in excelsis Deo. With Double your Cash back rewards.", 
  "category": {
    "id": 16, 
    "name": "Technology", 
    "position": 14, 
    "slug": "technology", 
    "urls": {
      "web": {
        "discover": "http://www.kickstarter.com/discover/categories/technology"
      }
    }
  }, 
  "country": "CA", 
  "created_at": 1396707020, 
  "creator": {
    "avatar": {
      "medium": "https://s3.amazonaws.com/ksr/avatars/9986663/Grace.medium.jpg?1395119540", 
      "small": "https://s3.amazonaws.com/ksr/avatars/9986663/Grace.small.jpg?1395119540", 
      "thumb": "https://s3.amazonaws.com/ksr/avatars/9986663/Grace.thumb.jpg?1395119540"
    }, 
    "id": 1278932459, 
    "name": "Glory be to God", 
    "urls": {
      "api": {
        "user": "https://api.kickstarter.com/v1/users/1278932459?signature=1405310623.8e55fdcff7ec7e1aa10a3610bfd371d7aeeef073"
      }, 
      "web": {
        "user": "https://www.kickstarter.com/profile/1278932459"
      }
    }
  }, 
  "currency": "CAD", 
  "currency_symbol": "$", 
  "currency_trailing_code": true, 
  "deadline": 1404162183, 
  "disable_communication": false, 
  "goal": 2000000.0, 
  "id": 1120630792, 
  "launched_at": 1398978183, 
  "location": {
    "country": "CA", 
    "displayable_name": "Toronto, Canada", 
    "id": 4118, 
    "name": "Toronto", 
    "short_name": "Toronto, Canada", 
    "slug": "toronto-on-ca", 
    "state": "ON", 
    "urls": {
      "api": {
        "nearby_projects": "https://api.kickstarter.com/v1/discover?signature=1405283922.d846628b5e3e23ac33c63f0d9923266125786c79&woe_id=4118"
      }, 
      "web": {
        "discover": "https://www.kickstarter.com/discover/places/toronto-on-ca", 
        "location": "https://www.kickstarter.com/locations/toronto-on-ca"
      }
    }
  }, 
  "name": "\u2020Gloria in excelsis Deo. Math App.", 
  "photo": {
    "1024x768": "https://s3.amazonaws.com/ksr/projects/939664/photo-1024x768.jpg?1402158914", 
    "1536x1152": "https://s3.amazonaws.com/ksr/projects/939664/photo-1536x1152.jpg?1402158914", 
    "ed": "https://s3.amazonaws.com/ksr/projects/939664/photo-ed.jpg?1402158914", 
    "full": "https://s3.amazonaws.com/ksr/projects/939664/photo-full.jpg?1402158914", 
    "little": "https://s3.amazonaws.com/ksr/projects/939664/photo-little.jpg?1402158914", 
    "med": "https://s3.amazonaws.com/ksr/projects/939664/photo-med.jpg?1402158914", 
    "small": "https://s3.amazonaws.com/ksr/projects/939664/photo-small.jpg?1402158914", 
    "thumb": "https://s3.amazonaws.com/ksr/projects/939664/photo-thumb.jpg?1402158914"
  }, 
  "pledged": 58.0, 
  "slug": "bill-gates-math-app-for-high-school-students", 
  "state": "failed", 
  "state_changed_at": 1404162188, 
  "urls": {
    "web": {
      "project": "https://www.kickstarter.com/projects/1278932459/bill-gates-math-app-for-high-school-students", 
      "rewards": "https://www.kickstarter.com/projects/1278932459/bill-gates-math-app-for-high-school-students/rewards"
    }
  }
}