{
  "backers_count": 17, 
  "blurb": "2nd Circle provides family caregivers with emotional and informational support, reducing stress, burnout, and the cost of care.", 
  "category": {
    "id": 342, 
    "name": "Web", 
    "parent_id": 16, 
    "position": 15, 
    "slug": "technology/web", 
    "urls": {
      "web": {
        "discover": "http://www.kickstarter.com/discover/categories/technology/web"
      }
    }
  }, 
  "country": "US", 
  "created_at": 1398894351, 
  "creator": {
    "avatar": {
      "medium": "https://s3.amazonaws.com/ksr/avatars/3111135/Max_Wells_3.26.06.medium.jpg?1399581454", 
      "small": "https://s3.amazonaws.com/ksr/avatars/3111135/Max_Wells_3.26.06.small.jpg?1399581454", 
      "thumb": "https://s3.amazonaws.com/ksr/avatars/3111135/Max_Wells_3.26.06.thumb.jpg?1399581454"
    }, 
    "id": 1100174195, 
    "name": "Max Wells", 
    "urls": {
      "api": {
        "user": "https://api.kickstarter.com/v1/users/1100174195?signature=1405310265.484ce89d4773cc95788404d213e7dafc43720b77"
      }, 
      "web": {
        "user": "https://www.kickstarter.com/profile/1100174195"
      }
    }
  }, 
  "currency": "USD", 
  "currency_symbol": "$", 
  "currency_trailing_code": true, 
  "deadline": 1406876340, 
  "disable_communication": false, 
  "goal": 30000.0, 
  "id": 1120751948, 
  "launched_at": 1404101372, 
  "location": {
    "country": "US", 
    "displayable_name": "Seattle, WA", 
    "id": 2490383, 
    "name": "Seattle", 
    "short_name": "Seattle, WA", 
    "slug": "seattle-wa", 
    "state": "WA", 
    "urls": {
      "api": {
        "nearby_projects": "https://api.kickstarter.com/v1/discover?signature=1405283923.67c73dbf9dca0017ef5760ce9a5b28f4ece59887&woe_id=2490383"
      }, 
      "web": {
        "discover": "https://www.kickstarter.com/discover/places/seattle-wa", 
        "location": "https://www.kickstarter.com/locations/seattle-wa"
      }
    }
  }, 
  "name": "2nd Circle, a Facebook app for family caregivers", 
  "photo": {
    "1024x768": "https://s3.amazonaws.com/ksr/projects/979174/photo-1024x768.jpg?1404100986", 
    "1536x1152": "https://s3.amazonaws.com/ksr/projects/979174/photo-1536x1152.jpg?1404100986", 
    "ed": "https://s3.amazonaws.com/ksr/projects/979174/photo-ed.jpg?1404100986", 
    "full": "https://s3.amazonaws.com/ksr/projects/979174/photo-full.jpg?1404100986", 
    "little": "https://s3.amazonaws.com/ksr/projects/979174/photo-little.jpg?1404100986", 
    "med": "https://s3.amazonaws.com/ksr/projects/979174/photo-med.jpg?1404100986", 
    "small": "https://s3.amazonaws.com/ksr/projects/979174/photo-small.jpg?1404100986", 
    "thumb": "https://s3.amazonaws.com/ksr/projects/979174/photo-thumb.jpg?1404100986"
  }, 
  "pledged": 1053.0, 
  "slug": "2nd-circle-a-facebook-app-for-family-caregivers", 
  "state": "live", 
  "state_changed_at": 1404101372, 
  "urls": {
    "web": {
      "project": "https://www.kickstarter.com/projects/1100174195/2nd-circle-a-facebook-app-for-family-caregivers", 
      "rewards": "https://www.kickstarter.com/projects/1100174195/2nd-circle-a-facebook-app-for-family-caregivers/rewards"
    }
  }
}