{
  "backers_count": 5, 
  "blurb": "Red Button is an iOS app. We need your support to build and test iPad Versions of the app with enhanced features!", 
  "category": {
    "id": 332, 
    "name": "Apps", 
    "parent_id": 16, 
    "position": 2, 
    "slug": "technology/apps", 
    "urls": {
      "web": {
        "discover": "http://www.kickstarter.com/discover/categories/technology/apps"
      }
    }
  }, 
  "country": "GB", 
  "created_at": 1398970961, 
  "creator": {
    "avatar": {
      "medium": "https://s3.amazonaws.com/ksr/avatars/7382943/2048*2048.medium.jpg?1398973467", 
      "small": "https://s3.amazonaws.com/ksr/avatars/7382943/2048*2048.small.jpg?1398973467", 
      "thumb": "https://s3.amazonaws.com/ksr/avatars/7382943/2048*2048.thumb.jpg?1398973467"
    }, 
    "id": 2028245648, 
    "name": "Daniel McFarland", 
    "slug": "danielmcfarland", 
    "urls": {
      "api": {
        "user": "https://api.kickstarter.com/v1/users/2028245648?signature=1405310634.9a0682145b80a08c6909393e705f1f2c60817f09"
      }, 
      "web": {
        "user": "https://www.kickstarter.com/profile/danielmcfarland"
      }
    }
  }, 
  "currency": "GBP", 
  "currency_symbol": "\u00a3", 
  "currency_trailing_code": false, 
  "deadline": 1401649352, 
  "disable_communication": false, 
  "goal": 500.0, 
  "id": 1120708309, 
  "launched_at": 1399057352, 
  "location": {
    "country": "GB", 
    "displayable_name": "Dungannon, UK", 
    "id": 20078342, 
    "name": "Dungannon", 
    "short_name": "Dungannon, UK", 
    "slug": "dungannon-tyrone-gb", 
    "state": "Northern Ireland", 
    "urls": {
      "api": {
        "nearby_projects": "https://api.kickstarter.com/v1/discover?signature=1405294060.be14cd9a1dc80fe9a928312a441d78a00cf9a0a1&woe_id=20078342"
      }, 
      "web": {
        "discover": "https://www.kickstarter.com/discover/places/dungannon-tyrone-gb", 
        "location": "https://www.kickstarter.com/locations/dungannon-tyrone-gb"
      }
    }
  }, 
  "name": "Press The Button - Red Button - A Mobile Game", 
  "photo": {
    "1024x768": "https://s3.amazonaws.com/ksr/projects/980575/photo-1024x768.jpg?1398971475", 
    "1536x1152": "https://s3.amazonaws.com/ksr/projects/980575/photo-1536x1152.jpg?1398971475", 
    "ed": "https://s3.amazonaws.com/ksr/projects/980575/photo-ed.jpg?1398971475", 
    "full": "https://s3.amazonaws.com/ksr/projects/980575/photo-full.jpg?1398971475", 
    "little": "https://s3.amazonaws.com/ksr/projects/980575/photo-little.jpg?1398971475", 
    "med": "https://s3.amazonaws.com/ksr/projects/980575/photo-med.jpg?1398971475", 
    "small": "https://s3.amazonaws.com/ksr/projects/980575/photo-small.jpg?1398971475", 
    "thumb": "https://s3.amazonaws.com/ksr/projects/980575/photo-thumb.jpg?1398971475"
  }, 
  "pledged": 22.0, 
  "slug": "press-the-button-red-button-a-mobile-game", 
  "state": "failed", 
  "state_changed_at": 1401649352, 
  "urls": {
    "web": {
      "project": "https://www.kickstarter.com/projects/danielmcfarland/press-the-button-red-button-a-mobile-game", 
      "rewards": "https://www.kickstarter.com/projects/danielmcfarland/press-the-button-red-button-a-mobile-game/rewards"
    }
  }
}