{
  "backers_count": 0, 
  "blurb": "Toyota truck fans need a friendly place to hang and show off their trucks.  I can give it... with help.", 
  "category": {
    "id": 342, 
    "name": "Web", 
    "parent_id": 16, 
    "position": 15, 
    "slug": "technology/web", 
    "urls": {
      "web": {
        "discover": "http://www.kickstarter.com/discover/categories/technology/web"
      }
    }
  }, 
  "country": "US", 
  "created_at": 1404761290, 
  "creator": {
    "avatar": {
      "medium": "https://s3.amazonaws.com/ksr/avatars/11265124/BL_logo_spin.medium.jpg?1404762796", 
      "small": "https://s3.amazonaws.com/ksr/avatars/11265124/BL_logo_spin.small.jpg?1404762796", 
      "thumb": "https://s3.amazonaws.com/ksr/avatars/11265124/BL_logo_spin.thumb.jpg?1404762796"
    }, 
    "id": 907444733, 
    "name": "Mike Kelly", 
    "urls": {
      "api": {
        "user": "https://api.kickstarter.com/v1/users/907444733?signature=1405310323.f47fb934fa6460eb909efd3a0a38145656f65713"
      }, 
      "web": {
        "user": "https://www.kickstarter.com/profile/907444733"
      }
    }
  }, 
  "currency": "USD", 
  "currency_symbol": "$", 
  "currency_trailing_code": true, 
  "deadline": 1407440075, 
  "disable_communication": false, 
  "goal": 250.0, 
  "id": 1121605407, 
  "launched_at": 1404848075, 
  "location": {
    "country": "US", 
    "displayable_name": "York, PA", 
    "id": 2524847, 
    "name": "York", 
    "short_name": "York, PA", 
    "slug": "york-pa", 
    "state": "PA", 
    "urls": {
      "api": {
        "nearby_projects": "https://api.kickstarter.com/v1/discover?signature=1405283947.727c5be6553b3b6e06414830a1c334e5b99c3280&woe_id=2524847"
      }, 
      "web": {
        "discover": "https://www.kickstarter.com/discover/places/york-pa", 
        "location": "https://www.kickstarter.com/locations/york-pa"
      }
    }
  }, 
  "name": "A Better Site for Fans", 
  "photo": {
    "1024x768": "https://s3.amazonaws.com/ksr/projects/1081500/photo-1024x768.jpg?1404761821", 
    "1536x1152": "https://s3.amazonaws.com/ksr/projects/1081500/photo-1536x1152.jpg?1404761821", 
    "ed": "https://s3.amazonaws.com/ksr/projects/1081500/photo-ed.jpg?1404761821", 
    "full": "https://s3.amazonaws.com/ksr/projects/1081500/photo-full.jpg?1404761821", 
    "little": "https://s3.amazonaws.com/ksr/projects/1081500/photo-little.jpg?1404761821", 
    "med": "https://s3.amazonaws.com/ksr/projects/1081500/photo-med.jpg?1404761821", 
    "small": "https://s3.amazonaws.com/ksr/projects/1081500/photo-small.jpg?1404761821", 
    "thumb": "https://s3.amazonaws.com/ksr/projects/1081500/photo-thumb.jpg?1404761821"
  }, 
  "pledged": 0.0, 
  "slug": "a-better-site-for-fans", 
  "state": "live", 
  "state_changed_at": 1404848075, 
  "urls": {
    "web": {
      "project": "https://www.kickstarter.com/projects/907444733/a-better-site-for-fans", 
      "rewards": "https://www.kickstarter.com/projects/907444733/a-better-site-for-fans/rewards"
    }
  }
}