{
  "backers_count": 2, 
  "blurb": "Help start a Gaming Center for the local kids in a small town, where there's nothing to do so kids have a place to be safe, have fun :)", 
  "category": {
    "id": 16, 
    "name": "Technology", 
    "position": 14, 
    "slug": "technology", 
    "urls": {
      "web": {
        "discover": "http://www.kickstarter.com/discover/categories/technology"
      }
    }
  }, 
  "country": "US", 
  "created_at": 1375986338, 
  "creator": {
    "avatar": {
      "medium": "https://s3.amazonaws.com/ksr/avatars/7554647/1470344_10201018536607431_1315255213_n.medium.jpg?1397361550", 
      "small": "https://s3.amazonaws.com/ksr/avatars/7554647/1470344_10201018536607431_1315255213_n.small.jpg?1397361550", 
      "thumb": "https://s3.amazonaws.com/ksr/avatars/7554647/1470344_10201018536607431_1315255213_n.thumb.jpg?1397361550"
    }, 
    "id": 1461344515, 
    "name": "Brandon Soroken & Brandon Montgomery", 
    "slug": "deadlands", 
    "urls": {
      "api": {
        "user": "https://api.kickstarter.com/v1/users/1461344515?signature=1405310645.2671026f587ff414c935aeda15fab4c7bac3d2d0"
      }, 
      "web": {
        "user": "https://www.kickstarter.com/profile/deadlands"
      }
    }
  }, 
  "currency": "USD", 
  "currency_symbol": "$", 
  "currency_trailing_code": true, 
  "deadline": 1379607308, 
  "disable_communication": false, 
  "goal": 10000.0, 
  "id": 1121243749, 
  "launched_at": 1377015308, 
  "location": {
    "country": "US", 
    "displayable_name": "Nicholasville, KY", 
    "id": 2459845, 
    "name": "Nicholasville", 
    "short_name": "Nicholasville, KY", 
    "slug": "nicholasville-ky", 
    "state": "KY", 
    "urls": {
      "api": {
        "nearby_projects": "https://api.kickstarter.com/v1/discover?signature=1405286610.17a756f5d2770470f0cff4793d62a566addb961d&woe_id=2459845"
      }, 
      "web": {
        "discover": "https://www.kickstarter.com/discover/places/nicholasville-ky", 
        "location": "https://www.kickstarter.com/locations/nicholasville-ky"
      }
    }
  }, 
  "name": "Help the kids, Be a Hero for DeadLands Gaming Center", 
  "photo": {
    "1024x768": "https://s3.amazonaws.com/ksr/projects/643852/photo-1024x768.jpg?1397830128", 
    "1536x1152": "https://s3.amazonaws.com/ksr/projects/643852/photo-1536x1152.jpg?1397830128", 
    "ed": "https://s3.amazonaws.com/ksr/projects/643852/photo-ed.jpg?1397830128", 
    "full": "https://s3.amazonaws.com/ksr/projects/643852/photo-full.jpg?1397830128", 
    "little": "https://s3.amazonaws.com/ksr/projects/643852/photo-little.jpg?1397830128", 
    "med": "https://s3.amazonaws.com/ksr/projects/643852/photo-med.jpg?1397830128", 
    "small": "https://s3.amazonaws.com/ksr/projects/643852/photo-small.jpg?1397830128", 
    "thumb": "https://s3.amazonaws.com/ksr/projects/643852/photo-thumb.jpg?1397830128"
  }, 
  "pledged": 20.0, 
  "slug": "help-the-kids-be-a-hero-for-deadlands-gaming-cente", 
  "state": "failed", 
  "state_changed_at": 1379607317, 
  "urls": {
    "web": {
      "project": "https://www.kickstarter.com/projects/deadlands/help-the-kids-be-a-hero-for-deadlands-gaming-cente", 
      "rewards": "https://www.kickstarter.com/projects/deadlands/help-the-kids-be-a-hero-for-deadlands-gaming-cente/rewards"
    }
  }
}