{
  "backers_count": 1, 
  "blurb": "A multi level automatic central backup system with built in encryption.", 
  "category": {
    "id": 51, 
    "name": "Software", 
    "parent_id": 16, 
    "position": 11, 
    "slug": "technology/software", 
    "urls": {
      "web": {
        "discover": "http://www.kickstarter.com/discover/categories/technology/software"
      }
    }
  }, 
  "country": "US", 
  "created_at": 1305892867, 
  "creator": {
    "avatar": {
      "medium": "https://s3.amazonaws.com/ksr/avatars/911261/school-id-photo5.medium.jpg?1305845940", 
      "small": "https://s3.amazonaws.com/ksr/avatars/911261/school-id-photo5.small.jpg?1305845940", 
      "thumb": "https://s3.amazonaws.com/ksr/avatars/911261/school-id-photo5.thumb.jpg?1305845940"
    }, 
    "id": 575801859, 
    "name": "Glenn McGurrin", 
    "urls": {
      "api": {
        "user": "https://api.kickstarter.com/v1/users/575801859?signature=1405310592.b5dc498c8e793733df7ef17564565f5478433568"
      }, 
      "web": {
        "user": "https://www.kickstarter.com/profile/575801859"
      }
    }
  }, 
  "currency": "USD", 
  "currency_symbol": "$", 
  "currency_trailing_code": true, 
  "deadline": 1313669228, 
  "disable_communication": false, 
  "goal": 2000.0, 
  "id": 1121481841, 
  "launched_at": 1305893228, 
  "location": {
    "country": "US", 
    "displayable_name": "Vienna, VA", 
    "id": 2512170, 
    "name": "Vienna", 
    "short_name": "Vienna, VA", 
    "slug": "vienna-va", 
    "state": "VA", 
    "urls": {
      "api": {
        "nearby_projects": "https://api.kickstarter.com/v1/discover?signature=1405284562.6bcb2a6fbe1650f63d773593dbd365663d305178&woe_id=2512170"
      }, 
      "web": {
        "discover": "https://www.kickstarter.com/discover/places/vienna-va", 
        "location": "https://www.kickstarter.com/locations/vienna-va"
      }
    }
  }, 
  "name": "Automatic Centralized Offsite Backup", 
  "photo": {
    "1024x768": "https://s3.amazonaws.com/ksr/projects/34496/photo-1024x768.jpg?1397763341", 
    "1536x1152": "https://s3.amazonaws.com/ksr/projects/34496/photo-1536x1152.jpg?1397763341", 
    "ed": "https://s3.amazonaws.com/ksr/projects/34496/photo-ed.jpg?1397763341", 
    "full": "https://s3.amazonaws.com/ksr/projects/34496/photo-full.jpg?1397763341", 
    "little": "https://s3.amazonaws.com/ksr/projects/34496/photo-little.jpg?1397763341", 
    "med": "https://s3.amazonaws.com/ksr/projects/34496/photo-med.jpg?1397763341", 
    "small": "https://s3.amazonaws.com/ksr/projects/34496/photo-small.jpg?1397763341", 
    "thumb": "https://s3.amazonaws.com/ksr/projects/34496/photo-thumb.jpg?1397763341"
  }, 
  "pledged": 150.0, 
  "slug": "automatic-centralized-offsite-backup", 
  "state": "failed", 
  "state_changed_at": 1313669230, 
  "urls": {
    "web": {
      "project": "https://www.kickstarter.com/projects/575801859/automatic-centralized-offsite-backup", 
      "rewards": "https://www.kickstarter.com/projects/575801859/automatic-centralized-offsite-backup/rewards"
    }
  }
}