{
  "backers_count": 2738, 
  "blurb": "A tiny battery powered adapter that makes any USB storage device wireless, accessible to Apple iPad, iPhone and Internet (e.g. Dropbox)", 
  "category": {
    "id": 16, 
    "name": "Technology", 
    "position": 14, 
    "slug": "technology", 
    "urls": {
      "web": {
        "discover": "http://www.kickstarter.com/discover/categories/technology"
      }
    }
  }, 
  "country": "US", 
  "created_at": 1320455348, 
  "creator": {
    "avatar": {
      "medium": "https://s3.amazonaws.com/ksr/avatars/1511539/9926_135327503545_511308545_2625520_5320029_n.medium.jpg?1320631938", 
      "small": "https://s3.amazonaws.com/ksr/avatars/1511539/9926_135327503545_511308545_2625520_5320029_n.small.jpg?1320631938", 
      "thumb": "https://s3.amazonaws.com/ksr/avatars/1511539/9926_135327503545_511308545_2625520_5320029_n.thumb.jpg?1320631938"
    }, 
    "id": 125911486, 
    "name": "Daniel Chin", 
    "slug": "danielchin", 
    "urls": {
      "api": {
        "user": "https://api.kickstarter.com/v1/users/125911486?signature=1405310070.d6435da63298b8fab14602c65840b404cc868d3e"
      }, 
      "web": {
        "user": "https://www.kickstarter.com/profile/danielchin"
      }
    }
  }, 
  "currency": "USD", 
  "currency_symbol": "$", 
  "currency_trailing_code": true, 
  "deadline": 1325907388, 
  "disable_communication": false, 
  "goal": 100000.0, 
  "id": 1122301301, 
  "launched_at": 1320723388, 
  "location": {
    "country": "US", 
    "displayable_name": "Fremont, CA", 
    "id": 2407405, 
    "name": "Fremont", 
    "short_name": "Fremont, CA", 
    "slug": "fremont-alameda-ca", 
    "state": "CA", 
    "urls": {
      "api": {
        "nearby_projects": "https://api.kickstarter.com/v1/discover?signature=1405283972.1974a42a8ee87c9ac26d5870b692c03fd31b0e2b&woe_id=2407405"
      }, 
      "web": {
        "discover": "https://www.kickstarter.com/discover/places/fremont-alameda-ca", 
        "location": "https://www.kickstarter.com/locations/fremont-alameda-ca"
      }
    }
  }, 
  "name": "CloudFTP. Wirelessly share ANY USB storage with iPad, iPhone", 
  "photo": {
    "1024x768": "https://s3.amazonaws.com/ksr/projects/56306/photo-1024x768.jpg?1397767497", 
    "1536x1152": "https://s3.amazonaws.com/ksr/projects/56306/photo-1536x1152.jpg?1397767497", 
    "ed": "https://s3.amazonaws.com/ksr/projects/56306/photo-ed.jpg?1397767497", 
    "full": "https://s3.amazonaws.com/ksr/projects/56306/photo-full.jpg?1397767497", 
    "little": "https://s3.amazonaws.com/ksr/projects/56306/photo-little.jpg?1397767497", 
    "med": "https://s3.amazonaws.com/ksr/projects/56306/photo-med.jpg?1397767497", 
    "small": "https://s3.amazonaws.com/ksr/projects/56306/photo-small.jpg?1397767497", 
    "thumb": "https://s3.amazonaws.com/ksr/projects/56306/photo-thumb.jpg?1397767497"
  }, 
  "pledged": 262351.01, 
  "slug": "cloudftp-wirelessly-share-any-usb-storage-with-ipa", 
  "state": "successful", 
  "state_changed_at": 1325907388, 
  "urls": {
    "web": {
      "project": "https://www.kickstarter.com/projects/danielchin/cloudftp-wirelessly-share-any-usb-storage-with-ipa", 
      "rewards": "https://www.kickstarter.com/projects/danielchin/cloudftp-wirelessly-share-any-usb-storage-with-ipa/rewards"
    }
  }
}