{
  "backers_count": 59, 
  "blurb": "More than a 3D Printer - Model, Scan, Print with the Lionhead\u2122 and Li\u2122", 
  "category": {
    "id": 331, 
    "name": "3D Printing", 
    "parent_id": 16, 
    "position": 1, 
    "slug": "technology/3d printing", 
    "urls": {
      "web": {
        "discover": "http://www.kickstarter.com/discover/categories/technology/3d%20printing"
      }
    }
  }, 
  "country": "US", 
  "created_at": 1371150181, 
  "creator": {
    "avatar": {
      "medium": "https://s3.amazonaws.com/ksr/avatars/6064255/radiant-square.medium.jpg?1379213742", 
      "small": "https://s3.amazonaws.com/ksr/avatars/6064255/radiant-square.small.jpg?1379213742", 
      "thumb": "https://s3.amazonaws.com/ksr/avatars/6064255/radiant-square.thumb.jpg?1379213742"
    }, 
    "id": 1322060395, 
    "name": "Radiant Fabrication", 
    "slug": "radiantfabrication", 
    "urls": {
      "api": {
        "user": "https://api.kickstarter.com/v1/users/1322060395?signature=1405310341.4f1b76c2adfad40f2a29757b355379428ba45b7a"
      }, 
      "web": {
        "user": "https://www.kickstarter.com/profile/radiantfabrication"
      }
    }
  }, 
  "currency": "USD", 
  "currency_symbol": "$", 
  "currency_trailing_code": true, 
  "deadline": 1382072664, 
  "disable_communication": false, 
  "goal": 60000.0, 
  "id": 1122704554, 
  "launched_at": 1379480664, 
  "location": {
    "country": "US", 
    "displayable_name": "Madison, WI", 
    "id": 2443945, 
    "name": "Madison", 
    "short_name": "Madison, WI", 
    "slug": "madison-wi", 
    "state": "WI", 
    "urls": {
      "api": {
        "nearby_projects": "https://api.kickstarter.com/v1/discover?signature=1405283925.2c5fdbe754eeeb2a86ba468dfb47d6b875de9dbd&woe_id=2443945"
      }, 
      "web": {
        "discover": "https://www.kickstarter.com/discover/places/madison-wi", 
        "location": "https://www.kickstarter.com/locations/madison-wi"
      }
    }
  }, 
  "name": "Lionhead 3D Printer and 3D Scanner with Li Modeling Software", 
  "photo": {
    "1024x768": "https://s3.amazonaws.com/ksr/projects/588946/photo-1024x768.jpg?1397824082", 
    "1536x1152": "https://s3.amazonaws.com/ksr/projects/588946/photo-1536x1152.jpg?1397824082", 
    "ed": "https://s3.amazonaws.com/ksr/projects/588946/photo-ed.jpg?1397824082", 
    "full": "https://s3.amazonaws.com/ksr/projects/588946/photo-full.jpg?1397824082", 
    "little": "https://s3.amazonaws.com/ksr/projects/588946/photo-little.jpg?1397824082", 
    "med": "https://s3.amazonaws.com/ksr/projects/588946/photo-med.jpg?1397824082", 
    "small": "https://s3.amazonaws.com/ksr/projects/588946/photo-small.jpg?1397824082", 
    "thumb": "https://s3.amazonaws.com/ksr/projects/588946/photo-thumb.jpg?1397824082"
  }, 
  "pledged": 33632.0, 
  "slug": "lionhead-3d-printer-and-3d-scanner-with-li-modelin", 
  "state": "canceled", 
  "state_changed_at": 1381435402, 
  "urls": {
    "web": {
      "project": "https://www.kickstarter.com/projects/radiantfabrication/lionhead-3d-printer-and-3d-scanner-with-li-modelin", 
      "rewards": "https://www.kickstarter.com/projects/radiantfabrication/lionhead-3d-printer-and-3d-scanner-with-li-modelin/rewards"
    }
  }
}