{
  "backers_count": 8, 
  "blurb": "Knock on the door and go anywhere in the world in your virtual dream house at knock3times.com.", 
  "category": {
    "id": 342, 
    "name": "Web", 
    "parent_id": 16, 
    "position": 15, 
    "slug": "technology/web", 
    "urls": {
      "web": {
        "discover": "http://www.kickstarter.com/discover/categories/technology/web"
      }
    }
  }, 
  "country": "US", 
  "created_at": 1391191332, 
  "creator": {
    "avatar": {
      "medium": "https://s3.amazonaws.com/ksr/avatars/9485029/Tanya_Alexei_kickstarter_k3t.medium.jpg?1397236967", 
      "small": "https://s3.amazonaws.com/ksr/avatars/9485029/Tanya_Alexei_kickstarter_k3t.small.jpg?1397236967", 
      "thumb": "https://s3.amazonaws.com/ksr/avatars/9485029/Tanya_Alexei_kickstarter_k3t.thumb.jpg?1397236967"
    }, 
    "id": 172639677, 
    "name": "Tanya Leah and Alexei Maxim Russell", 
    "slug": "knock3times", 
    "urls": {
      "api": {
        "user": "https://api.kickstarter.com/v1/users/172639677?signature=1405310484.776858c2162f25ba3ae4be8f063b62efdb2a774d"
      }, 
      "web": {
        "user": "https://www.kickstarter.com/profile/knock3times"
      }
    }
  }, 
  "currency": "USD", 
  "currency_symbol": "$", 
  "currency_trailing_code": true, 
  "deadline": 1404343359, 
  "disable_communication": false, 
  "goal": 12000.0, 
  "id": 1122427143, 
  "launched_at": 1401751359, 
  "location": {
    "country": "US", 
    "displayable_name": "Los Angeles, CA", 
    "id": 2442047, 
    "name": "Los Angeles", 
    "short_name": "Los Angeles, CA", 
    "slug": "los-angeles-ca", 
    "state": "CA", 
    "urls": {
      "api": {
        "nearby_projects": "https://api.kickstarter.com/v1/discover?signature=1405283921.ee3a1133214a755b6f367baa5289215cf97407d4&woe_id=2442047"
      }, 
      "web": {
        "discover": "https://www.kickstarter.com/discover/places/los-angeles-ca", 
        "location": "https://www.kickstarter.com/locations/los-angeles-ca"
      }
    }
  }, 
  "name": "knock3times.com", 
  "photo": {
    "1024x768": "https://s3.amazonaws.com/ksr/projects/852620/photo-1024x768.jpg?1402380253", 
    "1536x1152": "https://s3.amazonaws.com/ksr/projects/852620/photo-1536x1152.jpg?1402380253", 
    "ed": "https://s3.amazonaws.com/ksr/projects/852620/photo-ed.jpg?1402380253", 
    "full": "https://s3.amazonaws.com/ksr/projects/852620/photo-full.jpg?1402380253", 
    "little": "https://s3.amazonaws.com/ksr/projects/852620/photo-little.jpg?1402380253", 
    "med": "https://s3.amazonaws.com/ksr/projects/852620/photo-med.jpg?1402380253", 
    "small": "https://s3.amazonaws.com/ksr/projects/852620/photo-small.jpg?1402380253", 
    "thumb": "https://s3.amazonaws.com/ksr/projects/852620/photo-thumb.jpg?1402380253"
  }, 
  "pledged": 1326.0, 
  "slug": "knock3timescom", 
  "state": "failed", 
  "state_changed_at": 1404343359, 
  "urls": {
    "web": {
      "project": "https://www.kickstarter.com/projects/knock3times/knock3timescom", 
      "rewards": "https://www.kickstarter.com/projects/knock3times/knock3timescom/rewards"
    }
  }
}