{
  "backers_count": 6, 
  "blurb": "HomeBeacons is a service that will alert you by email when your child has returned home by using Bluetooth Beacons and a mobile app.", 
  "category": {
    "id": 16, 
    "name": "Technology", 
    "position": 14, 
    "slug": "technology", 
    "urls": {
      "web": {
        "discover": "http://www.kickstarter.com/discover/categories/technology"
      }
    }
  }, 
  "country": "GB", 
  "created_at": 1394539613, 
  "creator": {
    "avatar": {
      "medium": "https://s3.amazonaws.com/ksr/avatars/9645558/icon_optimised.medium.jpg?1394546860", 
      "small": "https://s3.amazonaws.com/ksr/avatars/9645558/icon_optimised.small.jpg?1394546860", 
      "thumb": "https://s3.amazonaws.com/ksr/avatars/9645558/icon_optimised.thumb.jpg?1394546860"
    }, 
    "id": 101867576, 
    "name": "Wooshping LTD", 
    "urls": {
      "api": {
        "user": "https://api.kickstarter.com/v1/users/101867576?signature=1405310574.c97673fbc704c46d0680a2c002474f6318754f25"
      }, 
      "web": {
        "user": "https://www.kickstarter.com/profile/101867576"
      }
    }
  }, 
  "currency": "GBP", 
  "currency_symbol": "\u00a3", 
  "currency_trailing_code": false, 
  "deadline": 1398874180, 
  "disable_communication": false, 
  "goal": 50000.0, 
  "id": 1123144, 
  "launched_at": 1396282180, 
  "location": {
    "country": "GB", 
    "displayable_name": "Farnham, UK", 
    "id": 19952, 
    "name": "Farnham", 
    "short_name": "Farnham, UK", 
    "slug": "farnham-waverley-borough-gb", 
    "state": "England", 
    "urls": {
      "api": {
        "nearby_projects": "https://api.kickstarter.com/v1/discover?signature=1405284005.73db761683de589917a0351579ee900105203d64&woe_id=19952"
      }, 
      "web": {
        "discover": "https://www.kickstarter.com/discover/places/farnham-waverley-borough-gb", 
        "location": "https://www.kickstarter.com/locations/farnham-waverley-borough-gb"
      }
    }
  }, 
  "name": "HomeBeacons - Your Child. Home.", 
  "photo": {
    "1024x768": "https://s3.amazonaws.com/ksr/projects/904144/photo-1024x768.jpg?1397871464", 
    "1536x1152": "https://s3.amazonaws.com/ksr/projects/904144/photo-1536x1152.jpg?1397871464", 
    "ed": "https://s3.amazonaws.com/ksr/projects/904144/photo-ed.jpg?1397871464", 
    "full": "https://s3.amazonaws.com/ksr/projects/904144/photo-full.jpg?1397871464", 
    "little": "https://s3.amazonaws.com/ksr/projects/904144/photo-little.jpg?1397871464", 
    "med": "https://s3.amazonaws.com/ksr/projects/904144/photo-med.jpg?1397871464", 
    "small": "https://s3.amazonaws.com/ksr/projects/904144/photo-small.jpg?1397871464", 
    "thumb": "https://s3.amazonaws.com/ksr/projects/904144/photo-thumb.jpg?1397871464"
  }, 
  "pledged": 140.0, 
  "slug": "homebeacons", 
  "state": "failed", 
  "state_changed_at": 1398874180, 
  "urls": {
    "web": {
      "project": "https://www.kickstarter.com/projects/101867576/homebeacons", 
      "rewards": "https://www.kickstarter.com/projects/101867576/homebeacons/rewards"
    }
  }
}