{
  "backers_count": 14, 
  "blurb": "CalcHero: Making the world a better place by protecting our calculators!", 
  "category": {
    "id": 52, 
    "name": "Hardware", 
    "parent_id": 16, 
    "position": 8, 
    "slug": "technology/hardware", 
    "urls": {
      "web": {
        "discover": "http://www.kickstarter.com/discover/categories/technology/hardware"
      }
    }
  }, 
  "country": "US", 
  "created_at": 1353339940, 
  "creator": {
    "avatar": {
      "medium": "https://s3.amazonaws.com/ksr/avatars/4702063/Screen_shot_2012-12-03_at_4.05.50_PM.medium.jpg?1354568778", 
      "small": "https://s3.amazonaws.com/ksr/avatars/4702063/Screen_shot_2012-12-03_at_4.05.50_PM.small.jpg?1354568778", 
      "thumb": "https://s3.amazonaws.com/ksr/avatars/4702063/Screen_shot_2012-12-03_at_4.05.50_PM.thumb.jpg?1354568778"
    }, 
    "id": 597486783, 
    "name": "CalcHero", 
    "urls": {
      "api": {
        "user": "https://api.kickstarter.com/v1/users/597486783?signature=1405310528.8c168b60427fc57b86e1e62ffa9b95ceb8fe764d"
      }, 
      "web": {
        "user": "https://www.kickstarter.com/profile/597486783"
      }
    }
  }, 
  "currency": "USD", 
  "currency_symbol": "$", 
  "currency_trailing_code": true, 
  "deadline": 1358225700, 
  "disable_communication": false, 
  "goal": 30000.0, 
  "id": 1123053763, 
  "launched_at": 1355485904, 
  "location": {
    "country": "US", 
    "displayable_name": "Orlando, FL", 
    "id": 2466256, 
    "name": "Orlando", 
    "short_name": "Orlando, FL", 
    "slug": "orlando-fl", 
    "state": "FL", 
    "urls": {
      "api": {
        "nearby_projects": "https://api.kickstarter.com/v1/discover?signature=1405283922.c9e211836b2b2158ef2c5ef69e1fc0fb7a4a3eae&woe_id=2466256"
      }, 
      "web": {
        "discover": "https://www.kickstarter.com/discover/places/orlando-fl", 
        "location": "https://www.kickstarter.com/locations/orlando-fl"
      }
    }
  }, 
  "name": "Calc-Adillo: TI-89 & TI-84 Calculator Case", 
  "photo": {
    "1024x768": "https://s3.amazonaws.com/ksr/projects/395268/photo-1024x768.jpg?1397803438", 
    "1536x1152": "https://s3.amazonaws.com/ksr/projects/395268/photo-1536x1152.jpg?1397803438", 
    "ed": "https://s3.amazonaws.com/ksr/projects/395268/photo-ed.jpg?1397803438", 
    "full": "https://s3.amazonaws.com/ksr/projects/395268/photo-full.jpg?1397803438", 
    "little": "https://s3.amazonaws.com/ksr/projects/395268/photo-little.jpg?1397803438", 
    "med": "https://s3.amazonaws.com/ksr/projects/395268/photo-med.jpg?1397803438", 
    "small": "https://s3.amazonaws.com/ksr/projects/395268/photo-small.jpg?1397803438", 
    "thumb": "https://s3.amazonaws.com/ksr/projects/395268/photo-thumb.jpg?1397803438"
  }, 
  "pledged": 609.0, 
  "slug": "calc-adillo-ti-89-and-ti-84-calculator-case", 
  "state": "failed", 
  "state_changed_at": 1358225700, 
  "urls": {
    "web": {
      "project": "https://www.kickstarter.com/projects/597486783/calc-adillo-ti-89-and-ti-84-calculator-case", 
      "rewards": "https://www.kickstarter.com/projects/597486783/calc-adillo-ti-89-and-ti-84-calculator-case/rewards"
    }
  }
}