{
  "backers_count": 102, 
  "blurb": "A new semiconductor chip that converts heat directly to electricity cheaply & efficiently, saving energy & reducing emissions globally.", 
  "category": {
    "id": 16, 
    "name": "Technology", 
    "position": 14, 
    "slug": "technology", 
    "urls": {
      "web": {
        "discover": "http://www.kickstarter.com/discover/categories/technology"
      }
    }
  }, 
  "country": "US", 
  "created_at": 1367615746, 
  "creator": {
    "avatar": {
      "medium": "https://s3.amazonaws.com/ksr/avatars/6459830/Gardner_Headshot_Automotive-HQ.medium.jpg?1367961909", 
      "small": "https://s3.amazonaws.com/ksr/avatars/6459830/Gardner_Headshot_Automotive-HQ.small.jpg?1367961909", 
      "thumb": "https://s3.amazonaws.com/ksr/avatars/6459830/Gardner_Headshot_Automotive-HQ.thumb.jpg?1367961909"
    }, 
    "id": 1005823715, 
    "name": "Robert \"Mike\" Gardner", 
    "urls": {
      "api": {
        "user": "https://api.kickstarter.com/v1/users/1005823715?signature=1405310355.0527adea49782506abe50090c9b79439e685345c"
      }, 
      "web": {
        "user": "https://www.kickstarter.com/profile/1005823715"
      }
    }
  }, 
  "currency": "USD", 
  "currency_symbol": "$", 
  "currency_trailing_code": true, 
  "deadline": 1376479584, 
  "disable_communication": false, 
  "goal": 250000.0, 
  "id": 1123194289, 
  "launched_at": 1373887584, 
  "location": {
    "country": "US", 
    "displayable_name": "Austin, TX", 
    "id": 2357536, 
    "name": "Austin", 
    "short_name": "Austin, TX", 
    "slug": "austin-tx", 
    "state": "TX", 
    "urls": {
      "api": {
        "nearby_projects": "https://api.kickstarter.com/v1/discover?signature=1405283926.d6ac059d6312acc9cb05834cde3903084b888242&woe_id=2357536"
      }, 
      "web": {
        "discover": "https://www.kickstarter.com/discover/places/austin-tx", 
        "location": "https://www.kickstarter.com/locations/austin-tx"
      }
    }
  }, 
  "name": "MICROPOWER CHIPS: Energy Savings and Energy Efficiency", 
  "photo": {
    "1024x768": "https://s3.amazonaws.com/ksr/projects/544715/photo-1024x768.jpg?1397819344", 
    "1536x1152": "https://s3.amazonaws.com/ksr/projects/544715/photo-1536x1152.jpg?1397819344", 
    "ed": "https://s3.amazonaws.com/ksr/projects/544715/photo-ed.jpg?1397819344", 
    "full": "https://s3.amazonaws.com/ksr/projects/544715/photo-full.jpg?1397819344", 
    "little": "https://s3.amazonaws.com/ksr/projects/544715/photo-little.jpg?1397819344", 
    "med": "https://s3.amazonaws.com/ksr/projects/544715/photo-med.jpg?1397819344", 
    "small": "https://s3.amazonaws.com/ksr/projects/544715/photo-small.jpg?1397819344", 
    "thumb": "https://s3.amazonaws.com/ksr/projects/544715/photo-thumb.jpg?1397819344"
  }, 
  "pledged": 18200.0, 
  "slug": "micropower-chips-energy-savings-and-energy-efficie", 
  "state": "failed", 
  "state_changed_at": 1376479584, 
  "urls": {
    "web": {
      "project": "https://www.kickstarter.com/projects/1005823715/micropower-chips-energy-savings-and-energy-efficie", 
      "rewards": "https://www.kickstarter.com/projects/1005823715/micropower-chips-energy-savings-and-energy-efficie/rewards"
    }
  }
}