{
  "backers_count": 7, 
  "blurb": "ReplayMyPlay is a project to create energy-harvesting playground equipment. We want to bring this awesome playful structure everywhere we can!", 
  "category": {
    "id": 16, 
    "name": "Technology", 
    "position": 14, 
    "slug": "technology", 
    "urls": {
      "web": {
        "discover": "http://www.kickstarter.com/discover/categories/technology"
      }
    }
  }, 
  "country": "US", 
  "created_at": 1285620486, 
  "creator": {
    "avatar": {
      "medium": "https://s3.amazonaws.com/ksr/avatars/70159/n4806375_31894014_836.medium.jpg?1288678195", 
      "small": "https://s3.amazonaws.com/ksr/avatars/70159/n4806375_31894014_836.small.jpg?1288678195", 
      "thumb": "https://s3.amazonaws.com/ksr/avatars/70159/n4806375_31894014_836.thumb.jpg?1288678195"
    }, 
    "id": 1293500456, 
    "name": "Deren Guler", 
    "slug": "replaymy", 
    "urls": {
      "api": {
        "user": "https://api.kickstarter.com/v1/users/1293500456?signature=1405310601.f8747f99800fee970e9c45044f00475a364d1724"
      }, 
      "web": {
        "user": "https://www.kickstarter.com/profile/replaymy"
      }
    }
  }, 
  "currency": "USD", 
  "currency_symbol": "$", 
  "currency_trailing_code": true, 
  "deadline": 1293729231, 
  "disable_communication": false, 
  "goal": 3000.0, 
  "id": 11242197, 
  "launched_at": 1285949631, 
  "location": {
    "country": "US", 
    "displayable_name": "Pittsburgh, PA", 
    "id": 2473224, 
    "name": "Pittsburgh", 
    "short_name": "Pittsburgh, PA", 
    "slug": "pittsburgh-pa", 
    "state": "PA", 
    "urls": {
      "api": {
        "nearby_projects": "https://api.kickstarter.com/v1/discover?signature=1405283923.899172f460363dff4c930b0e2b2d5a0cdf2e5845&woe_id=2473224"
      }, 
      "web": {
        "discover": "https://www.kickstarter.com/discover/places/pittsburgh-pa", 
        "location": "https://www.kickstarter.com/locations/pittsburgh-pa"
      }
    }
  }, 
  "name": "ReplayMyPlay Traveling Playground", 
  "photo": {
    "1024x768": "https://s3.amazonaws.com/ksr/projects/12522/photo-1024x768.jpg?1397759229", 
    "1536x1152": "https://s3.amazonaws.com/ksr/projects/12522/photo-1536x1152.jpg?1397759229", 
    "ed": "https://s3.amazonaws.com/ksr/projects/12522/photo-ed.jpg?1397759229", 
    "full": "https://s3.amazonaws.com/ksr/projects/12522/photo-full.jpg?1397759229", 
    "little": "https://s3.amazonaws.com/ksr/projects/12522/photo-little.jpg?1397759229", 
    "med": "https://s3.amazonaws.com/ksr/projects/12522/photo-med.jpg?1397759229", 
    "small": "https://s3.amazonaws.com/ksr/projects/12522/photo-small.jpg?1397759229", 
    "thumb": "https://s3.amazonaws.com/ksr/projects/12522/photo-thumb.jpg?1397759229"
  }, 
  "pledged": 125.0, 
  "slug": "replaymyplay-traveling-playground", 
  "state": "failed", 
  "state_changed_at": 1293729232, 
  "urls": {
    "web": {
      "project": "https://www.kickstarter.com/projects/replaymy/replaymyplay-traveling-playground", 
      "rewards": "https://www.kickstarter.com/projects/replaymy/replaymyplay-traveling-playground/rewards"
    }
  }
}