{
  "backers_count": 26, 
  "blurb": "Bad Ass Quad Helicopter Drone", 
  "category": {
    "id": 16, 
    "name": "Technology", 
    "position": 14, 
    "slug": "technology", 
    "urls": {
      "web": {
        "discover": "http://www.kickstarter.com/discover/categories/technology"
      }
    }
  }, 
  "country": "US", 
  "created_at": 1348683215, 
  "creator": {
    "avatar": {
      "medium": "https://s3.amazonaws.com/ksr/avatars/4203073/leftlogo_copy.medium.jpg?1351896374", 
      "small": "https://s3.amazonaws.com/ksr/avatars/4203073/leftlogo_copy.small.jpg?1351896374", 
      "thumb": "https://s3.amazonaws.com/ksr/avatars/4203073/leftlogo_copy.thumb.jpg?1351896374"
    }, 
    "id": 204060608, 
    "name": "Two Silicon Valley Engineers", 
    "urls": {
      "api": {
        "user": "https://api.kickstarter.com/v1/users/204060608?signature=1405310360.9e8854675218ce51bf6409b1e86341f93a205fb7"
      }, 
      "web": {
        "user": "https://www.kickstarter.com/profile/204060608"
      }
    }
  }, 
  "currency": "USD", 
  "currency_symbol": "$", 
  "currency_trailing_code": true, 
  "deadline": 1354990603, 
  "disable_communication": false, 
  "goal": 25000.0, 
  "id": 1124975000, 
  "launched_at": 1352398603, 
  "location": {
    "country": "US", 
    "displayable_name": "Reno, NV", 
    "id": 2480201, 
    "name": "Reno", 
    "short_name": "Reno, NV", 
    "slug": "reno-nv", 
    "state": "NV", 
    "urls": {
      "api": {
        "nearby_projects": "https://api.kickstarter.com/v1/discover?signature=1405283947.aa0b2f9b9e18ceb80aca2854b3cc3bd033af3b28&woe_id=2480201"
      }, 
      "web": {
        "discover": "https://www.kickstarter.com/discover/places/reno-nv", 
        "location": "https://www.kickstarter.com/locations/reno-nv"
      }
    }
  }, 
  "name": "Bad Ass HoverWASP RC Quadcopter", 
  "photo": {
    "1024x768": "https://s3.amazonaws.com/ksr/projects/347812/photo-1024x768.jpg?1397798518", 
    "1536x1152": "https://s3.amazonaws.com/ksr/projects/347812/photo-1536x1152.jpg?1397798518", 
    "ed": "https://s3.amazonaws.com/ksr/projects/347812/photo-ed.jpg?1397798518", 
    "full": "https://s3.amazonaws.com/ksr/projects/347812/photo-full.jpg?1397798518", 
    "little": "https://s3.amazonaws.com/ksr/projects/347812/photo-little.jpg?1397798518", 
    "med": "https://s3.amazonaws.com/ksr/projects/347812/photo-med.jpg?1397798518", 
    "small": "https://s3.amazonaws.com/ksr/projects/347812/photo-small.jpg?1397798518", 
    "thumb": "https://s3.amazonaws.com/ksr/projects/347812/photo-thumb.jpg?1397798518"
  }, 
  "pledged": 15688.0, 
  "slug": "bad-ass-hoverwasp-rc-quadcopter", 
  "state": "failed", 
  "state_changed_at": 1354990603, 
  "urls": {
    "web": {
      "project": "https://www.kickstarter.com/projects/204060608/bad-ass-hoverwasp-rc-quadcopter", 
      "rewards": "https://www.kickstarter.com/projects/204060608/bad-ass-hoverwasp-rc-quadcopter/rewards"
    }
  }
}