{
  "backers_count": 473, 
  "blurb": "Can you help us make an ultra bright white one a reality?", 
  "category": {
    "id": 52, 
    "name": "Hardware", 
    "parent_id": 16, 
    "position": 8, 
    "slug": "technology/hardware", 
    "urls": {
      "web": {
        "discover": "http://www.kickstarter.com/discover/categories/technology/hardware"
      }
    }
  }, 
  "country": "GB", 
  "created_at": 1370641900, 
  "creator": {
    "avatar": {
      "medium": "https://s3.amazonaws.com/ksr/avatars/4366170/cisecosimplelogosq_reasonably_small.medium.jpg?1350991224", 
      "small": "https://s3.amazonaws.com/ksr/avatars/4366170/cisecosimplelogosq_reasonably_small.small.jpg?1350991224", 
      "thumb": "https://s3.amazonaws.com/ksr/avatars/4366170/cisecosimplelogosq_reasonably_small.thumb.jpg?1350991224"
    }, 
    "id": 1329906826, 
    "name": "Ciseco", 
    "slug": "ciseco", 
    "urls": {
      "api": {
        "user": "https://api.kickstarter.com/v1/users/1329906826?signature=1405310161.e19ec5f4313eed6949143b337f043d6f26dcd540"
      }, 
      "web": {
        "user": "https://www.kickstarter.com/profile/ciseco"
      }
    }
  }, 
  "currency": "GBP", 
  "currency_symbol": "\u00a3", 
  "currency_trailing_code": false, 
  "deadline": 1373751325, 
  "disable_communication": false, 
  "goal": 4000.0, 
  "id": 1125513475, 
  "launched_at": 1371159325, 
  "location": {
    "country": "GB", 
    "displayable_name": "Nottingham, UK", 
    "id": 30720, 
    "name": "Nottingham", 
    "short_name": "Nottingham, UK", 
    "slug": "nottingham-gb", 
    "state": "England", 
    "urls": {
      "api": {
        "nearby_projects": "https://api.kickstarter.com/v1/discover?signature=1405283926.e4eab318c870ad689c97419dbd4ce75f5331320a&woe_id=30720"
      }, 
      "web": {
        "discover": "https://www.kickstarter.com/discover/places/nottingham-gb", 
        "location": "https://www.kickstarter.com/locations/nottingham-gb"
      }
    }
  }, 
  "name": "Pi Lite white - Bright white LED display for Raspberry Pi", 
  "photo": {
    "1024x768": "https://s3.amazonaws.com/ksr/projects/583182/photo-1024x768.jpg?1397823456", 
    "1536x1152": "https://s3.amazonaws.com/ksr/projects/583182/photo-1536x1152.jpg?1397823456", 
    "ed": "https://s3.amazonaws.com/ksr/projects/583182/photo-ed.jpg?1397823456", 
    "full": "https://s3.amazonaws.com/ksr/projects/583182/photo-full.jpg?1397823456", 
    "little": "https://s3.amazonaws.com/ksr/projects/583182/photo-little.jpg?1397823456", 
    "med": "https://s3.amazonaws.com/ksr/projects/583182/photo-med.jpg?1397823456", 
    "small": "https://s3.amazonaws.com/ksr/projects/583182/photo-small.jpg?1397823456", 
    "thumb": "https://s3.amazonaws.com/ksr/projects/583182/photo-thumb.jpg?1397823456"
  }, 
  "pledged": 13864.0, 
  "slug": "pi-lite-white-bright-white-led-display-for-raspber", 
  "state": "successful", 
  "state_changed_at": 1373751326, 
  "urls": {
    "web": {
      "project": "https://www.kickstarter.com/projects/ciseco/pi-lite-white-bright-white-led-display-for-raspber", 
      "rewards": "https://www.kickstarter.com/projects/ciseco/pi-lite-white-bright-white-led-display-for-raspber/rewards"
    }
  }
}