{
  "backers_count": 231, 
  "blurb": "The goal is to get at least 1000 backers to make the first Remotte. Remotte also works for your smartphone, tablets and other devices.", 
  "category": {
    "id": 52, 
    "name": "Hardware", 
    "parent_id": 16, 
    "position": 8, 
    "slug": "technology/hardware", 
    "urls": {
      "web": {
        "discover": "http://www.kickstarter.com/discover/categories/technology/hardware"
      }
    }
  }, 
  "country": "US", 
  "created_at": 1377585352, 
  "creator": {
    "avatar": {
      "medium": "https://s3.amazonaws.com/ksr/avatars/7790524/logo_circular.medium.jpg?1383912362", 
      "small": "https://s3.amazonaws.com/ksr/avatars/7790524/logo_circular.small.jpg?1383912362", 
      "thumb": "https://s3.amazonaws.com/ksr/avatars/7790524/logo_circular.thumb.jpg?1383912362"
    }, 
    "id": 1609624502, 
    "name": "Remotte LLC", 
    "slug": "remotte", 
    "urls": {
      "api": {
        "user": "https://api.kickstarter.com/v1/users/1609624502?signature=1405310362.473b30d0cf7fe95b0dde0296205acc955393da78"
      }, 
      "web": {
        "user": "https://www.kickstarter.com/profile/remotte"
      }
    }
  }, 
  "currency": "USD", 
  "currency_symbol": "$", 
  "currency_trailing_code": true, 
  "deadline": 1387638048, 
  "disable_communication": false, 
  "goal": 70000.0, 
  "id": 1125638454, 
  "launched_at": 1384959648, 
  "location": {
    "country": "US", 
    "displayable_name": "Temecula, CA", 
    "id": 2504627, 
    "name": "Temecula", 
    "short_name": "Temecula, CA", 
    "slug": "temecula-ca", 
    "state": "CA", 
    "urls": {
      "api": {
        "nearby_projects": "https://api.kickstarter.com/v1/discover?signature=1405284056.10e56f467ba0524b5cecce0cf2ef31e8d044b9c7&woe_id=2504627"
      }, 
      "web": {
        "discover": "https://www.kickstarter.com/discover/places/temecula-ca", 
        "location": "https://www.kickstarter.com/locations/temecula-ca"
      }
    }
  }, 
  "name": "Remotte\u2122, the first remote control for Google Glass\u2122", 
  "photo": {
    "1024x768": "https://s3.amazonaws.com/ksr/projects/662865/photo-1024x768.jpg?1397832324", 
    "1536x1152": "https://s3.amazonaws.com/ksr/projects/662865/photo-1536x1152.jpg?1397832324", 
    "ed": "https://s3.amazonaws.com/ksr/projects/662865/photo-ed.jpg?1397832324", 
    "full": "https://s3.amazonaws.com/ksr/projects/662865/photo-full.jpg?1397832324", 
    "little": "https://s3.amazonaws.com/ksr/projects/662865/photo-little.jpg?1397832324", 
    "med": "https://s3.amazonaws.com/ksr/projects/662865/photo-med.jpg?1397832324", 
    "small": "https://s3.amazonaws.com/ksr/projects/662865/photo-small.jpg?1397832324", 
    "thumb": "https://s3.amazonaws.com/ksr/projects/662865/photo-thumb.jpg?1397832324"
  }, 
  "pledged": 14483.0, 
  "slug": "remottetm-the-first-remote-control-for-google-glas", 
  "state": "canceled", 
  "state_changed_at": 1386317888, 
  "urls": {
    "web": {
      "project": "https://www.kickstarter.com/projects/remotte/remottetm-the-first-remote-control-for-google-glas", 
      "rewards": "https://www.kickstarter.com/projects/remotte/remottetm-the-first-remote-control-for-google-glas/rewards"
    }
  }
}