{
  "backers_count": 20, 
  "blurb": "You are funding the construction of a robot built by our High School students, FIRST Team 4083 \"The Iron Wolverines\".", 
  "category": {
    "id": 338, 
    "name": "Robots", 
    "parent_id": 16, 
    "position": 10, 
    "slug": "technology/robots", 
    "urls": {
      "web": {
        "discover": "http://www.kickstarter.com/discover/categories/technology/robots"
      }
    }
  }, 
  "country": "US", 
  "created_at": 1352812630, 
  "creator": {
    "avatar": {
      "medium": "https://www.kickstarter.com/assets/users/missing_medium.png", 
      "small": "https://www.kickstarter.com/assets/users/missing_small.png", 
      "thumb": "https://www.kickstarter.com/assets/users/missing_thumb.png"
    }, 
    "id": 1659004368, 
    "name": "Sylvester Rolack II", 
    "urls": {
      "api": {
        "user": "https://api.kickstarter.com/v1/users/1659004368?signature=1405310267.ebd6f084d18ed92027919ed1c8b3a5c1280512f1"
      }, 
      "web": {
        "user": "https://www.kickstarter.com/profile/1659004368"
      }
    }
  }, 
  "currency": "USD", 
  "currency_symbol": "$", 
  "currency_trailing_code": true, 
  "deadline": 1360329420, 
  "disable_communication": false, 
  "goal": 1000.0, 
  "id": 1125326552, 
  "launched_at": 1358167137, 
  "location": {
    "country": "US", 
    "displayable_name": "Dorchester, North Charleston, SC", 
    "id": 2392988, 
    "name": "Dorchester", 
    "short_name": "Dorchester, SC", 
    "slug": "dorchester-north-charleston-sc", 
    "state": "SC", 
    "urls": {
      "api": {
        "nearby_projects": "https://api.kickstarter.com/v1/discover?signature=1405284294.b2e5a01b9aeff2c010e55542b570581e959b4c48&woe_id=2392988"
      }, 
      "web": {
        "discover": "https://www.kickstarter.com/discover/places/dorchester-north-charleston-sc", 
        "location": "https://www.kickstarter.com/locations/dorchester-north-charleston-sc"
      }
    }
  }, 
  "name": "FIRST Team 4083: Robot Construction", 
  "photo": {
    "1024x768": "https://s3.amazonaws.com/ksr/projects/390580/photo-1024x768.jpg?1397802921", 
    "1536x1152": "https://s3.amazonaws.com/ksr/projects/390580/photo-1536x1152.jpg?1397802921", 
    "ed": "https://s3.amazonaws.com/ksr/projects/390580/photo-ed.jpg?1397802921", 
    "full": "https://s3.amazonaws.com/ksr/projects/390580/photo-full.jpg?1397802921", 
    "little": "https://s3.amazonaws.com/ksr/projects/390580/photo-little.jpg?1397802921", 
    "med": "https://s3.amazonaws.com/ksr/projects/390580/photo-med.jpg?1397802921", 
    "small": "https://s3.amazonaws.com/ksr/projects/390580/photo-small.jpg?1397802921", 
    "thumb": "https://s3.amazonaws.com/ksr/projects/390580/photo-thumb.jpg?1397802921"
  }, 
  "pledged": 1001.0, 
  "slug": "first-team-4083-robot-construction", 
  "state": "successful", 
  "state_changed_at": 1360329420, 
  "urls": {
    "web": {
      "project": "https://www.kickstarter.com/projects/1659004368/first-team-4083-robot-construction", 
      "rewards": "https://www.kickstarter.com/projects/1659004368/first-team-4083-robot-construction/rewards"
    }
  }
}