{
  "backers_count": 15, 
  "blurb": "$1 a square inch in Detroit. For real and online. Buy land, have fun. <3", 
  "category": {
    "id": 16, 
    "name": "Technology", 
    "position": 14, 
    "slug": "technology", 
    "urls": {
      "web": {
        "discover": "http://www.kickstarter.com/discover/categories/technology"
      }
    }
  }, 
  "country": "US", 
  "created_at": 1272424038, 
  "creator": {
    "avatar": {
      "medium": "https://s3.amazonaws.com/ksr/avatars/5797/lookmanomullet.medium.jpg?1288678195", 
      "small": "https://s3.amazonaws.com/ksr/avatars/5797/lookmanomullet.small.jpg?1288678195", 
      "thumb": "https://s3.amazonaws.com/ksr/avatars/5797/lookmanomullet.thumb.jpg?1288678195"
    }, 
    "id": 211945026, 
    "name": "Jerry Paffendorf", 
    "slug": "jerry", 
    "urls": {
      "api": {
        "user": "https://api.kickstarter.com/v1/users/211945026?signature=1405310268.0a3db61b1b663cecd64097f7880e70b1d9637364"
      }, 
      "web": {
        "user": "https://www.kickstarter.com/profile/jerry"
      }
    }
  }, 
  "currency": "USD", 
  "currency_symbol": "$", 
  "currency_trailing_code": true, 
  "deadline": 1273723140, 
  "disable_communication": false, 
  "goal": 500.0, 
  "id": 112563485, 
  "launched_at": 1272424284, 
  "location": {
    "country": "US", 
    "displayable_name": "Detroit, MI", 
    "id": 2391585, 
    "name": "Detroit", 
    "short_name": "Detroit, MI", 
    "slug": "detroit-mi", 
    "state": "MI", 
    "urls": {
      "api": {
        "nearby_projects": "https://api.kickstarter.com/v1/discover?signature=1405283927.0a31d64e7545ce7c400b14403b9897f13efdb83f&woe_id=2391585"
      }, 
      "web": {
        "discover": "https://www.kickstarter.com/discover/places/detroit-mi", 
        "location": "https://www.kickstarter.com/locations/detroit-mi"
      }
    }
  }, 
  "name": "LOVELAND: You're A Good Person, And People Say Nice Things About You", 
  "photo": {
    "1024x768": "https://s3.amazonaws.com/ksr/projects/5409/photo-1024x768.jpg?1397755488", 
    "1536x1152": "https://s3.amazonaws.com/ksr/projects/5409/photo-1536x1152.jpg?1397755488", 
    "ed": "https://s3.amazonaws.com/ksr/projects/5409/photo-ed.jpg?1397755488", 
    "full": "https://s3.amazonaws.com/ksr/projects/5409/photo-full.jpg?1397755488", 
    "little": "https://s3.amazonaws.com/ksr/projects/5409/photo-little.jpg?1397755488", 
    "med": "https://s3.amazonaws.com/ksr/projects/5409/photo-med.jpg?1397755488", 
    "small": "https://s3.amazonaws.com/ksr/projects/5409/photo-small.jpg?1397755488", 
    "thumb": "https://s3.amazonaws.com/ksr/projects/5409/photo-thumb.jpg?1397755488"
  }, 
  "pledged": 918.0, 
  "slug": "loveland-youre-a-very-nice-person-and-people-say-n", 
  "state": "successful", 
  "state_changed_at": 1273723232, 
  "urls": {
    "web": {
      "project": "https://www.kickstarter.com/projects/jerry/loveland-youre-a-very-nice-person-and-people-say-n", 
      "rewards": "https://www.kickstarter.com/projects/jerry/loveland-youre-a-very-nice-person-and-people-say-n/rewards"
    }
  }
}