{
  "backers_count": 0, 
  "blurb": "Wonderful kawaii characters from Japan + game-like e-stationary App + discovery of weird wonderful emoji = Big Super Happy AWESOMENESS!", 
  "category": {
    "id": 16, 
    "name": "Technology", 
    "position": 14, 
    "slug": "technology", 
    "urls": {
      "web": {
        "discover": "http://www.kickstarter.com/discover/categories/technology"
      }
    }
  }, 
  "country": "US", 
  "created_at": 1330461859, 
  "creator": {
    "avatar": {
      "medium": "https://s3.amazonaws.com/ksr/avatars/1426890/budog_space_b.medium.jpg?1349360840", 
      "small": "https://s3.amazonaws.com/ksr/avatars/1426890/budog_space_b.small.jpg?1349360840", 
      "thumb": "https://s3.amazonaws.com/ksr/avatars/1426890/budog_space_b.thumb.jpg?1349360840"
    }, 
    "id": 850766643, 
    "name": "Jesse Soleil", 
    "urls": {
      "api": {
        "user": "https://api.kickstarter.com/v1/users/850766643?signature=1405310671.77055f6aae8a6450434e8536f98fabbace2aeb84"
      }, 
      "web": {
        "user": "https://www.kickstarter.com/profile/850766643"
      }
    }
  }, 
  "currency": "USD", 
  "currency_symbol": "$", 
  "currency_trailing_code": true, 
  "deadline": 1334793662, 
  "disable_communication": false, 
  "goal": 33000.0, 
  "id": 1126054583, 
  "launched_at": 1332201662, 
  "location": {
    "country": "US", 
    "displayable_name": "New York, NY", 
    "id": 2459115, 
    "name": "New York", 
    "short_name": "New York, NY", 
    "slug": "new-york-ny", 
    "state": "NY", 
    "urls": {
      "api": {
        "nearby_projects": "https://api.kickstarter.com/v1/discover?signature=1405283922.858662b9ca1ef63b6e0c38e6c88778c27a30fce5&woe_id=2459115"
      }, 
      "web": {
        "discover": "https://www.kickstarter.com/discover/places/new-york-ny", 
        "location": "https://www.kickstarter.com/locations/new-york-ny"
      }
    }
  }, 
  "name": "Big Super Happy: Quirky Character Deco Mail for Kids!", 
  "photo": {
    "1024x768": "https://s3.amazonaws.com/ksr/projects/80243/photo-1024x768.jpg?1397771931", 
    "1536x1152": "https://s3.amazonaws.com/ksr/projects/80243/photo-1536x1152.jpg?1397771931", 
    "ed": "https://s3.amazonaws.com/ksr/projects/80243/photo-ed.jpg?1397771931", 
    "full": "https://s3.amazonaws.com/ksr/projects/80243/photo-full.jpg?1397771931", 
    "little": "https://s3.amazonaws.com/ksr/projects/80243/photo-little.jpg?1397771931", 
    "med": "https://s3.amazonaws.com/ksr/projects/80243/photo-med.jpg?1397771931", 
    "small": "https://s3.amazonaws.com/ksr/projects/80243/photo-small.jpg?1397771931", 
    "thumb": "https://s3.amazonaws.com/ksr/projects/80243/photo-thumb.jpg?1397771931"
  }, 
  "pledged": 0.0, 
  "slug": "big-super-happy-quirky-character-deco-mail-for-kid", 
  "state": "canceled", 
  "state_changed_at": 1332784735, 
  "urls": {
    "web": {
      "project": "https://www.kickstarter.com/projects/850766643/big-super-happy-quirky-character-deco-mail-for-kid", 
      "rewards": "https://www.kickstarter.com/projects/850766643/big-super-happy-quirky-character-deco-mail-for-kid/rewards"
    }
  }
}