{
  "backers_count": 24, 
  "blurb": "Everyone ought to speak. The goal of Aut2Speak is to make that more of a reality for those with non-verbal autism.", 
  "category": {
    "id": 51, 
    "name": "Software", 
    "parent_id": 16, 
    "position": 11, 
    "slug": "technology/software", 
    "urls": {
      "web": {
        "discover": "http://www.kickstarter.com/discover/categories/technology/software"
      }
    }
  }, 
  "country": "US", 
  "created_at": 1383854515, 
  "creator": {
    "avatar": {
      "medium": "https://s3.amazonaws.com/ksr/avatars/8642458/BusinessShot.medium.jpg?1383859806", 
      "small": "https://s3.amazonaws.com/ksr/avatars/8642458/BusinessShot.small.jpg?1383859806", 
      "thumb": "https://s3.amazonaws.com/ksr/avatars/8642458/BusinessShot.thumb.jpg?1383859806"
    }, 
    "id": 1119286895, 
    "name": "Tiffany Khoshaba", 
    "urls": {
      "api": {
        "user": "https://api.kickstarter.com/v1/users/1119286895?signature=1405310547.dcba06543684495ec4a918cd7e3d145b6349273b"
      }, 
      "web": {
        "user": "https://www.kickstarter.com/profile/1119286895"
      }
    }
  }, 
  "currency": "USD", 
  "currency_symbol": "$", 
  "currency_trailing_code": true, 
  "deadline": 1391210606, 
  "disable_communication": false, 
  "goal": 24000.0, 
  "id": 1126645404, 
  "launched_at": 1386026606, 
  "location": {
    "country": "US", 
    "displayable_name": "Chicago, IL", 
    "id": 2379574, 
    "name": "Chicago", 
    "short_name": "Chicago, IL", 
    "slug": "chicago-il", 
    "state": "IL", 
    "urls": {
      "api": {
        "nearby_projects": "https://api.kickstarter.com/v1/discover?signature=1405283924.8f63700f7031fb64c1fc151929225a5757f1a64e&woe_id=2379574"
      }, 
      "web": {
        "discover": "https://www.kickstarter.com/discover/places/chicago-il", 
        "location": "https://www.kickstarter.com/locations/chicago-il"
      }
    }
  }, 
  "name": "A Communication App For Those We Love With Autism.", 
  "photo": {
    "1024x768": "https://s3.amazonaws.com/ksr/projects/750923/photo-1024x768.jpg?1397855237", 
    "1536x1152": "https://s3.amazonaws.com/ksr/projects/750923/photo-1536x1152.jpg?1397855237", 
    "ed": "https://s3.amazonaws.com/ksr/projects/750923/photo-ed.jpg?1397855237", 
    "full": "https://s3.amazonaws.com/ksr/projects/750923/photo-full.jpg?1397855237", 
    "little": "https://s3.amazonaws.com/ksr/projects/750923/photo-little.jpg?1397855237", 
    "med": "https://s3.amazonaws.com/ksr/projects/750923/photo-med.jpg?1397855237", 
    "small": "https://s3.amazonaws.com/ksr/projects/750923/photo-small.jpg?1397855237", 
    "thumb": "https://s3.amazonaws.com/ksr/projects/750923/photo-thumb.jpg?1397855237"
  }, 
  "pledged": 419.0, 
  "slug": "a-communication-app-for-those-we-love-with-autism", 
  "state": "failed", 
  "state_changed_at": 1391210609, 
  "urls": {
    "web": {
      "project": "https://www.kickstarter.com/projects/1119286895/a-communication-app-for-those-we-love-with-autism", 
      "rewards": "https://www.kickstarter.com/projects/1119286895/a-communication-app-for-those-we-love-with-autism/rewards"
    }
  }
}