{
  "backers_count": 129, 
  "blurb": "We're turning up the heat on letterpress! A non-profit restores an Orphan Annie Monotype Sorts Caster to make metal type.", 
  "category": {
    "id": 16, 
    "name": "Technology", 
    "position": 14, 
    "slug": "technology", 
    "urls": {
      "web": {
        "discover": "http://www.kickstarter.com/discover/categories/technology"
      }
    }
  }, 
  "country": "US", 
  "created_at": 1296161532, 
  "creator": {
    "avatar": {
      "medium": "https://s3.amazonaws.com/ksr/avatars/51706/stern-id.medium.jpg?1297120178", 
      "small": "https://s3.amazonaws.com/ksr/avatars/51706/stern-id.small.jpg?1297120178", 
      "thumb": "https://s3.amazonaws.com/ksr/avatars/51706/stern-id.thumb.jpg?1297120178"
    }, 
    "id": 917213207, 
    "name": "C.C. Stern Type Foundry", 
    "slug": "typefoundry", 
    "urls": {
      "api": {
        "user": "https://api.kickstarter.com/v1/users/917213207?signature=1405309994.60003013b4a595dae4a63b54d41e23e89d78382a"
      }, 
      "web": {
        "user": "https://www.kickstarter.com/profile/typefoundry"
      }
    }
  }, 
  "currency": "USD", 
  "currency_symbol": "$", 
  "currency_trailing_code": true, 
  "deadline": 1301709600, 
  "disable_communication": false, 
  "goal": 5000.0, 
  "id": 1126000202, 
  "launched_at": 1297627416, 
  "location": {
    "country": "US", 
    "displayable_name": "Portland, OR", 
    "id": 2475687, 
    "name": "Portland", 
    "short_name": "Portland, OR", 
    "slug": "portland-or", 
    "state": "OR", 
    "urls": {
      "api": {
        "nearby_projects": "https://api.kickstarter.com/v1/discover?signature=1405283921.74048cb16cf05090d8ce00b701410b6f8aeb437d&woe_id=2475687"
      }, 
      "web": {
        "discover": "https://www.kickstarter.com/discover/places/portland-or", 
        "location": "https://www.kickstarter.com/locations/portland-or"
      }
    }
  }, 
  "name": "Adventures with Orphan Annie & Hot Metal Type", 
  "photo": {
    "1024x768": "https://s3.amazonaws.com/ksr/projects/21237/photo-1024x768.jpg?1397760779", 
    "1536x1152": "https://s3.amazonaws.com/ksr/projects/21237/photo-1536x1152.jpg?1397760779", 
    "ed": "https://s3.amazonaws.com/ksr/projects/21237/photo-ed.jpg?1397760779", 
    "full": "https://s3.amazonaws.com/ksr/projects/21237/photo-full.jpg?1397760779", 
    "little": "https://s3.amazonaws.com/ksr/projects/21237/photo-little.jpg?1397760779", 
    "med": "https://s3.amazonaws.com/ksr/projects/21237/photo-med.jpg?1397760779", 
    "small": "https://s3.amazonaws.com/ksr/projects/21237/photo-small.jpg?1397760779", 
    "thumb": "https://s3.amazonaws.com/ksr/projects/21237/photo-thumb.jpg?1397760779"
  }, 
  "pledged": 8116.0, 
  "slug": "adventures-with-orphan-annie-and-hot-metal-type", 
  "state": "successful", 
  "state_changed_at": 1301709616, 
  "urls": {
    "web": {
      "project": "https://www.kickstarter.com/projects/typefoundry/adventures-with-orphan-annie-and-hot-metal-type", 
      "rewards": "https://www.kickstarter.com/projects/typefoundry/adventures-with-orphan-annie-and-hot-metal-type/rewards"
    }
  }
}