{
  "backers_count": 174, 
  "blurb": "Create a printable 3D model of any object using only a depth camera and a web browser!", 
  "category": {
    "id": 331, 
    "name": "3D Printing", 
    "parent_id": 16, 
    "position": 1, 
    "slug": "technology/3d printing", 
    "urls": {
      "web": {
        "discover": "http://www.kickstarter.com/discover/categories/technology/3d%20printing"
      }
    }
  }, 
  "country": "US", 
  "created_at": 1373360296, 
  "creator": {
    "avatar": {
      "medium": "https://s3.amazonaws.com/ksr/avatars/7246924/Dark_Blue.medium.jpg?1373359429", 
      "small": "https://s3.amazonaws.com/ksr/avatars/7246924/Dark_Blue.small.jpg?1373359429", 
      "thumb": "https://s3.amazonaws.com/ksr/avatars/7246924/Dark_Blue.thumb.jpg?1373359429"
    }, 
    "id": 875026154, 
    "name": "Volumental", 
    "slug": "volumental", 
    "urls": {
      "api": {
        "user": "https://api.kickstarter.com/v1/users/875026154?signature=1405310149.f4be6a5e6a0e8ae85cf256385b3f3164cfbc40b6"
      }, 
      "web": {
        "user": "https://www.kickstarter.com/profile/volumental"
      }
    }
  }, 
  "currency": "USD", 
  "currency_symbol": "$", 
  "currency_trailing_code": true, 
  "deadline": 1378071000, 
  "disable_communication": false, 
  "goal": 20000.0, 
  "id": 1126834968, 
  "launched_at": 1375344135, 
  "location": {
    "country": "SE", 
    "displayable_name": "Stockholm, Sweden", 
    "id": 906057, 
    "name": "Stockholm", 
    "short_name": "Stockholm, Sweden", 
    "slug": "stockholm-stockholm-se", 
    "state": "Stockholm", 
    "urls": {
      "api": {
        "nearby_projects": "https://api.kickstarter.com/v1/discover?signature=1405283928.2fccc00ccf32f4340fd9c9b2db7265d28fdadb94&woe_id=906057"
      }, 
      "web": {
        "discover": "https://www.kickstarter.com/discover/places/stockholm-stockholm-se", 
        "location": "https://www.kickstarter.com/locations/stockholm-stockholm-se"
      }
    }
  }, 
  "name": "The 3D Scan-to-Print Web App", 
  "photo": {
    "1024x768": "https://s3.amazonaws.com/ksr/projects/612924/photo-1024x768.jpg?1397826705", 
    "1536x1152": "https://s3.amazonaws.com/ksr/projects/612924/photo-1536x1152.jpg?1397826705", 
    "ed": "https://s3.amazonaws.com/ksr/projects/612924/photo-ed.jpg?1397826705", 
    "full": "https://s3.amazonaws.com/ksr/projects/612924/photo-full.jpg?1397826705", 
    "little": "https://s3.amazonaws.com/ksr/projects/612924/photo-little.jpg?1397826705", 
    "med": "https://s3.amazonaws.com/ksr/projects/612924/photo-med.jpg?1397826705", 
    "small": "https://s3.amazonaws.com/ksr/projects/612924/photo-small.jpg?1397826705", 
    "thumb": "https://s3.amazonaws.com/ksr/projects/612924/photo-thumb.jpg?1397826705"
  }, 
  "pledged": 27362.0, 
  "slug": "the-3d-scan-to-print-web-app", 
  "state": "successful", 
  "state_changed_at": 1378071036, 
  "urls": {
    "web": {
      "project": "https://www.kickstarter.com/projects/volumental/the-3d-scan-to-print-web-app", 
      "rewards": "https://www.kickstarter.com/projects/volumental/the-3d-scan-to-print-web-app/rewards"
    }
  }
}