{
  "backers_count": 142, 
  "blurb": "Let authors automatically format their book, support causes, and get noticed. Foster a library of Creative Commons books.", 
  "category": {
    "id": 51, 
    "name": "Software", 
    "parent_id": 16, 
    "position": 11, 
    "slug": "technology/software", 
    "urls": {
      "web": {
        "discover": "http://www.kickstarter.com/discover/categories/technology/software"
      }
    }
  }, 
  "country": "US", 
  "created_at": 1317417344, 
  "creator": {
    "avatar": {
      "medium": "https://s3.amazonaws.com/ksr/avatars/662644/310330_133887396717669_100002892290450_144537_1484306202_n.medium.jpg?1325292053", 
      "small": "https://s3.amazonaws.com/ksr/avatars/662644/310330_133887396717669_100002892290450_144537_1484306202_n.small.jpg?1325292053", 
      "thumb": "https://s3.amazonaws.com/ksr/avatars/662644/310330_133887396717669_100002892290450_144537_1484306202_n.thumb.jpg?1325292053"
    }, 
    "id": 552377323, 
    "name": "Michael Bethencourt", 
    "slug": "mpb", 
    "urls": {
      "api": {
        "user": "https://api.kickstarter.com/v1/users/552377323?signature=1405310230.4f81a52cd1ff505e16fdcc129c71b0c05017dede"
      }, 
      "web": {
        "user": "https://www.kickstarter.com/profile/mpb"
      }
    }
  }, 
  "currency": "USD", 
  "currency_symbol": "$", 
  "currency_trailing_code": true, 
  "deadline": 1328050849, 
  "disable_communication": false, 
  "goal": 3000.0, 
  "id": 1127991327, 
  "launched_at": 1325458849, 
  "location": {
    "country": "US", 
    "displayable_name": "Madison, WI", 
    "id": 2443945, 
    "name": "Madison", 
    "short_name": "Madison, WI", 
    "slug": "madison-wi", 
    "state": "WI", 
    "urls": {
      "api": {
        "nearby_projects": "https://api.kickstarter.com/v1/discover?signature=1405283925.2c5fdbe754eeeb2a86ba468dfb47d6b875de9dbd&woe_id=2443945"
      }, 
      "web": {
        "discover": "https://www.kickstarter.com/discover/places/madison-wi", 
        "location": "https://www.kickstarter.com/locations/madison-wi"
      }
    }
  }, 
  "name": "Leebre.org - Liberate fiction with free, social publishing", 
  "photo": {
    "1024x768": "https://s3.amazonaws.com/ksr/projects/51683/photo-1024x768.jpg?1397766580", 
    "1536x1152": "https://s3.amazonaws.com/ksr/projects/51683/photo-1536x1152.jpg?1397766580", 
    "ed": "https://s3.amazonaws.com/ksr/projects/51683/photo-ed.jpg?1397766580", 
    "full": "https://s3.amazonaws.com/ksr/projects/51683/photo-full.jpg?1397766580", 
    "little": "https://s3.amazonaws.com/ksr/projects/51683/photo-little.jpg?1397766580", 
    "med": "https://s3.amazonaws.com/ksr/projects/51683/photo-med.jpg?1397766580", 
    "small": "https://s3.amazonaws.com/ksr/projects/51683/photo-small.jpg?1397766580", 
    "thumb": "https://s3.amazonaws.com/ksr/projects/51683/photo-thumb.jpg?1397766580"
  }, 
  "pledged": 3431.0, 
  "slug": "leebreorg-liberate-fiction-with-free-social-publis", 
  "state": "successful", 
  "state_changed_at": 1328050849, 
  "urls": {
    "web": {
      "project": "https://www.kickstarter.com/projects/mpb/leebreorg-liberate-fiction-with-free-social-publis", 
      "rewards": "https://www.kickstarter.com/projects/mpb/leebreorg-liberate-fiction-with-free-social-publis/rewards"
    }
  }
}