{
  "backers_count": 7, 
  "blurb": "Tired of the same workout? Moxxiie is an innovative technology that allows members to participate in many activities at no extra cost!", 
  "category": {
    "id": 51, 
    "name": "Software", 
    "parent_id": 16, 
    "position": 11, 
    "slug": "technology/software", 
    "urls": {
      "web": {
        "discover": "http://www.kickstarter.com/discover/categories/technology/software"
      }
    }
  }, 
  "country": "US", 
  "created_at": 1395686323, 
  "creator": {
    "avatar": {
      "medium": "https://s3.amazonaws.com/ksr/avatars/9404889/erik.medium.jpg?1395975499", 
      "small": "https://s3.amazonaws.com/ksr/avatars/9404889/erik.small.jpg?1395975499", 
      "thumb": "https://s3.amazonaws.com/ksr/avatars/9404889/erik.thumb.jpg?1395975499"
    }, 
    "id": 422808762, 
    "name": "Erik Zimerman", 
    "urls": {
      "api": {
        "user": "https://api.kickstarter.com/v1/users/422808762?signature=1405310489.b3220e45447bea2bd2b8f1d9bc82e0aada158686"
      }, 
      "web": {
        "user": "https://www.kickstarter.com/profile/422808762"
      }
    }
  }, 
  "currency": "USD", 
  "currency_symbol": "$", 
  "currency_trailing_code": true, 
  "deadline": 1399568082, 
  "disable_communication": false, 
  "goal": 25000.0, 
  "id": 1127976394, 
  "launched_at": 1396976082, 
  "location": {
    "country": "US", 
    "displayable_name": "Los Angeles, CA", 
    "id": 2442047, 
    "name": "Los Angeles", 
    "short_name": "Los Angeles, CA", 
    "slug": "los-angeles-ca", 
    "state": "CA", 
    "urls": {
      "api": {
        "nearby_projects": "https://api.kickstarter.com/v1/discover?signature=1405283921.ee3a1133214a755b6f367baa5289215cf97407d4&woe_id=2442047"
      }, 
      "web": {
        "discover": "https://www.kickstarter.com/discover/places/los-angeles-ca", 
        "location": "https://www.kickstarter.com/locations/los-angeles-ca"
      }
    }
  }, 
  "name": "Moxxiie - A bit of Boldness in your Life", 
  "photo": {
    "1024x768": "https://s3.amazonaws.com/ksr/projects/922362/photo-1024x768.jpg?1397873340", 
    "1536x1152": "https://s3.amazonaws.com/ksr/projects/922362/photo-1536x1152.jpg?1397873340", 
    "ed": "https://s3.amazonaws.com/ksr/projects/922362/photo-ed.jpg?1397873340", 
    "full": "https://s3.amazonaws.com/ksr/projects/922362/photo-full.jpg?1397873340", 
    "little": "https://s3.amazonaws.com/ksr/projects/922362/photo-little.jpg?1397873340", 
    "med": "https://s3.amazonaws.com/ksr/projects/922362/photo-med.jpg?1397873340", 
    "small": "https://s3.amazonaws.com/ksr/projects/922362/photo-small.jpg?1397873340", 
    "thumb": "https://s3.amazonaws.com/ksr/projects/922362/photo-thumb.jpg?1397873340"
  }, 
  "pledged": 1246.0, 
  "slug": "moxxiie-a-bit-of-boldness-in-your-life", 
  "state": "failed", 
  "state_changed_at": 1399568082, 
  "urls": {
    "web": {
      "project": "https://www.kickstarter.com/projects/422808762/moxxiie-a-bit-of-boldness-in-your-life", 
      "rewards": "https://www.kickstarter.com/projects/422808762/moxxiie-a-bit-of-boldness-in-your-life/rewards"
    }
  }
}