{
  "backers_count": 18, 
  "blurb": "Wtree allows users to auto-organize websites,create tree graphs, visualize web history & search results. Its like dropbox for links", 
  "category": {
    "id": 51, 
    "name": "Software", 
    "parent_id": 16, 
    "position": 11, 
    "slug": "technology/software", 
    "urls": {
      "web": {
        "discover": "http://www.kickstarter.com/discover/categories/technology/software"
      }
    }
  }, 
  "country": "GB", 
  "created_at": 1382642144, 
  "creator": {
    "avatar": {
      "medium": "https://s3.amazonaws.com/ksr/avatars/7618032/rohan_dsilva.medium.jpg?1387299800", 
      "small": "https://s3.amazonaws.com/ksr/avatars/7618032/rohan_dsilva.small.jpg?1387299800", 
      "thumb": "https://s3.amazonaws.com/ksr/avatars/7618032/rohan_dsilva.thumb.jpg?1387299800"
    }, 
    "id": 1983071397, 
    "name": "Rohan Dsilva", 
    "slug": "rohanddsilva", 
    "urls": {
      "api": {
        "user": "https://api.kickstarter.com/v1/users/1983071397?signature=1405310341.6cd85e28475f92a6b487246972fab8924632df53"
      }, 
      "web": {
        "user": "https://www.kickstarter.com/profile/rohanddsilva"
      }
    }
  }, 
  "currency": "GBP", 
  "currency_symbol": "\u00a3", 
  "currency_trailing_code": false, 
  "deadline": 1388404860, 
  "disable_communication": false, 
  "goal": 48000.0, 
  "id": 1127184988, 
  "launched_at": 1384862460, 
  "location": {
    "country": "GB", 
    "displayable_name": "London, UK", 
    "id": 44418, 
    "name": "London", 
    "short_name": "London, UK", 
    "slug": "london-gb", 
    "state": "England", 
    "urls": {
      "api": {
        "nearby_projects": "https://api.kickstarter.com/v1/discover?signature=1405283922.82a390c7080dcb5af2825d7dc4e2293adc57bbf0&woe_id=44418"
      }, 
      "web": {
        "discover": "https://www.kickstarter.com/discover/places/london-gb", 
        "location": "https://www.kickstarter.com/locations/london-gb"
      }
    }
  }, 
  "name": "Wtree  -  Bookmark and Auto-Organize 1000's of Websites", 
  "photo": {
    "1024x768": "https://s3.amazonaws.com/ksr/projects/732752/photo-1024x768.jpg?1397853228", 
    "1536x1152": "https://s3.amazonaws.com/ksr/projects/732752/photo-1536x1152.jpg?1397853228", 
    "ed": "https://s3.amazonaws.com/ksr/projects/732752/photo-ed.jpg?1397853228", 
    "full": "https://s3.amazonaws.com/ksr/projects/732752/photo-full.jpg?1397853228", 
    "little": "https://s3.amazonaws.com/ksr/projects/732752/photo-little.jpg?1397853228", 
    "med": "https://s3.amazonaws.com/ksr/projects/732752/photo-med.jpg?1397853228", 
    "small": "https://s3.amazonaws.com/ksr/projects/732752/photo-small.jpg?1397853228", 
    "thumb": "https://s3.amazonaws.com/ksr/projects/732752/photo-thumb.jpg?1397853228"
  }, 
  "pledged": 20308.0, 
  "slug": "wtree-bookmark-and-organize-1000s-of-websites", 
  "state": "canceled", 
  "state_changed_at": 1388081842, 
  "urls": {
    "web": {
      "project": "https://www.kickstarter.com/projects/rohanddsilva/wtree-bookmark-and-organize-1000s-of-websites", 
      "rewards": "https://www.kickstarter.com/projects/rohanddsilva/wtree-bookmark-and-organize-1000s-of-websites/rewards"
    }
  }
}