{
  "backers_count": 1, 
  "blurb": "Looking for Instagram Tools? Instapower User will be the best Mac desktop & mobile Instagram follow, unfollow and comment tool.", 
  "category": {
    "id": 16, 
    "name": "Technology", 
    "position": 14, 
    "slug": "technology", 
    "urls": {
      "web": {
        "discover": "http://www.kickstarter.com/discover/categories/technology"
      }
    }
  }, 
  "country": "US", 
  "created_at": 1363723930, 
  "creator": {
    "avatar": {
      "medium": "https://s3.amazonaws.com/ksr/avatars/569962/577382_10151467962397943_780987634_n.medium.jpg?1363728919", 
      "small": "https://s3.amazonaws.com/ksr/avatars/569962/577382_10151467962397943_780987634_n.small.jpg?1363728919", 
      "thumb": "https://s3.amazonaws.com/ksr/avatars/569962/577382_10151467962397943_780987634_n.thumb.jpg?1363728919"
    }, 
    "id": 588731275, 
    "name": "Scott Manthey", 
    "slug": "ibeninja", 
    "urls": {
      "api": {
        "user": "https://api.kickstarter.com/v1/users/588731275?signature=1405310643.3f574bb64dd69cee7eae4147b6fffaa50d91e8e0"
      }, 
      "web": {
        "user": "https://www.kickstarter.com/profile/ibeninja"
      }
    }
  }, 
  "currency": "USD", 
  "currency_symbol": "$", 
  "currency_trailing_code": true, 
  "deadline": 1367296140, 
  "disable_communication": false, 
  "goal": 500.0, 
  "id": 1128669666, 
  "launched_at": 1364165567, 
  "location": {
    "country": "US", 
    "displayable_name": "San Jose, CA", 
    "id": 2488042, 
    "name": "San Jose", 
    "short_name": "San Jose, CA", 
    "slug": "san-jose-ca", 
    "state": "CA", 
    "urls": {
      "api": {
        "nearby_projects": "https://api.kickstarter.com/v1/discover?signature=1405283925.2ce4396cf27276664beee3de6d4e234fb1809980&woe_id=2488042"
      }, 
      "web": {
        "discover": "https://www.kickstarter.com/discover/places/san-jose-ca", 
        "location": "https://www.kickstarter.com/locations/san-jose-ca"
      }
    }
  }, 
  "name": "InstaPower User - Instagram Power User Tool", 
  "photo": {
    "1024x768": "https://s3.amazonaws.com/ksr/projects/495637/photo-1024x768.jpg?1397814135", 
    "1536x1152": "https://s3.amazonaws.com/ksr/projects/495637/photo-1536x1152.jpg?1397814135", 
    "ed": "https://s3.amazonaws.com/ksr/projects/495637/photo-ed.jpg?1397814135", 
    "full": "https://s3.amazonaws.com/ksr/projects/495637/photo-full.jpg?1397814135", 
    "little": "https://s3.amazonaws.com/ksr/projects/495637/photo-little.jpg?1397814135", 
    "med": "https://s3.amazonaws.com/ksr/projects/495637/photo-med.jpg?1397814135", 
    "small": "https://s3.amazonaws.com/ksr/projects/495637/photo-small.jpg?1397814135", 
    "thumb": "https://s3.amazonaws.com/ksr/projects/495637/photo-thumb.jpg?1397814135"
  }, 
  "pledged": 25.0, 
  "slug": "instapower-user-instagram-power-user-tool", 
  "state": "failed", 
  "state_changed_at": 1367296141, 
  "urls": {
    "web": {
      "project": "https://www.kickstarter.com/projects/ibeninja/instapower-user-instagram-power-user-tool", 
      "rewards": "https://www.kickstarter.com/projects/ibeninja/instapower-user-instagram-power-user-tool/rewards"
    }
  }
}