{
  "backers_count": 554, 
  "blurb": "A lightweight backpack that can charge your smartphone 4 times or an iPad one full charge, and recharge via a USB port", 
  "category": {
    "id": 52, 
    "name": "Hardware", 
    "parent_id": 16, 
    "position": 8, 
    "slug": "technology/hardware", 
    "urls": {
      "web": {
        "discover": "http://www.kickstarter.com/discover/categories/technology/hardware"
      }
    }
  }, 
  "country": "US", 
  "created_at": 1360689747, 
  "creator": {
    "avatar": {
      "medium": "https://s3.amazonaws.com/ksr/avatars/3546613/Kannyn_MacRae.medium.jpg?1363363431", 
      "small": "https://s3.amazonaws.com/ksr/avatars/3546613/Kannyn_MacRae.small.jpg?1363363431", 
      "thumb": "https://s3.amazonaws.com/ksr/avatars/3546613/Kannyn_MacRae.thumb.jpg?1363363431"
    }, 
    "id": 800343142, 
    "name": "Kannyn MacRae", 
    "urls": {
      "api": {
        "user": "https://api.kickstarter.com/v1/users/800343142?signature=1405310107.27ad8eb9705b9c423099c5561f8ac00a11836cdf"
      }, 
      "web": {
        "user": "https://www.kickstarter.com/profile/800343142"
      }
    }
  }, 
  "currency": "USD", 
  "currency_symbol": "$", 
  "currency_trailing_code": true, 
  "deadline": 1366222542, 
  "disable_communication": false, 
  "goal": 50000.0, 
  "id": 1128063188, 
  "launched_at": 1363630542, 
  "location": {
    "country": "US", 
    "displayable_name": "Simi Valley, CA", 
    "id": 2493889, 
    "name": "Simi Valley", 
    "short_name": "Simi Valley, CA", 
    "slug": "simi-valley-ca", 
    "state": "CA", 
    "urls": {
      "api": {
        "nearby_projects": "https://api.kickstarter.com/v1/discover?signature=1405283929.0d825e7e800d2ff87cfbae65e6a3c6a181ccf2c6&woe_id=2493889"
      }, 
      "web": {
        "discover": "https://www.kickstarter.com/discover/places/simi-valley-ca", 
        "location": "https://www.kickstarter.com/locations/simi-valley-ca"
      }
    }
  }, 
  "name": "TYLT Energi Backpack - charge your mobile devices on the go.", 
  "photo": {
    "1024x768": "https://s3.amazonaws.com/ksr/projects/460724/photo-1024x768.jpg?1397810459", 
    "1536x1152": "https://s3.amazonaws.com/ksr/projects/460724/photo-1536x1152.jpg?1397810459", 
    "ed": "https://s3.amazonaws.com/ksr/projects/460724/photo-ed.jpg?1397810459", 
    "full": "https://s3.amazonaws.com/ksr/projects/460724/photo-full.jpg?1397810459", 
    "little": "https://s3.amazonaws.com/ksr/projects/460724/photo-little.jpg?1397810459", 
    "med": "https://s3.amazonaws.com/ksr/projects/460724/photo-med.jpg?1397810459", 
    "small": "https://s3.amazonaws.com/ksr/projects/460724/photo-small.jpg?1397810459", 
    "thumb": "https://s3.amazonaws.com/ksr/projects/460724/photo-thumb.jpg?1397810459"
  }, 
  "pledged": 76726.0, 
  "slug": "tylt-energi-backpack-charge-your-mobile-devices-on", 
  "state": "successful", 
  "state_changed_at": 1366222542, 
  "urls": {
    "web": {
      "project": "https://www.kickstarter.com/projects/800343142/tylt-energi-backpack-charge-your-mobile-devices-on", 
      "rewards": "https://www.kickstarter.com/projects/800343142/tylt-energi-backpack-charge-your-mobile-devices-on/rewards"
    }
  }
}