{
  "backers_count": 117, 
  "blurb": "Pi Pan RTP by AVIES Tech is our economical aluminum Raspberry Pi case that is Ready-To-Paint. User design contest inside!", 
  "category": {
    "id": 52, 
    "name": "Hardware", 
    "parent_id": 16, 
    "position": 8, 
    "slug": "technology/hardware", 
    "urls": {
      "web": {
        "discover": "http://www.kickstarter.com/discover/categories/technology/hardware"
      }
    }
  }, 
  "country": "US", 
  "created_at": 1363188998, 
  "creator": {
    "avatar": {
      "medium": "https://s3.amazonaws.com/ksr/avatars/4251515/avieslogo2.medium.jpg?1354124600", 
      "small": "https://s3.amazonaws.com/ksr/avatars/4251515/avieslogo2.small.jpg?1354124600", 
      "thumb": "https://s3.amazonaws.com/ksr/avatars/4251515/avieslogo2.thumb.jpg?1354124600"
    }, 
    "id": 623569705, 
    "name": "AVIES Tech", 
    "urls": {
      "api": {
        "user": "https://api.kickstarter.com/v1/users/623569705?signature=1405310226.102d3f4d3529b22f77822315295976c35953768a"
      }, 
      "web": {
        "user": "https://www.kickstarter.com/profile/623569705"
      }
    }
  }, 
  "currency": "USD", 
  "currency_symbol": "$", 
  "currency_trailing_code": true, 
  "deadline": 1365991200, 
  "disable_communication": false, 
  "goal": 1200.0, 
  "id": 1128598251, 
  "launched_at": 1363377741, 
  "location": {
    "country": "US", 
    "displayable_name": "Kansas City, MO", 
    "id": 2430683, 
    "name": "Kansas City", 
    "short_name": "Kansas City, MO", 
    "slug": "kansas-city-mo", 
    "state": "MO", 
    "urls": {
      "api": {
        "nearby_projects": "https://api.kickstarter.com/v1/discover?signature=1405283925.ac5cdf6d93b3453d7d0bdc4ef22088232aed407f&woe_id=2430683"
      }, 
      "web": {
        "discover": "https://www.kickstarter.com/discover/places/kansas-city-mo", 
        "location": "https://www.kickstarter.com/locations/kansas-city-mo"
      }
    }
  }, 
  "name": "Pi Pan RTP: An Affordable, Ready-To-Paint Raspberry Pi Case!", 
  "photo": {
    "1024x768": "https://s3.amazonaws.com/ksr/projects/488069/photo-1024x768.jpg?1397813365", 
    "1536x1152": "https://s3.amazonaws.com/ksr/projects/488069/photo-1536x1152.jpg?1397813365", 
    "ed": "https://s3.amazonaws.com/ksr/projects/488069/photo-ed.jpg?1397813365", 
    "full": "https://s3.amazonaws.com/ksr/projects/488069/photo-full.jpg?1397813365", 
    "little": "https://s3.amazonaws.com/ksr/projects/488069/photo-little.jpg?1397813365", 
    "med": "https://s3.amazonaws.com/ksr/projects/488069/photo-med.jpg?1397813365", 
    "small": "https://s3.amazonaws.com/ksr/projects/488069/photo-small.jpg?1397813365", 
    "thumb": "https://s3.amazonaws.com/ksr/projects/488069/photo-thumb.jpg?1397813365"
  }, 
  "pledged": 3776.0, 
  "slug": "pi-pan-rtp-an-affordable-ready-to-paint-raspberry", 
  "state": "successful", 
  "state_changed_at": 1365991232, 
  "urls": {
    "web": {
      "project": "https://www.kickstarter.com/projects/623569705/pi-pan-rtp-an-affordable-ready-to-paint-raspberry", 
      "rewards": "https://www.kickstarter.com/projects/623569705/pi-pan-rtp-an-affordable-ready-to-paint-raspberry/rewards"
    }
  }
}