{
  "backers_count": 10, 
  "blurb": "Sick of circling the block? Help us in building a community that will make parking worry-free and rewarding.", 
  "category": {
    "id": 332, 
    "name": "Apps", 
    "parent_id": 16, 
    "position": 2, 
    "slug": "technology/apps", 
    "urls": {
      "web": {
        "discover": "http://www.kickstarter.com/discover/categories/technology/apps"
      }
    }
  }, 
  "country": "US", 
  "created_at": 1382641780, 
  "creator": {
    "avatar": {
      "medium": "https://s3.amazonaws.com/ksr/avatars/8486031/photo.face.medium.jpg?1397578990", 
      "small": "https://s3.amazonaws.com/ksr/avatars/8486031/photo.face.small.jpg?1397578990", 
      "thumb": "https://s3.amazonaws.com/ksr/avatars/8486031/photo.face.thumb.jpg?1397578990"
    }, 
    "id": 816796494, 
    "name": "Kostas Terzidis", 
    "urls": {
      "api": {
        "user": "https://api.kickstarter.com/v1/users/816796494?signature=1405310459.cb5feba91eaca55fe2dcccc36112b537bc30a580"
      }, 
      "web": {
        "user": "https://www.kickstarter.com/profile/816796494"
      }
    }
  }, 
  "currency": "USD", 
  "currency_symbol": "$", 
  "currency_trailing_code": true, 
  "deadline": 1402263306, 
  "disable_communication": false, 
  "goal": 25000.0, 
  "id": 1128747754, 
  "launched_at": 1399671306, 
  "location": {
    "country": "US", 
    "displayable_name": "Cambridge, MA", 
    "id": 2373572, 
    "name": "Cambridge", 
    "short_name": "Cambridge, MA", 
    "slug": "cambridge-ma", 
    "state": "MA", 
    "urls": {
      "api": {
        "nearby_projects": "https://api.kickstarter.com/v1/discover?signature=1405283922.c0dd271ceb5aba7083828213cdf26b55c585ed31&woe_id=2373572"
      }, 
      "web": {
        "discover": "https://www.kickstarter.com/discover/places/cambridge-ma", 
        "location": "https://www.kickstarter.com/locations/cambridge-ma"
      }
    }
  }, 
  "name": "Organic Parking", 
  "photo": {
    "1024x768": "https://s3.amazonaws.com/ksr/projects/732743/photo-1024x768.jpg?1398894001", 
    "1536x1152": "https://s3.amazonaws.com/ksr/projects/732743/photo-1536x1152.jpg?1398894001", 
    "ed": "https://s3.amazonaws.com/ksr/projects/732743/photo-ed.jpg?1398894001", 
    "full": "https://s3.amazonaws.com/ksr/projects/732743/photo-full.jpg?1398894001", 
    "little": "https://s3.amazonaws.com/ksr/projects/732743/photo-little.jpg?1398894001", 
    "med": "https://s3.amazonaws.com/ksr/projects/732743/photo-med.jpg?1398894001", 
    "small": "https://s3.amazonaws.com/ksr/projects/732743/photo-small.jpg?1398894001", 
    "thumb": "https://s3.amazonaws.com/ksr/projects/732743/photo-thumb.jpg?1398894001"
  }, 
  "pledged": 2023.0, 
  "slug": "organic-parking", 
  "state": "failed", 
  "state_changed_at": 1402263306, 
  "urls": {
    "web": {
      "project": "https://www.kickstarter.com/projects/816796494/organic-parking", 
      "rewards": "https://www.kickstarter.com/projects/816796494/organic-parking/rewards"
    }
  }
}