{
  "backers_count": 30, 
  "blurb": "After a decade of fine tuning and a jolt of luck, we were recently granted a patent that will forever alter the green energy footprint.", 
  "category": {
    "id": 16, 
    "name": "Technology", 
    "position": 14, 
    "slug": "technology", 
    "urls": {
      "web": {
        "discover": "http://www.kickstarter.com/discover/categories/technology"
      }
    }
  }, 
  "country": "US", 
  "created_at": 1394733922, 
  "creator": {
    "avatar": {
      "medium": "https://s3.amazonaws.com/ksr/avatars/9834763/Hydrogine_G_Logo_Final.medium.jpg?1395881027", 
      "small": "https://s3.amazonaws.com/ksr/avatars/9834763/Hydrogine_G_Logo_Final.small.jpg?1395881027", 
      "thumb": "https://s3.amazonaws.com/ksr/avatars/9834763/Hydrogine_G_Logo_Final.thumb.jpg?1395881027"
    }, 
    "id": 281153993, 
    "name": "Hydrogine", 
    "slug": "hydrogine", 
    "urls": {
      "api": {
        "user": "https://api.kickstarter.com/v1/users/281153993?signature=1405310495.20fde4ca8214e01f389eb4cb633debc8bc6e7a6d"
      }, 
      "web": {
        "user": "https://www.kickstarter.com/profile/hydrogine"
      }
    }
  }, 
  "currency": "USD", 
  "currency_symbol": "$", 
  "currency_trailing_code": true, 
  "deadline": 1401829190, 
  "disable_communication": false, 
  "goal": 750000.0, 
  "id": 112839263, 
  "launched_at": 1399237190, 
  "location": {
    "country": "US", 
    "displayable_name": "Chicago, IL", 
    "id": 2379574, 
    "name": "Chicago", 
    "short_name": "Chicago, IL", 
    "slug": "chicago-il", 
    "state": "IL", 
    "urls": {
      "api": {
        "nearby_projects": "https://api.kickstarter.com/v1/discover?signature=1405283924.8f63700f7031fb64c1fc151929225a5757f1a64e&woe_id=2379574"
      }, 
      "web": {
        "discover": "https://www.kickstarter.com/discover/places/chicago-il", 
        "location": "https://www.kickstarter.com/locations/chicago-il"
      }
    }
  }, 
  "name": "Hydrogine: Powering Your Future", 
  "photo": {
    "1024x768": "https://s3.amazonaws.com/ksr/projects/907733/photo-1024x768.jpg?1397871836", 
    "1536x1152": "https://s3.amazonaws.com/ksr/projects/907733/photo-1536x1152.jpg?1397871836", 
    "ed": "https://s3.amazonaws.com/ksr/projects/907733/photo-ed.jpg?1397871836", 
    "full": "https://s3.amazonaws.com/ksr/projects/907733/photo-full.jpg?1397871836", 
    "little": "https://s3.amazonaws.com/ksr/projects/907733/photo-little.jpg?1397871836", 
    "med": "https://s3.amazonaws.com/ksr/projects/907733/photo-med.jpg?1397871836", 
    "small": "https://s3.amazonaws.com/ksr/projects/907733/photo-small.jpg?1397871836", 
    "thumb": "https://s3.amazonaws.com/ksr/projects/907733/photo-thumb.jpg?1397871836"
  }, 
  "pledged": 1107.0, 
  "slug": "hydrogine-powering-your-future", 
  "state": "failed", 
  "state_changed_at": 1401829213, 
  "urls": {
    "web": {
      "project": "https://www.kickstarter.com/projects/hydrogine/hydrogine-powering-your-future", 
      "rewards": "https://www.kickstarter.com/projects/hydrogine/hydrogine-powering-your-future/rewards"
    }
  }
}