{
  "backers_count": 3, 
  "blurb": "Taking a self shot picture with a full background and scenery is easy via Bluetooth.  Just Pose & Shot for iPhone 4/5 and Android.", 
  "category": {
    "id": 333, 
    "name": "Camera Equipment", 
    "parent_id": 16, 
    "position": 3, 
    "slug": "technology/camera equipment", 
    "urls": {
      "web": {
        "discover": "http://www.kickstarter.com/discover/categories/technology/camera%20equipment"
      }
    }
  }, 
  "country": "CA", 
  "created_at": 1379231375, 
  "creator": {
    "avatar": {
      "medium": "https://s3.amazonaws.com/ksr/avatars/8013672/AI_Logo_220_220.medium.jpg?1398426064", 
      "small": "https://s3.amazonaws.com/ksr/avatars/8013672/AI_Logo_220_220.small.jpg?1398426064", 
      "thumb": "https://s3.amazonaws.com/ksr/avatars/8013672/AI_Logo_220_220.thumb.jpg?1398426064"
    }, 
    "id": 1812941009, 
    "name": "Amazingidea Inc.", 
    "urls": {
      "api": {
        "user": "https://api.kickstarter.com/v1/users/1812941009?signature=1405310588.d9dc07d3e395ff4fd951bda8d14755dbdebc924a"
      }, 
      "web": {
        "user": "https://www.kickstarter.com/profile/1812941009"
      }
    }
  }, 
  "currency": "CAD", 
  "currency_symbol": "$", 
  "currency_trailing_code": true, 
  "deadline": 1391253366, 
  "disable_communication": false, 
  "goal": 15000.0, 
  "id": 1129056353, 
  "launched_at": 1386933366, 
  "location": {
    "country": "CA", 
    "displayable_name": "Toronto, Canada", 
    "id": 4118, 
    "name": "Toronto", 
    "short_name": "Toronto, Canada", 
    "slug": "toronto-on-ca", 
    "state": "ON", 
    "urls": {
      "api": {
        "nearby_projects": "https://api.kickstarter.com/v1/discover?signature=1405283922.d846628b5e3e23ac33c63f0d9923266125786c79&woe_id=4118"
      }, 
      "web": {
        "discover": "https://www.kickstarter.com/discover/places/toronto-on-ca", 
        "location": "https://www.kickstarter.com/locations/toronto-on-ca"
      }
    }
  }, 
  "name": "PoseShot - Wireless Camera Extender for iPhone & Samsung", 
  "photo": {
    "1024x768": "https://s3.amazonaws.com/ksr/projects/681842/photo-1024x768.jpg?1397834542", 
    "1536x1152": "https://s3.amazonaws.com/ksr/projects/681842/photo-1536x1152.jpg?1397834542", 
    "ed": "https://s3.amazonaws.com/ksr/projects/681842/photo-ed.jpg?1397834542", 
    "full": "https://s3.amazonaws.com/ksr/projects/681842/photo-full.jpg?1397834542", 
    "little": "https://s3.amazonaws.com/ksr/projects/681842/photo-little.jpg?1397834542", 
    "med": "https://s3.amazonaws.com/ksr/projects/681842/photo-med.jpg?1397834542", 
    "small": "https://s3.amazonaws.com/ksr/projects/681842/photo-small.jpg?1397834542", 
    "thumb": "https://s3.amazonaws.com/ksr/projects/681842/photo-thumb.jpg?1397834542"
  }, 
  "pledged": 177.0, 
  "slug": "poseshot-wireless-camera-extender-for-iphone-and-s", 
  "state": "canceled", 
  "state_changed_at": 1387134863, 
  "urls": {
    "web": {
      "project": "https://www.kickstarter.com/projects/1812941009/poseshot-wireless-camera-extender-for-iphone-and-s", 
      "rewards": "https://www.kickstarter.com/projects/1812941009/poseshot-wireless-camera-extender-for-iphone-and-s/rewards"
    }
  }
}