{
  "backers_count": 6, 
  "blurb": "The First iPhone Case with a Universally Adjustable Stand!  So Lightweight and Convenient You Can Take It Anywhere.", 
  "category": {
    "id": 52, 
    "name": "Hardware", 
    "parent_id": 16, 
    "position": 8, 
    "slug": "technology/hardware", 
    "urls": {
      "web": {
        "discover": "http://www.kickstarter.com/discover/categories/technology/hardware"
      }
    }
  }, 
  "country": "US", 
  "created_at": 1371761612, 
  "creator": {
    "avatar": {
      "medium": "https://s3.amazonaws.com/ksr/avatars/554958/VDI.medium.jpg?1383446619", 
      "small": "https://s3.amazonaws.com/ksr/avatars/554958/VDI.small.jpg?1383446619", 
      "thumb": "https://s3.amazonaws.com/ksr/avatars/554958/VDI.thumb.jpg?1383446619"
    }, 
    "id": 1066580022, 
    "name": "Vector Device Inc.", 
    "urls": {
      "api": {
        "user": "https://api.kickstarter.com/v1/users/1066580022?signature=1405310601.7e48c27acfa83ab1bbd340cb621829a4c992bb4f"
      }, 
      "web": {
        "user": "https://www.kickstarter.com/profile/1066580022"
      }
    }
  }, 
  "currency": "USD", 
  "currency_symbol": "$", 
  "currency_trailing_code": true, 
  "deadline": 1386960469, 
  "disable_communication": false, 
  "goal": 29000.0, 
  "id": 1129030376, 
  "launched_at": 1384368469, 
  "location": {
    "country": "US", 
    "displayable_name": "Rolling Hills Estates, CA", 
    "id": 2484121, 
    "name": "Rolling Hills Estates", 
    "short_name": "Rolling Hills Estates, CA", 
    "slug": "rolling-hills-estates-ca", 
    "state": "CA", 
    "urls": {
      "api": {
        "nearby_projects": "https://api.kickstarter.com/v1/discover?signature=1405287248.8d524d766a319701095f29b5e7e7cb80ace924f7&woe_id=2484121"
      }, 
      "web": {
        "discover": "https://www.kickstarter.com/discover/places/rolling-hills-estates-ca", 
        "location": "https://www.kickstarter.com/locations/rolling-hills-estates-ca"
      }
    }
  }, 
  "name": "QuickStand - All-in-One Case with Built-in Stand for iPhones", 
  "photo": {
    "1024x768": "https://s3.amazonaws.com/ksr/projects/595923/photo-1024x768.jpg?1397824836", 
    "1536x1152": "https://s3.amazonaws.com/ksr/projects/595923/photo-1536x1152.jpg?1397824836", 
    "ed": "https://s3.amazonaws.com/ksr/projects/595923/photo-ed.jpg?1397824836", 
    "full": "https://s3.amazonaws.com/ksr/projects/595923/photo-full.jpg?1397824836", 
    "little": "https://s3.amazonaws.com/ksr/projects/595923/photo-little.jpg?1397824836", 
    "med": "https://s3.amazonaws.com/ksr/projects/595923/photo-med.jpg?1397824836", 
    "small": "https://s3.amazonaws.com/ksr/projects/595923/photo-small.jpg?1397824836", 
    "thumb": "https://s3.amazonaws.com/ksr/projects/595923/photo-thumb.jpg?1397824836"
  }, 
  "pledged": 125.0, 
  "slug": "quickstand-mobile-tripod-stand-case-iphone-4s-5-5s", 
  "state": "canceled", 
  "state_changed_at": 1386213213, 
  "urls": {
    "web": {
      "project": "https://www.kickstarter.com/projects/1066580022/quickstand-mobile-tripod-stand-case-iphone-4s-5-5s", 
      "rewards": "https://www.kickstarter.com/projects/1066580022/quickstand-mobile-tripod-stand-case-iphone-4s-5-5s/rewards"
    }
  }
}