{
  "backers_count": 2, 
  "blurb": "Real-time YouTube converter featuring instant search and video -> mp3 converting. Listen to your favorite channels offline!", 
  "category": {
    "id": 16, 
    "name": "Technology", 
    "position": 14, 
    "slug": "technology", 
    "urls": {
      "web": {
        "discover": "http://www.kickstarter.com/discover/categories/technology"
      }
    }
  }, 
  "country": "US", 
  "created_at": 1312222753, 
  "creator": {
    "avatar": {
      "medium": "https://s3.amazonaws.com/ksr/avatars/854282/profile.medium.jpg?1343662445", 
      "small": "https://s3.amazonaws.com/ksr/avatars/854282/profile.small.jpg?1343662445", 
      "thumb": "https://s3.amazonaws.com/ksr/avatars/854282/profile.thumb.jpg?1343662445"
    }, 
    "id": 959337268, 
    "name": "Mark Fayngersh", 
    "slug": "marfay", 
    "urls": {
      "api": {
        "user": "https://api.kickstarter.com/v1/users/959337268?signature=1405310647.d83905af1437f0f6b3126a015b6979411c3852e6"
      }, 
      "web": {
        "user": "https://www.kickstarter.com/profile/marfay"
      }
    }
  }, 
  "currency": "USD", 
  "currency_symbol": "$", 
  "currency_trailing_code": true, 
  "deadline": 1314819259, 
  "disable_communication": false, 
  "goal": 2500.0, 
  "id": 112996405, 
  "launched_at": 1312227259, 
  "location": {
    "country": "US", 
    "displayable_name": "Cambridge, MA", 
    "id": 2373572, 
    "name": "Cambridge", 
    "short_name": "Cambridge, MA", 
    "slug": "cambridge-ma", 
    "state": "MA", 
    "urls": {
      "api": {
        "nearby_projects": "https://api.kickstarter.com/v1/discover?signature=1405283922.c0dd271ceb5aba7083828213cdf26b55c585ed31&woe_id=2373572"
      }, 
      "web": {
        "discover": "https://www.kickstarter.com/discover/places/cambridge-ma", 
        "location": "https://www.kickstarter.com/locations/cambridge-ma"
      }
    }
  }, 
  "name": "Real-time YouTube Converter", 
  "photo": {
    "1024x768": "https://s3.amazonaws.com/ksr/projects/44079/photo-1024x768.jpg?1397765151", 
    "1536x1152": "https://s3.amazonaws.com/ksr/projects/44079/photo-1536x1152.jpg?1397765151", 
    "ed": "https://s3.amazonaws.com/ksr/projects/44079/photo-ed.jpg?1397765151", 
    "full": "https://s3.amazonaws.com/ksr/projects/44079/photo-full.jpg?1397765151", 
    "little": "https://s3.amazonaws.com/ksr/projects/44079/photo-little.jpg?1397765151", 
    "med": "https://s3.amazonaws.com/ksr/projects/44079/photo-med.jpg?1397765151", 
    "small": "https://s3.amazonaws.com/ksr/projects/44079/photo-small.jpg?1397765151", 
    "thumb": "https://s3.amazonaws.com/ksr/projects/44079/photo-thumb.jpg?1397765151"
  }, 
  "pledged": 20.0, 
  "slug": "real-time-youtube-converter", 
  "state": "failed", 
  "state_changed_at": 1314819259, 
  "urls": {
    "web": {
      "project": "https://www.kickstarter.com/projects/marfay/real-time-youtube-converter", 
      "rewards": "https://www.kickstarter.com/projects/marfay/real-time-youtube-converter/rewards"
    }
  }
}