{
  "backers_count": 3, 
  "blurb": "AN AUTOMATED KIOSK THAT LASER ENGRAVES A PERSONALIZED MESSAGE ON A SOUVENIR BAT!", 
  "category": {
    "id": 16, 
    "name": "Technology", 
    "position": 14, 
    "slug": "technology", 
    "urls": {
      "web": {
        "discover": "http://www.kickstarter.com/discover/categories/technology"
      }
    }
  }, 
  "country": "US", 
  "created_at": 1338476583, 
  "creator": {
    "avatar": {
      "medium": "https://s3.amazonaws.com/ksr/avatars/2939243/mao.medium.jpg?1388955799", 
      "small": "https://s3.amazonaws.com/ksr/avatars/2939243/mao.small.jpg?1388955799", 
      "thumb": "https://s3.amazonaws.com/ksr/avatars/2939243/mao.thumb.jpg?1388955799"
    }, 
    "id": 840409957, 
    "name": "MARTIN OTOOLE", 
    "urls": {
      "api": {
        "user": "https://api.kickstarter.com/v1/users/840409957?signature=1405310459.25c125e30b20a2761041d23e9ddeab9719020959"
      }, 
      "web": {
        "user": "https://www.kickstarter.com/profile/840409957"
      }
    }
  }, 
  "currency": "USD", 
  "currency_symbol": "$", 
  "currency_trailing_code": true, 
  "deadline": 1404346463, 
  "disable_communication": false, 
  "goal": 24000.0, 
  "id": 1130928946, 
  "launched_at": 1401754463, 
  "location": {
    "country": "US", 
    "displayable_name": "Doylestown, PA", 
    "id": 2393519, 
    "name": "Doylestown", 
    "short_name": "Doylestown, PA", 
    "slug": "doylestown-pa", 
    "state": "PA", 
    "urls": {
      "api": {
        "nearby_projects": "https://api.kickstarter.com/v1/discover?signature=1405284000.0c255169bacd654d2b80173429d7299d8c243dcf&woe_id=2393519"
      }, 
      "web": {
        "discover": "https://www.kickstarter.com/discover/places/doylestown-pa", 
        "location": "https://www.kickstarter.com/locations/doylestown-pa"
      }
    }
  }, 
  "name": "AUTOMATED BAT ENGRAVING KIOSK", 
  "photo": {
    "1024x768": "https://s3.amazonaws.com/ksr/projects/204171/photo-1024x768.jpg?1397784475", 
    "1536x1152": "https://s3.amazonaws.com/ksr/projects/204171/photo-1536x1152.jpg?1397784475", 
    "ed": "https://s3.amazonaws.com/ksr/projects/204171/photo-ed.jpg?1397784475", 
    "full": "https://s3.amazonaws.com/ksr/projects/204171/photo-full.jpg?1397784475", 
    "little": "https://s3.amazonaws.com/ksr/projects/204171/photo-little.jpg?1397784475", 
    "med": "https://s3.amazonaws.com/ksr/projects/204171/photo-med.jpg?1397784475", 
    "small": "https://s3.amazonaws.com/ksr/projects/204171/photo-small.jpg?1397784475", 
    "thumb": "https://s3.amazonaws.com/ksr/projects/204171/photo-thumb.jpg?1397784475"
  }, 
  "pledged": 2035.0, 
  "slug": "automated-bat-engraving-kiosk", 
  "state": "failed", 
  "state_changed_at": 1404346513, 
  "urls": {
    "web": {
      "project": "https://www.kickstarter.com/projects/840409957/automated-bat-engraving-kiosk", 
      "rewards": "https://www.kickstarter.com/projects/840409957/automated-bat-engraving-kiosk/rewards"
    }
  }
}