{
  "backers_count": 0, 
  "blurb": "Cheebot is designed as a viable alternative to rapid wheeled locomotion in rough terrain by replicating the efficient structure of a real cheetah.", 
  "category": {
    "id": 52, 
    "name": "Hardware", 
    "parent_id": 16, 
    "position": 8, 
    "slug": "technology/hardware", 
    "urls": {
      "web": {
        "discover": "http://www.kickstarter.com/discover/categories/technology/hardware"
      }
    }
  }, 
  "country": "US", 
  "created_at": 1273855626, 
  "creator": {
    "avatar": {
      "medium": "https://s3.amazonaws.com/ksr/avatars/136012/dshope_blue.medium.jpg?1288678195", 
      "small": "https://s3.amazonaws.com/ksr/avatars/136012/dshope_blue.small.jpg?1288678195", 
      "thumb": "https://s3.amazonaws.com/ksr/avatars/136012/dshope_blue.thumb.jpg?1288678195"
    }, 
    "id": 2020974080, 
    "name": "dshope", 
    "slug": "danshope", 
    "urls": {
      "api": {
        "user": "https://api.kickstarter.com/v1/users/2020974080?signature=1405310693.9de932fb47ed12ab07233ce56a88a6eb9af97467"
      }, 
      "web": {
        "user": "https://www.kickstarter.com/profile/danshope"
      }
    }
  }, 
  "currency": "USD", 
  "currency_symbol": "$", 
  "currency_trailing_code": true, 
  "deadline": 1277956740, 
  "disable_communication": false, 
  "goal": 2200.0, 
  "id": 1130933438, 
  "launched_at": 1273858856, 
  "location": {
    "country": "US", 
    "displayable_name": "Pittsburgh, PA", 
    "id": 2473224, 
    "name": "Pittsburgh", 
    "short_name": "Pittsburgh, PA", 
    "slug": "pittsburgh-pa", 
    "state": "PA", 
    "urls": {
      "api": {
        "nearby_projects": "https://api.kickstarter.com/v1/discover?signature=1405283923.899172f460363dff4c930b0e2b2d5a0cdf2e5845&woe_id=2473224"
      }, 
      "web": {
        "discover": "https://www.kickstarter.com/discover/places/pittsburgh-pa", 
        "location": "https://www.kickstarter.com/locations/pittsburgh-pa"
      }
    }
  }, 
  "name": "Cheebot: the Efficient and Rapid Robotic Cheetah", 
  "photo": {
    "1024x768": "https://s3.amazonaws.com/ksr/projects/6002/photo-1024x768.jpg?1397755824", 
    "1536x1152": "https://s3.amazonaws.com/ksr/projects/6002/photo-1536x1152.jpg?1397755824", 
    "ed": "https://s3.amazonaws.com/ksr/projects/6002/photo-ed.jpg?1397755824", 
    "full": "https://s3.amazonaws.com/ksr/projects/6002/photo-full.jpg?1397755824", 
    "little": "https://s3.amazonaws.com/ksr/projects/6002/photo-little.jpg?1397755824", 
    "med": "https://s3.amazonaws.com/ksr/projects/6002/photo-med.jpg?1397755824", 
    "small": "https://s3.amazonaws.com/ksr/projects/6002/photo-small.jpg?1397755824", 
    "thumb": "https://s3.amazonaws.com/ksr/projects/6002/photo-thumb.jpg?1397755824"
  }, 
  "pledged": 0.0, 
  "slug": "cheebot-the-efficient-and-rapid-robotic-cheetah", 
  "state": "failed", 
  "state_changed_at": 1277956832, 
  "urls": {
    "web": {
      "project": "https://www.kickstarter.com/projects/danshope/cheebot-the-efficient-and-rapid-robotic-cheetah", 
      "rewards": "https://www.kickstarter.com/projects/danshope/cheebot-the-efficient-and-rapid-robotic-cheetah/rewards"
    }
  }
}