{
  "backers_count": 5, 
  "blurb": "An easy-to-use image processing app for Windows/OSX/Linux with video tutorials on writing your own new effects in Java.", 
  "category": {
    "id": 51, 
    "name": "Software", 
    "parent_id": 16, 
    "position": 11, 
    "slug": "technology/software", 
    "urls": {
      "web": {
        "discover": "http://www.kickstarter.com/discover/categories/technology/software"
      }
    }
  }, 
  "country": "US", 
  "created_at": 1344996103, 
  "creator": {
    "avatar": {
      "medium": "https://s3.amazonaws.com/ksr/avatars/3488523/Screen%20Shot%202012-08-28%20at%209.16.57%20AM.medium.jpg?1346170639", 
      "small": "https://s3.amazonaws.com/ksr/avatars/3488523/Screen%20Shot%202012-08-28%20at%209.16.57%20AM.small.jpg?1346170639", 
      "thumb": "https://s3.amazonaws.com/ksr/avatars/3488523/Screen%20Shot%202012-08-28%20at%209.16.57%20AM.thumb.jpg?1346170639"
    }, 
    "id": 1934829102, 
    "name": "Tony Kay", 
    "urls": {
      "api": {
        "user": "https://api.kickstarter.com/v1/users/1934829102?signature=1405310632.9c01f077df57044562576e7e85c3a256ab8910da"
      }, 
      "web": {
        "user": "https://www.kickstarter.com/profile/1934829102"
      }
    }
  }, 
  "currency": "USD", 
  "currency_symbol": "$", 
  "currency_trailing_code": true, 
  "deadline": 1349406834, 
  "disable_communication": false, 
  "goal": 4400.0, 
  "id": 1130892086, 
  "launched_at": 1346814834, 
  "location": {
    "country": "US", 
    "displayable_name": "Langley, WA", 
    "id": 2436358, 
    "name": "Langley", 
    "short_name": "Langley, WA", 
    "slug": "langley-wa", 
    "state": "WA", 
    "urls": {
      "api": {
        "nearby_projects": "https://api.kickstarter.com/v1/discover?signature=1405286540.dec78a4f8659ba2d5cbd852c6179974960bd00a2&woe_id=2436358"
      }, 
      "web": {
        "discover": "https://www.kickstarter.com/discover/places/langley-wa", 
        "location": "https://www.kickstarter.com/locations/langley-wa"
      }
    }
  }, 
  "name": "Color Pop for Windows/OSX/Linux and Java Imaging Tutorials", 
  "photo": {
    "1024x768": "https://s3.amazonaws.com/ksr/projects/296101/photo-1024x768.jpg?1397793637", 
    "1536x1152": "https://s3.amazonaws.com/ksr/projects/296101/photo-1536x1152.jpg?1397793637", 
    "ed": "https://s3.amazonaws.com/ksr/projects/296101/photo-ed.jpg?1397793637", 
    "full": "https://s3.amazonaws.com/ksr/projects/296101/photo-full.jpg?1397793637", 
    "little": "https://s3.amazonaws.com/ksr/projects/296101/photo-little.jpg?1397793637", 
    "med": "https://s3.amazonaws.com/ksr/projects/296101/photo-med.jpg?1397793637", 
    "small": "https://s3.amazonaws.com/ksr/projects/296101/photo-small.jpg?1397793637", 
    "thumb": "https://s3.amazonaws.com/ksr/projects/296101/photo-thumb.jpg?1397793637"
  }, 
  "pledged": 43.0, 
  "slug": "color-pop-and-java-imaging-tutorials", 
  "state": "failed", 
  "state_changed_at": 1349406834, 
  "urls": {
    "web": {
      "project": "https://www.kickstarter.com/projects/1934829102/color-pop-and-java-imaging-tutorials", 
      "rewards": "https://www.kickstarter.com/projects/1934829102/color-pop-and-java-imaging-tutorials/rewards"
    }
  }
}