{
  "backers_count": 177, 
  "blurb": "The Guardian is a wireless router with a powerful and easy to use management app. Together they form something truly unique.", 
  "category": {
    "id": 52, 
    "name": "Hardware", 
    "parent_id": 16, 
    "position": 8, 
    "slug": "technology/hardware", 
    "urls": {
      "web": {
        "discover": "http://www.kickstarter.com/discover/categories/technology/hardware"
      }
    }
  }, 
  "country": "US", 
  "created_at": 1358317516, 
  "creator": {
    "avatar": {
      "medium": "https://www.kickstarter.com/assets/users/missing_medium.png", 
      "small": "https://www.kickstarter.com/assets/users/missing_small.png", 
      "thumb": "https://www.kickstarter.com/assets/users/missing_thumb.png"
    }, 
    "id": 2072915402, 
    "name": "Router Research", 
    "slug": "router-research", 
    "urls": {
      "api": {
        "user": "https://api.kickstarter.com/v1/users/2072915402?signature=1405310339.35da08335f986ea091fb7bd15b3b9df711c92de1"
      }, 
      "web": {
        "user": "https://www.kickstarter.com/profile/router-research"
      }
    }
  }, 
  "currency": "USD", 
  "currency_symbol": "$", 
  "currency_trailing_code": true, 
  "deadline": 1366608551, 
  "disable_communication": false, 
  "goal": 358000.0, 
  "id": 113196504, 
  "launched_at": 1361428151, 
  "location": {
    "country": "US", 
    "displayable_name": "Irvine, CA", 
    "id": 2427665, 
    "name": "Irvine", 
    "short_name": "Irvine, CA", 
    "slug": "irvine-ca", 
    "state": "CA", 
    "urls": {
      "api": {
        "nearby_projects": "https://api.kickstarter.com/v1/discover?signature=1405283929.4ef148186a8f6eec37341b7169ef0c0c2ff49744&woe_id=2427665"
      }, 
      "web": {
        "discover": "https://www.kickstarter.com/discover/places/irvine-ca", 
        "location": "https://www.kickstarter.com/locations/irvine-ca"
      }
    }
  }, 
  "name": "Guardian: Bringing Control Back to the Internet.", 
  "photo": {
    "1024x768": "https://s3.amazonaws.com/ksr/projects/436330/photo-1024x768.jpg?1397807842", 
    "1536x1152": "https://s3.amazonaws.com/ksr/projects/436330/photo-1536x1152.jpg?1397807842", 
    "ed": "https://s3.amazonaws.com/ksr/projects/436330/photo-ed.jpg?1397807842", 
    "full": "https://s3.amazonaws.com/ksr/projects/436330/photo-full.jpg?1397807842", 
    "little": "https://s3.amazonaws.com/ksr/projects/436330/photo-little.jpg?1397807842", 
    "med": "https://s3.amazonaws.com/ksr/projects/436330/photo-med.jpg?1397807842", 
    "small": "https://s3.amazonaws.com/ksr/projects/436330/photo-small.jpg?1397807842", 
    "thumb": "https://s3.amazonaws.com/ksr/projects/436330/photo-thumb.jpg?1397807842"
  }, 
  "pledged": 43320.0, 
  "slug": "guardian-bringing-control-back-to-your-network", 
  "state": "failed", 
  "state_changed_at": 1366608553, 
  "urls": {
    "web": {
      "project": "https://www.kickstarter.com/projects/router-research/guardian-bringing-control-back-to-your-network", 
      "rewards": "https://www.kickstarter.com/projects/router-research/guardian-bringing-control-back-to-your-network/rewards"
    }
  }
}