{
  "backers_count": 52, 
  "blurb": "Titan delivers an incredibly strong, durable, light weight paddle for the Paddleboarding enthusiast.", 
  "category": {
    "id": 16, 
    "name": "Technology", 
    "position": 14, 
    "slug": "technology", 
    "urls": {
      "web": {
        "discover": "http://www.kickstarter.com/discover/categories/technology"
      }
    }
  }, 
  "country": "US", 
  "created_at": 1389291602, 
  "creator": {
    "avatar": {
      "medium": "https://s3.amazonaws.com/ksr/avatars/9238651/IMG_0381.medium.jpg?1389551909", 
      "small": "https://s3.amazonaws.com/ksr/avatars/9238651/IMG_0381.small.jpg?1389551909", 
      "thumb": "https://s3.amazonaws.com/ksr/avatars/9238651/IMG_0381.thumb.jpg?1389551909"
    }, 
    "id": 43108923, 
    "name": "Toby Grimes", 
    "urls": {
      "api": {
        "user": "https://api.kickstarter.com/v1/users/43108923?signature=1405310419.61180b872558c486afa0395264f3583c007c7a19"
      }, 
      "web": {
        "user": "https://www.kickstarter.com/profile/43108923"
      }
    }
  }, 
  "currency": "USD", 
  "currency_symbol": "$", 
  "currency_trailing_code": true, 
  "deadline": 1397781790, 
  "disable_communication": false, 
  "goal": 40000.0, 
  "id": 1131550782, 
  "launched_at": 1393897390, 
  "location": {
    "country": "US", 
    "displayable_name": "Miami, FL", 
    "id": 2450022, 
    "name": "Miami", 
    "short_name": "Miami, FL", 
    "slug": "miami-fl", 
    "state": "FL", 
    "urls": {
      "api": {
        "nearby_projects": "https://api.kickstarter.com/v1/discover?signature=1405283924.e559daa364b95f13046d390b309db8c54747260d&woe_id=2450022"
      }, 
      "web": {
        "discover": "https://www.kickstarter.com/discover/places/miami-fl", 
        "location": "https://www.kickstarter.com/locations/miami-fl"
      }
    }
  }, 
  "name": "Titan - The Ultimate SUP Paddle", 
  "photo": {
    "1024x768": "https://s3.amazonaws.com/ksr/projects/823436/photo-1024x768.jpg?1397863081", 
    "1536x1152": "https://s3.amazonaws.com/ksr/projects/823436/photo-1536x1152.jpg?1397863081", 
    "ed": "https://s3.amazonaws.com/ksr/projects/823436/photo-ed.jpg?1397863081", 
    "full": "https://s3.amazonaws.com/ksr/projects/823436/photo-full.jpg?1397863081", 
    "little": "https://s3.amazonaws.com/ksr/projects/823436/photo-little.jpg?1397863081", 
    "med": "https://s3.amazonaws.com/ksr/projects/823436/photo-med.jpg?1397863081", 
    "small": "https://s3.amazonaws.com/ksr/projects/823436/photo-small.jpg?1397863081", 
    "thumb": "https://s3.amazonaws.com/ksr/projects/823436/photo-thumb.jpg?1397863081"
  }, 
  "pledged": 3480.0, 
  "slug": "titan-the-ultimate-sup-paddle", 
  "state": "failed", 
  "state_changed_at": 1397781791, 
  "urls": {
    "web": {
      "project": "https://www.kickstarter.com/projects/43108923/titan-the-ultimate-sup-paddle", 
      "rewards": "https://www.kickstarter.com/projects/43108923/titan-the-ultimate-sup-paddle/rewards"
    }
  }
}