{
  "backers_count": 42, 
  "blurb": "PowerBarr lets you charge your mobile devices using solar energy, without plugging into the wall. Help make it accessible today!", 
  "category": {
    "id": 52, 
    "name": "Hardware", 
    "parent_id": 16, 
    "position": 8, 
    "slug": "technology/hardware", 
    "urls": {
      "web": {
        "discover": "http://www.kickstarter.com/discover/categories/technology/hardware"
      }
    }
  }, 
  "country": "CA", 
  "created_at": 1375816088, 
  "creator": {
    "avatar": {
      "medium": "https://s3.amazonaws.com/ksr/avatars/7567726/team_pic_square.medium.jpg?1381938772", 
      "small": "https://s3.amazonaws.com/ksr/avatars/7567726/team_pic_square.small.jpg?1381938772", 
      "thumb": "https://s3.amazonaws.com/ksr/avatars/7567726/team_pic_square.thumb.jpg?1381938772"
    }, 
    "id": 1328950145, 
    "name": "Connecting the World through Solar", 
    "slug": "powerbarr", 
    "urls": {
      "api": {
        "user": "https://api.kickstarter.com/v1/users/1328950145?signature=1405310210.8a63f75beef47c96b87e8b5b91345a99bc2bbb48"
      }, 
      "web": {
        "user": "https://www.kickstarter.com/profile/powerbarr"
      }
    }
  }, 
  "currency": "CAD", 
  "currency_symbol": "$", 
  "currency_trailing_code": true, 
  "deadline": 1389901881, 
  "disable_communication": false, 
  "goal": 7000.0, 
  "id": 1131723909, 
  "launched_at": 1386013881, 
  "location": {
    "country": "CA", 
    "displayable_name": "Downtown Toronto, Canada", 
    "id": 55855612, 
    "name": "Downtown Toronto", 
    "short_name": "Downtown Toronto, Canada", 
    "slug": "downtown-toronto-toronto-ca", 
    "state": "ON", 
    "urls": {
      "api": {
        "nearby_projects": "https://api.kickstarter.com/v1/discover?signature=1405283926.08f7ea630a37531aa749ba3dfb1b24a53475dec9&woe_id=55855612"
      }, 
      "web": {
        "discover": "https://www.kickstarter.com/discover/places/downtown-toronto-toronto-ca", 
        "location": "https://www.kickstarter.com/locations/downtown-toronto-toronto-ca"
      }
    }
  }, 
  "name": "PowerBarr Solar Phone Charger", 
  "photo": {
    "1024x768": "https://s3.amazonaws.com/ksr/projects/641369/photo-1024x768.jpg?1397829865", 
    "1536x1152": "https://s3.amazonaws.com/ksr/projects/641369/photo-1536x1152.jpg?1397829865", 
    "ed": "https://s3.amazonaws.com/ksr/projects/641369/photo-ed.jpg?1397829865", 
    "full": "https://s3.amazonaws.com/ksr/projects/641369/photo-full.jpg?1397829865", 
    "little": "https://s3.amazonaws.com/ksr/projects/641369/photo-little.jpg?1397829865", 
    "med": "https://s3.amazonaws.com/ksr/projects/641369/photo-med.jpg?1397829865", 
    "small": "https://s3.amazonaws.com/ksr/projects/641369/photo-small.jpg?1397829865", 
    "thumb": "https://s3.amazonaws.com/ksr/projects/641369/photo-thumb.jpg?1397829865"
  }, 
  "pledged": 7058.0, 
  "slug": "power-up-easily-efficiently-and-sustainably-with-p", 
  "state": "successful", 
  "state_changed_at": 1389901881, 
  "urls": {
    "web": {
      "project": "https://www.kickstarter.com/projects/powerbarr/power-up-easily-efficiently-and-sustainably-with-p", 
      "rewards": "https://www.kickstarter.com/projects/powerbarr/power-up-easily-efficiently-and-sustainably-with-p/rewards"
    }
  }
}