{
  "backers_count": 189, 
  "blurb": "A fork of the ground breaking Kossel 3D Printer, with all 3D Printed parts injection molded for ease of assembly and cost reduction.", 
  "category": {
    "id": 52, 
    "name": "Hardware", 
    "parent_id": 16, 
    "position": 8, 
    "slug": "technology/hardware", 
    "urls": {
      "web": {
        "discover": "http://www.kickstarter.com/discover/categories/technology/hardware"
      }
    }
  }, 
  "country": "US", 
  "created_at": 1351584690, 
  "creator": {
    "avatar": {
      "medium": "https://s3.amazonaws.com/ksr/avatars/483968/Terence_Headshot.medium.jpg?1333158273", 
      "small": "https://s3.amazonaws.com/ksr/avatars/483968/Terence_Headshot.small.jpg?1333158273", 
      "thumb": "https://s3.amazonaws.com/ksr/avatars/483968/Terence_Headshot.thumb.jpg?1333158273"
    }, 
    "id": 705737926, 
    "name": "Terence Tam", 
    "slug": "ttstam", 
    "urls": {
      "api": {
        "user": "https://api.kickstarter.com/v1/users/705737926?signature=1405310088.220acd5b6abe8f2b5b48cc0a69f0e914fb84ce94"
      }, 
      "web": {
        "user": "https://www.kickstarter.com/profile/ttstam"
      }
    }
  }, 
  "currency": "USD", 
  "currency_symbol": "$", 
  "currency_trailing_code": true, 
  "deadline": 1372629600, 
  "disable_communication": false, 
  "goal": 60000.0, 
  "id": 1131031012, 
  "launched_at": 1368824543, 
  "location": {
    "country": "US", 
    "displayable_name": "Seattle, WA", 
    "id": 2490383, 
    "name": "Seattle", 
    "short_name": "Seattle, WA", 
    "slug": "seattle-wa", 
    "state": "WA", 
    "urls": {
      "api": {
        "nearby_projects": "https://api.kickstarter.com/v1/discover?signature=1405283923.67c73dbf9dca0017ef5760ce9a5b28f4ece59887&woe_id=2490383"
      }, 
      "web": {
        "discover": "https://www.kickstarter.com/discover/places/seattle-wa", 
        "location": "https://www.kickstarter.com/locations/seattle-wa"
      }
    }
  }, 
  "name": "OpenBeam Kossel Pro - A new type of 3D Printer", 
  "photo": {
    "1024x768": "https://s3.amazonaws.com/ksr/projects/379000/photo-1024x768.jpg?1397801700", 
    "1536x1152": "https://s3.amazonaws.com/ksr/projects/379000/photo-1536x1152.jpg?1397801700", 
    "ed": "https://s3.amazonaws.com/ksr/projects/379000/photo-ed.jpg?1397801700", 
    "full": "https://s3.amazonaws.com/ksr/projects/379000/photo-full.jpg?1397801700", 
    "little": "https://s3.amazonaws.com/ksr/projects/379000/photo-little.jpg?1397801700", 
    "med": "https://s3.amazonaws.com/ksr/projects/379000/photo-med.jpg?1397801700", 
    "small": "https://s3.amazonaws.com/ksr/projects/379000/photo-small.jpg?1397801700", 
    "thumb": "https://s3.amazonaws.com/ksr/projects/379000/photo-thumb.jpg?1397801700"
  }, 
  "pledged": 122016.0, 
  "slug": "openbeam-kossel-pro-a-new-type-of-3d-printer", 
  "state": "successful", 
  "state_changed_at": 1372629633, 
  "urls": {
    "web": {
      "project": "https://www.kickstarter.com/projects/ttstam/openbeam-kossel-pro-a-new-type-of-3d-printer", 
      "rewards": "https://www.kickstarter.com/projects/ttstam/openbeam-kossel-pro-a-new-type-of-3d-printer/rewards"
    }
  }
}