{
  "backers_count": 1251, 
  "blurb": "The low-cost, open source, easy to use 3D printer we've all been waiting for. Help bring your ideas to life, one layer at a time.", 
  "category": {
    "id": 16, 
    "name": "Technology", 
    "position": 14, 
    "slug": "technology", 
    "urls": {
      "web": {
        "discover": "http://www.kickstarter.com/discover/categories/technology"
      }
    }
  }, 
  "country": "US", 
  "created_at": 1352230990, 
  "creator": {
    "avatar": {
      "medium": "https://s3.amazonaws.com/ksr/avatars/4583598/picstitch_(2).medium.jpg?1355174986", 
      "small": "https://s3.amazonaws.com/ksr/avatars/4583598/picstitch_(2).small.jpg?1355174986", 
      "thumb": "https://s3.amazonaws.com/ksr/avatars/4583598/picstitch_(2).thumb.jpg?1355174986"
    }, 
    "id": 1682938109, 
    "name": "RoBo 3D Printer", 
    "urls": {
      "api": {
        "user": "https://api.kickstarter.com/v1/users/1682938109?signature=1405309983.18c3e81c69246362ab4bd9597955251d3eb4f1c8"
      }, 
      "web": {
        "user": "https://www.kickstarter.com/profile/1682938109"
      }
    }
  }, 
  "currency": "USD", 
  "currency_symbol": "$", 
  "currency_trailing_code": true, 
  "deadline": 1359762147, 
  "disable_communication": false, 
  "goal": 49000.0, 
  "id": 1131115667, 
  "launched_at": 1355874147, 
  "location": {
    "country": "US", 
    "displayable_name": "San Diego, CA", 
    "id": 2487889, 
    "name": "San Diego", 
    "short_name": "San Diego, CA", 
    "slug": "san-diego-ca", 
    "state": "CA", 
    "urls": {
      "api": {
        "nearby_projects": "https://api.kickstarter.com/v1/discover?signature=1405283922.e0c8fea4757a0700693c6258522a3f528769b7ae&woe_id=2487889"
      }, 
      "web": {
        "discover": "https://www.kickstarter.com/discover/places/san-diego-ca", 
        "location": "https://www.kickstarter.com/locations/san-diego-ca"
      }
    }
  }, 
  "name": "RoBo 3D Printer", 
  "photo": {
    "1024x768": "https://s3.amazonaws.com/ksr/projects/385408/photo-1024x768.jpg?1397802369", 
    "1536x1152": "https://s3.amazonaws.com/ksr/projects/385408/photo-1536x1152.jpg?1397802369", 
    "ed": "https://s3.amazonaws.com/ksr/projects/385408/photo-ed.jpg?1397802369", 
    "full": "https://s3.amazonaws.com/ksr/projects/385408/photo-full.jpg?1397802369", 
    "little": "https://s3.amazonaws.com/ksr/projects/385408/photo-little.jpg?1397802369", 
    "med": "https://s3.amazonaws.com/ksr/projects/385408/photo-med.jpg?1397802369", 
    "small": "https://s3.amazonaws.com/ksr/projects/385408/photo-small.jpg?1397802369", 
    "thumb": "https://s3.amazonaws.com/ksr/projects/385408/photo-thumb.jpg?1397802369"
  }, 
  "pledged": 649663.07, 
  "slug": "robo-3d-printer", 
  "state": "successful", 
  "state_changed_at": 1359762147, 
  "urls": {
    "web": {
      "project": "https://www.kickstarter.com/projects/1682938109/robo-3d-printer", 
      "rewards": "https://www.kickstarter.com/projects/1682938109/robo-3d-printer/rewards"
    }
  }
}