{
  "backers_count": 1, 
  "blurb": "A premium-quality telephoto lens kit for the iPhone 3g/3gs/4", 
  "category": {
    "id": 52, 
    "name": "Hardware", 
    "parent_id": 16, 
    "position": 8, 
    "slug": "technology/hardware", 
    "urls": {
      "web": {
        "discover": "http://www.kickstarter.com/discover/categories/technology/hardware"
      }
    }
  }, 
  "country": "US", 
  "created_at": 1308539172, 
  "creator": {
    "avatar": {
      "medium": "https://www.kickstarter.com/assets/users/missing_medium.png", 
      "small": "https://www.kickstarter.com/assets/users/missing_small.png", 
      "thumb": "https://www.kickstarter.com/assets/users/missing_thumb.png"
    }, 
    "id": 286511919, 
    "name": "Thomas Young", 
    "slug": "legendary", 
    "urls": {
      "api": {
        "user": "https://api.kickstarter.com/v1/users/286511919?signature=1405310614.b1bb00c5d2c5f7d8baa9e57660e1287e92039ba6"
      }, 
      "web": {
        "user": "https://www.kickstarter.com/profile/legendary"
      }
    }
  }, 
  "currency": "USD", 
  "currency_symbol": "$", 
  "currency_trailing_code": true, 
  "deadline": 1311642000, 
  "disable_communication": false, 
  "goal": 2776.0, 
  "id": 1132042206, 
  "launched_at": 1308551617, 
  "location": {
    "country": "US", 
    "displayable_name": "Durham, NH", 
    "id": 2394732, 
    "name": "Durham", 
    "short_name": "Durham, NH", 
    "slug": "durham-nh", 
    "state": "NH", 
    "urls": {
      "api": {
        "nearby_projects": "https://api.kickstarter.com/v1/discover?signature=1405284422.2cc6138d7f16bbfc95093541437adbd880e81dbb&woe_id=2394732"
      }, 
      "web": {
        "discover": "https://www.kickstarter.com/discover/places/durham-nh", 
        "location": "https://www.kickstarter.com/locations/durham-nh"
      }
    }
  }, 
  "name": "TELEPOD - Long Distance Lens for the iPhone 3g/3gs/4", 
  "photo": {
    "1024x768": "https://s3.amazonaws.com/ksr/projects/38582/photo-1024x768.jpg?1397764117", 
    "1536x1152": "https://s3.amazonaws.com/ksr/projects/38582/photo-1536x1152.jpg?1397764117", 
    "ed": "https://s3.amazonaws.com/ksr/projects/38582/photo-ed.jpg?1397764117", 
    "full": "https://s3.amazonaws.com/ksr/projects/38582/photo-full.jpg?1397764117", 
    "little": "https://s3.amazonaws.com/ksr/projects/38582/photo-little.jpg?1397764117", 
    "med": "https://s3.amazonaws.com/ksr/projects/38582/photo-med.jpg?1397764117", 
    "small": "https://s3.amazonaws.com/ksr/projects/38582/photo-small.jpg?1397764117", 
    "thumb": "https://s3.amazonaws.com/ksr/projects/38582/photo-thumb.jpg?1397764117"
  }, 
  "pledged": 83.0, 
  "slug": "telepod-long-distance-lens-for-the-iphone-3g-3gs-4", 
  "state": "canceled", 
  "state_changed_at": 1308598971, 
  "urls": {
    "web": {
      "project": "https://www.kickstarter.com/projects/legendary/telepod-long-distance-lens-for-the-iphone-3g-3gs-4", 
      "rewards": "https://www.kickstarter.com/projects/legendary/telepod-long-distance-lens-for-the-iphone-3g-3gs-4/rewards"
    }
  }
}