{
  "backers_count": 0, 
  "blurb": "An explosive Lead CRM that actually gets you leads, manages leads and is meant for the sales person rather than the manager.", 
  "category": {
    "id": 51, 
    "name": "Software", 
    "parent_id": 16, 
    "position": 11, 
    "slug": "technology/software", 
    "urls": {
      "web": {
        "discover": "http://www.kickstarter.com/discover/categories/technology/software"
      }
    }
  }, 
  "country": "US", 
  "created_at": 1403631479, 
  "creator": {
    "avatar": {
      "medium": "https://s3.amazonaws.com/ksr/avatars/11122693/fb_profile_picture.medium.jpg?1403654981", 
      "small": "https://s3.amazonaws.com/ksr/avatars/11122693/fb_profile_picture.small.jpg?1403654981", 
      "thumb": "https://s3.amazonaws.com/ksr/avatars/11122693/fb_profile_picture.thumb.jpg?1403654981"
    }, 
    "id": 139190250, 
    "name": "Milton Asherz", 
    "urls": {
      "api": {
        "user": "https://api.kickstarter.com/v1/users/139190250?signature=1405310310.433db67970064c7e8de45cef9999e81e3c00bea7"
      }, 
      "web": {
        "user": "https://www.kickstarter.com/profile/139190250"
      }
    }
  }, 
  "currency": "USD", 
  "currency_symbol": "$", 
  "currency_trailing_code": true, 
  "deadline": 1406826647, 
  "disable_communication": false, 
  "goal": 50000.0, 
  "id": 1132665955, 
  "launched_at": 1404234647, 
  "location": {
    "country": "US", 
    "displayable_name": "Bellevue, WA", 
    "id": 2362031, 
    "name": "Bellevue", 
    "short_name": "Bellevue, WA", 
    "slug": "bellevue-wa", 
    "state": "WA", 
    "urls": {
      "api": {
        "nearby_projects": "https://api.kickstarter.com/v1/discover?signature=1405283935.cdab140af54b4623f6ed00c9a51d434ac8cc0be0&woe_id=2362031"
      }, 
      "web": {
        "discover": "https://www.kickstarter.com/discover/places/bellevue-wa", 
        "location": "https://www.kickstarter.com/locations/bellevue-wa"
      }
    }
  }, 
  "name": "ProdActivity", 
  "photo": {
    "1024x768": "https://s3.amazonaws.com/ksr/projects/1058204/photo-1024x768.jpg?1403800721", 
    "1536x1152": "https://s3.amazonaws.com/ksr/projects/1058204/photo-1536x1152.jpg?1403800721", 
    "ed": "https://s3.amazonaws.com/ksr/projects/1058204/photo-ed.jpg?1403800721", 
    "full": "https://s3.amazonaws.com/ksr/projects/1058204/photo-full.jpg?1403800721", 
    "little": "https://s3.amazonaws.com/ksr/projects/1058204/photo-little.jpg?1403800721", 
    "med": "https://s3.amazonaws.com/ksr/projects/1058204/photo-med.jpg?1403800721", 
    "small": "https://s3.amazonaws.com/ksr/projects/1058204/photo-small.jpg?1403800721", 
    "thumb": "https://s3.amazonaws.com/ksr/projects/1058204/photo-thumb.jpg?1403800721"
  }, 
  "pledged": 0.0, 
  "slug": "prodactivity", 
  "state": "live", 
  "state_changed_at": 1404234647, 
  "urls": {
    "web": {
      "project": "https://www.kickstarter.com/projects/139190250/prodactivity", 
      "rewards": "https://www.kickstarter.com/projects/139190250/prodactivity/rewards"
    }
  }
}