{
  "backers_count": 284, 
  "blurb": "Let's turn the book \"Writing Idiomatic Python\" into a series of how-to videos. Watch me refactor real (bad) code into idiomatic Python.", 
  "category": {
    "id": 51, 
    "name": "Software", 
    "parent_id": 16, 
    "position": 11, 
    "slug": "technology/software", 
    "urls": {
      "web": {
        "discover": "http://www.kickstarter.com/discover/categories/technology/software"
      }
    }
  }, 
  "country": "US", 
  "created_at": 1394641201, 
  "creator": {
    "avatar": {
      "medium": "https://s3.amazonaws.com/ksr/avatars/9922051/jeff.medium.jpg?1394903645", 
      "small": "https://s3.amazonaws.com/ksr/avatars/9922051/jeff.small.jpg?1394903645", 
      "thumb": "https://s3.amazonaws.com/ksr/avatars/9922051/jeff.thumb.jpg?1394903645"
    }, 
    "id": 1219760486, 
    "name": "Jeff Knupp", 
    "urls": {
      "api": {
        "user": "https://api.kickstarter.com/v1/users/1219760486?signature=1405310189.7c89173953009f88345e953352411fbb4ed48655"
      }, 
      "web": {
        "user": "https://www.kickstarter.com/profile/1219760486"
      }
    }
  }, 
  "currency": "USD", 
  "currency_symbol": "$", 
  "currency_trailing_code": true, 
  "deadline": 1398029894, 
  "disable_communication": false, 
  "goal": 5000.0, 
  "id": 1132136352, 
  "launched_at": 1395437894, 
  "location": {
    "country": "US", 
    "displayable_name": "New York, NY", 
    "id": 2459115, 
    "name": "New York", 
    "short_name": "New York, NY", 
    "slug": "new-york-ny", 
    "state": "NY", 
    "urls": {
      "api": {
        "nearby_projects": "https://api.kickstarter.com/v1/discover?signature=1405283922.858662b9ca1ef63b6e0c38e6c88778c27a30fce5&woe_id=2459115"
      }, 
      "web": {
        "discover": "https://www.kickstarter.com/discover/places/new-york-ny", 
        "location": "https://www.kickstarter.com/locations/new-york-ny"
      }
    }
  }, 
  "name": "A \"Writing Idiomatic Python\" Video Series: Watch and Learn!", 
  "photo": {
    "1024x768": "https://s3.amazonaws.com/ksr/projects/906055/photo-1024x768.jpg?1397871653", 
    "1536x1152": "https://s3.amazonaws.com/ksr/projects/906055/photo-1536x1152.jpg?1397871653", 
    "ed": "https://s3.amazonaws.com/ksr/projects/906055/photo-ed.jpg?1397871653", 
    "full": "https://s3.amazonaws.com/ksr/projects/906055/photo-full.jpg?1397871653", 
    "little": "https://s3.amazonaws.com/ksr/projects/906055/photo-little.jpg?1397871653", 
    "med": "https://s3.amazonaws.com/ksr/projects/906055/photo-med.jpg?1397871653", 
    "small": "https://s3.amazonaws.com/ksr/projects/906055/photo-small.jpg?1397871653", 
    "thumb": "https://s3.amazonaws.com/ksr/projects/906055/photo-thumb.jpg?1397871653"
  }, 
  "pledged": 11267.0, 
  "slug": "a-writing-idiomatic-python-video-series-watch-and", 
  "state": "successful", 
  "state_changed_at": 1398029894, 
  "urls": {
    "web": {
      "project": "https://www.kickstarter.com/projects/1219760486/a-writing-idiomatic-python-video-series-watch-and", 
      "rewards": "https://www.kickstarter.com/projects/1219760486/a-writing-idiomatic-python-video-series-watch-and/rewards"
    }
  }
}