{
  "backers_count": 1130, 
  "blurb": "The carnival reimagined with robots, fire, and lasers to inspire young inventors in science, technology, engineering, art, and math", 
  "category": {
    "id": 16, 
    "name": "Technology", 
    "position": 14, 
    "slug": "technology", 
    "urls": {
      "web": {
        "discover": "http://www.kickstarter.com/discover/categories/technology"
      }
    }
  }, 
  "country": "US", 
  "created_at": 1365097206, 
  "creator": {
    "avatar": {
      "medium": "https://s3.amazonaws.com/ksr/avatars/6127623/profile_pic.medium.jpg?1366328108", 
      "small": "https://s3.amazonaws.com/ksr/avatars/6127623/profile_pic.small.jpg?1366328108", 
      "thumb": "https://s3.amazonaws.com/ksr/avatars/6127623/profile_pic.thumb.jpg?1366328108"
    }, 
    "id": 573550783, 
    "name": "Two Bit Circus", 
    "slug": "twobitcircus", 
    "urls": {
      "api": {
        "user": "https://api.kickstarter.com/v1/users/573550783?signature=1405310095.1681104c206c9352dc8a4db86dab2cd042c56551"
      }, 
      "web": {
        "user": "https://www.kickstarter.com/profile/twobitcircus"
      }
    }
  }, 
  "currency": "USD", 
  "currency_symbol": "$", 
  "currency_trailing_code": true, 
  "deadline": 1370242828, 
  "disable_communication": false, 
  "goal": 100000.0, 
  "id": 113267100, 
  "launched_at": 1367305228, 
  "location": {
    "country": "US", 
    "displayable_name": "Los Angeles, CA", 
    "id": 2442047, 
    "name": "Los Angeles", 
    "short_name": "Los Angeles, CA", 
    "slug": "los-angeles-ca", 
    "state": "CA", 
    "urls": {
      "api": {
        "nearby_projects": "https://api.kickstarter.com/v1/discover?signature=1405283921.ee3a1133214a755b6f367baa5289215cf97407d4&woe_id=2442047"
      }, 
      "web": {
        "discover": "https://www.kickstarter.com/discover/places/los-angeles-ca", 
        "location": "https://www.kickstarter.com/locations/los-angeles-ca"
      }
    }
  }, 
  "name": "STEAM Carnival", 
  "photo": {
    "1024x768": "https://s3.amazonaws.com/ksr/projects/513125/photo-1024x768.jpg?1397815926", 
    "1536x1152": "https://s3.amazonaws.com/ksr/projects/513125/photo-1536x1152.jpg?1397815926", 
    "ed": "https://s3.amazonaws.com/ksr/projects/513125/photo-ed.jpg?1397815926", 
    "full": "https://s3.amazonaws.com/ksr/projects/513125/photo-full.jpg?1397815926", 
    "little": "https://s3.amazonaws.com/ksr/projects/513125/photo-little.jpg?1397815926", 
    "med": "https://s3.amazonaws.com/ksr/projects/513125/photo-med.jpg?1397815926", 
    "small": "https://s3.amazonaws.com/ksr/projects/513125/photo-small.jpg?1397815926", 
    "thumb": "https://s3.amazonaws.com/ksr/projects/513125/photo-thumb.jpg?1397815926"
  }, 
  "pledged": 102699.71, 
  "slug": "steam-carnival-0", 
  "state": "successful", 
  "state_changed_at": 1370242835, 
  "urls": {
    "web": {
      "project": "https://www.kickstarter.com/projects/twobitcircus/steam-carnival-0", 
      "rewards": "https://www.kickstarter.com/projects/twobitcircus/steam-carnival-0/rewards"
    }
  }
}