{
  "backers_count": 196, 
  "blurb": "The first 3D food printer kitchen appliance creating fresh savory and sweet dishes. Foodini - changing the way the world prepares food.", 
  "category": {
    "id": 331, 
    "name": "3D Printing", 
    "parent_id": 16, 
    "position": 1, 
    "slug": "technology/3d printing", 
    "urls": {
      "web": {
        "discover": "http://www.kickstarter.com/discover/categories/technology/3d%20printing"
      }
    }
  }, 
  "country": "US", 
  "created_at": 1369508840, 
  "creator": {
    "avatar": {
      "medium": "https://s3.amazonaws.com/ksr/avatars/6712502/logo_final_NM_square.medium.jpg?1397071239", 
      "small": "https://s3.amazonaws.com/ksr/avatars/6712502/logo_final_NM_square.small.jpg?1397071239", 
      "thumb": "https://s3.amazonaws.com/ksr/avatars/6712502/logo_final_NM_square.thumb.jpg?1397071239"
    }, 
    "id": 456763017, 
    "name": "Natural Machines", 
    "urls": {
      "api": {
        "user": "https://api.kickstarter.com/v1/users/456763017?signature=1405310332.1720a9b5865443b61141ac31c90e86d267db42b6"
      }, 
      "web": {
        "user": "https://www.kickstarter.com/profile/456763017"
      }
    }
  }, 
  "currency": "USD", 
  "currency_symbol": "$", 
  "currency_trailing_code": true, 
  "deadline": 1398438027, 
  "disable_communication": false, 
  "goal": 100000.0, 
  "id": 1133766288, 
  "launched_at": 1395846027, 
  "location": {
    "country": "US", 
    "displayable_name": "Miami, FL", 
    "id": 2450022, 
    "name": "Miami", 
    "short_name": "Miami, FL", 
    "slug": "miami-fl", 
    "state": "FL", 
    "urls": {
      "api": {
        "nearby_projects": "https://api.kickstarter.com/v1/discover?signature=1405283924.e559daa364b95f13046d390b309db8c54747260d&woe_id=2450022"
      }, 
      "web": {
        "discover": "https://www.kickstarter.com/discover/places/miami-fl", 
        "location": "https://www.kickstarter.com/locations/miami-fl"
      }
    }
  }, 
  "name": "Designed for Healthy Eating: Foodini - a 3D Food Printer", 
  "photo": {
    "1024x768": "https://s3.amazonaws.com/ksr/projects/568886/photo-1024x768.jpg?1397821947", 
    "1536x1152": "https://s3.amazonaws.com/ksr/projects/568886/photo-1536x1152.jpg?1397821947", 
    "ed": "https://s3.amazonaws.com/ksr/projects/568886/photo-ed.jpg?1397821947", 
    "full": "https://s3.amazonaws.com/ksr/projects/568886/photo-full.jpg?1397821947", 
    "little": "https://s3.amazonaws.com/ksr/projects/568886/photo-little.jpg?1397821947", 
    "med": "https://s3.amazonaws.com/ksr/projects/568886/photo-med.jpg?1397821947", 
    "small": "https://s3.amazonaws.com/ksr/projects/568886/photo-small.jpg?1397821947", 
    "thumb": "https://s3.amazonaws.com/ksr/projects/568886/photo-thumb.jpg?1397821947"
  }, 
  "pledged": 80279.55, 
  "slug": "designed-for-healthy-eating-foodini-a-3d-food-prin", 
  "state": "failed", 
  "state_changed_at": 1398438029, 
  "urls": {
    "web": {
      "project": "https://www.kickstarter.com/projects/456763017/designed-for-healthy-eating-foodini-a-3d-food-prin", 
      "rewards": "https://www.kickstarter.com/projects/456763017/designed-for-healthy-eating-foodini-a-3d-food-prin/rewards"
    }
  }
}