{
  "backers_count": 103, 
  "blurb": "BoardX is a collection of electronic circuit boards that stack on top of one another to share resources and communicate", 
  "category": {
    "id": 52, 
    "name": "Hardware", 
    "parent_id": 16, 
    "position": 8, 
    "slug": "technology/hardware", 
    "urls": {
      "web": {
        "discover": "http://www.kickstarter.com/discover/categories/technology/hardware"
      }
    }
  }, 
  "country": "US", 
  "created_at": 1324310112, 
  "creator": {
    "avatar": {
      "medium": "https://s3.amazonaws.com/ksr/avatars/1470567/267362_10100411986273063_6234347_54141379_3229262_n.medium.jpg?1319219969", 
      "small": "https://s3.amazonaws.com/ksr/avatars/1470567/267362_10100411986273063_6234347_54141379_3229262_n.small.jpg?1319219969", 
      "thumb": "https://s3.amazonaws.com/ksr/avatars/1470567/267362_10100411986273063_6234347_54141379_3229262_n.thumb.jpg?1319219969"
    }, 
    "id": 1699569378, 
    "name": "Kevin Green", 
    "slug": "upgradeindustries", 
    "urls": {
      "api": {
        "user": "https://api.kickstarter.com/v1/users/1699569378?signature=1405310182.0790d0a419b4770d82b634f654fad087f07d3793"
      }, 
      "web": {
        "user": "https://www.kickstarter.com/profile/upgradeindustries"
      }
    }
  }, 
  "currency": "USD", 
  "currency_symbol": "$", 
  "currency_trailing_code": true, 
  "deadline": 1326330000, 
  "disable_communication": false, 
  "goal": 5000.0, 
  "id": 1134671972, 
  "launched_at": 1324433310, 
  "location": {
    "country": "US", 
    "displayable_name": "Washington, DC", 
    "id": 2514815, 
    "name": "Washington", 
    "short_name": "Washington, DC", 
    "slug": "washington-dc", 
    "state": "DC", 
    "urls": {
      "api": {
        "nearby_projects": "https://api.kickstarter.com/v1/discover?signature=1405283925.d6ff3b998155cdde2b1378e8496e256b437777bd&woe_id=2514815"
      }, 
      "web": {
        "discover": "https://www.kickstarter.com/discover/places/washington-dc", 
        "location": "https://www.kickstarter.com/locations/washington-dc"
      }
    }
  }, 
  "name": "BoardX: The Open Source Miniature Motherboard [Redemption]", 
  "photo": {
    "1024x768": "https://s3.amazonaws.com/ksr/projects/63809/photo-1024x768.jpg?1397768839", 
    "1536x1152": "https://s3.amazonaws.com/ksr/projects/63809/photo-1536x1152.jpg?1397768839", 
    "ed": "https://s3.amazonaws.com/ksr/projects/63809/photo-ed.jpg?1397768839", 
    "full": "https://s3.amazonaws.com/ksr/projects/63809/photo-full.jpg?1397768839", 
    "little": "https://s3.amazonaws.com/ksr/projects/63809/photo-little.jpg?1397768839", 
    "med": "https://s3.amazonaws.com/ksr/projects/63809/photo-med.jpg?1397768839", 
    "small": "https://s3.amazonaws.com/ksr/projects/63809/photo-small.jpg?1397768839", 
    "thumb": "https://s3.amazonaws.com/ksr/projects/63809/photo-thumb.jpg?1397768839"
  }, 
  "pledged": 13114.0, 
  "slug": "boardx-the-open-source-miniature-motherboard-redem", 
  "state": "successful", 
  "state_changed_at": 1326330021, 
  "urls": {
    "web": {
      "project": "https://www.kickstarter.com/projects/upgradeindustries/boardx-the-open-source-miniature-motherboard-redem", 
      "rewards": "https://www.kickstarter.com/projects/upgradeindustries/boardx-the-open-source-miniature-motherboard-redem/rewards"
    }
  }
}