{
  "backers_count": 18, 
  "blurb": "A USB device designed to notify you of anything on your computer or on the internet.", 
  "category": {
    "id": 16, 
    "name": "Technology", 
    "position": 14, 
    "slug": "technology", 
    "urls": {
      "web": {
        "discover": "http://www.kickstarter.com/discover/categories/technology"
      }
    }
  }, 
  "country": "GB", 
  "created_at": 1404050071, 
  "creator": {
    "avatar": {
      "medium": "https://s3.amazonaws.com/ksr/avatars/8297659/fb_profile_picture.medium.jpg?1403917443", 
      "small": "https://s3.amazonaws.com/ksr/avatars/8297659/fb_profile_picture.small.jpg?1403917443", 
      "thumb": "https://s3.amazonaws.com/ksr/avatars/8297659/fb_profile_picture.thumb.jpg?1403917443"
    }, 
    "id": 1600235162, 
    "name": "Jack Trowbridge", 
    "slug": "jackt", 
    "urls": {
      "api": {
        "user": "https://api.kickstarter.com/v1/users/1600235162?signature=1405310270.39490e5523b251278177295409eef880c736411d"
      }, 
      "web": {
        "user": "https://www.kickstarter.com/profile/jackt"
      }
    }
  }, 
  "currency": "GBP", 
  "currency_symbol": "\u00a3", 
  "currency_trailing_code": false, 
  "deadline": 1406894402, 
  "disable_communication": false, 
  "goal": 4500.0, 
  "id": 113468464, 
  "launched_at": 1404302402, 
  "location": {
    "country": "GB", 
    "displayable_name": "Newcastle upon Tyne, UK", 
    "id": 30079, 
    "name": "Newcastle upon Tyne", 
    "short_name": "Newcastle upon Tyne, UK", 
    "slug": "newcastle-upon-tyne-gb", 
    "state": "England", 
    "urls": {
      "api": {
        "nearby_projects": "https://api.kickstarter.com/v1/discover?signature=1405283928.a92417c4ad1b693da03c1fc1886a577a4428cefa&woe_id=30079"
      }, 
      "web": {
        "discover": "https://www.kickstarter.com/discover/places/newcastle-upon-tyne-gb", 
        "location": "https://www.kickstarter.com/locations/newcastle-upon-tyne-gb"
      }
    }
  }, 
  "name": "Noteu : USB Physical Notification Device", 
  "photo": {
    "1024x768": "https://s3.amazonaws.com/ksr/projects/1065432/photo-1024x768.jpg?1404431149", 
    "1536x1152": "https://s3.amazonaws.com/ksr/projects/1065432/photo-1536x1152.jpg?1404431149", 
    "ed": "https://s3.amazonaws.com/ksr/projects/1065432/photo-ed.jpg?1404431149", 
    "full": "https://s3.amazonaws.com/ksr/projects/1065432/photo-full.jpg?1404431149", 
    "little": "https://s3.amazonaws.com/ksr/projects/1065432/photo-little.jpg?1404431149", 
    "med": "https://s3.amazonaws.com/ksr/projects/1065432/photo-med.jpg?1404431149", 
    "small": "https://s3.amazonaws.com/ksr/projects/1065432/photo-small.jpg?1404431149", 
    "thumb": "https://s3.amazonaws.com/ksr/projects/1065432/photo-thumb.jpg?1404431149"
  }, 
  "pledged": 428.0, 
  "slug": "noteu-physical-notification-device", 
  "state": "live", 
  "state_changed_at": 1404302402, 
  "urls": {
    "web": {
      "project": "https://www.kickstarter.com/projects/jackt/noteu-physical-notification-device", 
      "rewards": "https://www.kickstarter.com/projects/jackt/noteu-physical-notification-device/rewards"
    }
  }
}