{
  "backers_count": 342, 
  "blurb": "Hello there! I'm Walker, The Smartest Productivity App on the iPhone. Unlike other apps, I'll walk with you through your daily grind.", 
  "category": {
    "id": 16, 
    "name": "Technology", 
    "position": 14, 
    "slug": "technology", 
    "urls": {
      "web": {
        "discover": "http://www.kickstarter.com/discover/categories/technology"
      }
    }
  }, 
  "country": "US", 
  "created_at": 1341522061, 
  "creator": {
    "avatar": {
      "medium": "https://s3.amazonaws.com/ksr/avatars/2109055/1n8gh1mo1u6qvq08p8l7.medium.jpg?1341521571", 
      "small": "https://s3.amazonaws.com/ksr/avatars/2109055/1n8gh1mo1u6qvq08p8l7.small.jpg?1341521571", 
      "thumb": "https://s3.amazonaws.com/ksr/avatars/2109055/1n8gh1mo1u6qvq08p8l7.thumb.jpg?1341521571"
    }, 
    "id": 1200187517, 
    "name": "Raul Rea", 
    "slug": "rrea", 
    "urls": {
      "api": {
        "user": "https://api.kickstarter.com/v1/users/1200187517?signature=1405310223.9902bfb967cf3407ef5ab77b1f1ddb04b9e04c3b"
      }, 
      "web": {
        "user": "https://www.kickstarter.com/profile/rrea"
      }
    }
  }, 
  "currency": "USD", 
  "currency_symbol": "$", 
  "currency_trailing_code": true, 
  "deadline": 1344484495, 
  "disable_communication": false, 
  "goal": 2550.0, 
  "id": 113478404, 
  "launched_at": 1341892495, 
  "location": {
    "country": "US", 
    "displayable_name": "Moreno Valley, CA", 
    "id": 2453984, 
    "name": "Moreno Valley", 
    "short_name": "Moreno Valley, CA", 
    "slug": "moreno-valley-ca", 
    "state": "CA", 
    "urls": {
      "api": {
        "nearby_projects": "https://api.kickstarter.com/v1/discover?signature=1405284132.5ed2eea4de32513a3e31f923fdd2cecb4787b833&woe_id=2453984"
      }, 
      "web": {
        "discover": "https://www.kickstarter.com/discover/places/moreno-valley-ca", 
        "location": "https://www.kickstarter.com/locations/moreno-valley-ca"
      }
    }
  }, 
  "name": "Walker - The Smartest Productivity App for the iPhone", 
  "photo": {
    "1024x768": "https://s3.amazonaws.com/ksr/projects/245039/photo-1024x768.jpg?1397788752", 
    "1536x1152": "https://s3.amazonaws.com/ksr/projects/245039/photo-1536x1152.jpg?1397788752", 
    "ed": "https://s3.amazonaws.com/ksr/projects/245039/photo-ed.jpg?1397788752", 
    "full": "https://s3.amazonaws.com/ksr/projects/245039/photo-full.jpg?1397788752", 
    "little": "https://s3.amazonaws.com/ksr/projects/245039/photo-little.jpg?1397788752", 
    "med": "https://s3.amazonaws.com/ksr/projects/245039/photo-med.jpg?1397788752", 
    "small": "https://s3.amazonaws.com/ksr/projects/245039/photo-small.jpg?1397788752", 
    "thumb": "https://s3.amazonaws.com/ksr/projects/245039/photo-thumb.jpg?1397788752"
  }, 
  "pledged": 4200.98, 
  "slug": "walker-the-smartest-productivity-app-for-the-iphon", 
  "state": "successful", 
  "state_changed_at": 1344484495, 
  "urls": {
    "web": {
      "project": "https://www.kickstarter.com/projects/rrea/walker-the-smartest-productivity-app-for-the-iphon", 
      "rewards": "https://www.kickstarter.com/projects/rrea/walker-the-smartest-productivity-app-for-the-iphon/rewards"
    }
  }
}