{
  "backers_count": 24, 
  "blurb": "MISSION: to create an interactive timeline and website featuring significant dates/events/milestones of NYC Critical Mass.", 
  "category": {
    "id": 16, 
    "name": "Technology", 
    "position": 14, 
    "slug": "technology", 
    "urls": {
      "web": {
        "discover": "http://www.kickstarter.com/discover/categories/technology"
      }
    }
  }, 
  "country": "US", 
  "created_at": 1317235251, 
  "creator": {
    "avatar": {
      "medium": "https://s3.amazonaws.com/ksr/avatars/76133/allie%20happy%20helmeting.medium.jpg?1330041687", 
      "small": "https://s3.amazonaws.com/ksr/avatars/76133/allie%20happy%20helmeting.small.jpg?1330041687", 
      "thumb": "https://s3.amazonaws.com/ksr/avatars/76133/allie%20happy%20helmeting.thumb.jpg?1330041687"
    }, 
    "id": 2068923333, 
    "name": "Allison L. Ryan", 
    "urls": {
      "api": {
        "user": "https://api.kickstarter.com/v1/users/2068923333?signature=1405310242.6d8601e261d9334eaa43272f8c1a5c5e5404d968"
      }, 
      "web": {
        "user": "https://www.kickstarter.com/profile/2068923333"
      }
    }
  }, 
  "currency": "USD", 
  "currency_symbol": "$", 
  "currency_trailing_code": true, 
  "deadline": 1325473105, 
  "disable_communication": false, 
  "goal": 2500.0, 
  "id": 1134291653, 
  "launched_at": 1322881105, 
  "location": {
    "country": "US", 
    "displayable_name": "New York, NY", 
    "id": 2459115, 
    "name": "New York", 
    "short_name": "New York, NY", 
    "slug": "new-york-ny", 
    "state": "NY", 
    "urls": {
      "api": {
        "nearby_projects": "https://api.kickstarter.com/v1/discover?signature=1405283922.858662b9ca1ef63b6e0c38e6c88778c27a30fce5&woe_id=2459115"
      }, 
      "web": {
        "discover": "https://www.kickstarter.com/discover/places/new-york-ny", 
        "location": "https://www.kickstarter.com/locations/new-york-ny"
      }
    }
  }, 
  "name": "NYC Critical Mass Web-based Timeline", 
  "photo": {
    "1024x768": "https://s3.amazonaws.com/ksr/projects/51389/photo-1024x768.jpg?1397766517", 
    "1536x1152": "https://s3.amazonaws.com/ksr/projects/51389/photo-1536x1152.jpg?1397766517", 
    "ed": "https://s3.amazonaws.com/ksr/projects/51389/photo-ed.jpg?1397766517", 
    "full": "https://s3.amazonaws.com/ksr/projects/51389/photo-full.jpg?1397766517", 
    "little": "https://s3.amazonaws.com/ksr/projects/51389/photo-little.jpg?1397766517", 
    "med": "https://s3.amazonaws.com/ksr/projects/51389/photo-med.jpg?1397766517", 
    "small": "https://s3.amazonaws.com/ksr/projects/51389/photo-small.jpg?1397766517", 
    "thumb": "https://s3.amazonaws.com/ksr/projects/51389/photo-thumb.jpg?1397766517"
  }, 
  "pledged": 2510.0, 
  "slug": "nyc-critical-mass-web-based-timeline", 
  "state": "successful", 
  "state_changed_at": 1325473105, 
  "urls": {
    "web": {
      "project": "https://www.kickstarter.com/projects/2068923333/nyc-critical-mass-web-based-timeline", 
      "rewards": "https://www.kickstarter.com/projects/2068923333/nyc-critical-mass-web-based-timeline/rewards"
    }
  }
}