{
  "backers_count": 1190, 
  "blurb": "The Ubi is an always-on voice-activated computer ready to help. Just plug it in, talk to it and it'll help you connect with your world.", 
  "category": {
    "id": 52, 
    "name": "Hardware", 
    "parent_id": 16, 
    "position": 8, 
    "slug": "technology/hardware", 
    "urls": {
      "web": {
        "discover": "http://www.kickstarter.com/discover/categories/technology/hardware"
      }
    }
  }, 
  "country": "US", 
  "created_at": 1343358681, 
  "creator": {
    "avatar": {
      "medium": "https://s3.amazonaws.com/ksr/avatars/1695592/profile.medium.jpg?1343885358", 
      "small": "https://s3.amazonaws.com/ksr/avatars/1695592/profile.small.jpg?1343885358", 
      "thumb": "https://s3.amazonaws.com/ksr/avatars/1695592/profile.thumb.jpg?1343885358"
    }, 
    "id": 607691307, 
    "name": "Team Ubi", 
    "urls": {
      "api": {
        "user": "https://api.kickstarter.com/v1/users/607691307?signature=1405310072.83ac16a6cd92297f40fad3dcb8b51b9317cb4a92"
      }, 
      "web": {
        "user": "https://www.kickstarter.com/profile/607691307"
      }
    }
  }, 
  "currency": "USD", 
  "currency_symbol": "$", 
  "currency_trailing_code": true, 
  "deadline": 1347940864, 
  "disable_communication": false, 
  "goal": 36000.0, 
  "id": 1135387466, 
  "launched_at": 1344830464, 
  "location": {
    "country": "CA", 
    "displayable_name": "Toronto, Canada", 
    "id": 4118, 
    "name": "Toronto", 
    "short_name": "Toronto, Canada", 
    "slug": "toronto-on-ca", 
    "state": "ON", 
    "urls": {
      "api": {
        "nearby_projects": "https://api.kickstarter.com/v1/discover?signature=1405283922.d846628b5e3e23ac33c63f0d9923266125786c79&woe_id=4118"
      }, 
      "web": {
        "discover": "https://www.kickstarter.com/discover/places/toronto-on-ca", 
        "location": "https://www.kickstarter.com/locations/toronto-on-ca"
      }
    }
  }, 
  "name": "Ubi - The Ubiquitous Computer - Voice-Activated & Always On", 
  "photo": {
    "1024x768": "https://s3.amazonaws.com/ksr/projects/273465/photo-1024x768.jpg?1397791483", 
    "1536x1152": "https://s3.amazonaws.com/ksr/projects/273465/photo-1536x1152.jpg?1397791483", 
    "ed": "https://s3.amazonaws.com/ksr/projects/273465/photo-ed.jpg?1397791483", 
    "full": "https://s3.amazonaws.com/ksr/projects/273465/photo-full.jpg?1397791483", 
    "little": "https://s3.amazonaws.com/ksr/projects/273465/photo-little.jpg?1397791483", 
    "med": "https://s3.amazonaws.com/ksr/projects/273465/photo-med.jpg?1397791483", 
    "small": "https://s3.amazonaws.com/ksr/projects/273465/photo-small.jpg?1397791483", 
    "thumb": "https://s3.amazonaws.com/ksr/projects/273465/photo-thumb.jpg?1397791483"
  }, 
  "pledged": 229594.72, 
  "slug": "ubi-the-ubiquitous-computer-voice-activated-and-al-0", 
  "state": "successful", 
  "state_changed_at": 1347940864, 
  "urls": {
    "web": {
      "project": "https://www.kickstarter.com/projects/607691307/ubi-the-ubiquitous-computer-voice-activated-and-al-0", 
      "rewards": "https://www.kickstarter.com/projects/607691307/ubi-the-ubiquitous-computer-voice-activated-and-al-0/rewards"
    }
  }
}