{
  "backers_count": 6420, 
  "blurb": "Chameleon is an Android Tablet Home Screen that changes to fit your lifestyle. Always relevant. Immediately valuable.", 
  "category": {
    "id": 16, 
    "name": "Technology", 
    "position": 14, 
    "slug": "technology", 
    "urls": {
      "web": {
        "discover": "http://www.kickstarter.com/discover/categories/technology"
      }
    }
  }, 
  "country": "US", 
  "created_at": 1339004791, 
  "creator": {
    "avatar": {
      "medium": "https://s3.amazonaws.com/ksr/avatars/2794672/gabor.medium.jpg?1337013925", 
      "small": "https://s3.amazonaws.com/ksr/avatars/2794672/gabor.small.jpg?1337013925", 
      "thumb": "https://s3.amazonaws.com/ksr/avatars/2794672/gabor.thumb.jpg?1337013925"
    }, 
    "id": 865110029, 
    "name": "Gabor Vida - Teknision", 
    "slug": "gaborvida", 
    "urls": {
      "api": {
        "user": "https://api.kickstarter.com/v1/users/865110029?signature=1405310112.e8a835bcaa4fe9e97ab892226367d9e8b51ca7f6"
      }, 
      "web": {
        "user": "https://www.kickstarter.com/profile/gaborvida"
      }
    }
  }, 
  "currency": "USD", 
  "currency_symbol": "$", 
  "currency_trailing_code": true, 
  "deadline": 1341422292, 
  "disable_communication": false, 
  "goal": 30000.0, 
  "id": 1135486319, 
  "launched_at": 1339694292, 
  "location": {
    "country": "CA", 
    "displayable_name": "Ottawa, Canada", 
    "id": 3369, 
    "name": "Ottawa", 
    "short_name": "Ottawa, Canada", 
    "slug": "ottawa-ca", 
    "state": "ON", 
    "urls": {
      "api": {
        "nearby_projects": "https://api.kickstarter.com/v1/discover?signature=1405283928.b98dab7a3c3980a96e7e4bdf20e6e6e4e00dc5a2&woe_id=3369"
      }, 
      "web": {
        "discover": "https://www.kickstarter.com/discover/places/ottawa-ca", 
        "location": "https://www.kickstarter.com/locations/ottawa-ca"
      }
    }
  }, 
  "name": "Chameleon:  A Better Home Screen for your Android Tablet", 
  "photo": {
    "1024x768": "https://s3.amazonaws.com/ksr/projects/211605/photo-1024x768.jpg?1397785290", 
    "1536x1152": "https://s3.amazonaws.com/ksr/projects/211605/photo-1536x1152.jpg?1397785290", 
    "ed": "https://s3.amazonaws.com/ksr/projects/211605/photo-ed.jpg?1397785290", 
    "full": "https://s3.amazonaws.com/ksr/projects/211605/photo-full.jpg?1397785290", 
    "little": "https://s3.amazonaws.com/ksr/projects/211605/photo-little.jpg?1397785290", 
    "med": "https://s3.amazonaws.com/ksr/projects/211605/photo-med.jpg?1397785290", 
    "small": "https://s3.amazonaws.com/ksr/projects/211605/photo-small.jpg?1397785290", 
    "thumb": "https://s3.amazonaws.com/ksr/projects/211605/photo-thumb.jpg?1397785290"
  }, 
  "pledged": 66804.59, 
  "slug": "chameleon-a-better-home-screen-for-your-android-ta-0", 
  "state": "successful", 
  "state_changed_at": 1341422292, 
  "urls": {
    "web": {
      "project": "https://www.kickstarter.com/projects/gaborvida/chameleon-a-better-home-screen-for-your-android-ta-0", 
      "rewards": "https://www.kickstarter.com/projects/gaborvida/chameleon-a-better-home-screen-for-your-android-ta-0/rewards"
    }
  }
}