{
  "backers_count": 0, 
  "blurb": "The Stylistzoom App will help to find licensed barbers and hairstylist, and write 5 star reviews.", 
  "category": {
    "id": 332, 
    "name": "Apps", 
    "parent_id": 16, 
    "position": 2, 
    "slug": "technology/apps", 
    "urls": {
      "web": {
        "discover": "http://www.kickstarter.com/discover/categories/technology/apps"
      }
    }
  }, 
  "country": "US", 
  "created_at": 1384646787, 
  "creator": {
    "avatar": {
      "medium": "https://s3.amazonaws.com/ksr/avatars/8752635/fb_profile_picture.medium.jpg?1384646611", 
      "small": "https://s3.amazonaws.com/ksr/avatars/8752635/fb_profile_picture.small.jpg?1384646611", 
      "thumb": "https://s3.amazonaws.com/ksr/avatars/8752635/fb_profile_picture.thumb.jpg?1384646611"
    }, 
    "id": 577111479, 
    "name": "Jeremiah Steptoe", 
    "urls": {
      "api": {
        "user": "https://api.kickstarter.com/v1/users/577111479?signature=1405310310.a9a06a42ed9e2b7a7af784224a43b82780d9ad52"
      }, 
      "web": {
        "user": "https://www.kickstarter.com/profile/577111479"
      }
    }
  }, 
  "currency": "USD", 
  "currency_symbol": "$", 
  "currency_trailing_code": true, 
  "deadline": 1407374407, 
  "disable_communication": false, 
  "goal": 4500.0, 
  "id": 1135378531, 
  "launched_at": 1404782407, 
  "location": {
    "country": "US", 
    "displayable_name": "New York, NY", 
    "id": 2459115, 
    "name": "New York", 
    "short_name": "New York, NY", 
    "slug": "new-york-ny", 
    "state": "NY", 
    "urls": {
      "api": {
        "nearby_projects": "https://api.kickstarter.com/v1/discover?signature=1405283922.858662b9ca1ef63b6e0c38e6c88778c27a30fce5&woe_id=2459115"
      }, 
      "web": {
        "discover": "https://www.kickstarter.com/discover/places/new-york-ny", 
        "location": "https://www.kickstarter.com/locations/new-york-ny"
      }
    }
  }, 
  "name": "A website for connecting consumers with hairstylist.", 
  "photo": {
    "1024x768": "https://s3.amazonaws.com/ksr/projects/763065/photo-1024x768.jpg?1397856548", 
    "1536x1152": "https://s3.amazonaws.com/ksr/projects/763065/photo-1536x1152.jpg?1397856548", 
    "ed": "https://s3.amazonaws.com/ksr/projects/763065/photo-ed.jpg?1397856548", 
    "full": "https://s3.amazonaws.com/ksr/projects/763065/photo-full.jpg?1397856548", 
    "little": "https://s3.amazonaws.com/ksr/projects/763065/photo-little.jpg?1397856548", 
    "med": "https://s3.amazonaws.com/ksr/projects/763065/photo-med.jpg?1397856548", 
    "small": "https://s3.amazonaws.com/ksr/projects/763065/photo-small.jpg?1397856548", 
    "thumb": "https://s3.amazonaws.com/ksr/projects/763065/photo-thumb.jpg?1397856548"
  }, 
  "pledged": 0.0, 
  "slug": "a-website-for-connecting-consumers-with-hairstylis", 
  "state": "live", 
  "state_changed_at": 1404782407, 
  "urls": {
    "web": {
      "project": "https://www.kickstarter.com/projects/577111479/a-website-for-connecting-consumers-with-hairstylis", 
      "rewards": "https://www.kickstarter.com/projects/577111479/a-website-for-connecting-consumers-with-hairstylis/rewards"
    }
  }
}