{
  "backers_count": 7, 
  "blurb": "A remote controlled, engine powered, mobile robot with a camera to clean snow so you can stay inside and warm.", 
  "category": {
    "id": 338, 
    "name": "Robots", 
    "parent_id": 16, 
    "position": 10, 
    "slug": "technology/robots", 
    "urls": {
      "web": {
        "discover": "http://www.kickstarter.com/discover/categories/technology/robots"
      }
    }
  }, 
  "country": "US", 
  "created_at": 1403257702, 
  "creator": {
    "avatar": {
      "medium": "https://s3.amazonaws.com/ksr/avatars/11081350/Emin_Faruk_Ke%C3%A7eci.medium.jpg?1403698249", 
      "small": "https://s3.amazonaws.com/ksr/avatars/11081350/Emin_Faruk_Ke%C3%A7eci.small.jpg?1403698249", 
      "thumb": "https://s3.amazonaws.com/ksr/avatars/11081350/Emin_Faruk_Ke%C3%A7eci.thumb.jpg?1403698249"
    }, 
    "id": 711113808, 
    "name": "Emin Faruk Kececi", 
    "urls": {
      "api": {
        "user": "https://api.kickstarter.com/v1/users/711113808?signature=1405310288.098ee5278e2290be8b42ac90546212b2d6a30301"
      }, 
      "web": {
        "user": "https://www.kickstarter.com/profile/711113808"
      }
    }
  }, 
  "currency": "USD", 
  "currency_symbol": "$", 
  "currency_trailing_code": true, 
  "deadline": 1406792121, 
  "disable_communication": false, 
  "goal": 36000.0, 
  "id": 1135459316, 
  "launched_at": 1404200121, 
  "location": {
    "country": "TR", 
    "displayable_name": "Istanbul, Turkey", 
    "id": 2344116, 
    "name": "Istanbul", 
    "short_name": "Istanbul, Turkey", 
    "slug": "istanbul-tr", 
    "state": "Istanbul", 
    "urls": {
      "api": {
        "nearby_projects": "https://api.kickstarter.com/v1/discover?signature=1405283941.0c1c78204fa7923c022ce403c4cdb1e9c6f23d90&woe_id=2344116"
      }, 
      "web": {
        "discover": "https://www.kickstarter.com/discover/places/istanbul-tr", 
        "location": "https://www.kickstarter.com/locations/istanbul-tr"
      }
    }
  }, 
  "name": "SnowBYTE - Robotic snow blower.", 
  "photo": {
    "1024x768": "https://s3.amazonaws.com/ksr/projects/1052064/photo-1024x768.jpg?1403697912", 
    "1536x1152": "https://s3.amazonaws.com/ksr/projects/1052064/photo-1536x1152.jpg?1403697912", 
    "ed": "https://s3.amazonaws.com/ksr/projects/1052064/photo-ed.jpg?1403697912", 
    "full": "https://s3.amazonaws.com/ksr/projects/1052064/photo-full.jpg?1403697912", 
    "little": "https://s3.amazonaws.com/ksr/projects/1052064/photo-little.jpg?1403697912", 
    "med": "https://s3.amazonaws.com/ksr/projects/1052064/photo-med.jpg?1403697912", 
    "small": "https://s3.amazonaws.com/ksr/projects/1052064/photo-small.jpg?1403697912", 
    "thumb": "https://s3.amazonaws.com/ksr/projects/1052064/photo-thumb.jpg?1403697912"
  }, 
  "pledged": 105.0, 
  "slug": "snowbyte-robotic-snow-blower", 
  "state": "live", 
  "state_changed_at": 1404200121, 
  "urls": {
    "web": {
      "project": "https://www.kickstarter.com/projects/711113808/snowbyte-robotic-snow-blower", 
      "rewards": "https://www.kickstarter.com/projects/711113808/snowbyte-robotic-snow-blower/rewards"
    }
  }
}