{
  "backers_count": 33, 
  "blurb": "A game changing approach to playing, experiencing and sharing golf.", 
  "category": {
    "id": 52, 
    "name": "Hardware", 
    "parent_id": 16, 
    "position": 8, 
    "slug": "technology/hardware", 
    "urls": {
      "web": {
        "discover": "http://www.kickstarter.com/discover/categories/technology/hardware"
      }
    }
  }, 
  "country": "US", 
  "created_at": 1361438738, 
  "creator": {
    "avatar": {
      "medium": "https://s3.amazonaws.com/ksr/avatars/5574259/social_media_icon_no_round_corners_1024px.medium.jpg?1361805001", 
      "small": "https://s3.amazonaws.com/ksr/avatars/5574259/social_media_icon_no_round_corners_1024px.small.jpg?1361805001", 
      "thumb": "https://s3.amazonaws.com/ksr/avatars/5574259/social_media_icon_no_round_corners_1024px.thumb.jpg?1361805001"
    }, 
    "id": 1790299044, 
    "name": "Golf Metrics Inc. dba ShowMe", 
    "slug": "showme", 
    "urls": {
      "api": {
        "user": "https://api.kickstarter.com/v1/users/1790299044?signature=1405310414.cad6eab3059772488b3b2e42fc781607faa2d007"
      }, 
      "web": {
        "user": "https://www.kickstarter.com/profile/showme"
      }
    }
  }, 
  "currency": "USD", 
  "currency_symbol": "$", 
  "currency_trailing_code": true, 
  "deadline": 1370010320, 
  "disable_communication": false, 
  "goal": 125000.0, 
  "id": 1136123743, 
  "launched_at": 1364826320, 
  "location": {
    "country": "DK", 
    "displayable_name": "Birkerod, Denmark", 
    "id": 552299, 
    "name": "Birkerod", 
    "short_name": "Birkerod, Denmark", 
    "slug": "birkerod-dk", 
    "state": "Hovedstaden", 
    "urls": {
      "api": {
        "nearby_projects": "https://api.kickstarter.com/v1/discover?signature=1405287078.ece10c7963d60ceb4ea000b676c6548854238dd9&woe_id=552299"
      }, 
      "web": {
        "discover": "https://www.kickstarter.com/discover/places/birkerod-dk", 
        "location": "https://www.kickstarter.com/locations/birkerod-dk"
      }
    }
  }, 
  "name": "ShowMe - The Shot By Shot GPS Scorecard", 
  "photo": {
    "1024x768": "https://s3.amazonaws.com/ksr/projects/469122/photo-1024x768.jpg?1397811326", 
    "1536x1152": "https://s3.amazonaws.com/ksr/projects/469122/photo-1536x1152.jpg?1397811326", 
    "ed": "https://s3.amazonaws.com/ksr/projects/469122/photo-ed.jpg?1397811326", 
    "full": "https://s3.amazonaws.com/ksr/projects/469122/photo-full.jpg?1397811326", 
    "little": "https://s3.amazonaws.com/ksr/projects/469122/photo-little.jpg?1397811326", 
    "med": "https://s3.amazonaws.com/ksr/projects/469122/photo-med.jpg?1397811326", 
    "small": "https://s3.amazonaws.com/ksr/projects/469122/photo-small.jpg?1397811326", 
    "thumb": "https://s3.amazonaws.com/ksr/projects/469122/photo-thumb.jpg?1397811326"
  }, 
  "pledged": 3794.0, 
  "slug": "showme-the-shot-by-shot-gps-scorecard", 
  "state": "failed", 
  "state_changed_at": 1370010320, 
  "urls": {
    "web": {
      "project": "https://www.kickstarter.com/projects/showme/showme-the-shot-by-shot-gps-scorecard", 
      "rewards": "https://www.kickstarter.com/projects/showme/showme-the-shot-by-shot-gps-scorecard/rewards"
    }
  }
}