{
  "backers_count": 58, 
  "blurb": "The Oscilloscope clock uses a cathode ray tube to display the time.", 
  "category": {
    "id": 334, 
    "name": "DIY Electronics", 
    "parent_id": 16, 
    "position": 4, 
    "slug": "technology/diy electronics", 
    "urls": {
      "web": {
        "discover": "http://www.kickstarter.com/discover/categories/technology/diy%20electronics"
      }
    }
  }, 
  "country": "US", 
  "created_at": 1397505581, 
  "creator": {
    "avatar": {
      "medium": "https://s3.amazonaws.com/ksr/avatars/8616648/3LO1I.medium.jpg?1383702533", 
      "small": "https://s3.amazonaws.com/ksr/avatars/8616648/3LO1I.small.jpg?1383702533", 
      "thumb": "https://s3.amazonaws.com/ksr/avatars/8616648/3LO1I.thumb.jpg?1383702533"
    }, 
    "id": 1474770115, 
    "name": "Howard Constantine", 
    "urls": {
      "api": {
        "user": "https://api.kickstarter.com/v1/users/1474770115?signature=1405310185.923150fd4b98c24577909fb31d56649c64b0f0fe"
      }, 
      "web": {
        "user": "https://www.kickstarter.com/profile/1474770115"
      }
    }
  }, 
  "currency": "USD", 
  "currency_symbol": "$", 
  "currency_trailing_code": true, 
  "deadline": 1400286106, 
  "disable_communication": false, 
  "goal": 5000.0, 
  "id": 1137110898, 
  "launched_at": 1397694106, 
  "location": {
    "country": "US", 
    "displayable_name": "Baltimore, MD", 
    "id": 2358820, 
    "name": "Baltimore", 
    "short_name": "Baltimore, MD", 
    "slug": "baltimore-md", 
    "state": "MD", 
    "urls": {
      "api": {
        "nearby_projects": "https://api.kickstarter.com/v1/discover?signature=1405283925.ff4157422aa37edff8d138c01d6153b69e8f5029&woe_id=2358820"
      }, 
      "web": {
        "discover": "https://www.kickstarter.com/discover/places/baltimore-md", 
        "location": "https://www.kickstarter.com/locations/baltimore-md"
      }
    }
  }, 
  "name": "The Oscilloscope Clock", 
  "photo": {
    "1024x768": "https://s3.amazonaws.com/ksr/projects/952757/photo-1024x768.jpg?1397876270", 
    "1536x1152": "https://s3.amazonaws.com/ksr/projects/952757/photo-1536x1152.jpg?1397876270", 
    "ed": "https://s3.amazonaws.com/ksr/projects/952757/photo-ed.jpg?1397876270", 
    "full": "https://s3.amazonaws.com/ksr/projects/952757/photo-full.jpg?1397876270", 
    "little": "https://s3.amazonaws.com/ksr/projects/952757/photo-little.jpg?1397876270", 
    "med": "https://s3.amazonaws.com/ksr/projects/952757/photo-med.jpg?1397876270", 
    "small": "https://s3.amazonaws.com/ksr/projects/952757/photo-small.jpg?1397876270", 
    "thumb": "https://s3.amazonaws.com/ksr/projects/952757/photo-thumb.jpg?1397876270"
  }, 
  "pledged": 12687.34, 
  "slug": "the-oscilloscope-clock", 
  "state": "successful", 
  "state_changed_at": 1400286106, 
  "urls": {
    "web": {
      "project": "https://www.kickstarter.com/projects/1474770115/the-oscilloscope-clock", 
      "rewards": "https://www.kickstarter.com/projects/1474770115/the-oscilloscope-clock/rewards"
    }
  }
}