{
  "backers_count": 312, 
  "blurb": "A Mongolian Project.  We see ways to improve music accessories, so we re-invent. We see ways to impact the world, so we re-invest.", 
  "category": {
    "id": 52, 
    "name": "Hardware", 
    "parent_id": 16, 
    "position": 8, 
    "slug": "technology/hardware", 
    "urls": {
      "web": {
        "discover": "http://www.kickstarter.com/discover/categories/technology/hardware"
      }
    }
  }, 
  "country": "US", 
  "created_at": 1368097656, 
  "creator": {
    "avatar": {
      "medium": "https://s3.amazonaws.com/ksr/avatars/6388696/Hlogo.medium.jpg?1403121844", 
      "small": "https://s3.amazonaws.com/ksr/avatars/6388696/Hlogo.small.jpg?1403121844", 
      "thumb": "https://s3.amazonaws.com/ksr/avatars/6388696/Hlogo.thumb.jpg?1403121844"
    }, 
    "id": 1731258877, 
    "name": "Kyle Koster", 
    "urls": {
      "api": {
        "user": "https://api.kickstarter.com/v1/users/1731258877?signature=1405310185.0e9bc7b83b4d4b5ff371f43515183018212af954"
      }, 
      "web": {
        "user": "https://www.kickstarter.com/profile/1731258877"
      }
    }
  }, 
  "currency": "USD", 
  "currency_symbol": "$", 
  "currency_trailing_code": true, 
  "deadline": 1381284759, 
  "disable_communication": false, 
  "goal": 7000.0, 
  "id": 1137929457, 
  "launched_at": 1377828759, 
  "location": {
    "country": "US", 
    "displayable_name": "Laramie, WY", 
    "id": 2436544, 
    "name": "Laramie", 
    "short_name": "Laramie, WY", 
    "slug": "laramie-wy", 
    "state": "WY", 
    "urls": {
      "api": {
        "nearby_projects": "https://api.kickstarter.com/v1/discover?signature=1405284616.df8b246050ece010f3e26d46fe4977d8a1f5b026&woe_id=2436544"
      }, 
      "web": {
        "discover": "https://www.kickstarter.com/discover/places/laramie-wy", 
        "location": "https://www.kickstarter.com/locations/laramie-wy"
      }
    }
  }, 
  "name": "Hogjim: Music Imports - Innovative Guitar Accessories", 
  "photo": {
    "1024x768": "https://s3.amazonaws.com/ksr/projects/550958/photo-1024x768.jpg?1397820009", 
    "1536x1152": "https://s3.amazonaws.com/ksr/projects/550958/photo-1536x1152.jpg?1397820009", 
    "ed": "https://s3.amazonaws.com/ksr/projects/550958/photo-ed.jpg?1397820009", 
    "full": "https://s3.amazonaws.com/ksr/projects/550958/photo-full.jpg?1397820009", 
    "little": "https://s3.amazonaws.com/ksr/projects/550958/photo-little.jpg?1397820009", 
    "med": "https://s3.amazonaws.com/ksr/projects/550958/photo-med.jpg?1397820009", 
    "small": "https://s3.amazonaws.com/ksr/projects/550958/photo-small.jpg?1397820009", 
    "thumb": "https://s3.amazonaws.com/ksr/projects/550958/photo-thumb.jpg?1397820009"
  }, 
  "pledged": 12799.0, 
  "slug": "hogjim-music-imports-innovative-guitar-accessories", 
  "state": "successful", 
  "state_changed_at": 1381284759, 
  "urls": {
    "web": {
      "project": "https://www.kickstarter.com/projects/1731258877/hogjim-music-imports-innovative-guitar-accessories", 
      "rewards": "https://www.kickstarter.com/projects/1731258877/hogjim-music-imports-innovative-guitar-accessories/rewards"
    }
  }
}