{
  "backers_count": 309, 
  "blurb": "We've created an open source bike registry to fight bike theft and save the world", 
  "category": {
    "id": 51, 
    "name": "Software", 
    "parent_id": 16, 
    "position": 11, 
    "slug": "technology/software", 
    "urls": {
      "web": {
        "discover": "http://www.kickstarter.com/discover/categories/technology/software"
      }
    }
  }, 
  "country": "US", 
  "created_at": 1376592815, 
  "creator": {
    "avatar": {
      "medium": "https://s3.amazonaws.com/ksr/avatars/6169483/fb_profile_picture.medium.jpg?1376594905", 
      "small": "https://s3.amazonaws.com/ksr/avatars/6169483/fb_profile_picture.small.jpg?1376594905", 
      "thumb": "https://s3.amazonaws.com/ksr/avatars/6169483/fb_profile_picture.thumb.jpg?1376594905"
    }, 
    "id": 1073266317, 
    "name": "Seth Herr", 
    "urls": {
      "api": {
        "user": "https://api.kickstarter.com/v1/users/1073266317?signature=1405310028.8acd96349eba910f37d34f49716e3e95e6eac5d6"
      }, 
      "web": {
        "user": "https://www.kickstarter.com/profile/1073266317"
      }
    }
  }, 
  "currency": "USD", 
  "currency_symbol": "$", 
  "currency_trailing_code": true, 
  "deadline": 1381596545, 
  "disable_communication": false, 
  "goal": 50000.0, 
  "id": 1137182123, 
  "launched_at": 1379090945, 
  "location": {
    "country": "US", 
    "displayable_name": "Chicago, IL", 
    "id": 2379574, 
    "name": "Chicago", 
    "short_name": "Chicago, IL", 
    "slug": "chicago-il", 
    "state": "IL", 
    "urls": {
      "api": {
        "nearby_projects": "https://api.kickstarter.com/v1/discover?signature=1405283924.8f63700f7031fb64c1fc151929225a5757f1a64e&woe_id=2379574"
      }, 
      "web": {
        "discover": "https://www.kickstarter.com/discover/places/chicago-il", 
        "location": "https://www.kickstarter.com/locations/chicago-il"
      }
    }
  }, 
  "name": "The Bike Index: Let's Stop Bike Theft, Together", 
  "photo": {
    "1024x768": "https://s3.amazonaws.com/ksr/projects/651483/photo-1024x768.jpg?1397830988", 
    "1536x1152": "https://s3.amazonaws.com/ksr/projects/651483/photo-1536x1152.jpg?1397830988", 
    "ed": "https://s3.amazonaws.com/ksr/projects/651483/photo-ed.jpg?1397830988", 
    "full": "https://s3.amazonaws.com/ksr/projects/651483/photo-full.jpg?1397830988", 
    "little": "https://s3.amazonaws.com/ksr/projects/651483/photo-little.jpg?1397830988", 
    "med": "https://s3.amazonaws.com/ksr/projects/651483/photo-med.jpg?1397830988", 
    "small": "https://s3.amazonaws.com/ksr/projects/651483/photo-small.jpg?1397830988", 
    "thumb": "https://s3.amazonaws.com/ksr/projects/651483/photo-thumb.jpg?1397830988"
  }, 
  "pledged": 51217.0, 
  "slug": "the-bike-index-lets-stop-bike-theft-together", 
  "state": "successful", 
  "state_changed_at": 1381596545, 
  "urls": {
    "web": {
      "project": "https://www.kickstarter.com/projects/1073266317/the-bike-index-lets-stop-bike-theft-together", 
      "rewards": "https://www.kickstarter.com/projects/1073266317/the-bike-index-lets-stop-bike-theft-together/rewards"
    }
  }
}