{
  "backers_count": 4, 
  "blurb": "A fully functional Linux Distribution powered by the Enlightenment Foundation Libraries. Geared towards touch screen and ARM devices.", 
  "category": {
    "id": 51, 
    "name": "Software", 
    "parent_id": 16, 
    "position": 11, 
    "slug": "technology/software", 
    "urls": {
      "web": {
        "discover": "http://www.kickstarter.com/discover/categories/technology/software"
      }
    }
  }, 
  "country": "US", 
  "created_at": 1310504851, 
  "creator": {
    "avatar": {
      "medium": "https://s3.amazonaws.com/ksr/avatars/1079638/headshot2.medium.jpg?1310510006", 
      "small": "https://s3.amazonaws.com/ksr/avatars/1079638/headshot2.small.jpg?1310510006", 
      "thumb": "https://s3.amazonaws.com/ksr/avatars/1079638/headshot2.thumb.jpg?1310510006"
    }, 
    "id": 560221218, 
    "name": "Jeff Hoogland", 
    "urls": {
      "api": {
        "user": "https://api.kickstarter.com/v1/users/560221218?signature=1405310640.faa8ddc9d9935a47cd7ed7fdf3cc788ebdec1a5b"
      }, 
      "web": {
        "user": "https://www.kickstarter.com/profile/560221218"
      }
    }
  }, 
  "currency": "USD", 
  "currency_symbol": "$", 
  "currency_trailing_code": true, 
  "deadline": 1314408200, 
  "disable_communication": false, 
  "goal": 10000.0, 
  "id": 113876924, 
  "launched_at": 1310520200, 
  "location": {
    "country": "US", 
    "displayable_name": "Chicago, IL", 
    "id": 2379574, 
    "name": "Chicago", 
    "short_name": "Chicago, IL", 
    "slug": "chicago-il", 
    "state": "IL", 
    "urls": {
      "api": {
        "nearby_projects": "https://api.kickstarter.com/v1/discover?signature=1405283924.8f63700f7031fb64c1fc151929225a5757f1a64e&woe_id=2379574"
      }, 
      "web": {
        "discover": "https://www.kickstarter.com/discover/places/chicago-il", 
        "location": "https://www.kickstarter.com/locations/chicago-il"
      }
    }
  }, 
  "name": "Bodhi Linux for ARM", 
  "photo": {
    "1024x768": "https://s3.amazonaws.com/ksr/projects/41649/photo-1024x768.jpg?1397764695", 
    "1536x1152": "https://s3.amazonaws.com/ksr/projects/41649/photo-1536x1152.jpg?1397764695", 
    "ed": "https://s3.amazonaws.com/ksr/projects/41649/photo-ed.jpg?1397764695", 
    "full": "https://s3.amazonaws.com/ksr/projects/41649/photo-full.jpg?1397764695", 
    "little": "https://s3.amazonaws.com/ksr/projects/41649/photo-little.jpg?1397764695", 
    "med": "https://s3.amazonaws.com/ksr/projects/41649/photo-med.jpg?1397764695", 
    "small": "https://s3.amazonaws.com/ksr/projects/41649/photo-small.jpg?1397764695", 
    "thumb": "https://s3.amazonaws.com/ksr/projects/41649/photo-thumb.jpg?1397764695"
  }, 
  "pledged": 28.0, 
  "slug": "bodhi-linux-for-arm", 
  "state": "failed", 
  "state_changed_at": 1314408204, 
  "urls": {
    "web": {
      "project": "https://www.kickstarter.com/projects/560221218/bodhi-linux-for-arm", 
      "rewards": "https://www.kickstarter.com/projects/560221218/bodhi-linux-for-arm/rewards"
    }
  }
}