{
  "backers_count": 3, 
  "blurb": "A fun, interactive #iOSapp designed to showcase diversity and self-expression in the #LGBTQ community.", 
  "category": {
    "id": 332, 
    "name": "Apps", 
    "parent_id": 16, 
    "position": 2, 
    "slug": "technology/apps", 
    "urls": {
      "web": {
        "discover": "http://www.kickstarter.com/discover/categories/technology/apps"
      }
    }
  }, 
  "country": "GB", 
  "created_at": 1403713829, 
  "creator": {
    "avatar": {
      "medium": "https://s3.amazonaws.com/ksr/avatars/11134459/Screen_Shot_2014-06-25_at_18.24.19.medium.jpg?1403717090", 
      "small": "https://s3.amazonaws.com/ksr/avatars/11134459/Screen_Shot_2014-06-25_at_18.24.19.small.jpg?1403717090", 
      "thumb": "https://s3.amazonaws.com/ksr/avatars/11134459/Screen_Shot_2014-06-25_at_18.24.19.thumb.jpg?1403717090"
    }, 
    "id": 15652014, 
    "name": "Queer Booth iOS App Development", 
    "slug": "queerboothapp", 
    "urls": {
      "api": {
        "user": "https://api.kickstarter.com/v1/users/15652014?signature=1405310275.ef1b50f50d575d6e436bd2755dc046b72504bb18"
      }, 
      "web": {
        "user": "https://www.kickstarter.com/profile/queerboothapp"
      }
    }
  }, 
  "currency": "GBP", 
  "currency_symbol": "\u00a3", 
  "currency_trailing_code": false, 
  "deadline": 1407947400, 
  "disable_communication": false, 
  "goal": 10000.0, 
  "id": 1138318838, 
  "launched_at": 1405084592, 
  "location": {
    "country": "GB", 
    "displayable_name": "London, UK", 
    "id": 44418, 
    "name": "London", 
    "short_name": "London, UK", 
    "slug": "london-gb", 
    "state": "England", 
    "urls": {
      "api": {
        "nearby_projects": "https://api.kickstarter.com/v1/discover?signature=1405283922.82a390c7080dcb5af2825d7dc4e2293adc57bbf0&woe_id=44418"
      }, 
      "web": {
        "discover": "https://www.kickstarter.com/discover/places/london-gb", 
        "location": "https://www.kickstarter.com/locations/london-gb"
      }
    }
  }, 
  "name": "Queer Booth App Development Funding", 
  "photo": {
    "1024x768": "https://s3.amazonaws.com/ksr/projects/1059856/photo-1024x768.jpg?1403714020", 
    "1536x1152": "https://s3.amazonaws.com/ksr/projects/1059856/photo-1536x1152.jpg?1403714020", 
    "ed": "https://s3.amazonaws.com/ksr/projects/1059856/photo-ed.jpg?1403714020", 
    "full": "https://s3.amazonaws.com/ksr/projects/1059856/photo-full.jpg?1403714020", 
    "little": "https://s3.amazonaws.com/ksr/projects/1059856/photo-little.jpg?1403714020", 
    "med": "https://s3.amazonaws.com/ksr/projects/1059856/photo-med.jpg?1403714020", 
    "small": "https://s3.amazonaws.com/ksr/projects/1059856/photo-small.jpg?1403714020", 
    "thumb": "https://s3.amazonaws.com/ksr/projects/1059856/photo-thumb.jpg?1403714020"
  }, 
  "pledged": 318.0, 
  "slug": "queer-booth-app-development-funding", 
  "state": "live", 
  "state_changed_at": 1405084592, 
  "urls": {
    "web": {
      "project": "https://www.kickstarter.com/projects/queerboothapp/queer-booth-app-development-funding", 
      "rewards": "https://www.kickstarter.com/projects/queerboothapp/queer-booth-app-development-funding/rewards"
    }
  }
}