{
  "backers_count": 18, 
  "blurb": "An easy to use windows app to help shutterbugs and geospatial professionals map and view their photos through a single shareable file.", 
  "category": {
    "id": 51, 
    "name": "Software", 
    "parent_id": 16, 
    "position": 11, 
    "slug": "technology/software", 
    "urls": {
      "web": {
        "discover": "http://www.kickstarter.com/discover/categories/technology/software"
      }
    }
  }, 
  "country": "US", 
  "created_at": 1332504592, 
  "creator": {
    "avatar": {
      "medium": "https://s3.amazonaws.com/ksr/avatars/1330721/Portrait.medium.jpg?1332642092", 
      "small": "https://s3.amazonaws.com/ksr/avatars/1330721/Portrait.small.jpg?1332642092", 
      "thumb": "https://s3.amazonaws.com/ksr/avatars/1330721/Portrait.thumb.jpg?1332642092"
    }, 
    "id": 1338011805, 
    "name": "Peter Stratton", 
    "slug": "phs", 
    "urls": {
      "api": {
        "user": "https://api.kickstarter.com/v1/users/1338011805?signature=1405310487.c2ffbfe9844c489324a9389f49aa82eceaabc4cb"
      }, 
      "web": {
        "user": "https://www.kickstarter.com/profile/phs"
      }
    }
  }, 
  "currency": "USD", 
  "currency_symbol": "$", 
  "currency_trailing_code": true, 
  "deadline": 1337468427, 
  "disable_communication": false, 
  "goal": 3609.0, 
  "id": 1139112742, 
  "launched_at": 1334876427, 
  "location": {
    "country": "US", 
    "displayable_name": "Philadelphia, PA", 
    "id": 2471217, 
    "name": "Philadelphia", 
    "short_name": "Philadelphia, PA", 
    "slug": "philadelphia-pa", 
    "state": "PA", 
    "urls": {
      "api": {
        "nearby_projects": "https://api.kickstarter.com/v1/discover?signature=1405283922.f4d9556bc614530013e9f0c04bbddb4bfaee590d&woe_id=2471217"
      }, 
      "web": {
        "discover": "https://www.kickstarter.com/discover/places/philadelphia-pa", 
        "location": "https://www.kickstarter.com/locations/philadelphia-pa"
      }
    }
  }, 
  "name": "GeoPhoto Tracker", 
  "photo": {
    "1024x768": "https://s3.amazonaws.com/ksr/projects/112327/photo-1024x768.jpg?1397775521", 
    "1536x1152": "https://s3.amazonaws.com/ksr/projects/112327/photo-1536x1152.jpg?1397775521", 
    "ed": "https://s3.amazonaws.com/ksr/projects/112327/photo-ed.jpg?1397775521", 
    "full": "https://s3.amazonaws.com/ksr/projects/112327/photo-full.jpg?1397775521", 
    "little": "https://s3.amazonaws.com/ksr/projects/112327/photo-little.jpg?1397775521", 
    "med": "https://s3.amazonaws.com/ksr/projects/112327/photo-med.jpg?1397775521", 
    "small": "https://s3.amazonaws.com/ksr/projects/112327/photo-small.jpg?1397775521", 
    "thumb": "https://s3.amazonaws.com/ksr/projects/112327/photo-thumb.jpg?1397775521"
  }, 
  "pledged": 1275.0, 
  "slug": "geophoto-tracker", 
  "state": "failed", 
  "state_changed_at": 1337468428, 
  "urls": {
    "web": {
      "project": "https://www.kickstarter.com/projects/phs/geophoto-tracker", 
      "rewards": "https://www.kickstarter.com/projects/phs/geophoto-tracker/rewards"
    }
  }
}