{
  "backers_count": 3, 
  "blurb": "Enhance your wearable projects with these area LEDs that generate soft ambient glowing colors.", 
  "category": {
    "id": 52, 
    "name": "Hardware", 
    "parent_id": 16, 
    "position": 8, 
    "slug": "technology/hardware", 
    "urls": {
      "web": {
        "discover": "http://www.kickstarter.com/discover/categories/technology/hardware"
      }
    }
  }, 
  "country": "US", 
  "created_at": 1402785078, 
  "creator": {
    "avatar": {
      "medium": "https://s3.amazonaws.com/ksr/avatars/11022161/KS_Id.medium.jpg?1402794991", 
      "small": "https://s3.amazonaws.com/ksr/avatars/11022161/KS_Id.small.jpg?1402794991", 
      "thumb": "https://s3.amazonaws.com/ksr/avatars/11022161/KS_Id.thumb.jpg?1402794991"
    }, 
    "id": 1082149523, 
    "name": "Hemanth Kanekal", 
    "urls": {
      "api": {
        "user": "https://api.kickstarter.com/v1/users/1082149523?signature=1405310623.2385ec3d69fb16ad60dcab4f5a09f87e659b8c6a"
      }, 
      "web": {
        "user": "https://www.kickstarter.com/profile/1082149523"
      }
    }
  }, 
  "currency": "USD", 
  "currency_symbol": "$", 
  "currency_trailing_code": true, 
  "deadline": 1406217125, 
  "disable_communication": false, 
  "goal": 25000.0, 
  "id": 1140276896, 
  "launched_at": 1403625125, 
  "location": {
    "country": "US", 
    "displayable_name": "San Jose, CA", 
    "id": 2488042, 
    "name": "San Jose", 
    "short_name": "San Jose, CA", 
    "slug": "san-jose-ca", 
    "state": "CA", 
    "urls": {
      "api": {
        "nearby_projects": "https://api.kickstarter.com/v1/discover?signature=1405283925.2ce4396cf27276664beee3de6d4e234fb1809980&woe_id=2488042"
      }, 
      "web": {
        "discover": "https://www.kickstarter.com/discover/places/san-jose-ca", 
        "location": "https://www.kickstarter.com/locations/san-jose-ca"
      }
    }
  }, 
  "name": "Area LEDs (Canceled)", 
  "photo": {
    "1024x768": "https://s3.amazonaws.com/ksr/projects/1044188/photo-1024x768.jpg?1403239242", 
    "1536x1152": "https://s3.amazonaws.com/ksr/projects/1044188/photo-1536x1152.jpg?1403239242", 
    "ed": "https://s3.amazonaws.com/ksr/projects/1044188/photo-ed.jpg?1403239242", 
    "full": "https://s3.amazonaws.com/ksr/projects/1044188/photo-full.jpg?1403239242", 
    "little": "https://s3.amazonaws.com/ksr/projects/1044188/photo-little.jpg?1403239242", 
    "med": "https://s3.amazonaws.com/ksr/projects/1044188/photo-med.jpg?1403239242", 
    "small": "https://s3.amazonaws.com/ksr/projects/1044188/photo-small.jpg?1403239242", 
    "thumb": "https://s3.amazonaws.com/ksr/projects/1044188/photo-thumb.jpg?1403239242"
  }, 
  "pledged": 54.0, 
  "slug": "area-leds-for-makers-and-tinkerers", 
  "state": "canceled", 
  "state_changed_at": 1404192791, 
  "urls": {
    "web": {
      "project": "https://www.kickstarter.com/projects/1082149523/area-leds-for-makers-and-tinkerers", 
      "rewards": "https://www.kickstarter.com/projects/1082149523/area-leds-for-makers-and-tinkerers/rewards"
    }
  }
}