{
  "backers_count": 17, 
  "blurb": "A free and open source format to broadcast all the aspects of a cultural event, real-time straight in the cloud.", 
  "category": {
    "id": 16, 
    "name": "Technology", 
    "position": 14, 
    "slug": "technology", 
    "urls": {
      "web": {
        "discover": "http://www.kickstarter.com/discover/categories/technology"
      }
    }
  }, 
  "country": "US", 
  "created_at": 1367314245, 
  "creator": {
    "avatar": {
      "medium": "https://s3.amazonaws.com/ksr/avatars/802305/claire-mdq-close.medium.jpg?1367309789", 
      "small": "https://s3.amazonaws.com/ksr/avatars/802305/claire-mdq-close.small.jpg?1367309789", 
      "thumb": "https://s3.amazonaws.com/ksr/avatars/802305/claire-mdq-close.thumb.jpg?1367309789"
    }, 
    "id": 1896854385, 
    "name": "Brice, Gabriel and Claire", 
    "urls": {
      "api": {
        "user": "https://api.kickstarter.com/v1/users/1896854385?signature=1405310484.4b53e04acfaef422387c7170b207cdc2dd9cc08c"
      }, 
      "web": {
        "user": "https://www.kickstarter.com/profile/1896854385"
      }
    }
  }, 
  "currency": "USD", 
  "currency_symbol": "$", 
  "currency_trailing_code": true, 
  "deadline": 1370591159, 
  "disable_communication": false, 
  "goal": 10000.0, 
  "id": 1140119862, 
  "launched_at": 1367999159, 
  "location": {
    "country": "ES", 
    "displayable_name": "Valencia, Spain", 
    "id": 776688, 
    "name": "Valencia", 
    "short_name": "Valencia, Spain", 
    "slug": "valencia-valencia-valencia", 
    "state": "Valencia", 
    "urls": {
      "api": {
        "nearby_projects": "https://api.kickstarter.com/v1/discover?signature=1405283989.9245990bd44ea95b8a5aae494f6fcee0b7a29384&woe_id=776688"
      }, 
      "web": {
        "discover": "https://www.kickstarter.com/discover/places/valencia-valencia-valencia", 
        "location": "https://www.kickstarter.com/locations/valencia-valencia-valencia"
      }
    }
  }, 
  "name": "ESS \u25b6 Culture in an Open Source Feed", 
  "photo": {
    "1024x768": "https://s3.amazonaws.com/ksr/projects/540542/photo-1024x768.jpg?1397818793", 
    "1536x1152": "https://s3.amazonaws.com/ksr/projects/540542/photo-1536x1152.jpg?1397818793", 
    "ed": "https://s3.amazonaws.com/ksr/projects/540542/photo-ed.jpg?1397818793", 
    "full": "https://s3.amazonaws.com/ksr/projects/540542/photo-full.jpg?1397818793", 
    "little": "https://s3.amazonaws.com/ksr/projects/540542/photo-little.jpg?1397818793", 
    "med": "https://s3.amazonaws.com/ksr/projects/540542/photo-med.jpg?1397818793", 
    "small": "https://s3.amazonaws.com/ksr/projects/540542/photo-small.jpg?1397818793", 
    "thumb": "https://s3.amazonaws.com/ksr/projects/540542/photo-thumb.jpg?1397818793"
  }, 
  "pledged": 1317.0, 
  "slug": "ess-culture-in-an-open-source-feed-0", 
  "state": "failed", 
  "state_changed_at": 1370591161, 
  "urls": {
    "web": {
      "project": "https://www.kickstarter.com/projects/1896854385/ess-culture-in-an-open-source-feed-0", 
      "rewards": "https://www.kickstarter.com/projects/1896854385/ess-culture-in-an-open-source-feed-0/rewards"
    }
  }
}