{
  "backers_count": 12, 
  "blurb": "The Oil Painting Machine that produces real art that has only been possible by artists. You don't need to have special skills anymore.", 
  "category": {
    "id": 16, 
    "name": "Technology", 
    "position": 14, 
    "slug": "technology", 
    "urls": {
      "web": {
        "discover": "http://www.kickstarter.com/discover/categories/technology"
      }
    }
  }, 
  "country": "AU", 
  "created_at": 1381832696, 
  "creator": {
    "avatar": {
      "medium": "https://s3.amazonaws.com/ksr/avatars/8376323/TechWizards_logo.medium.jpg?1384640006", 
      "small": "https://s3.amazonaws.com/ksr/avatars/8376323/TechWizards_logo.small.jpg?1384640006", 
      "thumb": "https://s3.amazonaws.com/ksr/avatars/8376323/TechWizards_logo.thumb.jpg?1384640006"
    }, 
    "id": 513094215, 
    "name": "Techwizards AU", 
    "slug": "techwizardsau", 
    "urls": {
      "api": {
        "user": "https://api.kickstarter.com/v1/users/513094215?signature=1405310514.2b19c8379785b182667f77ae7456189f98418db3"
      }, 
      "web": {
        "user": "https://www.kickstarter.com/profile/techwizardsau"
      }
    }
  }, 
  "currency": "AUD", 
  "currency_symbol": "$", 
  "currency_trailing_code": true, 
  "deadline": 1387612979, 
  "disable_communication": false, 
  "goal": 20000.0, 
  "id": 11402645, 
  "launched_at": 1385020979, 
  "location": {
    "country": "AU", 
    "displayable_name": "Sydney, AU", 
    "id": 1105779, 
    "name": "Sydney", 
    "short_name": "Sydney, AU", 
    "slug": "sydney-au", 
    "state": "NSW", 
    "urls": {
      "api": {
        "nearby_projects": "https://api.kickstarter.com/v1/discover?signature=1405283928.b1042d9f50bfa3ea3c0d8ba603153ba6f2e1616b&woe_id=1105779"
      }, 
      "web": {
        "discover": "https://www.kickstarter.com/discover/places/sydney-au", 
        "location": "https://www.kickstarter.com/locations/sydney-au"
      }
    }
  }, 
  "name": "The World's First Oil Painting Machine 'that we know of'.", 
  "photo": {
    "1024x768": "https://s3.amazonaws.com/ksr/projects/719458/photo-1024x768.jpg?1397851575", 
    "1536x1152": "https://s3.amazonaws.com/ksr/projects/719458/photo-1536x1152.jpg?1397851575", 
    "ed": "https://s3.amazonaws.com/ksr/projects/719458/photo-ed.jpg?1397851575", 
    "full": "https://s3.amazonaws.com/ksr/projects/719458/photo-full.jpg?1397851575", 
    "little": "https://s3.amazonaws.com/ksr/projects/719458/photo-little.jpg?1397851575", 
    "med": "https://s3.amazonaws.com/ksr/projects/719458/photo-med.jpg?1397851575", 
    "small": "https://s3.amazonaws.com/ksr/projects/719458/photo-small.jpg?1397851575", 
    "thumb": "https://s3.amazonaws.com/ksr/projects/719458/photo-thumb.jpg?1397851575"
  }, 
  "pledged": 870.0, 
  "slug": "the-worlds-first-oil-painting-machine-that-we-know", 
  "state": "failed", 
  "state_changed_at": 1387612985, 
  "urls": {
    "web": {
      "project": "https://www.kickstarter.com/projects/techwizardsau/the-worlds-first-oil-painting-machine-that-we-know", 
      "rewards": "https://www.kickstarter.com/projects/techwizardsau/the-worlds-first-oil-painting-machine-that-we-know/rewards"
    }
  }
}