{
  "backers_count": 0, 
  "blurb": "Fed up with paying a licence fee for SolusVM, WHMCS and your customers Minecraft Control Panel? See what we are planning!", 
  "category": {
    "id": 51, 
    "name": "Software", 
    "parent_id": 16, 
    "position": 11, 
    "slug": "technology/software", 
    "urls": {
      "web": {
        "discover": "http://www.kickstarter.com/discover/categories/technology/software"
      }
    }
  }, 
  "country": "GB", 
  "created_at": 1404065961, 
  "creator": {
    "avatar": {
      "medium": "https://s3.amazonaws.com/ksr/avatars/4533055/29168_390316206996_3214953_n.medium.jpg?1351719127", 
      "small": "https://s3.amazonaws.com/ksr/avatars/4533055/29168_390316206996_3214953_n.small.jpg?1351719127", 
      "thumb": "https://s3.amazonaws.com/ksr/avatars/4533055/29168_390316206996_3214953_n.thumb.jpg?1351719127"
    }, 
    "id": 1956302550, 
    "name": "Dave Grix", 
    "urls": {
      "api": {
        "user": "https://api.kickstarter.com/v1/users/1956302550?signature=1405310312.584964eb3175d709bc22a609a74e904ddd5ac3a7"
      }, 
      "web": {
        "user": "https://www.kickstarter.com/profile/1956302550"
      }
    }
  }, 
  "currency": "GBP", 
  "currency_symbol": "\u00a3", 
  "currency_trailing_code": false, 
  "deadline": 1407353237, 
  "disable_communication": false, 
  "goal": 3000.0, 
  "id": 1140556215, 
  "launched_at": 1404761237, 
  "location": {
    "country": "GB", 
    "displayable_name": "North Yorkshire, UK", 
    "id": 12602195, 
    "name": "North Yorkshire", 
    "short_name": "North Yorkshire, UK", 
    "slug": "north-yorkshire-gb", 
    "state": "England", 
    "urls": {
      "api": {
        "nearby_projects": "https://api.kickstarter.com/v1/discover?signature=1405283935.356b9c430ef60828a9707bc7da0ff03d8d7c5550&woe_id=12602195"
      }, 
      "web": {
        "discover": "https://www.kickstarter.com/discover/places/north-yorkshire-gb", 
        "location": "https://www.kickstarter.com/locations/north-yorkshire-gb"
      }
    }
  }, 
  "name": "Minecraft Hosting All in One Solution", 
  "photo": {
    "1024x768": "https://s3.amazonaws.com/ksr/projects/1065664/photo-1024x768.jpg?1404066996", 
    "1536x1152": "https://s3.amazonaws.com/ksr/projects/1065664/photo-1536x1152.jpg?1404066996", 
    "ed": "https://s3.amazonaws.com/ksr/projects/1065664/photo-ed.jpg?1404066996", 
    "full": "https://s3.amazonaws.com/ksr/projects/1065664/photo-full.jpg?1404066996", 
    "little": "https://s3.amazonaws.com/ksr/projects/1065664/photo-little.jpg?1404066996", 
    "med": "https://s3.amazonaws.com/ksr/projects/1065664/photo-med.jpg?1404066996", 
    "small": "https://s3.amazonaws.com/ksr/projects/1065664/photo-small.jpg?1404066996", 
    "thumb": "https://s3.amazonaws.com/ksr/projects/1065664/photo-thumb.jpg?1404066996"
  }, 
  "pledged": 0.0, 
  "slug": "minecraft-hosting-all-in-one-solution", 
  "state": "live", 
  "state_changed_at": 1404761237, 
  "urls": {
    "web": {
      "project": "https://www.kickstarter.com/projects/1956302550/minecraft-hosting-all-in-one-solution", 
      "rewards": "https://www.kickstarter.com/projects/1956302550/minecraft-hosting-all-in-one-solution/rewards"
    }
  }
}