{
  "backers_count": 380, 
  "blurb": "The GoPiGo is a delightful and complete robot for\nthe Raspberry Pi that turns your Pi into a fully operating robot.", 
  "category": {
    "id": 16, 
    "name": "Technology", 
    "position": 14, 
    "slug": "technology", 
    "urls": {
      "web": {
        "discover": "http://www.kickstarter.com/discover/categories/technology"
      }
    }
  }, 
  "country": "US", 
  "created_at": 1396290397, 
  "creator": {
    "avatar": {
      "medium": "https://s3.amazonaws.com/ksr/avatars/442550/DILogo-125.medium.jpg?1366976938", 
      "small": "https://s3.amazonaws.com/ksr/avatars/442550/DILogo-125.small.jpg?1366976938", 
      "thumb": "https://s3.amazonaws.com/ksr/avatars/442550/DILogo-125.thumb.jpg?1366976938"
    }, 
    "id": 1654675853, 
    "name": "Dexter Industries", 
    "slug": "john-cole", 
    "urls": {
      "api": {
        "user": "https://api.kickstarter.com/v1/users/1654675853?signature=1405310019.6c4478170fa0edb8dea14dcfe6245eace1c0f71c"
      }, 
      "web": {
        "user": "https://www.kickstarter.com/profile/john-cole"
      }
    }
  }, 
  "currency": "USD", 
  "currency_symbol": "$", 
  "currency_trailing_code": true, 
  "deadline": 1401370561, 
  "disable_communication": false, 
  "goal": 7600.0, 
  "id": 1140901431, 
  "launched_at": 1397482561, 
  "location": {
    "country": "US", 
    "displayable_name": "Arlington, VA", 
    "id": 2355942, 
    "name": "Arlington", 
    "short_name": "Arlington, VA", 
    "slug": "arlington-arlington-va", 
    "state": "VA", 
    "urls": {
      "api": {
        "nearby_projects": "https://api.kickstarter.com/v1/discover?signature=1405283931.5b876d29768101986c8af4b02be6181f4dbba156&woe_id=2355942"
      }, 
      "web": {
        "discover": "https://www.kickstarter.com/discover/places/arlington-arlington-va", 
        "location": "https://www.kickstarter.com/locations/arlington-arlington-va"
      }
    }
  }, 
  "name": "GoPiGo:  The Delightful Raspberry Pi Robot", 
  "photo": {
    "1024x768": "https://s3.amazonaws.com/ksr/projects/932503/photo-1024x768.jpg?1397874284", 
    "1536x1152": "https://s3.amazonaws.com/ksr/projects/932503/photo-1536x1152.jpg?1397874284", 
    "ed": "https://s3.amazonaws.com/ksr/projects/932503/photo-ed.jpg?1397874284", 
    "full": "https://s3.amazonaws.com/ksr/projects/932503/photo-full.jpg?1397874284", 
    "little": "https://s3.amazonaws.com/ksr/projects/932503/photo-little.jpg?1397874284", 
    "med": "https://s3.amazonaws.com/ksr/projects/932503/photo-med.jpg?1397874284", 
    "small": "https://s3.amazonaws.com/ksr/projects/932503/photo-small.jpg?1397874284", 
    "thumb": "https://s3.amazonaws.com/ksr/projects/932503/photo-thumb.jpg?1397874284"
  }, 
  "pledged": 56546.0, 
  "slug": "gopigo-the-delightful-raspberry-pi-robot", 
  "state": "successful", 
  "state_changed_at": 1401370561, 
  "urls": {
    "web": {
      "project": "https://www.kickstarter.com/projects/john-cole/gopigo-the-delightful-raspberry-pi-robot", 
      "rewards": "https://www.kickstarter.com/projects/john-cole/gopigo-the-delightful-raspberry-pi-robot/rewards"
    }
  }
}