{
  "backers_count": 8, 
  "blurb": "You have seen morphing two images together to create a blended image.  Now imagine morphing portions of prose to create blended prose.", 
  "category": {
    "id": 16, 
    "name": "Technology", 
    "position": 14, 
    "slug": "technology", 
    "urls": {
      "web": {
        "discover": "http://www.kickstarter.com/discover/categories/technology"
      }
    }
  }, 
  "country": "US", 
  "created_at": 1330471062, 
  "creator": {
    "avatar": {
      "medium": "https://s3.amazonaws.com/ksr/avatars/2089563/Aneuclose_Connor.medium.jpg?1330538751", 
      "small": "https://s3.amazonaws.com/ksr/avatars/2089563/Aneuclose_Connor.small.jpg?1330538751", 
      "thumb": "https://s3.amazonaws.com/ksr/avatars/2089563/Aneuclose_Connor.thumb.jpg?1330538751"
    }, 
    "id": 1428714387, 
    "name": "Robert Connor", 
    "urls": {
      "api": {
        "user": "https://api.kickstarter.com/v1/users/1428714387?signature=1405310588.3ea20b6660152b1039b8c0894e386ed994091386"
      }, 
      "web": {
        "user": "https://www.kickstarter.com/profile/1428714387"
      }
    }
  }, 
  "currency": "USD", 
  "currency_symbol": "$", 
  "currency_trailing_code": true, 
  "deadline": 1335967990, 
  "disable_communication": false, 
  "goal": 10000.0, 
  "id": 1140545485, 
  "launched_at": 1330787590, 
  "location": {
    "country": "US", 
    "displayable_name": "Forest Lake, MN", 
    "id": 2405279, 
    "name": "Forest Lake", 
    "short_name": "Forest Lake, MN", 
    "slug": "forest-lake-mn", 
    "state": "MN", 
    "urls": {
      "api": {
        "nearby_projects": "https://api.kickstarter.com/v1/discover?signature=1405298846.5762438926877bee387428c32f920ca94408647f&woe_id=2405279"
      }, 
      "web": {
        "discover": "https://www.kickstarter.com/discover/places/forest-lake-mn", 
        "location": "https://www.kickstarter.com/locations/forest-lake-mn"
      }
    }
  }, 
  "name": "Text Morphing: Morphing Prose Instead of Images", 
  "photo": {
    "1024x768": "https://s3.amazonaws.com/ksr/projects/80738/photo-1024x768.jpg?1397771999", 
    "1536x1152": "https://s3.amazonaws.com/ksr/projects/80738/photo-1536x1152.jpg?1397771999", 
    "ed": "https://s3.amazonaws.com/ksr/projects/80738/photo-ed.jpg?1397771999", 
    "full": "https://s3.amazonaws.com/ksr/projects/80738/photo-full.jpg?1397771999", 
    "little": "https://s3.amazonaws.com/ksr/projects/80738/photo-little.jpg?1397771999", 
    "med": "https://s3.amazonaws.com/ksr/projects/80738/photo-med.jpg?1397771999", 
    "small": "https://s3.amazonaws.com/ksr/projects/80738/photo-small.jpg?1397771999", 
    "thumb": "https://s3.amazonaws.com/ksr/projects/80738/photo-thumb.jpg?1397771999"
  }, 
  "pledged": 171.0, 
  "slug": "text-morphing-morphing-prose-instead-of-images", 
  "state": "failed", 
  "state_changed_at": 1335967990, 
  "urls": {
    "web": {
      "project": "https://www.kickstarter.com/projects/1428714387/text-morphing-morphing-prose-instead-of-images", 
      "rewards": "https://www.kickstarter.com/projects/1428714387/text-morphing-morphing-prose-instead-of-images/rewards"
    }
  }
}