{
  "backers_count": 3, 
  "blurb": "We are a location based start-up that focuses on using geonetworking to do online activities more effectively- from ecommerce to chat.", 
  "category": {
    "id": 342, 
    "name": "Web", 
    "parent_id": 16, 
    "position": 15, 
    "slug": "technology/web", 
    "urls": {
      "web": {
        "discover": "http://www.kickstarter.com/discover/categories/technology/web"
      }
    }
  }, 
  "country": "US", 
  "created_at": 1404775539, 
  "creator": {
    "avatar": {
      "medium": "https://s3.amazonaws.com/ksr/avatars/11270912/fb_profile_picture.medium.jpg?1404775336", 
      "small": "https://s3.amazonaws.com/ksr/avatars/11270912/fb_profile_picture.small.jpg?1404775336", 
      "thumb": "https://s3.amazonaws.com/ksr/avatars/11270912/fb_profile_picture.thumb.jpg?1404775336"
    }, 
    "id": 808773092, 
    "name": "Lisa Ren\u00e9e Rowlett", 
    "urls": {
      "api": {
        "user": "https://api.kickstarter.com/v1/users/808773092?signature=1405310286.9a8da1cc0ce6395e29fe6ee5995008904df200ca"
      }, 
      "web": {
        "user": "https://www.kickstarter.com/profile/808773092"
      }
    }
  }, 
  "currency": "USD", 
  "currency_symbol": "$", 
  "currency_trailing_code": true, 
  "deadline": 1410121644, 
  "disable_communication": false, 
  "goal": 25000.0, 
  "id": 1140261028, 
  "launched_at": 1404937644, 
  "location": {
    "country": "US", 
    "displayable_name": "San Francisco, CA", 
    "id": 2487956, 
    "name": "San Francisco", 
    "short_name": "San Francisco, CA", 
    "slug": "san-francisco-ca", 
    "state": "CA", 
    "urls": {
      "api": {
        "nearby_projects": "https://api.kickstarter.com/v1/discover?signature=1405283922.2705520cddde986b955c196af6b338b46c4257d5&woe_id=2487956"
      }, 
      "web": {
        "discover": "https://www.kickstarter.com/discover/places/san-francisco-ca", 
        "location": "https://www.kickstarter.com/locations/san-francisco-ca"
      }
    }
  }, 
  "name": "Fund ibouge.com Beta to use chat, e-commerce and microblogs", 
  "photo": {
    "1024x768": "https://s3.amazonaws.com/ksr/projects/1084458/photo-1024x768.jpg?1404787674", 
    "1536x1152": "https://s3.amazonaws.com/ksr/projects/1084458/photo-1536x1152.jpg?1404787674", 
    "ed": "https://s3.amazonaws.com/ksr/projects/1084458/photo-ed.jpg?1404787674", 
    "full": "https://s3.amazonaws.com/ksr/projects/1084458/photo-full.jpg?1404787674", 
    "little": "https://s3.amazonaws.com/ksr/projects/1084458/photo-little.jpg?1404787674", 
    "med": "https://s3.amazonaws.com/ksr/projects/1084458/photo-med.jpg?1404787674", 
    "small": "https://s3.amazonaws.com/ksr/projects/1084458/photo-small.jpg?1404787674", 
    "thumb": "https://s3.amazonaws.com/ksr/projects/1084458/photo-thumb.jpg?1404787674"
  }, 
  "pledged": 110.0, 
  "slug": "fund-ibougecom-beta-to-use-chat-e-commerce-and-mic", 
  "state": "live", 
  "state_changed_at": 1404937644, 
  "urls": {
    "web": {
      "project": "https://www.kickstarter.com/projects/808773092/fund-ibougecom-beta-to-use-chat-e-commerce-and-mic", 
      "rewards": "https://www.kickstarter.com/projects/808773092/fund-ibougecom-beta-to-use-chat-e-commerce-and-mic/rewards"
    }
  }
}