{
  "backers_count": 0, 
  "blurb": "My play \"Jay's Conceit?\" is revolutionary. It's finished; a few copies are bound. Now: print & mail 100 to CEOs & their ilk. Not cheap.", 
  "category": {
    "id": 16, 
    "name": "Technology", 
    "position": 14, 
    "slug": "technology", 
    "urls": {
      "web": {
        "discover": "http://www.kickstarter.com/discover/categories/technology"
      }
    }
  }, 
  "country": "US", 
  "created_at": 1401843743, 
  "creator": {
    "avatar": {
      "medium": "https://s3.amazonaws.com/ksr/avatars/10780338/NiceHat_copy.medium.jpg?1401182603", 
      "small": "https://s3.amazonaws.com/ksr/avatars/10780338/NiceHat_copy.small.jpg?1401182603", 
      "thumb": "https://s3.amazonaws.com/ksr/avatars/10780338/NiceHat_copy.thumb.jpg?1401182603"
    }, 
    "id": 670704067, 
    "name": "Richard Beale", 
    "urls": {
      "api": {
        "user": "https://api.kickstarter.com/v1/users/670704067?signature=1405310310.dd46cab6adccde588de47cbe610df813fb2fba03"
      }, 
      "web": {
        "user": "https://www.kickstarter.com/profile/670704067"
      }
    }
  }, 
  "currency": "USD", 
  "currency_symbol": "$", 
  "currency_trailing_code": true, 
  "deadline": 1405189061, 
  "disable_communication": false, 
  "goal": 3600.0, 
  "id": 1140959028, 
  "launched_at": 1402078661, 
  "location": {
    "country": "US", 
    "displayable_name": "Amboy, WA", 
    "id": 2354197, 
    "name": "Amboy", 
    "short_name": "Amboy, WA", 
    "slug": "amboy-wa", 
    "state": "WA", 
    "urls": {
      "api": {
        "nearby_projects": "https://api.kickstarter.com/v1/discover?signature=1405284084.645eb3abea4200ba67f1fc885e5a00918ed1896a&woe_id=2354197"
      }, 
      "web": {
        "discover": "https://www.kickstarter.com/discover/places/amboy-wa", 
        "location": "https://www.kickstarter.com/locations/amboy-wa"
      }
    }
  }, 
  "name": "ExeG'sys, Redux", 
  "photo": {
    "1024x768": "https://s3.amazonaws.com/ksr/projects/1029490/photo-1024x768.jpg?1401843818", 
    "1536x1152": "https://s3.amazonaws.com/ksr/projects/1029490/photo-1536x1152.jpg?1401843818", 
    "ed": "https://s3.amazonaws.com/ksr/projects/1029490/photo-ed.jpg?1401843818", 
    "full": "https://s3.amazonaws.com/ksr/projects/1029490/photo-full.jpg?1401843818", 
    "little": "https://s3.amazonaws.com/ksr/projects/1029490/photo-little.jpg?1401843818", 
    "med": "https://s3.amazonaws.com/ksr/projects/1029490/photo-med.jpg?1401843818", 
    "small": "https://s3.amazonaws.com/ksr/projects/1029490/photo-small.jpg?1401843818", 
    "thumb": "https://s3.amazonaws.com/ksr/projects/1029490/photo-thumb.jpg?1401843818"
  }, 
  "pledged": 0.0, 
  "slug": "exegsys-redux", 
  "state": "failed", 
  "state_changed_at": 1405189061, 
  "urls": {
    "web": {
      "project": "https://www.kickstarter.com/projects/670704067/exegsys-redux", 
      "rewards": "https://www.kickstarter.com/projects/670704067/exegsys-redux/rewards"
    }
  }
}