{
  "backers_count": 153, 
  "blurb": "An open crowd sourced map and forum focused on urban development. We are mapping the future of cities!", 
  "category": {
    "id": 16, 
    "name": "Technology", 
    "position": 14, 
    "slug": "technology", 
    "urls": {
      "web": {
        "discover": "http://www.kickstarter.com/discover/categories/technology"
      }
    }
  }, 
  "country": "US", 
  "created_at": 1335767523, 
  "creator": {
    "avatar": {
      "medium": "https://s3.amazonaws.com/ksr/avatars/2645117/group_portrait_wht.medium.jpg?1338382411", 
      "small": "https://s3.amazonaws.com/ksr/avatars/2645117/group_portrait_wht.small.jpg?1338382411", 
      "thumb": "https://s3.amazonaws.com/ksr/avatars/2645117/group_portrait_wht.thumb.jpg?1338382411"
    }, 
    "id": 1157478173, 
    "name": "Reed Duecy-Gibbs", 
    "urls": {
      "api": {
        "user": "https://api.kickstarter.com/v1/users/1157478173?signature=1405310216.0bd77f1c2efdbdda0644f4b25a62be787d0ba6c4"
      }, 
      "web": {
        "user": "https://www.kickstarter.com/profile/1157478173"
      }
    }
  }, 
  "currency": "USD", 
  "currency_symbol": "$", 
  "currency_trailing_code": true, 
  "deadline": 1342161629, 
  "disable_communication": false, 
  "goal": 4500.0, 
  "id": 1140203013, 
  "launched_at": 1339569629, 
  "location": {
    "country": "TR", 
    "displayable_name": "Istanbul, Turkey", 
    "id": 2344116, 
    "name": "Istanbul", 
    "short_name": "Istanbul, Turkey", 
    "slug": "istanbul-tr", 
    "state": "Istanbul", 
    "urls": {
      "api": {
        "nearby_projects": "https://api.kickstarter.com/v1/discover?signature=1405283941.0c1c78204fa7923c022ce403c4cdb1e9c6f23d90&woe_id=2344116"
      }, 
      "web": {
        "discover": "https://www.kickstarter.com/discover/places/istanbul-tr", 
        "location": "https://www.kickstarter.com/locations/istanbul-tr"
      }
    }
  }, 
  "name": "OpenUrban", 
  "photo": {
    "1024x768": "https://s3.amazonaws.com/ksr/projects/160557/photo-1024x768.jpg?1397780233", 
    "1536x1152": "https://s3.amazonaws.com/ksr/projects/160557/photo-1536x1152.jpg?1397780233", 
    "ed": "https://s3.amazonaws.com/ksr/projects/160557/photo-ed.jpg?1397780233", 
    "full": "https://s3.amazonaws.com/ksr/projects/160557/photo-full.jpg?1397780233", 
    "little": "https://s3.amazonaws.com/ksr/projects/160557/photo-little.jpg?1397780233", 
    "med": "https://s3.amazonaws.com/ksr/projects/160557/photo-med.jpg?1397780233", 
    "small": "https://s3.amazonaws.com/ksr/projects/160557/photo-small.jpg?1397780233", 
    "thumb": "https://s3.amazonaws.com/ksr/projects/160557/photo-thumb.jpg?1397780233"
  }, 
  "pledged": 5312.01, 
  "slug": "openurban", 
  "state": "successful", 
  "state_changed_at": 1342161629, 
  "urls": {
    "web": {
      "project": "https://www.kickstarter.com/projects/1157478173/openurban", 
      "rewards": "https://www.kickstarter.com/projects/1157478173/openurban/rewards"
    }
  }
}