{
  "backers_count": 15, 
  "blurb": "To launch globally via electronic book, app, website and cycling promos, this engineering based and revolutionary pedaling technology", 
  "category": {
    "id": 16, 
    "name": "Technology", 
    "position": 14, 
    "slug": "technology", 
    "urls": {
      "web": {
        "discover": "http://www.kickstarter.com/discover/categories/technology"
      }
    }
  }, 
  "country": "US", 
  "created_at": 1401203196, 
  "creator": {
    "avatar": {
      "medium": "https://s3.amazonaws.com/ksr/avatars/10509507/photo_2.medium.jpg?1402285055", 
      "small": "https://s3.amazonaws.com/ksr/avatars/10509507/photo_2.small.jpg?1402285055", 
      "thumb": "https://s3.amazonaws.com/ksr/avatars/10509507/photo_2.thumb.jpg?1402285055"
    }, 
    "id": 488308731, 
    "name": "Joseph Vilella", 
    "urls": {
      "api": {
        "user": "https://api.kickstarter.com/v1/users/488308731?signature=1405310277.076f512b957475a6c4e5438d34bc158c6139daed"
      }, 
      "web": {
        "user": "https://www.kickstarter.com/profile/488308731"
      }
    }
  }, 
  "currency": "USD", 
  "currency_symbol": "$", 
  "currency_trailing_code": true, 
  "deadline": 1408142057, 
  "disable_communication": false, 
  "goal": 80000.0, 
  "id": 1141773717, 
  "launched_at": 1402958057, 
  "location": {
    "country": "US", 
    "displayable_name": "San Diego, CA", 
    "id": 2487889, 
    "name": "San Diego", 
    "short_name": "San Diego, CA", 
    "slug": "san-diego-ca", 
    "state": "CA", 
    "urls": {
      "api": {
        "nearby_projects": "https://api.kickstarter.com/v1/discover?signature=1405283922.e0c8fea4757a0700693c6258522a3f528769b7ae&woe_id=2487889"
      }, 
      "web": {
        "discover": "https://www.kickstarter.com/discover/places/san-diego-ca", 
        "location": "https://www.kickstarter.com/locations/san-diego-ca"
      }
    }
  }, 
  "name": "Lift Propulsive Pedaling Technology (LPP) Global Launch !!!", 
  "photo": {
    "1024x768": "https://s3.amazonaws.com/ksr/projects/1017419/photo-1024x768.jpg?1401385647", 
    "1536x1152": "https://s3.amazonaws.com/ksr/projects/1017419/photo-1536x1152.jpg?1401385647", 
    "ed": "https://s3.amazonaws.com/ksr/projects/1017419/photo-ed.jpg?1401385647", 
    "full": "https://s3.amazonaws.com/ksr/projects/1017419/photo-full.jpg?1401385647", 
    "little": "https://s3.amazonaws.com/ksr/projects/1017419/photo-little.jpg?1401385647", 
    "med": "https://s3.amazonaws.com/ksr/projects/1017419/photo-med.jpg?1401385647", 
    "small": "https://s3.amazonaws.com/ksr/projects/1017419/photo-small.jpg?1401385647", 
    "thumb": "https://s3.amazonaws.com/ksr/projects/1017419/photo-thumb.jpg?1401385647"
  }, 
  "pledged": 403.0, 
  "slug": "lift-propulsive-pedaling-technology-lpp-global-lau", 
  "state": "live", 
  "state_changed_at": 1402958058, 
  "urls": {
    "web": {
      "project": "https://www.kickstarter.com/projects/488308731/lift-propulsive-pedaling-technology-lpp-global-lau", 
      "rewards": "https://www.kickstarter.com/projects/488308731/lift-propulsive-pedaling-technology-lpp-global-lau/rewards"
    }
  }
}