{
  "backers_count": 10, 
  "blurb": "a WYSIWYG tool to create advanced interfaces for desktops and tablets without coding", 
  "category": {
    "id": 16, 
    "name": "Technology", 
    "position": 14, 
    "slug": "technology", 
    "urls": {
      "web": {
        "discover": "http://www.kickstarter.com/discover/categories/technology"
      }
    }
  }, 
  "country": "GB", 
  "created_at": 1354098003, 
  "creator": {
    "avatar": {
      "medium": "https://s3.amazonaws.com/ksr/avatars/4789810/IF_profile.medium.jpg?1354109190", 
      "small": "https://s3.amazonaws.com/ksr/avatars/4789810/IF_profile.small.jpg?1354109190", 
      "thumb": "https://s3.amazonaws.com/ksr/avatars/4789810/IF_profile.thumb.jpg?1354109190"
    }, 
    "id": 535090700, 
    "name": "The Imagination Factory", 
    "urls": {
      "api": {
        "user": "https://api.kickstarter.com/v1/users/535090700?signature=1405310564.fd9453c301584aeefc0ff4652342f57f0def0fa7"
      }, 
      "web": {
        "user": "https://www.kickstarter.com/profile/535090700"
      }
    }
  }, 
  "currency": "GBP", 
  "currency_symbol": "\u00a3", 
  "currency_trailing_code": false, 
  "deadline": 1362484482, 
  "disable_communication": false, 
  "goal": 20000.0, 
  "id": 1143842872, 
  "launched_at": 1357300482, 
  "location": {
    "country": "GB", 
    "displayable_name": "London, UK", 
    "id": 44418, 
    "name": "London", 
    "short_name": "London, UK", 
    "slug": "london-gb", 
    "state": "England", 
    "urls": {
      "api": {
        "nearby_projects": "https://api.kickstarter.com/v1/discover?signature=1405283922.82a390c7080dcb5af2825d7dc4e2293adc57bbf0&woe_id=44418"
      }, 
      "web": {
        "discover": "https://www.kickstarter.com/discover/places/london-gb", 
        "location": "https://www.kickstarter.com/locations/london-gb"
      }
    }
  }, 
  "name": "LAYERCAKE BUILDER", 
  "photo": {
    "1024x768": "https://s3.amazonaws.com/ksr/projects/401552/photo-1024x768.jpg?1397804107", 
    "1536x1152": "https://s3.amazonaws.com/ksr/projects/401552/photo-1536x1152.jpg?1397804107", 
    "ed": "https://s3.amazonaws.com/ksr/projects/401552/photo-ed.jpg?1397804107", 
    "full": "https://s3.amazonaws.com/ksr/projects/401552/photo-full.jpg?1397804107", 
    "little": "https://s3.amazonaws.com/ksr/projects/401552/photo-little.jpg?1397804107", 
    "med": "https://s3.amazonaws.com/ksr/projects/401552/photo-med.jpg?1397804107", 
    "small": "https://s3.amazonaws.com/ksr/projects/401552/photo-small.jpg?1397804107", 
    "thumb": "https://s3.amazonaws.com/ksr/projects/401552/photo-thumb.jpg?1397804107"
  }, 
  "pledged": 192.0, 
  "slug": "layercake-builder", 
  "state": "failed", 
  "state_changed_at": 1362484482, 
  "urls": {
    "web": {
      "project": "https://www.kickstarter.com/projects/535090700/layercake-builder", 
      "rewards": "https://www.kickstarter.com/projects/535090700/layercake-builder/rewards"
    }
  }
}