{
  "backers_count": 44, 
  "blurb": "If you are like me, you hate filling the water reservoir on your coffee maker. Why not automate that with Touch-N-Fill\u2122?", 
  "category": {
    "id": 52, 
    "name": "Hardware", 
    "parent_id": 16, 
    "position": 8, 
    "slug": "technology/hardware", 
    "urls": {
      "web": {
        "discover": "http://www.kickstarter.com/discover/categories/technology/hardware"
      }
    }
  }, 
  "country": "US", 
  "created_at": 1392085633, 
  "creator": {
    "avatar": {
      "medium": "https://s3.amazonaws.com/ksr/avatars/9601215/CPCPP_SEPT201248_Michael_Hamilton.medium.jpg?1396358993", 
      "small": "https://s3.amazonaws.com/ksr/avatars/9601215/CPCPP_SEPT201248_Michael_Hamilton.small.jpg?1396358993", 
      "thumb": "https://s3.amazonaws.com/ksr/avatars/9601215/CPCPP_SEPT201248_Michael_Hamilton.thumb.jpg?1396358993"
    }, 
    "id": 1805098759, 
    "name": "Michael Hamilton", 
    "urls": {
      "api": {
        "user": "https://api.kickstarter.com/v1/users/1805098759?signature=1405310476.cbc7db5ae347bd419b17643fa70e27fe44d0bc18"
      }, 
      "web": {
        "user": "https://www.kickstarter.com/profile/1805098759"
      }
    }
  }, 
  "currency": "USD", 
  "currency_symbol": "$", 
  "currency_trailing_code": true, 
  "deadline": 1404576067, 
  "disable_communication": false, 
  "goal": 29900.0, 
  "id": 1143117481, 
  "launched_at": 1399392067, 
  "location": {
    "country": "US", 
    "displayable_name": "Carrollton, TX", 
    "id": 2375543, 
    "name": "Carrollton", 
    "short_name": "Carrollton, TX", 
    "slug": "carrollton-tx", 
    "state": "TX", 
    "urls": {
      "api": {
        "nearby_projects": "https://api.kickstarter.com/v1/discover?signature=1405284016.5045eb29ad23e4223dcc5409f8193bf6ad97004b&woe_id=2375543"
      }, 
      "web": {
        "discover": "https://www.kickstarter.com/discover/places/carrollton-tx", 
        "location": "https://www.kickstarter.com/locations/carrollton-tx"
      }
    }
  }, 
  "name": "Touch-N-Fill\u2122 - $25 Auto Water Filling for your Coffee Maker", 
  "photo": {
    "1024x768": "https://s3.amazonaws.com/ksr/projects/865266/photo-1024x768.jpg?1399124829", 
    "1536x1152": "https://s3.amazonaws.com/ksr/projects/865266/photo-1536x1152.jpg?1399124829", 
    "ed": "https://s3.amazonaws.com/ksr/projects/865266/photo-ed.jpg?1399124829", 
    "full": "https://s3.amazonaws.com/ksr/projects/865266/photo-full.jpg?1399124829", 
    "little": "https://s3.amazonaws.com/ksr/projects/865266/photo-little.jpg?1399124829", 
    "med": "https://s3.amazonaws.com/ksr/projects/865266/photo-med.jpg?1399124829", 
    "small": "https://s3.amazonaws.com/ksr/projects/865266/photo-small.jpg?1399124829", 
    "thumb": "https://s3.amazonaws.com/ksr/projects/865266/photo-thumb.jpg?1399124829"
  }, 
  "pledged": 1575.0, 
  "slug": "touch-n-filltm-25-auto-water-filling-for-your-coff", 
  "state": "failed", 
  "state_changed_at": 1404576068, 
  "urls": {
    "web": {
      "project": "https://www.kickstarter.com/projects/1805098759/touch-n-filltm-25-auto-water-filling-for-your-coff", 
      "rewards": "https://www.kickstarter.com/projects/1805098759/touch-n-filltm-25-auto-water-filling-for-your-coff/rewards"
    }
  }
}