{
  "backers_count": 5279, 
  "blurb": "A mysterious object that appears to defy gravity, this precision gyroscope is beautiful to behold and will amaze you and your friends.", 
  "category": {
    "id": 52, 
    "name": "Hardware", 
    "parent_id": 16, 
    "position": 8, 
    "slug": "technology/hardware", 
    "urls": {
      "web": {
        "discover": "http://www.kickstarter.com/discover/categories/technology/hardware"
      }
    }
  }, 
  "country": "US", 
  "created_at": 1374703457, 
  "creator": {
    "avatar": {
      "medium": "https://s3.amazonaws.com/ksr/avatars/7389266/manuka-makers-blue.medium.jpg?1375273415", 
      "small": "https://s3.amazonaws.com/ksr/avatars/7389266/manuka-makers-blue.small.jpg?1375273415", 
      "thumb": "https://s3.amazonaws.com/ksr/avatars/7389266/manuka-makers-blue.thumb.jpg?1375273415"
    }, 
    "id": 692671721, 
    "name": "Manuka Makers", 
    "slug": "manukamakers", 
    "urls": {
      "api": {
        "user": "https://api.kickstarter.com/v1/users/692671721?signature=1405309990.142f7c30adda87baf5c919b7c16dc0a9874acc5c"
      }, 
      "web": {
        "user": "https://www.kickstarter.com/profile/manukamakers"
      }
    }
  }, 
  "currency": "USD", 
  "currency_symbol": "$", 
  "currency_trailing_code": true, 
  "deadline": 1381662958, 
  "disable_communication": false, 
  "goal": 19000.0, 
  "id": 1143380572, 
  "launched_at": 1378206958, 
  "location": {
    "country": "GB", 
    "displayable_name": "London, UK", 
    "id": 44418, 
    "name": "London", 
    "short_name": "London, UK", 
    "slug": "london-gb", 
    "state": "England", 
    "urls": {
      "api": {
        "nearby_projects": "https://api.kickstarter.com/v1/discover?signature=1405283922.82a390c7080dcb5af2825d7dc4e2293adc57bbf0&woe_id=44418"
      }, 
      "web": {
        "discover": "https://www.kickstarter.com/discover/places/london-gb", 
        "location": "https://www.kickstarter.com/locations/london-gb"
      }
    }
  }, 
  "name": "Precision Gyroscope", 
  "photo": {
    "1024x768": "https://s3.amazonaws.com/ksr/projects/628261/photo-1024x768.jpg?1397828402", 
    "1536x1152": "https://s3.amazonaws.com/ksr/projects/628261/photo-1536x1152.jpg?1397828402", 
    "ed": "https://s3.amazonaws.com/ksr/projects/628261/photo-ed.jpg?1397828402", 
    "full": "https://s3.amazonaws.com/ksr/projects/628261/photo-full.jpg?1397828402", 
    "little": "https://s3.amazonaws.com/ksr/projects/628261/photo-little.jpg?1397828402", 
    "med": "https://s3.amazonaws.com/ksr/projects/628261/photo-med.jpg?1397828402", 
    "small": "https://s3.amazonaws.com/ksr/projects/628261/photo-small.jpg?1397828402", 
    "thumb": "https://s3.amazonaws.com/ksr/projects/628261/photo-thumb.jpg?1397828402"
  }, 
  "pledged": 396111.01, 
  "slug": "precision-gyroscope", 
  "state": "successful", 
  "state_changed_at": 1381662958, 
  "urls": {
    "web": {
      "project": "https://www.kickstarter.com/projects/manukamakers/precision-gyroscope", 
      "rewards": "https://www.kickstarter.com/projects/manukamakers/precision-gyroscope/rewards"
    }
  }
}