{
  "backers_count": 10, 
  "blurb": "A cross-platform framework that allows you to build fast and fluid native mobile applications in the language of your choice.", 
  "category": {
    "id": 51, 
    "name": "Software", 
    "parent_id": 16, 
    "position": 11, 
    "slug": "technology/software", 
    "urls": {
      "web": {
        "discover": "http://www.kickstarter.com/discover/categories/technology/software"
      }
    }
  }, 
  "country": "US", 
  "created_at": 1358180168, 
  "creator": {
    "avatar": {
      "medium": "https://s3.amazonaws.com/ksr/avatars/5182643/daniel-yalta-small.medium.jpg?1359744678", 
      "small": "https://s3.amazonaws.com/ksr/avatars/5182643/daniel-yalta-small.small.jpg?1359744678", 
      "thumb": "https://s3.amazonaws.com/ksr/avatars/5182643/daniel-yalta-small.thumb.jpg?1359744678"
    }, 
    "id": 1008546182, 
    "name": "Daniel Thompson", 
    "urls": {
      "api": {
        "user": "https://api.kickstarter.com/v1/users/1008546182?signature=1405310505.95d1b6d1082349ad4179ef864e1f63b2363be118"
      }, 
      "web": {
        "user": "https://www.kickstarter.com/profile/1008546182"
      }
    }
  }, 
  "currency": "USD", 
  "currency_symbol": "$", 
  "currency_trailing_code": true, 
  "deadline": 1362901668, 
  "disable_communication": false, 
  "goal": 20000.0, 
  "id": 1144289253, 
  "launched_at": 1360309668, 
  "location": {
    "country": "US", 
    "displayable_name": "Berkeley, CA", 
    "id": 2362930, 
    "name": "Berkeley", 
    "short_name": "Berkeley, CA", 
    "slug": "berkeley-ca-us", 
    "state": "CA", 
    "urls": {
      "api": {
        "nearby_projects": "https://api.kickstarter.com/v1/discover?signature=1405283927.434f7c481bb81bc29d798b552f97eaea1d9c81ae&woe_id=2362930"
      }, 
      "web": {
        "discover": "https://www.kickstarter.com/discover/places/berkeley-ca-us", 
        "location": "https://www.kickstarter.com/locations/berkeley-ca-us"
      }
    }
  }, 
  "name": "migMobile", 
  "photo": {
    "1024x768": "https://s3.amazonaws.com/ksr/projects/434525/photo-1024x768.jpg?1397807654", 
    "1536x1152": "https://s3.amazonaws.com/ksr/projects/434525/photo-1536x1152.jpg?1397807654", 
    "ed": "https://s3.amazonaws.com/ksr/projects/434525/photo-ed.jpg?1397807654", 
    "full": "https://s3.amazonaws.com/ksr/projects/434525/photo-full.jpg?1397807654", 
    "little": "https://s3.amazonaws.com/ksr/projects/434525/photo-little.jpg?1397807654", 
    "med": "https://s3.amazonaws.com/ksr/projects/434525/photo-med.jpg?1397807654", 
    "small": "https://s3.amazonaws.com/ksr/projects/434525/photo-small.jpg?1397807654", 
    "thumb": "https://s3.amazonaws.com/ksr/projects/434525/photo-thumb.jpg?1397807654"
  }, 
  "pledged": 902.0, 
  "slug": "migmobile", 
  "state": "failed", 
  "state_changed_at": 1362901668, 
  "urls": {
    "web": {
      "project": "https://www.kickstarter.com/projects/1008546182/migmobile", 
      "rewards": "https://www.kickstarter.com/projects/1008546182/migmobile/rewards"
    }
  }
}