{
  "backers_count": 20, 
  "blurb": "Imagine, a personal hovercraft that lifts and hauls your stuff over many terrains.  George Jetson would be jealous.", 
  "category": {
    "id": 16, 
    "name": "Technology", 
    "position": 14, 
    "slug": "technology", 
    "urls": {
      "web": {
        "discover": "http://www.kickstarter.com/discover/categories/technology"
      }
    }
  }, 
  "country": "US", 
  "created_at": 1368046729, 
  "creator": {
    "avatar": {
      "medium": "https://s3.amazonaws.com/ksr/avatars/6512790/MarkSquare.medium.jpg?1368045963", 
      "small": "https://s3.amazonaws.com/ksr/avatars/6512790/MarkSquare.small.jpg?1368045963", 
      "thumb": "https://s3.amazonaws.com/ksr/avatars/6512790/MarkSquare.thumb.jpg?1368045963"
    }, 
    "id": 937917126, 
    "name": "MarkWel Technology", 
    "urls": {
      "api": {
        "user": "https://api.kickstarter.com/v1/users/937917126?signature=1405310409.7ebd6dc609efac1182514edfd8e73050dbf3feca"
      }, 
      "web": {
        "user": "https://www.kickstarter.com/profile/937917126"
      }
    }
  }, 
  "currency": "USD", 
  "currency_symbol": "$", 
  "currency_trailing_code": true, 
  "deadline": 1382943540, 
  "disable_communication": false, 
  "goal": 85000.0, 
  "id": 1144546718, 
  "launched_at": 1380146906, 
  "location": {
    "country": "US", 
    "displayable_name": "Dallas, TX", 
    "id": 2388929, 
    "name": "Dallas", 
    "short_name": "Dallas, TX", 
    "slug": "dallas-tx", 
    "state": "TX", 
    "urls": {
      "api": {
        "nearby_projects": "https://api.kickstarter.com/v1/discover?signature=1405283926.532193395c396f293e0112a568e21723e5f378ce&woe_id=2388929"
      }, 
      "web": {
        "discover": "https://www.kickstarter.com/discover/places/dallas-tx", 
        "location": "https://www.kickstarter.com/locations/dallas-tx"
      }
    }
  }, 
  "name": "A Hovercraft in Every Garage (Canceled)", 
  "photo": {
    "1024x768": "https://s3.amazonaws.com/ksr/projects/550268/photo-1024x768.jpg?1397819923", 
    "1536x1152": "https://s3.amazonaws.com/ksr/projects/550268/photo-1536x1152.jpg?1397819923", 
    "ed": "https://s3.amazonaws.com/ksr/projects/550268/photo-ed.jpg?1397819923", 
    "full": "https://s3.amazonaws.com/ksr/projects/550268/photo-full.jpg?1397819923", 
    "little": "https://s3.amazonaws.com/ksr/projects/550268/photo-little.jpg?1397819923", 
    "med": "https://s3.amazonaws.com/ksr/projects/550268/photo-med.jpg?1397819923", 
    "small": "https://s3.amazonaws.com/ksr/projects/550268/photo-small.jpg?1397819923", 
    "thumb": "https://s3.amazonaws.com/ksr/projects/550268/photo-thumb.jpg?1397819923"
  }, 
  "pledged": 4116.0, 
  "slug": "a-hovercraft-in-every-garage", 
  "state": "canceled", 
  "state_changed_at": 1381756700, 
  "urls": {
    "web": {
      "project": "https://www.kickstarter.com/projects/937917126/a-hovercraft-in-every-garage", 
      "rewards": "https://www.kickstarter.com/projects/937917126/a-hovercraft-in-every-garage/rewards"
    }
  }
}