{
  "backers_count": 6, 
  "blurb": "Parents can add and track chore completion on this app as well as reward kids for work well done.", 
  "category": {
    "id": 16, 
    "name": "Technology", 
    "position": 14, 
    "slug": "technology", 
    "urls": {
      "web": {
        "discover": "http://www.kickstarter.com/discover/categories/technology"
      }
    }
  }, 
  "country": "US", 
  "created_at": 1385931156, 
  "creator": {
    "avatar": {
      "medium": "https://s3.amazonaws.com/ksr/avatars/8828712/JPeGChaos.medium.jpg?1385173940", 
      "small": "https://s3.amazonaws.com/ksr/avatars/8828712/JPeGChaos.small.jpg?1385173940", 
      "thumb": "https://s3.amazonaws.com/ksr/avatars/8828712/JPeGChaos.thumb.jpg?1385173940"
    }, 
    "id": 209846150, 
    "name": "Jordan Gerber", 
    "slug": "jpegchaos", 
    "urls": {
      "api": {
        "user": "https://api.kickstarter.com/v1/users/209846150?signature=1405310636.39d69f497bfa21ff5060fef848d63772f805bc97"
      }, 
      "web": {
        "user": "https://www.kickstarter.com/profile/jpegchaos"
      }
    }
  }, 
  "currency": "USD", 
  "currency_symbol": "$", 
  "currency_trailing_code": true, 
  "deadline": 1388902801, 
  "disable_communication": false, 
  "goal": 900.0, 
  "id": 1144326745, 
  "launched_at": 1387174801, 
  "location": {
    "country": "US", 
    "displayable_name": "Billings Heights, Billings, MT", 
    "id": 2364265, 
    "name": "Billings Heights", 
    "short_name": "Billings Heights, MT", 
    "slug": "billings-heights-billings-mt", 
    "state": "MT", 
    "urls": {
      "api": {
        "nearby_projects": "https://api.kickstarter.com/v1/discover?signature=1405297369.6e8859753cae3a22c5478550c56cc57efaca66e1&woe_id=2364265"
      }, 
      "web": {
        "discover": "https://www.kickstarter.com/discover/places/billings-heights-billings-mt", 
        "location": "https://www.kickstarter.com/locations/billings-heights-billings-mt"
      }
    }
  }, 
  "name": "Apple - Chore Commissioner", 
  "photo": {
    "1024x768": "https://s3.amazonaws.com/ksr/projects/780541/photo-1024x768.jpg?1397858411", 
    "1536x1152": "https://s3.amazonaws.com/ksr/projects/780541/photo-1536x1152.jpg?1397858411", 
    "ed": "https://s3.amazonaws.com/ksr/projects/780541/photo-ed.jpg?1397858411", 
    "full": "https://s3.amazonaws.com/ksr/projects/780541/photo-full.jpg?1397858411", 
    "little": "https://s3.amazonaws.com/ksr/projects/780541/photo-little.jpg?1397858411", 
    "med": "https://s3.amazonaws.com/ksr/projects/780541/photo-med.jpg?1397858411", 
    "small": "https://s3.amazonaws.com/ksr/projects/780541/photo-small.jpg?1397858411", 
    "thumb": "https://s3.amazonaws.com/ksr/projects/780541/photo-thumb.jpg?1397858411"
  }, 
  "pledged": 34.0, 
  "slug": "apple-chore-commissioner", 
  "state": "failed", 
  "state_changed_at": 1388902801, 
  "urls": {
    "web": {
      "project": "https://www.kickstarter.com/projects/jpegchaos/apple-chore-commissioner", 
      "rewards": "https://www.kickstarter.com/projects/jpegchaos/apple-chore-commissioner/rewards"
    }
  }
}