{
  "backers_count": 203, 
  "blurb": "Learn the secrets of the fastest mental math system in recorded human history with our APP, BAG, ABACUS, and PDF all for $33!", 
  "category": {
    "id": 332, 
    "name": "Apps", 
    "parent_id": 16, 
    "position": 2, 
    "slug": "technology/apps", 
    "urls": {
      "web": {
        "discover": "http://www.kickstarter.com/discover/categories/technology/apps"
      }
    }
  }, 
  "country": "US", 
  "created_at": 1395822796, 
  "creator": {
    "avatar": {
      "medium": "https://s3.amazonaws.com/ksr/avatars/10071230/5776_100486623301612_1176585_n.medium.jpg?1399724693", 
      "small": "https://s3.amazonaws.com/ksr/avatars/10071230/5776_100486623301612_1176585_n.small.jpg?1399724693", 
      "thumb": "https://s3.amazonaws.com/ksr/avatars/10071230/5776_100486623301612_1176585_n.thumb.jpg?1399724693"
    }, 
    "id": 1642319291, 
    "name": "Kevin Phuong", 
    "slug": "sonicmath", 
    "urls": {
      "api": {
        "user": "https://api.kickstarter.com/v1/users/1642319291?signature=1405310210.5a91e644b05e8e5465c1072c916f8dbfbc7c8976"
      }, 
      "web": {
        "user": "https://www.kickstarter.com/profile/sonicmath"
      }
    }
  }, 
  "currency": "USD", 
  "currency_symbol": "$", 
  "currency_trailing_code": true, 
  "deadline": 1400481321, 
  "disable_communication": false, 
  "goal": 6000.0, 
  "id": 1144667233, 
  "launched_at": 1397889321, 
  "location": {
    "country": "US", 
    "displayable_name": "Portland, OR", 
    "id": 2475687, 
    "name": "Portland", 
    "short_name": "Portland, OR", 
    "slug": "portland-or", 
    "state": "OR", 
    "urls": {
      "api": {
        "nearby_projects": "https://api.kickstarter.com/v1/discover?signature=1405283921.74048cb16cf05090d8ce00b701410b6f8aeb437d&woe_id=2475687"
      }, 
      "web": {
        "discover": "https://www.kickstarter.com/discover/places/portland-or", 
        "location": "https://www.kickstarter.com/locations/portland-or"
      }
    }
  }, 
  "name": "Sonic Math: Mobile App", 
  "photo": {
    "1024x768": "https://s3.amazonaws.com/ksr/projects/924774/photo-1024x768.jpg?1399720090", 
    "1536x1152": "https://s3.amazonaws.com/ksr/projects/924774/photo-1536x1152.jpg?1399720090", 
    "ed": "https://s3.amazonaws.com/ksr/projects/924774/photo-ed.jpg?1399720090", 
    "full": "https://s3.amazonaws.com/ksr/projects/924774/photo-full.jpg?1399720090", 
    "little": "https://s3.amazonaws.com/ksr/projects/924774/photo-little.jpg?1399720090", 
    "med": "https://s3.amazonaws.com/ksr/projects/924774/photo-med.jpg?1399720090", 
    "small": "https://s3.amazonaws.com/ksr/projects/924774/photo-small.jpg?1399720090", 
    "thumb": "https://s3.amazonaws.com/ksr/projects/924774/photo-thumb.jpg?1399720090"
  }, 
  "pledged": 6443.0, 
  "slug": "sonicmath-mobile-app-for-lightning-mental-mathemat", 
  "state": "successful", 
  "state_changed_at": 1400481321, 
  "urls": {
    "web": {
      "project": "https://www.kickstarter.com/projects/sonicmath/sonicmath-mobile-app-for-lightning-mental-mathemat", 
      "rewards": "https://www.kickstarter.com/projects/sonicmath/sonicmath-mobile-app-for-lightning-mental-mathemat/rewards"
    }
  }
}