{
  "backers_count": 83, 
  "blurb": "A bonsai tree that helps you see the big picture and tend to what truly matters.", 
  "category": {
    "id": 16, 
    "name": "Technology", 
    "position": 14, 
    "slug": "technology", 
    "urls": {
      "web": {
        "discover": "http://www.kickstarter.com/discover/categories/technology"
      }
    }
  }, 
  "country": "US", 
  "created_at": 1394423936, 
  "creator": {
    "avatar": {
      "medium": "https://s3.amazonaws.com/ksr/avatars/861514/Bryan-Austin.medium.jpg?1397543725", 
      "small": "https://s3.amazonaws.com/ksr/avatars/861514/Bryan-Austin.small.jpg?1397543725", 
      "thumb": "https://s3.amazonaws.com/ksr/avatars/861514/Bryan-Austin.thumb.jpg?1397543725"
    }, 
    "id": 315119709, 
    "name": "Trees Grow", 
    "urls": {
      "api": {
        "user": "https://api.kickstarter.com/v1/users/315119709?signature=1405310428.80d88ffa9840b77ea4488860df8e028118776652"
      }, 
      "web": {
        "user": "https://www.kickstarter.com/profile/315119709"
      }
    }
  }, 
  "currency": "USD", 
  "currency_symbol": "$", 
  "currency_trailing_code": true, 
  "deadline": 1400138393, 
  "disable_communication": false, 
  "goal": 35000.0, 
  "id": 1145973716, 
  "launched_at": 1397546393, 
  "location": {
    "country": "US", 
    "displayable_name": "Portland, OR", 
    "id": 2475687, 
    "name": "Portland", 
    "short_name": "Portland, OR", 
    "slug": "portland-or", 
    "state": "OR", 
    "urls": {
      "api": {
        "nearby_projects": "https://api.kickstarter.com/v1/discover?signature=1405283921.74048cb16cf05090d8ce00b701410b6f8aeb437d&woe_id=2475687"
      }, 
      "web": {
        "discover": "https://www.kickstarter.com/discover/places/portland-or", 
        "location": "https://www.kickstarter.com/locations/portland-or"
      }
    }
  }, 
  "name": "TEND App - Organic, long-term productivity.", 
  "photo": {
    "1024x768": "https://s3.amazonaws.com/ksr/projects/902051/photo-1024x768.jpg?1397871285", 
    "1536x1152": "https://s3.amazonaws.com/ksr/projects/902051/photo-1536x1152.jpg?1397871285", 
    "ed": "https://s3.amazonaws.com/ksr/projects/902051/photo-ed.jpg?1397871285", 
    "full": "https://s3.amazonaws.com/ksr/projects/902051/photo-full.jpg?1397871285", 
    "little": "https://s3.amazonaws.com/ksr/projects/902051/photo-little.jpg?1397871285", 
    "med": "https://s3.amazonaws.com/ksr/projects/902051/photo-med.jpg?1397871285", 
    "small": "https://s3.amazonaws.com/ksr/projects/902051/photo-small.jpg?1397871285", 
    "thumb": "https://s3.amazonaws.com/ksr/projects/902051/photo-thumb.jpg?1397871285"
  }, 
  "pledged": 3117.0, 
  "slug": "tend-app-organic-long-term-productivity", 
  "state": "failed", 
  "state_changed_at": 1400138393, 
  "urls": {
    "web": {
      "project": "https://www.kickstarter.com/projects/315119709/tend-app-organic-long-term-productivity", 
      "rewards": "https://www.kickstarter.com/projects/315119709/tend-app-organic-long-term-productivity/rewards"
    }
  }
}