{
  "backers_count": 1073, 
  "blurb": "A complete, practical, engaging, and interactive course covering everything you need to know about writing Android applications!", 
  "category": {
    "id": 51, 
    "name": "Software", 
    "parent_id": 16, 
    "position": 11, 
    "slug": "technology/software", 
    "urls": {
      "web": {
        "discover": "http://www.kickstarter.com/discover/categories/technology/software"
      }
    }
  }, 
  "country": "US", 
  "created_at": 1350602238, 
  "creator": {
    "avatar": {
      "medium": "https://s3.amazonaws.com/ksr/avatars/3385283/Alex.medium.jpg?1350093349", 
      "small": "https://s3.amazonaws.com/ksr/avatars/3385283/Alex.small.jpg?1350093349", 
      "thumb": "https://s3.amazonaws.com/ksr/avatars/3385283/Alex.thumb.jpg?1350093349"
    }, 
    "id": 257514906, 
    "name": "Alexander Tushinsky", 
    "slug": "atushinsky", 
    "urls": {
      "api": {
        "user": "https://api.kickstarter.com/v1/users/257514906?signature=1405310127.ae8580f77a75be6db250f17a8bc630ea7bdc1027"
      }, 
      "web": {
        "user": "https://www.kickstarter.com/profile/atushinsky"
      }
    }
  }, 
  "currency": "USD", 
  "currency_symbol": "$", 
  "currency_trailing_code": true, 
  "deadline": 1353526172, 
  "disable_communication": false, 
  "goal": 1100.0, 
  "id": 1145083864, 
  "launched_at": 1350930572, 
  "location": {
    "country": "US", 
    "displayable_name": "Middletown, NY", 
    "id": 2450404, 
    "name": "Middletown", 
    "short_name": "Middletown, NY", 
    "slug": "middletown-orange-ny", 
    "state": "NY", 
    "urls": {
      "api": {
        "nearby_projects": "https://api.kickstarter.com/v1/discover?signature=1405284176.b82ce2b4e4cd9749591bde003a320c641cb3bed1&woe_id=2450404"
      }, 
      "web": {
        "discover": "https://www.kickstarter.com/discover/places/middletown-orange-ny", 
        "location": "https://www.kickstarter.com/locations/middletown-orange-ny"
      }
    }
  }, 
  "name": "Android Complete!", 
  "photo": {
    "1024x768": "https://s3.amazonaws.com/ksr/projects/370494/photo-1024x768.jpg?1397800779", 
    "1536x1152": "https://s3.amazonaws.com/ksr/projects/370494/photo-1536x1152.jpg?1397800779", 
    "ed": "https://s3.amazonaws.com/ksr/projects/370494/photo-ed.jpg?1397800779", 
    "full": "https://s3.amazonaws.com/ksr/projects/370494/photo-full.jpg?1397800779", 
    "little": "https://s3.amazonaws.com/ksr/projects/370494/photo-little.jpg?1397800779", 
    "med": "https://s3.amazonaws.com/ksr/projects/370494/photo-med.jpg?1397800779", 
    "small": "https://s3.amazonaws.com/ksr/projects/370494/photo-small.jpg?1397800779", 
    "thumb": "https://s3.amazonaws.com/ksr/projects/370494/photo-thumb.jpg?1397800779"
  }, 
  "pledged": 43371.47, 
  "slug": "android-complete", 
  "state": "successful", 
  "state_changed_at": 1353526230, 
  "urls": {
    "web": {
      "project": "https://www.kickstarter.com/projects/atushinsky/android-complete", 
      "rewards": "https://www.kickstarter.com/projects/atushinsky/android-complete/rewards"
    }
  }
}