{
  "backers_count": 896, 
  "blurb": "The VU Wireless Charger uses free positioning technology to charge your Qi compatible phone in the upright position for viewing", 
  "category": {
    "id": 52, 
    "name": "Hardware", 
    "parent_id": 16, 
    "position": 8, 
    "slug": "technology/hardware", 
    "urls": {
      "web": {
        "discover": "http://www.kickstarter.com/discover/categories/technology/hardware"
      }
    }
  }, 
  "country": "US", 
  "created_at": 1366231888, 
  "creator": {
    "avatar": {
      "medium": "https://s3.amazonaws.com/ksr/avatars/3546613/Kannyn_MacRae.medium.jpg?1363363431", 
      "small": "https://s3.amazonaws.com/ksr/avatars/3546613/Kannyn_MacRae.small.jpg?1363363431", 
      "thumb": "https://s3.amazonaws.com/ksr/avatars/3546613/Kannyn_MacRae.thumb.jpg?1363363431"
    }, 
    "id": 800343142, 
    "name": "Kannyn MacRae", 
    "urls": {
      "api": {
        "user": "https://api.kickstarter.com/v1/users/800343142?signature=1405310008.f6e5a2c39d715c448309e606d62e4169d4d1fa77"
      }, 
      "web": {
        "user": "https://www.kickstarter.com/profile/800343142"
      }
    }
  }, 
  "currency": "USD", 
  "currency_symbol": "$", 
  "currency_trailing_code": true, 
  "deadline": 1372359645, 
  "disable_communication": false, 
  "goal": 60000.0, 
  "id": 1146288538, 
  "launched_at": 1369767645, 
  "location": {
    "country": "US", 
    "displayable_name": "Los Angeles, CA", 
    "id": 2442047, 
    "name": "Los Angeles", 
    "short_name": "Los Angeles, CA", 
    "slug": "los-angeles-ca", 
    "state": "CA", 
    "urls": {
      "api": {
        "nearby_projects": "https://api.kickstarter.com/v1/discover?signature=1405283921.ee3a1133214a755b6f367baa5289215cf97407d4&woe_id=2442047"
      }, 
      "web": {
        "discover": "https://www.kickstarter.com/discover/places/los-angeles-ca", 
        "location": "https://www.kickstarter.com/locations/los-angeles-ca"
      }
    }
  }, 
  "name": "TYLT VU Wireless Charger - with free positioning technology", 
  "photo": {
    "1024x768": "https://s3.amazonaws.com/ksr/projects/527201/photo-1024x768.jpg?1397817403", 
    "1536x1152": "https://s3.amazonaws.com/ksr/projects/527201/photo-1536x1152.jpg?1397817403", 
    "ed": "https://s3.amazonaws.com/ksr/projects/527201/photo-ed.jpg?1397817403", 
    "full": "https://s3.amazonaws.com/ksr/projects/527201/photo-full.jpg?1397817403", 
    "little": "https://s3.amazonaws.com/ksr/projects/527201/photo-little.jpg?1397817403", 
    "med": "https://s3.amazonaws.com/ksr/projects/527201/photo-med.jpg?1397817403", 
    "small": "https://s3.amazonaws.com/ksr/projects/527201/photo-small.jpg?1397817403", 
    "thumb": "https://s3.amazonaws.com/ksr/projects/527201/photo-thumb.jpg?1397817403"
  }, 
  "pledged": 65056.5, 
  "slug": "vu-wireless-charger-free-positioning-wireless-char", 
  "state": "successful", 
  "state_changed_at": 1372359646, 
  "urls": {
    "web": {
      "project": "https://www.kickstarter.com/projects/800343142/vu-wireless-charger-free-positioning-wireless-char", 
      "rewards": "https://www.kickstarter.com/projects/800343142/vu-wireless-charger-free-positioning-wireless-char/rewards"
    }
  }
}