{
  "backers_count": 18, 
  "blurb": "The DogRemote\u2122 app turns your smartphone into a silent, remote control for your dog. No painful shock collars. Just consistent commands", 
  "category": {
    "id": 16, 
    "name": "Technology", 
    "position": 14, 
    "slug": "technology", 
    "urls": {
      "web": {
        "discover": "http://www.kickstarter.com/discover/categories/technology"
      }
    }
  }, 
  "country": "GB", 
  "created_at": 1361316495, 
  "creator": {
    "avatar": {
      "medium": "https://s3.amazonaws.com/ksr/avatars/1707136/fb_profile_picture.medium.jpg?1324226926", 
      "small": "https://s3.amazonaws.com/ksr/avatars/1707136/fb_profile_picture.small.jpg?1324226926", 
      "thumb": "https://s3.amazonaws.com/ksr/avatars/1707136/fb_profile_picture.thumb.jpg?1324226926"
    }, 
    "id": 766981970, 
    "name": "Phil Teare", 
    "slug": "evolu8", 
    "urls": {
      "api": {
        "user": "https://api.kickstarter.com/v1/users/766981970?signature=1405310550.87ddf475af2604589fb3f98b1c348bd9171546ea"
      }, 
      "web": {
        "user": "https://www.kickstarter.com/profile/evolu8"
      }
    }
  }, 
  "currency": "GBP", 
  "currency_symbol": "\u00a3", 
  "currency_trailing_code": false, 
  "deadline": 1365201426, 
  "disable_communication": false, 
  "goal": 10000.0, 
  "id": 114669501, 
  "launched_at": 1361749026, 
  "location": {
    "country": "GB", 
    "displayable_name": "London, UK", 
    "id": 44418, 
    "name": "London", 
    "short_name": "London, UK", 
    "slug": "london-gb", 
    "state": "England", 
    "urls": {
      "api": {
        "nearby_projects": "https://api.kickstarter.com/v1/discover?signature=1405283922.82a390c7080dcb5af2825d7dc4e2293adc57bbf0&woe_id=44418"
      }, 
      "web": {
        "discover": "https://www.kickstarter.com/discover/places/london-gb", 
        "location": "https://www.kickstarter.com/locations/london-gb"
      }
    }
  }, 
  "name": "The DogRemote\u2122", 
  "photo": {
    "1024x768": "https://s3.amazonaws.com/ksr/projects/467519/photo-1024x768.jpg?1397811141", 
    "1536x1152": "https://s3.amazonaws.com/ksr/projects/467519/photo-1536x1152.jpg?1397811141", 
    "ed": "https://s3.amazonaws.com/ksr/projects/467519/photo-ed.jpg?1397811141", 
    "full": "https://s3.amazonaws.com/ksr/projects/467519/photo-full.jpg?1397811141", 
    "little": "https://s3.amazonaws.com/ksr/projects/467519/photo-little.jpg?1397811141", 
    "med": "https://s3.amazonaws.com/ksr/projects/467519/photo-med.jpg?1397811141", 
    "small": "https://s3.amazonaws.com/ksr/projects/467519/photo-small.jpg?1397811141", 
    "thumb": "https://s3.amazonaws.com/ksr/projects/467519/photo-thumb.jpg?1397811141"
  }, 
  "pledged": 264.0, 
  "slug": "the-dogremotetm", 
  "state": "failed", 
  "state_changed_at": 1365201426, 
  "urls": {
    "web": {
      "project": "https://www.kickstarter.com/projects/evolu8/the-dogremotetm", 
      "rewards": "https://www.kickstarter.com/projects/evolu8/the-dogremotetm/rewards"
    }
  }
}