{
  "backers_count": 11, 
  "blurb": "foneFrame makes mobile web pages. Use Dropbox to host your mobile pages for free. Made with HTML5+CSS3, hosted in the cloud, CC BY 3.0.", 
  "category": {
    "id": 51, 
    "name": "Software", 
    "parent_id": 16, 
    "position": 11, 
    "slug": "technology/software", 
    "urls": {
      "web": {
        "discover": "http://www.kickstarter.com/discover/categories/technology/software"
      }
    }
  }, 
  "country": "US", 
  "created_at": 1325472467, 
  "creator": {
    "avatar": {
      "medium": "https://s3.amazonaws.com/ksr/avatars/85602/headshot-2.medium.jpg?1327088754", 
      "small": "https://s3.amazonaws.com/ksr/avatars/85602/headshot-2.small.jpg?1327088754", 
      "thumb": "https://s3.amazonaws.com/ksr/avatars/85602/headshot-2.thumb.jpg?1327088754"
    }, 
    "id": 1688534434, 
    "name": "Jerry Whiting", 
    "slug": "JetCityOrange", 
    "urls": {
      "api": {
        "user": "https://api.kickstarter.com/v1/users/1688534434?signature=1405310525.e7910fbefc9a0cabde1064f8d7456f7b6d476418"
      }, 
      "web": {
        "user": "https://www.kickstarter.com/profile/JetCityOrange"
      }
    }
  }, 
  "currency": "USD", 
  "currency_symbol": "$", 
  "currency_trailing_code": true, 
  "deadline": 1329939960, 
  "disable_communication": false, 
  "goal": 12000.0, 
  "id": 1146892921, 
  "launched_at": 1327089782, 
  "location": {
    "country": "US", 
    "displayable_name": "Seattle, WA", 
    "id": 2490383, 
    "name": "Seattle", 
    "short_name": "Seattle, WA", 
    "slug": "seattle-wa", 
    "state": "WA", 
    "urls": {
      "api": {
        "nearby_projects": "https://api.kickstarter.com/v1/discover?signature=1405283923.67c73dbf9dca0017ef5760ce9a5b28f4ece59887&woe_id=2490383"
      }, 
      "web": {
        "discover": "https://www.kickstarter.com/discover/places/seattle-wa", 
        "location": "https://www.kickstarter.com/locations/seattle-wa"
      }
    }
  }, 
  "name": "foneFrame, a new way to make mobile web sites", 
  "photo": {
    "1024x768": "https://s3.amazonaws.com/ksr/projects/66270/photo-1024x768.jpg?1397769245", 
    "1536x1152": "https://s3.amazonaws.com/ksr/projects/66270/photo-1536x1152.jpg?1397769245", 
    "ed": "https://s3.amazonaws.com/ksr/projects/66270/photo-ed.jpg?1397769245", 
    "full": "https://s3.amazonaws.com/ksr/projects/66270/photo-full.jpg?1397769245", 
    "little": "https://s3.amazonaws.com/ksr/projects/66270/photo-little.jpg?1397769245", 
    "med": "https://s3.amazonaws.com/ksr/projects/66270/photo-med.jpg?1397769245", 
    "small": "https://s3.amazonaws.com/ksr/projects/66270/photo-small.jpg?1397769245", 
    "thumb": "https://s3.amazonaws.com/ksr/projects/66270/photo-thumb.jpg?1397769245"
  }, 
  "pledged": 623.0, 
  "slug": "foneframe-a-mobile-web-framework", 
  "state": "failed", 
  "state_changed_at": 1329939961, 
  "urls": {
    "web": {
      "project": "https://www.kickstarter.com/projects/JetCityOrange/foneframe-a-mobile-web-framework", 
      "rewards": "https://www.kickstarter.com/projects/JetCityOrange/foneframe-a-mobile-web-framework/rewards"
    }
  }
}