{
  "backers_count": 31, 
  "blurb": "Chinese Christian High School of Alameda, CA needs your help building a robot for the FIRST Robotics 2013 Tournament!", 
  "category": {
    "id": 338, 
    "name": "Robots", 
    "parent_id": 16, 
    "position": 10, 
    "slug": "technology/robots", 
    "urls": {
      "web": {
        "discover": "http://www.kickstarter.com/discover/categories/technology/robots"
      }
    }
  }, 
  "country": "US", 
  "created_at": 1348949026, 
  "creator": {
    "avatar": {
      "medium": "https://s3.amazonaws.com/ksr/avatars/4233958/IMG_1831.medium.jpg?1349594796", 
      "small": "https://s3.amazonaws.com/ksr/avatars/4233958/IMG_1831.small.jpg?1349594796", 
      "thumb": "https://s3.amazonaws.com/ksr/avatars/4233958/IMG_1831.thumb.jpg?1349594796"
    }, 
    "id": 1115004612, 
    "name": "CCS FIRST Team 2204", 
    "urls": {
      "api": {
        "user": "https://api.kickstarter.com/v1/users/1115004612?signature=1405310264.789cea8620a9086fe247ec04cb1da9eef2ceabc2"
      }, 
      "web": {
        "user": "https://www.kickstarter.com/profile/1115004612"
      }
    }
  }, 
  "currency": "USD", 
  "currency_symbol": "$", 
  "currency_trailing_code": true, 
  "deadline": 1357068289, 
  "disable_communication": false, 
  "goal": 1000.0, 
  "id": 1146808716, 
  "launched_at": 1351880689, 
  "location": {
    "country": "US", 
    "displayable_name": "Alameda, CA", 
    "id": 2352559, 
    "name": "Alameda", 
    "short_name": "Alameda, CA", 
    "slug": "alameda-alameda-ca", 
    "state": "CA", 
    "urls": {
      "api": {
        "nearby_projects": "https://api.kickstarter.com/v1/discover?signature=1405283937.e6923a18a46b8bda7cbcb69898ce6ff8ed0cba67&woe_id=2352559"
      }, 
      "web": {
        "discover": "https://www.kickstarter.com/discover/places/alameda-alameda-ca", 
        "location": "https://www.kickstarter.com/locations/alameda-alameda-ca"
      }
    }
  }, 
  "name": "CCHS 2012 FIRST Robotics Sacramento Regional", 
  "photo": {
    "1024x768": "https://s3.amazonaws.com/ksr/projects/351374/photo-1024x768.jpg?1397798850", 
    "1536x1152": "https://s3.amazonaws.com/ksr/projects/351374/photo-1536x1152.jpg?1397798850", 
    "ed": "https://s3.amazonaws.com/ksr/projects/351374/photo-ed.jpg?1397798850", 
    "full": "https://s3.amazonaws.com/ksr/projects/351374/photo-full.jpg?1397798850", 
    "little": "https://s3.amazonaws.com/ksr/projects/351374/photo-little.jpg?1397798850", 
    "med": "https://s3.amazonaws.com/ksr/projects/351374/photo-med.jpg?1397798850", 
    "small": "https://s3.amazonaws.com/ksr/projects/351374/photo-small.jpg?1397798850", 
    "thumb": "https://s3.amazonaws.com/ksr/projects/351374/photo-thumb.jpg?1397798850"
  }, 
  "pledged": 1149.0, 
  "slug": "cchs-2012-first-robotics-sacramento-regional", 
  "state": "successful", 
  "state_changed_at": 1357068291, 
  "urls": {
    "web": {
      "project": "https://www.kickstarter.com/projects/1115004612/cchs-2012-first-robotics-sacramento-regional", 
      "rewards": "https://www.kickstarter.com/projects/1115004612/cchs-2012-first-robotics-sacramento-regional/rewards"
    }
  }
}