{
  "backers_count": 17, 
  "blurb": "Square Jaws are inexpensive and enhance the performance of Jorgensen\u00ae 1/4\" x 3/4\" clamps from 6 inches to 48 inches long.", 
  "category": {
    "id": 16, 
    "name": "Technology", 
    "position": 14, 
    "slug": "technology", 
    "urls": {
      "web": {
        "discover": "http://www.kickstarter.com/discover/categories/technology"
      }
    }
  }, 
  "country": "US", 
  "created_at": 1381247372, 
  "creator": {
    "avatar": {
      "medium": "https://s3.amazonaws.com/ksr/avatars/8300736/Picture_1.medium.jpg?1381260250", 
      "small": "https://s3.amazonaws.com/ksr/avatars/8300736/Picture_1.small.jpg?1381260250", 
      "thumb": "https://s3.amazonaws.com/ksr/avatars/8300736/Picture_1.thumb.jpg?1381260250"
    }, 
    "id": 1073620990, 
    "name": "Thomas Dale Tweed", 
    "urls": {
      "api": {
        "user": "https://api.kickstarter.com/v1/users/1073620990?signature=1405310514.6a93e517eeb52e37a287840d5da5654604b0a37d"
      }, 
      "web": {
        "user": "https://www.kickstarter.com/profile/1073620990"
      }
    }
  }, 
  "currency": "USD", 
  "currency_symbol": "$", 
  "currency_trailing_code": true, 
  "deadline": 1386435420, 
  "disable_communication": false, 
  "goal": 37500.0, 
  "id": 1147868159, 
  "launched_at": 1383230496, 
  "location": {
    "country": "US", 
    "displayable_name": "Fairhope, AL", 
    "id": 2401506, 
    "name": "Fairhope", 
    "short_name": "Fairhope, AL", 
    "slug": "fairhope-al", 
    "state": "AL", 
    "urls": {
      "api": {
        "nearby_projects": "https://api.kickstarter.com/v1/discover?signature=1405284880.e49c6ac1b7171c598fe807323d3ece38f9889eb3&woe_id=2401506"
      }, 
      "web": {
        "discover": "https://www.kickstarter.com/discover/places/fairhope-al", 
        "location": "https://www.kickstarter.com/locations/fairhope-al"
      }
    }
  }, 
  "name": "Square Jaws For 1/4\" x 3/4\" Bar Clamps", 
  "photo": {
    "1024x768": "https://s3.amazonaws.com/ksr/projects/710643/photo-1024x768.jpg?1397850647", 
    "1536x1152": "https://s3.amazonaws.com/ksr/projects/710643/photo-1536x1152.jpg?1397850647", 
    "ed": "https://s3.amazonaws.com/ksr/projects/710643/photo-ed.jpg?1397850647", 
    "full": "https://s3.amazonaws.com/ksr/projects/710643/photo-full.jpg?1397850647", 
    "little": "https://s3.amazonaws.com/ksr/projects/710643/photo-little.jpg?1397850647", 
    "med": "https://s3.amazonaws.com/ksr/projects/710643/photo-med.jpg?1397850647", 
    "small": "https://s3.amazonaws.com/ksr/projects/710643/photo-small.jpg?1397850647", 
    "thumb": "https://s3.amazonaws.com/ksr/projects/710643/photo-thumb.jpg?1397850647"
  }, 
  "pledged": 775.0, 
  "slug": "square-jaws-for-1-4-x-3-4-bar-clamps", 
  "state": "failed", 
  "state_changed_at": 1386435420, 
  "urls": {
    "web": {
      "project": "https://www.kickstarter.com/projects/1073620990/square-jaws-for-1-4-x-3-4-bar-clamps", 
      "rewards": "https://www.kickstarter.com/projects/1073620990/square-jaws-for-1-4-x-3-4-bar-clamps/rewards"
    }
  }
}