{
  "backers_count": 297, 
  "blurb": "Eventorbot, open source 3d printer. With the single solid steel frame, it eliminates 40% of parts and cost that other 3d printers uses.", 
  "category": {
    "id": 16, 
    "name": "Technology", 
    "position": 14, 
    "slug": "technology", 
    "urls": {
      "web": {
        "discover": "http://www.kickstarter.com/discover/categories/technology"
      }
    }
  }, 
  "country": "US", 
  "created_at": 1347459384, 
  "creator": {
    "avatar": {
      "medium": "https://s3.amazonaws.com/ksr/avatars/3814853/527735_2697420804724_1532730513_31706917_898320677_n.medium.jpg?1347462151", 
      "small": "https://s3.amazonaws.com/ksr/avatars/3814853/527735_2697420804724_1532730513_31706917_898320677_n.small.jpg?1347462151", 
      "thumb": "https://s3.amazonaws.com/ksr/avatars/3814853/527735_2697420804724_1532730513_31706917_898320677_n.thumb.jpg?1347462151"
    }, 
    "id": 1874396831, 
    "name": "Duy Dang", 
    "urls": {
      "api": {
        "user": "https://api.kickstarter.com/v1/users/1874396831?signature=1405310086.a7f453d878a0414fdb698b247ea85717b1aa781b"
      }, 
      "web": {
        "user": "https://www.kickstarter.com/profile/1874396831"
      }
    }
  }, 
  "currency": "USD", 
  "currency_symbol": "$", 
  "currency_trailing_code": true, 
  "deadline": 1351123200, 
  "disable_communication": false, 
  "goal": 25000.0, 
  "id": 1147775979, 
  "launched_at": 1347478391, 
  "location": {
    "country": "US", 
    "displayable_name": "Chicago, IL", 
    "id": 2379574, 
    "name": "Chicago", 
    "short_name": "Chicago, IL", 
    "slug": "chicago-il", 
    "state": "IL", 
    "urls": {
      "api": {
        "nearby_projects": "https://api.kickstarter.com/v1/discover?signature=1405283924.8f63700f7031fb64c1fc151929225a5757f1a64e&woe_id=2379574"
      }, 
      "web": {
        "discover": "https://www.kickstarter.com/discover/places/chicago-il", 
        "location": "https://www.kickstarter.com/locations/chicago-il"
      }
    }
  }, 
  "name": "Eventorbot! open source 3d printer.", 
  "photo": {
    "1024x768": "https://s3.amazonaws.com/ksr/projects/330706/photo-1024x768.jpg?1397796931", 
    "1536x1152": "https://s3.amazonaws.com/ksr/projects/330706/photo-1536x1152.jpg?1397796931", 
    "ed": "https://s3.amazonaws.com/ksr/projects/330706/photo-ed.jpg?1397796931", 
    "full": "https://s3.amazonaws.com/ksr/projects/330706/photo-full.jpg?1397796931", 
    "little": "https://s3.amazonaws.com/ksr/projects/330706/photo-little.jpg?1397796931", 
    "med": "https://s3.amazonaws.com/ksr/projects/330706/photo-med.jpg?1397796931", 
    "small": "https://s3.amazonaws.com/ksr/projects/330706/photo-small.jpg?1397796931", 
    "thumb": "https://s3.amazonaws.com/ksr/projects/330706/photo-thumb.jpg?1397796931"
  }, 
  "pledged": 137508.0, 
  "slug": "eventorbot-open-source-3d-printer", 
  "state": "successful", 
  "state_changed_at": 1351123229, 
  "urls": {
    "web": {
      "project": "https://www.kickstarter.com/projects/1874396831/eventorbot-open-source-3d-printer", 
      "rewards": "https://www.kickstarter.com/projects/1874396831/eventorbot-open-source-3d-printer/rewards"
    }
  }
}