{
  "backers_count": 7, 
  "blurb": "We are two young entrepreneurs looking to turn a mobile app company into a career while inspiring others to chase their dreams like us.", 
  "category": {
    "id": 332, 
    "name": "Apps", 
    "parent_id": 16, 
    "position": 2, 
    "slug": "technology/apps", 
    "urls": {
      "web": {
        "discover": "http://www.kickstarter.com/discover/categories/technology/apps"
      }
    }
  }, 
  "country": "US", 
  "created_at": 1403478256, 
  "creator": {
    "avatar": {
      "medium": "https://s3.amazonaws.com/ksr/avatars/10787171/ks.medium.jpg?1403454765", 
      "small": "https://s3.amazonaws.com/ksr/avatars/10787171/ks.small.jpg?1403454765", 
      "thumb": "https://s3.amazonaws.com/ksr/avatars/10787171/ks.thumb.jpg?1403454765"
    }, 
    "id": 1848741771, 
    "name": "Justin Zweig and Paul Verardi", 
    "urls": {
      "api": {
        "user": "https://api.kickstarter.com/v1/users/1848741771?signature=1405310277.c082bdae972bb105fe7ec72c61c8b5a8d896542d"
      }, 
      "web": {
        "user": "https://www.kickstarter.com/profile/1848741771"
      }
    }
  }, 
  "currency": "USD", 
  "currency_symbol": "$", 
  "currency_trailing_code": true, 
  "deadline": 1406151609, 
  "disable_communication": false, 
  "goal": 4800.0, 
  "id": 1147974561, 
  "launched_at": 1404337209, 
  "location": {
    "country": "US", 
    "displayable_name": "Pittsburgh, PA", 
    "id": 2473224, 
    "name": "Pittsburgh", 
    "short_name": "Pittsburgh, PA", 
    "slug": "pittsburgh-pa", 
    "state": "PA", 
    "urls": {
      "api": {
        "nearby_projects": "https://api.kickstarter.com/v1/discover?signature=1405283923.899172f460363dff4c930b0e2b2d5a0cdf2e5845&woe_id=2473224"
      }, 
      "web": {
        "discover": "https://www.kickstarter.com/discover/places/pittsburgh-pa", 
        "location": "https://www.kickstarter.com/locations/pittsburgh-pa"
      }
    }
  }, 
  "name": "Pembroke Applications", 
  "photo": {
    "1024x768": "https://s3.amazonaws.com/ksr/projects/1055332/photo-1024x768.jpg?1403478288", 
    "1536x1152": "https://s3.amazonaws.com/ksr/projects/1055332/photo-1536x1152.jpg?1403478288", 
    "ed": "https://s3.amazonaws.com/ksr/projects/1055332/photo-ed.jpg?1403478288", 
    "full": "https://s3.amazonaws.com/ksr/projects/1055332/photo-full.jpg?1403478288", 
    "little": "https://s3.amazonaws.com/ksr/projects/1055332/photo-little.jpg?1403478288", 
    "med": "https://s3.amazonaws.com/ksr/projects/1055332/photo-med.jpg?1403478288", 
    "small": "https://s3.amazonaws.com/ksr/projects/1055332/photo-small.jpg?1403478288", 
    "thumb": "https://s3.amazonaws.com/ksr/projects/1055332/photo-thumb.jpg?1403478288"
  }, 
  "pledged": 410.0, 
  "slug": "pembroke-applications", 
  "state": "live", 
  "state_changed_at": 1404337209, 
  "urls": {
    "web": {
      "project": "https://www.kickstarter.com/projects/1848741771/pembroke-applications", 
      "rewards": "https://www.kickstarter.com/projects/1848741771/pembroke-applications/rewards"
    }
  }
}