{
  "backers_count": 1393, 
  "blurb": "InAiR turns your TV into a Minority Report-like experience, with layers of Web content, inline with the programs you're watching.", 
  "category": {
    "id": 16, 
    "name": "Technology", 
    "position": 14, 
    "slug": "technology", 
    "urls": {
      "web": {
        "discover": "http://www.kickstarter.com/discover/categories/technology"
      }
    }
  }, 
  "country": "US", 
  "created_at": 1384141981, 
  "creator": {
    "avatar": {
      "medium": "https://s3.amazonaws.com/ksr/avatars/8677588/teamTrio-black.medium.jpg?1389926584", 
      "small": "https://s3.amazonaws.com/ksr/avatars/8677588/teamTrio-black.small.jpg?1389926584", 
      "thumb": "https://s3.amazonaws.com/ksr/avatars/8677588/teamTrio-black.thumb.jpg?1389926584"
    }, 
    "id": 2128859975, 
    "name": "Nam Do, Dale Herigstad, A-M Roussel", 
    "urls": {
      "api": {
        "user": "https://api.kickstarter.com/v1/users/2128859975?signature=1405309981.771486181f73e570f61be9e943d58ee2d34683f8"
      }, 
      "web": {
        "user": "https://www.kickstarter.com/profile/2128859975"
      }
    }
  }, 
  "currency": "USD", 
  "currency_symbol": "$", 
  "currency_trailing_code": true, 
  "deadline": 1394308743, 
  "disable_communication": false, 
  "goal": 100000.0, 
  "id": 1147574965, 
  "launched_at": 1389124743, 
  "location": {
    "country": "US", 
    "displayable_name": "San Francisco, CA", 
    "id": 2487956, 
    "name": "San Francisco", 
    "short_name": "San Francisco, CA", 
    "slug": "san-francisco-ca", 
    "state": "CA", 
    "urls": {
      "api": {
        "nearby_projects": "https://api.kickstarter.com/v1/discover?signature=1405283922.2705520cddde986b955c196af6b338b46c4257d5&woe_id=2487956"
      }, 
      "web": {
        "discover": "https://www.kickstarter.com/discover/places/san-francisco-ca", 
        "location": "https://www.kickstarter.com/locations/san-francisco-ca"
      }
    }
  }, 
  "name": "SeeSpace InAiR: The World's 1st Augmented Television", 
  "photo": {
    "1024x768": "https://s3.amazonaws.com/ksr/projects/754807/photo-1024x768.jpg?1397855658", 
    "1536x1152": "https://s3.amazonaws.com/ksr/projects/754807/photo-1536x1152.jpg?1397855658", 
    "ed": "https://s3.amazonaws.com/ksr/projects/754807/photo-ed.jpg?1397855658", 
    "full": "https://s3.amazonaws.com/ksr/projects/754807/photo-full.jpg?1397855658", 
    "little": "https://s3.amazonaws.com/ksr/projects/754807/photo-little.jpg?1397855658", 
    "med": "https://s3.amazonaws.com/ksr/projects/754807/photo-med.jpg?1397855658", 
    "small": "https://s3.amazonaws.com/ksr/projects/754807/photo-small.jpg?1397855658", 
    "thumb": "https://s3.amazonaws.com/ksr/projects/754807/photo-thumb.jpg?1397855658"
  }, 
  "pledged": 177873.99, 
  "slug": "inair-the-worlds-1st-augmented-television", 
  "state": "successful", 
  "state_changed_at": 1394308743, 
  "urls": {
    "web": {
      "project": "https://www.kickstarter.com/projects/2128859975/inair-the-worlds-1st-augmented-television", 
      "rewards": "https://www.kickstarter.com/projects/2128859975/inair-the-worlds-1st-augmented-television/rewards"
    }
  }
}