{
  "backers_count": 9, 
  "blurb": "A uniquely styled, heavy duty, heat-dissipating laptop stand for use in the home or office.", 
  "category": {
    "id": 52, 
    "name": "Hardware", 
    "parent_id": 16, 
    "position": 8, 
    "slug": "technology/hardware", 
    "urls": {
      "web": {
        "discover": "http://www.kickstarter.com/discover/categories/technology/hardware"
      }
    }
  }, 
  "country": "US", 
  "created_at": 1367019596, 
  "creator": {
    "avatar": {
      "medium": "https://s3.amazonaws.com/ksr/avatars/6379388/BACKGROUND.medium.jpg?1367023760", 
      "small": "https://s3.amazonaws.com/ksr/avatars/6379388/BACKGROUND.small.jpg?1367023760", 
      "thumb": "https://s3.amazonaws.com/ksr/avatars/6379388/BACKGROUND.thumb.jpg?1367023760"
    }, 
    "id": 332977892, 
    "name": "Daniel Marafino", 
    "urls": {
      "api": {
        "user": "https://api.kickstarter.com/v1/users/332977892?signature=1405310541.cdb06275a6ec4a455cfd545db374a0145a440d96"
      }, 
      "web": {
        "user": "https://www.kickstarter.com/profile/332977892"
      }
    }
  }, 
  "currency": "USD", 
  "currency_symbol": "$", 
  "currency_trailing_code": true, 
  "deadline": 1369747100, 
  "disable_communication": false, 
  "goal": 5000.0, 
  "id": 1148118293, 
  "launched_at": 1368019100, 
  "location": {
    "country": "US", 
    "displayable_name": "Syracuse, NY", 
    "id": 2503418, 
    "name": "Syracuse", 
    "short_name": "Syracuse, NY", 
    "slug": "syracuse-ny", 
    "state": "NY", 
    "urls": {
      "api": {
        "nearby_projects": "https://api.kickstarter.com/v1/discover?signature=1405283928.a2eba668078308256882d00987cc9bcd4484ffb3&woe_id=2503418"
      }, 
      "web": {
        "discover": "https://www.kickstarter.com/discover/places/syracuse-ny", 
        "location": "https://www.kickstarter.com/locations/syracuse-ny"
      }
    }
  }, 
  "name": "'X-Wing' Heavy Duty Desktop Laptop Stand", 
  "photo": {
    "1024x768": "https://s3.amazonaws.com/ksr/projects/537051/photo-1024x768.jpg?1397818440", 
    "1536x1152": "https://s3.amazonaws.com/ksr/projects/537051/photo-1536x1152.jpg?1397818440", 
    "ed": "https://s3.amazonaws.com/ksr/projects/537051/photo-ed.jpg?1397818440", 
    "full": "https://s3.amazonaws.com/ksr/projects/537051/photo-full.jpg?1397818440", 
    "little": "https://s3.amazonaws.com/ksr/projects/537051/photo-little.jpg?1397818440", 
    "med": "https://s3.amazonaws.com/ksr/projects/537051/photo-med.jpg?1397818440", 
    "small": "https://s3.amazonaws.com/ksr/projects/537051/photo-small.jpg?1397818440", 
    "thumb": "https://s3.amazonaws.com/ksr/projects/537051/photo-thumb.jpg?1397818440"
  }, 
  "pledged": 482.0, 
  "slug": "x-wing-heavy-duty-desktop-laptop-stand", 
  "state": "failed", 
  "state_changed_at": 1369747100, 
  "urls": {
    "web": {
      "project": "https://www.kickstarter.com/projects/332977892/x-wing-heavy-duty-desktop-laptop-stand", 
      "rewards": "https://www.kickstarter.com/projects/332977892/x-wing-heavy-duty-desktop-laptop-stand/rewards"
    }
  }
}