{
  "backers_count": 0, 
  "blurb": "A free application that provides sports clubs with a simple way to significantly enhance its communications to members and families", 
  "category": {
    "id": 51, 
    "name": "Software", 
    "parent_id": 16, 
    "position": 11, 
    "slug": "technology/software", 
    "urls": {
      "web": {
        "discover": "http://www.kickstarter.com/discover/categories/technology/software"
      }
    }
  }, 
  "country": "NZ", 
  "created_at": 1395084701, 
  "creator": {
    "avatar": {
      "medium": "https://s3.amazonaws.com/ksr/avatars/9981558/Me.medium.jpg?1395086948", 
      "small": "https://s3.amazonaws.com/ksr/avatars/9981558/Me.small.jpg?1395086948", 
      "thumb": "https://s3.amazonaws.com/ksr/avatars/9981558/Me.thumb.jpg?1395086948"
    }, 
    "id": 938874444, 
    "name": "Bruce McGahey", 
    "urls": {
      "api": {
        "user": "https://api.kickstarter.com/v1/users/938874444?signature=1405310689.24fe73863adc1760d4e7efed910f23d6f7c872cf"
      }, 
      "web": {
        "user": "https://www.kickstarter.com/profile/938874444"
      }
    }
  }, 
  "currency": "NZD", 
  "currency_symbol": "$", 
  "currency_trailing_code": true, 
  "deadline": 1401076494, 
  "disable_communication": false, 
  "goal": 5000.0, 
  "id": 114915140, 
  "launched_at": 1395892494, 
  "location": {
    "country": "NZ", 
    "displayable_name": "Napier, NZ", 
    "id": 2349663, 
    "name": "Napier", 
    "short_name": "Napier, NZ", 
    "slug": "napier-nz", 
    "state": "Hawke's Bay", 
    "urls": {
      "api": {
        "nearby_projects": "https://api.kickstarter.com/v1/discover?signature=1405283969.e86c0821f1be237211f11f74c00417a0f0da19a3&woe_id=2349663"
      }, 
      "web": {
        "discover": "https://www.kickstarter.com/discover/places/napier-nz", 
        "location": "https://www.kickstarter.com/locations/napier-nz"
      }
    }
  }, 
  "name": "Club Sport Schedule and News Application", 
  "photo": {
    "1024x768": "https://s3.amazonaws.com/ksr/projects/913136/photo-1024x768.jpg?1397872391", 
    "1536x1152": "https://s3.amazonaws.com/ksr/projects/913136/photo-1536x1152.jpg?1397872391", 
    "ed": "https://s3.amazonaws.com/ksr/projects/913136/photo-ed.jpg?1397872391", 
    "full": "https://s3.amazonaws.com/ksr/projects/913136/photo-full.jpg?1397872391", 
    "little": "https://s3.amazonaws.com/ksr/projects/913136/photo-little.jpg?1397872391", 
    "med": "https://s3.amazonaws.com/ksr/projects/913136/photo-med.jpg?1397872391", 
    "small": "https://s3.amazonaws.com/ksr/projects/913136/photo-small.jpg?1397872391", 
    "thumb": "https://s3.amazonaws.com/ksr/projects/913136/photo-thumb.jpg?1397872391"
  }, 
  "pledged": 0.0, 
  "slug": "club-sport-schedule-and-news-application", 
  "state": "failed", 
  "state_changed_at": 1401076494, 
  "urls": {
    "web": {
      "project": "https://www.kickstarter.com/projects/938874444/club-sport-schedule-and-news-application", 
      "rewards": "https://www.kickstarter.com/projects/938874444/club-sport-schedule-and-news-application/rewards"
    }
  }
}