{
  "backers_count": 7, 
  "blurb": "Pix It is a small gadget device which uses a 5x7 LED dot matrix  to  display a movie you have created and downloaded from your computer", 
  "category": {
    "id": 337, 
    "name": "Gadgets", 
    "parent_id": 16, 
    "position": 7, 
    "slug": "technology/gadgets", 
    "urls": {
      "web": {
        "discover": "http://www.kickstarter.com/discover/categories/technology/gadgets"
      }
    }
  }, 
  "country": "GB", 
  "created_at": 1391887026, 
  "creator": {
    "avatar": {
      "medium": "https://s3.amazonaws.com/ksr/avatars/4116646/Kos_on_WEBcamera.medium.jpg?1351794513", 
      "small": "https://s3.amazonaws.com/ksr/avatars/4116646/Kos_on_WEBcamera.small.jpg?1351794513", 
      "thumb": "https://s3.amazonaws.com/ksr/avatars/4116646/Kos_on_WEBcamera.thumb.jpg?1351794513"
    }, 
    "id": 1709041259, 
    "name": "Konstantin", 
    "slug": "kosbo", 
    "urls": {
      "api": {
        "user": "https://api.kickstarter.com/v1/users/1709041259?signature=1405310554.142859ed2df2e427bdea667dc31d100baf109098"
      }, 
      "web": {
        "user": "https://www.kickstarter.com/profile/kosbo"
      }
    }
  }, 
  "currency": "GBP", 
  "currency_symbol": "\u00a3", 
  "currency_trailing_code": false, 
  "deadline": 1404482883, 
  "disable_communication": false, 
  "goal": 5000.0, 
  "id": 1150485372, 
  "launched_at": 1401890883, 
  "location": {
    "country": "GB", 
    "displayable_name": "Horsham, UK", 
    "id": 23945, 
    "name": "Horsham", 
    "short_name": "Horsham, UK", 
    "slug": "horsham-horsham-district-gb", 
    "state": "England", 
    "urls": {
      "api": {
        "nearby_projects": "https://api.kickstarter.com/v1/discover?signature=1405284064.30474176121aae3398c135bb439a898b9bbba5e3&woe_id=23945"
      }, 
      "web": {
        "discover": "https://www.kickstarter.com/discover/places/horsham-horsham-district-gb", 
        "location": "https://www.kickstarter.com/locations/horsham-horsham-district-gb"
      }
    }
  }, 
  "name": "Pix It. Make your own movie on an LED matrix display", 
  "photo": {
    "1024x768": "https://s3.amazonaws.com/ksr/projects/862406/photo-1024x768.jpg?1397867164", 
    "1536x1152": "https://s3.amazonaws.com/ksr/projects/862406/photo-1536x1152.jpg?1397867164", 
    "ed": "https://s3.amazonaws.com/ksr/projects/862406/photo-ed.jpg?1397867164", 
    "full": "https://s3.amazonaws.com/ksr/projects/862406/photo-full.jpg?1397867164", 
    "little": "https://s3.amazonaws.com/ksr/projects/862406/photo-little.jpg?1397867164", 
    "med": "https://s3.amazonaws.com/ksr/projects/862406/photo-med.jpg?1397867164", 
    "small": "https://s3.amazonaws.com/ksr/projects/862406/photo-small.jpg?1397867164", 
    "thumb": "https://s3.amazonaws.com/ksr/projects/862406/photo-thumb.jpg?1397867164"
  }, 
  "pledged": 211.0, 
  "slug": "pix-it-make-your-own-movie-on-an-led-matrix-displa", 
  "state": "failed", 
  "state_changed_at": 1404482883, 
  "urls": {
    "web": {
      "project": "https://www.kickstarter.com/projects/kosbo/pix-it-make-your-own-movie-on-an-led-matrix-displa", 
      "rewards": "https://www.kickstarter.com/projects/kosbo/pix-it-make-your-own-movie-on-an-led-matrix-displa/rewards"
    }
  }
}