{
  "backers_count": 380, 
  "blurb": "Complete Verilog implementation of a 2D/ 3D graphics processor capable of OpenGL and D3D w/ full test suite", 
  "category": {
    "id": 52, 
    "name": "Hardware", 
    "parent_id": 16, 
    "position": 8, 
    "slug": "technology/hardware", 
    "urls": {
      "web": {
        "discover": "http://www.kickstarter.com/discover/categories/technology/hardware"
      }
    }
  }, 
  "country": "US", 
  "created_at": 1379331707, 
  "creator": {
    "avatar": {
      "medium": "https://s3.amazonaws.com/ksr/avatars/2517043/fb_profile_picture.medium.jpg?1334675836", 
      "small": "https://s3.amazonaws.com/ksr/avatars/2517043/fb_profile_picture.small.jpg?1334675836", 
      "thumb": "https://s3.amazonaws.com/ksr/avatars/2517043/fb_profile_picture.thumb.jpg?1334675836"
    }, 
    "id": 725991125, 
    "name": "Francis Bruno", 
    "urls": {
      "api": {
        "user": "https://api.kickstarter.com/v1/users/725991125?signature=1405310364.c385f265e9c7c2eba6b355456bd07e1cd42ccebf"
      }, 
      "web": {
        "user": "https://www.kickstarter.com/profile/725991125"
      }
    }
  }, 
  "currency": "USD", 
  "currency_symbol": "$", 
  "currency_trailing_code": true, 
  "deadline": 1385205339, 
  "disable_communication": false, 
  "goal": 200000.0, 
  "id": 1150630348, 
  "launched_at": 1381313739, 
  "location": {
    "country": "US", 
    "displayable_name": "Londonderry, NH", 
    "id": 2441309, 
    "name": "Londonderry", 
    "short_name": "Londonderry, NH", 
    "slug": "londonderry-nh", 
    "state": "NH", 
    "urls": {
      "api": {
        "nearby_projects": "https://api.kickstarter.com/v1/discover?signature=1405284000.96ac025946e5e74dd593defd630a012910d7544e&woe_id=2441309"
      }, 
      "web": {
        "discover": "https://www.kickstarter.com/discover/places/londonderry-nh", 
        "location": "https://www.kickstarter.com/locations/londonderry-nh"
      }
    }
  }, 
  "name": "Open Source Graphics Processor (GPU)", 
  "photo": {
    "1024x768": "https://s3.amazonaws.com/ksr/projects/682730/photo-1024x768.jpg?1397834656", 
    "1536x1152": "https://s3.amazonaws.com/ksr/projects/682730/photo-1536x1152.jpg?1397834656", 
    "ed": "https://s3.amazonaws.com/ksr/projects/682730/photo-ed.jpg?1397834656", 
    "full": "https://s3.amazonaws.com/ksr/projects/682730/photo-full.jpg?1397834656", 
    "little": "https://s3.amazonaws.com/ksr/projects/682730/photo-little.jpg?1397834656", 
    "med": "https://s3.amazonaws.com/ksr/projects/682730/photo-med.jpg?1397834656", 
    "small": "https://s3.amazonaws.com/ksr/projects/682730/photo-small.jpg?1397834656", 
    "thumb": "https://s3.amazonaws.com/ksr/projects/682730/photo-thumb.jpg?1397834656"
  }, 
  "pledged": 12949.07, 
  "slug": "open-source-graphics-processor-gpu", 
  "state": "failed", 
  "state_changed_at": 1385205343, 
  "urls": {
    "web": {
      "project": "https://www.kickstarter.com/projects/725991125/open-source-graphics-processor-gpu", 
      "rewards": "https://www.kickstarter.com/projects/725991125/open-source-graphics-processor-gpu/rewards"
    }
  }
}