{
  "backers_count": 5, 
  "blurb": "Spresso is a software app for your PC or Mac that saves all of your project\u2019s assets (files) as a series of version backups.", 
  "category": {
    "id": 16, 
    "name": "Technology", 
    "position": 14, 
    "slug": "technology", 
    "urls": {
      "web": {
        "discover": "http://www.kickstarter.com/discover/categories/technology"
      }
    }
  }, 
  "country": "US", 
  "created_at": 1358644547, 
  "creator": {
    "avatar": {
      "medium": "https://s3.amazonaws.com/ksr/avatars/5234125/Kenw_-_Portrait.medium.jpg?1358648953", 
      "small": "https://s3.amazonaws.com/ksr/avatars/5234125/Kenw_-_Portrait.small.jpg?1358648953", 
      "thumb": "https://s3.amazonaws.com/ksr/avatars/5234125/Kenw_-_Portrait.thumb.jpg?1358648953"
    }, 
    "id": 1914250250, 
    "name": "Ken Whitaker", 
    "urls": {
      "api": {
        "user": "https://api.kickstarter.com/v1/users/1914250250?signature=1405310577.1de65e9e76d7959124f434b2faf0c9fc6db57fb1"
      }, 
      "web": {
        "user": "https://www.kickstarter.com/profile/1914250250"
      }
    }
  }, 
  "currency": "USD", 
  "currency_symbol": "$", 
  "currency_trailing_code": true, 
  "deadline": 1362522896, 
  "disable_communication": false, 
  "goal": 60000.0, 
  "id": 1150554559, 
  "launched_at": 1359066896, 
  "location": {
    "country": "US", 
    "displayable_name": "Seattle, WA", 
    "id": 2490383, 
    "name": "Seattle", 
    "short_name": "Seattle, WA", 
    "slug": "seattle-wa", 
    "state": "WA", 
    "urls": {
      "api": {
        "nearby_projects": "https://api.kickstarter.com/v1/discover?signature=1405283923.67c73dbf9dca0017ef5760ce9a5b28f4ece59887&woe_id=2490383"
      }, 
      "web": {
        "discover": "https://www.kickstarter.com/discover/places/seattle-wa", 
        "location": "https://www.kickstarter.com/locations/seattle-wa"
      }
    }
  }, 
  "name": "Spresso Easy Project Version Management Software", 
  "photo": {
    "1024x768": "https://s3.amazonaws.com/ksr/projects/439597/photo-1024x768.jpg?1397808182", 
    "1536x1152": "https://s3.amazonaws.com/ksr/projects/439597/photo-1536x1152.jpg?1397808182", 
    "ed": "https://s3.amazonaws.com/ksr/projects/439597/photo-ed.jpg?1397808182", 
    "full": "https://s3.amazonaws.com/ksr/projects/439597/photo-full.jpg?1397808182", 
    "little": "https://s3.amazonaws.com/ksr/projects/439597/photo-little.jpg?1397808182", 
    "med": "https://s3.amazonaws.com/ksr/projects/439597/photo-med.jpg?1397808182", 
    "small": "https://s3.amazonaws.com/ksr/projects/439597/photo-small.jpg?1397808182", 
    "thumb": "https://s3.amazonaws.com/ksr/projects/439597/photo-thumb.jpg?1397808182"
  }, 
  "pledged": 225.0, 
  "slug": "spresso-easy-project-version-management-software", 
  "state": "failed", 
  "state_changed_at": 1362522897, 
  "urls": {
    "web": {
      "project": "https://www.kickstarter.com/projects/1914250250/spresso-easy-project-version-management-software", 
      "rewards": "https://www.kickstarter.com/projects/1914250250/spresso-easy-project-version-management-software/rewards"
    }
  }
}