{
  "backers_count": 48, 
  "blurb": "Built with precision, intelligence and creativity, the Wi.U is the world's only smart charger. ", 
  "category": {
    "id": 16, 
    "name": "Technology", 
    "position": 14, 
    "slug": "technology", 
    "urls": {
      "web": {
        "discover": "http://www.kickstarter.com/discover/categories/technology"
      }
    }
  }, 
  "country": "US", 
  "created_at": 1300930888, 
  "creator": {
    "avatar": {
      "medium": "https://s3.amazonaws.com/ksr/avatars/508990/Picture%2021.medium.jpg?1300960264", 
      "small": "https://s3.amazonaws.com/ksr/avatars/508990/Picture%2021.small.jpg?1300960264", 
      "thumb": "https://s3.amazonaws.com/ksr/avatars/508990/Picture%2021.thumb.jpg?1300960264"
    }, 
    "id": 1106127554, 
    "name": "Cameron Burley", 
    "slug": "wiu", 
    "urls": {
      "api": {
        "user": "https://api.kickstarter.com/v1/users/1106127554?signature=1405310409.456f3218d2e1bf1463df8fd3856f2b73ca8788f4"
      }, 
      "web": {
        "user": "https://www.kickstarter.com/profile/wiu"
      }
    }
  }, 
  "currency": "USD", 
  "currency_symbol": "$", 
  "currency_trailing_code": true, 
  "deadline": 1303825652, 
  "disable_communication": false, 
  "goal": 20000.0, 
  "id": 1150564744, 
  "launched_at": 1300974452, 
  "location": {
    "country": "US", 
    "displayable_name": "New York, NY", 
    "id": 2459115, 
    "name": "New York", 
    "short_name": "New York, NY", 
    "slug": "new-york-ny", 
    "state": "NY", 
    "urls": {
      "api": {
        "nearby_projects": "https://api.kickstarter.com/v1/discover?signature=1405283922.858662b9ca1ef63b6e0c38e6c88778c27a30fce5&woe_id=2459115"
      }, 
      "web": {
        "discover": "https://www.kickstarter.com/discover/places/new-york-ny", 
        "location": "https://www.kickstarter.com/locations/new-york-ny"
      }
    }
  }, 
  "name": "The Wi.U Charger: Smart Charger for iPhones", 
  "photo": {
    "1024x768": "https://s3.amazonaws.com/ksr/projects/27319/photo-1024x768.jpg?1397761987", 
    "1536x1152": "https://s3.amazonaws.com/ksr/projects/27319/photo-1536x1152.jpg?1397761987", 
    "ed": "https://s3.amazonaws.com/ksr/projects/27319/photo-ed.jpg?1397761987", 
    "full": "https://s3.amazonaws.com/ksr/projects/27319/photo-full.jpg?1397761987", 
    "little": "https://s3.amazonaws.com/ksr/projects/27319/photo-little.jpg?1397761987", 
    "med": "https://s3.amazonaws.com/ksr/projects/27319/photo-med.jpg?1397761987", 
    "small": "https://s3.amazonaws.com/ksr/projects/27319/photo-small.jpg?1397761987", 
    "thumb": "https://s3.amazonaws.com/ksr/projects/27319/photo-thumb.jpg?1397761987"
  }, 
  "pledged": 4150.0, 
  "slug": "wiu-why-you-charger-wireless-smart-charger-for-iph", 
  "state": "failed", 
  "state_changed_at": 1303825652, 
  "urls": {
    "web": {
      "project": "https://www.kickstarter.com/projects/wiu/wiu-why-you-charger-wireless-smart-charger-for-iph", 
      "rewards": "https://www.kickstarter.com/projects/wiu/wiu-why-you-charger-wireless-smart-charger-for-iph/rewards"
    }
  }
}