{
  "backers_count": 18220, 
  "blurb": "Pono's mission is to provide the best possible listening experience of your favorite digital music.", 
  "category": {
    "id": 339, 
    "name": "Sound", 
    "parent_id": 16, 
    "position": 12, 
    "slug": "technology/sound", 
    "urls": {
      "web": {
        "discover": "http://www.kickstarter.com/discover/categories/technology/sound"
      }
    }
  }, 
  "country": "US", 
  "created_at": 1393347728, 
  "creator": {
    "avatar": {
      "medium": "https://s3.amazonaws.com/ksr/avatars/9759537/Final_Logo_jpeg.medium.jpg?1394502856", 
      "small": "https://s3.amazonaws.com/ksr/avatars/9759537/Final_Logo_jpeg.small.jpg?1394502856", 
      "thumb": "https://s3.amazonaws.com/ksr/avatars/9759537/Final_Logo_jpeg.thumb.jpg?1394502856"
    }, 
    "id": 1003614822, 
    "name": "the PonoMusic Team", 
    "urls": {
      "api": {
        "user": "https://api.kickstarter.com/v1/users/1003614822?signature=1405309908.ded6a5f059a1e9fa53e22111fc4c1210a3427018"
      }, 
      "web": {
        "user": "https://www.kickstarter.com/profile/1003614822"
      }
    }
  }, 
  "currency": "USD", 
  "currency_symbol": "$", 
  "currency_trailing_code": true, 
  "deadline": 1397583042, 
  "disable_communication": false, 
  "goal": 800000.0, 
  "id": 1152735261, 
  "launched_at": 1394559042, 
  "location": {
    "country": "US", 
    "displayable_name": "San Francisco, CA", 
    "id": 2487956, 
    "name": "San Francisco", 
    "short_name": "San Francisco, CA", 
    "slug": "san-francisco-ca", 
    "state": "CA", 
    "urls": {
      "api": {
        "nearby_projects": "https://api.kickstarter.com/v1/discover?signature=1405283922.2705520cddde986b955c196af6b338b46c4257d5&woe_id=2487956"
      }, 
      "web": {
        "discover": "https://www.kickstarter.com/discover/places/san-francisco-ca", 
        "location": "https://www.kickstarter.com/locations/san-francisco-ca"
      }
    }
  }, 
  "name": "Pono Music - Where Your Soul Rediscovers Music", 
  "photo": {
    "1024x768": "https://s3.amazonaws.com/ksr/projects/884493/photo-1024x768.jpg?1397869511", 
    "1536x1152": "https://s3.amazonaws.com/ksr/projects/884493/photo-1536x1152.jpg?1397869511", 
    "ed": "https://s3.amazonaws.com/ksr/projects/884493/photo-ed.jpg?1397869511", 
    "full": "https://s3.amazonaws.com/ksr/projects/884493/photo-full.jpg?1397869511", 
    "little": "https://s3.amazonaws.com/ksr/projects/884493/photo-little.jpg?1397869511", 
    "med": "https://s3.amazonaws.com/ksr/projects/884493/photo-med.jpg?1397869511", 
    "small": "https://s3.amazonaws.com/ksr/projects/884493/photo-small.jpg?1397869511", 
    "thumb": "https://s3.amazonaws.com/ksr/projects/884493/photo-thumb.jpg?1397869511"
  }, 
  "pledged": 6225354.98, 
  "slug": "ponomusic-where-your-soul-rediscovers-music", 
  "state": "successful", 
  "state_changed_at": 1397583042, 
  "urls": {
    "web": {
      "project": "https://www.kickstarter.com/projects/1003614822/ponomusic-where-your-soul-rediscovers-music", 
      "rewards": "https://www.kickstarter.com/projects/1003614822/ponomusic-where-your-soul-rediscovers-music/rewards"
    }
  }
}