{
  "backers_count": 117, 
  "blurb": "Add sound to your projects! Make that teddy bear talk. Give your robot a diabolical laugh. Let your art do the talking. (Literally.)", 
  "category": {
    "id": 334, 
    "name": "DIY Electronics", 
    "parent_id": 16, 
    "position": 4, 
    "slug": "technology/diy electronics", 
    "urls": {
      "web": {
        "discover": "http://www.kickstarter.com/discover/categories/technology/diy%20electronics"
      }
    }
  }, 
  "country": "US", 
  "created_at": 1378343301, 
  "creator": {
    "avatar": {
      "medium": "https://s3.amazonaws.com/ksr/avatars/461972/headshot200x200.medium.jpg?1381237940", 
      "small": "https://s3.amazonaws.com/ksr/avatars/461972/headshot200x200.small.jpg?1381237940", 
      "thumb": "https://s3.amazonaws.com/ksr/avatars/461972/headshot200x200.thumb.jpg?1381237940"
    }, 
    "id": 358568036, 
    "name": "Metre Ideas and Design", 
    "urls": {
      "api": {
        "user": "https://api.kickstarter.com/v1/users/358568036?signature=1405310187.b147331d23046df5878f6d7410a87ee70cfe7770"
      }, 
      "web": {
        "user": "https://www.kickstarter.com/profile/358568036"
      }
    }
  }, 
  "currency": "USD", 
  "currency_symbol": "$", 
  "currency_trailing_code": true, 
  "deadline": 1383661406, 
  "disable_communication": false, 
  "goal": 12000.0, 
  "id": 1152181894, 
  "launched_at": 1381238606, 
  "location": {
    "country": "US", 
    "displayable_name": "Brooklyn, NY", 
    "id": 12589335, 
    "name": "Brooklyn", 
    "short_name": "Brooklyn, NY", 
    "slug": "brooklyn-ny", 
    "state": "NY", 
    "urls": {
      "api": {
        "nearby_projects": "https://api.kickstarter.com/v1/discover?signature=1405283922.3a1f777a5dd590d87316858ddc36b00ab619dde8&woe_id=12589335"
      }, 
      "web": {
        "discover": "https://www.kickstarter.com/discover/places/brooklyn-ny", 
        "location": "https://www.kickstarter.com/locations/brooklyn-ny"
      }
    }
  }, 
  "name": "Foxonix Embedded Sound: Make Your Ideas Heard", 
  "photo": {
    "1024x768": "https://s3.amazonaws.com/ksr/projects/671588/photo-1024x768.jpg?1397833355", 
    "1536x1152": "https://s3.amazonaws.com/ksr/projects/671588/photo-1536x1152.jpg?1397833355", 
    "ed": "https://s3.amazonaws.com/ksr/projects/671588/photo-ed.jpg?1397833355", 
    "full": "https://s3.amazonaws.com/ksr/projects/671588/photo-full.jpg?1397833355", 
    "little": "https://s3.amazonaws.com/ksr/projects/671588/photo-little.jpg?1397833355", 
    "med": "https://s3.amazonaws.com/ksr/projects/671588/photo-med.jpg?1397833355", 
    "small": "https://s3.amazonaws.com/ksr/projects/671588/photo-small.jpg?1397833355", 
    "thumb": "https://s3.amazonaws.com/ksr/projects/671588/photo-thumb.jpg?1397833355"
  }, 
  "pledged": 12103.0, 
  "slug": "foxonix-embedded-sound-make-your-ideas-heard", 
  "state": "successful", 
  "state_changed_at": 1383661408, 
  "urls": {
    "web": {
      "project": "https://www.kickstarter.com/projects/358568036/foxonix-embedded-sound-make-your-ideas-heard", 
      "rewards": "https://www.kickstarter.com/projects/358568036/foxonix-embedded-sound-make-your-ideas-heard/rewards"
    }
  }
}