{
  "backers_count": 148, 
  "blurb": "A customizable, laser-cut, retro, chunky, Do-It-Yourself, miniature video arcade cabinet for the Raspberry Pi.", 
  "category": {
    "id": 52, 
    "name": "Hardware", 
    "parent_id": 16, 
    "position": 8, 
    "slug": "technology/hardware", 
    "urls": {
      "web": {
        "discover": "http://www.kickstarter.com/discover/categories/technology/hardware"
      }
    }
  }, 
  "country": "US", 
  "created_at": 1386290873, 
  "creator": {
    "avatar": {
      "medium": "https://s3.amazonaws.com/ksr/avatars/8384895/IMG_0224.medium.jpg?1382309566", 
      "small": "https://s3.amazonaws.com/ksr/avatars/8384895/IMG_0224.small.jpg?1382309566", 
      "thumb": "https://s3.amazonaws.com/ksr/avatars/8384895/IMG_0224.thumb.jpg?1382309566"
    }, 
    "id": 2103217949, 
    "name": "Ryan Bates", 
    "urls": {
      "api": {
        "user": "https://api.kickstarter.com/v1/users/2103217949?signature=1405310147.c93d9922accbe11dd6147191686f18fbde6fbc8b"
      }, 
      "web": {
        "user": "https://www.kickstarter.com/profile/2103217949"
      }
    }
  }, 
  "currency": "USD", 
  "currency_symbol": "$", 
  "currency_trailing_code": true, 
  "deadline": 1389228851, 
  "disable_communication": false, 
  "goal": 13000.0, 
  "id": 1152901453, 
  "launched_at": 1386636851, 
  "location": {
    "country": "US", 
    "displayable_name": "Pittsburgh, PA", 
    "id": 2473224, 
    "name": "Pittsburgh", 
    "short_name": "Pittsburgh, PA", 
    "slug": "pittsburgh-pa", 
    "state": "PA", 
    "urls": {
      "api": {
        "nearby_projects": "https://api.kickstarter.com/v1/discover?signature=1405283923.899172f460363dff4c930b0e2b2d5a0cdf2e5845&woe_id=2473224"
      }, 
      "web": {
        "discover": "https://www.kickstarter.com/discover/places/pittsburgh-pa", 
        "location": "https://www.kickstarter.com/locations/pittsburgh-pa"
      }
    }
  }, 
  "name": "Porta Pi Arcade: A DIY Mini Arcade Cabinet for Raspberry Pi", 
  "photo": {
    "1024x768": "https://s3.amazonaws.com/ksr/projects/786263/photo-1024x768.jpg?1397859092", 
    "1536x1152": "https://s3.amazonaws.com/ksr/projects/786263/photo-1536x1152.jpg?1397859092", 
    "ed": "https://s3.amazonaws.com/ksr/projects/786263/photo-ed.jpg?1397859092", 
    "full": "https://s3.amazonaws.com/ksr/projects/786263/photo-full.jpg?1397859092", 
    "little": "https://s3.amazonaws.com/ksr/projects/786263/photo-little.jpg?1397859092", 
    "med": "https://s3.amazonaws.com/ksr/projects/786263/photo-med.jpg?1397859092", 
    "small": "https://s3.amazonaws.com/ksr/projects/786263/photo-small.jpg?1397859092", 
    "thumb": "https://s3.amazonaws.com/ksr/projects/786263/photo-thumb.jpg?1397859092"
  }, 
  "pledged": 28588.0, 
  "slug": "porta-pi-arcade-a-diy-mini-arcade-cabinet-for-rasp", 
  "state": "successful", 
  "state_changed_at": 1389228851, 
  "urls": {
    "web": {
      "project": "https://www.kickstarter.com/projects/2103217949/porta-pi-arcade-a-diy-mini-arcade-cabinet-for-rasp", 
      "rewards": "https://www.kickstarter.com/projects/2103217949/porta-pi-arcade-a-diy-mini-arcade-cabinet-for-rasp/rewards"
    }
  }
}