{
  "backers_count": 4, 
  "blurb": "Ultra clean, super low-noise audio for the purists.", 
  "category": {
    "id": 52, 
    "name": "Hardware", 
    "parent_id": 16, 
    "position": 8, 
    "slug": "technology/hardware", 
    "urls": {
      "web": {
        "discover": "http://www.kickstarter.com/discover/categories/technology/hardware"
      }
    }
  }, 
  "country": "US", 
  "created_at": 1395255532, 
  "creator": {
    "avatar": {
      "medium": "https://s3.amazonaws.com/ksr/avatars/5983358/2013-08-18_11.29.50a_2.medium.jpg?1395358670", 
      "small": "https://s3.amazonaws.com/ksr/avatars/5983358/2013-08-18_11.29.50a_2.small.jpg?1395358670", 
      "thumb": "https://s3.amazonaws.com/ksr/avatars/5983358/2013-08-18_11.29.50a_2.thumb.jpg?1395358670"
    }, 
    "id": 853021962, 
    "name": "James H Lynch", 
    "urls": {
      "api": {
        "user": "https://api.kickstarter.com/v1/users/853021962?signature=1405310528.bcb375a5ed9e73b7307be8f1c26894f39eddeb17"
      }, 
      "web": {
        "user": "https://www.kickstarter.com/profile/853021962"
      }
    }
  }, 
  "currency": "USD", 
  "currency_symbol": "$", 
  "currency_trailing_code": true, 
  "deadline": 1398698817, 
  "disable_communication": false, 
  "goal": 15000.0, 
  "id": 1153733644, 
  "launched_at": 1396106817, 
  "location": {
    "country": "US", 
    "displayable_name": "Seattle, WA", 
    "id": 2490383, 
    "name": "Seattle", 
    "short_name": "Seattle, WA", 
    "slug": "seattle-wa", 
    "state": "WA", 
    "urls": {
      "api": {
        "nearby_projects": "https://api.kickstarter.com/v1/discover?signature=1405283923.67c73dbf9dca0017ef5760ce9a5b28f4ece59887&woe_id=2490383"
      }, 
      "web": {
        "discover": "https://www.kickstarter.com/discover/places/seattle-wa", 
        "location": "https://www.kickstarter.com/locations/seattle-wa"
      }
    }
  }, 
  "name": "Headphone Audio Amplifier", 
  "photo": {
    "1024x768": "https://s3.amazonaws.com/ksr/projects/916061/photo-1024x768.jpg?1397872706", 
    "1536x1152": "https://s3.amazonaws.com/ksr/projects/916061/photo-1536x1152.jpg?1397872706", 
    "ed": "https://s3.amazonaws.com/ksr/projects/916061/photo-ed.jpg?1397872706", 
    "full": "https://s3.amazonaws.com/ksr/projects/916061/photo-full.jpg?1397872706", 
    "little": "https://s3.amazonaws.com/ksr/projects/916061/photo-little.jpg?1397872706", 
    "med": "https://s3.amazonaws.com/ksr/projects/916061/photo-med.jpg?1397872706", 
    "small": "https://s3.amazonaws.com/ksr/projects/916061/photo-small.jpg?1397872706", 
    "thumb": "https://s3.amazonaws.com/ksr/projects/916061/photo-thumb.jpg?1397872706"
  }, 
  "pledged": 602.0, 
  "slug": "headphone-audio-amplifier", 
  "state": "failed", 
  "state_changed_at": 1398698817, 
  "urls": {
    "web": {
      "project": "https://www.kickstarter.com/projects/853021962/headphone-audio-amplifier", 
      "rewards": "https://www.kickstarter.com/projects/853021962/headphone-audio-amplifier/rewards"
    }
  }
}