{
  "backers_count": 252, 
  "blurb": "What's a cooler gadget than a Smart Watch or Glasses? A Smart Voice Badge. Star Trek a reality! Talks to twitter, facebook, eBay...", 
  "category": {
    "id": 52, 
    "name": "Hardware", 
    "parent_id": 16, 
    "position": 8, 
    "slug": "technology/hardware", 
    "urls": {
      "web": {
        "discover": "http://www.kickstarter.com/discover/categories/technology/hardware"
      }
    }
  }, 
  "country": "US", 
  "created_at": 1356204706, 
  "creator": {
    "avatar": {
      "medium": "https://s3.amazonaws.com/ksr/avatars/3868827/founders_2.medium.jpg?1382673596", 
      "small": "https://s3.amazonaws.com/ksr/avatars/3868827/founders_2.small.jpg?1382673596", 
      "thumb": "https://s3.amazonaws.com/ksr/avatars/3868827/founders_2.thumb.jpg?1382673596"
    }, 
    "id": 20812668, 
    "name": "XOWi Inc.", 
    "slug": "zowi", 
    "urls": {
      "api": {
        "user": "https://api.kickstarter.com/v1/users/20812668?signature=1405310339.7eb0b781cd43e56b50573206517bfe41d4d6471e"
      }, 
      "web": {
        "user": "https://www.kickstarter.com/profile/zowi"
      }
    }
  }, 
  "currency": "USD", 
  "currency_symbol": "$", 
  "currency_trailing_code": true, 
  "deadline": 1385048735, 
  "disable_communication": false, 
  "goal": 100000.0, 
  "id": 1153989443, 
  "launched_at": 1382453135, 
  "location": {
    "country": "US", 
    "displayable_name": "Mclean, VA", 
    "id": 2448240, 
    "name": "Mclean", 
    "short_name": "Mclean, VA", 
    "slug": "mclean-va", 
    "state": "VA", 
    "urls": {
      "api": {
        "nearby_projects": "https://api.kickstarter.com/v1/discover?signature=1405284213.68396ceb6ee92b57173487d275fea44893197bd9&woe_id=2448240"
      }, 
      "web": {
        "discover": "https://www.kickstarter.com/discover/places/mclean-va", 
        "location": "https://www.kickstarter.com/locations/mclean-va"
      }
    }
  }, 
  "name": "XOWi: The World's First Smart Voice Badge", 
  "photo": {
    "1024x768": "https://s3.amazonaws.com/ksr/projects/418685/photo-1024x768.jpg?1397806040", 
    "1536x1152": "https://s3.amazonaws.com/ksr/projects/418685/photo-1536x1152.jpg?1397806040", 
    "ed": "https://s3.amazonaws.com/ksr/projects/418685/photo-ed.jpg?1397806040", 
    "full": "https://s3.amazonaws.com/ksr/projects/418685/photo-full.jpg?1397806040", 
    "little": "https://s3.amazonaws.com/ksr/projects/418685/photo-little.jpg?1397806040", 
    "med": "https://s3.amazonaws.com/ksr/projects/418685/photo-med.jpg?1397806040", 
    "small": "https://s3.amazonaws.com/ksr/projects/418685/photo-small.jpg?1397806040", 
    "thumb": "https://s3.amazonaws.com/ksr/projects/418685/photo-thumb.jpg?1397806040"
  }, 
  "pledged": 38403.0, 
  "slug": "xowi-the-worlds-first-personal-voice-companion-bad", 
  "state": "failed", 
  "state_changed_at": 1385048740, 
  "urls": {
    "web": {
      "project": "https://www.kickstarter.com/projects/zowi/xowi-the-worlds-first-personal-voice-companion-bad", 
      "rewards": "https://www.kickstarter.com/projects/zowi/xowi-the-worlds-first-personal-voice-companion-bad/rewards"
    }
  }
}