{
  "backers_count": 203, 
  "blurb": "The TiltyIMU is a family of versatile open-source robotic controllers and software to allow anyone to build a self-balancing project.", 
  "category": {
    "id": 52, 
    "name": "Hardware", 
    "parent_id": 16, 
    "position": 8, 
    "slug": "technology/hardware", 
    "urls": {
      "web": {
        "discover": "http://www.kickstarter.com/discover/categories/technology/hardware"
      }
    }
  }, 
  "country": "US", 
  "created_at": 1365790959, 
  "creator": {
    "avatar": {
      "medium": "https://s3.amazonaws.com/ksr/avatars/6225829/Profile_Picture.medium.jpg?1370552278", 
      "small": "https://s3.amazonaws.com/ksr/avatars/6225829/Profile_Picture.small.jpg?1370552278", 
      "thumb": "https://s3.amazonaws.com/ksr/avatars/6225829/Profile_Picture.thumb.jpg?1370552278"
    }, 
    "id": 1697625937, 
    "name": "Alex Beattie", 
    "urls": {
      "api": {
        "user": "https://api.kickstarter.com/v1/users/1697625937?signature=1405310161.c0c4fb834609a97729a304b4969010b44d7764ee"
      }, 
      "web": {
        "user": "https://www.kickstarter.com/profile/1697625937"
      }
    }
  }, 
  "currency": "USD", 
  "currency_symbol": "$", 
  "currency_trailing_code": true, 
  "deadline": 1374883249, 
  "disable_communication": false, 
  "goal": 5000.0, 
  "id": 1153050420, 
  "launched_at": 1372291249, 
  "location": {
    "country": "US", 
    "displayable_name": "Rochester, NY", 
    "id": 2482949, 
    "name": "Rochester", 
    "short_name": "Rochester, NY", 
    "slug": "rochester-monroe-ny", 
    "state": "NY", 
    "urls": {
      "api": {
        "nearby_projects": "https://api.kickstarter.com/v1/discover?signature=1405283926.5d9df698e3be6f137db7dd94a054d6e49a751e85&woe_id=2482949"
      }, 
      "web": {
        "discover": "https://www.kickstarter.com/discover/places/rochester-monroe-ny", 
        "location": "https://www.kickstarter.com/locations/rochester-monroe-ny"
      }
    }
  }, 
  "name": "The TiltyIMU: A Family of User-Friendly Robotics Controllers", 
  "photo": {
    "1024x768": "https://s3.amazonaws.com/ksr/projects/522141/photo-1024x768.jpg?1397816877", 
    "1536x1152": "https://s3.amazonaws.com/ksr/projects/522141/photo-1536x1152.jpg?1397816877", 
    "ed": "https://s3.amazonaws.com/ksr/projects/522141/photo-ed.jpg?1397816877", 
    "full": "https://s3.amazonaws.com/ksr/projects/522141/photo-full.jpg?1397816877", 
    "little": "https://s3.amazonaws.com/ksr/projects/522141/photo-little.jpg?1397816877", 
    "med": "https://s3.amazonaws.com/ksr/projects/522141/photo-med.jpg?1397816877", 
    "small": "https://s3.amazonaws.com/ksr/projects/522141/photo-small.jpg?1397816877", 
    "thumb": "https://s3.amazonaws.com/ksr/projects/522141/photo-thumb.jpg?1397816877"
  }, 
  "pledged": 20909.0, 
  "slug": "the-tiltyimu-a-family-of-user-friendly-robotics-co", 
  "state": "successful", 
  "state_changed_at": 1374883249, 
  "urls": {
    "web": {
      "project": "https://www.kickstarter.com/projects/1697625937/the-tiltyimu-a-family-of-user-friendly-robotics-co", 
      "rewards": "https://www.kickstarter.com/projects/1697625937/the-tiltyimu-a-family-of-user-friendly-robotics-co/rewards"
    }
  }
}