{
  "backers_count": 17, 
  "blurb": "An affordable way to attractively install HDMI/USB/Cat6/audio & many other ports on the surface of Desks & Office Furniture!", 
  "category": {
    "id": 16, 
    "name": "Technology", 
    "position": 14, 
    "slug": "technology", 
    "urls": {
      "web": {
        "discover": "http://www.kickstarter.com/discover/categories/technology"
      }
    }
  }, 
  "country": "CA", 
  "created_at": 1398708103, 
  "creator": {
    "avatar": {
      "medium": "https://s3.amazonaws.com/ksr/avatars/10451335/me.medium.jpg?1398718184", 
      "small": "https://s3.amazonaws.com/ksr/avatars/10451335/me.small.jpg?1398718184", 
      "thumb": "https://s3.amazonaws.com/ksr/avatars/10451335/me.thumb.jpg?1398718184"
    }, 
    "id": 1024289004, 
    "name": "Benjamin Bergen", 
    "urls": {
      "api": {
        "user": "https://api.kickstarter.com/v1/users/1024289004?signature=1405310539.e7372f06e51fc8573ef307eafd55f05cb0501a3e"
      }, 
      "web": {
        "user": "https://www.kickstarter.com/profile/1024289004"
      }
    }
  }, 
  "currency": "CAD", 
  "currency_symbol": "$", 
  "currency_trailing_code": true, 
  "deadline": 1401389145, 
  "disable_communication": false, 
  "goal": 8950.0, 
  "id": 1153892472, 
  "launched_at": 1398797145, 
  "location": {
    "country": "CA", 
    "displayable_name": "Emerson, Canada", 
    "id": 3013, 
    "name": "Emerson", 
    "short_name": "Emerson, Canada", 
    "slug": "emerson-ca", 
    "state": "MB", 
    "urls": {
      "api": {
        "nearby_projects": "https://api.kickstarter.com/v1/discover?signature=1405286940.4142d33ee880be801a3c31435af34039d22023fd&woe_id=3013"
      }, 
      "web": {
        "discover": "https://www.kickstarter.com/discover/places/emerson-ca", 
        "location": "https://www.kickstarter.com/locations/emerson-ca"
      }
    }
  }, 
  "name": "Keystone Grommet: HDMI/USB/ Cat6 in Desks & Office Furniture", 
  "photo": {
    "1024x768": "https://s3.amazonaws.com/ksr/projects/975088/photo-1024x768.jpg?1398719295", 
    "1536x1152": "https://s3.amazonaws.com/ksr/projects/975088/photo-1536x1152.jpg?1398719295", 
    "ed": "https://s3.amazonaws.com/ksr/projects/975088/photo-ed.jpg?1398719295", 
    "full": "https://s3.amazonaws.com/ksr/projects/975088/photo-full.jpg?1398719295", 
    "little": "https://s3.amazonaws.com/ksr/projects/975088/photo-little.jpg?1398719295", 
    "med": "https://s3.amazonaws.com/ksr/projects/975088/photo-med.jpg?1398719295", 
    "small": "https://s3.amazonaws.com/ksr/projects/975088/photo-small.jpg?1398719295", 
    "thumb": "https://s3.amazonaws.com/ksr/projects/975088/photo-thumb.jpg?1398719295"
  }, 
  "pledged": 532.0, 
  "slug": "keystone-grommet-hdmi-usb-cat6-in-desks-and-office", 
  "state": "failed", 
  "state_changed_at": 1401389145, 
  "urls": {
    "web": {
      "project": "https://www.kickstarter.com/projects/1024289004/keystone-grommet-hdmi-usb-cat6-in-desks-and-office", 
      "rewards": "https://www.kickstarter.com/projects/1024289004/keystone-grommet-hdmi-usb-cat6-in-desks-and-office/rewards"
    }
  }
}