{
  "backers_count": 56, 
  "blurb": "We've built an open-source radio module and want to get FCC certification so anyone can use and reprogram it.", 
  "category": {
    "id": 52, 
    "name": "Hardware", 
    "parent_id": 16, 
    "position": 8, 
    "slug": "technology/hardware", 
    "urls": {
      "web": {
        "discover": "http://www.kickstarter.com/discover/categories/technology/hardware"
      }
    }
  }, 
  "country": "US", 
  "created_at": 1363836253, 
  "creator": {
    "avatar": {
      "medium": "https://s3.amazonaws.com/ksr/avatars/3466545/Jeremy___Martin_Kickstarter_Photo.medium.jpg?1367114681", 
      "small": "https://s3.amazonaws.com/ksr/avatars/3466545/Jeremy___Martin_Kickstarter_Photo.small.jpg?1367114681", 
      "thumb": "https://s3.amazonaws.com/ksr/avatars/3466545/Jeremy___Martin_Kickstarter_Photo.thumb.jpg?1367114681"
    }, 
    "id": 1736580759, 
    "name": "Jeremy Willden", 
    "urls": {
      "api": {
        "user": "https://api.kickstarter.com/v1/users/1736580759?signature=1405310421.38afd9956481cb04093fc1b7667ebe6e69fe363e"
      }, 
      "web": {
        "user": "https://www.kickstarter.com/profile/1736580759"
      }
    }
  }, 
  "currency": "USD", 
  "currency_symbol": "$", 
  "currency_trailing_code": true, 
  "deadline": 1370224800, 
  "disable_communication": false, 
  "goal": 29800.0, 
  "id": 1153107234, 
  "launched_at": 1367298119, 
  "location": {
    "country": "US", 
    "displayable_name": "Pleasant Grove, UT", 
    "id": 2473779, 
    "name": "Pleasant Grove", 
    "short_name": "Pleasant Grove, UT", 
    "slug": "pleasant-grove-ut", 
    "state": "UT", 
    "urls": {
      "api": {
        "nearby_projects": "https://api.kickstarter.com/v1/discover?signature=1405284134.3f67748ecbe09c80d1225d76984efaa6c68adc6f&woe_id=2473779"
      }, 
      "web": {
        "discover": "https://www.kickstarter.com/discover/places/pleasant-grove-ut", 
        "location": "https://www.kickstarter.com/locations/pleasant-grove-ut"
      }
    }
  }, 
  "name": "ExtraBee Open-Source Radio Module", 
  "photo": {
    "1024x768": "https://s3.amazonaws.com/ksr/projects/497358/photo-1024x768.jpg?1397814308", 
    "1536x1152": "https://s3.amazonaws.com/ksr/projects/497358/photo-1536x1152.jpg?1397814308", 
    "ed": "https://s3.amazonaws.com/ksr/projects/497358/photo-ed.jpg?1397814308", 
    "full": "https://s3.amazonaws.com/ksr/projects/497358/photo-full.jpg?1397814308", 
    "little": "https://s3.amazonaws.com/ksr/projects/497358/photo-little.jpg?1397814308", 
    "med": "https://s3.amazonaws.com/ksr/projects/497358/photo-med.jpg?1397814308", 
    "small": "https://s3.amazonaws.com/ksr/projects/497358/photo-small.jpg?1397814308", 
    "thumb": "https://s3.amazonaws.com/ksr/projects/497358/photo-thumb.jpg?1397814308"
  }, 
  "pledged": 3334.0, 
  "slug": "extrabee-open-source-radio-module", 
  "state": "failed", 
  "state_changed_at": 1370224834, 
  "urls": {
    "web": {
      "project": "https://www.kickstarter.com/projects/1736580759/extrabee-open-source-radio-module", 
      "rewards": "https://www.kickstarter.com/projects/1736580759/extrabee-open-source-radio-module/rewards"
    }
  }
}