{
  "backers_count": 128, 
  "blurb": "Arcus is a ring-sized intelligent motion analyzer that lets you track your activity and recognizes gestures.", 
  "category": {
    "id": 341, 
    "name": "Wearables", 
    "parent_id": 16, 
    "position": 14, 
    "slug": "technology/wearables", 
    "urls": {
      "web": {
        "discover": "http://www.kickstarter.com/discover/categories/technology/wearables"
      }
    }
  }, 
  "country": "US", 
  "created_at": 1397820792, 
  "creator": {
    "avatar": {
      "medium": "https://s3.amazonaws.com/ksr/avatars/10342713/arcus_profil_fb.medium.jpg?1402502343", 
      "small": "https://s3.amazonaws.com/ksr/avatars/10342713/arcus_profil_fb.small.jpg?1402502343", 
      "thumb": "https://s3.amazonaws.com/ksr/avatars/10342713/arcus_profil_fb.thumb.jpg?1402502343"
    }, 
    "id": 2050645922, 
    "name": "Arcus Motion", 
    "slug": "arcus", 
    "urls": {
      "api": {
        "user": "https://api.kickstarter.com/v1/users/2050645922?signature=1405310151.4f8b80735cf4025f1457e8891123bdbc0222c80e"
      }, 
      "web": {
        "user": "https://www.kickstarter.com/profile/arcus"
      }
    }
  }, 
  "currency": "USD", 
  "currency_symbol": "$", 
  "currency_trailing_code": true, 
  "deadline": 1406257200, 
  "disable_communication": false, 
  "goal": 320000.0, 
  "id": 1153319181, 
  "launched_at": 1403176891, 
  "location": {
    "country": "US", 
    "displayable_name": "New York, NY", 
    "id": 2459115, 
    "name": "New York", 
    "short_name": "New York, NY", 
    "slug": "new-york-ny", 
    "state": "NY", 
    "urls": {
      "api": {
        "nearby_projects": "https://api.kickstarter.com/v1/discover?signature=1405283922.858662b9ca1ef63b6e0c38e6c88778c27a30fce5&woe_id=2459115"
      }, 
      "web": {
        "discover": "https://www.kickstarter.com/discover/places/new-york-ny", 
        "location": "https://www.kickstarter.com/locations/new-york-ny"
      }
    }
  }, 
  "name": "Arcus Motion Analyzer | The Most Versatile Smart Ring", 
  "photo": {
    "1024x768": "https://s3.amazonaws.com/ksr/projects/959446/photo-1024x768.jpg?1402493300", 
    "1536x1152": "https://s3.amazonaws.com/ksr/projects/959446/photo-1536x1152.jpg?1402493300", 
    "ed": "https://s3.amazonaws.com/ksr/projects/959446/photo-ed.jpg?1402493300", 
    "full": "https://s3.amazonaws.com/ksr/projects/959446/photo-full.jpg?1402493300", 
    "little": "https://s3.amazonaws.com/ksr/projects/959446/photo-little.jpg?1402493300", 
    "med": "https://s3.amazonaws.com/ksr/projects/959446/photo-med.jpg?1402493300", 
    "small": "https://s3.amazonaws.com/ksr/projects/959446/photo-small.jpg?1402493300", 
    "thumb": "https://s3.amazonaws.com/ksr/projects/959446/photo-thumb.jpg?1402493300"
  }, 
  "pledged": 25778.0, 
  "slug": "arcus-motion-analyzer-smartring-with-wireless-char", 
  "state": "live", 
  "state_changed_at": 1403176902, 
  "urls": {
    "web": {
      "project": "https://www.kickstarter.com/projects/arcus/arcus-motion-analyzer-smartring-with-wireless-char", 
      "rewards": "https://www.kickstarter.com/projects/arcus/arcus-motion-analyzer-smartring-with-wireless-char/rewards"
    }
  }
}