{
  "backers_count": 12, 
  "blurb": "Do you have the dreaded HARD DRIVE TICK! Turn that dead hard drive into a useful, beautiful piece of art that brings color to the room.", 
  "category": {
    "id": 16, 
    "name": "Technology", 
    "position": 14, 
    "slug": "technology", 
    "urls": {
      "web": {
        "discover": "http://www.kickstarter.com/discover/categories/technology"
      }
    }
  }, 
  "country": "US", 
  "created_at": 1314990390, 
  "creator": {
    "avatar": {
      "medium": "https://s3.amazonaws.com/ksr/avatars/1287328/SnapShot.medium.jpg?1315881490", 
      "small": "https://s3.amazonaws.com/ksr/avatars/1287328/SnapShot.small.jpg?1315881490", 
      "thumb": "https://s3.amazonaws.com/ksr/avatars/1287328/SnapShot.thumb.jpg?1315881490"
    }, 
    "id": 680714141, 
    "name": "Phillip Smith", 
    "urls": {
      "api": {
        "user": "https://api.kickstarter.com/v1/users/680714141?signature=1405310512.c4640ad66940412e205f2a9e24af3a9e8a0a4179"
      }, 
      "web": {
        "user": "https://www.kickstarter.com/profile/680714141"
      }
    }
  }, 
  "currency": "USD", 
  "currency_symbol": "$", 
  "currency_trailing_code": true, 
  "deadline": 1320120000, 
  "disable_communication": false, 
  "goal": 19500.0, 
  "id": 1153646014, 
  "launched_at": 1315881589, 
  "location": {
    "country": "US", 
    "displayable_name": "Lebanon, IN", 
    "id": 2437669, 
    "name": "Lebanon", 
    "short_name": "Lebanon, IN", 
    "slug": "lebanon-in", 
    "state": "IN", 
    "urls": {
      "api": {
        "nearby_projects": "https://api.kickstarter.com/v1/discover?signature=1405286872.a0ea9208a74c908ebfc3990d9878da31e084057e&woe_id=2437669"
      }, 
      "web": {
        "discover": "https://www.kickstarter.com/discover/places/lebanon-in", 
        "location": "https://www.kickstarter.com/locations/lebanon-in"
      }
    }
  }, 
  "name": "Hard Drive Tick!......Tock POV Clock", 
  "photo": {
    "1024x768": "https://s3.amazonaws.com/ksr/projects/48242/photo-1024x768.jpg?1397765926", 
    "1536x1152": "https://s3.amazonaws.com/ksr/projects/48242/photo-1536x1152.jpg?1397765926", 
    "ed": "https://s3.amazonaws.com/ksr/projects/48242/photo-ed.jpg?1397765926", 
    "full": "https://s3.amazonaws.com/ksr/projects/48242/photo-full.jpg?1397765926", 
    "little": "https://s3.amazonaws.com/ksr/projects/48242/photo-little.jpg?1397765926", 
    "med": "https://s3.amazonaws.com/ksr/projects/48242/photo-med.jpg?1397765926", 
    "small": "https://s3.amazonaws.com/ksr/projects/48242/photo-small.jpg?1397765926", 
    "thumb": "https://s3.amazonaws.com/ksr/projects/48242/photo-thumb.jpg?1397765926"
  }, 
  "pledged": 825.0, 
  "slug": "hard-drive-ticktock-pov-clock", 
  "state": "failed", 
  "state_changed_at": 1320120032, 
  "urls": {
    "web": {
      "project": "https://www.kickstarter.com/projects/680714141/hard-drive-ticktock-pov-clock", 
      "rewards": "https://www.kickstarter.com/projects/680714141/hard-drive-ticktock-pov-clock/rewards"
    }
  }
}