{
  "backers_count": 13, 
  "blurb": "Drink Runner is a line-following service robot that delivers individual drinks in total darkness non-stop for up to 4 hours per charge.", 
  "category": {
    "id": 16, 
    "name": "Technology", 
    "position": 14, 
    "slug": "technology", 
    "urls": {
      "web": {
        "discover": "http://www.kickstarter.com/discover/categories/technology"
      }
    }
  }, 
  "country": "US", 
  "created_at": 1347912338, 
  "creator": {
    "avatar": {
      "medium": "https://www.kickstarter.com/assets/users/missing_medium.png", 
      "small": "https://www.kickstarter.com/assets/users/missing_small.png", 
      "thumb": "https://www.kickstarter.com/assets/users/missing_thumb.png"
    }, 
    "id": 653648655, 
    "name": "David Myers", 
    "urls": {
      "api": {
        "user": "https://api.kickstarter.com/v1/users/653648655?signature=1405310498.0c68284a2344ab3579aa4ba0d5eb192db4fe2f72"
      }, 
      "web": {
        "user": "https://www.kickstarter.com/profile/653648655"
      }
    }
  }, 
  "currency": "USD", 
  "currency_symbol": "$", 
  "currency_trailing_code": true, 
  "deadline": 1358109101, 
  "disable_communication": false, 
  "goal": 68500.0, 
  "id": 1153280580, 
  "launched_at": 1355517101, 
  "location": {
    "country": "US", 
    "displayable_name": "Bellaire, TX", 
    "id": 2361769, 
    "name": "Bellaire", 
    "short_name": "Bellaire, TX", 
    "slug": "bellaire-tx", 
    "state": "TX", 
    "urls": {
      "api": {
        "nearby_projects": "https://api.kickstarter.com/v1/discover?signature=1405284037.3001de6309cd0a9629cb98e5cd5713fa1329dd85&woe_id=2361769"
      }, 
      "web": {
        "discover": "https://www.kickstarter.com/discover/places/bellaire-tx", 
        "location": "https://www.kickstarter.com/locations/bellaire-tx"
      }
    }
  }, 
  "name": "Drink Runner", 
  "photo": {
    "1024x768": "https://s3.amazonaws.com/ksr/projects/336631/photo-1024x768.jpg?1397797522", 
    "1536x1152": "https://s3.amazonaws.com/ksr/projects/336631/photo-1536x1152.jpg?1397797522", 
    "ed": "https://s3.amazonaws.com/ksr/projects/336631/photo-ed.jpg?1397797522", 
    "full": "https://s3.amazonaws.com/ksr/projects/336631/photo-full.jpg?1397797522", 
    "little": "https://s3.amazonaws.com/ksr/projects/336631/photo-little.jpg?1397797522", 
    "med": "https://s3.amazonaws.com/ksr/projects/336631/photo-med.jpg?1397797522", 
    "small": "https://s3.amazonaws.com/ksr/projects/336631/photo-small.jpg?1397797522", 
    "thumb": "https://s3.amazonaws.com/ksr/projects/336631/photo-thumb.jpg?1397797522"
  }, 
  "pledged": 1057.0, 
  "slug": "drink-runner", 
  "state": "failed", 
  "state_changed_at": 1358109105, 
  "urls": {
    "web": {
      "project": "https://www.kickstarter.com/projects/653648655/drink-runner", 
      "rewards": "https://www.kickstarter.com/projects/653648655/drink-runner/rewards"
    }
  }
}