{
  "backers_count": 1, 
  "blurb": "BuggMail.org is a FREE and SAFE eMail and online activity system just for children ages 5 thru 12. This app is monitored by parents.", 
  "category": {
    "id": 332, 
    "name": "Apps", 
    "parent_id": 16, 
    "position": 2, 
    "slug": "technology/apps", 
    "urls": {
      "web": {
        "discover": "http://www.kickstarter.com/discover/categories/technology/apps"
      }
    }
  }, 
  "country": "US", 
  "created_at": 1398613836, 
  "creator": {
    "avatar": {
      "medium": "https://s3.amazonaws.com/ksr/avatars/1558706/fb_profile_picture.medium.jpg?1321314527", 
      "small": "https://s3.amazonaws.com/ksr/avatars/1558706/fb_profile_picture.small.jpg?1321314527", 
      "thumb": "https://s3.amazonaws.com/ksr/avatars/1558706/fb_profile_picture.thumb.jpg?1321314527"
    }, 
    "id": 241658027, 
    "name": "D.A. Jones", 
    "slug": "buggmail", 
    "urls": {
      "api": {
        "user": "https://api.kickstarter.com/v1/users/241658027?signature=1405310304.83927cc4b82210f7bb839ba812f7536cf8a9d819"
      }, 
      "web": {
        "user": "https://www.kickstarter.com/profile/buggmail"
      }
    }
  }, 
  "currency": "USD", 
  "currency_symbol": "$", 
  "currency_trailing_code": true, 
  "deadline": 1405267941, 
  "disable_communication": false, 
  "goal": 50000.0, 
  "id": 1153489356, 
  "launched_at": 1400083941, 
  "location": {
    "country": "US", 
    "displayable_name": "Glendora, CA", 
    "id": 2411141, 
    "name": "Glendora", 
    "short_name": "Glendora, CA", 
    "slug": "glendora-ca", 
    "state": "CA", 
    "urls": {
      "api": {
        "nearby_projects": "https://api.kickstarter.com/v1/discover?signature=1405283955.1849f9d18f341ad5c0914e1997976997b7f64834&woe_id=2411141"
      }, 
      "web": {
        "discover": "https://www.kickstarter.com/discover/places/glendora-ca", 
        "location": "https://www.kickstarter.com/locations/glendora-ca"
      }
    }
  }, 
  "name": "BuggMail! Free and Safe eMail For Kids! Free Games and Chat!", 
  "photo": {
    "1024x768": "https://s3.amazonaws.com/ksr/projects/973343/photo-1024x768.jpg?1398613887", 
    "1536x1152": "https://s3.amazonaws.com/ksr/projects/973343/photo-1536x1152.jpg?1398613887", 
    "ed": "https://s3.amazonaws.com/ksr/projects/973343/photo-ed.jpg?1398613887", 
    "full": "https://s3.amazonaws.com/ksr/projects/973343/photo-full.jpg?1398613887", 
    "little": "https://s3.amazonaws.com/ksr/projects/973343/photo-little.jpg?1398613887", 
    "med": "https://s3.amazonaws.com/ksr/projects/973343/photo-med.jpg?1398613887", 
    "small": "https://s3.amazonaws.com/ksr/projects/973343/photo-small.jpg?1398613887", 
    "thumb": "https://s3.amazonaws.com/ksr/projects/973343/photo-thumb.jpg?1398613887"
  }, 
  "pledged": 5.0, 
  "slug": "buggmail-free-and-safe-email-for-kids-free-games-a", 
  "state": "live", 
  "state_changed_at": 1400083941, 
  "urls": {
    "web": {
      "project": "https://www.kickstarter.com/projects/buggmail/buggmail-free-and-safe-email-for-kids-free-games-a", 
      "rewards": "https://www.kickstarter.com/projects/buggmail/buggmail-free-and-safe-email-for-kids-free-games-a/rewards"
    }
  }
}