{
  "backers_count": 481, 
  "blurb": "Collapsible, portable, light-weight wind turbines that go where you go.  Great for hiking, camping and more!", 
  "category": {
    "id": 334, 
    "name": "DIY Electronics", 
    "parent_id": 16, 
    "position": 4, 
    "slug": "technology/diy electronics", 
    "urls": {
      "web": {
        "discover": "http://www.kickstarter.com/discover/categories/technology/diy%20electronics"
      }
    }
  }, 
  "country": "US", 
  "created_at": 1397823953, 
  "creator": {
    "avatar": {
      "medium": "https://s3.amazonaws.com/ksr/avatars/8938899/IMG_2120.medium.jpg?1386976904", 
      "small": "https://s3.amazonaws.com/ksr/avatars/8938899/IMG_2120.small.jpg?1386976904", 
      "thumb": "https://s3.amazonaws.com/ksr/avatars/8938899/IMG_2120.thumb.jpg?1386976904"
    }, 
    "id": 2020378745, 
    "name": "Justin R Chambers", 
    "slug": "justinchambers", 
    "urls": {
      "api": {
        "user": "https://api.kickstarter.com/v1/users/2020378745?signature=1405310103.7fb98bc783d0bda8be81d9463fa47797fb7fe8f8"
      }, 
      "web": {
        "user": "https://www.kickstarter.com/profile/justinchambers"
      }
    }
  }, 
  "currency": "USD", 
  "currency_symbol": "$", 
  "currency_trailing_code": true, 
  "deadline": 1402155746, 
  "disable_communication": false, 
  "goal": 50000.0, 
  "id": 1154185084, 
  "launched_at": 1398699746, 
  "location": {
    "country": "US", 
    "displayable_name": "Morgantown, WV", 
    "id": 2454113, 
    "name": "Morgantown", 
    "short_name": "Morgantown, WV", 
    "slug": "morgantown-wv", 
    "state": "WV", 
    "urls": {
      "api": {
        "nearby_projects": "https://api.kickstarter.com/v1/discover?signature=1405284155.cf8985f1c3e2594a8517332f3eb4e78ac5028f41&woe_id=2454113"
      }, 
      "web": {
        "discover": "https://www.kickstarter.com/discover/places/morgantown-wv", 
        "location": "https://www.kickstarter.com/locations/morgantown-wv"
      }
    }
  }, 
  "name": "WindPax: Portable Wind Turbines", 
  "photo": {
    "1024x768": "https://s3.amazonaws.com/ksr/projects/959491/photo-1024x768.jpg?1402063412", 
    "1536x1152": "https://s3.amazonaws.com/ksr/projects/959491/photo-1536x1152.jpg?1402063412", 
    "ed": "https://s3.amazonaws.com/ksr/projects/959491/photo-ed.jpg?1402063412", 
    "full": "https://s3.amazonaws.com/ksr/projects/959491/photo-full.jpg?1402063412", 
    "little": "https://s3.amazonaws.com/ksr/projects/959491/photo-little.jpg?1402063412", 
    "med": "https://s3.amazonaws.com/ksr/projects/959491/photo-med.jpg?1402063412", 
    "small": "https://s3.amazonaws.com/ksr/projects/959491/photo-small.jpg?1402063412", 
    "thumb": "https://s3.amazonaws.com/ksr/projects/959491/photo-thumb.jpg?1402063412"
  }, 
  "pledged": 84707.0, 
  "slug": "windpax-portable-wind-turbines", 
  "state": "successful", 
  "state_changed_at": 1402155746, 
  "urls": {
    "web": {
      "project": "https://www.kickstarter.com/projects/justinchambers/windpax-portable-wind-turbines", 
      "rewards": "https://www.kickstarter.com/projects/justinchambers/windpax-portable-wind-turbines/rewards"
    }
  }
}