{
  "backers_count": 6, 
  "blurb": "Hello! I want to make and sell a wireless electricity bed light. Just put it on your bed table and it lights up! No batteries, no cord.", 
  "category": {
    "id": 16, 
    "name": "Technology", 
    "position": 14, 
    "slug": "technology", 
    "urls": {
      "web": {
        "discover": "http://www.kickstarter.com/discover/categories/technology"
      }
    }
  }, 
  "country": "US", 
  "created_at": 1320366196, 
  "creator": {
    "avatar": {
      "medium": "https://s3.amazonaws.com/ksr/avatars/1300554/Photo%20on%202011-05-14%20at%2013.42.medium.jpg?1319324217", 
      "small": "https://s3.amazonaws.com/ksr/avatars/1300554/Photo%20on%202011-05-14%20at%2013.42.small.jpg?1319324217", 
      "thumb": "https://s3.amazonaws.com/ksr/avatars/1300554/Photo%20on%202011-05-14%20at%2013.42.thumb.jpg?1319324217"
    }, 
    "id": 1399837422, 
    "name": "Razvan", 
    "slug": "razvaniycdi", 
    "urls": {
      "api": {
        "user": "https://api.kickstarter.com/v1/users/1399837422?signature=1405310482.695f109ac25305cba0391abd9c4eb2164648c110"
      }, 
      "web": {
        "user": "https://www.kickstarter.com/profile/razvaniycdi"
      }
    }
  }, 
  "currency": "USD", 
  "currency_symbol": "$", 
  "currency_trailing_code": true, 
  "deadline": 1325555267, 
  "disable_communication": false, 
  "goal": 25000.0, 
  "id": 1154131854, 
  "launched_at": 1320367667, 
  "location": {
    "country": "US", 
    "displayable_name": "Delray Beach, FL", 
    "id": 2390961, 
    "name": "Delray Beach", 
    "short_name": "Delray Beach, FL", 
    "slug": "delray-beach-fl", 
    "state": "FL", 
    "urls": {
      "api": {
        "nearby_projects": "https://api.kickstarter.com/v1/discover?signature=1405284096.9afd23db8749e8062e46d01ae1c239880b1d66ef&woe_id=2390961"
      }, 
      "web": {
        "discover": "https://www.kickstarter.com/discover/places/delray-beach-fl", 
        "location": "https://www.kickstarter.com/locations/delray-beach-fl"
      }
    }
  }, 
  "name": "Wireless Electricity Bed Lamp", 
  "photo": {
    "1024x768": "https://s3.amazonaws.com/ksr/projects/56160/photo-1024x768.jpg?1397767477", 
    "1536x1152": "https://s3.amazonaws.com/ksr/projects/56160/photo-1536x1152.jpg?1397767477", 
    "ed": "https://s3.amazonaws.com/ksr/projects/56160/photo-ed.jpg?1397767477", 
    "full": "https://s3.amazonaws.com/ksr/projects/56160/photo-full.jpg?1397767477", 
    "little": "https://s3.amazonaws.com/ksr/projects/56160/photo-little.jpg?1397767477", 
    "med": "https://s3.amazonaws.com/ksr/projects/56160/photo-med.jpg?1397767477", 
    "small": "https://s3.amazonaws.com/ksr/projects/56160/photo-small.jpg?1397767477", 
    "thumb": "https://s3.amazonaws.com/ksr/projects/56160/photo-thumb.jpg?1397767477"
  }, 
  "pledged": 1397.0, 
  "slug": "wireless-electricity-bed-lamp", 
  "state": "failed", 
  "state_changed_at": 1325555267, 
  "urls": {
    "web": {
      "project": "https://www.kickstarter.com/projects/razvaniycdi/wireless-electricity-bed-lamp", 
      "rewards": "https://www.kickstarter.com/projects/razvaniycdi/wireless-electricity-bed-lamp/rewards"
    }
  }
}