{
  "backers_count": 91, 
  "blurb": "The SmartMat is a Wi-Fi connected sensor that goes under door mats and detects the weight of people or pets and triggers actions.", 
  "category": {
    "id": 52, 
    "name": "Hardware", 
    "parent_id": 16, 
    "position": 8, 
    "slug": "technology/hardware", 
    "urls": {
      "web": {
        "discover": "http://www.kickstarter.com/discover/categories/technology/hardware"
      }
    }
  }, 
  "country": "US", 
  "created_at": 1388949138, 
  "creator": {
    "avatar": {
      "medium": "https://s3.amazonaws.com/ksr/avatars/7145677/me.medium.jpg?1380915431", 
      "small": "https://s3.amazonaws.com/ksr/avatars/7145677/me.small.jpg?1380915431", 
      "thumb": "https://s3.amazonaws.com/ksr/avatars/7145677/me.thumb.jpg?1380915431"
    }, 
    "id": 1340651422, 
    "name": "Dr. Andrew Clark, PhD", 
    "urls": {
      "api": {
        "user": "https://api.kickstarter.com/v1/users/1340651422?signature=1405310383.2e47637d71109d79cf6929f9c3266a4569eb7138"
      }, 
      "web": {
        "user": "https://www.kickstarter.com/profile/1340651422"
      }
    }
  }, 
  "currency": "USD", 
  "currency_symbol": "$", 
  "currency_trailing_code": true, 
  "deadline": 1398463200, 
  "disable_communication": false, 
  "goal": 15000.0, 
  "id": 1154654384, 
  "launched_at": 1395871327, 
  "location": {
    "country": "US", 
    "displayable_name": "Greenville, SC", 
    "id": 2414583, 
    "name": "Greenville", 
    "short_name": "Greenville, SC", 
    "slug": "greenville-sc", 
    "state": "SC", 
    "urls": {
      "api": {
        "nearby_projects": "https://api.kickstarter.com/v1/discover?signature=1405283938.8f7892f625e313631b4846b66b3082c52a0e6416&woe_id=2414583"
      }, 
      "web": {
        "discover": "https://www.kickstarter.com/discover/places/greenville-sc", 
        "location": "https://www.kickstarter.com/locations/greenville-sc"
      }
    }
  }, 
  "name": "SmartMat: Wi-Fi floor mat that can alert mobile devices", 
  "photo": {
    "1024x768": "https://s3.amazonaws.com/ksr/projects/817788/photo-1024x768.jpg?1397862472", 
    "1536x1152": "https://s3.amazonaws.com/ksr/projects/817788/photo-1536x1152.jpg?1397862472", 
    "ed": "https://s3.amazonaws.com/ksr/projects/817788/photo-ed.jpg?1397862472", 
    "full": "https://s3.amazonaws.com/ksr/projects/817788/photo-full.jpg?1397862472", 
    "little": "https://s3.amazonaws.com/ksr/projects/817788/photo-little.jpg?1397862472", 
    "med": "https://s3.amazonaws.com/ksr/projects/817788/photo-med.jpg?1397862472", 
    "small": "https://s3.amazonaws.com/ksr/projects/817788/photo-small.jpg?1397862472", 
    "thumb": "https://s3.amazonaws.com/ksr/projects/817788/photo-thumb.jpg?1397862472"
  }, 
  "pledged": 7960.0, 
  "slug": "smartmat-wi-fi-floor-mat-that-can-alert-mobile-dev", 
  "state": "failed", 
  "state_changed_at": 1398463211, 
  "urls": {
    "web": {
      "project": "https://www.kickstarter.com/projects/1340651422/smartmat-wi-fi-floor-mat-that-can-alert-mobile-dev", 
      "rewards": "https://www.kickstarter.com/projects/1340651422/smartmat-wi-fi-floor-mat-that-can-alert-mobile-dev/rewards"
    }
  }
}