{
  "backers_count": 13, 
  "blurb": "Melody Pro - The only app a musician will ever need.", 
  "category": {
    "id": 16, 
    "name": "Technology", 
    "position": 14, 
    "slug": "technology", 
    "urls": {
      "web": {
        "discover": "http://www.kickstarter.com/discover/categories/technology"
      }
    }
  }, 
  "country": "US", 
  "created_at": 1385840228, 
  "creator": {
    "avatar": {
      "medium": "https://s3.amazonaws.com/ksr/avatars/4562065/Me4.medium.jpg?1352046098", 
      "small": "https://s3.amazonaws.com/ksr/avatars/4562065/Me4.small.jpg?1352046098", 
      "thumb": "https://s3.amazonaws.com/ksr/avatars/4562065/Me4.thumb.jpg?1352046098"
    }, 
    "id": 100531378, 
    "name": "John Stickle", 
    "urls": {
      "api": {
        "user": "https://api.kickstarter.com/v1/users/100531378?signature=1405310572.ebab12e631313d7b481cddbd83e7007d4d04bb3e"
      }, 
      "web": {
        "user": "https://www.kickstarter.com/profile/100531378"
      }
    }
  }, 
  "currency": "USD", 
  "currency_symbol": "$", 
  "currency_trailing_code": true, 
  "deadline": 1387820155, 
  "disable_communication": false, 
  "goal": 2500.0, 
  "id": 1154320843, 
  "launched_at": 1386783355, 
  "location": {
    "country": "US", 
    "displayable_name": "Boulder, CO", 
    "id": 2367231, 
    "name": "Boulder", 
    "short_name": "Boulder, CO", 
    "slug": "boulder-co", 
    "state": "CO", 
    "urls": {
      "api": {
        "nearby_projects": "https://api.kickstarter.com/v1/discover?signature=1405283926.62a32eaab9c6f9b5b548bdd0120fc06e3e819e0a&woe_id=2367231"
      }, 
      "web": {
        "discover": "https://www.kickstarter.com/discover/places/boulder-co", 
        "location": "https://www.kickstarter.com/locations/boulder-co"
      }
    }
  }, 
  "name": "Melody Pro - Sheet Music App", 
  "photo": {
    "1024x768": "https://s3.amazonaws.com/ksr/projects/779536/photo-1024x768.jpg?1397858307", 
    "1536x1152": "https://s3.amazonaws.com/ksr/projects/779536/photo-1536x1152.jpg?1397858307", 
    "ed": "https://s3.amazonaws.com/ksr/projects/779536/photo-ed.jpg?1397858307", 
    "full": "https://s3.amazonaws.com/ksr/projects/779536/photo-full.jpg?1397858307", 
    "little": "https://s3.amazonaws.com/ksr/projects/779536/photo-little.jpg?1397858307", 
    "med": "https://s3.amazonaws.com/ksr/projects/779536/photo-med.jpg?1397858307", 
    "small": "https://s3.amazonaws.com/ksr/projects/779536/photo-small.jpg?1397858307", 
    "thumb": "https://s3.amazonaws.com/ksr/projects/779536/photo-thumb.jpg?1397858307"
  }, 
  "pledged": 247.0, 
  "slug": "melody-pro-sheet-music-app", 
  "state": "failed", 
  "state_changed_at": 1387820155, 
  "urls": {
    "web": {
      "project": "https://www.kickstarter.com/projects/100531378/melody-pro-sheet-music-app", 
      "rewards": "https://www.kickstarter.com/projects/100531378/melody-pro-sheet-music-app/rewards"
    }
  }
}