{
  "backers_count": 3, 
  "blurb": "Never get soaked in the rain again, raindrop alerts you every day if it's going to rain.", 
  "category": {
    "id": 16, 
    "name": "Technology", 
    "position": 14, 
    "slug": "technology", 
    "urls": {
      "web": {
        "discover": "http://www.kickstarter.com/discover/categories/technology"
      }
    }
  }, 
  "country": "US", 
  "created_at": 1374966562, 
  "creator": {
    "avatar": {
      "medium": "https://s3.amazonaws.com/ksr/avatars/5754560/IMG_4687.medium.jpg?1404925478", 
      "small": "https://s3.amazonaws.com/ksr/avatars/5754560/IMG_4687.small.jpg?1404925478", 
      "thumb": "https://s3.amazonaws.com/ksr/avatars/5754560/IMG_4687.thumb.jpg?1404925478"
    }, 
    "id": 1021406086, 
    "name": "Nicholas Sheriff Jr", 
    "slug": "povely", 
    "urls": {
      "api": {
        "user": "https://api.kickstarter.com/v1/users/1021406086?signature=1405310652.b6b7cd8076e7b569b46cea570f92838051bb1ead"
      }, 
      "web": {
        "user": "https://www.kickstarter.com/profile/povely"
      }
    }
  }, 
  "currency": "USD", 
  "currency_symbol": "$", 
  "currency_trailing_code": true, 
  "deadline": 1380137149, 
  "disable_communication": false, 
  "goal": 500.0, 
  "id": 1154847905, 
  "launched_at": 1377545149, 
  "location": {
    "country": "US", 
    "displayable_name": "San Francisco, CA", 
    "id": 2487956, 
    "name": "San Francisco", 
    "short_name": "San Francisco, CA", 
    "slug": "san-francisco-ca", 
    "state": "CA", 
    "urls": {
      "api": {
        "nearby_projects": "https://api.kickstarter.com/v1/discover?signature=1405283922.2705520cddde986b955c196af6b338b46c4257d5&woe_id=2487956"
      }, 
      "web": {
        "discover": "https://www.kickstarter.com/discover/places/san-francisco-ca", 
        "location": "https://www.kickstarter.com/locations/san-francisco-ca"
      }
    }
  }, 
  "name": "Raindrop", 
  "photo": {
    "1024x768": "https://s3.amazonaws.com/ksr/projects/631354/photo-1024x768.jpg?1397828719", 
    "1536x1152": "https://s3.amazonaws.com/ksr/projects/631354/photo-1536x1152.jpg?1397828719", 
    "ed": "https://s3.amazonaws.com/ksr/projects/631354/photo-ed.jpg?1397828719", 
    "full": "https://s3.amazonaws.com/ksr/projects/631354/photo-full.jpg?1397828719", 
    "little": "https://s3.amazonaws.com/ksr/projects/631354/photo-little.jpg?1397828719", 
    "med": "https://s3.amazonaws.com/ksr/projects/631354/photo-med.jpg?1397828719", 
    "small": "https://s3.amazonaws.com/ksr/projects/631354/photo-small.jpg?1397828719", 
    "thumb": "https://s3.amazonaws.com/ksr/projects/631354/photo-thumb.jpg?1397828719"
  }, 
  "pledged": 12.0, 
  "slug": "raindrop", 
  "state": "failed", 
  "state_changed_at": 1380137149, 
  "urls": {
    "web": {
      "project": "https://www.kickstarter.com/projects/povely/raindrop", 
      "rewards": "https://www.kickstarter.com/projects/povely/raindrop/rewards"
    }
  }
}