{
  "backers_count": 34, 
  "blurb": "fred lets you run your own RSS/Atom feed reader backend.  Break free of external dependencies.  No more rug-pulling by providers!", 
  "category": {
    "id": 51, 
    "name": "Software", 
    "parent_id": 16, 
    "position": 11, 
    "slug": "technology/software", 
    "urls": {
      "web": {
        "discover": "http://www.kickstarter.com/discover/categories/technology/software"
      }
    }
  }, 
  "country": "US", 
  "created_at": 1370146554, 
  "creator": {
    "avatar": {
      "medium": "https://s3.amazonaws.com/ksr/avatars/6810441/20060819-164413.medium.jpg?1370281184", 
      "small": "https://s3.amazonaws.com/ksr/avatars/6810441/20060819-164413.small.jpg?1370281184", 
      "thumb": "https://s3.amazonaws.com/ksr/avatars/6810441/20060819-164413.thumb.jpg?1370281184"
    }, 
    "id": 2000892040, 
    "name": "Rachel Kroll", 
    "urls": {
      "api": {
        "user": "https://api.kickstarter.com/v1/users/2000892040?signature=1405310400.3fce90a5cd9c326eea36517451c15e067abcab8b"
      }, 
      "web": {
        "user": "https://www.kickstarter.com/profile/2000892040"
      }
    }
  }, 
  "currency": "USD", 
  "currency_symbol": "$", 
  "currency_trailing_code": true, 
  "deadline": 1373059714, 
  "disable_communication": false, 
  "goal": 30000.0, 
  "id": 1154288719, 
  "launched_at": 1370467714, 
  "location": {
    "country": "US", 
    "displayable_name": "Santa Clara, CA", 
    "id": 2488836, 
    "name": "Santa Clara", 
    "short_name": "Santa Clara, CA", 
    "slug": "santa-clara-ca", 
    "state": "CA", 
    "urls": {
      "api": {
        "nearby_projects": "https://api.kickstarter.com/v1/discover?signature=1405283928.80916659849e18864ff0ecf052d3849a34c5607a&woe_id=2488836"
      }, 
      "web": {
        "discover": "https://www.kickstarter.com/discover/places/santa-clara-ca", 
        "location": "https://www.kickstarter.com/locations/santa-clara-ca"
      }
    }
  }, 
  "name": "fred: feed reader extraordinaire", 
  "photo": {
    "1024x768": "https://s3.amazonaws.com/ksr/projects/576865/photo-1024x768.jpg?1397822749", 
    "1536x1152": "https://s3.amazonaws.com/ksr/projects/576865/photo-1536x1152.jpg?1397822749", 
    "ed": "https://s3.amazonaws.com/ksr/projects/576865/photo-ed.jpg?1397822749", 
    "full": "https://s3.amazonaws.com/ksr/projects/576865/photo-full.jpg?1397822749", 
    "little": "https://s3.amazonaws.com/ksr/projects/576865/photo-little.jpg?1397822749", 
    "med": "https://s3.amazonaws.com/ksr/projects/576865/photo-med.jpg?1397822749", 
    "small": "https://s3.amazonaws.com/ksr/projects/576865/photo-small.jpg?1397822749", 
    "thumb": "https://s3.amazonaws.com/ksr/projects/576865/photo-thumb.jpg?1397822749"
  }, 
  "pledged": 4977.0, 
  "slug": "fred-feed-reader-extraordinaire", 
  "state": "failed", 
  "state_changed_at": 1373059714, 
  "urls": {
    "web": {
      "project": "https://www.kickstarter.com/projects/2000892040/fred-feed-reader-extraordinaire", 
      "rewards": "https://www.kickstarter.com/projects/2000892040/fred-feed-reader-extraordinaire/rewards"
    }
  }
}