{
  "backers_count": 3, 
  "blurb": "Building an online school that teaches children between 8 &12 years old how to program computers using videos and interactive content", 
  "category": {
    "id": 16, 
    "name": "Technology", 
    "position": 14, 
    "slug": "technology", 
    "urls": {
      "web": {
        "discover": "http://www.kickstarter.com/discover/categories/technology"
      }
    }
  }, 
  "country": "US", 
  "created_at": 1370301964, 
  "creator": {
    "avatar": {
      "medium": "https://s3.amazonaws.com/ksr/avatars/5925044/me2.medium.jpg?1364441595", 
      "small": "https://s3.amazonaws.com/ksr/avatars/5925044/me2.small.jpg?1364441595", 
      "thumb": "https://s3.amazonaws.com/ksr/avatars/5925044/me2.thumb.jpg?1364441595"
    }, 
    "id": 323722169, 
    "name": "John Elder", 
    "urls": {
      "api": {
        "user": "https://api.kickstarter.com/v1/users/323722169?signature=1405310634.95f3bde7cf1ac45c8a849632e0117f1817c6c42b"
      }, 
      "web": {
        "user": "https://www.kickstarter.com/profile/323722169"
      }
    }
  }, 
  "currency": "USD", 
  "currency_symbol": "$", 
  "currency_trailing_code": true, 
  "deadline": 1372597651, 
  "disable_communication": false, 
  "goal": 5000.0, 
  "id": 1155284231, 
  "launched_at": 1370869651, 
  "location": {
    "country": "US", 
    "displayable_name": "Chicago, IL", 
    "id": 2379574, 
    "name": "Chicago", 
    "short_name": "Chicago, IL", 
    "slug": "chicago-il", 
    "state": "IL", 
    "urls": {
      "api": {
        "nearby_projects": "https://api.kickstarter.com/v1/discover?signature=1405283924.8f63700f7031fb64c1fc151929225a5757f1a64e&woe_id=2379574"
      }, 
      "web": {
        "discover": "https://www.kickstarter.com/discover/places/chicago-il", 
        "location": "https://www.kickstarter.com/locations/chicago-il"
      }
    }
  }, 
  "name": "Introz Academy - Teaching Children To Program Computers", 
  "photo": {
    "1024x768": "https://s3.amazonaws.com/ksr/projects/578716/photo-1024x768.jpg?1397822947", 
    "1536x1152": "https://s3.amazonaws.com/ksr/projects/578716/photo-1536x1152.jpg?1397822947", 
    "ed": "https://s3.amazonaws.com/ksr/projects/578716/photo-ed.jpg?1397822947", 
    "full": "https://s3.amazonaws.com/ksr/projects/578716/photo-full.jpg?1397822947", 
    "little": "https://s3.amazonaws.com/ksr/projects/578716/photo-little.jpg?1397822947", 
    "med": "https://s3.amazonaws.com/ksr/projects/578716/photo-med.jpg?1397822947", 
    "small": "https://s3.amazonaws.com/ksr/projects/578716/photo-small.jpg?1397822947", 
    "thumb": "https://s3.amazonaws.com/ksr/projects/578716/photo-thumb.jpg?1397822947"
  }, 
  "pledged": 36.0, 
  "slug": "introz-academy-teaching-children-to-program-comput", 
  "state": "failed", 
  "state_changed_at": 1372597651, 
  "urls": {
    "web": {
      "project": "https://www.kickstarter.com/projects/323722169/introz-academy-teaching-children-to-program-comput", 
      "rewards": "https://www.kickstarter.com/projects/323722169/introz-academy-teaching-children-to-program-comput/rewards"
    }
  }
}