{
  "backers_count": 10, 
  "blurb": "Very inexpensive 3\u201d video screen. Download messages- instructions-pictures- business videos.  Website supported - easy to use features.", 
  "category": {
    "id": 337, 
    "name": "Gadgets", 
    "parent_id": 16, 
    "position": 7, 
    "slug": "technology/gadgets", 
    "urls": {
      "web": {
        "discover": "http://www.kickstarter.com/discover/categories/technology/gadgets"
      }
    }
  }, 
  "country": "US", 
  "created_at": 1400798074, 
  "creator": {
    "avatar": {
      "medium": "https://s3.amazonaws.com/ksr/avatars/9483049/20140610_122336.medium.jpg?1402601825", 
      "small": "https://s3.amazonaws.com/ksr/avatars/9483049/20140610_122336.small.jpg?1402601825", 
      "thumb": "https://s3.amazonaws.com/ksr/avatars/9483049/20140610_122336.thumb.jpg?1402601825"
    }, 
    "id": 234624858, 
    "name": "Tom Andrews", 
    "urls": {
      "api": {
        "user": "https://api.kickstarter.com/v1/users/234624858?signature=1405310282.da7e068cdb1a28be1ec7e7cc0e8cbe8c6156ad01"
      }, 
      "web": {
        "user": "https://www.kickstarter.com/profile/234624858"
      }
    }
  }, 
  "currency": "USD", 
  "currency_symbol": "$", 
  "currency_trailing_code": true, 
  "deadline": 1408900838, 
  "disable_communication": false, 
  "goal": 20000.0, 
  "id": 1155043109, 
  "launched_at": 1403716838, 
  "location": {
    "country": "US", 
    "displayable_name": "Napa, CA", 
    "id": 2456984, 
    "name": "Napa", 
    "short_name": "Napa, CA", 
    "slug": "napa-ca", 
    "state": "CA", 
    "urls": {
      "api": {
        "nearby_projects": "https://api.kickstarter.com/v1/discover?signature=1405284062.52c6f10b9b6d90c582f45a0865e5f851d48f1d3b&woe_id=2456984"
      }, 
      "web": {
        "discover": "https://www.kickstarter.com/discover/places/napa-ca", 
        "location": "https://www.kickstarter.com/locations/napa-ca"
      }
    }
  }, 
  "name": "U plus ---  The gift you can give to the future.", 
  "photo": {
    "1024x768": "https://s3.amazonaws.com/ksr/projects/1012039/photo-1024x768.jpg?1402520891", 
    "1536x1152": "https://s3.amazonaws.com/ksr/projects/1012039/photo-1536x1152.jpg?1402520891", 
    "ed": "https://s3.amazonaws.com/ksr/projects/1012039/photo-ed.jpg?1402520891", 
    "full": "https://s3.amazonaws.com/ksr/projects/1012039/photo-full.jpg?1402520891", 
    "little": "https://s3.amazonaws.com/ksr/projects/1012039/photo-little.jpg?1402520891", 
    "med": "https://s3.amazonaws.com/ksr/projects/1012039/photo-med.jpg?1402520891", 
    "small": "https://s3.amazonaws.com/ksr/projects/1012039/photo-small.jpg?1402520891", 
    "thumb": "https://s3.amazonaws.com/ksr/projects/1012039/photo-thumb.jpg?1402520891"
  }, 
  "pledged": 227.0, 
  "slug": "u-plus-the-gift-you-can-give-to-the-future", 
  "state": "live", 
  "state_changed_at": 1403716839, 
  "urls": {
    "web": {
      "project": "https://www.kickstarter.com/projects/234624858/u-plus-the-gift-you-can-give-to-the-future", 
      "rewards": "https://www.kickstarter.com/projects/234624858/u-plus-the-gift-you-can-give-to-the-future/rewards"
    }
  }
}