{
  "backers_count": 119, 
  "blurb": "World's First Basketball SmartWatch. Automatically Tracks Real-Time 3PT, FT, and FG Percentages. Analyze and Improve Your Shot.", 
  "category": {
    "id": 52, 
    "name": "Hardware", 
    "parent_id": 16, 
    "position": 8, 
    "slug": "technology/hardware", 
    "urls": {
      "web": {
        "discover": "http://www.kickstarter.com/discover/categories/technology/hardware"
      }
    }
  }, 
  "country": "US", 
  "created_at": 1366578361, 
  "creator": {
    "avatar": {
      "medium": "https://s3.amazonaws.com/ksr/avatars/5733323/669A9295.medium.jpg?1383607713", 
      "small": "https://s3.amazonaws.com/ksr/avatars/5733323/669A9295.small.jpg?1383607713", 
      "thumb": "https://s3.amazonaws.com/ksr/avatars/5733323/669A9295.thumb.jpg?1383607713"
    }, 
    "id": 1531417350, 
    "name": "Wireless Sports", 
    "slug": "hooptracker", 
    "urls": {
      "api": {
        "user": "https://api.kickstarter.com/v1/users/1531417350?signature=1405310339.8fa1bea960142ba897162be4fc36431c1b6d2b2d"
      }, 
      "web": {
        "user": "https://www.kickstarter.com/profile/hooptracker"
      }
    }
  }, 
  "currency": "USD", 
  "currency_symbol": "$", 
  "currency_trailing_code": true, 
  "deadline": 1398657540, 
  "disable_communication": false, 
  "goal": 100000.0, 
  "id": 1157981286, 
  "launched_at": 1395230492, 
  "location": {
    "country": "US", 
    "displayable_name": "Delray Beach, FL", 
    "id": 2390961, 
    "name": "Delray Beach", 
    "short_name": "Delray Beach, FL", 
    "slug": "delray-beach-fl", 
    "state": "FL", 
    "urls": {
      "api": {
        "nearby_projects": "https://api.kickstarter.com/v1/discover?signature=1405284096.9afd23db8749e8062e46d01ae1c239880b1d66ef&woe_id=2390961"
      }, 
      "web": {
        "discover": "https://www.kickstarter.com/discover/places/delray-beach-fl", 
        "location": "https://www.kickstarter.com/locations/delray-beach-fl"
      }
    }
  }, 
  "name": "Hoop Tracker: Basketball Shot Tracking SmartWatch", 
  "photo": {
    "1024x768": "https://s3.amazonaws.com/ksr/projects/530884/photo-1024x768.jpg?1397817815", 
    "1536x1152": "https://s3.amazonaws.com/ksr/projects/530884/photo-1536x1152.jpg?1397817815", 
    "ed": "https://s3.amazonaws.com/ksr/projects/530884/photo-ed.jpg?1397817815", 
    "full": "https://s3.amazonaws.com/ksr/projects/530884/photo-full.jpg?1397817815", 
    "little": "https://s3.amazonaws.com/ksr/projects/530884/photo-little.jpg?1397817815", 
    "med": "https://s3.amazonaws.com/ksr/projects/530884/photo-med.jpg?1397817815", 
    "small": "https://s3.amazonaws.com/ksr/projects/530884/photo-small.jpg?1397817815", 
    "thumb": "https://s3.amazonaws.com/ksr/projects/530884/photo-thumb.jpg?1397817815"
  }, 
  "pledged": 37609.0, 
  "slug": "hoop-tracker-basketball-shot-tracking-smartwatch", 
  "state": "failed", 
  "state_changed_at": 1398657542, 
  "urls": {
    "web": {
      "project": "https://www.kickstarter.com/projects/hooptracker/hoop-tracker-basketball-shot-tracking-smartwatch", 
      "rewards": "https://www.kickstarter.com/projects/hooptracker/hoop-tracker-basketball-shot-tracking-smartwatch/rewards"
    }
  }
}