{
  "backers_count": 1, 
  "blurb": "Setting up remote schools anywhere with a volunteer based teaching community all over the world to provide universal education.", 
  "category": {
    "id": 51, 
    "name": "Software", 
    "parent_id": 16, 
    "position": 11, 
    "slug": "technology/software", 
    "urls": {
      "web": {
        "discover": "http://www.kickstarter.com/discover/categories/technology/software"
      }
    }
  }, 
  "country": "US", 
  "created_at": 1324097271, 
  "creator": {
    "avatar": {
      "medium": "https://s3.amazonaws.com/ksr/avatars/270130/SNC00013.medium.jpg?1296015313", 
      "small": "https://s3.amazonaws.com/ksr/avatars/270130/SNC00013.small.jpg?1296015313", 
      "thumb": "https://s3.amazonaws.com/ksr/avatars/270130/SNC00013.thumb.jpg?1296015313"
    }, 
    "id": 1231287845, 
    "name": "Seth Hall", 
    "slug": "sethhall", 
    "urls": {
      "api": {
        "user": "https://api.kickstarter.com/v1/users/1231287845?signature=1405310654.290a8e53163d0d3b9284798ad694d5726c8ddffa"
      }, 
      "web": {
        "user": "https://www.kickstarter.com/profile/sethhall"
      }
    }
  }, 
  "currency": "USD", 
  "currency_symbol": "$", 
  "currency_trailing_code": true, 
  "deadline": 1328025224, 
  "disable_communication": false, 
  "goal": 8000.0, 
  "id": 1157717849, 
  "launched_at": 1325433224, 
  "location": {
    "country": "US", 
    "displayable_name": "Batesville, AR", 
    "id": 2359959, 
    "name": "Batesville", 
    "short_name": "Batesville, AR", 
    "slug": "batesville-ar", 
    "state": "AR", 
    "urls": {
      "api": {
        "nearby_projects": "https://api.kickstarter.com/v1/discover?signature=1405291811.fbd6566f31d1ea95a94f8a818a63ec14887ca6a9&woe_id=2359959"
      }, 
      "web": {
        "discover": "https://www.kickstarter.com/discover/places/batesville-ar", 
        "location": "https://www.kickstarter.com/locations/batesville-ar"
      }
    }
  }, 
  "name": "Long Distance Student/Teacher Education Platform", 
  "photo": {
    "1024x768": "https://s3.amazonaws.com/ksr/projects/63557/photo-1024x768.jpg?1397768796", 
    "1536x1152": "https://s3.amazonaws.com/ksr/projects/63557/photo-1536x1152.jpg?1397768796", 
    "ed": "https://s3.amazonaws.com/ksr/projects/63557/photo-ed.jpg?1397768796", 
    "full": "https://s3.amazonaws.com/ksr/projects/63557/photo-full.jpg?1397768796", 
    "little": "https://s3.amazonaws.com/ksr/projects/63557/photo-little.jpg?1397768796", 
    "med": "https://s3.amazonaws.com/ksr/projects/63557/photo-med.jpg?1397768796", 
    "small": "https://s3.amazonaws.com/ksr/projects/63557/photo-small.jpg?1397768796", 
    "thumb": "https://s3.amazonaws.com/ksr/projects/63557/photo-thumb.jpg?1397768796"
  }, 
  "pledged": 10.0, 
  "slug": "long-distance-student-teacher-education-platform", 
  "state": "failed", 
  "state_changed_at": 1328025224, 
  "urls": {
    "web": {
      "project": "https://www.kickstarter.com/projects/sethhall/long-distance-student-teacher-education-platform", 
      "rewards": "https://www.kickstarter.com/projects/sethhall/long-distance-student-teacher-education-platform/rewards"
    }
  }
}