{
  "backers_count": 98, 
  "blurb": "Music creation & sharing app for artistic expression, spontaneous interaction, and worldwide discovery", 
  "category": {
    "id": 16, 
    "name": "Technology", 
    "position": 14, 
    "slug": "technology", 
    "urls": {
      "web": {
        "discover": "http://www.kickstarter.com/discover/categories/technology"
      }
    }
  }, 
  "country": "US", 
  "created_at": 1374639131, 
  "creator": {
    "avatar": {
      "medium": "https://s3.amazonaws.com/ksr/avatars/7406581/IMG_1744.medium.jpg?1383168213", 
      "small": "https://s3.amazonaws.com/ksr/avatars/7406581/IMG_1744.small.jpg?1383168213", 
      "thumb": "https://s3.amazonaws.com/ksr/avatars/7406581/IMG_1744.thumb.jpg?1383168213"
    }, 
    "id": 1456080200, 
    "name": "Chris Clifford", 
    "urls": {
      "api": {
        "user": "https://api.kickstarter.com/v1/users/1456080200?signature=1405310161.84578b7cc057465ad63f223ddefea8bfbae79d2a"
      }, 
      "web": {
        "user": "https://www.kickstarter.com/profile/1456080200"
      }
    }
  }, 
  "currency": "USD", 
  "currency_symbol": "$", 
  "currency_trailing_code": true, 
  "deadline": 1394208671, 
  "disable_communication": false, 
  "goal": 20000.0, 
  "id": 1157797177, 
  "launched_at": 1390320671, 
  "location": {
    "country": "US", 
    "displayable_name": "Los Angeles, CA", 
    "id": 2442047, 
    "name": "Los Angeles", 
    "short_name": "Los Angeles, CA", 
    "slug": "los-angeles-ca", 
    "state": "CA", 
    "urls": {
      "api": {
        "nearby_projects": "https://api.kickstarter.com/v1/discover?signature=1405283921.ee3a1133214a755b6f367baa5289215cf97407d4&woe_id=2442047"
      }, 
      "web": {
        "discover": "https://www.kickstarter.com/discover/places/los-angeles-ca", 
        "location": "https://www.kickstarter.com/locations/los-angeles-ca"
      }
    }
  }, 
  "name": "Floshare: Interactive Music Creation for iOS & Android", 
  "photo": {
    "1024x768": "https://s3.amazonaws.com/ksr/projects/627481/photo-1024x768.jpg?1397828318", 
    "1536x1152": "https://s3.amazonaws.com/ksr/projects/627481/photo-1536x1152.jpg?1397828318", 
    "ed": "https://s3.amazonaws.com/ksr/projects/627481/photo-ed.jpg?1397828318", 
    "full": "https://s3.amazonaws.com/ksr/projects/627481/photo-full.jpg?1397828318", 
    "little": "https://s3.amazonaws.com/ksr/projects/627481/photo-little.jpg?1397828318", 
    "med": "https://s3.amazonaws.com/ksr/projects/627481/photo-med.jpg?1397828318", 
    "small": "https://s3.amazonaws.com/ksr/projects/627481/photo-small.jpg?1397828318", 
    "thumb": "https://s3.amazonaws.com/ksr/projects/627481/photo-thumb.jpg?1397828318"
  }, 
  "pledged": 20195.0, 
  "slug": "floshare-interactive-music-creation-for-ios-and-an", 
  "state": "successful", 
  "state_changed_at": 1394208672, 
  "urls": {
    "web": {
      "project": "https://www.kickstarter.com/projects/1456080200/floshare-interactive-music-creation-for-ios-and-an", 
      "rewards": "https://www.kickstarter.com/projects/1456080200/floshare-interactive-music-creation-for-ios-and-an/rewards"
    }
  }
}