{
  "backers_count": 21, 
  "blurb": "Modular 3D printable personal robot arm that's Arduino compatible! Li-ion power and wireless Bluetooth control let you use it anywhere.", 
  "category": {
    "id": 52, 
    "name": "Hardware", 
    "parent_id": 16, 
    "position": 8, 
    "slug": "technology/hardware", 
    "urls": {
      "web": {
        "discover": "http://www.kickstarter.com/discover/categories/technology/hardware"
      }
    }
  }, 
  "country": "US", 
  "created_at": 1392795785, 
  "creator": {
    "avatar": {
      "medium": "https://s3.amazonaws.com/ksr/avatars/9697054/ME_AND_MY_BOTS.medium.jpg?1393656867", 
      "small": "https://s3.amazonaws.com/ksr/avatars/9697054/ME_AND_MY_BOTS.small.jpg?1393656867", 
      "thumb": "https://s3.amazonaws.com/ksr/avatars/9697054/ME_AND_MY_BOTS.thumb.jpg?1393656867"
    }, 
    "id": 257808239, 
    "name": "Luis Lopez DBA 2LResearch", 
    "urls": {
      "api": {
        "user": "https://api.kickstarter.com/v1/users/257808239?signature=1405310500.389e7b5699b081130f6bc1c697638ff1730aa000"
      }, 
      "web": {
        "user": "https://www.kickstarter.com/profile/257808239"
      }
    }
  }, 
  "currency": "USD", 
  "currency_symbol": "$", 
  "currency_trailing_code": true, 
  "deadline": 1398290562, 
  "disable_communication": false, 
  "goal": 6000.0, 
  "id": 1157582875, 
  "launched_at": 1394661762, 
  "location": {
    "country": "US", 
    "displayable_name": "Huntsville, AL", 
    "id": 2426010, 
    "name": "Huntsville", 
    "short_name": "Huntsville, AL", 
    "slug": "huntsville-al", 
    "state": "AL", 
    "urls": {
      "api": {
        "nearby_projects": "https://api.kickstarter.com/v1/discover?signature=1405283957.62c10773f558298b4726a4c421dfe3f995685cde&woe_id=2426010"
      }, 
      "web": {
        "discover": "https://www.kickstarter.com/discover/places/huntsville-al", 
        "location": "https://www.kickstarter.com/locations/huntsville-al"
      }
    }
  }, 
  "name": "MyArmBot: Open Source, Wireless, Arduino-Android Fit Robot", 
  "photo": {
    "1024x768": "https://s3.amazonaws.com/ksr/projects/876610/photo-1024x768.jpg?1397868677", 
    "1536x1152": "https://s3.amazonaws.com/ksr/projects/876610/photo-1536x1152.jpg?1397868677", 
    "ed": "https://s3.amazonaws.com/ksr/projects/876610/photo-ed.jpg?1397868677", 
    "full": "https://s3.amazonaws.com/ksr/projects/876610/photo-full.jpg?1397868677", 
    "little": "https://s3.amazonaws.com/ksr/projects/876610/photo-little.jpg?1397868677", 
    "med": "https://s3.amazonaws.com/ksr/projects/876610/photo-med.jpg?1397868677", 
    "small": "https://s3.amazonaws.com/ksr/projects/876610/photo-small.jpg?1397868677", 
    "thumb": "https://s3.amazonaws.com/ksr/projects/876610/photo-thumb.jpg?1397868677"
  }, 
  "pledged": 1007.0, 
  "slug": "myarmbot-open-source-wireless-arduino-android-fit", 
  "state": "failed", 
  "state_changed_at": 1398290562, 
  "urls": {
    "web": {
      "project": "https://www.kickstarter.com/projects/257808239/myarmbot-open-source-wireless-arduino-android-fit", 
      "rewards": "https://www.kickstarter.com/projects/257808239/myarmbot-open-source-wireless-arduino-android-fit/rewards"
    }
  }
}