{
  "backers_count": 35, 
  "blurb": "The best compact, high brightness, long battery life LED flashlight in the industry in a durable aluminum housing.", 
  "category": {
    "id": 52, 
    "name": "Hardware", 
    "parent_id": 16, 
    "position": 8, 
    "slug": "technology/hardware", 
    "urls": {
      "web": {
        "discover": "http://www.kickstarter.com/discover/categories/technology/hardware"
      }
    }
  }, 
  "country": "US", 
  "created_at": 1383230384, 
  "creator": {
    "avatar": {
      "medium": "https://s3.amazonaws.com/ksr/avatars/8558537/bio.medium.jpg?1386040082", 
      "small": "https://s3.amazonaws.com/ksr/avatars/8558537/bio.small.jpg?1386040082", 
      "thumb": "https://s3.amazonaws.com/ksr/avatars/8558537/bio.thumb.jpg?1386040082"
    }, 
    "id": 1875647289, 
    "name": "KMD Industries, Inc", 
    "urls": {
      "api": {
        "user": "https://api.kickstarter.com/v1/users/1875647289?signature=1405310435.bf4ecbc537eb5d395aed2e741d6d13f62643791f"
      }, 
      "web": {
        "user": "https://www.kickstarter.com/profile/1875647289"
      }
    }
  }, 
  "currency": "USD", 
  "currency_symbol": "$", 
  "currency_trailing_code": true, 
  "deadline": 1393471321, 
  "disable_communication": false, 
  "goal": 25000.0, 
  "id": 1157981924, 
  "launched_at": 1390879321, 
  "location": {
    "country": "US", 
    "displayable_name": "Chicago, IL", 
    "id": 2379574, 
    "name": "Chicago", 
    "short_name": "Chicago, IL", 
    "slug": "chicago-il", 
    "state": "IL", 
    "urls": {
      "api": {
        "nearby_projects": "https://api.kickstarter.com/v1/discover?signature=1405283924.8f63700f7031fb64c1fc151929225a5757f1a64e&woe_id=2379574"
      }, 
      "web": {
        "discover": "https://www.kickstarter.com/discover/places/chicago-il", 
        "location": "https://www.kickstarter.com/locations/chicago-il"
      }
    }
  }, 
  "name": "FLmini: the ultimate LED Flashlight", 
  "photo": {
    "1024x768": "https://s3.amazonaws.com/ksr/projects/741405/photo-1024x768.jpg?1397854221", 
    "1536x1152": "https://s3.amazonaws.com/ksr/projects/741405/photo-1536x1152.jpg?1397854221", 
    "ed": "https://s3.amazonaws.com/ksr/projects/741405/photo-ed.jpg?1397854221", 
    "full": "https://s3.amazonaws.com/ksr/projects/741405/photo-full.jpg?1397854221", 
    "little": "https://s3.amazonaws.com/ksr/projects/741405/photo-little.jpg?1397854221", 
    "med": "https://s3.amazonaws.com/ksr/projects/741405/photo-med.jpg?1397854221", 
    "small": "https://s3.amazonaws.com/ksr/projects/741405/photo-small.jpg?1397854221", 
    "thumb": "https://s3.amazonaws.com/ksr/projects/741405/photo-thumb.jpg?1397854221"
  }, 
  "pledged": 2731.0, 
  "slug": "flmini-the-ultimate-led-flashlight", 
  "state": "failed", 
  "state_changed_at": 1393471321, 
  "urls": {
    "web": {
      "project": "https://www.kickstarter.com/projects/1875647289/flmini-the-ultimate-led-flashlight", 
      "rewards": "https://www.kickstarter.com/projects/1875647289/flmini-the-ultimate-led-flashlight/rewards"
    }
  }
}