{
  "backers_count": 21, 
  "blurb": "NavDive is a product that uses GPS technology to allow divers to navigate underwater", 
  "category": {
    "id": 52, 
    "name": "Hardware", 
    "parent_id": 16, 
    "position": 8, 
    "slug": "technology/hardware", 
    "urls": {
      "web": {
        "discover": "http://www.kickstarter.com/discover/categories/technology/hardware"
      }
    }
  }, 
  "country": "US", 
  "created_at": 1384544935, 
  "creator": {
    "avatar": {
      "medium": "https://s3.amazonaws.com/ksr/avatars/3580415/kelly2.medium.jpg?1385574378", 
      "small": "https://s3.amazonaws.com/ksr/avatars/3580415/kelly2.small.jpg?1385574378", 
      "thumb": "https://s3.amazonaws.com/ksr/avatars/3580415/kelly2.thumb.jpg?1385574378"
    }, 
    "id": 1889195857, 
    "name": "Kelly Nehowig", 
    "urls": {
      "api": {
        "user": "https://api.kickstarter.com/v1/users/1889195857?signature=1405310454.3957279fafb54a55c14ec026288eded803c8e6d2"
      }, 
      "web": {
        "user": "https://www.kickstarter.com/profile/1889195857"
      }
    }
  }, 
  "currency": "USD", 
  "currency_symbol": "$", 
  "currency_trailing_code": true, 
  "deadline": 1389629811, 
  "disable_communication": false, 
  "goal": 20000.0, 
  "id": 1159688336, 
  "launched_at": 1387037811, 
  "location": {
    "country": "US", 
    "displayable_name": "Minneapolis, MN", 
    "id": 2452078, 
    "name": "Minneapolis", 
    "short_name": "Minneapolis, MN", 
    "slug": "minneapolis-mn", 
    "state": "MN", 
    "urls": {
      "api": {
        "nearby_projects": "https://api.kickstarter.com/v1/discover?signature=1405283924.5ee4b093538f11a1fbd2c7c92ad0de4e046177b1&woe_id=2452078"
      }, 
      "web": {
        "discover": "https://www.kickstarter.com/discover/places/minneapolis-mn", 
        "location": "https://www.kickstarter.com/locations/minneapolis-mn"
      }
    }
  }, 
  "name": "NavDive -- GPS-based navigation for SCUBA divers", 
  "photo": {
    "1024x768": "https://s3.amazonaws.com/ksr/projects/761806/photo-1024x768.jpg?1397856436", 
    "1536x1152": "https://s3.amazonaws.com/ksr/projects/761806/photo-1536x1152.jpg?1397856436", 
    "ed": "https://s3.amazonaws.com/ksr/projects/761806/photo-ed.jpg?1397856436", 
    "full": "https://s3.amazonaws.com/ksr/projects/761806/photo-full.jpg?1397856436", 
    "little": "https://s3.amazonaws.com/ksr/projects/761806/photo-little.jpg?1397856436", 
    "med": "https://s3.amazonaws.com/ksr/projects/761806/photo-med.jpg?1397856436", 
    "small": "https://s3.amazonaws.com/ksr/projects/761806/photo-small.jpg?1397856436", 
    "thumb": "https://s3.amazonaws.com/ksr/projects/761806/photo-thumb.jpg?1397856436"
  }, 
  "pledged": 2163.0, 
  "slug": "navdive-gps-based-navigation-for-scuba-divers", 
  "state": "failed", 
  "state_changed_at": 1389629813, 
  "urls": {
    "web": {
      "project": "https://www.kickstarter.com/projects/1889195857/navdive-gps-based-navigation-for-scuba-divers", 
      "rewards": "https://www.kickstarter.com/projects/1889195857/navdive-gps-based-navigation-for-scuba-divers/rewards"
    }
  }
}