{
  "backers_count": 2, 
  "blurb": "Wayne's 3D Printing Emporium designs, prints and ships 3D printed objects using a Da Vinci 1.0 printer.", 
  "category": {
    "id": 331, 
    "name": "3D Printing", 
    "parent_id": 16, 
    "position": 1, 
    "slug": "technology/3d printing", 
    "urls": {
      "web": {
        "discover": "http://www.kickstarter.com/discover/categories/technology/3d%20printing"
      }
    }
  }, 
  "country": "US", 
  "created_at": 1404225610, 
  "creator": {
    "avatar": {
      "medium": "https://s3.amazonaws.com/ksr/avatars/11198044/fb_profile_picture.medium.jpg?1404225599", 
      "small": "https://s3.amazonaws.com/ksr/avatars/11198044/fb_profile_picture.small.jpg?1404225599", 
      "thumb": "https://s3.amazonaws.com/ksr/avatars/11198044/fb_profile_picture.thumb.jpg?1404225599"
    }, 
    "id": 79550359, 
    "name": "Floyd Wayne Shackelford", 
    "urls": {
      "api": {
        "user": "https://api.kickstarter.com/v1/users/79550359?signature=1405310299.b31e16ded5a3c4cf8d388d5ebfd7f0ce3bf60753"
      }, 
      "web": {
        "user": "https://www.kickstarter.com/profile/79550359"
      }
    }
  }, 
  "currency": "USD", 
  "currency_symbol": "$", 
  "currency_trailing_code": true, 
  "deadline": 1407190891, 
  "disable_communication": false, 
  "goal": 700.0, 
  "id": 1159487566, 
  "launched_at": 1404598891, 
  "location": {
    "country": "US", 
    "displayable_name": "Troy, AL", 
    "id": 12773376, 
    "name": "36081", 
    "short_name": "Troy, AL", 
    "slug": null, 
    "state": "AL", 
    "urls": {
      "api": {
        "nearby_projects": "https://api.kickstarter.com/v1/discover?signature=1405283987.9cfd3eafffafff8dea715cee5be80c0bb43a3f98&woe_id=12773376"
      }, 
      "web": {
        "discover": "https://www.kickstarter.com/discover/places/12773376", 
        "location": "https://www.kickstarter.com/locations/12773376"
      }
    }
  }, 
  "name": "Wayne's 3D Printing Emporium", 
  "photo": {
    "1024x768": "https://s3.amazonaws.com/ksr/projects/1068346/photo-1024x768.jpg?1404225718", 
    "1536x1152": "https://s3.amazonaws.com/ksr/projects/1068346/photo-1536x1152.jpg?1404225718", 
    "ed": "https://s3.amazonaws.com/ksr/projects/1068346/photo-ed.jpg?1404225718", 
    "full": "https://s3.amazonaws.com/ksr/projects/1068346/photo-full.jpg?1404225718", 
    "little": "https://s3.amazonaws.com/ksr/projects/1068346/photo-little.jpg?1404225718", 
    "med": "https://s3.amazonaws.com/ksr/projects/1068346/photo-med.jpg?1404225718", 
    "small": "https://s3.amazonaws.com/ksr/projects/1068346/photo-small.jpg?1404225718", 
    "thumb": "https://s3.amazonaws.com/ksr/projects/1068346/photo-thumb.jpg?1404225718"
  }, 
  "pledged": 12.5, 
  "slug": "waynes-3d-printing-emporium", 
  "state": "live", 
  "state_changed_at": 1404598891, 
  "urls": {
    "web": {
      "project": "https://www.kickstarter.com/projects/79550359/waynes-3d-printing-emporium", 
      "rewards": "https://www.kickstarter.com/projects/79550359/waynes-3d-printing-emporium/rewards"
    }
  }
}