{
  "backers_count": 1570, 
  "blurb": "RightPSI is a tire cap that shows when your tires are underinflated, saving you money, keeping you safe, and helping the environment.", 
  "category": {
    "id": 16, 
    "name": "Technology", 
    "position": 14, 
    "slug": "technology", 
    "urls": {
      "web": {
        "discover": "http://www.kickstarter.com/discover/categories/technology"
      }
    }
  }, 
  "country": "US", 
  "created_at": 1389717486, 
  "creator": {
    "avatar": {
      "medium": "https://s3.amazonaws.com/ksr/avatars/5345546/Matt_Tona_Tetyana_008_-_Copy.medium.jpg?1384210594", 
      "small": "https://s3.amazonaws.com/ksr/avatars/5345546/Matt_Tona_Tetyana_008_-_Copy.small.jpg?1384210594", 
      "thumb": "https://s3.amazonaws.com/ksr/avatars/5345546/Matt_Tona_Tetyana_008_-_Copy.thumb.jpg?1384210594"
    }, 
    "id": 48443617, 
    "name": "John Milanovich", 
    "slug": "rightpsi", 
    "urls": {
      "api": {
        "user": "https://api.kickstarter.com/v1/users/48443617?signature=1405310112.d538b9f13a36e08f57704b58480bda88f9d5f0a7"
      }, 
      "web": {
        "user": "https://www.kickstarter.com/profile/rightpsi"
      }
    }
  }, 
  "currency": "USD", 
  "currency_symbol": "$", 
  "currency_trailing_code": true, 
  "deadline": 1396414800, 
  "disable_communication": false, 
  "goal": 20000.0, 
  "id": 1161470363, 
  "launched_at": 1392481421, 
  "location": {
    "country": "US", 
    "displayable_name": "Bozeman, MT", 
    "id": 2367749, 
    "name": "Bozeman", 
    "short_name": "Bozeman, MT", 
    "slug": "bozeman-mt", 
    "state": "MT", 
    "urls": {
      "api": {
        "nearby_projects": "https://api.kickstarter.com/v1/discover?signature=1405283927.5702aa207807c5d96cc740829452303fce1a8e69&woe_id=2367749"
      }, 
      "web": {
        "discover": "https://www.kickstarter.com/discover/places/bozeman-mt", 
        "location": "https://www.kickstarter.com/locations/bozeman-mt"
      }
    }
  }, 
  "name": "RightPSI: Tire Pressure At A Glance", 
  "photo": {
    "1024x768": "https://s3.amazonaws.com/ksr/projects/829859/photo-1024x768.jpg?1397863767", 
    "1536x1152": "https://s3.amazonaws.com/ksr/projects/829859/photo-1536x1152.jpg?1397863767", 
    "ed": "https://s3.amazonaws.com/ksr/projects/829859/photo-ed.jpg?1397863767", 
    "full": "https://s3.amazonaws.com/ksr/projects/829859/photo-full.jpg?1397863767", 
    "little": "https://s3.amazonaws.com/ksr/projects/829859/photo-little.jpg?1397863767", 
    "med": "https://s3.amazonaws.com/ksr/projects/829859/photo-med.jpg?1397863767", 
    "small": "https://s3.amazonaws.com/ksr/projects/829859/photo-small.jpg?1397863767", 
    "thumb": "https://s3.amazonaws.com/ksr/projects/829859/photo-thumb.jpg?1397863767"
  }, 
  "pledged": 70212.54, 
  "slug": "rightpsi-tire-pressure-at-a-glance", 
  "state": "successful", 
  "state_changed_at": 1396414814, 
  "urls": {
    "web": {
      "project": "https://www.kickstarter.com/projects/rightpsi/rightpsi-tire-pressure-at-a-glance", 
      "rewards": "https://www.kickstarter.com/projects/rightpsi/rightpsi-tire-pressure-at-a-glance/rewards"
    }
  }
}