{
  "backers_count": 564, 
  "blurb": "RGB-123 Making RGB Led Matrices Easy!", 
  "category": {
    "id": 52, 
    "name": "Hardware", 
    "parent_id": 16, 
    "position": 8, 
    "slug": "technology/hardware", 
    "urls": {
      "web": {
        "discover": "http://www.kickstarter.com/discover/categories/technology/hardware"
      }
    }
  }, 
  "country": "US", 
  "created_at": 1374085574, 
  "creator": {
    "avatar": {
      "medium": "https://s3.amazonaws.com/ksr/avatars/31170/Me.medium.jpg?1374536605", 
      "small": "https://s3.amazonaws.com/ksr/avatars/31170/Me.small.jpg?1374536605", 
      "thumb": "https://s3.amazonaws.com/ksr/avatars/31170/Me.thumb.jpg?1374536605"
    }, 
    "id": 311408456, 
    "name": "Ryan O'Hara", 
    "urls": {
      "api": {
        "user": "https://api.kickstarter.com/v1/users/311408456?signature=1405310024.97926fa5b1ddc35e78a482f8c80a5b912c953150"
      }, 
      "web": {
        "user": "https://www.kickstarter.com/profile/311408456"
      }
    }
  }, 
  "currency": "USD", 
  "currency_symbol": "$", 
  "currency_trailing_code": true, 
  "deadline": 1379018480, 
  "disable_communication": false, 
  "goal": 3000.0, 
  "id": 1161156052, 
  "launched_at": 1376426480, 
  "location": {
    "country": "US", 
    "displayable_name": "Hampton, VA", 
    "id": 2416847, 
    "name": "Hampton", 
    "short_name": "Hampton, VA", 
    "slug": "hampton-va", 
    "state": "VA", 
    "urls": {
      "api": {
        "nearby_projects": "https://api.kickstarter.com/v1/discover?signature=1405284024.3ecc298e68d15cd53feedb1ac97ab8b8fa33c9a6&woe_id=2416847"
      }, 
      "web": {
        "discover": "https://www.kickstarter.com/discover/places/hampton-va", 
        "location": "https://www.kickstarter.com/locations/hampton-va"
      }
    }
  }, 
  "name": "RGB-123 Led Matrices", 
  "photo": {
    "1024x768": "https://s3.amazonaws.com/ksr/projects/621284/photo-1024x768.jpg?1397827615", 
    "1536x1152": "https://s3.amazonaws.com/ksr/projects/621284/photo-1536x1152.jpg?1397827615", 
    "ed": "https://s3.amazonaws.com/ksr/projects/621284/photo-ed.jpg?1397827615", 
    "full": "https://s3.amazonaws.com/ksr/projects/621284/photo-full.jpg?1397827615", 
    "little": "https://s3.amazonaws.com/ksr/projects/621284/photo-little.jpg?1397827615", 
    "med": "https://s3.amazonaws.com/ksr/projects/621284/photo-med.jpg?1397827615", 
    "small": "https://s3.amazonaws.com/ksr/projects/621284/photo-small.jpg?1397827615", 
    "thumb": "https://s3.amazonaws.com/ksr/projects/621284/photo-thumb.jpg?1397827615"
  }, 
  "pledged": 52118.0, 
  "slug": "rgb-123-led-matrices", 
  "state": "successful", 
  "state_changed_at": 1379018480, 
  "urls": {
    "web": {
      "project": "https://www.kickstarter.com/projects/311408456/rgb-123-led-matrices", 
      "rewards": "https://www.kickstarter.com/projects/311408456/rgb-123-led-matrices/rewards"
    }
  }
}