{
  "backers_count": 36, 
  "blurb": "We are bringing mapping to the masses. Our site will provide users with the capability to easily create current, high-resolution maps.", 
  "category": {
    "id": 342, 
    "name": "Web", 
    "parent_id": 16, 
    "position": 15, 
    "slug": "technology/web", 
    "urls": {
      "web": {
        "discover": "http://www.kickstarter.com/discover/categories/technology/web"
      }
    }
  }, 
  "country": "US", 
  "created_at": 1403716835, 
  "creator": {
    "avatar": {
      "medium": "https://s3.amazonaws.com/ksr/avatars/11135062/DRONES.medium.jpg?1403801916", 
      "small": "https://s3.amazonaws.com/ksr/avatars/11135062/DRONES.small.jpg?1403801916", 
      "thumb": "https://s3.amazonaws.com/ksr/avatars/11135062/DRONES.thumb.jpg?1403801916"
    }, 
    "id": 1950977397, 
    "name": "Drones Made Easy", 
    "urls": {
      "api": {
        "user": "https://api.kickstarter.com/v1/users/1950977397?signature=1405310232.0f6349bf3604fef1e970fe44d59b0a193a3107cc"
      }, 
      "web": {
        "user": "https://www.kickstarter.com/profile/1950977397"
      }
    }
  }, 
  "currency": "USD", 
  "currency_symbol": "$", 
  "currency_trailing_code": true, 
  "deadline": 1407542400, 
  "disable_communication": false, 
  "goal": 30000.0, 
  "id": 1161526391, 
  "launched_at": 1404920135, 
  "location": {
    "country": "US", 
    "displayable_name": "San Diego, CA", 
    "id": 2487889, 
    "name": "San Diego", 
    "short_name": "San Diego, CA", 
    "slug": "san-diego-ca", 
    "state": "CA", 
    "urls": {
      "api": {
        "nearby_projects": "https://api.kickstarter.com/v1/discover?signature=1405283922.e0c8fea4757a0700693c6258522a3f528769b7ae&woe_id=2487889"
      }, 
      "web": {
        "discover": "https://www.kickstarter.com/discover/places/san-diego-ca", 
        "location": "https://www.kickstarter.com/locations/san-diego-ca"
      }
    }
  }, 
  "name": "Mapping with Drones", 
  "photo": {
    "1024x768": "https://s3.amazonaws.com/ksr/projects/1059924/photo-1024x768.jpg?1404665103", 
    "1536x1152": "https://s3.amazonaws.com/ksr/projects/1059924/photo-1536x1152.jpg?1404665103", 
    "ed": "https://s3.amazonaws.com/ksr/projects/1059924/photo-ed.jpg?1404665103", 
    "full": "https://s3.amazonaws.com/ksr/projects/1059924/photo-full.jpg?1404665103", 
    "little": "https://s3.amazonaws.com/ksr/projects/1059924/photo-little.jpg?1404665103", 
    "med": "https://s3.amazonaws.com/ksr/projects/1059924/photo-med.jpg?1404665103", 
    "small": "https://s3.amazonaws.com/ksr/projects/1059924/photo-small.jpg?1404665103", 
    "thumb": "https://s3.amazonaws.com/ksr/projects/1059924/photo-thumb.jpg?1404665103"
  }, 
  "pledged": 3124.0, 
  "slug": "mapping-with-drones", 
  "state": "live", 
  "state_changed_at": 1404920135, 
  "urls": {
    "web": {
      "project": "https://www.kickstarter.com/projects/1950977397/mapping-with-drones", 
      "rewards": "https://www.kickstarter.com/projects/1950977397/mapping-with-drones/rewards"
    }
  }
}