{
  "backers_count": 7, 
  "blurb": "Would you like to have a multi-sensory experience of your life?\nIf so, Storica is your ultimate documenting and recollecting tool!", 
  "category": {
    "id": 51, 
    "name": "Software", 
    "parent_id": 16, 
    "position": 11, 
    "slug": "technology/software", 
    "urls": {
      "web": {
        "discover": "http://www.kickstarter.com/discover/categories/technology/software"
      }
    }
  }, 
  "country": "GB", 
  "created_at": 1374226724, 
  "creator": {
    "avatar": {
      "medium": "https://s3.amazonaws.com/ksr/avatars/7363769/tecvis-logo-250x250.medium.jpg?1374228675", 
      "small": "https://s3.amazonaws.com/ksr/avatars/7363769/tecvis-logo-250x250.small.jpg?1374228675", 
      "thumb": "https://s3.amazonaws.com/ksr/avatars/7363769/tecvis-logo-250x250.thumb.jpg?1374228675"
    }, 
    "id": 475414648, 
    "name": "TecVis LP", 
    "slug": "tecvis", 
    "urls": {
      "api": {
        "user": "https://api.kickstarter.com/v1/users/475414648?signature=1405310521.3389d411a56548352c41f188f96164a096bb3702"
      }, 
      "web": {
        "user": "https://www.kickstarter.com/profile/tecvis"
      }
    }
  }, 
  "currency": "GBP", 
  "currency_symbol": "\u00a3", 
  "currency_trailing_code": false, 
  "deadline": 1379772354, 
  "disable_communication": false, 
  "goal": 50000.0, 
  "id": 1161427056, 
  "launched_at": 1374588354, 
  "location": {
    "country": "GB", 
    "displayable_name": "Colchester, UK", 
    "id": 16545, 
    "name": "Colchester", 
    "short_name": "Colchester, UK", 
    "slug": "colchester-gb", 
    "state": "England", 
    "urls": {
      "api": {
        "nearby_projects": "https://api.kickstarter.com/v1/discover?signature=1405283943.9403d28c55825cd3f3b0fd7a33009b57ca11f638&woe_id=16545"
      }, 
      "web": {
        "discover": "https://www.kickstarter.com/discover/places/colchester-gb", 
        "location": "https://www.kickstarter.com/locations/colchester-gb"
      }
    }
  }, 
  "name": "Storica - From Sensors to Digital Stories", 
  "photo": {
    "1024x768": "https://s3.amazonaws.com/ksr/projects/622916/photo-1024x768.jpg?1397827795", 
    "1536x1152": "https://s3.amazonaws.com/ksr/projects/622916/photo-1536x1152.jpg?1397827795", 
    "ed": "https://s3.amazonaws.com/ksr/projects/622916/photo-ed.jpg?1397827795", 
    "full": "https://s3.amazonaws.com/ksr/projects/622916/photo-full.jpg?1397827795", 
    "little": "https://s3.amazonaws.com/ksr/projects/622916/photo-little.jpg?1397827795", 
    "med": "https://s3.amazonaws.com/ksr/projects/622916/photo-med.jpg?1397827795", 
    "small": "https://s3.amazonaws.com/ksr/projects/622916/photo-small.jpg?1397827795", 
    "thumb": "https://s3.amazonaws.com/ksr/projects/622916/photo-thumb.jpg?1397827795"
  }, 
  "pledged": 433.0, 
  "slug": "storica-from-sensors-to-digital-stories-0", 
  "state": "failed", 
  "state_changed_at": 1379772354, 
  "urls": {
    "web": {
      "project": "https://www.kickstarter.com/projects/tecvis/storica-from-sensors-to-digital-stories-0", 
      "rewards": "https://www.kickstarter.com/projects/tecvis/storica-from-sensors-to-digital-stories-0/rewards"
    }
  }
}