{
  "backers_count": 39, 
  "blurb": "A versatile and easy-to-use 3 axis robotic camera stabilizer that allows anyone to capture stunning cinematic footage anywhere!", 
  "category": {
    "id": 333, 
    "name": "Camera Equipment", 
    "parent_id": 16, 
    "position": 3, 
    "slug": "technology/camera equipment", 
    "urls": {
      "web": {
        "discover": "http://www.kickstarter.com/discover/categories/technology/camera%20equipment"
      }
    }
  }, 
  "country": "US", 
  "created_at": 1389234865, 
  "creator": {
    "avatar": {
      "medium": "https://s3.amazonaws.com/ksr/avatars/9285237/IMG_2128.medium.jpg?1390355276", 
      "small": "https://s3.amazonaws.com/ksr/avatars/9285237/IMG_2128.small.jpg?1390355276", 
      "thumb": "https://s3.amazonaws.com/ksr/avatars/9285237/IMG_2128.thumb.jpg?1390355276"
    }, 
    "id": 102646799, 
    "name": "Igor Zhuk", 
    "urls": {
      "api": {
        "user": "https://api.kickstarter.com/v1/users/102646799?signature=1405310112.2d0a5db1b195dfeca5dbd1ba85e000301b5f6d8f"
      }, 
      "web": {
        "user": "https://www.kickstarter.com/profile/102646799"
      }
    }
  }, 
  "currency": "USD", 
  "currency_symbol": "$", 
  "currency_trailing_code": true, 
  "deadline": 1392099987, 
  "disable_communication": false, 
  "goal": 8000.0, 
  "id": 1161726163, 
  "launched_at": 1389680787, 
  "location": {
    "country": "US", 
    "displayable_name": "Calabasas, CA", 
    "id": 2373115, 
    "name": "Calabasas", 
    "short_name": "Calabasas, CA", 
    "slug": "calabasas-ca", 
    "state": "CA", 
    "urls": {
      "api": {
        "nearby_projects": "https://api.kickstarter.com/v1/discover?signature=1405284009.426bb4945e7e94da56095298003ffbc7af024719&woe_id=2373115"
      }, 
      "web": {
        "discover": "https://www.kickstarter.com/discover/places/calabasas-ca", 
        "location": "https://www.kickstarter.com/locations/calabasas-ca"
      }
    }
  }, 
  "name": "Stabil i4: A Robotic 3-axis Camera Gimbal Stabilizer by", 
  "photo": {
    "1024x768": "https://s3.amazonaws.com/ksr/projects/822520/photo-1024x768.jpg?1397863004", 
    "1536x1152": "https://s3.amazonaws.com/ksr/projects/822520/photo-1536x1152.jpg?1397863004", 
    "ed": "https://s3.amazonaws.com/ksr/projects/822520/photo-ed.jpg?1397863004", 
    "full": "https://s3.amazonaws.com/ksr/projects/822520/photo-full.jpg?1397863004", 
    "little": "https://s3.amazonaws.com/ksr/projects/822520/photo-little.jpg?1397863004", 
    "med": "https://s3.amazonaws.com/ksr/projects/822520/photo-med.jpg?1397863004", 
    "small": "https://s3.amazonaws.com/ksr/projects/822520/photo-small.jpg?1397863004", 
    "thumb": "https://s3.amazonaws.com/ksr/projects/822520/photo-thumb.jpg?1397863004"
  }, 
  "pledged": 68561.94, 
  "slug": "stabil-i4-a-robotic-3-axis-camera-gimbal-stabilize", 
  "state": "successful", 
  "state_changed_at": 1392099988, 
  "urls": {
    "web": {
      "project": "https://www.kickstarter.com/projects/102646799/stabil-i4-a-robotic-3-axis-camera-gimbal-stabilize", 
      "rewards": "https://www.kickstarter.com/projects/102646799/stabil-i4-a-robotic-3-axis-camera-gimbal-stabilize/rewards"
    }
  }
}