{
  "backers_count": 8, 
  "blurb": "A stylish, innovative gel pad phone charger.  These attach to the back of any cover or phone and allow you to charge on the go.", 
  "category": {
    "id": 52, 
    "name": "Hardware", 
    "parent_id": 16, 
    "position": 8, 
    "slug": "technology/hardware", 
    "urls": {
      "web": {
        "discover": "http://www.kickstarter.com/discover/categories/technology/hardware"
      }
    }
  }, 
  "country": "GB", 
  "created_at": 1385050428, 
  "creator": {
    "avatar": {
      "medium": "https://s3.amazonaws.com/ksr/avatars/8806082/energenie_logo_white_800x800.medium.jpg?1386588600", 
      "small": "https://s3.amazonaws.com/ksr/avatars/8806082/energenie_logo_white_800x800.small.jpg?1386588600", 
      "thumb": "https://s3.amazonaws.com/ksr/avatars/8806082/energenie_logo_white_800x800.thumb.jpg?1386588600"
    }, 
    "id": 414548828, 
    "name": "Energenie", 
    "urls": {
      "api": {
        "user": "https://api.kickstarter.com/v1/users/414548828?signature=1405310556.797fc0b19ccc545dc3cc943be8cbc611e0fd5791"
      }, 
      "web": {
        "user": "https://www.kickstarter.com/profile/414548828"
      }
    }
  }, 
  "currency": "GBP", 
  "currency_symbol": "\u00a3", 
  "currency_trailing_code": false, 
  "deadline": 1396535110, 
  "disable_communication": false, 
  "goal": 10000.0, 
  "id": 1161451165, 
  "launched_at": 1393946710, 
  "location": {
    "country": "GB", 
    "displayable_name": "London, UK", 
    "id": 44418, 
    "name": "London", 
    "short_name": "London, UK", 
    "slug": "london-gb", 
    "state": "England", 
    "urls": {
      "api": {
        "nearby_projects": "https://api.kickstarter.com/v1/discover?signature=1405283922.82a390c7080dcb5af2825d7dc4e2293adc57bbf0&woe_id=44418"
      }, 
      "web": {
        "discover": "https://www.kickstarter.com/discover/places/london-gb", 
        "location": "https://www.kickstarter.com/locations/london-gb"
      }
    }
  }, 
  "name": "Unique portable Gel Pad chargers for iPhone 5 and Android", 
  "photo": {
    "1024x768": "https://s3.amazonaws.com/ksr/projects/769367/photo-1024x768.jpg?1397857241", 
    "1536x1152": "https://s3.amazonaws.com/ksr/projects/769367/photo-1536x1152.jpg?1397857241", 
    "ed": "https://s3.amazonaws.com/ksr/projects/769367/photo-ed.jpg?1397857241", 
    "full": "https://s3.amazonaws.com/ksr/projects/769367/photo-full.jpg?1397857241", 
    "little": "https://s3.amazonaws.com/ksr/projects/769367/photo-little.jpg?1397857241", 
    "med": "https://s3.amazonaws.com/ksr/projects/769367/photo-med.jpg?1397857241", 
    "small": "https://s3.amazonaws.com/ksr/projects/769367/photo-small.jpg?1397857241", 
    "thumb": "https://s3.amazonaws.com/ksr/projects/769367/photo-thumb.jpg?1397857241"
  }, 
  "pledged": 214.0, 
  "slug": "unique-portable-gel-pad-chargers-for-iphone-5-and", 
  "state": "canceled", 
  "state_changed_at": 1395754251, 
  "urls": {
    "web": {
      "project": "https://www.kickstarter.com/projects/414548828/unique-portable-gel-pad-chargers-for-iphone-5-and", 
      "rewards": "https://www.kickstarter.com/projects/414548828/unique-portable-gel-pad-chargers-for-iphone-5-and/rewards"
    }
  }
}