{
  "backers_count": 12, 
  "blurb": "Be visible. Be in control. Be safe.\nOur turn indicator tracks the movements of your head and flashes the left or right lights for you", 
  "category": {
    "id": 52, 
    "name": "Hardware", 
    "parent_id": 16, 
    "position": 8, 
    "slug": "technology/hardware", 
    "urls": {
      "web": {
        "discover": "http://www.kickstarter.com/discover/categories/technology/hardware"
      }
    }
  }, 
  "country": "GB", 
  "created_at": 1394481330, 
  "creator": {
    "avatar": {
      "medium": "https://s3.amazonaws.com/ksr/avatars/9898111/Screen_shot_2014-06-04_at_10.09.57.medium.jpg?1401873233", 
      "small": "https://s3.amazonaws.com/ksr/avatars/9898111/Screen_shot_2014-06-04_at_10.09.57.small.jpg?1401873233", 
      "thumb": "https://s3.amazonaws.com/ksr/avatars/9898111/Screen_shot_2014-06-04_at_10.09.57.thumb.jpg?1401873233"
    }, 
    "id": 733781885, 
    "name": "GestureAware", 
    "urls": {
      "api": {
        "user": "https://api.kickstarter.com/v1/users/733781885?signature=1405310275.8df95625653e30e41a99609929c7c260709297af"
      }, 
      "web": {
        "user": "https://www.kickstarter.com/profile/733781885"
      }
    }
  }, 
  "currency": "GBP", 
  "currency_symbol": "\u00a3", 
  "currency_trailing_code": false, 
  "deadline": 1406722198, 
  "disable_communication": false, 
  "goal": 100000.0, 
  "id": 1161466235, 
  "launched_at": 1404130198, 
  "location": {
    "country": "GB", 
    "displayable_name": "Greater London, UK", 
    "id": 23416974, 
    "name": "Greater London", 
    "short_name": "Greater London, UK", 
    "slug": "greater-london-gb", 
    "state": "England", 
    "urls": {
      "api": {
        "nearby_projects": "https://api.kickstarter.com/v1/discover?signature=1405283930.a8fd22b68fcd45b13209c29274ba7b9c5560f313&woe_id=23416974"
      }, 
      "web": {
        "discover": "https://www.kickstarter.com/discover/places/greater-london-gb", 
        "location": "https://www.kickstarter.com/locations/greater-london-gb"
      }
    }
  }, 
  "name": "Cycling safer: turn signals made easy", 
  "photo": {
    "1024x768": "https://s3.amazonaws.com/ksr/projects/903069/photo-1024x768.jpg?1403605864", 
    "1536x1152": "https://s3.amazonaws.com/ksr/projects/903069/photo-1536x1152.jpg?1403605864", 
    "ed": "https://s3.amazonaws.com/ksr/projects/903069/photo-ed.jpg?1403605864", 
    "full": "https://s3.amazonaws.com/ksr/projects/903069/photo-full.jpg?1403605864", 
    "little": "https://s3.amazonaws.com/ksr/projects/903069/photo-little.jpg?1403605864", 
    "med": "https://s3.amazonaws.com/ksr/projects/903069/photo-med.jpg?1403605864", 
    "small": "https://s3.amazonaws.com/ksr/projects/903069/photo-small.jpg?1403605864", 
    "thumb": "https://s3.amazonaws.com/ksr/projects/903069/photo-thumb.jpg?1403605864"
  }, 
  "pledged": 312.0, 
  "slug": "cycling-safer-turn-signals-made-easy", 
  "state": "live", 
  "state_changed_at": 1404130198, 
  "urls": {
    "web": {
      "project": "https://www.kickstarter.com/projects/733781885/cycling-safer-turn-signals-made-easy", 
      "rewards": "https://www.kickstarter.com/projects/733781885/cycling-safer-turn-signals-made-easy/rewards"
    }
  }
}