{
  "backers_count": 178, 
  "blurb": "A 10-week summer project where teens from Chicago's Englewood neighborhood will learn how to build their own websites from scratch.", 
  "category": {
    "id": 16, 
    "name": "Technology", 
    "position": 14, 
    "slug": "technology", 
    "urls": {
      "web": {
        "discover": "http://www.kickstarter.com/discover/categories/technology"
      }
    }
  }, 
  "country": "US", 
  "created_at": 1359672073, 
  "creator": {
    "avatar": {
      "medium": "https://s3.amazonaws.com/ksr/avatars/5336623/TeamworkEnglewoodLogo.medium.jpg?1359672377", 
      "small": "https://s3.amazonaws.com/ksr/avatars/5336623/TeamworkEnglewoodLogo.small.jpg?1359672377", 
      "thumb": "https://s3.amazonaws.com/ksr/avatars/5336623/TeamworkEnglewoodLogo.thumb.jpg?1359672377"
    }, 
    "id": 1348602678, 
    "name": "Teamwork Englewood", 
    "urls": {
      "api": {
        "user": "https://api.kickstarter.com/v1/users/1348602678?signature=1405309917.0d25eb8f28a54c3c4e13899a962ac55200384eae"
      }, 
      "web": {
        "user": "https://www.kickstarter.com/profile/1348602678"
      }
    }
  }, 
  "currency": "USD", 
  "currency_symbol": "$", 
  "currency_trailing_code": true, 
  "deadline": 1368907274, 
  "disable_communication": false, 
  "goal": 5500.0, 
  "id": 116262908, 
  "launched_at": 1365019274, 
  "location": {
    "country": "US", 
    "displayable_name": "Chicago, IL", 
    "id": 2379574, 
    "name": "Chicago", 
    "short_name": "Chicago, IL", 
    "slug": "chicago-il", 
    "state": "IL", 
    "urls": {
      "api": {
        "nearby_projects": "https://api.kickstarter.com/v1/discover?signature=1405283924.8f63700f7031fb64c1fc151929225a5757f1a64e&woe_id=2379574"
      }, 
      "web": {
        "discover": "https://www.kickstarter.com/discover/places/chicago-il", 
        "location": "https://www.kickstarter.com/locations/chicago-il"
      }
    }
  }, 
  "name": "Englewood Codes", 
  "photo": {
    "1024x768": "https://s3.amazonaws.com/ksr/projects/450184/photo-1024x768.jpg?1397809312", 
    "1536x1152": "https://s3.amazonaws.com/ksr/projects/450184/photo-1536x1152.jpg?1397809312", 
    "ed": "https://s3.amazonaws.com/ksr/projects/450184/photo-ed.jpg?1397809312", 
    "full": "https://s3.amazonaws.com/ksr/projects/450184/photo-full.jpg?1397809312", 
    "little": "https://s3.amazonaws.com/ksr/projects/450184/photo-little.jpg?1397809312", 
    "med": "https://s3.amazonaws.com/ksr/projects/450184/photo-med.jpg?1397809312", 
    "small": "https://s3.amazonaws.com/ksr/projects/450184/photo-small.jpg?1397809312", 
    "thumb": "https://s3.amazonaws.com/ksr/projects/450184/photo-thumb.jpg?1397809312"
  }, 
  "pledged": 10235.51, 
  "slug": "englewood-codes", 
  "state": "successful", 
  "state_changed_at": 1368907276, 
  "urls": {
    "web": {
      "project": "https://www.kickstarter.com/projects/1348602678/englewood-codes", 
      "rewards": "https://www.kickstarter.com/projects/1348602678/englewood-codes/rewards"
    }
  }
}