{
  "backers_count": 0, 
  "blurb": "Create the world's first crowdsourced customer voice platform. ", 
  "category": {
    "id": 51, 
    "name": "Software", 
    "parent_id": 16, 
    "position": 11, 
    "slug": "technology/software", 
    "urls": {
      "web": {
        "discover": "http://www.kickstarter.com/discover/categories/technology/software"
      }
    }
  }, 
  "country": "US", 
  "created_at": 1244017457, 
  "creator": {
    "avatar": {
      "medium": "https://s3.amazonaws.com/ksr/avatars/1878/photo_1_.medium.jpg?1288678195", 
      "small": "https://s3.amazonaws.com/ksr/avatars/1878/photo_1_.small.jpg?1288678195", 
      "thumb": "https://s3.amazonaws.com/ksr/avatars/1878/photo_1_.thumb.jpg?1288678195"
    }, 
    "id": 1599965656, 
    "name": "matt tindall", 
    "urls": {
      "api": {
        "user": "https://api.kickstarter.com/v1/users/1599965656?signature=1405310680.66a5bab592c6048da747152da52308faef1c09bf"
      }, 
      "web": {
        "user": "https://www.kickstarter.com/profile/1599965656"
      }
    }
  }, 
  "currency": "USD", 
  "currency_symbol": "$", 
  "currency_trailing_code": true, 
  "deadline": 1251793440, 
  "disable_communication": false, 
  "goal": 15000.0, 
  "id": 1162718219, 
  "launched_at": 1244022471, 
  "location": {
    "country": "US", 
    "displayable_name": "New York, NY", 
    "id": 2459115, 
    "name": "New York", 
    "short_name": "New York, NY", 
    "slug": "new-york-ny", 
    "state": "NY", 
    "urls": {
      "api": {
        "nearby_projects": "https://api.kickstarter.com/v1/discover?signature=1405283922.858662b9ca1ef63b6e0c38e6c88778c27a30fce5&woe_id=2459115"
      }, 
      "web": {
        "discover": "https://www.kickstarter.com/discover/places/new-york-ny", 
        "location": "https://www.kickstarter.com/locations/new-york-ny"
      }
    }
  }, 
  "name": "Customer Service is Dead!", 
  "photo": {
    "1024x768": "https://s3.amazonaws.com/ksr/projects/226/photo-1024x768.jpg?1397752791", 
    "1536x1152": "https://s3.amazonaws.com/ksr/projects/226/photo-1536x1152.jpg?1397752791", 
    "ed": "https://s3.amazonaws.com/ksr/projects/226/photo-ed.jpg?1397752791", 
    "full": "https://s3.amazonaws.com/ksr/projects/226/photo-full.jpg?1397752791", 
    "little": "https://s3.amazonaws.com/ksr/projects/226/photo-little.jpg?1397752791", 
    "med": "https://s3.amazonaws.com/ksr/projects/226/photo-med.jpg?1397752791", 
    "small": "https://s3.amazonaws.com/ksr/projects/226/photo-small.jpg?1397752791", 
    "thumb": "https://s3.amazonaws.com/ksr/projects/226/photo-thumb.jpg?1397752791"
  }, 
  "pledged": 0.0, 
  "slug": "customer-service-for-people", 
  "state": "failed", 
  "state_changed_at": 1251793819, 
  "urls": {
    "web": {
      "project": "https://www.kickstarter.com/projects/1599965656/customer-service-for-people", 
      "rewards": "https://www.kickstarter.com/projects/1599965656/customer-service-for-people/rewards"
    }
  }
}