{
  "backers_count": 298, 
  "blurb": "Arduino compatible and Open source. This GPS data logger records everywhere it has been.  Learn and have some fun!", 
  "category": {
    "id": 52, 
    "name": "Hardware", 
    "parent_id": 16, 
    "position": 8, 
    "slug": "technology/hardware", 
    "urls": {
      "web": {
        "discover": "http://www.kickstarter.com/discover/categories/technology/hardware"
      }
    }
  }, 
  "country": "US", 
  "created_at": 1365004996, 
  "creator": {
    "avatar": {
      "medium": "https://s3.amazonaws.com/ksr/avatars/1293420/RMH_0458_2.medium.jpg?1373432849", 
      "small": "https://s3.amazonaws.com/ksr/avatars/1293420/RMH_0458_2.small.jpg?1373432849", 
      "thumb": "https://s3.amazonaws.com/ksr/avatars/1293420/RMH_0458_2.thumb.jpg?1373432849"
    }, 
    "id": 1324892969, 
    "name": "Richard Haberkern", 
    "slug": "richardhaberkern", 
    "urls": {
      "api": {
        "user": "https://api.kickstarter.com/v1/users/1324892969?signature=1405310147.3fc3c733cc1cad8d6e9abe49db582f958811ede8"
      }, 
      "web": {
        "user": "https://www.kickstarter.com/profile/richardhaberkern"
      }
    }
  }, 
  "currency": "USD", 
  "currency_symbol": "$", 
  "currency_trailing_code": true, 
  "deadline": 1385916604, 
  "disable_communication": false, 
  "goal": 7500.0, 
  "id": 1163339523, 
  "launched_at": 1380729004, 
  "location": {
    "country": "US", 
    "displayable_name": "Los Angeles, CA", 
    "id": 2442047, 
    "name": "Los Angeles", 
    "short_name": "Los Angeles, CA", 
    "slug": "los-angeles-ca", 
    "state": "CA", 
    "urls": {
      "api": {
        "nearby_projects": "https://api.kickstarter.com/v1/discover?signature=1405283921.ee3a1133214a755b6f367baa5289215cf97407d4&woe_id=2442047"
      }, 
      "web": {
        "discover": "https://www.kickstarter.com/discover/places/los-angeles-ca", 
        "location": "https://www.kickstarter.com/locations/los-angeles-ca"
      }
    }
  }, 
  "name": "GPS Cookie - Leaving Crumbs Wherever it Goes", 
  "photo": {
    "1024x768": "https://s3.amazonaws.com/ksr/projects/511737/photo-1024x768.jpg?1397815784", 
    "1536x1152": "https://s3.amazonaws.com/ksr/projects/511737/photo-1536x1152.jpg?1397815784", 
    "ed": "https://s3.amazonaws.com/ksr/projects/511737/photo-ed.jpg?1397815784", 
    "full": "https://s3.amazonaws.com/ksr/projects/511737/photo-full.jpg?1397815784", 
    "little": "https://s3.amazonaws.com/ksr/projects/511737/photo-little.jpg?1397815784", 
    "med": "https://s3.amazonaws.com/ksr/projects/511737/photo-med.jpg?1397815784", 
    "small": "https://s3.amazonaws.com/ksr/projects/511737/photo-small.jpg?1397815784", 
    "thumb": "https://s3.amazonaws.com/ksr/projects/511737/photo-thumb.jpg?1397815784"
  }, 
  "pledged": 29742.0, 
  "slug": "gps-cookie-leaving-crumbs-wherever-it-goes", 
  "state": "successful", 
  "state_changed_at": 1385916604, 
  "urls": {
    "web": {
      "project": "https://www.kickstarter.com/projects/richardhaberkern/gps-cookie-leaving-crumbs-wherever-it-goes", 
      "rewards": "https://www.kickstarter.com/projects/richardhaberkern/gps-cookie-leaving-crumbs-wherever-it-goes/rewards"
    }
  }
}