{
  "backers_count": 9, 
  "blurb": "GAKU Engine is an Open Source School Management System. Built to be flexible and extendable, driven to augment global education.", 
  "category": {
    "id": 51, 
    "name": "Software", 
    "parent_id": 16, 
    "position": 11, 
    "slug": "technology/software", 
    "urls": {
      "web": {
        "discover": "http://www.kickstarter.com/discover/categories/technology/software"
      }
    }
  }, 
  "country": "US", 
  "created_at": 1339145291, 
  "creator": {
    "avatar": {
      "medium": "https://s3.amazonaws.com/ksr/avatars/634379/IMG_20121122_213515.medium.jpg?1355123311", 
      "small": "https://s3.amazonaws.com/ksr/avatars/634379/IMG_20121122_213515.small.jpg?1355123311", 
      "thumb": "https://s3.amazonaws.com/ksr/avatars/634379/IMG_20121122_213515.thumb.jpg?1355123311"
    }, 
    "id": 374397522, 
    "name": "Rei Kagetsuki", 
    "urls": {
      "api": {
        "user": "https://api.kickstarter.com/v1/users/374397522?signature=1405310286.f509e9f33ac5151865b755d26f2cf5822ac9b862"
      }, 
      "web": {
        "user": "https://www.kickstarter.com/profile/374397522"
      }
    }
  }, 
  "currency": "USD", 
  "currency_symbol": "$", 
  "currency_trailing_code": true, 
  "deadline": 1406095085, 
  "disable_communication": false, 
  "goal": 180000.0, 
  "id": 1164135271, 
  "launched_at": 1400911085, 
  "location": {
    "country": "JP", 
    "displayable_name": "Nagoya, Japan", 
    "id": 28411566, 
    "name": "Nagoya", 
    "short_name": "Nagoya, Japan", 
    "slug": "nagoya-narita-shi-jp", 
    "state": "Chiba Prefecture", 
    "urls": {
      "api": {
        "nearby_projects": "https://api.kickstarter.com/v1/discover?signature=1405284004.71c43233532d95c8068e6400bae76537f2f1766c&woe_id=28411566"
      }, 
      "web": {
        "discover": "https://www.kickstarter.com/discover/places/nagoya-narita-shi-jp", 
        "location": "https://www.kickstarter.com/locations/nagoya-narita-shi-jp"
      }
    }
  }, 
  "name": "GAKU Engine - Dynamic Open Source School Management", 
  "photo": {
    "1024x768": "https://s3.amazonaws.com/ksr/projects/213862/photo-1024x768.jpg?1398691988", 
    "1536x1152": "https://s3.amazonaws.com/ksr/projects/213862/photo-1536x1152.jpg?1398691988", 
    "ed": "https://s3.amazonaws.com/ksr/projects/213862/photo-ed.jpg?1398691988", 
    "full": "https://s3.amazonaws.com/ksr/projects/213862/photo-full.jpg?1398691988", 
    "little": "https://s3.amazonaws.com/ksr/projects/213862/photo-little.jpg?1398691988", 
    "med": "https://s3.amazonaws.com/ksr/projects/213862/photo-med.jpg?1398691988", 
    "small": "https://s3.amazonaws.com/ksr/projects/213862/photo-small.jpg?1398691988", 
    "thumb": "https://s3.amazonaws.com/ksr/projects/213862/photo-thumb.jpg?1398691988"
  }, 
  "pledged": 151.0, 
  "slug": "gaku-engine-dynamic-open-source-school-management", 
  "state": "live", 
  "state_changed_at": 1400911086, 
  "urls": {
    "web": {
      "project": "https://www.kickstarter.com/projects/374397522/gaku-engine-dynamic-open-source-school-management", 
      "rewards": "https://www.kickstarter.com/projects/374397522/gaku-engine-dynamic-open-source-school-management/rewards"
    }
  }
}