{
  "backers_count": 653, 
  "blurb": "CloudPic Mobile will be the HD Photographers 1st choice for Wireless Picture/Video Data File Transfer via Bluetooth 4.0!", 
  "category": {
    "id": 16, 
    "name": "Technology", 
    "position": 14, 
    "slug": "technology", 
    "urls": {
      "web": {
        "discover": "http://www.kickstarter.com/discover/categories/technology"
      }
    }
  }, 
  "country": "US", 
  "created_at": 1333338705, 
  "creator": {
    "avatar": {
      "medium": "https://www.kickstarter.com/assets/users/missing_medium.png", 
      "small": "https://www.kickstarter.com/assets/users/missing_small.png", 
      "thumb": "https://www.kickstarter.com/assets/users/missing_thumb.png"
    }, 
    "id": 914206626, 
    "name": "Brad Hudes (deleted)", 
    "urls": {
      "api": {
        "user": "https://api.kickstarter.com/v1/users/914206626?signature=1405310344.38dc5cca855dd1aa723530405f74c4dbbca7d971"
      }, 
      "web": {
        "user": "https://www.kickstarter.com/profile/914206626"
      }
    }
  }, 
  "currency": "USD", 
  "currency_symbol": "$", 
  "currency_trailing_code": true, 
  "deadline": 1339193955, 
  "disable_communication": true, 
  "goal": 20000.0, 
  "id": 1165155260, 
  "launched_at": 1336601955, 
  "location": {
    "country": "US", 
    "displayable_name": "Los Angeles, CA", 
    "id": 2442047, 
    "name": "Los Angeles", 
    "short_name": "Los Angeles, CA", 
    "slug": "los-angeles-ca", 
    "state": "CA", 
    "urls": {
      "api": {
        "nearby_projects": "https://api.kickstarter.com/v1/discover?signature=1405283921.ee3a1133214a755b6f367baa5289215cf97407d4&woe_id=2442047"
      }, 
      "web": {
        "discover": "https://www.kickstarter.com/discover/places/los-angeles-ca", 
        "location": "https://www.kickstarter.com/locations/los-angeles-ca"
      }
    }
  }, 
  "name": "CloudPic Mobile (Suspended)", 
  "photo": {
    "1024x768": "https://s3.amazonaws.com/ksr/projects/122371/photo-1024x768.jpg?1397776616", 
    "1536x1152": "https://s3.amazonaws.com/ksr/projects/122371/photo-1536x1152.jpg?1397776616", 
    "ed": "https://s3.amazonaws.com/ksr/projects/122371/photo-ed.jpg?1397776616", 
    "full": "https://s3.amazonaws.com/ksr/projects/122371/photo-full.jpg?1397776616", 
    "little": "https://s3.amazonaws.com/ksr/projects/122371/photo-little.jpg?1397776616", 
    "med": "https://s3.amazonaws.com/ksr/projects/122371/photo-med.jpg?1397776616", 
    "small": "https://s3.amazonaws.com/ksr/projects/122371/photo-small.jpg?1397776616", 
    "thumb": "https://s3.amazonaws.com/ksr/projects/122371/photo-thumb.jpg?1397776616"
  }, 
  "pledged": 29446.0, 
  "slug": "cloudpic", 
  "state": "suspended", 
  "state_changed_at": 1338503734, 
  "urls": {
    "web": {
      "project": "https://www.kickstarter.com/projects/914206626/cloudpic", 
      "rewards": "https://www.kickstarter.com/projects/914206626/cloudpic/rewards"
    }
  }
}