{
  "backers_count": 0, 
  "blurb": "ShoutoutHelper.com is a Twitter Service that makes it easy to collect and #ShoutOut your favorite Twitter Friends.", 
  "category": {
    "id": 16, 
    "name": "Technology", 
    "position": 14, 
    "slug": "technology", 
    "urls": {
      "web": {
        "discover": "http://www.kickstarter.com/discover/categories/technology"
      }
    }
  }, 
  "country": "US", 
  "created_at": 1303971444, 
  "creator": {
    "avatar": {
      "medium": "https://s3.amazonaws.com/ksr/avatars/94499/quinn05.medium.jpg?1288678195", 
      "small": "https://s3.amazonaws.com/ksr/avatars/94499/quinn05.small.jpg?1288678195", 
      "thumb": "https://s3.amazonaws.com/ksr/avatars/94499/quinn05.thumb.jpg?1288678195"
    }, 
    "id": 490990709, 
    "name": "Quinn Michaels", 
    "slug": "quinnmichaels", 
    "urls": {
      "api": {
        "user": "https://api.kickstarter.com/v1/users/490990709?signature=1405310689.fe2069ae91124013c8ef7f31e49b5c0dc1b2524e"
      }, 
      "web": {
        "user": "https://www.kickstarter.com/profile/quinnmichaels"
      }
    }
  }, 
  "currency": "USD", 
  "currency_symbol": "$", 
  "currency_trailing_code": true, 
  "deadline": 1306568922, 
  "disable_communication": false, 
  "goal": 15000.0, 
  "id": 1166768089, 
  "launched_at": 1303976922, 
  "location": {
    "country": "US", 
    "displayable_name": "Monterey, CA", 
    "id": 2453280, 
    "name": "Monterey", 
    "short_name": "Monterey, CA", 
    "slug": "monterey-ca", 
    "state": "CA", 
    "urls": {
      "api": {
        "nearby_projects": "https://api.kickstarter.com/v1/discover?signature=1405283972.8466d13e26d9871513103d5d8044aec235ff3592&woe_id=2453280"
      }, 
      "web": {
        "discover": "https://www.kickstarter.com/discover/places/monterey-ca", 
        "location": "https://www.kickstarter.com/locations/monterey-ca"
      }
    }
  }, 
  "name": "Twitter #ShoutOut App", 
  "photo": {
    "1024x768": "https://s3.amazonaws.com/ksr/projects/31654/photo-1024x768.jpg?1397762772", 
    "1536x1152": "https://s3.amazonaws.com/ksr/projects/31654/photo-1536x1152.jpg?1397762772", 
    "ed": "https://s3.amazonaws.com/ksr/projects/31654/photo-ed.jpg?1397762772", 
    "full": "https://s3.amazonaws.com/ksr/projects/31654/photo-full.jpg?1397762772", 
    "little": "https://s3.amazonaws.com/ksr/projects/31654/photo-little.jpg?1397762772", 
    "med": "https://s3.amazonaws.com/ksr/projects/31654/photo-med.jpg?1397762772", 
    "small": "https://s3.amazonaws.com/ksr/projects/31654/photo-small.jpg?1397762772", 
    "thumb": "https://s3.amazonaws.com/ksr/projects/31654/photo-thumb.jpg?1397762772"
  }, 
  "pledged": 0.0, 
  "slug": "twitter-shoutout-app", 
  "state": "failed", 
  "state_changed_at": 1306568926, 
  "urls": {
    "web": {
      "project": "https://www.kickstarter.com/projects/quinnmichaels/twitter-shoutout-app", 
      "rewards": "https://www.kickstarter.com/projects/quinnmichaels/twitter-shoutout-app/rewards"
    }
  }
}