{
  "backers_count": 361, 
  "blurb": "A constant current load for testing your projects. 6 amps, 60 volts and 25 watts in a workbench-friendly package with a USB interface.", 
  "category": {
    "id": 52, 
    "name": "Hardware", 
    "parent_id": 16, 
    "position": 8, 
    "slug": "technology/hardware", 
    "urls": {
      "web": {
        "discover": "http://www.kickstarter.com/discover/categories/technology/hardware"
      }
    }
  }, 
  "country": "GB", 
  "created_at": 1392585924, 
  "creator": {
    "avatar": {
      "medium": "https://s3.amazonaws.com/ksr/avatars/375938/P1010014.medium.jpg?1396189396", 
      "small": "https://s3.amazonaws.com/ksr/avatars/375938/P1010014.small.jpg?1396189396", 
      "thumb": "https://s3.amazonaws.com/ksr/avatars/375938/P1010014.thumb.jpg?1396189396"
    }, 
    "id": 1989389952, 
    "name": "Nick Johnson", 
    "slug": "nickjohnson", 
    "urls": {
      "api": {
        "user": "https://api.kickstarter.com/v1/users/1989389952?signature=1405310130.ff24453574df6199af2fd1803121320d3408ed29"
      }, 
      "web": {
        "user": "https://www.kickstarter.com/profile/nickjohnson"
      }
    }
  }, 
  "currency": "GBP", 
  "currency_symbol": "\u00a3", 
  "currency_trailing_code": false, 
  "deadline": 1399276922, 
  "disable_communication": false, 
  "goal": 6000.0, 
  "id": 1166771229, 
  "launched_at": 1397462522, 
  "location": {
    "country": "GB", 
    "displayable_name": "London, UK", 
    "id": 44418, 
    "name": "London", 
    "short_name": "London, UK", 
    "slug": "london-gb", 
    "state": "England", 
    "urls": {
      "api": {
        "nearby_projects": "https://api.kickstarter.com/v1/discover?signature=1405283922.82a390c7080dcb5af2825d7dc4e2293adc57bbf0&woe_id=44418"
      }, 
      "web": {
        "discover": "https://www.kickstarter.com/discover/places/london-gb", 
        "location": "https://www.kickstarter.com/locations/london-gb"
      }
    }
  }, 
  "name": "Re:Load Pro: A DC active load", 
  "photo": {
    "1024x768": "https://s3.amazonaws.com/ksr/projects/872800/photo-1024x768.jpg?1397868284", 
    "1536x1152": "https://s3.amazonaws.com/ksr/projects/872800/photo-1536x1152.jpg?1397868284", 
    "ed": "https://s3.amazonaws.com/ksr/projects/872800/photo-ed.jpg?1397868284", 
    "full": "https://s3.amazonaws.com/ksr/projects/872800/photo-full.jpg?1397868284", 
    "little": "https://s3.amazonaws.com/ksr/projects/872800/photo-little.jpg?1397868284", 
    "med": "https://s3.amazonaws.com/ksr/projects/872800/photo-med.jpg?1397868284", 
    "small": "https://s3.amazonaws.com/ksr/projects/872800/photo-small.jpg?1397868284", 
    "thumb": "https://s3.amazonaws.com/ksr/projects/872800/photo-thumb.jpg?1397868284"
  }, 
  "pledged": 24270.49, 
  "slug": "re-load-pro-a-dc-active-load", 
  "state": "successful", 
  "state_changed_at": 1399276922, 
  "urls": {
    "web": {
      "project": "https://www.kickstarter.com/projects/nickjohnson/re-load-pro-a-dc-active-load", 
      "rewards": "https://www.kickstarter.com/projects/nickjohnson/re-load-pro-a-dc-active-load/rewards"
    }
  }
}