{
  "backers_count": 18, 
  "blurb": "This app introduces a revolutionary interactive service where music fans can chat one-on-one with the members of their favorite bands!", 
  "category": {
    "id": 51, 
    "name": "Software", 
    "parent_id": 16, 
    "position": 11, 
    "slug": "technology/software", 
    "urls": {
      "web": {
        "discover": "http://www.kickstarter.com/discover/categories/technology/software"
      }
    }
  }, 
  "country": "US", 
  "created_at": 1372463605, 
  "creator": {
    "avatar": {
      "medium": "https://s3.amazonaws.com/ksr/avatars/6034295/598776_10151095969692781_1912224519_n_copy.medium.jpg?1377352396", 
      "small": "https://s3.amazonaws.com/ksr/avatars/6034295/598776_10151095969692781_1912224519_n_copy.small.jpg?1377352396", 
      "thumb": "https://s3.amazonaws.com/ksr/avatars/6034295/598776_10151095969692781_1912224519_n_copy.thumb.jpg?1377352396"
    }, 
    "id": 2106646519, 
    "name": "Sean Garcia", 
    "urls": {
      "api": {
        "user": "https://api.kickstarter.com/v1/users/2106646519?signature=1405310574.04aa1d93d95f63672e1f4b0b15438cc1a37cd611"
      }, 
      "web": {
        "user": "https://www.kickstarter.com/profile/2106646519"
      }
    }
  }, 
  "currency": "USD", 
  "currency_symbol": "$", 
  "currency_trailing_code": true, 
  "deadline": 1379960598, 
  "disable_communication": false, 
  "goal": 15000.0, 
  "id": 1167806817, 
  "launched_at": 1377368598, 
  "location": {
    "country": "US", 
    "displayable_name": "Los Angeles, CA", 
    "id": 2442047, 
    "name": "Los Angeles", 
    "short_name": "Los Angeles, CA", 
    "slug": "los-angeles-ca", 
    "state": "CA", 
    "urls": {
      "api": {
        "nearby_projects": "https://api.kickstarter.com/v1/discover?signature=1405283921.ee3a1133214a755b6f367baa5289215cf97407d4&woe_id=2442047"
      }, 
      "web": {
        "discover": "https://www.kickstarter.com/discover/places/los-angeles-ca", 
        "location": "https://www.kickstarter.com/locations/los-angeles-ca"
      }
    }
  }, 
  "name": "FlippenMusic iPhone/Android App - Live Q&A chat", 
  "photo": {
    "1024x768": "https://s3.amazonaws.com/ksr/projects/604234/photo-1024x768.jpg?1397825732", 
    "1536x1152": "https://s3.amazonaws.com/ksr/projects/604234/photo-1536x1152.jpg?1397825732", 
    "ed": "https://s3.amazonaws.com/ksr/projects/604234/photo-ed.jpg?1397825732", 
    "full": "https://s3.amazonaws.com/ksr/projects/604234/photo-full.jpg?1397825732", 
    "little": "https://s3.amazonaws.com/ksr/projects/604234/photo-little.jpg?1397825732", 
    "med": "https://s3.amazonaws.com/ksr/projects/604234/photo-med.jpg?1397825732", 
    "small": "https://s3.amazonaws.com/ksr/projects/604234/photo-small.jpg?1397825732", 
    "thumb": "https://s3.amazonaws.com/ksr/projects/604234/photo-thumb.jpg?1397825732"
  }, 
  "pledged": 236.0, 
  "slug": "flippenmusic-iphone-android-app-live-qanda-chat", 
  "state": "failed", 
  "state_changed_at": 1379960600, 
  "urls": {
    "web": {
      "project": "https://www.kickstarter.com/projects/2106646519/flippenmusic-iphone-android-app-live-qanda-chat", 
      "rewards": "https://www.kickstarter.com/projects/2106646519/flippenmusic-iphone-android-app-live-qanda-chat/rewards"
    }
  }
}