{
  "backers_count": 4, 
  "blurb": "An LED light to use first thing in the morning, bright white light, great for under kitchen cabinets. I found out that bugs don't like.", 
  "category": {
    "id": 52, 
    "name": "Hardware", 
    "parent_id": 16, 
    "position": 8, 
    "slug": "technology/hardware", 
    "urls": {
      "web": {
        "discover": "http://www.kickstarter.com/discover/categories/technology/hardware"
      }
    }
  }, 
  "country": "US", 
  "created_at": 1394234485, 
  "creator": {
    "avatar": {
      "medium": "https://s3.amazonaws.com/ksr/avatars/9870929/fb_profile_picture.medium.jpg?1394244173", 
      "small": "https://s3.amazonaws.com/ksr/avatars/9870929/fb_profile_picture.small.jpg?1394244173", 
      "thumb": "https://s3.amazonaws.com/ksr/avatars/9870929/fb_profile_picture.thumb.jpg?1394244173"
    }, 
    "id": 365277554, 
    "name": "Darryl Crouthamel", 
    "urls": {
      "api": {
        "user": "https://api.kickstarter.com/v1/users/365277554?signature=1405310568.fd41cad74ed77a4e00450d5091989634ef3dc594"
      }, 
      "web": {
        "user": "https://www.kickstarter.com/profile/365277554"
      }
    }
  }, 
  "currency": "USD", 
  "currency_symbol": "$", 
  "currency_trailing_code": true, 
  "deadline": 1397839183, 
  "disable_communication": false, 
  "goal": 3600.0, 
  "id": 1167419259, 
  "launched_at": 1395247183, 
  "location": {
    "country": "US", 
    "displayable_name": "Cherry Hill, NJ", 
    "id": 2379079, 
    "name": "Cherry Hill", 
    "short_name": "Cherry Hill, NJ", 
    "slug": "cherry-hill-nj", 
    "state": "NJ", 
    "urls": {
      "api": {
        "nearby_projects": "https://api.kickstarter.com/v1/discover?signature=1405284430.521d2441d1ff5e9f2fc482a1e345eeb7294c1e22&woe_id=2379079"
      }, 
      "web": {
        "discover": "https://www.kickstarter.com/discover/places/cherry-hill-nj", 
        "location": "https://www.kickstarter.com/locations/cherry-hill-nj"
      }
    }
  }, 
  "name": "AC2LED, an ultra low power LED lighting (and repels bugs)", 
  "photo": {
    "1024x768": "https://s3.amazonaws.com/ksr/projects/899756/photo-1024x768.jpg?1397871024", 
    "1536x1152": "https://s3.amazonaws.com/ksr/projects/899756/photo-1536x1152.jpg?1397871024", 
    "ed": "https://s3.amazonaws.com/ksr/projects/899756/photo-ed.jpg?1397871024", 
    "full": "https://s3.amazonaws.com/ksr/projects/899756/photo-full.jpg?1397871024", 
    "little": "https://s3.amazonaws.com/ksr/projects/899756/photo-little.jpg?1397871024", 
    "med": "https://s3.amazonaws.com/ksr/projects/899756/photo-med.jpg?1397871024", 
    "small": "https://s3.amazonaws.com/ksr/projects/899756/photo-small.jpg?1397871024", 
    "thumb": "https://s3.amazonaws.com/ksr/projects/899756/photo-thumb.jpg?1397871024"
  }, 
  "pledged": 271.0, 
  "slug": "ac2led-an-ultra-low-power-led-lighting-and-repels", 
  "state": "failed", 
  "state_changed_at": 1397839185, 
  "urls": {
    "web": {
      "project": "https://www.kickstarter.com/projects/365277554/ac2led-an-ultra-low-power-led-lighting-and-repels", 
      "rewards": "https://www.kickstarter.com/projects/365277554/ac2led-an-ultra-low-power-led-lighting-and-repels/rewards"
    }
  }
}