{
  "backers_count": 3, 
  "blurb": "CatchApp allows you to take notes, pictures, videos, voice memos, or start other apps when you reach a location to help you remember.", 
  "category": {
    "id": 16, 
    "name": "Technology", 
    "position": 14, 
    "slug": "technology", 
    "urls": {
      "web": {
        "discover": "http://www.kickstarter.com/discover/categories/technology"
      }
    }
  }, 
  "country": "US", 
  "created_at": 1330622200, 
  "creator": {
    "avatar": {
      "medium": "https://s3.amazonaws.com/ksr/avatars/2136251/fb_profile_picture.medium.jpg?1330622721", 
      "small": "https://s3.amazonaws.com/ksr/avatars/2136251/fb_profile_picture.small.jpg?1330622721", 
      "thumb": "https://s3.amazonaws.com/ksr/avatars/2136251/fb_profile_picture.thumb.jpg?1330622721"
    }, 
    "id": 508015279, 
    "name": "Moritz Fl\u00f6gel", 
    "urls": {
      "api": {
        "user": "https://api.kickstarter.com/v1/users/508015279?signature=1405310652.ce4b4f93622c05403fc702cdfcc0d0041d3336fb"
      }, 
      "web": {
        "user": "https://www.kickstarter.com/profile/508015279"
      }
    }
  }, 
  "currency": "USD", 
  "currency_symbol": "$", 
  "currency_trailing_code": true, 
  "deadline": 1333409530, 
  "disable_communication": false, 
  "goal": 5000.0, 
  "id": 1167090464, 
  "launched_at": 1330821130, 
  "location": {
    "country": "US", 
    "displayable_name": "Boston, MA", 
    "id": 2367105, 
    "name": "Boston", 
    "short_name": "Boston, MA", 
    "slug": "boston-ma", 
    "state": "MA", 
    "urls": {
      "api": {
        "nearby_projects": "https://api.kickstarter.com/v1/discover?signature=1405283922.88e5a521b809a8d6893fb52af930c2e53896acf9&woe_id=2367105"
      }, 
      "web": {
        "discover": "https://www.kickstarter.com/discover/places/boston-ma", 
        "location": "https://www.kickstarter.com/locations/boston-ma"
      }
    }
  }, 
  "name": "CatchApp a better location-based reminder app for iPhone", 
  "photo": {
    "1024x768": "https://s3.amazonaws.com/ksr/projects/83933/photo-1024x768.jpg?1397772417", 
    "1536x1152": "https://s3.amazonaws.com/ksr/projects/83933/photo-1536x1152.jpg?1397772417", 
    "ed": "https://s3.amazonaws.com/ksr/projects/83933/photo-ed.jpg?1397772417", 
    "full": "https://s3.amazonaws.com/ksr/projects/83933/photo-full.jpg?1397772417", 
    "little": "https://s3.amazonaws.com/ksr/projects/83933/photo-little.jpg?1397772417", 
    "med": "https://s3.amazonaws.com/ksr/projects/83933/photo-med.jpg?1397772417", 
    "small": "https://s3.amazonaws.com/ksr/projects/83933/photo-small.jpg?1397772417", 
    "thumb": "https://s3.amazonaws.com/ksr/projects/83933/photo-thumb.jpg?1397772417"
  }, 
  "pledged": 12.0, 
  "slug": "catchapp-a-better-location-based-reminder-app-for", 
  "state": "failed", 
  "state_changed_at": 1333409532, 
  "urls": {
    "web": {
      "project": "https://www.kickstarter.com/projects/508015279/catchapp-a-better-location-based-reminder-app-for", 
      "rewards": "https://www.kickstarter.com/projects/508015279/catchapp-a-better-location-based-reminder-app-for/rewards"
    }
  }
}