{
  "backers_count": 0, 
  "blurb": "Upgrading my desktop computer to learn more about computer building while showing the world what I create as a I learn.", 
  "category": {
    "id": 337, 
    "name": "Gadgets", 
    "parent_id": 16, 
    "position": 7, 
    "slug": "technology/gadgets", 
    "urls": {
      "web": {
        "discover": "http://www.kickstarter.com/discover/categories/technology/gadgets"
      }
    }
  }, 
  "country": "US", 
  "created_at": 1404798321, 
  "creator": {
    "avatar": {
      "medium": "https://s3.amazonaws.com/ksr/avatars/11279236/fb_profile_picture.medium.jpg?1404798314", 
      "small": "https://s3.amazonaws.com/ksr/avatars/11279236/fb_profile_picture.small.jpg?1404798314", 
      "thumb": "https://s3.amazonaws.com/ksr/avatars/11279236/fb_profile_picture.thumb.jpg?1404798314"
    }, 
    "id": 853190831, 
    "name": "Christopher Roy Jones", 
    "urls": {
      "api": {
        "user": "https://api.kickstarter.com/v1/users/853190831?signature=1405310314.66e691abc3ffd5350bc352d3ae8e7b9034350f91"
      }, 
      "web": {
        "user": "https://www.kickstarter.com/profile/853190831"
      }
    }
  }, 
  "currency": "USD", 
  "currency_symbol": "$", 
  "currency_trailing_code": true, 
  "deadline": 1408754807, 
  "disable_communication": false, 
  "goal": 500.0, 
  "id": 116715301, 
  "launched_at": 1404866807, 
  "location": {
    "country": "US", 
    "displayable_name": "Miramar, FL", 
    "id": 2452272, 
    "name": "Miramar", 
    "short_name": "Miramar, FL", 
    "slug": "miramar-fl", 
    "state": "FL", 
    "urls": {
      "api": {
        "nearby_projects": "https://api.kickstarter.com/v1/discover?signature=1405283995.882b8b5a889918da2cfed17e340b56a03742f73a&woe_id=2452272"
      }, 
      "web": {
        "discover": "https://www.kickstarter.com/discover/places/miramar-fl", 
        "location": "https://www.kickstarter.com/locations/miramar-fl"
      }
    }
  }, 
  "name": "Upgrading my self-built desktop computer!", 
  "photo": {
    "1024x768": "https://s3.amazonaws.com/ksr/projects/1088964/photo-1024x768.jpg?1404798360", 
    "1536x1152": "https://s3.amazonaws.com/ksr/projects/1088964/photo-1536x1152.jpg?1404798360", 
    "ed": "https://s3.amazonaws.com/ksr/projects/1088964/photo-ed.jpg?1404798360", 
    "full": "https://s3.amazonaws.com/ksr/projects/1088964/photo-full.jpg?1404798360", 
    "little": "https://s3.amazonaws.com/ksr/projects/1088964/photo-little.jpg?1404798360", 
    "med": "https://s3.amazonaws.com/ksr/projects/1088964/photo-med.jpg?1404798360", 
    "small": "https://s3.amazonaws.com/ksr/projects/1088964/photo-small.jpg?1404798360", 
    "thumb": "https://s3.amazonaws.com/ksr/projects/1088964/photo-thumb.jpg?1404798360"
  }, 
  "pledged": 0.0, 
  "slug": "upgrading-my-self-built-desktop-computer", 
  "state": "live", 
  "state_changed_at": 1404866807, 
  "urls": {
    "web": {
      "project": "https://www.kickstarter.com/projects/853190831/upgrading-my-self-built-desktop-computer", 
      "rewards": "https://www.kickstarter.com/projects/853190831/upgrading-my-self-built-desktop-computer/rewards"
    }
  }
}