{
  "backers_count": 9, 
  "blurb": "Messaging Localized!", 
  "category": {
    "id": 16, 
    "name": "Technology", 
    "position": 14, 
    "slug": "technology", 
    "urls": {
      "web": {
        "discover": "http://www.kickstarter.com/discover/categories/technology"
      }
    }
  }, 
  "country": "US", 
  "created_at": 1354503884, 
  "creator": {
    "avatar": {
      "medium": "https://s3.amazonaws.com/ksr/avatars/4836680/me.medium.jpg?1377549237", 
      "small": "https://s3.amazonaws.com/ksr/avatars/4836680/me.small.jpg?1377549237", 
      "thumb": "https://s3.amazonaws.com/ksr/avatars/4836680/me.thumb.jpg?1377549237"
    }, 
    "id": 1689814181, 
    "name": "Durga Dash", 
    "urls": {
      "api": {
        "user": "https://api.kickstarter.com/v1/users/1689814181?signature=1405310579.c27143e1133d1b76e2a935b6ff604e38846a8a40"
      }, 
      "web": {
        "user": "https://www.kickstarter.com/profile/1689814181"
      }
    }
  }, 
  "currency": "USD", 
  "currency_symbol": "$", 
  "currency_trailing_code": true, 
  "deadline": 1381066087, 
  "disable_communication": false, 
  "goal": 30000.0, 
  "id": 116823135, 
  "launched_at": 1378474087, 
  "location": {
    "country": "US", 
    "displayable_name": "Irving, TX", 
    "id": 2427690, 
    "name": "Irving", 
    "short_name": "Irving, TX", 
    "slug": "irving-tx", 
    "state": "TX", 
    "urls": {
      "api": {
        "nearby_projects": "https://api.kickstarter.com/v1/discover?signature=1405283974.d20998aac91ad95029d815989a35419a07853d63&woe_id=2427690"
      }, 
      "web": {
        "discover": "https://www.kickstarter.com/discover/places/irving-tx", 
        "location": "https://www.kickstarter.com/locations/irving-tx"
      }
    }
  }, 
  "name": "SwarmLocal. Anonymous Proximity. (Canceled)", 
  "photo": {
    "1024x768": "https://s3.amazonaws.com/ksr/projects/405100/photo-1024x768.jpg?1397804491", 
    "1536x1152": "https://s3.amazonaws.com/ksr/projects/405100/photo-1536x1152.jpg?1397804491", 
    "ed": "https://s3.amazonaws.com/ksr/projects/405100/photo-ed.jpg?1397804491", 
    "full": "https://s3.amazonaws.com/ksr/projects/405100/photo-full.jpg?1397804491", 
    "little": "https://s3.amazonaws.com/ksr/projects/405100/photo-little.jpg?1397804491", 
    "med": "https://s3.amazonaws.com/ksr/projects/405100/photo-med.jpg?1397804491", 
    "small": "https://s3.amazonaws.com/ksr/projects/405100/photo-small.jpg?1397804491", 
    "thumb": "https://s3.amazonaws.com/ksr/projects/405100/photo-thumb.jpg?1397804491"
  }, 
  "pledged": 207.0, 
  "slug": "swarmlocal-anonymous-proximity", 
  "state": "canceled", 
  "state_changed_at": 1380247016, 
  "urls": {
    "web": {
      "project": "https://www.kickstarter.com/projects/1689814181/swarmlocal-anonymous-proximity", 
      "rewards": "https://www.kickstarter.com/projects/1689814181/swarmlocal-anonymous-proximity/rewards"
    }
  }
}