{
  "backers_count": 0, 
  "blurb": "Million Dollar Homepage, eat your HEART out! Sponsor a link for love - Pledge for HarborLove.com!", 
  "category": {
    "id": 51, 
    "name": "Software", 
    "parent_id": 16, 
    "position": 11, 
    "slug": "technology/software", 
    "urls": {
      "web": {
        "discover": "http://www.kickstarter.com/discover/categories/technology/software"
      }
    }
  }, 
  "country": "US", 
  "created_at": 1289375657, 
  "creator": {
    "avatar": {
      "medium": "https://www.kickstarter.com/assets/users/missing_medium.png", 
      "small": "https://www.kickstarter.com/assets/users/missing_small.png", 
      "thumb": "https://www.kickstarter.com/assets/users/missing_thumb.png"
    }, 
    "id": 119871020, 
    "name": "Frettsy (deleted)", 
    "slug": "frettsy", 
    "urls": {
      "api": {
        "user": "https://api.kickstarter.com/v1/users/119871020?signature=1405310689.0ba53df7c49be1e284a77ba3ed6f4a8609d26715"
      }, 
      "web": {
        "user": "https://www.kickstarter.com/profile/frettsy"
      }
    }
  }, 
  "currency": "USD", 
  "currency_symbol": "$", 
  "currency_trailing_code": true, 
  "deadline": 1291975332, 
  "disable_communication": false, 
  "goal": 500.0, 
  "id": 1168322908, 
  "launched_at": 1289383332, 
  "location": {
    "country": "US", 
    "displayable_name": "Richmond, VA", 
    "id": 2480894, 
    "name": "Richmond", 
    "short_name": "Richmond, VA", 
    "slug": "richmond-va", 
    "state": "VA", 
    "urls": {
      "api": {
        "nearby_projects": "https://api.kickstarter.com/v1/discover?signature=1405283926.ace13910edf304cfc56ec204f2a4baf6dcbad73a&woe_id=2480894"
      }, 
      "web": {
        "discover": "https://www.kickstarter.com/discover/places/richmond-va", 
        "location": "https://www.kickstarter.com/locations/richmond-va"
      }
    }
  }, 
  "name": "Harbor Love: A Website for Lovers", 
  "photo": {
    "1024x768": "https://s3.amazonaws.com/ksr/projects/15305/photo-1024x768.jpg?1397759720", 
    "1536x1152": "https://s3.amazonaws.com/ksr/projects/15305/photo-1536x1152.jpg?1397759720", 
    "ed": "https://s3.amazonaws.com/ksr/projects/15305/photo-ed.jpg?1397759720", 
    "full": "https://s3.amazonaws.com/ksr/projects/15305/photo-full.jpg?1397759720", 
    "little": "https://s3.amazonaws.com/ksr/projects/15305/photo-little.jpg?1397759720", 
    "med": "https://s3.amazonaws.com/ksr/projects/15305/photo-med.jpg?1397759720", 
    "small": "https://s3.amazonaws.com/ksr/projects/15305/photo-small.jpg?1397759720", 
    "thumb": "https://s3.amazonaws.com/ksr/projects/15305/photo-thumb.jpg?1397759720"
  }, 
  "pledged": 0.0, 
  "slug": "harbor-love-a-website-for-lovers", 
  "state": "failed", 
  "state_changed_at": 1291976110, 
  "urls": {
    "web": {
      "project": "https://www.kickstarter.com/projects/frettsy/harbor-love-a-website-for-lovers", 
      "rewards": "https://www.kickstarter.com/projects/frettsy/harbor-love-a-website-for-lovers/rewards"
    }
  }
}