{
  "backers_count": 21, 
  "blurb": "Isaac is 13, and has always demonstrated creativity with what he has. He's keenly interested in moving to quadcopters + Raspberry PI", 
  "category": {
    "id": 338, 
    "name": "Robots", 
    "parent_id": 16, 
    "position": 10, 
    "slug": "technology/robots", 
    "urls": {
      "web": {
        "discover": "http://www.kickstarter.com/discover/categories/technology/robots"
      }
    }
  }, 
  "country": "US", 
  "created_at": 1398205530, 
  "creator": {
    "avatar": {
      "medium": "https://s3.amazonaws.com/ksr/avatars/10222727/family.medium.jpg?1398208601", 
      "small": "https://s3.amazonaws.com/ksr/avatars/10222727/family.small.jpg?1398208601", 
      "thumb": "https://s3.amazonaws.com/ksr/avatars/10222727/family.thumb.jpg?1398208601"
    }, 
    "id": 1966705864, 
    "name": "Kent Dahlgren", 
    "urls": {
      "api": {
        "user": "https://api.kickstarter.com/v1/users/1966705864?signature=1405310251.cbe5909d7c3e87cee39f3d38d19d159139c2f71b"
      }, 
      "web": {
        "user": "https://www.kickstarter.com/profile/1966705864"
      }
    }
  }, 
  "currency": "USD", 
  "currency_symbol": "$", 
  "currency_trailing_code": true, 
  "deadline": 1401296828, 
  "disable_communication": false, 
  "goal": 2000.0, 
  "id": 1169135031, 
  "launched_at": 1398704850, 
  "location": {
    "country": "US", 
    "displayable_name": "Portland, OR", 
    "id": 2475687, 
    "name": "Portland", 
    "short_name": "Portland, OR", 
    "slug": "portland-or", 
    "state": "OR", 
    "urls": {
      "api": {
        "nearby_projects": "https://api.kickstarter.com/v1/discover?signature=1405283921.74048cb16cf05090d8ce00b701410b6f8aeb437d&woe_id=2475687"
      }, 
      "web": {
        "discover": "https://www.kickstarter.com/discover/places/portland-or", 
        "location": "https://www.kickstarter.com/locations/portland-or"
      }
    }
  }, 
  "name": "Help (13 yo) Isaac marry Raspberry PI to Quadcopter", 
  "photo": {
    "1024x768": "https://s3.amazonaws.com/ksr/projects/966111/photo-1024x768.jpg?1398207658", 
    "1536x1152": "https://s3.amazonaws.com/ksr/projects/966111/photo-1536x1152.jpg?1398207658", 
    "ed": "https://s3.amazonaws.com/ksr/projects/966111/photo-ed.jpg?1398207658", 
    "full": "https://s3.amazonaws.com/ksr/projects/966111/photo-full.jpg?1398207658", 
    "little": "https://s3.amazonaws.com/ksr/projects/966111/photo-little.jpg?1398207658", 
    "med": "https://s3.amazonaws.com/ksr/projects/966111/photo-med.jpg?1398207658", 
    "small": "https://s3.amazonaws.com/ksr/projects/966111/photo-small.jpg?1398207658", 
    "thumb": "https://s3.amazonaws.com/ksr/projects/966111/photo-thumb.jpg?1398207658"
  }, 
  "pledged": 2036.0, 
  "slug": "help-13-yo-isaac-marry-raspberry-pi-to-quadcopter", 
  "state": "successful", 
  "state_changed_at": 1401296828, 
  "urls": {
    "web": {
      "project": "https://www.kickstarter.com/projects/1966705864/help-13-yo-isaac-marry-raspberry-pi-to-quadcopter", 
      "rewards": "https://www.kickstarter.com/projects/1966705864/help-13-yo-isaac-marry-raspberry-pi-to-quadcopter/rewards"
    }
  }
}