{
  "backers_count": 165, 
  "blurb": "World's First Smartdock controlled by APP on your smartphone. Works with Tablets, iPhone 6 5S 5C 5 4, Samsung, HTC, Windows Phone", 
  "category": {
    "id": 52, 
    "name": "Hardware", 
    "parent_id": 16, 
    "position": 8, 
    "slug": "technology/hardware", 
    "urls": {
      "web": {
        "discover": "http://www.kickstarter.com/discover/categories/technology/hardware"
      }
    }
  }, 
  "country": "GB", 
  "created_at": 1393271830, 
  "creator": {
    "avatar": {
      "medium": "https://s3.amazonaws.com/ksr/avatars/9750839/m.medium.jpg?1393971412", 
      "small": "https://s3.amazonaws.com/ksr/avatars/9750839/m.small.jpg?1393971412", 
      "thumb": "https://s3.amazonaws.com/ksr/avatars/9750839/m.thumb.jpg?1393971412"
    }, 
    "id": 1718324235, 
    "name": "Rocket Sound Systems", 
    "urls": {
      "api": {
        "user": "https://api.kickstarter.com/v1/users/1718324235?signature=1405310180.904a14b2c39165215eecb5dfc76e87ff251337e9"
      }, 
      "web": {
        "user": "https://www.kickstarter.com/profile/1718324235"
      }
    }
  }, 
  "currency": "GBP", 
  "currency_symbol": "\u00a3", 
  "currency_trailing_code": false, 
  "deadline": 1403013594, 
  "disable_communication": false, 
  "goal": 5000.0, 
  "id": 1169394911, 
  "launched_at": 1399989594, 
  "location": {
    "country": "GB", 
    "displayable_name": "London, UK", 
    "id": 44418, 
    "name": "London", 
    "short_name": "London, UK", 
    "slug": "london-gb", 
    "state": "England", 
    "urls": {
      "api": {
        "nearby_projects": "https://api.kickstarter.com/v1/discover?signature=1405283922.82a390c7080dcb5af2825d7dc4e2293adc57bbf0&woe_id=44418"
      }, 
      "web": {
        "discover": "https://www.kickstarter.com/discover/places/london-gb", 
        "location": "https://www.kickstarter.com/locations/london-gb"
      }
    }
  }, 
  "name": "STAGE 5 Dock - First Smartdock for Iphone, Android & Tablets", 
  "photo": {
    "1024x768": "https://s3.amazonaws.com/ksr/projects/883313/photo-1024x768.jpg?1403010948", 
    "1536x1152": "https://s3.amazonaws.com/ksr/projects/883313/photo-1536x1152.jpg?1403010948", 
    "ed": "https://s3.amazonaws.com/ksr/projects/883313/photo-ed.jpg?1403010948", 
    "full": "https://s3.amazonaws.com/ksr/projects/883313/photo-full.jpg?1403010948", 
    "little": "https://s3.amazonaws.com/ksr/projects/883313/photo-little.jpg?1403010948", 
    "med": "https://s3.amazonaws.com/ksr/projects/883313/photo-med.jpg?1403010948", 
    "small": "https://s3.amazonaws.com/ksr/projects/883313/photo-small.jpg?1403010948", 
    "thumb": "https://s3.amazonaws.com/ksr/projects/883313/photo-thumb.jpg?1403010948"
  }, 
  "pledged": 8458.0, 
  "slug": "stage-5-dock-first-smartdock-for-iphone-android-an", 
  "state": "successful", 
  "state_changed_at": 1403013611, 
  "urls": {
    "web": {
      "project": "https://www.kickstarter.com/projects/1718324235/stage-5-dock-first-smartdock-for-iphone-android-an", 
      "rewards": "https://www.kickstarter.com/projects/1718324235/stage-5-dock-first-smartdock-for-iphone-android-an/rewards"
    }
  }
}