{
  "backers_count": 11, 
  "blurb": "Tooling needed for production of our Virtual Power Plant", 
  "category": {
    "id": 16, 
    "name": "Technology", 
    "position": 14, 
    "slug": "technology", 
    "urls": {
      "web": {
        "discover": "http://www.kickstarter.com/discover/categories/technology"
      }
    }
  }, 
  "country": "US", 
  "created_at": 1351640038, 
  "creator": {
    "avatar": {
      "medium": "https://www.kickstarter.com/assets/users/missing_medium.png", 
      "small": "https://www.kickstarter.com/assets/users/missing_small.png", 
      "thumb": "https://www.kickstarter.com/assets/users/missing_thumb.png"
    }, 
    "id": 1918272883, 
    "name": "Green Realities LLC", 
    "urls": {
      "api": {
        "user": "https://api.kickstarter.com/v1/users/1918272883?signature=1405310554.753c211845df9f6949a2e788ae5561a6eeefeb44"
      }, 
      "web": {
        "user": "https://www.kickstarter.com/profile/1918272883"
      }
    }
  }, 
  "currency": "USD", 
  "currency_symbol": "$", 
  "currency_trailing_code": true, 
  "deadline": 1360609097, 
  "disable_communication": false, 
  "goal": 65000.0, 
  "id": 1169591703, 
  "launched_at": 1358621897, 
  "location": {
    "country": "US", 
    "displayable_name": "Escondido, CA", 
    "id": 2400183, 
    "name": "Escondido", 
    "short_name": "Escondido, CA", 
    "slug": "escondido-ca", 
    "state": "CA", 
    "urls": {
      "api": {
        "nearby_projects": "https://api.kickstarter.com/v1/discover?signature=1405283974.036762d1ec941e3b033e6acea17c49890eff90e8&woe_id=2400183"
      }, 
      "web": {
        "discover": "https://www.kickstarter.com/discover/places/escondido-ca", 
        "location": "https://www.kickstarter.com/locations/escondido-ca"
      }
    }
  }, 
  "name": "VIRTUAL POWER PLANT - Renewable Energy & Cooling", 
  "photo": {
    "1024x768": "https://s3.amazonaws.com/ksr/projects/379504/photo-1024x768.jpg?1397801751", 
    "1536x1152": "https://s3.amazonaws.com/ksr/projects/379504/photo-1536x1152.jpg?1397801751", 
    "ed": "https://s3.amazonaws.com/ksr/projects/379504/photo-ed.jpg?1397801751", 
    "full": "https://s3.amazonaws.com/ksr/projects/379504/photo-full.jpg?1397801751", 
    "little": "https://s3.amazonaws.com/ksr/projects/379504/photo-little.jpg?1397801751", 
    "med": "https://s3.amazonaws.com/ksr/projects/379504/photo-med.jpg?1397801751", 
    "small": "https://s3.amazonaws.com/ksr/projects/379504/photo-small.jpg?1397801751", 
    "thumb": "https://s3.amazonaws.com/ksr/projects/379504/photo-thumb.jpg?1397801751"
  }, 
  "pledged": 374.0, 
  "slug": "virtual-power-plant-renewable-energy-and-cooling", 
  "state": "failed", 
  "state_changed_at": 1360609099, 
  "urls": {
    "web": {
      "project": "https://www.kickstarter.com/projects/1918272883/virtual-power-plant-renewable-energy-and-cooling", 
      "rewards": "https://www.kickstarter.com/projects/1918272883/virtual-power-plant-renewable-energy-and-cooling/rewards"
    }
  }
}