{
  "backers_count": 413, 
  "blurb": "Tangeez are light-up building blocks that change color as you stack them.  Create spectrums of color that change as you rearrange.", 
  "category": {
    "id": 337, 
    "name": "Gadgets", 
    "parent_id": 16, 
    "position": 7, 
    "slug": "technology/gadgets", 
    "urls": {
      "web": {
        "discover": "http://www.kickstarter.com/discover/categories/technology/gadgets"
      }
    }
  }, 
  "country": "US", 
  "created_at": 1368979365, 
  "creator": {
    "avatar": {
      "medium": "https://s3.amazonaws.com/ksr/avatars/6633977/TEAM.medium.jpg?1379419255", 
      "small": "https://s3.amazonaws.com/ksr/avatars/6633977/TEAM.small.jpg?1379419255", 
      "thumb": "https://s3.amazonaws.com/ksr/avatars/6633977/TEAM.thumb.jpg?1379419255"
    }, 
    "id": 2103326826, 
    "name": "Emily Webster & Mustafa Bagdatli", 
    "urls": {
      "api": {
        "user": "https://api.kickstarter.com/v1/users/2103326826?signature=1405310028.3ddba1751eeec093237734a165ef24722da664cf"
      }, 
      "web": {
        "user": "https://www.kickstarter.com/profile/2103326826"
      }
    }
  }, 
  "currency": "USD", 
  "currency_symbol": "$", 
  "currency_trailing_code": true, 
  "deadline": 1382304865, 
  "disable_communication": false, 
  "goal": 49000.0, 
  "id": 1169323416, 
  "launched_at": 1379712865, 
  "location": {
    "country": "US", 
    "displayable_name": "Brooklyn, NY", 
    "id": 12589335, 
    "name": "Brooklyn", 
    "short_name": "Brooklyn, NY", 
    "slug": "brooklyn-ny", 
    "state": "NY", 
    "urls": {
      "api": {
        "nearby_projects": "https://api.kickstarter.com/v1/discover?signature=1405283922.3a1f777a5dd590d87316858ddc36b00ab619dde8&woe_id=12589335"
      }, 
      "web": {
        "discover": "https://www.kickstarter.com/discover/places/brooklyn-ny", 
        "location": "https://www.kickstarter.com/locations/brooklyn-ny"
      }
    }
  }, 
  "name": "Tangeez - Tangible Lights", 
  "photo": {
    "1024x768": "https://s3.amazonaws.com/ksr/projects/562000/photo-1024x768.jpg?1397821197", 
    "1536x1152": "https://s3.amazonaws.com/ksr/projects/562000/photo-1536x1152.jpg?1397821197", 
    "ed": "https://s3.amazonaws.com/ksr/projects/562000/photo-ed.jpg?1397821197", 
    "full": "https://s3.amazonaws.com/ksr/projects/562000/photo-full.jpg?1397821197", 
    "little": "https://s3.amazonaws.com/ksr/projects/562000/photo-little.jpg?1397821197", 
    "med": "https://s3.amazonaws.com/ksr/projects/562000/photo-med.jpg?1397821197", 
    "small": "https://s3.amazonaws.com/ksr/projects/562000/photo-small.jpg?1397821197", 
    "thumb": "https://s3.amazonaws.com/ksr/projects/562000/photo-thumb.jpg?1397821197"
  }, 
  "pledged": 51371.0, 
  "slug": "tangeez-tangible-lights", 
  "state": "successful", 
  "state_changed_at": 1382304867, 
  "urls": {
    "web": {
      "project": "https://www.kickstarter.com/projects/2103326826/tangeez-tangible-lights", 
      "rewards": "https://www.kickstarter.com/projects/2103326826/tangeez-tangible-lights/rewards"
    }
  }
}