{
  "backers_count": 98, 
  "blurb": "An Online Education Company dedicated to training Yoga Teachers and Yoga Professionals.", 
  "category": {
    "id": 51, 
    "name": "Software", 
    "parent_id": 16, 
    "position": 11, 
    "slug": "technology/software", 
    "urls": {
      "web": {
        "discover": "http://www.kickstarter.com/discover/categories/technology/software"
      }
    }
  }, 
  "country": "US", 
  "created_at": 1398358784, 
  "creator": {
    "avatar": {
      "medium": "https://s3.amazonaws.com/ksr/avatars/10411248/photo-7.medium.jpg?1400685795", 
      "small": "https://s3.amazonaws.com/ksr/avatars/10411248/photo-7.small.jpg?1400685795", 
      "thumb": "https://s3.amazonaws.com/ksr/avatars/10411248/photo-7.thumb.jpg?1400685795"
    }, 
    "id": 1989173322, 
    "name": "Magnolia Barrett", 
    "urls": {
      "api": {
        "user": "https://api.kickstarter.com/v1/users/1989173322?signature=1405310219.9554131977a2377fe5173e7bbda3e58686d4bebe"
      }, 
      "web": {
        "user": "https://www.kickstarter.com/profile/1989173322"
      }
    }
  }, 
  "currency": "USD", 
  "currency_symbol": "$", 
  "currency_trailing_code": true, 
  "deadline": 1404577012, 
  "disable_communication": false, 
  "goal": 4500.0, 
  "id": 1169560754, 
  "launched_at": 1401985012, 
  "location": {
    "country": "US", 
    "displayable_name": "Portsmouth, NH", 
    "id": 2475749, 
    "name": "Portsmouth", 
    "short_name": "Portsmouth, NH", 
    "slug": "portsmouth-nh", 
    "state": "NH", 
    "urls": {
      "api": {
        "nearby_projects": "https://api.kickstarter.com/v1/discover?signature=1405283939.0fa437d1b834351aa9fe8699227e325ab0e6fd80&woe_id=2475749"
      }, 
      "web": {
        "discover": "https://www.kickstarter.com/discover/places/portsmouth-nh", 
        "location": "https://www.kickstarter.com/locations/portsmouth-nh"
      }
    }
  }, 
  "name": "Namaste Training Solutions", 
  "photo": {
    "1024x768": "https://s3.amazonaws.com/ksr/projects/969341/photo-1024x768.jpg?1404485487", 
    "1536x1152": "https://s3.amazonaws.com/ksr/projects/969341/photo-1536x1152.jpg?1404485487", 
    "ed": "https://s3.amazonaws.com/ksr/projects/969341/photo-ed.jpg?1404485487", 
    "full": "https://s3.amazonaws.com/ksr/projects/969341/photo-full.jpg?1404485487", 
    "little": "https://s3.amazonaws.com/ksr/projects/969341/photo-little.jpg?1404485487", 
    "med": "https://s3.amazonaws.com/ksr/projects/969341/photo-med.jpg?1404485487", 
    "small": "https://s3.amazonaws.com/ksr/projects/969341/photo-small.jpg?1404485487", 
    "thumb": "https://s3.amazonaws.com/ksr/projects/969341/photo-thumb.jpg?1404485487"
  }, 
  "pledged": 4855.0, 
  "slug": "namaste-training-solutions", 
  "state": "successful", 
  "state_changed_at": 1404577012, 
  "urls": {
    "web": {
      "project": "https://www.kickstarter.com/projects/1989173322/namaste-training-solutions", 
      "rewards": "https://www.kickstarter.com/projects/1989173322/namaste-training-solutions/rewards"
    }
  }
}