{
  "backers_count": 362, 
  "blurb": "An innovative, portable tool run from apps on smartphones, tablets or PCs. Push-button CNC technology for jobsites and DIY projects!", 
  "category": {
    "id": 335, 
    "name": "Fabrication Tools", 
    "parent_id": 16, 
    "position": 5, 
    "slug": "technology/fabrication tools", 
    "urls": {
      "web": {
        "discover": "http://www.kickstarter.com/discover/categories/technology/fabrication%20tools"
      }
    }
  }, 
  "country": "US", 
  "created_at": 1371399526, 
  "creator": {
    "avatar": {
      "medium": "https://s3.amazonaws.com/ksr/avatars/6982635/solid_01.medium.jpg?1371599456", 
      "small": "https://s3.amazonaws.com/ksr/avatars/6982635/solid_01.small.jpg?1371599456", 
      "thumb": "https://s3.amazonaws.com/ksr/avatars/6982635/solid_01.thumb.jpg?1371599456"
    }, 
    "id": 1320575205, 
    "name": "ShopBot Tools", 
    "urls": {
      "api": {
        "user": "https://api.kickstarter.com/v1/users/1320575205?signature=1405310036.f662783e385bd50d187110d70eedad5422aa7579"
      }, 
      "web": {
        "user": "https://www.kickstarter.com/profile/1320575205"
      }
    }
  }, 
  "currency": "USD", 
  "currency_symbol": "$", 
  "currency_trailing_code": true, 
  "deadline": 1375311600, 
  "disable_communication": false, 
  "goal": 125000.0, 
  "id": 1169192398, 
  "launched_at": 1372350325, 
  "location": {
    "country": "US", 
    "displayable_name": "Durham, NC", 
    "id": 2394734, 
    "name": "Durham", 
    "short_name": "Durham, NC", 
    "slug": "durham-nc", 
    "state": "NC", 
    "urls": {
      "api": {
        "nearby_projects": "https://api.kickstarter.com/v1/discover?signature=1405283943.27644e926f03545bb6fe49c56cb37fc67222d749&woe_id=2394734"
      }, 
      "web": {
        "discover": "https://www.kickstarter.com/discover/places/durham-nc", 
        "location": "https://www.kickstarter.com/locations/durham-nc"
      }
    }
  }, 
  "name": "Handibot\u2122: A Smart Digital Power Tool", 
  "photo": {
    "1024x768": "https://s3.amazonaws.com/ksr/projects/591205/photo-1024x768.jpg?1397824322", 
    "1536x1152": "https://s3.amazonaws.com/ksr/projects/591205/photo-1536x1152.jpg?1397824322", 
    "ed": "https://s3.amazonaws.com/ksr/projects/591205/photo-ed.jpg?1397824322", 
    "full": "https://s3.amazonaws.com/ksr/projects/591205/photo-full.jpg?1397824322", 
    "little": "https://s3.amazonaws.com/ksr/projects/591205/photo-little.jpg?1397824322", 
    "med": "https://s3.amazonaws.com/ksr/projects/591205/photo-med.jpg?1397824322", 
    "small": "https://s3.amazonaws.com/ksr/projects/591205/photo-small.jpg?1397824322", 
    "thumb": "https://s3.amazonaws.com/ksr/projects/591205/photo-thumb.jpg?1397824322"
  }, 
  "pledged": 349498.79, 
  "slug": "handibottm-a-smart-digital-power-tool", 
  "state": "successful", 
  "state_changed_at": 1375311631, 
  "urls": {
    "web": {
      "project": "https://www.kickstarter.com/projects/1320575205/handibottm-a-smart-digital-power-tool", 
      "rewards": "https://www.kickstarter.com/projects/1320575205/handibottm-a-smart-digital-power-tool/rewards"
    }
  }
}