{
  "backers_count": 18, 
  "blurb": "Meal Mapper transforms meal planning into a simple set of grocery lists, cooking instructions, and automates nutritional tracking.", 
  "category": {
    "id": 51, 
    "name": "Software", 
    "parent_id": 16, 
    "position": 11, 
    "slug": "technology/software", 
    "urls": {
      "web": {
        "discover": "http://www.kickstarter.com/discover/categories/technology/software"
      }
    }
  }, 
  "country": "US", 
  "created_at": 1383852311, 
  "creator": {
    "avatar": {
      "medium": "https://s3.amazonaws.com/ksr/avatars/8641791/logo.medium.jpg?1383870945", 
      "small": "https://s3.amazonaws.com/ksr/avatars/8641791/logo.small.jpg?1383870945", 
      "thumb": "https://s3.amazonaws.com/ksr/avatars/8641791/logo.thumb.jpg?1383870945"
    }, 
    "id": 51459331, 
    "name": "Step 49", 
    "urls": {
      "api": {
        "user": "https://api.kickstarter.com/v1/users/51459331?signature=1405310516.79949314a61833df4044a1f14ca396477f394dde"
      }, 
      "web": {
        "user": "https://www.kickstarter.com/profile/51459331"
      }
    }
  }, 
  "currency": "USD", 
  "currency_symbol": "$", 
  "currency_trailing_code": true, 
  "deadline": 1391213514, 
  "disable_communication": false, 
  "goal": 10000.0, 
  "id": 1169444321, 
  "launched_at": 1386029514, 
  "location": {
    "country": "US", 
    "displayable_name": "San Jose, CA", 
    "id": 2488042, 
    "name": "San Jose", 
    "short_name": "San Jose, CA", 
    "slug": "san-jose-ca", 
    "state": "CA", 
    "urls": {
      "api": {
        "nearby_projects": "https://api.kickstarter.com/v1/discover?signature=1405283925.2ce4396cf27276664beee3de6d4e234fb1809980&woe_id=2488042"
      }, 
      "web": {
        "discover": "https://www.kickstarter.com/discover/places/san-jose-ca", 
        "location": "https://www.kickstarter.com/locations/san-jose-ca"
      }
    }
  }, 
  "name": "Intelligent Meal Planning App for Health-Conscious People", 
  "photo": {
    "1024x768": "https://s3.amazonaws.com/ksr/projects/750879/photo-1024x768.jpg?1397855232", 
    "1536x1152": "https://s3.amazonaws.com/ksr/projects/750879/photo-1536x1152.jpg?1397855232", 
    "ed": "https://s3.amazonaws.com/ksr/projects/750879/photo-ed.jpg?1397855232", 
    "full": "https://s3.amazonaws.com/ksr/projects/750879/photo-full.jpg?1397855232", 
    "little": "https://s3.amazonaws.com/ksr/projects/750879/photo-little.jpg?1397855232", 
    "med": "https://s3.amazonaws.com/ksr/projects/750879/photo-med.jpg?1397855232", 
    "small": "https://s3.amazonaws.com/ksr/projects/750879/photo-small.jpg?1397855232", 
    "thumb": "https://s3.amazonaws.com/ksr/projects/750879/photo-thumb.jpg?1397855232"
  }, 
  "pledged": 761.0, 
  "slug": "intelligent-meal-planning-app-for-health-conscious", 
  "state": "failed", 
  "state_changed_at": 1391213518, 
  "urls": {
    "web": {
      "project": "https://www.kickstarter.com/projects/51459331/intelligent-meal-planning-app-for-health-conscious", 
      "rewards": "https://www.kickstarter.com/projects/51459331/intelligent-meal-planning-app-for-health-conscious/rewards"
    }
  }
}