{
  "backers_count": 292, 
  "blurb": "Xcope is immersive virtual reality, augmented reality, movies, games and more.  If it's on your smartphone, it's on Xcope.", 
  "category": {
    "id": 52, 
    "name": "Hardware", 
    "parent_id": 16, 
    "position": 8, 
    "slug": "technology/hardware", 
    "urls": {
      "web": {
        "discover": "http://www.kickstarter.com/discover/categories/technology/hardware"
      }
    }
  }, 
  "country": "US", 
  "created_at": 1376418632, 
  "creator": {
    "avatar": {
      "medium": "https://s3.amazonaws.com/ksr/avatars/1720478/xlogo.medium.jpg?1373729278", 
      "small": "https://s3.amazonaws.com/ksr/avatars/1720478/xlogo.small.jpg?1373729278", 
      "thumb": "https://s3.amazonaws.com/ksr/avatars/1720478/xlogo.thumb.jpg?1373729278"
    }, 
    "id": 1618235783, 
    "name": "Xyson Labs", 
    "urls": {
      "api": {
        "user": "https://api.kickstarter.com/v1/users/1618235783?signature=1405310356.936cc8737c9555391f5070012da068e087d7bd98"
      }, 
      "web": {
        "user": "https://www.kickstarter.com/profile/1618235783"
      }
    }
  }, 
  "currency": "USD", 
  "currency_symbol": "$", 
  "currency_trailing_code": true, 
  "deadline": 1386092935, 
  "disable_communication": false, 
  "goal": 50000.0, 
  "id": 1169084126, 
  "launched_at": 1383932935, 
  "location": {
    "country": "US", 
    "displayable_name": "Millville, NJ", 
    "id": 2451668, 
    "name": "Millville", 
    "short_name": "Millville, NJ", 
    "slug": "millville-nj", 
    "state": "NJ", 
    "urls": {
      "api": {
        "nearby_projects": "https://api.kickstarter.com/v1/discover?signature=1405284001.96d65d14e234ced8e013969d3350f3a82e261080&woe_id=2451668"
      }, 
      "web": {
        "discover": "https://www.kickstarter.com/discover/places/millville-nj", 
        "location": "https://www.kickstarter.com/locations/millville-nj"
      }
    }
  }, 
  "name": "Xcope: Virtual & Augmented Reality Headset for Smartphones", 
  "photo": {
    "1024x768": "https://s3.amazonaws.com/ksr/projects/649105/photo-1024x768.jpg?1397830700", 
    "1536x1152": "https://s3.amazonaws.com/ksr/projects/649105/photo-1536x1152.jpg?1397830700", 
    "ed": "https://s3.amazonaws.com/ksr/projects/649105/photo-ed.jpg?1397830700", 
    "full": "https://s3.amazonaws.com/ksr/projects/649105/photo-full.jpg?1397830700", 
    "little": "https://s3.amazonaws.com/ksr/projects/649105/photo-little.jpg?1397830700", 
    "med": "https://s3.amazonaws.com/ksr/projects/649105/photo-med.jpg?1397830700", 
    "small": "https://s3.amazonaws.com/ksr/projects/649105/photo-small.jpg?1397830700", 
    "thumb": "https://s3.amazonaws.com/ksr/projects/649105/photo-thumb.jpg?1397830700"
  }, 
  "pledged": 17511.0, 
  "slug": "xcope-virtual-and-augmented-reality-headset-for-sm", 
  "state": "failed", 
  "state_changed_at": 1386092936, 
  "urls": {
    "web": {
      "project": "https://www.kickstarter.com/projects/1618235783/xcope-virtual-and-augmented-reality-headset-for-sm", 
      "rewards": "https://www.kickstarter.com/projects/1618235783/xcope-virtual-and-augmented-reality-headset-for-sm/rewards"
    }
  }
}