{
  "backers_count": 0, 
  "blurb": "We're a local site focusing on handmade goods -- think a combination of Etsy and Craigslist. Launching at joyfuloyster.com soon!", 
  "category": {
    "id": 16, 
    "name": "Technology", 
    "position": 14, 
    "slug": "technology", 
    "urls": {
      "web": {
        "discover": "http://www.kickstarter.com/discover/categories/technology"
      }
    }
  }, 
  "country": "US", 
  "created_at": 1321324168, 
  "creator": {
    "avatar": {
      "medium": "https://s3.amazonaws.com/ksr/avatars/973960/SI853116.medium.jpg?1307577262", 
      "small": "https://s3.amazonaws.com/ksr/avatars/973960/SI853116.small.jpg?1307577262", 
      "thumb": "https://s3.amazonaws.com/ksr/avatars/973960/SI853116.thumb.jpg?1307577262"
    }, 
    "id": 1145481511, 
    "name": "Grant Maynard", 
    "urls": {
      "api": {
        "user": "https://api.kickstarter.com/v1/users/1145481511?signature=1405310691.342e2c62351edbd0e48d16f7a69bc8da771617a4"
      }, 
      "web": {
        "user": "https://www.kickstarter.com/profile/1145481511"
      }
    }
  }, 
  "currency": "USD", 
  "currency_symbol": "$", 
  "currency_trailing_code": true, 
  "deadline": 1322623027, 
  "disable_communication": false, 
  "goal": 2000.0, 
  "id": 1169899887, 
  "launched_at": 1321327027, 
  "location": {
    "country": "US", 
    "displayable_name": "Lincoln, NE", 
    "id": 2439482, 
    "name": "Lincoln", 
    "short_name": "Lincoln, NE", 
    "slug": "lincoln-ne", 
    "state": "NE", 
    "urls": {
      "api": {
        "nearby_projects": "https://api.kickstarter.com/v1/discover?signature=1405283930.fd9545617c7b43b35ca2abc4ae4170bfcfd51877&woe_id=2439482"
      }, 
      "web": {
        "discover": "https://www.kickstarter.com/discover/places/lincoln-ne", 
        "location": "https://www.kickstarter.com/locations/lincoln-ne"
      }
    }
  }, 
  "name": "Joyful Oyster - Local Handmade Goods", 
  "photo": {
    "1024x768": "https://s3.amazonaws.com/ksr/projects/57775/photo-1024x768.jpg?1397767780", 
    "1536x1152": "https://s3.amazonaws.com/ksr/projects/57775/photo-1536x1152.jpg?1397767780", 
    "ed": "https://s3.amazonaws.com/ksr/projects/57775/photo-ed.jpg?1397767780", 
    "full": "https://s3.amazonaws.com/ksr/projects/57775/photo-full.jpg?1397767780", 
    "little": "https://s3.amazonaws.com/ksr/projects/57775/photo-little.jpg?1397767780", 
    "med": "https://s3.amazonaws.com/ksr/projects/57775/photo-med.jpg?1397767780", 
    "small": "https://s3.amazonaws.com/ksr/projects/57775/photo-small.jpg?1397767780", 
    "thumb": "https://s3.amazonaws.com/ksr/projects/57775/photo-thumb.jpg?1397767780"
  }, 
  "pledged": 0.0, 
  "slug": "joyful-oyster-local-handmade-goods", 
  "state": "failed", 
  "state_changed_at": 1322623028, 
  "urls": {
    "web": {
      "project": "https://www.kickstarter.com/projects/1145481511/joyful-oyster-local-handmade-goods", 
      "rewards": "https://www.kickstarter.com/projects/1145481511/joyful-oyster-local-handmade-goods/rewards"
    }
  }
}