{
  "backers_count": 36, 
  "blurb": "Pop the SpilliNator into the sip-hole on a drink lid, and BOOM\u2026Plug & Seal, then Sip, Pour and even Suck\u2026Splash-Free drink On-the-Go!!", 
  "category": {
    "id": 337, 
    "name": "Gadgets", 
    "parent_id": 16, 
    "position": 7, 
    "slug": "technology/gadgets", 
    "urls": {
      "web": {
        "discover": "http://www.kickstarter.com/discover/categories/technology/gadgets"
      }
    }
  }, 
  "country": "US", 
  "created_at": 1401255742, 
  "creator": {
    "avatar": {
      "medium": "https://s3.amazonaws.com/ksr/avatars/6108538/1525063_10203640439356706_921876879_n.medium.jpg?1401264709", 
      "small": "https://s3.amazonaws.com/ksr/avatars/6108538/1525063_10203640439356706_921876879_n.small.jpg?1401264709", 
      "thumb": "https://s3.amazonaws.com/ksr/avatars/6108538/1525063_10203640439356706_921876879_n.thumb.jpg?1401264709"
    }, 
    "id": 1183167327, 
    "name": "Al Santos", 
    "slug": "strongholdinc", 
    "urls": {
      "api": {
        "user": "https://api.kickstarter.com/v1/users/1183167327?signature=1405310247.98232ac54e8099c80793ecc74eb4c4e20e0151d8"
      }, 
      "web": {
        "user": "https://www.kickstarter.com/profile/strongholdinc"
      }
    }
  }, 
  "currency": "USD", 
  "currency_symbol": "$", 
  "currency_trailing_code": true, 
  "deadline": 1405666740, 
  "disable_communication": false, 
  "goal": 32000.0, 
  "id": 117019513, 
  "launched_at": 1401784366, 
  "location": {
    "country": "US", 
    "displayable_name": "Los Angeles, CA", 
    "id": 2442047, 
    "name": "Los Angeles", 
    "short_name": "Los Angeles, CA", 
    "slug": "los-angeles-ca", 
    "state": "CA", 
    "urls": {
      "api": {
        "nearby_projects": "https://api.kickstarter.com/v1/discover?signature=1405283921.ee3a1133214a755b6f367baa5289215cf97407d4&woe_id=2442047"
      }, 
      "web": {
        "discover": "https://www.kickstarter.com/discover/places/los-angeles-ca", 
        "location": "https://www.kickstarter.com/locations/los-angeles-ca"
      }
    }
  }, 
  "name": "The SpilliNator - No More Leaky Coffee Lids!   Splash-Free", 
  "photo": {
    "1024x768": "https://s3.amazonaws.com/ksr/projects/1018459/photo-1024x768.jpg?1404756920", 
    "1536x1152": "https://s3.amazonaws.com/ksr/projects/1018459/photo-1536x1152.jpg?1404756920", 
    "ed": "https://s3.amazonaws.com/ksr/projects/1018459/photo-ed.jpg?1404756920", 
    "full": "https://s3.amazonaws.com/ksr/projects/1018459/photo-full.jpg?1404756920", 
    "little": "https://s3.amazonaws.com/ksr/projects/1018459/photo-little.jpg?1404756920", 
    "med": "https://s3.amazonaws.com/ksr/projects/1018459/photo-med.jpg?1404756920", 
    "small": "https://s3.amazonaws.com/ksr/projects/1018459/photo-small.jpg?1404756920", 
    "thumb": "https://s3.amazonaws.com/ksr/projects/1018459/photo-thumb.jpg?1404756920"
  }, 
  "pledged": 2353.0, 
  "slug": "sip-tube-aka-the-spillinator-never-spill-coffee-ag", 
  "state": "live", 
  "state_changed_at": 1401784366, 
  "urls": {
    "web": {
      "project": "https://www.kickstarter.com/projects/strongholdinc/sip-tube-aka-the-spillinator-never-spill-coffee-ag", 
      "rewards": "https://www.kickstarter.com/projects/strongholdinc/sip-tube-aka-the-spillinator-never-spill-coffee-ag/rewards"
    }
  }
}