{
  "backers_count": 39, 
  "blurb": "We want to bring our hugely successful iPhone app to Android to help runners find and create running routes wherever they go.", 
  "category": {
    "id": 16, 
    "name": "Technology", 
    "position": 14, 
    "slug": "technology", 
    "urls": {
      "web": {
        "discover": "http://www.kickstarter.com/discover/categories/technology"
      }
    }
  }, 
  "country": "US", 
  "created_at": 1332880135, 
  "creator": {
    "avatar": {
      "medium": "https://s3.amazonaws.com/ksr/avatars/2327670/fb_profile_picture.medium.jpg?1332879562", 
      "small": "https://s3.amazonaws.com/ksr/avatars/2327670/fb_profile_picture.small.jpg?1332879562", 
      "thumb": "https://s3.amazonaws.com/ksr/avatars/2327670/fb_profile_picture.thumb.jpg?1332879562"
    }, 
    "id": 1802356633, 
    "name": "Adam Howitt", 
    "slug": "walkjogrun", 
    "urls": {
      "api": {
        "user": "https://api.kickstarter.com/v1/users/1802356633?signature=1405310519.7b350801cb46d472014b4e44fcc6c94b80073f52"
      }, 
      "web": {
        "user": "https://www.kickstarter.com/profile/walkjogrun"
      }
    }
  }, 
  "currency": "USD", 
  "currency_symbol": "$", 
  "currency_trailing_code": true, 
  "deadline": 1338668541, 
  "disable_communication": false, 
  "goal": 30000.0, 
  "id": 1170270244, 
  "launched_at": 1333484541, 
  "location": {
    "country": "US", 
    "displayable_name": "Chicago, IL", 
    "id": 2379574, 
    "name": "Chicago", 
    "short_name": "Chicago, IL", 
    "slug": "chicago-il", 
    "state": "IL", 
    "urls": {
      "api": {
        "nearby_projects": "https://api.kickstarter.com/v1/discover?signature=1405283924.8f63700f7031fb64c1fc151929225a5757f1a64e&woe_id=2379574"
      }, 
      "web": {
        "discover": "https://www.kickstarter.com/discover/places/chicago-il", 
        "location": "https://www.kickstarter.com/locations/chicago-il"
      }
    }
  }, 
  "name": "WalkJogRun Running Routes Android App", 
  "photo": {
    "1024x768": "https://s3.amazonaws.com/ksr/projects/116715/photo-1024x768.jpg?1397776038", 
    "1536x1152": "https://s3.amazonaws.com/ksr/projects/116715/photo-1536x1152.jpg?1397776038", 
    "ed": "https://s3.amazonaws.com/ksr/projects/116715/photo-ed.jpg?1397776038", 
    "full": "https://s3.amazonaws.com/ksr/projects/116715/photo-full.jpg?1397776038", 
    "little": "https://s3.amazonaws.com/ksr/projects/116715/photo-little.jpg?1397776038", 
    "med": "https://s3.amazonaws.com/ksr/projects/116715/photo-med.jpg?1397776038", 
    "small": "https://s3.amazonaws.com/ksr/projects/116715/photo-small.jpg?1397776038", 
    "thumb": "https://s3.amazonaws.com/ksr/projects/116715/photo-thumb.jpg?1397776038"
  }, 
  "pledged": 698.0, 
  "slug": "walkjogrun-running-routes-android-app", 
  "state": "failed", 
  "state_changed_at": 1338668541, 
  "urls": {
    "web": {
      "project": "https://www.kickstarter.com/projects/walkjogrun/walkjogrun-running-routes-android-app", 
      "rewards": "https://www.kickstarter.com/projects/walkjogrun/walkjogrun-running-routes-android-app/rewards"
    }
  }
}