{
  "backers_count": 635, 
  "blurb": "An intuitive, fun, and easy to follow e-book that teaches the basics of jQuery by walking the reader through a realistic case study.", 
  "category": {
    "id": 51, 
    "name": "Software", 
    "parent_id": 16, 
    "position": 11, 
    "slug": "technology/software", 
    "urls": {
      "web": {
        "discover": "http://www.kickstarter.com/discover/categories/technology/software"
      }
    }
  }, 
  "country": "US", 
  "created_at": 1371783498, 
  "creator": {
    "avatar": {
      "medium": "https://s3.amazonaws.com/ksr/avatars/3795245/Alan%20Forbes.medium.jpg?1345410115", 
      "small": "https://s3.amazonaws.com/ksr/avatars/3795245/Alan%20Forbes.small.jpg?1345410115", 
      "thumb": "https://s3.amazonaws.com/ksr/avatars/3795245/Alan%20Forbes.thumb.jpg?1345410115"
    }, 
    "id": 287976447, 
    "name": "Alan Forbes", 
    "slug": "alanforbes", 
    "urls": {
      "api": {
        "user": "https://api.kickstarter.com/v1/users/287976447?signature=1405309946.991dd5bb990f34abacf057372b2cfcf8372aab8f"
      }, 
      "web": {
        "user": "https://www.kickstarter.com/profile/alanforbes"
      }
    }
  }, 
  "currency": "USD", 
  "currency_symbol": "$", 
  "currency_trailing_code": true, 
  "deadline": 1374870144, 
  "disable_communication": false, 
  "goal": 3000.0, 
  "id": 1171887937, 
  "launched_at": 1372191744, 
  "location": {
    "country": "US", 
    "displayable_name": "Rowley, MA", 
    "id": 2485332, 
    "name": "Rowley", 
    "short_name": "Rowley, MA", 
    "slug": "rowley-ma", 
    "state": "MA", 
    "urls": {
      "api": {
        "nearby_projects": "https://api.kickstarter.com/v1/discover?signature=1405283931.515fccee25ac874d7edff52dd64be357864bc202&woe_id=2485332"
      }, 
      "web": {
        "discover": "https://www.kickstarter.com/discover/places/rowley-ma", 
        "location": "https://www.kickstarter.com/locations/rowley-ma"
      }
    }
  }, 
  "name": "The Joy of jQuery", 
  "photo": {
    "1024x768": "https://s3.amazonaws.com/ksr/projects/596267/photo-1024x768.jpg?1397824870", 
    "1536x1152": "https://s3.amazonaws.com/ksr/projects/596267/photo-1536x1152.jpg?1397824870", 
    "ed": "https://s3.amazonaws.com/ksr/projects/596267/photo-ed.jpg?1397824870", 
    "full": "https://s3.amazonaws.com/ksr/projects/596267/photo-full.jpg?1397824870", 
    "little": "https://s3.amazonaws.com/ksr/projects/596267/photo-little.jpg?1397824870", 
    "med": "https://s3.amazonaws.com/ksr/projects/596267/photo-med.jpg?1397824870", 
    "small": "https://s3.amazonaws.com/ksr/projects/596267/photo-small.jpg?1397824870", 
    "thumb": "https://s3.amazonaws.com/ksr/projects/596267/photo-thumb.jpg?1397824870"
  }, 
  "pledged": 9177.61, 
  "slug": "the-joy-of-jquery", 
  "state": "successful", 
  "state_changed_at": 1374870147, 
  "urls": {
    "web": {
      "project": "https://www.kickstarter.com/projects/alanforbes/the-joy-of-jquery", 
      "rewards": "https://www.kickstarter.com/projects/alanforbes/the-joy-of-jquery/rewards"
    }
  }
}