{
  "backers_count": 14, 
  "blurb": "3D Printer | Electronic: Baboi Box\nBaboi board is one of the most compatible 3D Electronic board in the reprap community.", 
  "category": {
    "id": 331, 
    "name": "3D Printing", 
    "parent_id": 16, 
    "position": 1, 
    "slug": "technology/3d printing", 
    "urls": {
      "web": {
        "discover": "http://www.kickstarter.com/discover/categories/technology/3d%20printing"
      }
    }
  }, 
  "country": "CA", 
  "created_at": 1380576942, 
  "creator": {
    "avatar": {
      "medium": "https://s3.amazonaws.com/ksr/avatars/8197870/256365_4359865002902_11420523_o.medium.jpg?1383891971", 
      "small": "https://s3.amazonaws.com/ksr/avatars/8197870/256365_4359865002902_11420523_o.small.jpg?1383891971", 
      "thumb": "https://s3.amazonaws.com/ksr/avatars/8197870/256365_4359865002902_11420523_o.thumb.jpg?1383891971"
    }, 
    "id": 823147708, 
    "name": "Qiang Guo", 
    "urls": {
      "api": {
        "user": "https://api.kickstarter.com/v1/users/823147708?signature=1405310376.b44b80da277c56e8a47d51cb2dea04e788b5555c"
      }, 
      "web": {
        "user": "https://www.kickstarter.com/profile/823147708"
      }
    }
  }, 
  "currency": "CAD", 
  "currency_symbol": "$", 
  "currency_trailing_code": true, 
  "deadline": 1385079768, 
  "disable_communication": false, 
  "goal": 20000.0, 
  "id": 1171425444, 
  "launched_at": 1382484168, 
  "location": {
    "country": "CA", 
    "displayable_name": "Toronto, Canada", 
    "id": 4118, 
    "name": "Toronto", 
    "short_name": "Toronto, Canada", 
    "slug": "toronto-on-ca", 
    "state": "ON", 
    "urls": {
      "api": {
        "nearby_projects": "https://api.kickstarter.com/v1/discover?signature=1405283922.d846628b5e3e23ac33c63f0d9923266125786c79&woe_id=4118"
      }, 
      "web": {
        "discover": "https://www.kickstarter.com/discover/places/toronto-on-ca", 
        "location": "https://www.kickstarter.com/locations/toronto-on-ca"
      }
    }
  }, 
  "name": "3D Printer Electronic Kit | Baboi Box (Canceled)", 
  "photo": {
    "1024x768": "https://s3.amazonaws.com/ksr/projects/699625/photo-1024x768.jpg?1397836523", 
    "1536x1152": "https://s3.amazonaws.com/ksr/projects/699625/photo-1536x1152.jpg?1397836523", 
    "ed": "https://s3.amazonaws.com/ksr/projects/699625/photo-ed.jpg?1397836523", 
    "full": "https://s3.amazonaws.com/ksr/projects/699625/photo-full.jpg?1397836523", 
    "little": "https://s3.amazonaws.com/ksr/projects/699625/photo-little.jpg?1397836523", 
    "med": "https://s3.amazonaws.com/ksr/projects/699625/photo-med.jpg?1397836523", 
    "small": "https://s3.amazonaws.com/ksr/projects/699625/photo-small.jpg?1397836523", 
    "thumb": "https://s3.amazonaws.com/ksr/projects/699625/photo-thumb.jpg?1397836523"
  }, 
  "pledged": 10386.0, 
  "slug": "3d-printer-electronic-kit-baboi-box", 
  "state": "canceled", 
  "state_changed_at": 1383889277, 
  "urls": {
    "web": {
      "project": "https://www.kickstarter.com/projects/823147708/3d-printer-electronic-kit-baboi-box", 
      "rewards": "https://www.kickstarter.com/projects/823147708/3d-printer-electronic-kit-baboi-box/rewards"
    }
  }
}