{
  "backers_count": 316, 
  "blurb": "Boombotix Sync synchronizes music across multiple devices over a mobile network.", 
  "category": {
    "id": 16, 
    "name": "Technology", 
    "position": 14, 
    "slug": "technology", 
    "urls": {
      "web": {
        "discover": "http://www.kickstarter.com/discover/categories/technology"
      }
    }
  }, 
  "country": "US", 
  "created_at": 1380140865, 
  "creator": {
    "avatar": {
      "medium": "https://s3.amazonaws.com/ksr/avatars/466832/BoomBotix_Logo-Grayscale_.medium.jpg?1383851970", 
      "small": "https://s3.amazonaws.com/ksr/avatars/466832/BoomBotix_Logo-Grayscale_.small.jpg?1383851970", 
      "thumb": "https://s3.amazonaws.com/ksr/avatars/466832/BoomBotix_Logo-Grayscale_.thumb.jpg?1383851970"
    }, 
    "id": 58929986, 
    "name": "Boombotix", 
    "slug": "boombotix", 
    "urls": {
      "api": {
        "user": "https://api.kickstarter.com/v1/users/58929986?signature=1405310171.9369afc689854890cd37eda76dd2f1a4a85388e7"
      }, 
      "web": {
        "user": "https://www.kickstarter.com/profile/boombotix"
      }
    }
  }, 
  "currency": "USD", 
  "currency_symbol": "$", 
  "currency_trailing_code": true, 
  "deadline": 1386434986, 
  "disable_communication": false, 
  "goal": 15000.0, 
  "id": 1171040521, 
  "launched_at": 1383842986, 
  "location": {
    "country": "US", 
    "displayable_name": "San Francisco, CA", 
    "id": 2487956, 
    "name": "San Francisco", 
    "short_name": "San Francisco, CA", 
    "slug": "san-francisco-ca", 
    "state": "CA", 
    "urls": {
      "api": {
        "nearby_projects": "https://api.kickstarter.com/v1/discover?signature=1405283922.2705520cddde986b955c196af6b338b46c4257d5&woe_id=2487956"
      }, 
      "web": {
        "discover": "https://www.kickstarter.com/discover/places/san-francisco-ca", 
        "location": "https://www.kickstarter.com/locations/san-francisco-ca"
      }
    }
  }, 
  "name": "Boombotix Music Sync App", 
  "photo": {
    "1024x768": "https://s3.amazonaws.com/ksr/projects/693912/photo-1024x768.jpg?1397835939", 
    "1536x1152": "https://s3.amazonaws.com/ksr/projects/693912/photo-1536x1152.jpg?1397835939", 
    "ed": "https://s3.amazonaws.com/ksr/projects/693912/photo-ed.jpg?1397835939", 
    "full": "https://s3.amazonaws.com/ksr/projects/693912/photo-full.jpg?1397835939", 
    "little": "https://s3.amazonaws.com/ksr/projects/693912/photo-little.jpg?1397835939", 
    "med": "https://s3.amazonaws.com/ksr/projects/693912/photo-med.jpg?1397835939", 
    "small": "https://s3.amazonaws.com/ksr/projects/693912/photo-small.jpg?1397835939", 
    "thumb": "https://s3.amazonaws.com/ksr/projects/693912/photo-thumb.jpg?1397835939"
  }, 
  "pledged": 17062.0, 
  "slug": "boombotix-music-sync-app", 
  "state": "successful", 
  "state_changed_at": 1386434986, 
  "urls": {
    "web": {
      "project": "https://www.kickstarter.com/projects/boombotix/boombotix-music-sync-app", 
      "rewards": "https://www.kickstarter.com/projects/boombotix/boombotix-music-sync-app/rewards"
    }
  }
}