{
  "backers_count": 43, 
  "blurb": "A team of high-school students with a passion for rocketry build a micro-H2O2 rocket, pioneering a cleaner and safer form of propulsion", 
  "category": {
    "id": 52, 
    "name": "Hardware", 
    "parent_id": 16, 
    "position": 8, 
    "slug": "technology/hardware", 
    "urls": {
      "web": {
        "discover": "http://www.kickstarter.com/discover/categories/technology/hardware"
      }
    }
  }, 
  "country": "US", 
  "created_at": 1338665981, 
  "creator": {
    "avatar": {
      "medium": "https://s3.amazonaws.com/ksr/avatars/1468929/June_Sky_Profile_Picture_June_2013_(stripe_final).medium.jpg?1372647207", 
      "small": "https://s3.amazonaws.com/ksr/avatars/1468929/June_Sky_Profile_Picture_June_2013_(stripe_final).small.jpg?1372647207", 
      "thumb": "https://s3.amazonaws.com/ksr/avatars/1468929/June_Sky_Profile_Picture_June_2013_(stripe_final).thumb.jpg?1372647207"
    }, 
    "id": 1518406289, 
    "name": "June Sky", 
    "slug": "junesky", 
    "urls": {
      "api": {
        "user": "https://api.kickstarter.com/v1/users/1518406289?signature=1405310265.668aff2828a5b7daecee1f077695fb01c42bee8a"
      }, 
      "web": {
        "user": "https://www.kickstarter.com/profile/junesky"
      }
    }
  }, 
  "currency": "USD", 
  "currency_symbol": "$", 
  "currency_trailing_code": true, 
  "deadline": 1344265200, 
  "disable_communication": false, 
  "goal": 850.0, 
  "id": 1171559951, 
  "launched_at": 1340989281, 
  "location": {
    "country": "US", 
    "displayable_name": "Winnetka, IL", 
    "id": 2522160, 
    "name": "Winnetka", 
    "short_name": "Winnetka, IL", 
    "slug": "winnetka-il", 
    "state": "IL", 
    "urls": {
      "api": {
        "nearby_projects": "https://api.kickstarter.com/v1/discover?signature=1405284860.47286a63a302f09c813f1aafe3a65d45b3dea913&woe_id=2522160"
      }, 
      "web": {
        "discover": "https://www.kickstarter.com/discover/places/winnetka-il", 
        "location": "https://www.kickstarter.com/locations/winnetka-il"
      }
    }
  }, 
  "name": "June Sky: H202 Rocket", 
  "photo": {
    "1024x768": "https://s3.amazonaws.com/ksr/projects/206893/photo-1024x768.jpg?1397784749", 
    "1536x1152": "https://s3.amazonaws.com/ksr/projects/206893/photo-1536x1152.jpg?1397784749", 
    "ed": "https://s3.amazonaws.com/ksr/projects/206893/photo-ed.jpg?1397784749", 
    "full": "https://s3.amazonaws.com/ksr/projects/206893/photo-full.jpg?1397784749", 
    "little": "https://s3.amazonaws.com/ksr/projects/206893/photo-little.jpg?1397784749", 
    "med": "https://s3.amazonaws.com/ksr/projects/206893/photo-med.jpg?1397784749", 
    "small": "https://s3.amazonaws.com/ksr/projects/206893/photo-small.jpg?1397784749", 
    "thumb": "https://s3.amazonaws.com/ksr/projects/206893/photo-thumb.jpg?1397784749"
  }, 
  "pledged": 1049.0, 
  "slug": "june-sky-h202-rocket", 
  "state": "successful", 
  "state_changed_at": 1344265227, 
  "urls": {
    "web": {
      "project": "https://www.kickstarter.com/projects/junesky/june-sky-h202-rocket", 
      "rewards": "https://www.kickstarter.com/projects/junesky/june-sky-h202-rocket/rewards"
    }
  }
}