{
  "backers_count": 19, 
  "blurb": "How do you know your students are learning?  Partner with Sifu, keep track of progress through the standards.  Unveil Truths.  Empower.", 
  "category": {
    "id": 16, 
    "name": "Technology", 
    "position": 14, 
    "slug": "technology", 
    "urls": {
      "web": {
        "discover": "http://www.kickstarter.com/discover/categories/technology"
      }
    }
  }, 
  "country": "US", 
  "created_at": 1363043544, 
  "creator": {
    "avatar": {
      "medium": "https://s3.amazonaws.com/ksr/avatars/4886960/Screen_Shot_2013-03-26_at_1.52.09_PM.medium.jpg?1364358177", 
      "small": "https://s3.amazonaws.com/ksr/avatars/4886960/Screen_Shot_2013-03-26_at_1.52.09_PM.small.jpg?1364358177", 
      "thumb": "https://s3.amazonaws.com/ksr/avatars/4886960/Screen_Shot_2013-03-26_at_1.52.09_PM.thumb.jpg?1364358177"
    }, 
    "id": 948670928, 
    "name": "Melissa Haffeman", 
    "urls": {
      "api": {
        "user": "https://api.kickstarter.com/v1/users/948670928?signature=1405310500.5180e4323356cadc680cacd9d319ac1a16e96724"
      }, 
      "web": {
        "user": "https://www.kickstarter.com/profile/948670928"
      }
    }
  }, 
  "currency": "USD", 
  "currency_symbol": "$", 
  "currency_trailing_code": true, 
  "deadline": 1369064352, 
  "disable_communication": false, 
  "goal": 15000.0, 
  "id": 1171958371, 
  "launched_at": 1366472352, 
  "location": {
    "country": "US", 
    "displayable_name": "Colorado Springs, CO", 
    "id": 2383489, 
    "name": "Colorado Springs", 
    "short_name": "Colorado Springs, CO", 
    "slug": "colorado-springs-co", 
    "state": "CO", 
    "urls": {
      "api": {
        "nearby_projects": "https://api.kickstarter.com/v1/discover?signature=1405283931.16954686dba634d8922b47032b54024fdb208698&woe_id=2383489"
      }, 
      "web": {
        "discover": "https://www.kickstarter.com/discover/places/colorado-springs-co", 
        "location": "https://www.kickstarter.com/locations/colorado-springs-co"
      }
    }
  }, 
  "name": "Sifu: Empower Your Learning", 
  "photo": {
    "1024x768": "https://s3.amazonaws.com/ksr/projects/486449/photo-1024x768.jpg?1397813192", 
    "1536x1152": "https://s3.amazonaws.com/ksr/projects/486449/photo-1536x1152.jpg?1397813192", 
    "ed": "https://s3.amazonaws.com/ksr/projects/486449/photo-ed.jpg?1397813192", 
    "full": "https://s3.amazonaws.com/ksr/projects/486449/photo-full.jpg?1397813192", 
    "little": "https://s3.amazonaws.com/ksr/projects/486449/photo-little.jpg?1397813192", 
    "med": "https://s3.amazonaws.com/ksr/projects/486449/photo-med.jpg?1397813192", 
    "small": "https://s3.amazonaws.com/ksr/projects/486449/photo-small.jpg?1397813192", 
    "thumb": "https://s3.amazonaws.com/ksr/projects/486449/photo-thumb.jpg?1397813192"
  }, 
  "pledged": 1036.0, 
  "slug": "sifu-empower-your-learning", 
  "state": "failed", 
  "state_changed_at": 1369064352, 
  "urls": {
    "web": {
      "project": "https://www.kickstarter.com/projects/948670928/sifu-empower-your-learning", 
      "rewards": "https://www.kickstarter.com/projects/948670928/sifu-empower-your-learning/rewards"
    }
  }
}