{
  "backers_count": 3, 
  "blurb": "me and my crew need a mini maker space for our youtube young makers group.", 
  "category": {
    "id": 334, 
    "name": "DIY Electronics", 
    "parent_id": 16, 
    "position": 4, 
    "slug": "technology/diy electronics", 
    "urls": {
      "web": {
        "discover": "http://www.kickstarter.com/discover/categories/technology/diy%20electronics"
      }
    }
  }, 
  "country": "AU", 
  "created_at": 1399707439, 
  "creator": {
    "avatar": {
      "medium": "https://s3.amazonaws.com/ksr/avatars/10598796/photo.medium.jpg?1399760628", 
      "small": "https://s3.amazonaws.com/ksr/avatars/10598796/photo.small.jpg?1399760628", 
      "thumb": "https://s3.amazonaws.com/ksr/avatars/10598796/photo.thumb.jpg?1399760628"
    }, 
    "id": 1332309779, 
    "name": "Saige hill", 
    "urls": {
      "api": {
        "user": "https://api.kickstarter.com/v1/users/1332309779?signature=1405310300.aeba2d9b655f440a7ee90dc365ff576e2dccbe17"
      }, 
      "web": {
        "user": "https://www.kickstarter.com/profile/1332309779"
      }
    }
  }, 
  "currency": "AUD", 
  "currency_symbol": "$", 
  "currency_trailing_code": true, 
  "deadline": 1405316931, 
  "disable_communication": false, 
  "goal": 3501.0, 
  "id": 1172394051, 
  "launched_at": 1401947331, 
  "location": {
    "country": "AU", 
    "displayable_name": "Brisbane, AU", 
    "id": 1100661, 
    "name": "Brisbane", 
    "short_name": "Brisbane, AU", 
    "slug": "brisbane-au", 
    "state": "QLD", 
    "urls": {
      "api": {
        "nearby_projects": "https://api.kickstarter.com/v1/discover?signature=1405283925.4a32ed2870f9ad7ea58cd1477144e602916c4c4a&woe_id=1100661"
      }, 
      "web": {
        "discover": "https://www.kickstarter.com/discover/places/brisbane-au", 
        "location": "https://www.kickstarter.com/locations/brisbane-au"
      }
    }
  }, 
  "name": "young makers group", 
  "photo": {
    "1024x768": "https://s3.amazonaws.com/ksr/projects/993446/photo-1024x768.jpg?1399760356", 
    "1536x1152": "https://s3.amazonaws.com/ksr/projects/993446/photo-1536x1152.jpg?1399760356", 
    "ed": "https://s3.amazonaws.com/ksr/projects/993446/photo-ed.jpg?1399760356", 
    "full": "https://s3.amazonaws.com/ksr/projects/993446/photo-full.jpg?1399760356", 
    "little": "https://s3.amazonaws.com/ksr/projects/993446/photo-little.jpg?1399760356", 
    "med": "https://s3.amazonaws.com/ksr/projects/993446/photo-med.jpg?1399760356", 
    "small": "https://s3.amazonaws.com/ksr/projects/993446/photo-small.jpg?1399760356", 
    "thumb": "https://s3.amazonaws.com/ksr/projects/993446/photo-thumb.jpg?1399760356"
  }, 
  "pledged": 11.0, 
  "slug": "young-makers-group", 
  "state": "live", 
  "state_changed_at": 1401947331, 
  "urls": {
    "web": {
      "project": "https://www.kickstarter.com/projects/1332309779/young-makers-group", 
      "rewards": "https://www.kickstarter.com/projects/1332309779/young-makers-group/rewards"
    }
  }
}