{
  "backers_count": 33, 
  "blurb": "Website for Diabetics. Get reminders to test, record blood sugar, manage test strips, view reports, and get clear feedback.", 
  "category": {
    "id": 51, 
    "name": "Software", 
    "parent_id": 16, 
    "position": 11, 
    "slug": "technology/software", 
    "urls": {
      "web": {
        "discover": "http://www.kickstarter.com/discover/categories/technology/software"
      }
    }
  }, 
  "country": "US", 
  "created_at": 1397082349, 
  "creator": {
    "avatar": {
      "medium": "https://s3.amazonaws.com/ksr/avatars/4285042/IMG_0659.medium.jpg?1397084840", 
      "small": "https://s3.amazonaws.com/ksr/avatars/4285042/IMG_0659.small.jpg?1397084840", 
      "thumb": "https://s3.amazonaws.com/ksr/avatars/4285042/IMG_0659.thumb.jpg?1397084840"
    }, 
    "id": 1921883575, 
    "name": "Herb Meehan", 
    "urls": {
      "api": {
        "user": "https://api.kickstarter.com/v1/users/1921883575?signature=1405310450.823796ac8d0253e259f86ed0ee9fd284f26d9539"
      }, 
      "web": {
        "user": "https://www.kickstarter.com/profile/1921883575"
      }
    }
  }, 
  "currency": "USD", 
  "currency_symbol": "$", 
  "currency_trailing_code": true, 
  "deadline": 1403632558, 
  "disable_communication": false, 
  "goal": 10000.0, 
  "id": 1172617485, 
  "launched_at": 1398448558, 
  "location": {
    "country": "US", 
    "displayable_name": "Los Angeles, CA", 
    "id": 2442047, 
    "name": "Los Angeles", 
    "short_name": "Los Angeles, CA", 
    "slug": "los-angeles-ca", 
    "state": "CA", 
    "urls": {
      "api": {
        "nearby_projects": "https://api.kickstarter.com/v1/discover?signature=1405283921.ee3a1133214a755b6f367baa5289215cf97407d4&woe_id=2442047"
      }, 
      "web": {
        "discover": "https://www.kickstarter.com/discover/places/los-angeles-ca", 
        "location": "https://www.kickstarter.com/locations/los-angeles-ca"
      }
    }
  }, 
  "name": "Lifebringer Diabetes", 
  "photo": {
    "1024x768": "https://s3.amazonaws.com/ksr/projects/946360/photo-1024x768.jpg?1397875618", 
    "1536x1152": "https://s3.amazonaws.com/ksr/projects/946360/photo-1536x1152.jpg?1397875618", 
    "ed": "https://s3.amazonaws.com/ksr/projects/946360/photo-ed.jpg?1397875618", 
    "full": "https://s3.amazonaws.com/ksr/projects/946360/photo-full.jpg?1397875618", 
    "little": "https://s3.amazonaws.com/ksr/projects/946360/photo-little.jpg?1397875618", 
    "med": "https://s3.amazonaws.com/ksr/projects/946360/photo-med.jpg?1397875618", 
    "small": "https://s3.amazonaws.com/ksr/projects/946360/photo-small.jpg?1397875618", 
    "thumb": "https://s3.amazonaws.com/ksr/projects/946360/photo-thumb.jpg?1397875618"
  }, 
  "pledged": 2300.0, 
  "slug": "lifebringer-diabetes", 
  "state": "failed", 
  "state_changed_at": 1403632559, 
  "urls": {
    "web": {
      "project": "https://www.kickstarter.com/projects/1921883575/lifebringer-diabetes", 
      "rewards": "https://www.kickstarter.com/projects/1921883575/lifebringer-diabetes/rewards"
    }
  }
}