{
  "backers_count": 2655, 
  "blurb": "blink(1) is a small USB light to give you glanceable notice of anything on your computer or the internet.", 
  "category": {
    "id": 52, 
    "name": "Hardware", 
    "parent_id": 16, 
    "position": 8, 
    "slug": "technology/hardware", 
    "urls": {
      "web": {
        "discover": "http://www.kickstarter.com/discover/categories/technology/hardware"
      }
    }
  }, 
  "country": "US", 
  "created_at": 1338236059, 
  "creator": {
    "avatar": {
      "medium": "https://s3.amazonaws.com/ksr/avatars/2911548/logo_101x101.medium.jpg?1338328474", 
      "small": "https://s3.amazonaws.com/ksr/avatars/2911548/logo_101x101.small.jpg?1338328474", 
      "thumb": "https://s3.amazonaws.com/ksr/avatars/2911548/logo_101x101.thumb.jpg?1338328474"
    }, 
    "id": 1419566026, 
    "name": "ThingM", 
    "slug": "thingm", 
    "urls": {
      "api": {
        "user": "https://api.kickstarter.com/v1/users/1419566026?signature=1405310086.2bbeb3344b899375e58648d4c40d70b551d89acd"
      }, 
      "web": {
        "user": "https://www.kickstarter.com/profile/thingm"
      }
    }
  }, 
  "currency": "USD", 
  "currency_symbol": "$", 
  "currency_trailing_code": true, 
  "deadline": 1344837673, 
  "disable_communication": false, 
  "goal": 29000.0, 
  "id": 1172711484, 
  "launched_at": 1341813673, 
  "location": {
    "country": "US", 
    "displayable_name": "Los Angeles, CA", 
    "id": 2442047, 
    "name": "Los Angeles", 
    "short_name": "Los Angeles, CA", 
    "slug": "los-angeles-ca", 
    "state": "CA", 
    "urls": {
      "api": {
        "nearby_projects": "https://api.kickstarter.com/v1/discover?signature=1405283921.ee3a1133214a755b6f367baa5289215cf97407d4&woe_id=2442047"
      }, 
      "web": {
        "discover": "https://www.kickstarter.com/discover/places/los-angeles-ca", 
        "location": "https://www.kickstarter.com/locations/los-angeles-ca"
      }
    }
  }, 
  "name": "blink(1), the USB RGB LED", 
  "photo": {
    "1024x768": "https://s3.amazonaws.com/ksr/projects/200577/photo-1024x768.jpg?1397784137", 
    "1536x1152": "https://s3.amazonaws.com/ksr/projects/200577/photo-1536x1152.jpg?1397784137", 
    "ed": "https://s3.amazonaws.com/ksr/projects/200577/photo-ed.jpg?1397784137", 
    "full": "https://s3.amazonaws.com/ksr/projects/200577/photo-full.jpg?1397784137", 
    "little": "https://s3.amazonaws.com/ksr/projects/200577/photo-little.jpg?1397784137", 
    "med": "https://s3.amazonaws.com/ksr/projects/200577/photo-med.jpg?1397784137", 
    "small": "https://s3.amazonaws.com/ksr/projects/200577/photo-small.jpg?1397784137", 
    "thumb": "https://s3.amazonaws.com/ksr/projects/200577/photo-thumb.jpg?1397784137"
  }, 
  "pledged": 132317.99, 
  "slug": "blink1-the-usb-rgb-led", 
  "state": "successful", 
  "state_changed_at": 1344837673, 
  "urls": {
    "web": {
      "project": "https://www.kickstarter.com/projects/thingm/blink1-the-usb-rgb-led", 
      "rewards": "https://www.kickstarter.com/projects/thingm/blink1-the-usb-rgb-led/rewards"
    }
  }
}