{
  "backers_count": 7, 
  "blurb": "This is THE sprinkler controller for a connected world: intelligent, easy to use, and cost effective. Please fund this great project!", 
  "category": {
    "id": 52, 
    "name": "Hardware", 
    "parent_id": 16, 
    "position": 8, 
    "slug": "technology/hardware", 
    "urls": {
      "web": {
        "discover": "http://www.kickstarter.com/discover/categories/technology/hardware"
      }
    }
  }, 
  "country": "US", 
  "created_at": 1367599308, 
  "creator": {
    "avatar": {
      "medium": "https://s3.amazonaws.com/ksr/avatars/6456997/roy.medium.jpg?1380819958", 
      "small": "https://s3.amazonaws.com/ksr/avatars/6456997/roy.small.jpg?1380819958", 
      "thumb": "https://s3.amazonaws.com/ksr/avatars/6456997/roy.thumb.jpg?1380819958"
    }, 
    "id": 1408853060, 
    "name": "Roy Sun", 
    "urls": {
      "api": {
        "user": "https://api.kickstarter.com/v1/users/1408853060?signature=1405310528.e0496daf18c190bcb4cd18039a6822e2765f495c"
      }, 
      "web": {
        "user": "https://www.kickstarter.com/profile/1408853060"
      }
    }
  }, 
  "currency": "USD", 
  "currency_symbol": "$", 
  "currency_trailing_code": true, 
  "deadline": 1383941282, 
  "disable_communication": false, 
  "goal": 100000.0, 
  "id": 1173562921, 
  "launched_at": 1381345682, 
  "location": {
    "country": "US", 
    "displayable_name": "Dallas, TX", 
    "id": 2388929, 
    "name": "Dallas", 
    "short_name": "Dallas, TX", 
    "slug": "dallas-tx", 
    "state": "TX", 
    "urls": {
      "api": {
        "nearby_projects": "https://api.kickstarter.com/v1/discover?signature=1405283926.532193395c396f293e0112a568e21723e5f378ce&woe_id=2388929"
      }, 
      "web": {
        "discover": "https://www.kickstarter.com/discover/places/dallas-tx", 
        "location": "https://www.kickstarter.com/locations/dallas-tx"
      }
    }
  }, 
  "name": "A Cloud-Computing Based Sprinkler Controller", 
  "photo": {
    "1024x768": "https://s3.amazonaws.com/ksr/projects/544435/photo-1024x768.jpg?1397819310", 
    "1536x1152": "https://s3.amazonaws.com/ksr/projects/544435/photo-1536x1152.jpg?1397819310", 
    "ed": "https://s3.amazonaws.com/ksr/projects/544435/photo-ed.jpg?1397819310", 
    "full": "https://s3.amazonaws.com/ksr/projects/544435/photo-full.jpg?1397819310", 
    "little": "https://s3.amazonaws.com/ksr/projects/544435/photo-little.jpg?1397819310", 
    "med": "https://s3.amazonaws.com/ksr/projects/544435/photo-med.jpg?1397819310", 
    "small": "https://s3.amazonaws.com/ksr/projects/544435/photo-small.jpg?1397819310", 
    "thumb": "https://s3.amazonaws.com/ksr/projects/544435/photo-thumb.jpg?1397819310"
  }, 
  "pledged": 596.0, 
  "slug": "a-cloud-computing-based-sprinkler-controller", 
  "state": "failed", 
  "state_changed_at": 1383941282, 
  "urls": {
    "web": {
      "project": "https://www.kickstarter.com/projects/1408853060/a-cloud-computing-based-sprinkler-controller", 
      "rewards": "https://www.kickstarter.com/projects/1408853060/a-cloud-computing-based-sprinkler-controller/rewards"
    }
  }
}