{
  "backers_count": 106, 
  "blurb": "TiLoTag will change how we leave messages and memories for future generations. Discover the exciting ways you can use TiLoTag.", 
  "category": {
    "id": 51, 
    "name": "Software", 
    "parent_id": 16, 
    "position": 11, 
    "slug": "technology/software", 
    "urls": {
      "web": {
        "discover": "http://www.kickstarter.com/discover/categories/technology/software"
      }
    }
  }, 
  "country": "US", 
  "created_at": 1385002358, 
  "creator": {
    "avatar": {
      "medium": "https://s3.amazonaws.com/ksr/avatars/8592199/facebook71_n.medium.jpg?1385005377", 
      "small": "https://s3.amazonaws.com/ksr/avatars/8592199/facebook71_n.small.jpg?1385005377", 
      "thumb": "https://s3.amazonaws.com/ksr/avatars/8592199/facebook71_n.thumb.jpg?1385005377"
    }, 
    "id": 725798482, 
    "name": "Kelly Day LLC", 
    "urls": {
      "api": {
        "user": "https://api.kickstarter.com/v1/users/725798482?signature=1405309994.c85ec8867fe6d7fc2ca4d793483d0702215e943e"
      }, 
      "web": {
        "user": "https://www.kickstarter.com/profile/725798482"
      }
    }
  }, 
  "currency": "USD", 
  "currency_symbol": "$", 
  "currency_trailing_code": true, 
  "deadline": 1405610472, 
  "disable_communication": false, 
  "goal": 10000.0, 
  "id": 1173221260, 
  "launched_at": 1401722472, 
  "location": {
    "country": "US", 
    "displayable_name": "Fort Lauderdale, FL", 
    "id": 2405797, 
    "name": "Fort Lauderdale", 
    "short_name": "Fort Lauderdale, FL", 
    "slug": "fort-lauderdale-fl", 
    "state": "FL", 
    "urls": {
      "api": {
        "nearby_projects": "https://api.kickstarter.com/v1/discover?signature=1405283931.56557eda0cc9d20930e83535a89e3d52d71067e6&woe_id=2405797"
      }, 
      "web": {
        "discover": "https://www.kickstarter.com/discover/places/fort-lauderdale-fl", 
        "location": "https://www.kickstarter.com/locations/fort-lauderdale-fl"
      }
    }
  }, 
  "name": "Put Messages In Their Place With TiLoTag!", 
  "photo": {
    "1024x768": "https://s3.amazonaws.com/ksr/projects/768846/photo-1024x768.jpg?1397857180", 
    "1536x1152": "https://s3.amazonaws.com/ksr/projects/768846/photo-1536x1152.jpg?1397857180", 
    "ed": "https://s3.amazonaws.com/ksr/projects/768846/photo-ed.jpg?1397857180", 
    "full": "https://s3.amazonaws.com/ksr/projects/768846/photo-full.jpg?1397857180", 
    "little": "https://s3.amazonaws.com/ksr/projects/768846/photo-little.jpg?1397857180", 
    "med": "https://s3.amazonaws.com/ksr/projects/768846/photo-med.jpg?1397857180", 
    "small": "https://s3.amazonaws.com/ksr/projects/768846/photo-small.jpg?1397857180", 
    "thumb": "https://s3.amazonaws.com/ksr/projects/768846/photo-thumb.jpg?1397857180"
  }, 
  "pledged": 7948.0, 
  "slug": "put-messages-in-their-place-with-tilotag", 
  "state": "live", 
  "state_changed_at": 1401722473, 
  "urls": {
    "web": {
      "project": "https://www.kickstarter.com/projects/725798482/put-messages-in-their-place-with-tilotag", 
      "rewards": "https://www.kickstarter.com/projects/725798482/put-messages-in-their-place-with-tilotag/rewards"
    }
  }
}