{
  "backers_count": 898, 
  "blurb": "Make time-lapses, or trigger your camera with lasers, sound, or any other method you can think of - That's the magic of Triggertrap.", 
  "category": {
    "id": 333, 
    "name": "Camera Equipment", 
    "parent_id": 16, 
    "position": 3, 
    "slug": "technology/camera equipment", 
    "urls": {
      "web": {
        "discover": "http://www.kickstarter.com/discover/categories/technology/camera%20equipment"
      }
    }
  }, 
  "country": "US", 
  "created_at": 1306839434, 
  "creator": {
    "avatar": {
      "medium": "https://s3.amazonaws.com/ksr/avatars/934245/haje-jan-kamps-self-600.medium.jpg?1375177395", 
      "small": "https://s3.amazonaws.com/ksr/avatars/934245/haje-jan-kamps-self-600.small.jpg?1375177395", 
      "thumb": "https://s3.amazonaws.com/ksr/avatars/934245/haje-jan-kamps-self-600.thumb.jpg?1375177395"
    }, 
    "id": 1549504237, 
    "name": "Haje Jan Kamps", 
    "slug": "photocritic", 
    "urls": {
      "api": {
        "user": "https://api.kickstarter.com/v1/users/1549504237?signature=1405310107.24cdc8fcaa82baccbf472fb1dbddeaceaa11f769"
      }, 
      "web": {
        "user": "https://www.kickstarter.com/profile/photocritic"
      }
    }
  }, 
  "currency": "USD", 
  "currency_symbol": "$", 
  "currency_trailing_code": true, 
  "deadline": 1312135140, 
  "disable_communication": false, 
  "goal": 25000.0, 
  "id": 1174334569, 
  "launched_at": 1309331929, 
  "location": {
    "country": "US", 
    "displayable_name": "San Francisco, CA", 
    "id": 2487956, 
    "name": "San Francisco", 
    "short_name": "San Francisco, CA", 
    "slug": "san-francisco-ca", 
    "state": "CA", 
    "urls": {
      "api": {
        "nearby_projects": "https://api.kickstarter.com/v1/discover?signature=1405283922.2705520cddde986b955c196af6b338b46c4257d5&woe_id=2487956"
      }, 
      "web": {
        "discover": "https://www.kickstarter.com/discover/places/san-francisco-ca", 
        "location": "https://www.kickstarter.com/locations/san-francisco-ca"
      }
    }
  }, 
  "name": "Trigger Trap: The Universal Camera Trigger", 
  "photo": {
    "1024x768": "https://s3.amazonaws.com/ksr/projects/35780/photo-1024x768.jpg?1397763598", 
    "1536x1152": "https://s3.amazonaws.com/ksr/projects/35780/photo-1536x1152.jpg?1397763598", 
    "ed": "https://s3.amazonaws.com/ksr/projects/35780/photo-ed.jpg?1397763598", 
    "full": "https://s3.amazonaws.com/ksr/projects/35780/photo-full.jpg?1397763598", 
    "little": "https://s3.amazonaws.com/ksr/projects/35780/photo-little.jpg?1397763598", 
    "med": "https://s3.amazonaws.com/ksr/projects/35780/photo-med.jpg?1397763598", 
    "small": "https://s3.amazonaws.com/ksr/projects/35780/photo-small.jpg?1397763598", 
    "thumb": "https://s3.amazonaws.com/ksr/projects/35780/photo-thumb.jpg?1397763598"
  }, 
  "pledged": 77262.14, 
  "slug": "trigger-trap-the-universal-camera-trigger", 
  "state": "successful", 
  "state_changed_at": 1312135140, 
  "urls": {
    "web": {
      "project": "https://www.kickstarter.com/projects/photocritic/trigger-trap-the-universal-camera-trigger", 
      "rewards": "https://www.kickstarter.com/projects/photocritic/trigger-trap-the-universal-camera-trigger/rewards"
    }
  }
}