{
  "backers_count": 1, 
  "blurb": "No drugs no insect in your glass.\nStrong, functional beautiful design.\nThe protector of your glass in all situations!", 
  "category": {
    "id": 16, 
    "name": "Technology", 
    "position": 14, 
    "slug": "technology", 
    "urls": {
      "web": {
        "discover": "http://www.kickstarter.com/discover/categories/technology"
      }
    }
  }, 
  "country": "NL", 
  "created_at": 1399820256, 
  "creator": {
    "avatar": {
      "medium": "https://www.kickstarter.com/assets/users/missing_medium.png", 
      "small": "https://www.kickstarter.com/assets/users/missing_small.png", 
      "thumb": "https://www.kickstarter.com/assets/users/missing_thumb.png"
    }, 
    "id": 1144359465, 
    "name": "Bart van den Brug (deleted)", 
    "urls": {
      "api": {
        "user": "https://api.kickstarter.com/v1/users/1144359465?signature=1405310640.8b19d4e6acaec9422c96762b8092856c26d990b0"
      }, 
      "web": {
        "user": "https://www.kickstarter.com/profile/1144359465"
      }
    }
  }, 
  "currency": "EUR", 
  "currency_symbol": "\u20ac", 
  "currency_trailing_code": false, 
  "deadline": 1405513559, 
  "disable_communication": false, 
  "goal": 90000.0, 
  "id": 1174330661, 
  "launched_at": 1401193559, 
  "location": {
    "country": "NL", 
    "displayable_name": "Amsterdam, Netherlands", 
    "id": 727232, 
    "name": "Amsterdam", 
    "short_name": "Amsterdam, Netherlands", 
    "slug": "amsterdam-nl", 
    "state": "North Holland", 
    "urls": {
      "api": {
        "nearby_projects": "https://api.kickstarter.com/v1/discover?signature=1405283936.dce5bb65263a52fd560d8977f665d8c2a4f3f67a&woe_id=727232"
      }, 
      "web": {
        "discover": "https://www.kickstarter.com/discover/places/amsterdam-nl", 
        "location": "https://www.kickstarter.com/locations/amsterdam-nl"
      }
    }
  }, 
  "name": "insect-drugs-seal (Canceled)", 
  "photo": {
    "1024x768": "https://s3.amazonaws.com/ksr/projects/994846/photo-1024x768.jpg?1399828340", 
    "1536x1152": "https://s3.amazonaws.com/ksr/projects/994846/photo-1536x1152.jpg?1399828340", 
    "ed": "https://s3.amazonaws.com/ksr/projects/994846/photo-ed.jpg?1399828340", 
    "full": "https://s3.amazonaws.com/ksr/projects/994846/photo-full.jpg?1399828340", 
    "little": "https://s3.amazonaws.com/ksr/projects/994846/photo-little.jpg?1399828340", 
    "med": "https://s3.amazonaws.com/ksr/projects/994846/photo-med.jpg?1399828340", 
    "small": "https://s3.amazonaws.com/ksr/projects/994846/photo-small.jpg?1399828340", 
    "thumb": "https://s3.amazonaws.com/ksr/projects/994846/photo-thumb.jpg?1399828340"
  }, 
  "pledged": 20.0, 
  "slug": "insect-drugs-seal", 
  "state": "canceled", 
  "state_changed_at": 1401697153, 
  "urls": {
    "web": {
      "project": "https://www.kickstarter.com/projects/1144359465/insect-drugs-seal", 
      "rewards": "https://www.kickstarter.com/projects/1144359465/insect-drugs-seal/rewards"
    }
  }
}