{
  "backers_count": 145, 
  "blurb": "Chingadero is the name we gave our rod stop. It holds hoods, trunks, and hatches open on cars and suvs with worn out lift cylinders.", 
  "category": {
    "id": 52, 
    "name": "Hardware", 
    "parent_id": 16, 
    "position": 8, 
    "slug": "technology/hardware", 
    "urls": {
      "web": {
        "discover": "http://www.kickstarter.com/discover/categories/technology/hardware"
      }
    }
  }, 
  "country": "US", 
  "created_at": 1355013819, 
  "creator": {
    "avatar": {
      "medium": "https://s3.amazonaws.com/ksr/avatars/4894558/PB240002.medium.jpg?1355516348", 
      "small": "https://s3.amazonaws.com/ksr/avatars/4894558/PB240002.small.jpg?1355516348", 
      "thumb": "https://s3.amazonaws.com/ksr/avatars/4894558/PB240002.thumb.jpg?1355516348"
    }, 
    "id": 1185852592, 
    "name": "Jerry  Raynovic", 
    "urls": {
      "api": {
        "user": "https://api.kickstarter.com/v1/users/1185852592?signature=1405310469.8c2c43de609d5371cffb0cff71db9f2492e40947"
      }, 
      "web": {
        "user": "https://www.kickstarter.com/profile/1185852592"
      }
    }
  }, 
  "currency": "USD", 
  "currency_symbol": "$", 
  "currency_trailing_code": true, 
  "deadline": 1358474318, 
  "disable_communication": false, 
  "goal": 5000.0, 
  "id": 1175673445, 
  "launched_at": 1355882318, 
  "location": {
    "country": "US", 
    "displayable_name": "Phoenix, AZ", 
    "id": 2471390, 
    "name": "Phoenix", 
    "short_name": "Phoenix, AZ", 
    "slug": "phoenix-az", 
    "state": "AZ", 
    "urls": {
      "api": {
        "nearby_projects": "https://api.kickstarter.com/v1/discover?signature=1405283925.2a7b7c1c0ee08cb76b133895ad16f1f4d051a48f&woe_id=2471390"
      }, 
      "web": {
        "discover": "https://www.kickstarter.com/discover/places/phoenix-az", 
        "location": "https://www.kickstarter.com/locations/phoenix-az"
      }
    }
  }, 
  "name": "Chingadero Quick Fix", 
  "photo": {
    "1024x768": "https://s3.amazonaws.com/ksr/projects/409574/photo-1024x768.jpg?1397804987", 
    "1536x1152": "https://s3.amazonaws.com/ksr/projects/409574/photo-1536x1152.jpg?1397804987", 
    "ed": "https://s3.amazonaws.com/ksr/projects/409574/photo-ed.jpg?1397804987", 
    "full": "https://s3.amazonaws.com/ksr/projects/409574/photo-full.jpg?1397804987", 
    "little": "https://s3.amazonaws.com/ksr/projects/409574/photo-little.jpg?1397804987", 
    "med": "https://s3.amazonaws.com/ksr/projects/409574/photo-med.jpg?1397804987", 
    "small": "https://s3.amazonaws.com/ksr/projects/409574/photo-small.jpg?1397804987", 
    "thumb": "https://s3.amazonaws.com/ksr/projects/409574/photo-thumb.jpg?1397804987"
  }, 
  "pledged": 1737.77, 
  "slug": "chingadero-quick-fix", 
  "state": "failed", 
  "state_changed_at": 1358474318, 
  "urls": {
    "web": {
      "project": "https://www.kickstarter.com/projects/1185852592/chingadero-quick-fix", 
      "rewards": "https://www.kickstarter.com/projects/1185852592/chingadero-quick-fix/rewards"
    }
  }
}