{
  "backers_count": 12, 
  "blurb": "Capture the action from all angles with this new lens which is compatible with GoPro cameras & others to give 360 interactive viewing.", 
  "category": {
    "id": 52, 
    "name": "Hardware", 
    "parent_id": 16, 
    "position": 8, 
    "slug": "technology/hardware", 
    "urls": {
      "web": {
        "discover": "http://www.kickstarter.com/discover/categories/technology/hardware"
      }
    }
  }, 
  "country": "GB", 
  "created_at": 1371768639, 
  "creator": {
    "avatar": {
      "medium": "https://s3.amazonaws.com/ksr/avatars/7042191/photo.medium.jpg?1381335119", 
      "small": "https://s3.amazonaws.com/ksr/avatars/7042191/photo.small.jpg?1381335119", 
      "thumb": "https://s3.amazonaws.com/ksr/avatars/7042191/photo.thumb.jpg?1381335119"
    }, 
    "id": 800495193, 
    "name": "Barnaby Brown", 
    "urls": {
      "api": {
        "user": "https://api.kickstarter.com/v1/users/800495193?signature=1405310399.4a49acab07713ab34683f34ed55c46daa05dbfdf"
      }, 
      "web": {
        "user": "https://www.kickstarter.com/profile/800495193"
      }
    }
  }, 
  "currency": "GBP", 
  "currency_symbol": "\u00a3", 
  "currency_trailing_code": false, 
  "deadline": 1387128989, 
  "disable_communication": false, 
  "goal": 5000.0, 
  "id": 117518370, 
  "launched_at": 1384536989, 
  "location": {
    "country": "GB", 
    "displayable_name": "Devon, UK", 
    "id": 12602182, 
    "name": "Devon", 
    "short_name": "Devon, UK", 
    "slug": "devon-gb", 
    "state": "England", 
    "urls": {
      "api": {
        "nearby_projects": "https://api.kickstarter.com/v1/discover?signature=1405283934.a8df26de0c393ba471216592c762d5aad68f1158&woe_id=12602182"
      }, 
      "web": {
        "discover": "https://www.kickstarter.com/discover/places/devon-gb", 
        "location": "https://www.kickstarter.com/locations/devon-gb"
      }
    }
  }, 
  "name": "ACTIONCAM360. 360\u00b0 panoramic video lens for GoPro & Similar", 
  "photo": {
    "1024x768": "https://s3.amazonaws.com/ksr/projects/596068/photo-1024x768.jpg?1397824858", 
    "1536x1152": "https://s3.amazonaws.com/ksr/projects/596068/photo-1536x1152.jpg?1397824858", 
    "ed": "https://s3.amazonaws.com/ksr/projects/596068/photo-ed.jpg?1397824858", 
    "full": "https://s3.amazonaws.com/ksr/projects/596068/photo-full.jpg?1397824858", 
    "little": "https://s3.amazonaws.com/ksr/projects/596068/photo-little.jpg?1397824858", 
    "med": "https://s3.amazonaws.com/ksr/projects/596068/photo-med.jpg?1397824858", 
    "small": "https://s3.amazonaws.com/ksr/projects/596068/photo-small.jpg?1397824858", 
    "thumb": "https://s3.amazonaws.com/ksr/projects/596068/photo-thumb.jpg?1397824858"
  }, 
  "pledged": 3141.0, 
  "slug": "actioncam360-is-a-360-lens-for-gopro-cameras-and-s", 
  "state": "canceled", 
  "state_changed_at": 1386352090, 
  "urls": {
    "web": {
      "project": "https://www.kickstarter.com/projects/800495193/actioncam360-is-a-360-lens-for-gopro-cameras-and-s", 
      "rewards": "https://www.kickstarter.com/projects/800495193/actioncam360-is-a-360-lens-for-gopro-cameras-and-s/rewards"
    }
  }
}