{
  "backers_count": 3, 
  "blurb": "the software company created by firefighters that develops simple, yet powerful command and training solutions emergency personnel", 
  "category": {
    "id": 16, 
    "name": "Technology", 
    "position": 14, 
    "slug": "technology", 
    "urls": {
      "web": {
        "discover": "http://www.kickstarter.com/discover/categories/technology"
      }
    }
  }, 
  "country": "US", 
  "created_at": 1322503665, 
  "creator": {
    "avatar": {
      "medium": "https://s3.amazonaws.com/ksr/avatars/1284495/me_and_babygir.medium.jpg?1385613295", 
      "small": "https://s3.amazonaws.com/ksr/avatars/1284495/me_and_babygir.small.jpg?1385613295", 
      "thumb": "https://s3.amazonaws.com/ksr/avatars/1284495/me_and_babygir.thumb.jpg?1385613295"
    }, 
    "id": 1092207659, 
    "name": "triple34", 
    "urls": {
      "api": {
        "user": "https://api.kickstarter.com/v1/users/1092207659?signature=1405310636.dc451e8952889cbe9098f8f46f441e201821be72"
      }, 
      "web": {
        "user": "https://www.kickstarter.com/profile/1092207659"
      }
    }
  }, 
  "currency": "USD", 
  "currency_symbol": "$", 
  "currency_trailing_code": true, 
  "deadline": 1328365718, 
  "disable_communication": false, 
  "goal": 50000.0, 
  "id": 1175124360, 
  "launched_at": 1325773718, 
  "location": {
    "country": "US", 
    "displayable_name": "Lilburn, GA", 
    "id": 2439241, 
    "name": "Lilburn", 
    "short_name": "Lilburn, GA", 
    "slug": "lilburn-ga", 
    "state": "GA", 
    "urls": {
      "api": {
        "nearby_projects": "https://api.kickstarter.com/v1/discover?signature=1405284412.50e31de8fd0f4748ddca53b56748bbdc9c06c025&woe_id=2439241"
      }, 
      "web": {
        "discover": "https://www.kickstarter.com/discover/places/lilburn-ga", 
        "location": "https://www.kickstarter.com/locations/lilburn-ga"
      }
    }
  }, 
  "name": "Digital Fire Command Software", 
  "photo": {
    "1024x768": "https://s3.amazonaws.com/ksr/projects/60103/photo-1024x768.jpg?1397768205", 
    "1536x1152": "https://s3.amazonaws.com/ksr/projects/60103/photo-1536x1152.jpg?1397768205", 
    "ed": "https://s3.amazonaws.com/ksr/projects/60103/photo-ed.jpg?1397768205", 
    "full": "https://s3.amazonaws.com/ksr/projects/60103/photo-full.jpg?1397768205", 
    "little": "https://s3.amazonaws.com/ksr/projects/60103/photo-little.jpg?1397768205", 
    "med": "https://s3.amazonaws.com/ksr/projects/60103/photo-med.jpg?1397768205", 
    "small": "https://s3.amazonaws.com/ksr/projects/60103/photo-small.jpg?1397768205", 
    "thumb": "https://s3.amazonaws.com/ksr/projects/60103/photo-thumb.jpg?1397768205"
  }, 
  "pledged": 36.0, 
  "slug": "digital-fire-command-software", 
  "state": "failed", 
  "state_changed_at": 1328365720, 
  "urls": {
    "web": {
      "project": "https://www.kickstarter.com/projects/1092207659/digital-fire-command-software", 
      "rewards": "https://www.kickstarter.com/projects/1092207659/digital-fire-command-software/rewards"
    }
  }
}