{
  "backers_count": 17, 
  "blurb": "Simplest and fastest way this side of Kansas to organize photos and movies.", 
  "category": {
    "id": 16, 
    "name": "Technology", 
    "position": 14, 
    "slug": "technology", 
    "urls": {
      "web": {
        "discover": "http://www.kickstarter.com/discover/categories/technology"
      }
    }
  }, 
  "country": "US", 
  "created_at": 1373741325, 
  "creator": {
    "avatar": {
      "medium": "https://s3.amazonaws.com/ksr/avatars/7303977/kickstarter_profile_photo.medium.jpg?1373764885", 
      "small": "https://s3.amazonaws.com/ksr/avatars/7303977/kickstarter_profile_photo.small.jpg?1373764885", 
      "thumb": "https://s3.amazonaws.com/ksr/avatars/7303977/kickstarter_profile_photo.thumb.jpg?1373764885"
    }, 
    "id": 37785120, 
    "name": "Brian J Hart", 
    "urls": {
      "api": {
        "user": "https://api.kickstarter.com/v1/users/37785120?signature=1405310585.a035d9e8dd0c6693867f6602e9d2a8a5c17e1413"
      }, 
      "web": {
        "user": "https://www.kickstarter.com/profile/37785120"
      }
    }
  }, 
  "currency": "USD", 
  "currency_symbol": "$", 
  "currency_trailing_code": true, 
  "deadline": 1376758117, 
  "disable_communication": false, 
  "goal": 3000.0, 
  "id": 1175524865, 
  "launched_at": 1374166117, 
  "location": {
    "country": "US", 
    "displayable_name": "Goleta, CA", 
    "id": 2411898, 
    "name": "Goleta", 
    "short_name": "Goleta, CA", 
    "slug": "goleta-ca", 
    "state": "CA", 
    "urls": {
      "api": {
        "nearby_projects": "https://api.kickstarter.com/v1/discover?signature=1405284547.dae6fdcb003fc34f6677f729da30ea0ac2027f4a&woe_id=2411898"
      }, 
      "web": {
        "discover": "https://www.kickstarter.com/discover/places/goleta-ca", 
        "location": "https://www.kickstarter.com/locations/goleta-ca"
      }
    }
  }, 
  "name": "Dead Simple Photo Arranger", 
  "photo": {
    "1024x768": "https://s3.amazonaws.com/ksr/projects/617298/photo-1024x768.jpg?1397827173", 
    "1536x1152": "https://s3.amazonaws.com/ksr/projects/617298/photo-1536x1152.jpg?1397827173", 
    "ed": "https://s3.amazonaws.com/ksr/projects/617298/photo-ed.jpg?1397827173", 
    "full": "https://s3.amazonaws.com/ksr/projects/617298/photo-full.jpg?1397827173", 
    "little": "https://s3.amazonaws.com/ksr/projects/617298/photo-little.jpg?1397827173", 
    "med": "https://s3.amazonaws.com/ksr/projects/617298/photo-med.jpg?1397827173", 
    "small": "https://s3.amazonaws.com/ksr/projects/617298/photo-small.jpg?1397827173", 
    "thumb": "https://s3.amazonaws.com/ksr/projects/617298/photo-thumb.jpg?1397827173"
  }, 
  "pledged": 181.0, 
  "slug": "dead-simple-photo-arranger", 
  "state": "failed", 
  "state_changed_at": 1376758117, 
  "urls": {
    "web": {
      "project": "https://www.kickstarter.com/projects/37785120/dead-simple-photo-arranger", 
      "rewards": "https://www.kickstarter.com/projects/37785120/dead-simple-photo-arranger/rewards"
    }
  }
}