{
  "backers_count": 28, 
  "blurb": "We are creating a website that makes the creation of art more diverse and accessible. Online collaboration, swapping, critiques and sharing.", 
  "category": {
    "id": 51, 
    "name": "Software", 
    "parent_id": 16, 
    "position": 11, 
    "slug": "technology/software", 
    "urls": {
      "web": {
        "discover": "http://www.kickstarter.com/discover/categories/technology/software"
      }
    }
  }, 
  "country": "US", 
  "created_at": 1277759872, 
  "creator": {
    "avatar": {
      "medium": "https://s3.amazonaws.com/ksr/avatars/169530/logo-icons300.medium.jpg?1288678195", 
      "small": "https://s3.amazonaws.com/ksr/avatars/169530/logo-icons300.small.jpg?1288678195", 
      "thumb": "https://s3.amazonaws.com/ksr/avatars/169530/logo-icons300.thumb.jpg?1288678195"
    }, 
    "id": 1606923882, 
    "name": "The Arthrow Team", 
    "slug": "arthrow", 
    "urls": {
      "api": {
        "user": "https://api.kickstarter.com/v1/users/1606923882?signature=1405310461.3a2ecaec176df8376938fef692a27492ad9264bd"
      }, 
      "web": {
        "user": "https://www.kickstarter.com/profile/arthrow"
      }
    }
  }, 
  "currency": "USD", 
  "currency_symbol": "$", 
  "currency_trailing_code": true, 
  "deadline": 1280665800, 
  "disable_communication": false, 
  "goal": 10000.0, 
  "id": 1175612160, 
  "launched_at": 1277963920, 
  "location": {
    "country": "US", 
    "displayable_name": "Atlanta, GA", 
    "id": 2357024, 
    "name": "Atlanta", 
    "short_name": "Atlanta, GA", 
    "slug": "atlanta-ga", 
    "state": "GA", 
    "urls": {
      "api": {
        "nearby_projects": "https://api.kickstarter.com/v1/discover?signature=1405283921.1b31225794c42dde0f2056517ae465665bf74f0e&woe_id=2357024"
      }, 
      "web": {
        "discover": "https://www.kickstarter.com/discover/places/atlanta-ga", 
        "location": "https://www.kickstarter.com/locations/atlanta-ga"
      }
    }
  }, 
  "name": "Arthrow", 
  "photo": {
    "1024x768": "https://s3.amazonaws.com/ksr/projects/8174/photo-1024x768.jpg?1397757097", 
    "1536x1152": "https://s3.amazonaws.com/ksr/projects/8174/photo-1536x1152.jpg?1397757097", 
    "ed": "https://s3.amazonaws.com/ksr/projects/8174/photo-ed.jpg?1397757097", 
    "full": "https://s3.amazonaws.com/ksr/projects/8174/photo-full.jpg?1397757097", 
    "little": "https://s3.amazonaws.com/ksr/projects/8174/photo-little.jpg?1397757097", 
    "med": "https://s3.amazonaws.com/ksr/projects/8174/photo-med.jpg?1397757097", 
    "small": "https://s3.amazonaws.com/ksr/projects/8174/photo-small.jpg?1397757097", 
    "thumb": "https://s3.amazonaws.com/ksr/projects/8174/photo-thumb.jpg?1397757097"
  }, 
  "pledged": 1940.0, 
  "slug": "arthrow", 
  "state": "failed", 
  "state_changed_at": 1280665807, 
  "urls": {
    "web": {
      "project": "https://www.kickstarter.com/projects/arthrow/arthrow", 
      "rewards": "https://www.kickstarter.com/projects/arthrow/arthrow/rewards"
    }
  }
}