{
  "backers_count": 6, 
  "blurb": "The purpose of this campaign is to provide funding for a development platform for uploading custom samples into the DSI Tempest.", 
  "category": {
    "id": 339, 
    "name": "Sound", 
    "parent_id": 16, 
    "position": 12, 
    "slug": "technology/sound", 
    "urls": {
      "web": {
        "discover": "http://www.kickstarter.com/discover/categories/technology/sound"
      }
    }
  }, 
  "country": "GB", 
  "created_at": 1404629001, 
  "creator": {
    "avatar": {
      "medium": "https://s3.amazonaws.com/ksr/avatars/1670885/fb_profile_picture.medium.jpg?1362872445", 
      "small": "https://s3.amazonaws.com/ksr/avatars/1670885/fb_profile_picture.small.jpg?1362872445", 
      "thumb": "https://s3.amazonaws.com/ksr/avatars/1670885/fb_profile_picture.thumb.jpg?1362872445"
    }, 
    "id": 1486470665, 
    "name": "GBR303", 
    "urls": {
      "api": {
        "user": "https://api.kickstarter.com/v1/users/1486470665?signature=1405310279.d524572ce94bddb36aa345233bdb938b59a327f1"
      }, 
      "web": {
        "user": "https://www.kickstarter.com/profile/1486470665"
      }
    }
  }, 
  "currency": "GBP", 
  "currency_symbol": "\u00a3", 
  "currency_trailing_code": false, 
  "deadline": 1407224826, 
  "disable_communication": false, 
  "goal": 1000.0, 
  "id": 1175244388, 
  "launched_at": 1404632826, 
  "location": {
    "country": "GB", 
    "displayable_name": "Glasgow, UK", 
    "id": 21125, 
    "name": "Glasgow", 
    "short_name": "Glasgow, UK", 
    "slug": "glasgow-gb", 
    "state": "Scotland", 
    "urls": {
      "api": {
        "nearby_projects": "https://api.kickstarter.com/v1/discover?signature=1405283938.1e4f17f1cb66cd01463df29c26f5c67ddeeadb54&woe_id=21125"
      }, 
      "web": {
        "discover": "https://www.kickstarter.com/discover/places/glasgow-gb", 
        "location": "https://www.kickstarter.com/locations/glasgow-gb"
      }
    }
  }, 
  "name": "Sampling the Dream", 
  "photo": {
    "1024x768": "https://s3.amazonaws.com/ksr/projects/1075595/photo-1024x768.jpg?1404629063", 
    "1536x1152": "https://s3.amazonaws.com/ksr/projects/1075595/photo-1536x1152.jpg?1404629063", 
    "ed": "https://s3.amazonaws.com/ksr/projects/1075595/photo-ed.jpg?1404629063", 
    "full": "https://s3.amazonaws.com/ksr/projects/1075595/photo-full.jpg?1404629063", 
    "little": "https://s3.amazonaws.com/ksr/projects/1075595/photo-little.jpg?1404629063", 
    "med": "https://s3.amazonaws.com/ksr/projects/1075595/photo-med.jpg?1404629063", 
    "small": "https://s3.amazonaws.com/ksr/projects/1075595/photo-small.jpg?1404629063", 
    "thumb": "https://s3.amazonaws.com/ksr/projects/1075595/photo-thumb.jpg?1404629063"
  }, 
  "pledged": 180.0, 
  "slug": "sampling-the-dream", 
  "state": "live", 
  "state_changed_at": 1404632826, 
  "urls": {
    "web": {
      "project": "https://www.kickstarter.com/projects/1486470665/sampling-the-dream", 
      "rewards": "https://www.kickstarter.com/projects/1486470665/sampling-the-dream/rewards"
    }
  }
}