{
  "backers_count": 11, 
  "blurb": "We need to extend the Hydro Abrasive Rescue Tool to a 30K PSI unit", 
  "category": {
    "id": 52, 
    "name": "Hardware", 
    "parent_id": 16, 
    "position": 8, 
    "slug": "technology/hardware", 
    "urls": {
      "web": {
        "discover": "http://www.kickstarter.com/discover/categories/technology/hardware"
      }
    }
  }, 
  "country": "US", 
  "created_at": 1364057301, 
  "creator": {
    "avatar": {
      "medium": "https://s3.amazonaws.com/ksr/avatars/5990750/fb_profile_picture.medium.jpg?1364057034", 
      "small": "https://s3.amazonaws.com/ksr/avatars/5990750/fb_profile_picture.small.jpg?1364057034", 
      "thumb": "https://s3.amazonaws.com/ksr/avatars/5990750/fb_profile_picture.thumb.jpg?1364057034"
    }, 
    "id": 1710473923, 
    "name": "David Hurst", 
    "urls": {
      "api": {
        "user": "https://api.kickstarter.com/v1/users/1710473923?signature=1405310574.41f7c29f4ead185ef5cd269ccba2ed60a8edae9c"
      }, 
      "web": {
        "user": "https://www.kickstarter.com/profile/1710473923"
      }
    }
  }, 
  "currency": "USD", 
  "currency_symbol": "$", 
  "currency_trailing_code": true, 
  "deadline": 1370053043, 
  "disable_communication": false, 
  "goal": 70000.0, 
  "id": 117553674, 
  "launched_at": 1367461043, 
  "location": {
    "country": "US", 
    "displayable_name": "Nashville, TN", 
    "id": 2457170, 
    "name": "Nashville", 
    "short_name": "Nashville, TN", 
    "slug": "nashville-tn", 
    "state": "TN", 
    "urls": {
      "api": {
        "nearby_projects": "https://api.kickstarter.com/v1/discover?signature=1405283925.9ec883651765ac40bdaae9e2638f393faebeb279&woe_id=2457170"
      }, 
      "web": {
        "discover": "https://www.kickstarter.com/discover/places/nashville-tn", 
        "location": "https://www.kickstarter.com/locations/nashville-tn"
      }
    }
  }, 
  "name": "Hydro Abrasive Rescue Tool - Develop 30,000 PSI Version", 
  "photo": {
    "1024x768": "https://s3.amazonaws.com/ksr/projects/499851/photo-1024x768.jpg?1397814554", 
    "1536x1152": "https://s3.amazonaws.com/ksr/projects/499851/photo-1536x1152.jpg?1397814554", 
    "ed": "https://s3.amazonaws.com/ksr/projects/499851/photo-ed.jpg?1397814554", 
    "full": "https://s3.amazonaws.com/ksr/projects/499851/photo-full.jpg?1397814554", 
    "little": "https://s3.amazonaws.com/ksr/projects/499851/photo-little.jpg?1397814554", 
    "med": "https://s3.amazonaws.com/ksr/projects/499851/photo-med.jpg?1397814554", 
    "small": "https://s3.amazonaws.com/ksr/projects/499851/photo-small.jpg?1397814554", 
    "thumb": "https://s3.amazonaws.com/ksr/projects/499851/photo-thumb.jpg?1397814554"
  }, 
  "pledged": 238.0, 
  "slug": "hydro-abrasive-rescue-tool-develop-30000-psi-versi", 
  "state": "failed", 
  "state_changed_at": 1370053043, 
  "urls": {
    "web": {
      "project": "https://www.kickstarter.com/projects/1710473923/hydro-abrasive-rescue-tool-develop-30000-psi-versi", 
      "rewards": "https://www.kickstarter.com/projects/1710473923/hydro-abrasive-rescue-tool-develop-30000-psi-versi/rewards"
    }
  }
}