{
  "backers_count": 6, 
  "blurb": "A hand held computer mouse that assists exceptional students in their learning through the use of educational technology on a computer.", 
  "category": {
    "id": 52, 
    "name": "Hardware", 
    "parent_id": 16, 
    "position": 8, 
    "slug": "technology/hardware", 
    "urls": {
      "web": {
        "discover": "http://www.kickstarter.com/discover/categories/technology/hardware"
      }
    }
  }, 
  "country": "US", 
  "created_at": 1361385668, 
  "creator": {
    "avatar": {
      "medium": "https://s3.amazonaws.com/ksr/avatars/5562423/Wayne___Monette_Lowe.medium.jpg?1371243775", 
      "small": "https://s3.amazonaws.com/ksr/avatars/5562423/Wayne___Monette_Lowe.small.jpg?1371243775", 
      "thumb": "https://s3.amazonaws.com/ksr/avatars/5562423/Wayne___Monette_Lowe.thumb.jpg?1371243775"
    }, 
    "id": 1386747574, 
    "name": "Wayne & Monette Lowe", 
    "urls": {
      "api": {
        "user": "https://api.kickstarter.com/v1/users/1386747574?signature=1405310549.d46679ead3239981ed9dfd67588fddfaaa9d088b"
      }, 
      "web": {
        "user": "https://www.kickstarter.com/profile/1386747574"
      }
    }
  }, 
  "currency": "USD", 
  "currency_symbol": "$", 
  "currency_trailing_code": true, 
  "deadline": 1368726960, 
  "disable_communication": false, 
  "goal": 34000.0, 
  "id": 1176395912, 
  "launched_at": 1363664267, 
  "location": {
    "country": "US", 
    "displayable_name": "Conyers, GA", 
    "id": 2384413, 
    "name": "Conyers", 
    "short_name": "Conyers, GA", 
    "slug": "conyers-ga", 
    "state": "GA", 
    "urls": {
      "api": {
        "nearby_projects": "https://api.kickstarter.com/v1/discover?signature=1405284281.d102da676e7fc41e8a6e3210160d322e26f1367a&woe_id=2384413"
      }, 
      "web": {
        "discover": "https://www.kickstarter.com/discover/places/conyers-ga", 
        "location": "https://www.kickstarter.com/locations/conyers-ga"
      }
    }
  }, 
  "name": "Hand Held Mouse/T-Mouse Project", 
  "photo": {
    "1024x768": "https://s3.amazonaws.com/ksr/projects/468343/photo-1024x768.jpg?1397811237", 
    "1536x1152": "https://s3.amazonaws.com/ksr/projects/468343/photo-1536x1152.jpg?1397811237", 
    "ed": "https://s3.amazonaws.com/ksr/projects/468343/photo-ed.jpg?1397811237", 
    "full": "https://s3.amazonaws.com/ksr/projects/468343/photo-full.jpg?1397811237", 
    "little": "https://s3.amazonaws.com/ksr/projects/468343/photo-little.jpg?1397811237", 
    "med": "https://s3.amazonaws.com/ksr/projects/468343/photo-med.jpg?1397811237", 
    "small": "https://s3.amazonaws.com/ksr/projects/468343/photo-small.jpg?1397811237", 
    "thumb": "https://s3.amazonaws.com/ksr/projects/468343/photo-thumb.jpg?1397811237"
  }, 
  "pledged": 412.0, 
  "slug": "hand-held-mouse-t-mouse-project", 
  "state": "failed", 
  "state_changed_at": 1368726960, 
  "urls": {
    "web": {
      "project": "https://www.kickstarter.com/projects/1386747574/hand-held-mouse-t-mouse-project", 
      "rewards": "https://www.kickstarter.com/projects/1386747574/hand-held-mouse-t-mouse-project/rewards"
    }
  }
}