{
  "backers_count": 324, 
  "blurb": "An e-book, iBook and course that helps to learn, understand and master the SQL Language.", 
  "category": {
    "id": 51, 
    "name": "Software", 
    "parent_id": 16, 
    "position": 11, 
    "slug": "technology/software", 
    "urls": {
      "web": {
        "discover": "http://www.kickstarter.com/discover/categories/technology/software"
      }
    }
  }, 
  "country": "US", 
  "created_at": 1349010754, 
  "creator": {
    "avatar": {
      "medium": "https://s3.amazonaws.com/ksr/avatars/3741966/DSCN2587.medium.jpg?1349018582", 
      "small": "https://s3.amazonaws.com/ksr/avatars/3741966/DSCN2587.small.jpg?1349018582", 
      "thumb": "https://s3.amazonaws.com/ksr/avatars/3741966/DSCN2587.thumb.jpg?1349018582"
    }, 
    "id": 522057582, 
    "name": "Cristian Astalos", 
    "urls": {
      "api": {
        "user": "https://api.kickstarter.com/v1/users/522057582?signature=1405310225.bdbb93942e8e9a80cd6d0ff6c938f581a14b95ae"
      }, 
      "web": {
        "user": "https://www.kickstarter.com/profile/522057582"
      }
    }
  }, 
  "currency": "USD", 
  "currency_symbol": "$", 
  "currency_trailing_code": true, 
  "deadline": 1353267931, 
  "disable_communication": false, 
  "goal": 2500.0, 
  "id": 1176400351, 
  "launched_at": 1350067531, 
  "location": {
    "country": "RO", 
    "displayable_name": "Cluj-Napoca, Romania", 
    "id": 869897, 
    "name": "Cluj-Napoca", 
    "short_name": "Cluj-Napoca, Romania", 
    "slug": "cluj-napoca-ro", 
    "state": "Cluj", 
    "urls": {
      "api": {
        "nearby_projects": "https://api.kickstarter.com/v1/discover?signature=1405284454.2fcd3e4ffe16e743ca5bd29018b7380fdf29a768&woe_id=869897"
      }, 
      "web": {
        "discover": "https://www.kickstarter.com/discover/places/cluj-napoca-ro", 
        "location": "https://www.kickstarter.com/locations/cluj-napoca-ro"
      }
    }
  }, 
  "name": "SQL Programming, the easy way  (e-book,iBook and course)", 
  "photo": {
    "1024x768": "https://s3.amazonaws.com/ksr/projects/351825/photo-1024x768.jpg?1397798900", 
    "1536x1152": "https://s3.amazonaws.com/ksr/projects/351825/photo-1536x1152.jpg?1397798900", 
    "ed": "https://s3.amazonaws.com/ksr/projects/351825/photo-ed.jpg?1397798900", 
    "full": "https://s3.amazonaws.com/ksr/projects/351825/photo-full.jpg?1397798900", 
    "little": "https://s3.amazonaws.com/ksr/projects/351825/photo-little.jpg?1397798900", 
    "med": "https://s3.amazonaws.com/ksr/projects/351825/photo-med.jpg?1397798900", 
    "small": "https://s3.amazonaws.com/ksr/projects/351825/photo-small.jpg?1397798900", 
    "thumb": "https://s3.amazonaws.com/ksr/projects/351825/photo-thumb.jpg?1397798900"
  }, 
  "pledged": 4037.0, 
  "slug": "sql-programming-the-easy-way-e-bookibook-and-cours", 
  "state": "successful", 
  "state_changed_at": 1353267931, 
  "urls": {
    "web": {
      "project": "https://www.kickstarter.com/projects/522057582/sql-programming-the-easy-way-e-bookibook-and-cours", 
      "rewards": "https://www.kickstarter.com/projects/522057582/sql-programming-the-easy-way-e-bookibook-and-cours/rewards"
    }
  }
}