{
  "backers_count": 27, 
  "blurb": "An iphone, cydia and android app for passing data from smart device to smart device without the use of the internet.", 
  "category": {
    "id": 51, 
    "name": "Software", 
    "parent_id": 16, 
    "position": 11, 
    "slug": "technology/software", 
    "urls": {
      "web": {
        "discover": "http://www.kickstarter.com/discover/categories/technology/software"
      }
    }
  }, 
  "country": "US", 
  "created_at": 1296618091, 
  "creator": {
    "avatar": {
      "medium": "https://s3.amazonaws.com/ksr/avatars/137254/168028_1716135776966_1045360351_1996895_3559021_n.medium.jpg?1296619554", 
      "small": "https://s3.amazonaws.com/ksr/avatars/137254/168028_1716135776966_1045360351_1996895_3559021_n.small.jpg?1296619554", 
      "thumb": "https://s3.amazonaws.com/ksr/avatars/137254/168028_1716135776966_1045360351_1996895_3559021_n.thumb.jpg?1296619554"
    }, 
    "id": 2008121000, 
    "name": "Thombritton", 
    "slug": "freakshowtell", 
    "urls": {
      "api": {
        "user": "https://api.kickstarter.com/v1/users/2008121000?signature=1405310519.13d78561617756dfabbfaf999c54538ae5dc053c"
      }, 
      "web": {
        "user": "https://www.kickstarter.com/profile/freakshowtell"
      }
    }
  }, 
  "currency": "USD", 
  "currency_symbol": "$", 
  "currency_trailing_code": true, 
  "deadline": 1304525340, 
  "disable_communication": false, 
  "goal": 15000.0, 
  "id": 1177347272, 
  "launched_at": 1296666540, 
  "location": {
    "country": "US", 
    "displayable_name": "Chicago, IL", 
    "id": 2379574, 
    "name": "Chicago", 
    "short_name": "Chicago, IL", 
    "slug": "chicago-il", 
    "state": "IL", 
    "urls": {
      "api": {
        "nearby_projects": "https://api.kickstarter.com/v1/discover?signature=1405283924.8f63700f7031fb64c1fc151929225a5757f1a64e&woe_id=2379574"
      }, 
      "web": {
        "discover": "https://www.kickstarter.com/discover/places/chicago-il", 
        "location": "https://www.kickstarter.com/locations/chicago-il"
      }
    }
  }, 
  "name": "PassOff - An App to fight tyranny.", 
  "photo": {
    "1024x768": "https://s3.amazonaws.com/ksr/projects/21814/photo-1024x768.jpg?1397760886", 
    "1536x1152": "https://s3.amazonaws.com/ksr/projects/21814/photo-1536x1152.jpg?1397760886", 
    "ed": "https://s3.amazonaws.com/ksr/projects/21814/photo-ed.jpg?1397760886", 
    "full": "https://s3.amazonaws.com/ksr/projects/21814/photo-full.jpg?1397760886", 
    "little": "https://s3.amazonaws.com/ksr/projects/21814/photo-little.jpg?1397760886", 
    "med": "https://s3.amazonaws.com/ksr/projects/21814/photo-med.jpg?1397760886", 
    "small": "https://s3.amazonaws.com/ksr/projects/21814/photo-small.jpg?1397760886", 
    "thumb": "https://s3.amazonaws.com/ksr/projects/21814/photo-thumb.jpg?1397760886"
  }, 
  "pledged": 710.0, 
  "slug": "passoff-an-app-to-fight-tyranny", 
  "state": "failed", 
  "state_changed_at": 1304525343, 
  "urls": {
    "web": {
      "project": "https://www.kickstarter.com/projects/freakshowtell/passoff-an-app-to-fight-tyranny", 
      "rewards": "https://www.kickstarter.com/projects/freakshowtell/passoff-an-app-to-fight-tyranny/rewards"
    }
  }
}