{
  "backers_count": 15, 
  "blurb": "FlipGrip is an innovative iPhone and iPad case solution centered around a unique, multi-function handle.", 
  "category": {
    "id": 52, 
    "name": "Hardware", 
    "parent_id": 16, 
    "position": 8, 
    "slug": "technology/hardware", 
    "urls": {
      "web": {
        "discover": "http://www.kickstarter.com/discover/categories/technology/hardware"
      }
    }
  }, 
  "country": "US", 
  "created_at": 1362506135, 
  "creator": {
    "avatar": {
      "medium": "https://s3.amazonaws.com/ksr/avatars/5715661/mark.medium.jpg?1362511227", 
      "small": "https://s3.amazonaws.com/ksr/avatars/5715661/mark.small.jpg?1362511227", 
      "thumb": "https://s3.amazonaws.com/ksr/avatars/5715661/mark.thumb.jpg?1362511227"
    }, 
    "id": 2083405620, 
    "name": "mgolino@buyflipgrip.com", 
    "urls": {
      "api": {
        "user": "https://api.kickstarter.com/v1/users/2083405620?signature=1405310539.bc8c1ef94c33e9fc1a01feb0de68c2d390296efc"
      }, 
      "web": {
        "user": "https://www.kickstarter.com/profile/2083405620"
      }
    }
  }, 
  "currency": "USD", 
  "currency_symbol": "$", 
  "currency_trailing_code": true, 
  "deadline": 1365957691, 
  "disable_communication": false, 
  "goal": 15000.0, 
  "id": 1177647256, 
  "launched_at": 1363797691, 
  "location": {
    "country": "US", 
    "displayable_name": "Lake Mary, FL", 
    "id": 2435021, 
    "name": "Lake Mary", 
    "short_name": "Lake Mary, FL", 
    "slug": "lake-mary-fl", 
    "state": "FL", 
    "urls": {
      "api": {
        "nearby_projects": "https://api.kickstarter.com/v1/discover?signature=1405284084.0c02c63667cb60b6cdad6d776d3e0d1a94c1dce7&woe_id=2435021"
      }, 
      "web": {
        "discover": "https://www.kickstarter.com/discover/places/lake-mary-fl", 
        "location": "https://www.kickstarter.com/locations/lake-mary-fl"
      }
    }
  }, 
  "name": "FlipGrip iPhone and iPad Case", 
  "photo": {
    "1024x768": "https://s3.amazonaws.com/ksr/projects/480455/photo-1024x768.jpg?1397812538", 
    "1536x1152": "https://s3.amazonaws.com/ksr/projects/480455/photo-1536x1152.jpg?1397812538", 
    "ed": "https://s3.amazonaws.com/ksr/projects/480455/photo-ed.jpg?1397812538", 
    "full": "https://s3.amazonaws.com/ksr/projects/480455/photo-full.jpg?1397812538", 
    "little": "https://s3.amazonaws.com/ksr/projects/480455/photo-little.jpg?1397812538", 
    "med": "https://s3.amazonaws.com/ksr/projects/480455/photo-med.jpg?1397812538", 
    "small": "https://s3.amazonaws.com/ksr/projects/480455/photo-small.jpg?1397812538", 
    "thumb": "https://s3.amazonaws.com/ksr/projects/480455/photo-thumb.jpg?1397812538"
  }, 
  "pledged": 500.0, 
  "slug": "flipgrip-smartphone-and-tablet-case", 
  "state": "failed", 
  "state_changed_at": 1365957691, 
  "urls": {
    "web": {
      "project": "https://www.kickstarter.com/projects/2083405620/flipgrip-smartphone-and-tablet-case", 
      "rewards": "https://www.kickstarter.com/projects/2083405620/flipgrip-smartphone-and-tablet-case/rewards"
    }
  }
}