{
  "backers_count": 1, 
  "blurb": "A Social Media Network startup, IoT iBeacon location based. Management Platform - Academic, Real Estate, Businesses & more. #openhouse", 
  "category": {
    "id": 332, 
    "name": "Apps", 
    "parent_id": 16, 
    "position": 2, 
    "slug": "technology/apps", 
    "urls": {
      "web": {
        "discover": "http://www.kickstarter.com/discover/categories/technology/apps"
      }
    }
  }, 
  "country": "US", 
  "created_at": 1394678838, 
  "creator": {
    "avatar": {
      "medium": "https://s3.amazonaws.com/ksr/avatars/9534063/cristian.sturek.medium.jpg?1396447108", 
      "small": "https://s3.amazonaws.com/ksr/avatars/9534063/cristian.sturek.small.jpg?1396447108", 
      "thumb": "https://s3.amazonaws.com/ksr/avatars/9534063/cristian.sturek.thumb.jpg?1396447108"
    }, 
    "id": 2035148056, 
    "name": "Cristian Sturek", 
    "slug": "csturek", 
    "urls": {
      "api": {
        "user": "https://api.kickstarter.com/v1/users/2035148056?signature=1405310643.dc249d70415fc72391c6cfc7029b5c5c0c82ba6a"
      }, 
      "web": {
        "user": "https://www.kickstarter.com/profile/csturek"
      }
    }
  }, 
  "currency": "USD", 
  "currency_symbol": "$", 
  "currency_trailing_code": true, 
  "deadline": 1401631446, 
  "disable_communication": false, 
  "goal": 50000.0, 
  "id": 1178289477, 
  "launched_at": 1396447446, 
  "location": {
    "country": "US", 
    "displayable_name": "Miami, FL", 
    "id": 2450022, 
    "name": "Miami", 
    "short_name": "Miami, FL", 
    "slug": "miami-fl", 
    "state": "FL", 
    "urls": {
      "api": {
        "nearby_projects": "https://api.kickstarter.com/v1/discover?signature=1405283924.e559daa364b95f13046d390b309db8c54747260d&woe_id=2450022"
      }, 
      "web": {
        "discover": "https://www.kickstarter.com/discover/places/miami-fl", 
        "location": "https://www.kickstarter.com/locations/miami-fl"
      }
    }
  }, 
  "name": "Open House Management Platform (IoT iBeacon Proximity)", 
  "photo": {
    "1024x768": "https://s3.amazonaws.com/ksr/projects/906961/photo-1024x768.jpg?1397871754", 
    "1536x1152": "https://s3.amazonaws.com/ksr/projects/906961/photo-1536x1152.jpg?1397871754", 
    "ed": "https://s3.amazonaws.com/ksr/projects/906961/photo-ed.jpg?1397871754", 
    "full": "https://s3.amazonaws.com/ksr/projects/906961/photo-full.jpg?1397871754", 
    "little": "https://s3.amazonaws.com/ksr/projects/906961/photo-little.jpg?1397871754", 
    "med": "https://s3.amazonaws.com/ksr/projects/906961/photo-med.jpg?1397871754", 
    "small": "https://s3.amazonaws.com/ksr/projects/906961/photo-small.jpg?1397871754", 
    "thumb": "https://s3.amazonaws.com/ksr/projects/906961/photo-thumb.jpg?1397871754"
  }, 
  "pledged": 25.0, 
  "slug": "open-house-management-platform-ibeacon-location-aw", 
  "state": "failed", 
  "state_changed_at": 1401631446, 
  "urls": {
    "web": {
      "project": "https://www.kickstarter.com/projects/csturek/open-house-management-platform-ibeacon-location-aw", 
      "rewards": "https://www.kickstarter.com/projects/csturek/open-house-management-platform-ibeacon-location-aw/rewards"
    }
  }
}