{
  "backers_count": 561,
  "blurb": "First Mobile Device Focused on Social Interaction.  Battery and Android Powered to Provide Visual and Sound Anywhere.",
  "category": {
    "color": 6526716,
    "id": 52,
    "name": "Hardware",
    "parent_id": 16,
    "position": 8,
    "slug": "technology/hardware",
    "urls": {
      "web": {
        "discover": "http://www.kickstarter.com/discover/categories/technology/hardware"
      }
    }
  },
  "country": "US",
  "created_at": 1396639369,
  "creator": {
    "avatar": {
      "medium": "https://ksr-ugc.imgix.net/assets/007/125/993/0b6e3dd99f6a8dc52656d5fff8291c94_original.jpg?w=160&h=160&fit=crop&v=1477371360&auto=format&q=92&s=622b4fb8e6352f89af757483b432b7bd",
      "small": "https://ksr-ugc.imgix.net/assets/007/125/993/0b6e3dd99f6a8dc52656d5fff8291c94_original.jpg?w=160&h=160&fit=crop&v=1477371360&auto=format&q=92&s=622b4fb8e6352f89af757483b432b7bd",
      "thumb": "https://ksr-ugc.imgix.net/assets/007/125/993/0b6e3dd99f6a8dc52656d5fff8291c94_original.jpg?w=40&h=40&fit=crop&v=1477371360&auto=format&q=92&s=a995802d3a6e5735bdd0b7bdfa961bea"
    },
    "id": 832648575,
    "name": "Alex Yoo of Dos Owls",
    "urls": {
      "api": {
        "user": "https://api.kickstarter.com/v1/users/832648575?signature=1488679772.95e7695d5cfbc064028a060b089bdf687956d468"
      },
      "web": {
        "user": "https://www.kickstarter.com/profile/832648575"
      }
    }
  },
  "currency": "USD",
  "currency_symbol": "$",
  "currency_trailing_code": true,
  "deadline": 1404791940,
  "disable_communication": false,
  "goal": 250000.0,
  "id": 1000629643,
  "launched_at": 1401278058,
  "location": {
    "country": "US",
    "displayable_name": "New York, NY",
    "id": 2459115,
    "is_root": false,
    "name": "New York",
    "short_name": "New York, NY",
    "slug": "new-york-ny",
    "state": "NY",
    "type": "Town",
    "urls": {
      "api": {
        "nearby_projects": "https://api.kickstarter.com/v1/discover?signature=1488668416.4a5cf0584ddb5da1f95165e7ee4794c1fb4d8cd4&woe_id=2459115"
      },
      "web": {
        "discover": "https://www.kickstarter.com/discover/places/new-york-ny",
        "location": "https://www.kickstarter.com/locations/new-york-ny"
      }
    }
  },
  "name": "ODIN: Android 'Smart' Projector to Carry in Your Pocket",
  "photo": {
    "1024x576": "https://ksr-ugc.imgix.net/assets/011/679/065/9c387b005789075b615fd319dd265ce7_original.jpg?w=1024&h=576&fit=fill&bg=040404&v=1463686681&auto=format&q=92&s=3e1f6db3f275f8fe018a236844e50e39",
    "1536x864": "https://ksr-ugc.imgix.net/assets/011/679/065/9c387b005789075b615fd319dd265ce7_original.jpg?w=1536&h=864&fit=fill&bg=040404&v=1463686681&auto=format&q=92&s=d38daa47de37180e8088d767d522a373",
    "ed": "https://ksr-ugc.imgix.net/assets/011/679/065/9c387b005789075b615fd319dd265ce7_original.jpg?w=338&h=190&fit=fill&bg=040404&v=1463686681&auto=format&q=92&s=6264246c1ecaf1e4e1ef87cfe6314cd2",
    "full": "https://ksr-ugc.imgix.net/assets/011/679/065/9c387b005789075b615fd319dd265ce7_original.jpg?w=560&h=315&fit=fill&bg=040404&v=1463686681&auto=format&q=92&s=f367fe100d5dab7eef408830b8eea510",
    "key": "assets/011/679/065/9c387b005789075b615fd319dd265ce7_original.jpg",
    "little": "https://ksr-ugc.imgix.net/assets/011/679/065/9c387b005789075b615fd319dd265ce7_original.jpg?w=200&h=112&fit=fill&bg=040404&v=1463686681&auto=format&q=92&s=1d95e71d26bdb97f1ce08de36f1bb362",
    "med": "https://ksr-ugc.imgix.net/assets/011/679/065/9c387b005789075b615fd319dd265ce7_original.jpg?w=266&h=150&fit=fill&bg=040404&v=1463686681&auto=format&q=92&s=39aef2ccb6612e2e85ae75bda23bc908",
    "small": "https://ksr-ugc.imgix.net/assets/011/679/065/9c387b005789075b615fd319dd265ce7_original.jpg?w=160&h=90&fit=fill&bg=040404&v=1463686681&auto=format&q=92&s=62964aa3162360fb06fc353076b26bfe",
    "thumb": "https://ksr-ugc.imgix.net/assets/011/679/065/9c387b005789075b615fd319dd265ce7_original.jpg?w=40&h=22&fit=fill&bg=040404&v=1463686681&auto=format&q=92&s=306716de2edc90fa5e4f7812aa0f2dd2"
  },
  "pledged": 268192.0,
  "profile": {
    "background_color": "ffffff",
    "background_image_attributes": {
      "id": 3630092,
      "image_urls": {
        "baseball_card": "https://ksr-ugc.imgix.net/assets/003/630/092/ae4ed6226f8706e8a56412a54ce23708_original.jpg?w=460&fit=max&v=1429277488&auto=format&q=92&s=671fa094bdcc1557672a23e9a01bb002",
        "default": "https://ksr-ugc.imgix.net/assets/003/630/092/ae4ed6226f8706e8a56412a54ce23708_original.jpg?w=1600&fit=max&v=1429277488&auto=format&q=92&s=0a6cc6beabdafa0795eecee035026d4e"
      }
    },
    "background_image_opacity": 0.8,
    "blurb": "First Smart Projector:\u00a0 Battery and Android Powered to Provide Visual and Sound Anywhere.",
    "feature_image_attributes": {
      "image_urls": {
        "baseball_card": "https://ksr-ugc.imgix.net/assets/011/679/065/9c387b005789075b615fd319dd265ce7_original.jpg?w=1552&h=873&fit=fill&bg=040404&v=1463686681&auto=format&q=92&s=7ffd90c6f235ce05dcdeca91774e92bc",
        "default": "https://ksr-ugc.imgix.net/assets/011/679/065/9c387b005789075b615fd319dd265ce7_original.jpg?w=1552&h=873&fit=fill&bg=040404&v=1463686681&auto=format&q=92&s=7ffd90c6f235ce05dcdeca91774e92bc"
      }
    },
    "id": 960478,
    "link_background_color": "ff8500",
    "link_text": "Order ODIN",
    "link_text_color": "",
    "link_url": "http://www.dosowls.com/odin",
    "name": "ODIN: Android 'Smart' Projector to Carry in Your Pocket",
    "project_id": 960478,
    "should_show_feature_image_section": false,
    "show_feature_image": true,
    "state": "active",
    "state_changed_at": 1429277190,
    "text_color": "ffffff"
  },
  "slug": "odin-android-smart-projector-to-carry-in-your-pock",
  "spotlight": true,
  "staff_pick": true,
  "state": "successful",
  "state_changed_at": 1404791941,
  "static_usd_rate": 1.0,
  "urls": {
    "web": {
      "project": "https://www.kickstarter.com/projects/832648575/odin-android-smart-projector-to-carry-in-your-pock?ref=category_newest",
      "rewards": "https://www.kickstarter.com/projects/832648575/odin-android-smart-projector-to-carry-in-your-pock/rewards"
    }
  },
  "usd_pledged": "268192.0"
}