{
  "backers_count": 15,
  "blurb": "Gizbee is the first palm-size travel gadget that syncs pics & vids from ALL your cameras/phones/tablets to removable USB flash drives",
  "category": {
    "color": 6526716,
    "id": 337,
    "name": "Gadgets",
    "parent_id": 16,
    "position": 7,
    "slug": "technology/gadgets",
    "urls": {
      "web": {
        "discover": "http://www.kickstarter.com/discover/categories/technology/gadgets"
      }
    }
  },
  "country": "US",
  "created_at": 1454777014,
  "creator": {
    "avatar": {
      "medium": "https://ksr-ugc.imgix.net/assets/010/803/031/6d4adb10b6cdc4cd805442cb9273ac47_original.jpg?w=160&h=160&fit=crop&v=1461713319&auto=format&q=92&s=38c1a491e8b73aa428e5a23060c45dc3",
      "small": "https://ksr-ugc.imgix.net/assets/010/803/031/6d4adb10b6cdc4cd805442cb9273ac47_original.jpg?w=160&h=160&fit=crop&v=1461713319&auto=format&q=92&s=38c1a491e8b73aa428e5a23060c45dc3",
      "thumb": "https://ksr-ugc.imgix.net/assets/010/803/031/6d4adb10b6cdc4cd805442cb9273ac47_original.jpg?w=40&h=40&fit=crop&v=1461713319&auto=format&q=92&s=b60fd63f6e7a7f9a57543ebc6f65b712"
    },
    "id": 1697733033,
    "name": "Gizbee LLC",
    "urls": {
      "api": {
        "user": "https://api.kickstarter.com/v1/users/1697733033?signature=1488679684.dd4f938b704d31a14d0f2cfc8e4ba67b4a50491d"
      },
      "web": {
        "user": "https://www.kickstarter.com/profile/1697733033"
      }
    }
  },
  "currency": "USD",
  "currency_symbol": "$",
  "currency_trailing_code": true,
  "deadline": 1458930627,
  "disable_communication": false,
  "goal": 87000.0,
  "id": 1000260691,
  "launched_at": 1456774227,
  "location": {
    "country": "US",
    "displayable_name": "Spokane, WA",
    "id": 2497646,
    "is_root": false,
    "name": "Spokane",
    "short_name": "Spokane, WA",
    "slug": "spokane-wa",
    "state": "WA",
    "type": "Town",
    "urls": {
      "api": {
        "nearby_projects": "https://api.kickstarter.com/v1/discover?signature=1488668424.4469ca1cddd16c3a4ab6bf03fe9b7c481933caa8&woe_id=2497646"
      },
      "web": {
        "discover": "https://www.kickstarter.com/discover/places/spokane-wa",
        "location": "https://www.kickstarter.com/locations/spokane-wa"
      }
    }
  },
  "name": "Gizbee\u2122 Unlimited Removable Storage for Your Travel Photos",
  "photo": {
    "1024x576": "https://ksr-ugc.imgix.net/assets/012/373/971/3caf3b59d00f28ace04b813a01ad517d_original.png?w=1024&h=576&fit=fill&bg=000000&v=1463757651&auto=format&q=92&s=af8e6ed47f037ee4216b22be786bbee1",
    "1536x864": "https://ksr-ugc.imgix.net/assets/012/373/971/3caf3b59d00f28ace04b813a01ad517d_original.png?w=1536&h=864&fit=fill&bg=000000&v=1463757651&auto=format&q=92&s=2effd5fd8ca6797c96713bf1de20fd5e",
    "ed": "https://ksr-ugc.imgix.net/assets/012/373/971/3caf3b59d00f28ace04b813a01ad517d_original.png?w=338&h=190&fit=fill&bg=000000&v=1463757651&auto=format&q=92&s=10795e66865101a502621a49a8a31928",
    "full": "https://ksr-ugc.imgix.net/assets/012/373/971/3caf3b59d00f28ace04b813a01ad517d_original.png?w=560&h=315&fit=fill&bg=000000&v=1463757651&auto=format&q=92&s=96c3f01c5be1f39fa7e52b7164556ad5",
    "key": "assets/012/373/971/3caf3b59d00f28ace04b813a01ad517d_original.png",
    "little": "https://ksr-ugc.imgix.net/assets/012/373/971/3caf3b59d00f28ace04b813a01ad517d_original.png?w=200&h=112&fit=fill&bg=000000&v=1463757651&auto=format&q=92&s=c8b0d822b1956b18a44aedf7e31d9857",
    "med": "https://ksr-ugc.imgix.net/assets/012/373/971/3caf3b59d00f28ace04b813a01ad517d_original.png?w=266&h=150&fit=fill&bg=000000&v=1463757651&auto=format&q=92&s=ea08e8ded39ba74173211f7ed56988fc",
    "small": "https://ksr-ugc.imgix.net/assets/012/373/971/3caf3b59d00f28ace04b813a01ad517d_original.png?w=160&h=90&fit=fill&bg=000000&v=1463757651&auto=format&q=92&s=e33f04e75d586688e61b7bc36d500a5c",
    "thumb": "https://ksr-ugc.imgix.net/assets/012/373/971/3caf3b59d00f28ace04b813a01ad517d_original.png?w=40&h=22&fit=fill&bg=000000&v=1463757651&auto=format&q=92&s=b190b317ec442a6367a54b4155b5037c"
  },
  "pledged": 2030.0,
  "profile": {
    "background_color": null,
    "background_image_opacity": 0.8,
    "blurb": null,
    "feature_image_attributes": {
      "image_urls": {
        "baseball_card": "https://ksr-ugc.imgix.net/assets/012/373/971/3caf3b59d00f28ace04b813a01ad517d_original.png?w=1552&h=873&fit=fill&bg=000000&v=1463757651&auto=format&q=92&s=07f826af09244183c98dfb93314fe9fd",
        "default": "https://ksr-ugc.imgix.net/assets/012/373/971/3caf3b59d00f28ace04b813a01ad517d_original.png?w=1552&h=873&fit=fill&bg=000000&v=1463757651&auto=format&q=92&s=07f826af09244183c98dfb93314fe9fd"
      }
    },
    "id": 2360617,
    "link_background_color": null,
    "link_text": null,
    "link_text_color": null,
    "link_url": null,
    "name": null,
    "project_id": 2360617,
    "should_show_feature_image_section": true,
    "show_feature_image": false,
    "state": "inactive",
    "state_changed_at": 1454777014,
    "text_color": null
  },
  "slug": "gizbeetm-travel-w-unlimited-removable-photo-storag",
  "spotlight": false,
  "staff_pick": false,
  "state": "canceled",
  "state_changed_at": 1457642310,
  "static_usd_rate": 1.0,
  "urls": {
    "web": {
      "project": "https://www.kickstarter.com/projects/1697733033/gizbeetm-travel-w-unlimited-removable-photo-storag?ref=category_newest",
      "rewards": "https://www.kickstarter.com/projects/1697733033/gizbeetm-travel-w-unlimited-removable-photo-storag/rewards"
    }
  },
  "usd_pledged": "2030.0"
}