{
  "backers_count": 3,
  "blurb": "The problem of mail: it is physical! Diposta collects, digitizes, and provides daily postal mail. Never worry about your mailbox again.",
  "category": {
    "color": 6526716,
    "id": 342,
    "name": "Web",
    "parent_id": 16,
    "position": 15,
    "slug": "technology/web",
    "urls": {
      "web": {
        "discover": "http://www.kickstarter.com/discover/categories/technology/web"
      }
    }
  },
  "country": "US",
  "created_at": 1426589637,
  "creator": {
    "avatar": {
      "medium": "https://ksr-ugc.imgix.net/assets/009/689/169/2933bcb257410c5a34bc8063405feb50_original.jpg?w=160&h=160&fit=crop&v=1461621014&auto=format&q=92&s=9ae3bc661c630adeaebfe86e50a946ea",
      "small": "https://ksr-ugc.imgix.net/assets/009/689/169/2933bcb257410c5a34bc8063405feb50_original.jpg?w=160&h=160&fit=crop&v=1461621014&auto=format&q=92&s=9ae3bc661c630adeaebfe86e50a946ea",
      "thumb": "https://ksr-ugc.imgix.net/assets/009/689/169/2933bcb257410c5a34bc8063405feb50_original.jpg?w=40&h=40&fit=crop&v=1461621014&auto=format&q=92&s=c9f92b28a7b4e457ac141ea4731dc842"
    },
    "id": 105350477,
    "name": "Chris Stern",
    "urls": {
      "api": {
        "user": "https://api.kickstarter.com/v1/users/105350477?signature=1488680941.16b578aa9e5c5fbbac200a82536d42d24062b3f4"
      },
      "web": {
        "user": "https://www.kickstarter.com/profile/105350477"
      }
    }
  },
  "currency": "USD",
  "currency_symbol": "$",
  "currency_trailing_code": true,
  "deadline": 1471951116,
  "disable_communication": false,
  "goal": 100000.0,
  "id": 1000261018,
  "launched_at": 1469359116,
  "location": {
    "country": "US",
    "displayable_name": "Raleigh, NC",
    "id": 2478307,
    "is_root": false,
    "name": "Raleigh",
    "short_name": "Raleigh, NC",
    "slug": "raleigh-nc",
    "state": "NC",
    "type": "Town",
    "urls": {
      "api": {
        "nearby_projects": "https://api.kickstarter.com/v1/discover?signature=1488668423.18727a31646b938a540085f0fcaaf9426a5d99be&woe_id=2478307"
      },
      "web": {
        "discover": "https://www.kickstarter.com/discover/places/raleigh-nc",
        "location": "https://www.kickstarter.com/locations/raleigh-nc"
      }
    }
  },
  "name": "Diposta - liberating people from their postal mailbox.",
  "photo": {
    "1024x576": "https://ksr-ugc.imgix.net/assets/012/071/808/109c2837de24229820849e9336054aba_original.jpg?w=1024&h=576&fit=fill&bg=000000&v=1463729488&auto=format&q=92&s=ff72705d85bdda585f65c8d3ba81a9c5",
    "1536x864": "https://ksr-ugc.imgix.net/assets/012/071/808/109c2837de24229820849e9336054aba_original.jpg?w=1536&h=864&fit=fill&bg=000000&v=1463729488&auto=format&q=92&s=6ce547ca91b2b72a85d96c477ac554a2",
    "ed": "https://ksr-ugc.imgix.net/assets/012/071/808/109c2837de24229820849e9336054aba_original.jpg?w=338&h=190&fit=fill&bg=000000&v=1463729488&auto=format&q=92&s=bd7c92097814cf597d50ab040742f4be",
    "full": "https://ksr-ugc.imgix.net/assets/012/071/808/109c2837de24229820849e9336054aba_original.jpg?w=560&h=315&fit=fill&bg=000000&v=1463729488&auto=format&q=92&s=752da4ac553b61ea75cb180ba3a63274",
    "key": "assets/012/071/808/109c2837de24229820849e9336054aba_original.jpg",
    "little": "https://ksr-ugc.imgix.net/assets/012/071/808/109c2837de24229820849e9336054aba_original.jpg?w=200&h=112&fit=fill&bg=000000&v=1463729488&auto=format&q=92&s=99a8761e12d95382e16201d9d338d929",
    "med": "https://ksr-ugc.imgix.net/assets/012/071/808/109c2837de24229820849e9336054aba_original.jpg?w=266&h=150&fit=fill&bg=000000&v=1463729488&auto=format&q=92&s=681ff0d835444217b797516b3d09fb4c",
    "small": "https://ksr-ugc.imgix.net/assets/012/071/808/109c2837de24229820849e9336054aba_original.jpg?w=160&h=90&fit=fill&bg=000000&v=1463729488&auto=format&q=92&s=3cbb65c14cac1d40492755646775cd4c",
    "thumb": "https://ksr-ugc.imgix.net/assets/012/071/808/109c2837de24229820849e9336054aba_original.jpg?w=40&h=22&fit=fill&bg=000000&v=1463729488&auto=format&q=92&s=3cf2e002f83328f1e4d2c577bb986688"
  },
  "pledged": 141.0,
  "profile": {
    "background_color": null,
    "background_image_opacity": 0.8,
    "blurb": null,
    "feature_image_attributes": {
      "image_urls": {
        "baseball_card": "https://ksr-ugc.imgix.net/assets/012/071/808/109c2837de24229820849e9336054aba_original.jpg?w=1552&h=873&fit=fill&bg=000000&v=1463729488&auto=format&q=92&s=9139e083eaf8eb33d01ebdfe438fec64",
        "default": "https://ksr-ugc.imgix.net/assets/012/071/808/109c2837de24229820849e9336054aba_original.jpg?w=1552&h=873&fit=fill&bg=000000&v=1463729488&auto=format&q=92&s=9139e083eaf8eb33d01ebdfe438fec64"
      }
    },
    "id": 1774787,
    "link_background_color": null,
    "link_text": null,
    "link_text_color": null,
    "link_url": null,
    "name": null,
    "project_id": 1774787,
    "should_show_feature_image_section": true,
    "show_feature_image": false,
    "state": "inactive",
    "state_changed_at": 1426589637,
    "text_color": null
  },
  "slug": "diposta-liberating-people-from-their-postal-mailbo",
  "spotlight": false,
  "staff_pick": false,
  "state": "failed",
  "state_changed_at": 1471951117,
  "static_usd_rate": 1.0,
  "urls": {
    "web": {
      "project": "https://www.kickstarter.com/projects/105350477/diposta-liberating-people-from-their-postal-mailbo?ref=category_newest",
      "rewards": "https://www.kickstarter.com/projects/105350477/diposta-liberating-people-from-their-postal-mailbo/rewards"
    }
  },
  "usd_pledged": "141.0"
}