{
  "backers_count": 4,
  "blurb": "Seeking funding for the Hangar 1 Foundation so we can put up the 60 x 30 foot building we have already purchased.",
  "category": {
    "color": 6526716,
    "id": 336,
    "name": "Flight",
    "parent_id": 16,
    "position": 6,
    "slug": "technology/flight",
    "urls": {
      "web": {
        "discover": "http://www.kickstarter.com/discover/categories/technology/flight"
      }
    }
  },
  "country": "US",
  "created_at": 1407940992,
  "creator": {
    "avatar": {
      "medium": "https://ksr-ugc.imgix.net/assets/009/193/000/8cf350c954b3535634ad95a1502e979e_original.jpeg?w=160&h=160&fit=crop&v=1461563627&auto=format&q=92&s=fdd633605578a69197f5200a01c915fe",
      "small": "https://ksr-ugc.imgix.net/assets/009/193/000/8cf350c954b3535634ad95a1502e979e_original.jpeg?w=160&h=160&fit=crop&v=1461563627&auto=format&q=92&s=fdd633605578a69197f5200a01c915fe",
      "thumb": "https://ksr-ugc.imgix.net/assets/009/193/000/8cf350c954b3535634ad95a1502e979e_original.jpeg?w=40&h=40&fit=crop&v=1461563627&auto=format&q=92&s=b34a1a36732bb44f3e02fe8dd25267a7"
    },
    "id": 1619263084,
    "name": "Kenneth Steenrod",
    "urls": {
      "api": {
        "user": "https://api.kickstarter.com/v1/users/1619263084?signature=1488679410.745d46867208bb180dcf6d331807983cbd398326"
      },
      "web": {
        "user": "https://www.kickstarter.com/profile/1619263084"
      }
    }
  },
  "currency": "USD",
  "currency_symbol": "$",
  "currency_trailing_code": true,
  "deadline": 1413654043,
  "disable_communication": false,
  "goal": 8500.0,
  "id": 1000624031,
  "launched_at": 1409766043,
  "location": {
    "country": "US",
    "displayable_name": "Erie, KS",
    "id": 2400051,
    "is_root": false,
    "name": "Erie",
    "short_name": "Erie, KS",
    "slug": "erie-ks",
    "state": "KS",
    "type": "Town",
    "urls": {
      "api": {
        "nearby_projects": "https://api.kickstarter.com/v1/discover?signature=1488668975.7fbdeddced7a1b46255a998184d55a2a57455b2f&woe_id=2400051"
      },
      "web": {
        "discover": "https://www.kickstarter.com/discover/places/erie-ks",
        "location": "https://www.kickstarter.com/locations/erie-ks"
      }
    }
  },
  "name": "Hangar 1 Foundation",
  "photo": {
    "1024x576": "https://ksr-ugc.imgix.net/assets/011/834/616/f97b15770e527fa3179cbeafb72805cf_original.jpg?w=1024&h=576&fit=fill&bg=000000&v=1463701541&auto=format&q=92&s=4d45c1bf303b30e35c2abff629ee682f",
    "1536x864": "https://ksr-ugc.imgix.net/assets/011/834/616/f97b15770e527fa3179cbeafb72805cf_original.jpg?w=1536&h=864&fit=fill&bg=000000&v=1463701541&auto=format&q=92&s=1ee4405e7a8c6534df1ed15f6fae6605",
    "ed": "https://ksr-ugc.imgix.net/assets/011/834/616/f97b15770e527fa3179cbeafb72805cf_original.jpg?w=338&h=190&fit=fill&bg=000000&v=1463701541&auto=format&q=92&s=a8e901374c55981823fb4fa932754527",
    "full": "https://ksr-ugc.imgix.net/assets/011/834/616/f97b15770e527fa3179cbeafb72805cf_original.jpg?w=560&h=315&fit=fill&bg=000000&v=1463701541&auto=format&q=92&s=c8e0bf096125cd76d7d0c3fb703f4712",
    "key": "assets/011/834/616/f97b15770e527fa3179cbeafb72805cf_original.jpg",
    "little": "https://ksr-ugc.imgix.net/assets/011/834/616/f97b15770e527fa3179cbeafb72805cf_original.jpg?w=200&h=112&fit=fill&bg=000000&v=1463701541&auto=format&q=92&s=85708d6432cf5354019b3bec37301077",
    "med": "https://ksr-ugc.imgix.net/assets/011/834/616/f97b15770e527fa3179cbeafb72805cf_original.jpg?w=266&h=150&fit=fill&bg=000000&v=1463701541&auto=format&q=92&s=40b26281ef5f3ecfa9a15e12778443a2",
    "small": "https://ksr-ugc.imgix.net/assets/011/834/616/f97b15770e527fa3179cbeafb72805cf_original.jpg?w=160&h=90&fit=fill&bg=000000&v=1463701541&auto=format&q=92&s=713e692ae6dcb8eecebff0afd1444178",
    "thumb": "https://ksr-ugc.imgix.net/assets/011/834/616/f97b15770e527fa3179cbeafb72805cf_original.jpg?w=40&h=22&fit=fill&bg=000000&v=1463701541&auto=format&q=92&s=ae23bced8734cecd2fbac98518c5da78"
  },
  "pledged": 1355.0,
  "profile": {
    "background_color": null,
    "background_image_opacity": 0.8,
    "blurb": null,
    "feature_image_attributes": {
      "image_urls": {
        "baseball_card": "https://ksr-ugc.imgix.net/assets/011/834/616/f97b15770e527fa3179cbeafb72805cf_original.jpg?w=1552&h=873&fit=fill&bg=000000&v=1463701541&auto=format&q=92&s=49ffece3e323283f761ec4c2e5d96421",
        "default": "https://ksr-ugc.imgix.net/assets/011/834/616/f97b15770e527fa3179cbeafb72805cf_original.jpg?w=1552&h=873&fit=fill&bg=000000&v=1463701541&auto=format&q=92&s=49ffece3e323283f761ec4c2e5d96421"
      }
    },
    "id": 1286543,
    "link_background_color": null,
    "link_text": null,
    "link_text_color": null,
    "link_url": null,
    "name": null,
    "project_id": 1286543,
    "should_show_feature_image_section": true,
    "show_feature_image": false,
    "state": "inactive",
    "state_changed_at": 1425915871,
    "text_color": null
  },
  "slug": "hangar-1-foundation",
  "spotlight": false,
  "staff_pick": false,
  "state": "failed",
  "state_changed_at": 1413654044,
  "static_usd_rate": 1.0,
  "urls": {
    "web": {
      "project": "https://www.kickstarter.com/projects/1619263084/hangar-1-foundation?ref=category_newest",
      "rewards": "https://www.kickstarter.com/projects/1619263084/hangar-1-foundation/rewards"
    }
  },
  "usd_pledged": "1355.0"
}