{
  "backers_count": 32,
  "blurb": "Connect VoxCube to a microcontroller to create 3D volumetrics animations This includes. Raspberry Pi, Arduino, Photon,PIC...",
  "category": {
    "color": 6526716,
    "id": 362,
    "name": "Makerspaces",
    "parent_id": 16,
    "position": 9,
    "slug": "technology/makerspaces",
    "urls": {
      "web": {
        "discover": "http://www.kickstarter.com/discover/categories/technology/makerspaces"
      }
    }
  },
  "country": "AU",
  "created_at": 1455438411,
  "creator": {
    "avatar": {
      "medium": "https://ksr-ugc.imgix.net/assets/007/864/963/2df2a32257b0755012aec6a16e8cfa6b_original.jpg?w=160&h=160&fit=crop&v=1461484691&auto=format&q=92&s=09fb196fec6b2f8b9ad231bd0d0525ba",
      "small": "https://ksr-ugc.imgix.net/assets/007/864/963/2df2a32257b0755012aec6a16e8cfa6b_original.jpg?w=160&h=160&fit=crop&v=1461484691&auto=format&q=92&s=09fb196fec6b2f8b9ad231bd0d0525ba",
      "thumb": "https://ksr-ugc.imgix.net/assets/007/864/963/2df2a32257b0755012aec6a16e8cfa6b_original.jpg?w=40&h=40&fit=crop&v=1461484691&auto=format&q=92&s=dd0a391b939b9b984c71e8bb2027bb2e"
    },
    "id": 2135028730,
    "name": "Mark Williams",
    "urls": {
      "api": {
        "user": "https://api.kickstarter.com/v1/users/2135028730?signature=1488680087.9ffcc604aafbd44a0a2724c5f7ae8c7932db9580"
      },
      "web": {
        "user": "https://www.kickstarter.com/profile/2135028730"
      }
    }
  },
  "currency": "AUD",
  "currency_symbol": "$",
  "currency_trailing_code": true,
  "deadline": 1459462502,
  "disable_communication": false,
  "goal": 129000.0,
  "id": 1000656794,
  "launched_at": 1456874102,
  "location": {
    "country": "AU",
    "displayable_name": "Sydney, AU",
    "id": 1105779,
    "is_root": false,
    "name": "Sydney",
    "short_name": "Sydney, AU",
    "slug": "sydney-au",
    "state": "NSW",
    "type": "Town",
    "urls": {
      "api": {
        "nearby_projects": "https://api.kickstarter.com/v1/discover?signature=1488668423.da3711c93b7dc98b72bdc8f6ffe7daa0c4559d43&woe_id=1105779"
      },
      "web": {
        "discover": "https://www.kickstarter.com/discover/places/sydney-au",
        "location": "https://www.kickstarter.com/locations/sydney-au"
      }
    }
  },
  "name": "VoxCube - 8x8x8 RGB LED chainable cubes",
  "photo": {
    "1024x576": "https://ksr-ugc.imgix.net/assets/012/380/656/fa861c37b69fc7dae82f5cd13753de06_original.jpg?w=1024&h=576&fit=fill&bg=FFFFFF&v=1463758039&auto=format&q=92&s=379b2dfa8ac1ff016aa5a785a04b7dc2",
    "1536x864": "https://ksr-ugc.imgix.net/assets/012/380/656/fa861c37b69fc7dae82f5cd13753de06_original.jpg?w=1536&h=864&fit=fill&bg=FFFFFF&v=1463758039&auto=format&q=92&s=1be633b1dbe9ba1168db27b4ffce1fee",
    "ed": "https://ksr-ugc.imgix.net/assets/012/380/656/fa861c37b69fc7dae82f5cd13753de06_original.jpg?w=338&h=190&fit=fill&bg=FFFFFF&v=1463758039&auto=format&q=92&s=ee849284a6318b67354d577457706f51",
    "full": "https://ksr-ugc.imgix.net/assets/012/380/656/fa861c37b69fc7dae82f5cd13753de06_original.jpg?w=560&h=315&fit=fill&bg=FFFFFF&v=1463758039&auto=format&q=92&s=914d76589034806f52229d3ef8a4b37a",
    "key": "assets/012/380/656/fa861c37b69fc7dae82f5cd13753de06_original.jpg",
    "little": "https://ksr-ugc.imgix.net/assets/012/380/656/fa861c37b69fc7dae82f5cd13753de06_original.jpg?w=200&h=112&fit=fill&bg=FFFFFF&v=1463758039&auto=format&q=92&s=3b29d36401a9048c14c6b48e97c5e2e6",
    "med": "https://ksr-ugc.imgix.net/assets/012/380/656/fa861c37b69fc7dae82f5cd13753de06_original.jpg?w=266&h=150&fit=fill&bg=FFFFFF&v=1463758039&auto=format&q=92&s=b2e8ebd60aa55798cc94bd815bbbec12",
    "small": "https://ksr-ugc.imgix.net/assets/012/380/656/fa861c37b69fc7dae82f5cd13753de06_original.jpg?w=160&h=90&fit=fill&bg=FFFFFF&v=1463758039&auto=format&q=92&s=f12d2fed6237f5342ef1d67a6e83e946",
    "thumb": "https://ksr-ugc.imgix.net/assets/012/380/656/fa861c37b69fc7dae82f5cd13753de06_original.jpg?w=40&h=22&fit=fill&bg=FFFFFF&v=1463758039&auto=format&q=92&s=ab2d4703f0e850b2a7a22fc0d83aa4b6"
  },
  "pledged": 11601.5,
  "profile": {
    "background_color": null,
    "background_image_opacity": 0.8,
    "blurb": null,
    "feature_image_attributes": {
      "image_urls": {
        "baseball_card": "https://ksr-ugc.imgix.net/assets/012/380/656/fa861c37b69fc7dae82f5cd13753de06_original.jpg?w=1552&h=873&fit=fill&bg=FFFFFF&v=1463758039&auto=format&q=92&s=21e43b962b08279207eb48300f354c60",
        "default": "https://ksr-ugc.imgix.net/assets/012/380/656/fa861c37b69fc7dae82f5cd13753de06_original.jpg?w=1552&h=873&fit=fill&bg=FFFFFF&v=1463758039&auto=format&q=92&s=21e43b962b08279207eb48300f354c60"
      }
    },
    "id": 2373766,
    "link_background_color": null,
    "link_text": null,
    "link_text_color": null,
    "link_url": null,
    "name": null,
    "project_id": 2373766,
    "should_show_feature_image_section": true,
    "show_feature_image": false,
    "state": "inactive",
    "state_changed_at": 1455438411,
    "text_color": null
  },
  "slug": "voxcube-8x8x8-rgb-led-chainable-cubes",
  "spotlight": false,
  "staff_pick": false,
  "state": "failed",
  "state_changed_at": 1459462502,
  "static_usd_rate": 0.71261616,
  "urls": {
    "web": {
      "project": "https://www.kickstarter.com/projects/2135028730/voxcube-8x8x8-rgb-led-chainable-cubes?ref=category_newest",
      "rewards": "https://www.kickstarter.com/projects/2135028730/voxcube-8x8x8-rgb-led-chainable-cubes/rewards"
    }
  },
  "usd_pledged": "8267.41638024"
}