{
  "backers_count": 18,
  "blurb": "This talking flashlight kit is powered by super capacitors which means that they can be charged and recharged more than 100k times.",
  "category": {
    "color": 6526716,
    "id": 52,
    "name": "Hardware",
    "parent_id": 16,
    "position": 8,
    "slug": "technology/hardware",
    "urls": {
      "web": {
        "discover": "http://www.kickstarter.com/discover/categories/technology/hardware"
      }
    }
  },
  "country": "CA",
  "created_at": 1378731759,
  "creator": {
    "avatar": {
      "medium": "https://ksr-ugc.imgix.net/assets/007/943/377/3d8deacd877eadc998dacf425a781bac_original.JPG?w=160&h=160&fit=crop&v=1461492720&auto=format&q=92&s=aca2c19cbef43e7a91648bb984e0ffdf",
      "small": "https://ksr-ugc.imgix.net/assets/007/943/377/3d8deacd877eadc998dacf425a781bac_original.JPG?w=160&h=160&fit=crop&v=1461492720&auto=format&q=92&s=aca2c19cbef43e7a91648bb984e0ffdf",
      "thumb": "https://ksr-ugc.imgix.net/assets/007/943/377/3d8deacd877eadc998dacf425a781bac_original.JPG?w=40&h=40&fit=crop&v=1461492720&auto=format&q=92&s=f576792bf5ccbdcf5f787a946dd1ae5c"
    },
    "id": 172204344,
    "name": "Patrick Thomas Mitchell",
    "urls": {
      "api": {
        "user": "https://api.kickstarter.com/v1/users/172204344?signature=1488679880.e73bf34b90c61ea917592acadf09d78073a48635"
      },
      "web": {
        "user": "https://www.kickstarter.com/profile/172204344"
      }
    }
  },
  "currency": "CAD",
  "currency_symbol": "$",
  "currency_trailing_code": true,
  "deadline": 1382564209,
  "disable_communication": false,
  "goal": 2000.0,
  "id": 1000697657,
  "launched_at": 1379972209,
  "location": {
    "country": "CA",
    "displayable_name": "Carleton Place, Canada",
    "id": 3379,
    "is_root": false,
    "name": "Carleton Place",
    "short_name": "Carleton Place, Canada",
    "slug": "carleton-place-ca",
    "state": "ON",
    "type": "Town",
    "urls": {
      "api": {
        "nearby_projects": "https://api.kickstarter.com/v1/discover?signature=1488668441.e568fbc6ea7e45bb356a6349a24c0d0454794fd1&woe_id=3379"
      },
      "web": {
        "discover": "https://www.kickstarter.com/discover/places/carleton-place-ca",
        "location": "https://www.kickstarter.com/locations/carleton-place-ca"
      }
    }
  },
  "name": "The Forever Rechargeable Talking Super Capacitor Flashlight",
  "photo": {
    "1024x576": "https://ksr-ugc.imgix.net/assets/011/574/682/d59aa1528cb1b7c4b6ce1f83ffffa712_original.png?w=1024&h=576&fit=fill&bg=000000&v=1463684681&auto=format&q=92&s=aefa6de18822a3feb78440ab909f84c5",
    "1536x864": "https://ksr-ugc.imgix.net/assets/011/574/682/d59aa1528cb1b7c4b6ce1f83ffffa712_original.png?w=1536&h=864&fit=fill&bg=000000&v=1463684681&auto=format&q=92&s=e88e4e7b38c10a4486a746645635c65e",
    "ed": "https://ksr-ugc.imgix.net/assets/011/574/682/d59aa1528cb1b7c4b6ce1f83ffffa712_original.png?w=338&h=190&fit=fill&bg=000000&v=1463684681&auto=format&q=92&s=c89c50ca342b449bb9050de3753a91dc",
    "full": "https://ksr-ugc.imgix.net/assets/011/574/682/d59aa1528cb1b7c4b6ce1f83ffffa712_original.png?w=560&h=315&fit=fill&bg=000000&v=1463684681&auto=format&q=92&s=a47d95763507ce7d1ff47af8becc09ac",
    "key": "assets/011/574/682/d59aa1528cb1b7c4b6ce1f83ffffa712_original.png",
    "little": "https://ksr-ugc.imgix.net/assets/011/574/682/d59aa1528cb1b7c4b6ce1f83ffffa712_original.png?w=200&h=112&fit=fill&bg=000000&v=1463684681&auto=format&q=92&s=3d592b9ddef55b5117a80b8daf31abcc",
    "med": "https://ksr-ugc.imgix.net/assets/011/574/682/d59aa1528cb1b7c4b6ce1f83ffffa712_original.png?w=266&h=150&fit=fill&bg=000000&v=1463684681&auto=format&q=92&s=e78ac9396734916596027e44f7571de6",
    "small": "https://ksr-ugc.imgix.net/assets/011/574/682/d59aa1528cb1b7c4b6ce1f83ffffa712_original.png?w=160&h=90&fit=fill&bg=000000&v=1463684681&auto=format&q=92&s=ab12ea29a7e56814cd514d3f11328611",
    "thumb": "https://ksr-ugc.imgix.net/assets/011/574/682/d59aa1528cb1b7c4b6ce1f83ffffa712_original.png?w=40&h=22&fit=fill&bg=000000&v=1463684681&auto=format&q=92&s=d38a1883cc00737bb7098dd6185422b1"
  },
  "pledged": 656.0,
  "profile": {
    "background_color": null,
    "background_image_opacity": 0.8,
    "blurb": null,
    "feature_image_attributes": {
      "image_urls": {
        "baseball_card": "https://ksr-ugc.imgix.net/assets/011/574/682/d59aa1528cb1b7c4b6ce1f83ffffa712_original.png?w=1552&h=873&fit=fill&bg=000000&v=1463684681&auto=format&q=92&s=8fbb5f798fab53a217c0a44c77787c4e",
        "default": "https://ksr-ugc.imgix.net/assets/011/574/682/d59aa1528cb1b7c4b6ce1f83ffffa712_original.png?w=1552&h=873&fit=fill&bg=000000&v=1463684681&auto=format&q=92&s=8fbb5f798fab53a217c0a44c77787c4e"
      }
    },
    "id": 691242,
    "link_background_color": null,
    "link_text": null,
    "link_text_color": null,
    "link_url": null,
    "name": null,
    "project_id": 691242,
    "should_show_feature_image_section": true,
    "show_feature_image": false,
    "state": "inactive",
    "state_changed_at": 1425915837,
    "text_color": null
  },
  "slug": "the-forever-rechargeable-talking-super-capacitor-f",
  "spotlight": false,
  "staff_pick": true,
  "state": "failed",
  "state_changed_at": 1382564210,
  "static_usd_rate": 0.97069755,
  "urls": {
    "web": {
      "project": "https://www.kickstarter.com/projects/172204344/the-forever-rechargeable-talking-super-capacitor-f?ref=category_newest",
      "rewards": "https://www.kickstarter.com/projects/172204344/the-forever-rechargeable-talking-super-capacitor-f/rewards"
    }
  },
  "usd_pledged": "636.7775928"
}