{
  "backers_count": 1,
  "blurb": "a simple and user freindly version of craigslist",
  "category": {
    "color": 6526716,
    "id": 342,
    "name": "Web",
    "parent_id": 16,
    "position": 15,
    "slug": "technology/web",
    "urls": {
      "web": {
        "discover": "http://www.kickstarter.com/discover/categories/technology/web"
      }
    }
  },
  "country": "US",
  "created_at": 1456687582,
  "creator": {
    "avatar": {
      "medium": "https://ksr-ugc.imgix.net/assets/006/273/657/e935ff74d2caa1433aff7e0f3df5573f_original.jpg?w=160&h=160&fit=crop&v=1461377814&auto=format&q=92&s=1ae3d4d9c7fe961598492399c6183a15",
      "small": "https://ksr-ugc.imgix.net/assets/006/273/657/e935ff74d2caa1433aff7e0f3df5573f_original.jpg?w=160&h=160&fit=crop&v=1461377814&auto=format&q=92&s=1ae3d4d9c7fe961598492399c6183a15",
      "thumb": "https://ksr-ugc.imgix.net/assets/006/273/657/e935ff74d2caa1433aff7e0f3df5573f_original.jpg?w=40&h=40&fit=crop&v=1461377814&auto=format&q=92&s=e9b8e961a078c50de67b05247e6aa48d"
    },
    "id": 967612940,
    "name": "Adam",
    "urls": {
      "api": {
        "user": "https://api.kickstarter.com/v1/users/967612940?signature=1488680912.95e5833be3b555feac3439b868642c27a64ac58e"
      },
      "web": {
        "user": "https://www.kickstarter.com/profile/967612940"
      }
    }
  },
  "currency": "USD",
  "currency_symbol": "$",
  "currency_trailing_code": true,
  "deadline": 1458498360,
  "disable_communication": false,
  "goal": 15000.0,
  "id": 1000558429,
  "launched_at": 1456881232,
  "location": {
    "country": "US",
    "displayable_name": "Detroit, MI",
    "id": 2391585,
    "is_root": false,
    "name": "Detroit",
    "short_name": "Detroit, MI",
    "slug": "detroit-mi",
    "state": "MI",
    "type": "Town",
    "urls": {
      "api": {
        "nearby_projects": "https://api.kickstarter.com/v1/discover?signature=1488668421.d97bdc3f316337a0691e5990d286f38a197124c7&woe_id=2391585"
      },
      "web": {
        "discover": "https://www.kickstarter.com/discover/places/detroit-mi",
        "location": "https://www.kickstarter.com/locations/detroit-mi"
      }
    }
  },
  "name": "Sellegg start up classified site",
  "photo": {
    "1024x576": "https://ksr-ugc.imgix.net/assets/012/393/161/0bd6bdf1b426233f1c8490a63bdb5129_original.png?w=1024&h=576&fit=fill&bg=000000&v=1463758769&auto=format&q=92&s=15e893b6c30f170682ee90dc05957690",
    "1536x864": "https://ksr-ugc.imgix.net/assets/012/393/161/0bd6bdf1b426233f1c8490a63bdb5129_original.png?w=1536&h=864&fit=fill&bg=000000&v=1463758769&auto=format&q=92&s=9af89fa4c95b14d3d1a0c0c69eebf36a",
    "ed": "https://ksr-ugc.imgix.net/assets/012/393/161/0bd6bdf1b426233f1c8490a63bdb5129_original.png?w=338&h=190&fit=fill&bg=000000&v=1463758769&auto=format&q=92&s=7f10d56c84a904e3cf5b3577111e8e67",
    "full": "https://ksr-ugc.imgix.net/assets/012/393/161/0bd6bdf1b426233f1c8490a63bdb5129_original.png?w=560&h=315&fit=fill&bg=000000&v=1463758769&auto=format&q=92&s=90a5411928448535edbdaf7e3e62568d",
    "key": "assets/012/393/161/0bd6bdf1b426233f1c8490a63bdb5129_original.png",
    "little": "https://ksr-ugc.imgix.net/assets/012/393/161/0bd6bdf1b426233f1c8490a63bdb5129_original.png?w=200&h=112&fit=fill&bg=000000&v=1463758769&auto=format&q=92&s=cfea4eb02d50c223eb197f44734c1c72",
    "med": "https://ksr-ugc.imgix.net/assets/012/393/161/0bd6bdf1b426233f1c8490a63bdb5129_original.png?w=266&h=150&fit=fill&bg=000000&v=1463758769&auto=format&q=92&s=63698945bca030ee4e7d32be7d628af1",
    "small": "https://ksr-ugc.imgix.net/assets/012/393/161/0bd6bdf1b426233f1c8490a63bdb5129_original.png?w=160&h=90&fit=fill&bg=000000&v=1463758769&auto=format&q=92&s=603a78860da7dd94c880d5e3842db263",
    "thumb": "https://ksr-ugc.imgix.net/assets/012/393/161/0bd6bdf1b426233f1c8490a63bdb5129_original.png?w=40&h=22&fit=fill&bg=000000&v=1463758769&auto=format&q=92&s=3911989e246bbbe022fada30b2d2d278"
  },
  "pledged": 25.0,
  "profile": {
    "background_color": null,
    "background_image_opacity": 0.8,
    "blurb": null,
    "feature_image_attributes": {
      "image_urls": {
        "baseball_card": "https://ksr-ugc.imgix.net/assets/012/393/161/0bd6bdf1b426233f1c8490a63bdb5129_original.png?w=1552&h=873&fit=fill&bg=000000&v=1463758769&auto=format&q=92&s=719d82a4f1d728fbf2d7122849946931",
        "default": "https://ksr-ugc.imgix.net/assets/012/393/161/0bd6bdf1b426233f1c8490a63bdb5129_original.png?w=1552&h=873&fit=fill&bg=000000&v=1463758769&auto=format&q=92&s=719d82a4f1d728fbf2d7122849946931"
      }
    },
    "id": 2398040,
    "link_background_color": null,
    "link_text": null,
    "link_text_color": null,
    "link_url": null,
    "name": null,
    "project_id": 2398040,
    "should_show_feature_image_section": true,
    "show_feature_image": false,
    "state": "inactive",
    "state_changed_at": 1456687582,
    "text_color": null
  },
  "slug": "sellegg-start-up-classified-site",
  "spotlight": false,
  "staff_pick": false,
  "state": "failed",
  "state_changed_at": 1458498363,
  "static_usd_rate": 1.0,
  "urls": {
    "web": {
      "project": "https://www.kickstarter.com/projects/967612940/sellegg-start-up-classified-site?ref=category_newest",
      "rewards": "https://www.kickstarter.com/projects/967612940/sellegg-start-up-classified-site/rewards"
    }
  },
  "usd_pledged": "25.0"
}