{
  "backers_count": 3080,
  "blurb": "VLC for Windows 8. A native app, fully featured and fully open source. Play all your files, streams and optical media.",
  "category": {
    "color": 6526716,
    "id": 51,
    "name": "Software",
    "parent_id": 16,
    "position": 11,
    "slug": "technology/software",
    "urls": {
      "web": {
        "discover": "http://www.kickstarter.com/discover/categories/technology/software"
      }
    }
  },
  "country": "GB",
  "created_at": 1350745933,
  "creator": {
    "avatar": {
      "medium": "https://ksr-ugc.imgix.net/assets/007/026/885/7a8202d14debf579a488e4212599ead9_original.jpg?w=160&h=160&fit=crop&v=1461429248&auto=format&q=92&s=c767f4330c75bc2f70e09a9d5046993c",
      "small": "https://ksr-ugc.imgix.net/assets/007/026/885/7a8202d14debf579a488e4212599ead9_original.jpg?w=160&h=160&fit=crop&v=1461429248&auto=format&q=92&s=c767f4330c75bc2f70e09a9d5046993c",
      "thumb": "https://ksr-ugc.imgix.net/assets/007/026/885/7a8202d14debf579a488e4212599ead9_original.jpg?w=40&h=40&fit=crop&v=1461429248&auto=format&q=92&s=ee7d0c08f5c904d9bbe4608411d5783d"
    },
    "id": 1061646928,
    "name": "VideoLAN",
    "urls": {
      "api": {
        "user": "https://api.kickstarter.com/v1/users/1061646928?signature=1488680163.75717d7f48176fb8284409f770e5c4acf3b42956"
      },
      "web": {
        "user": "https://www.kickstarter.com/profile/1061646928"
      }
    }
  },
  "currency": "GBP",
  "currency_symbol": "\u00a3",
  "currency_trailing_code": false,
  "deadline": 1356785690,
  "disable_communication": false,
  "goal": 40000.0,
  "id": 1000776914,
  "launched_at": 1354193690,
  "location": {
    "country": "FR",
    "displayable_name": "Paris, France",
    "id": 615702,
    "is_root": false,
    "name": "Paris",
    "short_name": "Paris, France",
    "slug": "paris-fr",
    "state": "Ile-de-France",
    "type": "Town",
    "urls": {
      "api": {
        "nearby_projects": "https://api.kickstarter.com/v1/discover?signature=1488668419.2a4f9ea626052964af1cb80dc18db748672cc3f2&woe_id=615702"
      },
      "web": {
        "discover": "https://www.kickstarter.com/discover/places/paris-fr",
        "location": "https://www.kickstarter.com/locations/paris-fr"
      }
    }
  },
  "name": "VLC for the new Windows 8 User Experience (\"Metro\")",
  "photo": {
    "1024x576": "https://ksr-ugc.imgix.net/assets/011/441/952/b9fcfac8d4bd86965d99e81a33a90118_original.png?w=1024&h=576&fit=fill&bg=000000&v=1463682793&auto=format&q=92&s=5f1dc0d7896fb8d20680fd304fd5ee70",
    "1536x864": "https://ksr-ugc.imgix.net/assets/011/441/952/b9fcfac8d4bd86965d99e81a33a90118_original.png?w=1536&h=864&fit=fill&bg=000000&v=1463682793&auto=format&q=92&s=dbc2a636361a4899a840c07847de0d82",
    "ed": "https://ksr-ugc.imgix.net/assets/011/441/952/b9fcfac8d4bd86965d99e81a33a90118_original.png?w=338&h=190&fit=fill&bg=000000&v=1463682793&auto=format&q=92&s=2e493c8f4e310525e4af854317e524d5",
    "full": "https://ksr-ugc.imgix.net/assets/011/441/952/b9fcfac8d4bd86965d99e81a33a90118_original.png?w=560&h=315&fit=fill&bg=000000&v=1463682793&auto=format&q=92&s=72c066f2056e58d59c8ed22a73fe4dde",
    "key": "assets/011/441/952/b9fcfac8d4bd86965d99e81a33a90118_original.png",
    "little": "https://ksr-ugc.imgix.net/assets/011/441/952/b9fcfac8d4bd86965d99e81a33a90118_original.png?w=200&h=112&fit=fill&bg=000000&v=1463682793&auto=format&q=92&s=4aeeb8baaebe950f5073ba4c219d73c6",
    "med": "https://ksr-ugc.imgix.net/assets/011/441/952/b9fcfac8d4bd86965d99e81a33a90118_original.png?w=266&h=150&fit=fill&bg=000000&v=1463682793&auto=format&q=92&s=97012e57ecc635fe68f21e6d20d5b4ee",
    "small": "https://ksr-ugc.imgix.net/assets/011/441/952/b9fcfac8d4bd86965d99e81a33a90118_original.png?w=160&h=90&fit=fill&bg=000000&v=1463682793&auto=format&q=92&s=26ed5096f99920d41636489b1bbb7b84",
    "thumb": "https://ksr-ugc.imgix.net/assets/011/441/952/b9fcfac8d4bd86965d99e81a33a90118_original.png?w=40&h=22&fit=fill&bg=000000&v=1463682793&auto=format&q=92&s=f22b9f67278726e4bd68f89e971c79b7"
  },
  "pledged": 47056.86,
  "profile": {
    "background_color": null,
    "background_image_opacity": 0.8,
    "blurb": null,
    "feature_image_attributes": {
      "image_urls": {
        "baseball_card": "https://ksr-ugc.imgix.net/assets/011/441/952/b9fcfac8d4bd86965d99e81a33a90118_original.png?w=1552&h=873&fit=fill&bg=000000&v=1463682793&auto=format&q=92&s=d45661d1fd742be82056c2bb640b2c55",
        "default": "https://ksr-ugc.imgix.net/assets/011/441/952/b9fcfac8d4bd86965d99e81a33a90118_original.png?w=1552&h=873&fit=fill&bg=000000&v=1463682793&auto=format&q=92&s=d45661d1fd742be82056c2bb640b2c55"
      }
    },
    "id": 380262,
    "link_background_color": null,
    "link_text": null,
    "link_text_color": null,
    "link_url": null,
    "name": null,
    "project_id": 380262,
    "should_show_feature_image_section": true,
    "show_feature_image": false,
    "state": "inactive",
    "state_changed_at": 1425915820,
    "text_color": null
  },
  "slug": "vlc-for-the-new-windows-8-user-experience-metro",
  "spotlight": true,
  "staff_pick": true,
  "state": "successful",
  "state_changed_at": 1356785690,
  "static_usd_rate": 1.60157595,
  "urls": {
    "web": {
      "project": "https://www.kickstarter.com/projects/1061646928/vlc-for-the-new-windows-8-user-experience-metro?ref=category_newest",
      "rewards": "https://www.kickstarter.com/projects/1061646928/vlc-for-the-new-windows-8-user-experience-metro/rewards"
    }
  },
  "usd_pledged": "75365.135258517"
}