{
  "backers_count": 12,
  "blurb": "Taking the novelty out of reward charts, and making them ACTUALLY work for you and your child!",
  "category": {
    "color": 6526716,
    "id": 51,
    "name": "Software",
    "parent_id": 16,
    "position": 11,
    "slug": "technology/software",
    "urls": {
      "web": {
        "discover": "http://www.kickstarter.com/discover/categories/technology/software"
      }
    }
  },
  "country": "IE",
  "created_at": 1439465129,
  "creator": {
    "avatar": {
      "medium": "https://ksr-ugc.imgix.net/assets/010/237/997/0cbb145a8c932a25b3b3ba1124f2082c_original.jpg?w=160&h=160&fit=crop&v=1461675726&auto=format&q=92&s=09c0acae01f49acab644209e71499c90",
      "small": "https://ksr-ugc.imgix.net/assets/010/237/997/0cbb145a8c932a25b3b3ba1124f2082c_original.jpg?w=160&h=160&fit=crop&v=1461675726&auto=format&q=92&s=09c0acae01f49acab644209e71499c90",
      "thumb": "https://ksr-ugc.imgix.net/assets/010/237/997/0cbb145a8c932a25b3b3ba1124f2082c_original.jpg?w=40&h=40&fit=crop&v=1461675726&auto=format&q=92&s=4635bf354b1de67c10a1dd121903b326"
    },
    "id": 1511932511,
    "name": "Caitlyn May",
    "slug": "gantish",
    "urls": {
      "api": {
        "user": "https://api.kickstarter.com/v1/users/1511932511?signature=1488680331.86f162b52680bf6dceaaca740d2d174380c77b22"
      },
      "web": {
        "user": "https://www.kickstarter.com/profile/gantish"
      }
    }
  },
  "currency": "EUR",
  "currency_symbol": "\u20ac",
  "currency_trailing_code": false,
  "deadline": 1442410623,
  "disable_communication": false,
  "goal": 4000.0,
  "id": 1000551777,
  "launched_at": 1439818623,
  "location": {
    "country": "IE",
    "displayable_name": "Mullingar, Ireland",
    "id": 561809,
    "is_root": false,
    "name": "Mullingar",
    "short_name": "Mullingar, Ireland",
    "slug": "mullingar-ie",
    "state": "Westmeath",
    "type": "Town",
    "urls": {
      "api": {
        "nearby_projects": "https://api.kickstarter.com/v1/discover?signature=1488675839.094d18e28d42c097b952744048d3e1e18decca62&woe_id=561809"
      },
      "web": {
        "discover": "https://www.kickstarter.com/discover/places/mullingar-ie",
        "location": "https://www.kickstarter.com/locations/mullingar-ie"
      }
    }
  },
  "name": "Gantish - Online Reward Chart Creator for Parents",
  "photo": {
    "1024x576": "https://ksr-ugc.imgix.net/assets/012/223/719/4cae9a5f9cb4ed32cb54b0d601dbdcf9_original.jpg?w=1024&h=576&fit=fill&bg=000000&v=1463743754&auto=format&q=92&s=23b885b3cac048951d1e036cc00c9fc6",
    "1536x864": "https://ksr-ugc.imgix.net/assets/012/223/719/4cae9a5f9cb4ed32cb54b0d601dbdcf9_original.jpg?w=1536&h=864&fit=fill&bg=000000&v=1463743754&auto=format&q=92&s=f097fa33451e5aad00ca8dc51b7d22b1",
    "ed": "https://ksr-ugc.imgix.net/assets/012/223/719/4cae9a5f9cb4ed32cb54b0d601dbdcf9_original.jpg?w=338&h=190&fit=fill&bg=000000&v=1463743754&auto=format&q=92&s=fc5843fcb76896c2c5751f3a1fc087af",
    "full": "https://ksr-ugc.imgix.net/assets/012/223/719/4cae9a5f9cb4ed32cb54b0d601dbdcf9_original.jpg?w=560&h=315&fit=fill&bg=000000&v=1463743754&auto=format&q=92&s=86193200c2677c35b1da7f0cc72e5dbf",
    "key": "assets/012/223/719/4cae9a5f9cb4ed32cb54b0d601dbdcf9_original.jpg",
    "little": "https://ksr-ugc.imgix.net/assets/012/223/719/4cae9a5f9cb4ed32cb54b0d601dbdcf9_original.jpg?w=200&h=112&fit=fill&bg=000000&v=1463743754&auto=format&q=92&s=92a34d42bf133ce13b0fcfb2c12e3c03",
    "med": "https://ksr-ugc.imgix.net/assets/012/223/719/4cae9a5f9cb4ed32cb54b0d601dbdcf9_original.jpg?w=266&h=150&fit=fill&bg=000000&v=1463743754&auto=format&q=92&s=75fbf82c26d308234feb5bf9d58f5400",
    "small": "https://ksr-ugc.imgix.net/assets/012/223/719/4cae9a5f9cb4ed32cb54b0d601dbdcf9_original.jpg?w=160&h=90&fit=fill&bg=000000&v=1463743754&auto=format&q=92&s=2166692442eed9b224c4177843b6ca97",
    "thumb": "https://ksr-ugc.imgix.net/assets/012/223/719/4cae9a5f9cb4ed32cb54b0d601dbdcf9_original.jpg?w=40&h=22&fit=fill&bg=000000&v=1463743754&auto=format&q=92&s=a000394efcc66b26382044f351010523"
  },
  "pledged": 282.0,
  "profile": {
    "background_color": null,
    "background_image_opacity": 0.8,
    "blurb": null,
    "feature_image_attributes": {
      "image_urls": {
        "baseball_card": "https://ksr-ugc.imgix.net/assets/012/223/719/4cae9a5f9cb4ed32cb54b0d601dbdcf9_original.jpg?w=1552&h=873&fit=fill&bg=000000&v=1463743754&auto=format&q=92&s=d9cc50f409e9d2cd9d10851ec962d968",
        "default": "https://ksr-ugc.imgix.net/assets/012/223/719/4cae9a5f9cb4ed32cb54b0d601dbdcf9_original.jpg?w=1552&h=873&fit=fill&bg=000000&v=1463743754&auto=format&q=92&s=d9cc50f409e9d2cd9d10851ec962d968"
      }
    },
    "id": 2065912,
    "link_background_color": null,
    "link_text": null,
    "link_text_color": null,
    "link_url": null,
    "name": null,
    "project_id": 2065912,
    "should_show_feature_image_section": true,
    "show_feature_image": false,
    "state": "inactive",
    "state_changed_at": 1439465129,
    "text_color": null
  },
  "slug": "gantish",
  "spotlight": false,
  "staff_pick": false,
  "state": "failed",
  "state_changed_at": 1442410624,
  "static_usd_rate": 1.11099384,
  "urls": {
    "web": {
      "project": "https://www.kickstarter.com/projects/gantish/gantish?ref=category_newest",
      "rewards": "https://www.kickstarter.com/projects/gantish/gantish/rewards"
    }
  },
  "usd_pledged": "313.30026288"
}