{
  "backers_count": 57,
  "blurb": "Completing this Lab will allow students across the country the access to technology bringing their computer created designs to life.",
  "category": {
    "color": 6526716,
    "id": 335,
    "name": "Fabrication Tools",
    "parent_id": 16,
    "position": 5,
    "slug": "technology/fabrication tools",
    "urls": {
      "web": {
        "discover": "http://www.kickstarter.com/discover/categories/technology/fabrication%20tools"
      }
    }
  },
  "country": "US",
  "created_at": 1337623990,
  "creator": {
    "avatar": {
      "medium": "https://ksr-ugc.imgix.net/missing_user_avatar.png?w=160&h=160&fit=crop&v=&auto=format&q=92&s=c40e6ddb23a144ee8beca514ec2d6e58",
      "small": "https://ksr-ugc.imgix.net/missing_user_avatar.png?w=160&h=160&fit=crop&v=&auto=format&q=92&s=c40e6ddb23a144ee8beca514ec2d6e58",
      "thumb": "https://ksr-ugc.imgix.net/missing_user_avatar.png?w=40&h=40&fit=crop&v=&auto=format&q=92&s=8c0db61c92692000c2678b375fc31714"
    },
    "id": 90895326,
    "name": "PAST Foundation",
    "urls": {
      "api": {
        "user": "https://api.kickstarter.com/v1/users/90895326?signature=1488679375.23e0b8b6c4fec8654b6c84285db7b2626289d08c"
      },
      "web": {
        "user": "https://www.kickstarter.com/profile/90895326"
      }
    }
  },
  "currency": "USD",
  "currency_symbol": "$",
  "currency_trailing_code": true,
  "deadline": 1342007742,
  "disable_communication": false,
  "goal": 5000.0,
  "id": 1001077166,
  "launched_at": 1339415742,
  "location": {
    "country": "US",
    "displayable_name": "Columbus, OH",
    "id": 2383660,
    "is_root": false,
    "name": "Columbus",
    "short_name": "Columbus, OH",
    "slug": "columbus-oh",
    "state": "OH",
    "type": "Town",
    "urls": {
      "api": {
        "nearby_projects": "https://api.kickstarter.com/v1/discover?signature=1488668420.18b3be91679e6e1bfcadb85c80a518e0d12d43f5&woe_id=2383660"
      },
      "web": {
        "discover": "https://www.kickstarter.com/discover/places/columbus-oh",
        "location": "https://www.kickstarter.com/locations/columbus-oh"
      }
    }
  },
  "name": "Student Operated Fabrication Lab",
  "photo": {
    "1024x576": "https://ksr-ugc.imgix.net/assets/011/368/448/88c9dd7ffb2893c25ce660628b05d508_original.png?w=1024&h=576&fit=fill&bg=000000&v=1463681628&auto=format&q=92&s=708778bef5ae9cde06d46f9a27a11329",
    "1536x864": "https://ksr-ugc.imgix.net/assets/011/368/448/88c9dd7ffb2893c25ce660628b05d508_original.png?w=1536&h=864&fit=fill&bg=000000&v=1463681628&auto=format&q=92&s=06b0b8417433a64a78488381194c7957",
    "ed": "https://ksr-ugc.imgix.net/assets/011/368/448/88c9dd7ffb2893c25ce660628b05d508_original.png?w=338&h=190&fit=fill&bg=000000&v=1463681628&auto=format&q=92&s=5fde6abcb6cd6194acc8d703e57240cc",
    "full": "https://ksr-ugc.imgix.net/assets/011/368/448/88c9dd7ffb2893c25ce660628b05d508_original.png?w=560&h=315&fit=fill&bg=000000&v=1463681628&auto=format&q=92&s=e2650bf200bf910fe6cf0bf806c69d4f",
    "key": "assets/011/368/448/88c9dd7ffb2893c25ce660628b05d508_original.png",
    "little": "https://ksr-ugc.imgix.net/assets/011/368/448/88c9dd7ffb2893c25ce660628b05d508_original.png?w=200&h=112&fit=fill&bg=000000&v=1463681628&auto=format&q=92&s=8d407aa336b39c158585058293edc5df",
    "med": "https://ksr-ugc.imgix.net/assets/011/368/448/88c9dd7ffb2893c25ce660628b05d508_original.png?w=266&h=150&fit=fill&bg=000000&v=1463681628&auto=format&q=92&s=9d669c000df69f48cbf663afb1a7d9b4",
    "small": "https://ksr-ugc.imgix.net/assets/011/368/448/88c9dd7ffb2893c25ce660628b05d508_original.png?w=160&h=90&fit=fill&bg=000000&v=1463681628&auto=format&q=92&s=bcec2fdc2f80d311e04f6275a7e6074f",
    "thumb": "https://ksr-ugc.imgix.net/assets/011/368/448/88c9dd7ffb2893c25ce660628b05d508_original.png?w=40&h=22&fit=fill&bg=000000&v=1463681628&auto=format&q=92&s=1c11f09c8c3ab762b5fb5947694914fd"
  },
  "pledged": 5000.0,
  "profile": {
    "background_color": null,
    "background_image_opacity": 0.8,
    "blurb": null,
    "feature_image_attributes": {
      "image_urls": {
        "baseball_card": "https://ksr-ugc.imgix.net/assets/011/368/448/88c9dd7ffb2893c25ce660628b05d508_original.png?w=1552&h=873&fit=fill&bg=000000&v=1463681628&auto=format&q=92&s=7e51ec481343dbb89fcbe7840368263c",
        "default": "https://ksr-ugc.imgix.net/assets/011/368/448/88c9dd7ffb2893c25ce660628b05d508_original.png?w=1552&h=873&fit=fill&bg=000000&v=1463681628&auto=format&q=92&s=7e51ec481343dbb89fcbe7840368263c"
      }
    },
    "id": 196709,
    "link_background_color": null,
    "link_text": null,
    "link_text_color": null,
    "link_url": null,
    "name": null,
    "project_id": 196709,
    "should_show_feature_image_section": true,
    "show_feature_image": false,
    "state": "inactive",
    "state_changed_at": 1425915811,
    "text_color": null
  },
  "slug": "student-operated-fabrication-lab",
  "spotlight": true,
  "staff_pick": false,
  "state": "successful",
  "state_changed_at": 1342007742,
  "static_usd_rate": 1.0,
  "urls": {
    "web": {
      "project": "https://www.kickstarter.com/projects/90895326/student-operated-fabrication-lab?ref=category_newest",
      "rewards": "https://www.kickstarter.com/projects/90895326/student-operated-fabrication-lab/rewards"
    }
  },
  "usd_pledged": "5000.0"
}