{
  "backers_count": 7,
  "blurb": "An omni wheel that has motorized miniature wheels inside of it. Expect parallel parking to be easier in the future!",
  "category": {
    "color": 6526716,
    "id": 52,
    "name": "Hardware",
    "parent_id": 16,
    "position": 8,
    "slug": "technology/hardware",
    "urls": {
      "web": {
        "discover": "http://www.kickstarter.com/discover/categories/technology/hardware"
      }
    }
  },
  "country": "US",
  "created_at": 1453875686,
  "creator": {
    "avatar": {
      "medium": "https://ksr-ugc.imgix.net/assets/008/239/300/c6bab2f6eea42501232f9f089ed7850a_original.jpg?w=160&h=160&fit=crop&v=1461511923&auto=format&q=92&s=16d21f36cf0050b2a4fffb5b4b9fd149",
      "small": "https://ksr-ugc.imgix.net/assets/008/239/300/c6bab2f6eea42501232f9f089ed7850a_original.jpg?w=160&h=160&fit=crop&v=1461511923&auto=format&q=92&s=16d21f36cf0050b2a4fffb5b4b9fd149",
      "thumb": "https://ksr-ugc.imgix.net/assets/008/239/300/c6bab2f6eea42501232f9f089ed7850a_original.jpg?w=40&h=40&fit=crop&v=1461511923&auto=format&q=92&s=533a0b892c54129c216fc3b955a4f1c3"
    },
    "id": 2038625547,
    "name": "Harry Herzberg",
    "urls": {
      "api": {
        "user": "https://api.kickstarter.com/v1/users/2038625547?signature=1488680001.81258beb5ec81faca1b50b72c4a7409b06525757"
      },
      "web": {
        "user": "https://www.kickstarter.com/profile/2038625547"
      }
    }
  },
  "currency": "USD",
  "currency_symbol": "$",
  "currency_trailing_code": true,
  "deadline": 1466777943,
  "disable_communication": false,
  "goal": 3500.0,
  "id": 1001132597,
  "launched_at": 1464185943,
  "location": {
    "country": "US",
    "displayable_name": "Portland, OR",
    "id": 2475687,
    "is_root": false,
    "name": "Portland",
    "short_name": "Portland, OR",
    "slug": "portland-or",
    "state": "OR",
    "type": "Town",
    "urls": {
      "api": {
        "nearby_projects": "https://api.kickstarter.com/v1/discover?signature=1488668417.c6e7a5508a1d283c299e485dbfaef8ef820f6a4c&woe_id=2475687"
      },
      "web": {
        "discover": "https://www.kickstarter.com/discover/places/portland-or",
        "location": "https://www.kickstarter.com/locations/portland-or"
      }
    }
  },
  "name": "A New Omni-Wheel. A mechanical innovation created for robots",
  "photo": {
    "1024x576": "https://ksr-ugc.imgix.net/assets/012/364/846/f5ec11fa53ffd44750398aa0ab5cbad0_original.png?w=1024&h=576&fit=fill&bg=FFFFFF&v=1464065960&auto=format&q=92&s=874f697f4a221a6e48c6b9b5b9940bea",
    "1536x864": "https://ksr-ugc.imgix.net/assets/012/364/846/f5ec11fa53ffd44750398aa0ab5cbad0_original.png?w=1536&h=864&fit=fill&bg=FFFFFF&v=1464065960&auto=format&q=92&s=0dacbd6948888947acc84e449dc1f2cf",
    "ed": "https://ksr-ugc.imgix.net/assets/012/364/846/f5ec11fa53ffd44750398aa0ab5cbad0_original.png?w=338&h=190&fit=fill&bg=FFFFFF&v=1464065960&auto=format&q=92&s=7fbdd6faaa06e96a7a3c74b798c6a448",
    "full": "https://ksr-ugc.imgix.net/assets/012/364/846/f5ec11fa53ffd44750398aa0ab5cbad0_original.png?w=560&h=315&fit=fill&bg=FFFFFF&v=1464065960&auto=format&q=92&s=7c0a29495ce6e091ad18cc1dbe4d1812",
    "key": "assets/012/364/846/f5ec11fa53ffd44750398aa0ab5cbad0_original.png",
    "little": "https://ksr-ugc.imgix.net/assets/012/364/846/f5ec11fa53ffd44750398aa0ab5cbad0_original.png?w=200&h=112&fit=fill&bg=FFFFFF&v=1464065960&auto=format&q=92&s=704bbc0f8000dde22b2ab835698717c0",
    "med": "https://ksr-ugc.imgix.net/assets/012/364/846/f5ec11fa53ffd44750398aa0ab5cbad0_original.png?w=266&h=150&fit=fill&bg=FFFFFF&v=1464065960&auto=format&q=92&s=632e45460c10ab938fe047b8f963c04d",
    "small": "https://ksr-ugc.imgix.net/assets/012/364/846/f5ec11fa53ffd44750398aa0ab5cbad0_original.png?w=160&h=90&fit=fill&bg=FFFFFF&v=1464065960&auto=format&q=92&s=27e9d68483bcb47be9274f6cf655ead0",
    "thumb": "https://ksr-ugc.imgix.net/assets/012/364/846/f5ec11fa53ffd44750398aa0ab5cbad0_original.png?w=40&h=22&fit=fill&bg=FFFFFF&v=1464065960&auto=format&q=92&s=5cd112ca7a79b2ec5860106fea42d29c"
  },
  "pledged": 107.0,
  "profile": {
    "background_color": null,
    "background_image_opacity": 0.8,
    "blurb": null,
    "feature_image_attributes": {
      "image_urls": {
        "baseball_card": "https://ksr-ugc.imgix.net/assets/012/364/846/f5ec11fa53ffd44750398aa0ab5cbad0_original.png?w=1552&h=873&fit=fill&bg=FFFFFF&v=1464065960&auto=format&q=92&s=bb0bba9736ff9ce54a9c7f99429531e8",
        "default": "https://ksr-ugc.imgix.net/assets/012/364/846/f5ec11fa53ffd44750398aa0ab5cbad0_original.png?w=1552&h=873&fit=fill&bg=FFFFFF&v=1464065960&auto=format&q=92&s=bb0bba9736ff9ce54a9c7f99429531e8"
      }
    },
    "id": 2342781,
    "link_background_color": null,
    "link_text": null,
    "link_text_color": null,
    "link_url": null,
    "name": null,
    "project_id": 2342781,
    "should_show_feature_image_section": true,
    "show_feature_image": false,
    "state": "inactive",
    "state_changed_at": 1453875686,
    "text_color": null
  },
  "slug": "a-new-omni-wheel-a-mechanical-innovation-created-f",
  "spotlight": false,
  "staff_pick": false,
  "state": "failed",
  "state_changed_at": 1466777944,
  "static_usd_rate": 1.0,
  "urls": {
    "web": {
      "project": "https://www.kickstarter.com/projects/2038625547/a-new-omni-wheel-a-mechanical-innovation-created-f?ref=category_newest",
      "rewards": "https://www.kickstarter.com/projects/2038625547/a-new-omni-wheel-a-mechanical-innovation-created-f/rewards"
    }
  },
  "usd_pledged": "107.0"
}