{
  "backers_count": 0,
  "blurb": "Help the addict that still suffers 24/7 virtually from a social media website,cellphone app like facebook with face video meetn & more,",
  "category": {
    "color": 6526716,
    "id": 332,
    "name": "Apps",
    "parent_id": 16,
    "position": 2,
    "slug": "technology/apps",
    "urls": {
      "web": {
        "discover": "http://www.kickstarter.com/discover/categories/technology/apps"
      }
    }
  },
  "country": "US",
  "created_at": 1403468786,
  "creator": {
    "avatar": {
      "medium": "https://ksr-ugc.imgix.net/assets/008/898/159/1e0f9ac045a879d92b63df6a516d35b3_original.jpg?w=160&h=160&fit=crop&v=1461548830&auto=format&q=92&s=b81ced0f8adcc23ba7ba5ebc6458b28a",
      "small": "https://ksr-ugc.imgix.net/assets/008/898/159/1e0f9ac045a879d92b63df6a516d35b3_original.jpg?w=160&h=160&fit=crop&v=1461548830&auto=format&q=92&s=b81ced0f8adcc23ba7ba5ebc6458b28a",
      "thumb": "https://ksr-ugc.imgix.net/assets/008/898/159/1e0f9ac045a879d92b63df6a516d35b3_original.jpg?w=40&h=40&fit=crop&v=1461548830&auto=format&q=92&s=1b01a03697edb6e0a6137ce817daf62c"
    },
    "id": 1036763577,
    "name": "Trent Lowe",
    "urls": {
      "api": {
        "user": "https://api.kickstarter.com/v1/users/1036763577?signature=1488679018.be0fc2e72e415787ce526d889f3fa883d168cd29"
      },
      "web": {
        "user": "https://www.kickstarter.com/profile/1036763577"
      }
    }
  },
  "currency": "USD",
  "currency_symbol": "$",
  "currency_trailing_code": true,
  "deadline": 1435502947,
  "disable_communication": false,
  "goal": 8500.0,
  "id": 1001565620,
  "launched_at": 1430318947,
  "location": {
    "country": "US",
    "displayable_name": "Rocky Mount, NC",
    "id": 2483709,
    "is_root": false,
    "name": "Rocky Mount",
    "short_name": "Rocky Mount, NC",
    "slug": "rocky-mount-nc",
    "state": "NC",
    "type": "Town",
    "urls": {
      "api": {
        "nearby_projects": "https://api.kickstarter.com/v1/discover?signature=1488668692.abcfcb71731223c1ed2a8e56bd9e95a5aad57d2c&woe_id=2483709"
      },
      "web": {
        "discover": "https://www.kickstarter.com/discover/places/rocky-mount-nc",
        "location": "https://www.kickstarter.com/locations/rocky-mount-nc"
      }
    }
  },
  "name": "Virtual Addiction Recovery Website & Phone App/ Saving life",
  "photo": {
    "1024x576": "https://ksr-ugc.imgix.net/assets/011/730/506/083fdd9208f6733a213c7b7b46af3014_original.jpg?w=1024&h=576&fit=fill&bg=000000&v=1463687482&auto=format&q=92&s=a3f78c6398f9b6baece51ed1675c7b1b",
    "1536x864": "https://ksr-ugc.imgix.net/assets/011/730/506/083fdd9208f6733a213c7b7b46af3014_original.jpg?w=1536&h=864&fit=fill&bg=000000&v=1463687482&auto=format&q=92&s=8c9534f7c551d4465b7c60e0c0507aca",
    "ed": "https://ksr-ugc.imgix.net/assets/011/730/506/083fdd9208f6733a213c7b7b46af3014_original.jpg?w=338&h=190&fit=fill&bg=000000&v=1463687482&auto=format&q=92&s=46ed905c49e72954202a2bfad113ae38",
    "full": "https://ksr-ugc.imgix.net/assets/011/730/506/083fdd9208f6733a213c7b7b46af3014_original.jpg?w=560&h=315&fit=fill&bg=000000&v=1463687482&auto=format&q=92&s=98aaffff1d9e4f06bd00e1076be16ed6",
    "key": "assets/011/730/506/083fdd9208f6733a213c7b7b46af3014_original.jpg",
    "little": "https://ksr-ugc.imgix.net/assets/011/730/506/083fdd9208f6733a213c7b7b46af3014_original.jpg?w=200&h=112&fit=fill&bg=000000&v=1463687482&auto=format&q=92&s=77de5330dedd519f876a0ff4c9954b5f",
    "med": "https://ksr-ugc.imgix.net/assets/011/730/506/083fdd9208f6733a213c7b7b46af3014_original.jpg?w=266&h=150&fit=fill&bg=000000&v=1463687482&auto=format&q=92&s=f8c82fd189e712ecd280017b768e006f",
    "small": "https://ksr-ugc.imgix.net/assets/011/730/506/083fdd9208f6733a213c7b7b46af3014_original.jpg?w=160&h=90&fit=fill&bg=000000&v=1463687482&auto=format&q=92&s=8a650703c8c0bebca985e9daf749051a",
    "thumb": "https://ksr-ugc.imgix.net/assets/011/730/506/083fdd9208f6733a213c7b7b46af3014_original.jpg?w=40&h=22&fit=fill&bg=000000&v=1463687482&auto=format&q=92&s=5257c7707cb6711a96278df4009bb7bf"
  },
  "pledged": 0.0,
  "profile": {
    "background_color": null,
    "background_image_opacity": 0.8,
    "blurb": null,
    "feature_image_attributes": {
      "image_urls": {
        "baseball_card": "https://ksr-ugc.imgix.net/assets/011/730/506/083fdd9208f6733a213c7b7b46af3014_original.jpg?w=1552&h=873&fit=fill&bg=000000&v=1463687482&auto=format&q=92&s=160ebe8324b811cad0a3c38a7db365b7",
        "default": "https://ksr-ugc.imgix.net/assets/011/730/506/083fdd9208f6733a213c7b7b46af3014_original.jpg?w=1552&h=873&fit=fill&bg=000000&v=1463687482&auto=format&q=92&s=160ebe8324b811cad0a3c38a7db365b7"
      }
    },
    "id": 1079488,
    "link_background_color": null,
    "link_text": null,
    "link_text_color": null,
    "link_url": null,
    "name": null,
    "project_id": 1079488,
    "should_show_feature_image_section": true,
    "show_feature_image": false,
    "state": "inactive",
    "state_changed_at": 1425915860,
    "text_color": null
  },
  "slug": "virtual-addiction-recovery-website-and-phone-app-s",
  "spotlight": false,
  "staff_pick": false,
  "state": "failed",
  "state_changed_at": 1435502949,
  "static_usd_rate": 1.0,
  "urls": {
    "web": {
      "project": "https://www.kickstarter.com/projects/1036763577/virtual-addiction-recovery-website-and-phone-app-s?ref=category_newest",
      "rewards": "https://www.kickstarter.com/projects/1036763577/virtual-addiction-recovery-website-and-phone-app-s/rewards"
    }
  },
  "usd_pledged": "0.0"
}