{
  "backers_count": 0,
  "blurb": "Croc2Pop\u2122 is a crocodile-themed app that let's children send messages (crocs) to dad (pop) when he's been in his digital world too long",
  "category": {
    "color": 6526716,
    "id": 332,
    "name": "Apps",
    "parent_id": 16,
    "position": 2,
    "slug": "technology/apps",
    "urls": {
      "web": {
        "discover": "http://www.kickstarter.com/discover/categories/technology/apps"
      }
    }
  },
  "country": "US",
  "created_at": 1404355205,
  "creator": {
    "avatar": {
      "medium": "https://ksr-ugc.imgix.net/assets/008/941/362/04d4f013910f2b734feff7f2e44b6c4a_original.png?w=160&h=160&fit=crop&v=1461550895&auto=format&q=92&s=7bf89d2512e91e9df84bbe301cd21986",
      "small": "https://ksr-ugc.imgix.net/assets/008/941/362/04d4f013910f2b734feff7f2e44b6c4a_original.png?w=160&h=160&fit=crop&v=1461550895&auto=format&q=92&s=7bf89d2512e91e9df84bbe301cd21986",
      "thumb": "https://ksr-ugc.imgix.net/assets/008/941/362/04d4f013910f2b734feff7f2e44b6c4a_original.png?w=40&h=40&fit=crop&v=1461550895&auto=format&q=92&s=34bd4b34aecf91b0d0051141b3023554"
    },
    "id": 1403764871,
    "name": "Stacey Smith",
    "urls": {
      "api": {
        "user": "https://api.kickstarter.com/v1/users/1403764871?signature=1488678871.26bd3d6fee2f7cf82147df08d39a0aa2ba842cbb"
      },
      "web": {
        "user": "https://www.kickstarter.com/profile/1403764871"
      }
    }
  },
  "currency": "USD",
  "currency_symbol": "$",
  "currency_trailing_code": true,
  "deadline": 1408562758,
  "disable_communication": false,
  "goal": 1000.0,
  "id": 1001704257,
  "launched_at": 1405970758,
  "location": {
    "country": "US",
    "displayable_name": "Tempe, AZ",
    "id": 2504633,
    "is_root": false,
    "name": "Tempe",
    "short_name": "Tempe, AZ",
    "slug": "tempe-az",
    "state": "AZ",
    "type": "Town",
    "urls": {
      "api": {
        "nearby_projects": "https://api.kickstarter.com/v1/discover?signature=1488668427.3939fd3a12802bf7c73b4c04580cf298c527a1ab&woe_id=2504633"
      },
      "web": {
        "discover": "https://www.kickstarter.com/discover/places/tempe-az",
        "location": "https://www.kickstarter.com/locations/tempe-az"
      }
    }
  },
  "name": "Croc2Pop - Where kids manage dad's digital addiction",
  "photo": {
    "1024x576": "https://ksr-ugc.imgix.net/assets/011/738/013/01b21d3596e24dcf80f3a49ea0acdc77_original.png?w=1024&h=576&fit=fill&bg=000000&v=1463688099&auto=format&q=92&s=3319bbfaf873cbd8e14e7ab3210cbeef",
    "1536x864": "https://ksr-ugc.imgix.net/assets/011/738/013/01b21d3596e24dcf80f3a49ea0acdc77_original.png?w=1536&h=864&fit=fill&bg=000000&v=1463688099&auto=format&q=92&s=20de218cddff3c3f63c818a8cb5391ca",
    "ed": "https://ksr-ugc.imgix.net/assets/011/738/013/01b21d3596e24dcf80f3a49ea0acdc77_original.png?w=338&h=190&fit=fill&bg=000000&v=1463688099&auto=format&q=92&s=c1e7980e503be5ec91eacc1ad18ce4b6",
    "full": "https://ksr-ugc.imgix.net/assets/011/738/013/01b21d3596e24dcf80f3a49ea0acdc77_original.png?w=560&h=315&fit=fill&bg=000000&v=1463688099&auto=format&q=92&s=ff4835f258f1057f51ffe67086970c0a",
    "key": "assets/011/738/013/01b21d3596e24dcf80f3a49ea0acdc77_original.png",
    "little": "https://ksr-ugc.imgix.net/assets/011/738/013/01b21d3596e24dcf80f3a49ea0acdc77_original.png?w=200&h=112&fit=fill&bg=000000&v=1463688099&auto=format&q=92&s=6cbb855b1135bf06497d46bfbbea26a7",
    "med": "https://ksr-ugc.imgix.net/assets/011/738/013/01b21d3596e24dcf80f3a49ea0acdc77_original.png?w=266&h=150&fit=fill&bg=000000&v=1463688099&auto=format&q=92&s=a894a6fe8e6d3440956cb9c74d90a1d2",
    "small": "https://ksr-ugc.imgix.net/assets/011/738/013/01b21d3596e24dcf80f3a49ea0acdc77_original.png?w=160&h=90&fit=fill&bg=000000&v=1463688099&auto=format&q=92&s=d848a20d3b4094bfc3a4ee9b7351b15c",
    "thumb": "https://ksr-ugc.imgix.net/assets/011/738/013/01b21d3596e24dcf80f3a49ea0acdc77_original.png?w=40&h=22&fit=fill&bg=000000&v=1463688099&auto=format&q=92&s=a3f992041925f1d30893d4a0fa4ba23a"
  },
  "pledged": 0.0,
  "profile": {
    "background_color": null,
    "background_image_opacity": 0.8,
    "blurb": null,
    "feature_image_attributes": {
      "image_urls": {
        "baseball_card": "https://ksr-ugc.imgix.net/assets/011/738/013/01b21d3596e24dcf80f3a49ea0acdc77_original.png?w=1552&h=873&fit=fill&bg=000000&v=1463688099&auto=format&q=92&s=7a92742ddd2b695d6a3bf54cabbe3be3",
        "default": "https://ksr-ugc.imgix.net/assets/011/738/013/01b21d3596e24dcf80f3a49ea0acdc77_original.png?w=1552&h=873&fit=fill&bg=000000&v=1463688099&auto=format&q=92&s=7a92742ddd2b695d6a3bf54cabbe3be3"
      }
    },
    "id": 1095569,
    "link_background_color": null,
    "link_text": null,
    "link_text_color": null,
    "link_url": null,
    "name": null,
    "project_id": 1095569,
    "should_show_feature_image_section": true,
    "show_feature_image": false,
    "state": "inactive",
    "state_changed_at": 1425915860,
    "text_color": null
  },
  "slug": "croc2pop-where-kids-manage-dads-digital-addiction",
  "spotlight": false,
  "staff_pick": false,
  "state": "failed",
  "state_changed_at": 1408562758,
  "static_usd_rate": 1.0,
  "urls": {
    "web": {
      "project": "https://www.kickstarter.com/projects/1403764871/croc2pop-where-kids-manage-dads-digital-addiction?ref=category_newest",
      "rewards": "https://www.kickstarter.com/projects/1403764871/croc2pop-where-kids-manage-dads-digital-addiction/rewards"
    }
  },
  "usd_pledged": "0.0"
}