{
  "backers_count": 27,
  "blurb": "Lazer Edge - The World's Most Advanced Electric Bike. An Affordable, Fast, Safe, eBike with Style.",
  "category": {
    "color": 6526716,
    "id": 16,
    "name": "Technology",
    "position": 14,
    "slug": "technology",
    "urls": {
      "web": {
        "discover": "http://www.kickstarter.com/discover/categories/technology"
      }
    }
  },
  "country": "US",
  "created_at": 1456784404,
  "creator": {
    "avatar": {
      "medium": "https://ksr-ugc.imgix.net/assets/010/880/679/8816191b06c60323c080d111cc319b97_original.png?w=160&h=160&fit=crop&v=1471796600&auto=format&q=92&s=09a6989869ec614f342e92231358e7fd",
      "small": "https://ksr-ugc.imgix.net/assets/010/880/679/8816191b06c60323c080d111cc319b97_original.png?w=160&h=160&fit=crop&v=1471796600&auto=format&q=92&s=09a6989869ec614f342e92231358e7fd",
      "thumb": "https://ksr-ugc.imgix.net/assets/010/880/679/8816191b06c60323c080d111cc319b97_original.png?w=40&h=40&fit=crop&v=1471796600&auto=format&q=92&s=8613e13ea75740ace0b4f6d933386783"
    },
    "id": 2112866462,
    "name": "Frances Adamowicz",
    "urls": {
      "api": {
        "user": "https://api.kickstarter.com/v1/users/2112866462?signature=1488663152.1ed81c760a72b6516ea28f50e38959282ce86c1c"
      },
      "web": {
        "user": "https://www.kickstarter.com/profile/2112866462"
      }
    }
  },
  "currency": "USD",
  "currency_symbol": "$",
  "currency_trailing_code": true,
  "deadline": 1461361806,
  "disable_communication": false,
  "goal": 10000.0,
  "id": 1002058532,
  "launched_at": 1457477406,
  "location": {
    "country": "US",
    "displayable_name": "Clinton, CT",
    "id": 2381773,
    "is_root": false,
    "name": "Clinton",
    "short_name": "Clinton, CT",
    "slug": "clinton-ct",
    "state": "CT",
    "type": "Town",
    "urls": {
      "api": {
        "nearby_projects": "https://api.kickstarter.com/v1/discover?signature=1488654791.ce103b5f724f4f23c041f89810a17d0489141224&woe_id=2381773"
      },
      "web": {
        "discover": "https://www.kickstarter.com/discover/places/clinton-ct",
        "location": "https://www.kickstarter.com/locations/clinton-ct"
      }
    }
  },
  "name": "LAZER EDGE Series eBike - Starting at $499!",
  "photo": {
    "1024x576": "https://ksr-ugc.imgix.net/assets/012/394/255/db62f31ecf83663817675542e84132ef_original.png?w=1024&h=576&fit=fill&bg=FAF3E8&v=1463758850&auto=format&q=92&s=15b5fc2cb8ee0ef9f6526adc0d303215",
    "1536x864": "https://ksr-ugc.imgix.net/assets/012/394/255/db62f31ecf83663817675542e84132ef_original.png?w=1536&h=864&fit=fill&bg=FAF3E8&v=1463758850&auto=format&q=92&s=af20ce255710bb266195b83b68f340f4",
    "ed": "https://ksr-ugc.imgix.net/assets/012/394/255/db62f31ecf83663817675542e84132ef_original.png?w=338&h=190&fit=fill&bg=FAF3E8&v=1463758850&auto=format&q=92&s=c7d08211dffd8aab47e82d08a9877ccf",
    "full": "https://ksr-ugc.imgix.net/assets/012/394/255/db62f31ecf83663817675542e84132ef_original.png?w=560&h=315&fit=fill&bg=FAF3E8&v=1463758850&auto=format&q=92&s=25510e7306b07ff99baac1d147c63845",
    "key": "assets/012/394/255/db62f31ecf83663817675542e84132ef_original.png",
    "little": "https://ksr-ugc.imgix.net/assets/012/394/255/db62f31ecf83663817675542e84132ef_original.png?w=200&h=112&fit=fill&bg=FAF3E8&v=1463758850&auto=format&q=92&s=00e799e69ceee1ebc915d7dd577fb92b",
    "med": "https://ksr-ugc.imgix.net/assets/012/394/255/db62f31ecf83663817675542e84132ef_original.png?w=266&h=150&fit=fill&bg=FAF3E8&v=1463758850&auto=format&q=92&s=61a674e7f888299f80a708d016d036f8",
    "small": "https://ksr-ugc.imgix.net/assets/012/394/255/db62f31ecf83663817675542e84132ef_original.png?w=160&h=90&fit=fill&bg=FAF3E8&v=1463758850&auto=format&q=92&s=eb2a9e759af7bd86e291017db4c3fdd4",
    "thumb": "https://ksr-ugc.imgix.net/assets/012/394/255/db62f31ecf83663817675542e84132ef_original.png?w=40&h=22&fit=fill&bg=FAF3E8&v=1463758850&auto=format&q=92&s=c061b71b6d0623b3766976fa0cf65118"
  },
  "pledged": 17771.0,
  "profile": {
    "background_color": null,
    "background_image_opacity": 0.8,
    "blurb": null,
    "feature_image_attributes": {
      "image_urls": {
        "baseball_card": "https://ksr-ugc.imgix.net/assets/012/394/255/db62f31ecf83663817675542e84132ef_original.png?w=1552&h=873&fit=fill&bg=FAF3E8&v=1463758850&auto=format&q=92&s=7a6d1e10641d1dea24a6231b7251cc66",
        "default": "https://ksr-ugc.imgix.net/assets/012/394/255/db62f31ecf83663817675542e84132ef_original.png?w=1552&h=873&fit=fill&bg=FAF3E8&v=1463758850&auto=format&q=92&s=7a6d1e10641d1dea24a6231b7251cc66"
      }
    },
    "id": 2400091,
    "link_background_color": null,
    "link_text": null,
    "link_text_color": null,
    "link_url": null,
    "name": null,
    "project_id": 2400091,
    "should_show_feature_image_section": true,
    "show_feature_image": false,
    "state": "inactive",
    "state_changed_at": 1456784404,
    "text_color": null
  },
  "slug": "lazer-edge-series-ebike-starting-at-695",
  "spotlight": true,
  "staff_pick": false,
  "state": "successful",
  "state_changed_at": 1461361806,
  "static_usd_rate": 1.0,
  "urls": {
    "web": {
      "project": "https://www.kickstarter.com/projects/2112866462/lazer-edge-series-ebike-starting-at-695?ref=category_most_funded",
      "rewards": "https://www.kickstarter.com/projects/2112866462/lazer-edge-series-ebike-starting-at-695/rewards"
    }
  },
  "usd_pledged": "17771.0"
}