{
  "backers_count": 1,
  "blurb": "Quikceipt! is a cloud based paperless receipt software application made to help stop paper waste and improve retail efficiency.",
  "category": {
    "color": 6526716,
    "id": 332,
    "name": "Apps",
    "parent_id": 16,
    "position": 2,
    "slug": "technology/apps",
    "urls": {
      "web": {
        "discover": "http://www.kickstarter.com/discover/categories/technology/apps"
      }
    }
  },
  "country": "US",
  "created_at": 1406501363,
  "creator": {
    "avatar": {
      "medium": "https://ksr-ugc.imgix.net/assets/008/098/419/0e141efe9b4eead88c95b1749227768a_original.jpg?w=160&h=160&fit=crop&v=1461502511&auto=format&q=92&s=8f53c8c60f19b34935eba6c69a74d6bb",
      "small": "https://ksr-ugc.imgix.net/assets/008/098/419/0e141efe9b4eead88c95b1749227768a_original.jpg?w=160&h=160&fit=crop&v=1461502511&auto=format&q=92&s=8f53c8c60f19b34935eba6c69a74d6bb",
      "thumb": "https://ksr-ugc.imgix.net/assets/008/098/419/0e141efe9b4eead88c95b1749227768a_original.jpg?w=40&h=40&fit=crop&v=1461502511&auto=format&q=92&s=4c37fd155c3c07b84205e6c846dc2060"
    },
    "id": 597002994,
    "name": "Rich Davis",
    "urls": {
      "api": {
        "user": "https://api.kickstarter.com/v1/users/597002994?signature=1488678876.09645925938dc17a0f015d93a854140bb1066f85"
      },
      "web": {
        "user": "https://www.kickstarter.com/profile/597002994"
      }
    }
  },
  "currency": "USD",
  "currency_symbol": "$",
  "currency_trailing_code": true,
  "deadline": 1409511349,
  "disable_communication": false,
  "goal": 150000.0,
  "id": 1002789956,
  "launched_at": 1406919349,
  "location": {
    "country": "US",
    "displayable_name": "Tempe, AZ",
    "id": 2504633,
    "is_root": false,
    "name": "Tempe",
    "short_name": "Tempe, AZ",
    "slug": "tempe-az",
    "state": "AZ",
    "type": "Town",
    "urls": {
      "api": {
        "nearby_projects": "https://api.kickstarter.com/v1/discover?signature=1488668427.3939fd3a12802bf7c73b4c04580cf298c527a1ab&woe_id=2504633"
      },
      "web": {
        "discover": "https://www.kickstarter.com/discover/places/tempe-az",
        "location": "https://www.kickstarter.com/locations/tempe-az"
      }
    }
  },
  "name": "Quikceipt! Paperless Solutions",
  "photo": {
    "1024x576": "https://ksr-ugc.imgix.net/assets/011/809/133/354c16b5021f37aff2bb7cd014f71026_original.png?w=1024&h=576&fit=fill&bg=000000&v=1463697716&auto=format&q=92&s=9d476e999e0922edbedeb076c474bf12",
    "1536x864": "https://ksr-ugc.imgix.net/assets/011/809/133/354c16b5021f37aff2bb7cd014f71026_original.png?w=1536&h=864&fit=fill&bg=000000&v=1463697716&auto=format&q=92&s=c39237fa6a840102f5a5d7beaaf57e98",
    "ed": "https://ksr-ugc.imgix.net/assets/011/809/133/354c16b5021f37aff2bb7cd014f71026_original.png?w=338&h=190&fit=fill&bg=000000&v=1463697716&auto=format&q=92&s=a728eef9382e028a96a7e2a09c52cb1b",
    "full": "https://ksr-ugc.imgix.net/assets/011/809/133/354c16b5021f37aff2bb7cd014f71026_original.png?w=560&h=315&fit=fill&bg=000000&v=1463697716&auto=format&q=92&s=f0cb43ef9ced6e0015ab9072c4d88d52",
    "key": "assets/011/809/133/354c16b5021f37aff2bb7cd014f71026_original.png",
    "little": "https://ksr-ugc.imgix.net/assets/011/809/133/354c16b5021f37aff2bb7cd014f71026_original.png?w=200&h=112&fit=fill&bg=000000&v=1463697716&auto=format&q=92&s=630407cdd908eb54be6ce7b01b789854",
    "med": "https://ksr-ugc.imgix.net/assets/011/809/133/354c16b5021f37aff2bb7cd014f71026_original.png?w=266&h=150&fit=fill&bg=000000&v=1463697716&auto=format&q=92&s=4ab52b79376e93b7442b83e033105dad",
    "small": "https://ksr-ugc.imgix.net/assets/011/809/133/354c16b5021f37aff2bb7cd014f71026_original.png?w=160&h=90&fit=fill&bg=000000&v=1463697716&auto=format&q=92&s=5f36b7111fcc0493027eceab723927c5",
    "thumb": "https://ksr-ugc.imgix.net/assets/011/809/133/354c16b5021f37aff2bb7cd014f71026_original.png?w=40&h=22&fit=fill&bg=000000&v=1463697716&auto=format&q=92&s=b9ea5005176f02d9e957b7bc98309403"
  },
  "pledged": 50.0,
  "profile": {
    "background_color": null,
    "background_image_opacity": 0.8,
    "blurb": null,
    "feature_image_attributes": {
      "image_urls": {
        "baseball_card": "https://ksr-ugc.imgix.net/assets/011/809/133/354c16b5021f37aff2bb7cd014f71026_original.png?w=1552&h=873&fit=fill&bg=000000&v=1463697716&auto=format&q=92&s=51c4735998f411da142c218c537f1b5b",
        "default": "https://ksr-ugc.imgix.net/assets/011/809/133/354c16b5021f37aff2bb7cd014f71026_original.png?w=1552&h=873&fit=fill&bg=000000&v=1463697716&auto=format&q=92&s=51c4735998f411da142c218c537f1b5b"
      }
    },
    "id": 1233557,
    "link_background_color": null,
    "link_text": null,
    "link_text_color": null,
    "link_url": null,
    "name": null,
    "project_id": 1233557,
    "should_show_feature_image_section": true,
    "show_feature_image": false,
    "state": "inactive",
    "state_changed_at": 1425915868,
    "text_color": null
  },
  "slug": "quikceipt-paperless-solutions",
  "spotlight": false,
  "staff_pick": false,
  "state": "failed",
  "state_changed_at": 1409511350,
  "static_usd_rate": 1.0,
  "urls": {
    "web": {
      "project": "https://www.kickstarter.com/projects/597002994/quikceipt-paperless-solutions?ref=category_newest",
      "rewards": "https://www.kickstarter.com/projects/597002994/quikceipt-paperless-solutions/rewards"
    }
  },
  "usd_pledged": "50.0"
}