{
  "backers_count": 236,
  "blurb": "Fritz is a robotic puppet head that you can control with an easy to use app. He has moving eyes, jaw, eyelids, eyebrows, and neck.",
  "category": {
    "color": 6526716,
    "id": 16,
    "name": "Technology",
    "position": 14,
    "slug": "technology",
    "urls": {
      "web": {
        "discover": "http://www.kickstarter.com/discover/categories/technology"
      }
    }
  },
  "country": "US",
  "created_at": 1362767834,
  "creator": {
    "avatar": {
      "medium": "https://ksr-ugc.imgix.net/assets/007/345/457/d2269d0e5ae98a76657387a441ebb582_original.JPG?w=160&h=160&fit=crop&v=1461451665&auto=format&q=92&s=50cb57ca1be70940de94aa83468dfc19",
      "small": "https://ksr-ugc.imgix.net/assets/007/345/457/d2269d0e5ae98a76657387a441ebb582_original.JPG?w=160&h=160&fit=crop&v=1461451665&auto=format&q=92&s=50cb57ca1be70940de94aa83468dfc19",
      "thumb": "https://ksr-ugc.imgix.net/assets/007/345/457/d2269d0e5ae98a76657387a441ebb582_original.JPG?w=40&h=40&fit=crop&v=1461451665&auto=format&q=92&s=ac03f2d106d0b8314315e7782fa1882a"
    },
    "id": 1591853389,
    "name": "XYZbot",
    "urls": {
      "api": {
        "user": "https://api.kickstarter.com/v1/users/1591853389?signature=1488663039.6b29b334c4dfd5b3565c6dba23392bc1c2fca383"
      },
      "web": {
        "user": "https://www.kickstarter.com/profile/1591853389"
      }
    }
  },
  "currency": "USD",
  "currency_symbol": "$",
  "currency_trailing_code": true,
  "deadline": 1367378713,
  "disable_communication": false,
  "goal": 25000.0,
  "id": 1002492289,
  "launched_at": 1364786713,
  "location": {
    "country": "US",
    "displayable_name": "Denver, CO",
    "id": 2391279,
    "is_root": false,
    "name": "Denver",
    "short_name": "Denver, CO",
    "slug": "denver-co",
    "state": "CO",
    "type": "Town",
    "urls": {
      "api": {
        "nearby_projects": "https://api.kickstarter.com/v1/discover?signature=1488653681.180621a567dff3585db80c0498dfe4b41b64010e&woe_id=2391279"
      },
      "web": {
        "discover": "https://www.kickstarter.com/discover/places/denver-co",
        "location": "https://www.kickstarter.com/locations/denver-co"
      }
    }
  },
  "name": "Fritz: A Robotic Puppet",
  "photo": {
    "1024x576": "https://ksr-ugc.imgix.net/assets/011/491/041/f3f48de5d7a537f00f21ef1f1f4eeba2_original.png?w=1024&h=576&fit=fill&bg=000000&v=1463683498&auto=format&q=92&s=70fff2b8f685d93eda306f5d1a9e33da",
    "1536x864": "https://ksr-ugc.imgix.net/assets/011/491/041/f3f48de5d7a537f00f21ef1f1f4eeba2_original.png?w=1536&h=864&fit=fill&bg=000000&v=1463683498&auto=format&q=92&s=ecdac865c7197ad8e7902b05e9a40c8c",
    "ed": "https://ksr-ugc.imgix.net/assets/011/491/041/f3f48de5d7a537f00f21ef1f1f4eeba2_original.png?w=338&h=190&fit=fill&bg=000000&v=1463683498&auto=format&q=92&s=f380a46b4ead2fee086448612a870f9e",
    "full": "https://ksr-ugc.imgix.net/assets/011/491/041/f3f48de5d7a537f00f21ef1f1f4eeba2_original.png?w=560&h=315&fit=fill&bg=000000&v=1463683498&auto=format&q=92&s=6615b4a67c01c50082ac5e4c653850e5",
    "key": "assets/011/491/041/f3f48de5d7a537f00f21ef1f1f4eeba2_original.png",
    "little": "https://ksr-ugc.imgix.net/assets/011/491/041/f3f48de5d7a537f00f21ef1f1f4eeba2_original.png?w=200&h=112&fit=fill&bg=000000&v=1463683498&auto=format&q=92&s=47a5c6cd40f173dfe824bd3daa0f9870",
    "med": "https://ksr-ugc.imgix.net/assets/011/491/041/f3f48de5d7a537f00f21ef1f1f4eeba2_original.png?w=266&h=150&fit=fill&bg=000000&v=1463683498&auto=format&q=92&s=cb1d6d93f8cdffb6baf65e8c865bf054",
    "small": "https://ksr-ugc.imgix.net/assets/011/491/041/f3f48de5d7a537f00f21ef1f1f4eeba2_original.png?w=160&h=90&fit=fill&bg=000000&v=1463683498&auto=format&q=92&s=b92093720136e7c6d3c0e42b60c3c99e",
    "thumb": "https://ksr-ugc.imgix.net/assets/011/491/041/f3f48de5d7a537f00f21ef1f1f4eeba2_original.png?w=40&h=22&fit=fill&bg=000000&v=1463683498&auto=format&q=92&s=242543e1da62b194ba402ae873551268"
  },
  "pledged": 41136.55,
  "profile": {
    "background_color": "",
    "background_image_opacity": 0.8,
    "blurb": "Fritz is a robotic puppet head that you can control with an easy to use app. He has moving eyes, jaw, eyelids, eyebrows, and neck.",
    "feature_image_attributes": {
      "image_urls": {
        "baseball_card": "https://ksr-ugc.imgix.net/assets/011/491/041/f3f48de5d7a537f00f21ef1f1f4eeba2_original.png?w=1552&h=873&fit=fill&bg=000000&v=1463683498&auto=format&q=92&s=fadccfd186346549ff5498f0ea97600d",
        "default": "https://ksr-ugc.imgix.net/assets/011/491/041/f3f48de5d7a537f00f21ef1f1f4eeba2_original.png?w=1552&h=873&fit=fill&bg=000000&v=1463683498&auto=format&q=92&s=fadccfd186346549ff5498f0ea97600d"
      }
    },
    "id": 494764,
    "link_background_color": "",
    "link_text": "Buy now",
    "link_text_color": "",
    "link_url": "https://www.kerkits.com/",
    "name": "Fritz: A Robotic Puppet",
    "project_id": 494764,
    "should_show_feature_image_section": true,
    "show_feature_image": false,
    "state": "active",
    "state_changed_at": 1468109022,
    "text_color": ""
  },
  "slug": "fritz-a-robotic-puppet",
  "spotlight": true,
  "staff_pick": true,
  "state": "successful",
  "state_changed_at": 1367378715,
  "static_usd_rate": 1.0,
  "urls": {
    "web": {
      "project": "https://www.kickstarter.com/projects/1591853389/fritz-a-robotic-puppet?ref=category_most_funded",
      "rewards": "https://www.kickstarter.com/projects/1591853389/fritz-a-robotic-puppet/rewards"
    }
  },
  "usd_pledged": "41136.55"
}