{
  "backers_count": 426,
  "blurb": "A big red truck filled with cutting-edge maker tools that goes from school to school, bringing the joy of building back to kids.",
  "category": {
    "color": 6526716,
    "id": 52,
    "name": "Hardware",
    "parent_id": 16,
    "position": 8,
    "slug": "technology/hardware",
    "urls": {
      "web": {
        "discover": "http://www.kickstarter.com/discover/categories/technology/hardware"
      }
    }
  },
  "country": "US",
  "created_at": 1329529082,
  "creator": {
    "avatar": {
      "medium": "https://ksr-ugc.imgix.net/assets/005/997/936/7d3738351df01ff7e540f8c10f6517ef_original.jpg?w=160&h=160&fit=crop&v=1461359884&auto=format&q=92&s=5585460673469cb35a18fa4692d2c4cc",
      "small": "https://ksr-ugc.imgix.net/assets/005/997/936/7d3738351df01ff7e540f8c10f6517ef_original.jpg?w=160&h=160&fit=crop&v=1461359884&auto=format&q=92&s=5585460673469cb35a18fa4692d2c4cc",
      "thumb": "https://ksr-ugc.imgix.net/assets/005/997/936/7d3738351df01ff7e540f8c10f6517ef_original.jpg?w=40&h=40&fit=crop&v=1461359884&auto=format&q=92&s=a8d75f3b87feebf8cfd3e16fe6694824"
    },
    "id": 107975578,
    "name": "Jason Chua",
    "slug": "jasonchua",
    "urls": {
      "api": {
        "user": "https://api.kickstarter.com/v1/users/107975578?signature=1488679720.b5c17b85cb05de2f16dae1c846b29d6f26102d44"
      },
      "web": {
        "user": "https://www.kickstarter.com/profile/jasonchua"
      }
    }
  },
  "currency": "USD",
  "currency_symbol": "$",
  "currency_trailing_code": true,
  "deadline": 1332561600,
  "disable_communication": false,
  "goal": 25000.0,
  "id": 1002692211,
  "launched_at": 1329873755,
  "location": {
    "country": "US",
    "displayable_name": "Stanford, CA",
    "id": 2498941,
    "is_root": false,
    "name": "Stanford",
    "short_name": "Stanford, CA",
    "slug": "stanford-ca",
    "state": "CA",
    "type": "Town",
    "urls": {
      "api": {
        "nearby_projects": "https://api.kickstarter.com/v1/discover?signature=1488668453.8408a0861a9f99cbaa989fd9a02afc35f294cfee&woe_id=2498941"
      },
      "web": {
        "discover": "https://www.kickstarter.com/discover/places/stanford-ca",
        "location": "https://www.kickstarter.com/locations/stanford-ca"
      }
    }
  },
  "name": "SparkLab: the educational build-mobile!",
  "photo": {
    "1024x576": "https://ksr-ugc.imgix.net/assets/011/318/480/7ddd891ef3345aa8ab07802bcdb412ee_original.jpg?w=1024&h=576&fit=fill&bg=000000&v=1463680938&auto=format&q=92&s=12dd25001366a53c85e8c56d4dc371c9",
    "1536x864": "https://ksr-ugc.imgix.net/assets/011/318/480/7ddd891ef3345aa8ab07802bcdb412ee_original.jpg?w=1536&h=864&fit=fill&bg=000000&v=1463680938&auto=format&q=92&s=31e734adfe9a95d29270151b78ff7826",
    "ed": "https://ksr-ugc.imgix.net/assets/011/318/480/7ddd891ef3345aa8ab07802bcdb412ee_original.jpg?w=338&h=190&fit=fill&bg=000000&v=1463680938&auto=format&q=92&s=51385de715d0d0d6582c8f88faff80dd",
    "full": "https://ksr-ugc.imgix.net/assets/011/318/480/7ddd891ef3345aa8ab07802bcdb412ee_original.jpg?w=560&h=315&fit=fill&bg=000000&v=1463680938&auto=format&q=92&s=a65c4d32c9b6d30a1f63bd65b2aa4c85",
    "key": "assets/011/318/480/7ddd891ef3345aa8ab07802bcdb412ee_original.jpg",
    "little": "https://ksr-ugc.imgix.net/assets/011/318/480/7ddd891ef3345aa8ab07802bcdb412ee_original.jpg?w=200&h=112&fit=fill&bg=000000&v=1463680938&auto=format&q=92&s=54fbb48a2bfdc6da9bfafb717399d9a6",
    "med": "https://ksr-ugc.imgix.net/assets/011/318/480/7ddd891ef3345aa8ab07802bcdb412ee_original.jpg?w=266&h=150&fit=fill&bg=000000&v=1463680938&auto=format&q=92&s=a05d84200acb1bbe8068542402031d45",
    "small": "https://ksr-ugc.imgix.net/assets/011/318/480/7ddd891ef3345aa8ab07802bcdb412ee_original.jpg?w=160&h=90&fit=fill&bg=000000&v=1463680938&auto=format&q=92&s=7486dba66f297c84a43f27879c583a29",
    "thumb": "https://ksr-ugc.imgix.net/assets/011/318/480/7ddd891ef3345aa8ab07802bcdb412ee_original.jpg?w=40&h=22&fit=fill&bg=000000&v=1463680938&auto=format&q=92&s=e275ea8f1526c164274ef125f26da3f1"
  },
  "pledged": 31275.6,
  "profile": {
    "background_color": null,
    "background_image_opacity": 0.8,
    "blurb": null,
    "feature_image_attributes": {
      "image_urls": {
        "baseball_card": "https://ksr-ugc.imgix.net/assets/011/318/480/7ddd891ef3345aa8ab07802bcdb412ee_original.jpg?w=1552&h=873&fit=fill&bg=000000&v=1463680938&auto=format&q=92&s=edd73a3e1dded1f8cc41c4ae2b9e3f72",
        "default": "https://ksr-ugc.imgix.net/assets/011/318/480/7ddd891ef3345aa8ab07802bcdb412ee_original.jpg?w=1552&h=873&fit=fill&bg=000000&v=1463680938&auto=format&q=92&s=edd73a3e1dded1f8cc41c4ae2b9e3f72"
      }
    },
    "id": 79347,
    "link_background_color": null,
    "link_text": null,
    "link_text_color": null,
    "link_url": null,
    "name": null,
    "project_id": 79347,
    "should_show_feature_image_section": true,
    "show_feature_image": false,
    "state": "inactive",
    "state_changed_at": 1425915805,
    "text_color": null
  },
  "slug": "sparklab-an-educational-build-mobile",
  "spotlight": true,
  "staff_pick": true,
  "state": "successful",
  "state_changed_at": 1332561628,
  "static_usd_rate": 1.0,
  "urls": {
    "web": {
      "project": "https://www.kickstarter.com/projects/jasonchua/sparklab-an-educational-build-mobile?ref=category_newest",
      "rewards": "https://www.kickstarter.com/projects/jasonchua/sparklab-an-educational-build-mobile/rewards"
    }
  },
  "usd_pledged": "31275.6"
}