{
  "backers_count": 1,
  "blurb": "HELP US BUILD THE FIRST FREE PETAFLOP SERVER",
  "category": {
    "color": 6526716,
    "id": 51,
    "name": "Software",
    "parent_id": 16,
    "position": 11,
    "slug": "technology/software",
    "urls": {
      "web": {
        "discover": "http://www.kickstarter.com/discover/categories/technology/software"
      }
    }
  },
  "country": "US",
  "created_at": 1409212052,
  "creator": {
    "avatar": {
      "medium": "https://ksr-ugc.imgix.net/assets/009/238/444/1400b46a0255fff609454486114742a8_original.jpg?w=160&h=160&fit=crop&v=1461566967&auto=format&q=92&s=508b4c2fc74c23f16b6dfefe6f2dbdee",
      "small": "https://ksr-ugc.imgix.net/assets/009/238/444/1400b46a0255fff609454486114742a8_original.jpg?w=160&h=160&fit=crop&v=1461566967&auto=format&q=92&s=508b4c2fc74c23f16b6dfefe6f2dbdee",
      "thumb": "https://ksr-ugc.imgix.net/assets/009/238/444/1400b46a0255fff609454486114742a8_original.jpg?w=40&h=40&fit=crop&v=1461566967&auto=format&q=92&s=9131f4545a35db77fbe5b14d7f2106f3"
    },
    "id": 1390235412,
    "name": "Will William",
    "urls": {
      "api": {
        "user": "https://api.kickstarter.com/v1/users/1390235412?signature=1488680274.ecf82285985c15c2b633768615d1e68f5ec1a03b"
      },
      "web": {
        "user": "https://www.kickstarter.com/profile/1390235412"
      }
    }
  },
  "currency": "USD",
  "currency_symbol": "$",
  "currency_trailing_code": true,
  "deadline": 1415691840,
  "disable_communication": false,
  "goal": 98000.0,
  "id": 1002211518,
  "launched_at": 1412383586,
  "location": {
    "country": "US",
    "displayable_name": "Seattle, WA",
    "id": 2490383,
    "is_root": false,
    "name": "Seattle",
    "short_name": "Seattle, WA",
    "slug": "seattle-wa",
    "state": "WA",
    "type": "Town",
    "urls": {
      "api": {
        "nearby_projects": "https://api.kickstarter.com/v1/discover?signature=1488668417.635b17c9d72926ad854407be5a91bd1944856e1c&woe_id=2490383"
      },
      "web": {
        "discover": "https://www.kickstarter.com/discover/places/seattle-wa",
        "location": "https://www.kickstarter.com/locations/seattle-wa"
      }
    }
  },
  "name": "FREE SUPERCOMPUTER",
  "photo": {
    "1024x576": "https://ksr-ugc.imgix.net/assets/011/851/337/00281c3914884762e6a7b554c3db1078_original.jpg?w=1024&h=576&fit=fill&bg=000000&v=1463703967&auto=format&q=92&s=1f6c332100772171fd7a578ede0a526a",
    "1536x864": "https://ksr-ugc.imgix.net/assets/011/851/337/00281c3914884762e6a7b554c3db1078_original.jpg?w=1536&h=864&fit=fill&bg=000000&v=1463703967&auto=format&q=92&s=a32dad98c12db9586a59a5c624783840",
    "ed": "https://ksr-ugc.imgix.net/assets/011/851/337/00281c3914884762e6a7b554c3db1078_original.jpg?w=338&h=190&fit=fill&bg=000000&v=1463703967&auto=format&q=92&s=33cd5cf58f281077bc5ada6f3fff3d9d",
    "full": "https://ksr-ugc.imgix.net/assets/011/851/337/00281c3914884762e6a7b554c3db1078_original.jpg?w=560&h=315&fit=fill&bg=000000&v=1463703967&auto=format&q=92&s=cc2ca84de04d31043544f17a08d97e7a",
    "key": "assets/011/851/337/00281c3914884762e6a7b554c3db1078_original.jpg",
    "little": "https://ksr-ugc.imgix.net/assets/011/851/337/00281c3914884762e6a7b554c3db1078_original.jpg?w=200&h=112&fit=fill&bg=000000&v=1463703967&auto=format&q=92&s=2c51f7a3c92a655b064d84dde4c6694a",
    "med": "https://ksr-ugc.imgix.net/assets/011/851/337/00281c3914884762e6a7b554c3db1078_original.jpg?w=266&h=150&fit=fill&bg=000000&v=1463703967&auto=format&q=92&s=ad7a7ff4cbf24013f23be3ef54d9be69",
    "small": "https://ksr-ugc.imgix.net/assets/011/851/337/00281c3914884762e6a7b554c3db1078_original.jpg?w=160&h=90&fit=fill&bg=000000&v=1463703967&auto=format&q=92&s=cf0d3c2b15c0438d5bf93fc6bc304eed",
    "thumb": "https://ksr-ugc.imgix.net/assets/011/851/337/00281c3914884762e6a7b554c3db1078_original.jpg?w=40&h=22&fit=fill&bg=000000&v=1463703967&auto=format&q=92&s=09573cd05f598ea206f330fc3bdb5425"
  },
  "pledged": 1.0,
  "profile": {
    "background_color": null,
    "background_image_opacity": 0.8,
    "blurb": null,
    "feature_image_attributes": {
      "image_urls": {
        "baseball_card": "https://ksr-ugc.imgix.net/assets/011/851/337/00281c3914884762e6a7b554c3db1078_original.jpg?w=1552&h=873&fit=fill&bg=000000&v=1463703967&auto=format&q=92&s=b6d38d4aec59c6a5733f97a1c0068766",
        "default": "https://ksr-ugc.imgix.net/assets/011/851/337/00281c3914884762e6a7b554c3db1078_original.jpg?w=1552&h=873&fit=fill&bg=000000&v=1463703967&auto=format&q=92&s=b6d38d4aec59c6a5733f97a1c0068766"
      }
    },
    "id": 1322164,
    "link_background_color": null,
    "link_text": null,
    "link_text_color": null,
    "link_url": null,
    "name": null,
    "project_id": 1322164,
    "should_show_feature_image_section": true,
    "show_feature_image": false,
    "state": "inactive",
    "state_changed_at": 1425915873,
    "text_color": null
  },
  "slug": "free-supercomputer",
  "spotlight": false,
  "staff_pick": false,
  "state": "failed",
  "state_changed_at": 1415691841,
  "static_usd_rate": 1.0,
  "urls": {
    "web": {
      "project": "https://www.kickstarter.com/projects/1390235412/free-supercomputer?ref=category_newest",
      "rewards": "https://www.kickstarter.com/projects/1390235412/free-supercomputer/rewards"
    }
  },
  "usd_pledged": "1.0"
}