{
  "backers_count": 298,
  "blurb": "A development platform with built-in Wi-Fi, web IDE, cloud access, Arduino shield, and more that makes creating IoT devices simple.",
  "category": {
    "color": 6526716,
    "id": 334,
    "name": "DIY Electronics",
    "parent_id": 16,
    "position": 4,
    "slug": "technology/diy electronics",
    "urls": {
      "web": {
        "discover": "http://www.kickstarter.com/discover/categories/technology/diy%20electronics"
      }
    }
  },
  "country": "US",
  "created_at": 1411833431,
  "creator": {
    "avatar": {
      "medium": "https://ksr-ugc.imgix.net/assets/009/284/789/6509aad8dbf9bbe1b86d685525f095a0_original.png?w=160&h=160&fit=crop&v=1461573393&auto=format&q=92&s=e78cd7b15fb70448f817f1e2dfb8f8a0",
      "small": "https://ksr-ugc.imgix.net/assets/009/284/789/6509aad8dbf9bbe1b86d685525f095a0_original.png?w=160&h=160&fit=crop&v=1461573393&auto=format&q=92&s=e78cd7b15fb70448f817f1e2dfb8f8a0",
      "thumb": "https://ksr-ugc.imgix.net/assets/009/284/789/6509aad8dbf9bbe1b86d685525f095a0_original.png?w=40&h=40&fit=crop&v=1461573393&auto=format&q=92&s=731af31741a33a07e4e24dc04c8c543a"
    },
    "id": 398910642,
    "name": "Esquilo Corp",
    "slug": "esquiloio",
    "urls": {
      "api": {
        "user": "https://api.kickstarter.com/v1/users/398910642?signature=1488679313.d05150c972a88da34fef443000de789b8726525d"
      },
      "web": {
        "user": "https://www.kickstarter.com/profile/esquiloio"
      }
    }
  },
  "currency": "USD",
  "currency_symbol": "$",
  "currency_trailing_code": true,
  "deadline": 1433944354,
  "disable_communication": false,
  "goal": 10000.0,
  "id": 1002453633,
  "launched_at": 1431352354,
  "location": {
    "country": "US",
    "displayable_name": "Austin, TX",
    "id": 2357536,
    "is_root": false,
    "name": "Austin",
    "short_name": "Austin, TX",
    "slug": "austin-tx",
    "state": "TX",
    "type": "Town",
    "urls": {
      "api": {
        "nearby_projects": "https://api.kickstarter.com/v1/discover?signature=1488668420.3700aff62e251c47579f5271b8866f6765c989f3&woe_id=2357536"
      },
      "web": {
        "discover": "https://www.kickstarter.com/discover/places/austin-tx",
        "location": "https://www.kickstarter.com/locations/austin-tx"
      }
    }
  },
  "name": "Esquilo: Simple IoT Development - WiFi + Web IDE + Cloud",
  "photo": {
    "1024x576": "https://ksr-ugc.imgix.net/assets/011/884/091/c05ac47aba9f358433a20063c99e3df9_original.png?w=1024&h=576&fit=fill&bg=000000&v=1463709995&auto=format&q=92&s=f94b0f7cedb0462094f7b6107cf69e8a",
    "1536x864": "https://ksr-ugc.imgix.net/assets/011/884/091/c05ac47aba9f358433a20063c99e3df9_original.png?w=1536&h=864&fit=fill&bg=000000&v=1463709995&auto=format&q=92&s=a73f7bd8ee0d7ef76e690a7a7e809c77",
    "ed": "https://ksr-ugc.imgix.net/assets/011/884/091/c05ac47aba9f358433a20063c99e3df9_original.png?w=338&h=190&fit=fill&bg=000000&v=1463709995&auto=format&q=92&s=d21df12f26954697b85b8824a088a392",
    "full": "https://ksr-ugc.imgix.net/assets/011/884/091/c05ac47aba9f358433a20063c99e3df9_original.png?w=560&h=315&fit=fill&bg=000000&v=1463709995&auto=format&q=92&s=564486cf5bb0d8723102f1426790f92e",
    "key": "assets/011/884/091/c05ac47aba9f358433a20063c99e3df9_original.png",
    "little": "https://ksr-ugc.imgix.net/assets/011/884/091/c05ac47aba9f358433a20063c99e3df9_original.png?w=200&h=112&fit=fill&bg=000000&v=1463709995&auto=format&q=92&s=a74c21c24a60dc68509963fb5a992d06",
    "med": "https://ksr-ugc.imgix.net/assets/011/884/091/c05ac47aba9f358433a20063c99e3df9_original.png?w=266&h=150&fit=fill&bg=000000&v=1463709995&auto=format&q=92&s=82eaf66a0f0ff3d46f3e2d2b801f21f8",
    "small": "https://ksr-ugc.imgix.net/assets/011/884/091/c05ac47aba9f358433a20063c99e3df9_original.png?w=160&h=90&fit=fill&bg=000000&v=1463709995&auto=format&q=92&s=3eb9da7c87400d7fe42c62e1ef7f0f35",
    "thumb": "https://ksr-ugc.imgix.net/assets/011/884/091/c05ac47aba9f358433a20063c99e3df9_original.png?w=40&h=22&fit=fill&bg=000000&v=1463709995&auto=format&q=92&s=8d7bb3b18e4c6a66e280b05d42b96d7e"
  },
  "pledged": 23447.0,
  "profile": {
    "background_color": "",
    "background_image_opacity": 0.8,
    "blurb": "A development platform with built-in Wi-Fi, web IDE, cloud access, Arduino shield, and more that makes creating IoT devices simple.",
    "feature_image_attributes": {
      "id": 3956644,
      "image_urls": {
        "baseball_card": "https://ksr-ugc.imgix.net/assets/003/956/644/21a68f69478138d519b5cd7253f77a52_original.jpg?w=700&fit=max&v=1433945125&auto=format&q=92&s=f37a1fb29c7f0a13f2d9712daeb2379d",
        "default": "https://ksr-ugc.imgix.net/assets/003/956/644/21a68f69478138d519b5cd7253f77a52_original.jpg?w=700&fit=max&v=1433945125&auto=format&q=92&s=f37a1fb29c7f0a13f2d9712daeb2379d"
      }
    },
    "id": 1390029,
    "link_background_color": "",
    "link_text": "Visit Our Store",
    "link_text_color": "",
    "link_url": "https://store.esquilo.io/",
    "name": "Esquilo: Simple IoT Development - WiFi + Web IDE + Cloud",
    "project_id": 1390029,
    "should_show_feature_image_section": true,
    "show_feature_image": true,
    "state": "active",
    "state_changed_at": 1433945148,
    "text_color": ""
  },
  "slug": "esquilo-simple-iot-development",
  "spotlight": true,
  "staff_pick": false,
  "state": "successful",
  "state_changed_at": 1433944356,
  "static_usd_rate": 1.0,
  "urls": {
    "web": {
      "project": "https://www.kickstarter.com/projects/esquiloio/esquilo-simple-iot-development?ref=category_newest",
      "rewards": "https://www.kickstarter.com/projects/esquiloio/esquilo-simple-iot-development/rewards"
    }
  },
  "usd_pledged": "23447.0"
}