{
  "backers_count": 10,
  "blurb": "Seeker Copters are Aerial Drones designed specifically for long duration flights likes those needed for Search and Rescue operations.",
  "category": {
    "color": 6526716,
    "id": 333,
    "name": "Camera Equipment",
    "parent_id": 16,
    "position": 3,
    "slug": "technology/camera equipment",
    "urls": {
      "web": {
        "discover": "http://www.kickstarter.com/discover/categories/technology/camera%20equipment"
      }
    }
  },
  "country": "US",
  "created_at": 1405697724,
  "creator": {
    "avatar": {
      "medium": "https://ksr-ugc.imgix.net/assets/008/575/473/b40f1edb9e34cf3e65561c2f3a263001_original.jpg?w=160&h=160&fit=crop&v=1461532518&auto=format&q=92&s=d7e5d0e6278a0c6233b84fc5b7c2b137",
      "small": "https://ksr-ugc.imgix.net/assets/008/575/473/b40f1edb9e34cf3e65561c2f3a263001_original.jpg?w=160&h=160&fit=crop&v=1461532518&auto=format&q=92&s=d7e5d0e6278a0c6233b84fc5b7c2b137",
      "thumb": "https://ksr-ugc.imgix.net/assets/008/575/473/b40f1edb9e34cf3e65561c2f3a263001_original.jpg?w=40&h=40&fit=crop&v=1461532518&auto=format&q=92&s=6ce2325d25a90ef71c734e8831f4ba88"
    },
    "id": 1264623651,
    "name": "Lee Thurburn and Lynn Cromer",
    "urls": {
      "api": {
        "user": "https://api.kickstarter.com/v1/users/1264623651?signature=1488679268.af68c3a7a2a1bf1ed532fd24673221949b3e7f6a"
      },
      "web": {
        "user": "https://www.kickstarter.com/profile/1264623651"
      }
    }
  },
  "currency": "USD",
  "currency_symbol": "$",
  "currency_trailing_code": true,
  "deadline": 1416495281,
  "disable_communication": false,
  "goal": 20000.0,
  "id": 1002789295,
  "launched_at": 1413899681,
  "location": {
    "country": "US",
    "displayable_name": "Dallas, TX",
    "id": 2388929,
    "is_root": false,
    "name": "Dallas",
    "short_name": "Dallas, TX",
    "slug": "dallas-tx",
    "state": "TX",
    "type": "Town",
    "urls": {
      "api": {
        "nearby_projects": "https://api.kickstarter.com/v1/discover?signature=1488668421.7d7ac9b754573193ed78d00285944ee55384a271&woe_id=2388929"
      },
      "web": {
        "discover": "https://www.kickstarter.com/discover/places/dallas-tx",
        "location": "https://www.kickstarter.com/locations/dallas-tx"
      }
    }
  },
  "name": "Seeker Aerial Video Drone",
  "photo": {
    "1024x576": "https://ksr-ugc.imgix.net/assets/011/792/832/c0aaef8f34415b2d501eea033674f4c0_original.png?w=1024&h=576&fit=fill&bg=000000&v=1463695429&auto=format&q=92&s=807143a9edba38beba229ac591d98d68",
    "1536x864": "https://ksr-ugc.imgix.net/assets/011/792/832/c0aaef8f34415b2d501eea033674f4c0_original.png?w=1536&h=864&fit=fill&bg=000000&v=1463695429&auto=format&q=92&s=6bd6dd46f3530cd1869537e48c5a236e",
    "ed": "https://ksr-ugc.imgix.net/assets/011/792/832/c0aaef8f34415b2d501eea033674f4c0_original.png?w=338&h=190&fit=fill&bg=000000&v=1463695429&auto=format&q=92&s=fc7effd5e1573bbc5247e92b359904a3",
    "full": "https://ksr-ugc.imgix.net/assets/011/792/832/c0aaef8f34415b2d501eea033674f4c0_original.png?w=560&h=315&fit=fill&bg=000000&v=1463695429&auto=format&q=92&s=3d1a4978771927deb3869921d88a5b64",
    "key": "assets/011/792/832/c0aaef8f34415b2d501eea033674f4c0_original.png",
    "little": "https://ksr-ugc.imgix.net/assets/011/792/832/c0aaef8f34415b2d501eea033674f4c0_original.png?w=200&h=112&fit=fill&bg=000000&v=1463695429&auto=format&q=92&s=2ccab76244ba2a2d569a0346becf19e1",
    "med": "https://ksr-ugc.imgix.net/assets/011/792/832/c0aaef8f34415b2d501eea033674f4c0_original.png?w=266&h=150&fit=fill&bg=000000&v=1463695429&auto=format&q=92&s=bc78d275c956dfafb70d19c21fd1936c",
    "small": "https://ksr-ugc.imgix.net/assets/011/792/832/c0aaef8f34415b2d501eea033674f4c0_original.png?w=160&h=90&fit=fill&bg=000000&v=1463695429&auto=format&q=92&s=10edc82ee694c324e695453c16ce39e3",
    "thumb": "https://ksr-ugc.imgix.net/assets/011/792/832/c0aaef8f34415b2d501eea033674f4c0_original.png?w=40&h=22&fit=fill&bg=000000&v=1463695429&auto=format&q=92&s=4e99d08ea34b39d94b7229bf9bceaa23"
  },
  "pledged": 5043.0,
  "profile": {
    "background_color": null,
    "background_image_opacity": 0.8,
    "blurb": null,
    "feature_image_attributes": {
      "image_urls": {
        "baseball_card": "https://ksr-ugc.imgix.net/assets/011/792/832/c0aaef8f34415b2d501eea033674f4c0_original.png?w=1552&h=873&fit=fill&bg=000000&v=1463695429&auto=format&q=92&s=203b635b3e923b0140fe7de82a8c3194",
        "default": "https://ksr-ugc.imgix.net/assets/011/792/832/c0aaef8f34415b2d501eea033674f4c0_original.png?w=1552&h=873&fit=fill&bg=000000&v=1463695429&auto=format&q=92&s=203b635b3e923b0140fe7de82a8c3194"
      }
    },
    "id": 1200340,
    "link_background_color": null,
    "link_text": null,
    "link_text_color": null,
    "link_url": null,
    "name": null,
    "project_id": 1200340,
    "should_show_feature_image_section": true,
    "show_feature_image": false,
    "state": "inactive",
    "state_changed_at": 1425915866,
    "text_color": null
  },
  "slug": "seeker-aerial-video-drone",
  "spotlight": false,
  "staff_pick": false,
  "state": "failed",
  "state_changed_at": 1416495281,
  "static_usd_rate": 1.0,
  "urls": {
    "web": {
      "project": "https://www.kickstarter.com/projects/1264623651/seeker-aerial-video-drone?ref=category_newest",
      "rewards": "https://www.kickstarter.com/projects/1264623651/seeker-aerial-video-drone/rewards"
    }
  },
  "usd_pledged": "5043.0"
}