{
  "backers_count": 0,
  "blurb": "This will allow contractors to add new customers, photos of damage, notes, etc. All info can then be sent and an Estimate prepared!",
  "category": {
    "color": 6526716,
    "id": 332,
    "name": "Apps",
    "parent_id": 16,
    "position": 2,
    "slug": "technology/apps",
    "urls": {
      "web": {
        "discover": "http://www.kickstarter.com/discover/categories/technology/apps"
      }
    }
  },
  "country": "US",
  "created_at": 1443474282,
  "creator": {
    "avatar": {
      "medium": "https://ksr-ugc.imgix.net/assets/009/886/772/391afea98303af5689f6443a2a1409b6_original.jpg?w=160&h=160&fit=crop&v=1461641080&auto=format&q=92&s=afef70babf8e5812e934efdabbd441a9",
      "small": "https://ksr-ugc.imgix.net/assets/009/886/772/391afea98303af5689f6443a2a1409b6_original.jpg?w=160&h=160&fit=crop&v=1461641080&auto=format&q=92&s=afef70babf8e5812e934efdabbd441a9",
      "thumb": "https://ksr-ugc.imgix.net/assets/009/886/772/391afea98303af5689f6443a2a1409b6_original.jpg?w=40&h=40&fit=crop&v=1461641080&auto=format&q=92&s=1d4a432124167a78791969d0d06f7aa8"
    },
    "id": 976313294,
    "name": "Leighton Ashford (deleted)",
    "urls": {
      "api": {
        "user": "https://api.kickstarter.com/v1/users/976313294?signature=1488679102.6a6a04545a8b1744a42b5aebbe92e49af5961fbf"
      },
      "web": {
        "user": "https://www.kickstarter.com/profile/976313294"
      }
    }
  },
  "currency": "USD",
  "currency_symbol": "$",
  "currency_trailing_code": true,
  "deadline": 1448667128,
  "disable_communication": false,
  "goal": 10000.0,
  "id": 1002674727,
  "launched_at": 1443479528,
  "location": {
    "country": "US",
    "displayable_name": "Paris, TX",
    "id": 2468279,
    "is_root": false,
    "name": "Paris",
    "short_name": "Paris, TX",
    "slug": "paris-tx",
    "state": "TX",
    "type": "Town",
    "urls": {
      "api": {
        "nearby_projects": "https://api.kickstarter.com/v1/discover?signature=1488669125.8e8d6c82f05c57d46de9a27d967992335277e4fa&woe_id=2468279"
      },
      "web": {
        "discover": "https://www.kickstarter.com/discover/places/paris-tx",
        "location": "https://www.kickstarter.com/locations/paris-tx"
      }
    }
  },
  "name": "Write my Estimate - have your estimate written anywhere!",
  "photo": {
    "1024x576": "https://ksr-ugc.imgix.net/assets/012/265/930/724f79e7122167faf23975d7cee02760_original.png?w=1024&h=576&fit=fill&bg=000000&v=1463748334&auto=format&q=92&s=db4500fe0551ae7484d3f6b25d78a7f0",
    "1536x864": "https://ksr-ugc.imgix.net/assets/012/265/930/724f79e7122167faf23975d7cee02760_original.png?w=1536&h=864&fit=fill&bg=000000&v=1463748334&auto=format&q=92&s=5a33f772b401dcebc14b96a58549194b",
    "ed": "https://ksr-ugc.imgix.net/assets/012/265/930/724f79e7122167faf23975d7cee02760_original.png?w=338&h=190&fit=fill&bg=000000&v=1463748334&auto=format&q=92&s=dd6488fb25a0a1649a16bf226da30d16",
    "full": "https://ksr-ugc.imgix.net/assets/012/265/930/724f79e7122167faf23975d7cee02760_original.png?w=560&h=315&fit=fill&bg=000000&v=1463748334&auto=format&q=92&s=dc08f507fc73329b5f64649dd726d945",
    "key": "assets/012/265/930/724f79e7122167faf23975d7cee02760_original.png",
    "little": "https://ksr-ugc.imgix.net/assets/012/265/930/724f79e7122167faf23975d7cee02760_original.png?w=200&h=112&fit=fill&bg=000000&v=1463748334&auto=format&q=92&s=9d9cac594ac4c0f59108bb3b3cb95a75",
    "med": "https://ksr-ugc.imgix.net/assets/012/265/930/724f79e7122167faf23975d7cee02760_original.png?w=266&h=150&fit=fill&bg=000000&v=1463748334&auto=format&q=92&s=189af39ab364c2b4bad2b9d60b9ace89",
    "small": "https://ksr-ugc.imgix.net/assets/012/265/930/724f79e7122167faf23975d7cee02760_original.png?w=160&h=90&fit=fill&bg=000000&v=1463748334&auto=format&q=92&s=8d2ebdd2655ae4899c5225e3d62be81e",
    "thumb": "https://ksr-ugc.imgix.net/assets/012/265/930/724f79e7122167faf23975d7cee02760_original.png?w=40&h=22&fit=fill&bg=000000&v=1463748334&auto=format&q=92&s=d5fae2a46ca38cacfc9fed75aecd4a09"
  },
  "pledged": 0.0,
  "profile": {
    "background_color": null,
    "background_image_opacity": 0.8,
    "blurb": null,
    "feature_image_attributes": {
      "image_urls": {
        "baseball_card": "https://ksr-ugc.imgix.net/assets/012/265/930/724f79e7122167faf23975d7cee02760_original.png?w=1552&h=873&fit=fill&bg=000000&v=1463748334&auto=format&q=92&s=56957ee288c38b3a0effd6c9df0aff9c",
        "default": "https://ksr-ugc.imgix.net/assets/012/265/930/724f79e7122167faf23975d7cee02760_original.png?w=1552&h=873&fit=fill&bg=000000&v=1463748334&auto=format&q=92&s=56957ee288c38b3a0effd6c9df0aff9c"
      }
    },
    "id": 2147424,
    "link_background_color": null,
    "link_text": null,
    "link_text_color": null,
    "link_url": null,
    "name": null,
    "project_id": 2147424,
    "should_show_feature_image_section": true,
    "show_feature_image": false,
    "state": "inactive",
    "state_changed_at": 1443474282,
    "text_color": null
  },
  "slug": "write-my-estimate-have-your-estimate-written-anywh",
  "spotlight": false,
  "staff_pick": false,
  "state": "failed",
  "state_changed_at": 1448667128,
  "static_usd_rate": 1.0,
  "urls": {
    "web": {
      "project": "https://www.kickstarter.com/projects/976313294/write-my-estimate-have-your-estimate-written-anywh?ref=category_newest",
      "rewards": "https://www.kickstarter.com/projects/976313294/write-my-estimate-have-your-estimate-written-anywh/rewards"
    }
  },
  "usd_pledged": "0.0"
}