{
  "backers_count": 7,
  "blurb": "You can control how much air enters the helmet by opening or closing the vents. This is very useful in bad weather, or for competition.",
  "category": {
    "color": 6526716,
    "id": 341,
    "name": "Wearables",
    "parent_id": 16,
    "position": 14,
    "slug": "technology/wearables",
    "urls": {
      "web": {
        "discover": "http://www.kickstarter.com/discover/categories/technology/wearables"
      }
    }
  },
  "country": "US",
  "created_at": 1481844225,
  "creator": {
    "avatar": {
      "medium": "https://ksr-ugc.imgix.net/assets/014/902/111/bb38de81b1f3506b323c671b68e74c11_original.jpg?w=160&h=160&fit=crop&v=1481852288&auto=format&q=92&s=828e70e90395d1ffa5a4616c0e542328",
      "small": "https://ksr-ugc.imgix.net/assets/014/902/111/bb38de81b1f3506b323c671b68e74c11_original.jpg?w=160&h=160&fit=crop&v=1481852288&auto=format&q=92&s=828e70e90395d1ffa5a4616c0e542328",
      "thumb": "https://ksr-ugc.imgix.net/assets/014/902/111/bb38de81b1f3506b323c671b68e74c11_original.jpg?w=40&h=40&fit=crop&v=1481852288&auto=format&q=92&s=705f76c79b7eb21074cb55b2e6d617f9"
    },
    "id": 806337188,
    "name": "Jossamer Graphics",
    "urls": {
      "api": {
        "user": "https://api.kickstarter.com/v1/users/806337188?signature=1488680626.269a153db288c20858e2b97385f1a5ace50632d0"
      },
      "web": {
        "user": "https://www.kickstarter.com/profile/806337188"
      }
    }
  },
  "currency": "USD",
  "currency_symbol": "$",
  "currency_trailing_code": true,
  "deadline": 1485964559,
  "disable_communication": false,
  "goal": 150000.0,
  "id": 1002521611,
  "launched_at": 1483372559,
  "location": {
    "country": "US",
    "displayable_name": "Rye, NY",
    "id": 2486221,
    "is_root": false,
    "name": "Rye",
    "short_name": "Rye, NY",
    "slug": "rye-ny",
    "state": "NY",
    "type": "Town",
    "urls": {
      "api": {
        "nearby_projects": "https://api.kickstarter.com/v1/discover?signature=1488668445.83f3a4e00fe3d7bcf0a415a7ea6cc28376db828c&woe_id=2486221"
      },
      "web": {
        "discover": "https://www.kickstarter.com/discover/places/rye-ny",
        "location": "https://www.kickstarter.com/locations/rye-ny"
      }
    }
  },
  "name": "Airlock bike helmet",
  "photo": {
    "1024x576": "https://ksr-ugc.imgix.net/assets/014/900/898/eb697d0fe563afcf812176dac9cabaa3_original.jpg?w=1024&h=576&fit=fill&bg=000000&v=1481844342&auto=format&q=92&s=e214be1ee47c69b723738140f064be81",
    "1536x864": "https://ksr-ugc.imgix.net/assets/014/900/898/eb697d0fe563afcf812176dac9cabaa3_original.jpg?w=1536&h=864&fit=fill&bg=000000&v=1481844342&auto=format&q=92&s=08c83bdfeec78da6f8ea0ff4fb505db9",
    "ed": "https://ksr-ugc.imgix.net/assets/014/900/898/eb697d0fe563afcf812176dac9cabaa3_original.jpg?w=338&h=190&fit=fill&bg=000000&v=1481844342&auto=format&q=92&s=d467380dde1cefc39266deff40f85b81",
    "full": "https://ksr-ugc.imgix.net/assets/014/900/898/eb697d0fe563afcf812176dac9cabaa3_original.jpg?w=560&h=315&fit=fill&bg=000000&v=1481844342&auto=format&q=92&s=09bf587db359e1e1763ae8e911ac70e4",
    "key": "assets/014/900/898/eb697d0fe563afcf812176dac9cabaa3_original.jpg",
    "little": "https://ksr-ugc.imgix.net/assets/014/900/898/eb697d0fe563afcf812176dac9cabaa3_original.jpg?w=200&h=112&fit=fill&bg=000000&v=1481844342&auto=format&q=92&s=6d800e143e116cfba273dff3e37e9404",
    "med": "https://ksr-ugc.imgix.net/assets/014/900/898/eb697d0fe563afcf812176dac9cabaa3_original.jpg?w=266&h=150&fit=fill&bg=000000&v=1481844342&auto=format&q=92&s=b4445973a26dc1b93171eccc96395a28",
    "small": "https://ksr-ugc.imgix.net/assets/014/900/898/eb697d0fe563afcf812176dac9cabaa3_original.jpg?w=160&h=90&fit=fill&bg=000000&v=1481844342&auto=format&q=92&s=28bb8dbd59c1dbe9eb9e1411793e81d5",
    "thumb": "https://ksr-ugc.imgix.net/assets/014/900/898/eb697d0fe563afcf812176dac9cabaa3_original.jpg?w=40&h=22&fit=fill&bg=000000&v=1481844342&auto=format&q=92&s=3dd14991d8f53e35dbc91d71d50f7cf5"
  },
  "pledged": 590.0,
  "profile": {
    "background_color": null,
    "background_image_opacity": 0.8,
    "blurb": null,
    "feature_image_attributes": {
      "image_urls": {
        "baseball_card": "https://ksr-ugc.imgix.net/assets/014/900/898/eb697d0fe563afcf812176dac9cabaa3_original.jpg?w=1552&h=873&fit=fill&bg=000000&v=1481844342&auto=format&q=92&s=70a9bdf02617b530046f20a09267712b",
        "default": "https://ksr-ugc.imgix.net/assets/014/900/898/eb697d0fe563afcf812176dac9cabaa3_original.jpg?w=1552&h=873&fit=fill&bg=000000&v=1481844342&auto=format&q=92&s=70a9bdf02617b530046f20a09267712b"
      }
    },
    "id": 2801216,
    "link_background_color": null,
    "link_text": null,
    "link_text_color": null,
    "link_url": null,
    "name": null,
    "project_id": 2801216,
    "should_show_feature_image_section": true,
    "show_feature_image": false,
    "state": "inactive",
    "state_changed_at": 1481844225,
    "text_color": null
  },
  "slug": "airlock-bike-helmet",
  "spotlight": false,
  "staff_pick": false,
  "state": "failed",
  "state_changed_at": 1485964559,
  "static_usd_rate": 1.0,
  "urls": {
    "web": {
      "project": "https://www.kickstarter.com/projects/806337188/airlock-bike-helmet?ref=category_newest",
      "rewards": "https://www.kickstarter.com/projects/806337188/airlock-bike-helmet/rewards"
    }
  },
  "usd_pledged": "590.0"
}