{
  "backers_count": 0,
  "blurb": "The project is simple we build a new social network that allow you to communicate and discover very easy new people.",
  "category": {
    "color": 6526716,
    "id": 342,
    "name": "Web",
    "parent_id": 16,
    "position": 15,
    "slug": "technology/web",
    "urls": {
      "web": {
        "discover": "http://www.kickstarter.com/discover/categories/technology/web"
      }
    }
  },
  "country": "GB",
  "created_at": 1413133219,
  "creator": {
    "avatar": {
      "medium": "https://ksr-ugc.imgix.net/assets/009/240/186/f3646178481b9fda5c39c1fe6835f02e_original.jpg?w=160&h=160&fit=crop&v=1461567102&auto=format&q=92&s=a768657b8f6ddd96a094f0a08556b646",
      "small": "https://ksr-ugc.imgix.net/assets/009/240/186/f3646178481b9fda5c39c1fe6835f02e_original.jpg?w=160&h=160&fit=crop&v=1461567102&auto=format&q=92&s=a768657b8f6ddd96a094f0a08556b646",
      "thumb": "https://ksr-ugc.imgix.net/assets/009/240/186/f3646178481b9fda5c39c1fe6835f02e_original.jpg?w=40&h=40&fit=crop&v=1461567102&auto=format&q=92&s=42e7ec9ab05069708bbfa99ef8c70ac8"
    },
    "id": 1848731613,
    "name": "Bogdan Chirila",
    "urls": {
      "api": {
        "user": "https://api.kickstarter.com/v1/users/1848731613?signature=1488680739.733678af21efb7abd488b7769129faa3147f31f8"
      },
      "web": {
        "user": "https://www.kickstarter.com/profile/1848731613"
      }
    }
  },
  "currency": "GBP",
  "currency_symbol": "\u00a3",
  "currency_trailing_code": false,
  "deadline": 1416006616,
  "disable_communication": false,
  "goal": 5000.0,
  "id": 100296818,
  "launched_at": 1413411016,
  "location": {
    "country": "GB",
    "displayable_name": "London, UK",
    "id": 44418,
    "is_root": false,
    "name": "London",
    "short_name": "London, UK",
    "slug": "london-gb",
    "state": "England",
    "type": "Town",
    "urls": {
      "api": {
        "nearby_projects": "https://api.kickstarter.com/v1/discover?signature=1488668416.b722aeee49187b0362a5f49f63b05fba1954673c&woe_id=44418"
      },
      "web": {
        "discover": "https://www.kickstarter.com/discover/places/london-gb",
        "location": "https://www.kickstarter.com/locations/london-gb"
      }
    }
  },
  "name": "New Social Network",
  "photo": {
    "1024x576": "https://ksr-ugc.imgix.net/assets/011/905/347/65c16ce33789e394b5823be919e60d8d_original.jpg?w=1024&h=576&fit=fill&bg=000000&v=1463713146&auto=format&q=92&s=4c26f423901224d2491ac1a518dba4ab",
    "1536x864": "https://ksr-ugc.imgix.net/assets/011/905/347/65c16ce33789e394b5823be919e60d8d_original.jpg?w=1536&h=864&fit=fill&bg=000000&v=1463713146&auto=format&q=92&s=afb614c9ccf36113368be7bb9daf86e4",
    "ed": "https://ksr-ugc.imgix.net/assets/011/905/347/65c16ce33789e394b5823be919e60d8d_original.jpg?w=338&h=190&fit=fill&bg=000000&v=1463713146&auto=format&q=92&s=91ae164b7652ba29cd453e3e17e7eca7",
    "full": "https://ksr-ugc.imgix.net/assets/011/905/347/65c16ce33789e394b5823be919e60d8d_original.jpg?w=560&h=315&fit=fill&bg=000000&v=1463713146&auto=format&q=92&s=eadef2b3491578610a04d6a230ede1fa",
    "key": "assets/011/905/347/65c16ce33789e394b5823be919e60d8d_original.jpg",
    "little": "https://ksr-ugc.imgix.net/assets/011/905/347/65c16ce33789e394b5823be919e60d8d_original.jpg?w=200&h=112&fit=fill&bg=000000&v=1463713146&auto=format&q=92&s=1682e8363d2f7471b6d56dea7317c87f",
    "med": "https://ksr-ugc.imgix.net/assets/011/905/347/65c16ce33789e394b5823be919e60d8d_original.jpg?w=266&h=150&fit=fill&bg=000000&v=1463713146&auto=format&q=92&s=516d40b9e8a7c5641ab8d882b07efbdd",
    "small": "https://ksr-ugc.imgix.net/assets/011/905/347/65c16ce33789e394b5823be919e60d8d_original.jpg?w=160&h=90&fit=fill&bg=000000&v=1463713146&auto=format&q=92&s=300166e26d0ba0ef9d0010b28125385c",
    "thumb": "https://ksr-ugc.imgix.net/assets/011/905/347/65c16ce33789e394b5823be919e60d8d_original.jpg?w=40&h=22&fit=fill&bg=000000&v=1463713146&auto=format&q=92&s=4a4d10f4e9e437fcdead835b5d1d3434"
  },
  "pledged": 0.0,
  "profile": {
    "background_color": null,
    "background_image_opacity": 0.8,
    "blurb": null,
    "feature_image_attributes": {
      "image_urls": {
        "baseball_card": "https://ksr-ugc.imgix.net/assets/011/905/347/65c16ce33789e394b5823be919e60d8d_original.jpg?w=1552&h=873&fit=fill&bg=000000&v=1463713146&auto=format&q=92&s=afaaaad91be85be0af7d0da61c0772cd",
        "default": "https://ksr-ugc.imgix.net/assets/011/905/347/65c16ce33789e394b5823be919e60d8d_original.jpg?w=1552&h=873&fit=fill&bg=000000&v=1463713146&auto=format&q=92&s=afaaaad91be85be0af7d0da61c0772cd"
      }
    },
    "id": 1433782,
    "link_background_color": null,
    "link_text": null,
    "link_text_color": null,
    "link_url": null,
    "name": null,
    "project_id": 1433782,
    "should_show_feature_image_section": true,
    "show_feature_image": false,
    "state": "inactive",
    "state_changed_at": 1425915879,
    "text_color": null
  },
  "slug": "new-social-network",
  "spotlight": false,
  "staff_pick": false,
  "state": "failed",
  "state_changed_at": 1416006616,
  "static_usd_rate": 1.60725967,
  "urls": {
    "web": {
      "project": "https://www.kickstarter.com/projects/1848731613/new-social-network?ref=category_newest",
      "rewards": "https://www.kickstarter.com/projects/1848731613/new-social-network/rewards"
    }
  },
  "usd_pledged": "0.0"
}