{
  "backers_count": 3,
  "blurb": "Pocket Parking Meter will allow users to make deposits in to parking meter from their smartphone, no matter where they are.",
  "category": {
    "color": 6526716,
    "id": 332,
    "name": "Apps",
    "parent_id": 16,
    "position": 2,
    "slug": "technology/apps",
    "urls": {
      "web": {
        "discover": "http://www.kickstarter.com/discover/categories/technology/apps"
      }
    }
  },
  "country": "US",
  "created_at": 1423605597,
  "creator": {
    "avatar": {
      "medium": "https://ksr-ugc.imgix.net/assets/009/556/725/8a01e227b4bba3f85bcf7d2575cc51e8_original.jpeg?w=160&h=160&fit=crop&v=1461603003&auto=format&q=92&s=aa5939fbc15250db0bbda38583106b18",
      "small": "https://ksr-ugc.imgix.net/assets/009/556/725/8a01e227b4bba3f85bcf7d2575cc51e8_original.jpeg?w=160&h=160&fit=crop&v=1461603003&auto=format&q=92&s=aa5939fbc15250db0bbda38583106b18",
      "thumb": "https://ksr-ugc.imgix.net/assets/009/556/725/8a01e227b4bba3f85bcf7d2575cc51e8_original.jpeg?w=40&h=40&fit=crop&v=1461603003&auto=format&q=92&s=e5ac54a84c78c8af464b9e4874e963f8"
    },
    "id": 122890751,
    "name": "Marcus Eason",
    "urls": {
      "api": {
        "user": "https://api.kickstarter.com/v1/users/122890751?signature=1488678969.6ee05ee5ddd7a8450cf8561fe6156d6570ac3187"
      },
      "web": {
        "user": "https://www.kickstarter.com/profile/122890751"
      }
    }
  },
  "currency": "USD",
  "currency_symbol": "$",
  "currency_trailing_code": true,
  "deadline": 1424969171,
  "disable_communication": false,
  "goal": 4000.0,
  "id": 1003523647,
  "launched_at": 1423673171,
  "location": {
    "country": "US",
    "displayable_name": "Raleigh, NC",
    "id": 2478307,
    "is_root": false,
    "name": "Raleigh",
    "short_name": "Raleigh, NC",
    "slug": "raleigh-nc",
    "state": "NC",
    "type": "Town",
    "urls": {
      "api": {
        "nearby_projects": "https://api.kickstarter.com/v1/discover?signature=1488668423.18727a31646b938a540085f0fcaaf9426a5d99be&woe_id=2478307"
      },
      "web": {
        "discover": "https://www.kickstarter.com/discover/places/raleigh-nc",
        "location": "https://www.kickstarter.com/locations/raleigh-nc"
      }
    }
  },
  "name": "Pocket Parking Meter",
  "photo": {
    "1024x576": "https://ksr-ugc.imgix.net/assets/012/032/954/f3da7e80b645b925f412823edf9a0efb_original.jpg?w=1024&h=576&fit=fill&bg=000000&v=1463725774&auto=format&q=92&s=eb2e1bfab42de5d20129e9f4a4f3e126",
    "1536x864": "https://ksr-ugc.imgix.net/assets/012/032/954/f3da7e80b645b925f412823edf9a0efb_original.jpg?w=1536&h=864&fit=fill&bg=000000&v=1463725774&auto=format&q=92&s=8cec056942d4f053302574f36a45edfc",
    "ed": "https://ksr-ugc.imgix.net/assets/012/032/954/f3da7e80b645b925f412823edf9a0efb_original.jpg?w=338&h=190&fit=fill&bg=000000&v=1463725774&auto=format&q=92&s=3f8a022c42fac5254de4eb25488480a0",
    "full": "https://ksr-ugc.imgix.net/assets/012/032/954/f3da7e80b645b925f412823edf9a0efb_original.jpg?w=560&h=315&fit=fill&bg=000000&v=1463725774&auto=format&q=92&s=b7f67b77237395a499a98b1afa3a172b",
    "key": "assets/012/032/954/f3da7e80b645b925f412823edf9a0efb_original.jpg",
    "little": "https://ksr-ugc.imgix.net/assets/012/032/954/f3da7e80b645b925f412823edf9a0efb_original.jpg?w=200&h=112&fit=fill&bg=000000&v=1463725774&auto=format&q=92&s=7e35c726054d95cf164ed62a152c856a",
    "med": "https://ksr-ugc.imgix.net/assets/012/032/954/f3da7e80b645b925f412823edf9a0efb_original.jpg?w=266&h=150&fit=fill&bg=000000&v=1463725774&auto=format&q=92&s=281b136640714f36bb07a06b192efe03",
    "small": "https://ksr-ugc.imgix.net/assets/012/032/954/f3da7e80b645b925f412823edf9a0efb_original.jpg?w=160&h=90&fit=fill&bg=000000&v=1463725774&auto=format&q=92&s=ec1d0f70c61e5fca804916669ca54d79",
    "thumb": "https://ksr-ugc.imgix.net/assets/012/032/954/f3da7e80b645b925f412823edf9a0efb_original.jpg?w=40&h=22&fit=fill&bg=000000&v=1463725774&auto=format&q=92&s=ddc556dad3396623dd11c89ed113b246"
  },
  "pledged": 7.0,
  "profile": {
    "background_color": null,
    "background_image_opacity": 0.8,
    "blurb": null,
    "feature_image_attributes": {
      "image_urls": {
        "baseball_card": "https://ksr-ugc.imgix.net/assets/012/032/954/f3da7e80b645b925f412823edf9a0efb_original.jpg?w=1552&h=873&fit=fill&bg=000000&v=1463725774&auto=format&q=92&s=da4c920f435600f7a8e3fb07e2ede718",
        "default": "https://ksr-ugc.imgix.net/assets/012/032/954/f3da7e80b645b925f412823edf9a0efb_original.jpg?w=1552&h=873&fit=fill&bg=000000&v=1463725774&auto=format&q=92&s=da4c920f435600f7a8e3fb07e2ede718"
      }
    },
    "id": 1697349,
    "link_background_color": null,
    "link_text": null,
    "link_text_color": null,
    "link_url": null,
    "name": null,
    "project_id": 1697349,
    "should_show_feature_image_section": true,
    "show_feature_image": false,
    "state": "inactive",
    "state_changed_at": 1425915893,
    "text_color": null
  },
  "slug": "pocket-parking-meter",
  "spotlight": false,
  "staff_pick": false,
  "state": "failed",
  "state_changed_at": 1424969173,
  "static_usd_rate": 1.0,
  "urls": {
    "web": {
      "project": "https://www.kickstarter.com/projects/122890751/pocket-parking-meter?ref=category_newest",
      "rewards": "https://www.kickstarter.com/projects/122890751/pocket-parking-meter/rewards"
    }
  },
  "usd_pledged": "7.0"
}