{
  "backers_count": 0,
  "blurb": "Buy and sell locally, fast, simple, beautiful, fun.",
  "category": {
    "color": 6526716,
    "id": 332,
    "name": "Apps",
    "parent_id": 16,
    "position": 2,
    "slug": "technology/apps",
    "urls": {
      "web": {
        "discover": "http://www.kickstarter.com/discover/categories/technology/apps"
      }
    }
  },
  "country": "US",
  "created_at": 1456691630,
  "creator": {
    "avatar": {
      "medium": "https://ksr-ugc.imgix.net/assets/008/573/889/45233a75ab72f5e1b71dae15427118e3_original.jpg?w=160&h=160&fit=crop&v=1461532409&auto=format&q=92&s=460bca2129c8e8ac9428f64b11fff8c0",
      "small": "https://ksr-ugc.imgix.net/assets/008/573/889/45233a75ab72f5e1b71dae15427118e3_original.jpg?w=160&h=160&fit=crop&v=1461532409&auto=format&q=92&s=460bca2129c8e8ac9428f64b11fff8c0",
      "thumb": "https://ksr-ugc.imgix.net/assets/008/573/889/45233a75ab72f5e1b71dae15427118e3_original.jpg?w=40&h=40&fit=crop&v=1461532409&auto=format&q=92&s=ede4db82e061384f584123ae097982f8"
    },
    "id": 395986255,
    "name": "Nathan Mueller",
    "urls": {
      "api": {
        "user": "https://api.kickstarter.com/v1/users/395986255?signature=1488679171.26ed74429abe53914cf0301dcb1720185ea52ad9"
      },
      "web": {
        "user": "https://www.kickstarter.com/profile/395986255"
      }
    }
  },
  "currency": "USD",
  "currency_symbol": "$",
  "currency_trailing_code": true,
  "deadline": 1460079537,
  "disable_communication": false,
  "goal": 4860.0,
  "id": 1003338175,
  "launched_at": 1457491137,
  "location": {
    "country": "US",
    "displayable_name": "Palo Alto, CA",
    "id": 2467861,
    "is_root": false,
    "name": "Palo Alto",
    "short_name": "Palo Alto, CA",
    "slug": "palo-alto-ca",
    "state": "CA",
    "type": "Town",
    "urls": {
      "api": {
        "nearby_projects": "https://api.kickstarter.com/v1/discover?signature=1488668418.3fde4f4d64f9e7cb80c7105a5098840fc10e1afc&woe_id=2467861"
      },
      "web": {
        "discover": "https://www.kickstarter.com/discover/places/palo-alto-ca",
        "location": "https://www.kickstarter.com/locations/palo-alto-ca"
      }
    }
  },
  "name": "Knot App",
  "photo": {
    "1024x576": "https://ksr-ugc.imgix.net/assets/012/393/213/0e86ce3cb9819c4a6c8848da1b07131a_original.png?w=1024&h=576&fit=fill&bg=222327&v=1463758771&auto=format&q=92&s=a52dffe6599fdc485e77bd2399574f67",
    "1536x864": "https://ksr-ugc.imgix.net/assets/012/393/213/0e86ce3cb9819c4a6c8848da1b07131a_original.png?w=1536&h=864&fit=fill&bg=222327&v=1463758771&auto=format&q=92&s=213b1427019b4063f8f244e0dca19602",
    "ed": "https://ksr-ugc.imgix.net/assets/012/393/213/0e86ce3cb9819c4a6c8848da1b07131a_original.png?w=338&h=190&fit=fill&bg=222327&v=1463758771&auto=format&q=92&s=35571dc761075df20894d217fe6f43ea",
    "full": "https://ksr-ugc.imgix.net/assets/012/393/213/0e86ce3cb9819c4a6c8848da1b07131a_original.png?w=560&h=315&fit=fill&bg=222327&v=1463758771&auto=format&q=92&s=cc6a65f283c0d06c55c8242cab8cd7c2",
    "key": "assets/012/393/213/0e86ce3cb9819c4a6c8848da1b07131a_original.png",
    "little": "https://ksr-ugc.imgix.net/assets/012/393/213/0e86ce3cb9819c4a6c8848da1b07131a_original.png?w=200&h=112&fit=fill&bg=222327&v=1463758771&auto=format&q=92&s=bdc0b84929710bfc3f4750617f46c59a",
    "med": "https://ksr-ugc.imgix.net/assets/012/393/213/0e86ce3cb9819c4a6c8848da1b07131a_original.png?w=266&h=150&fit=fill&bg=222327&v=1463758771&auto=format&q=92&s=c27b6040aae74c0f2b820c9918198f08",
    "small": "https://ksr-ugc.imgix.net/assets/012/393/213/0e86ce3cb9819c4a6c8848da1b07131a_original.png?w=160&h=90&fit=fill&bg=222327&v=1463758771&auto=format&q=92&s=1f07fe74c8d56625cee32e7c73a1d7c4",
    "thumb": "https://ksr-ugc.imgix.net/assets/012/393/213/0e86ce3cb9819c4a6c8848da1b07131a_original.png?w=40&h=22&fit=fill&bg=222327&v=1463758771&auto=format&q=92&s=d733ca865e2db2219b4339c217379700"
  },
  "pledged": 0.0,
  "profile": {
    "background_color": null,
    "background_image_opacity": 0.8,
    "blurb": null,
    "feature_image_attributes": {
      "image_urls": {
        "baseball_card": "https://ksr-ugc.imgix.net/assets/012/393/213/0e86ce3cb9819c4a6c8848da1b07131a_original.png?w=1552&h=873&fit=fill&bg=222327&v=1463758771&auto=format&q=92&s=64d9856b2cfae818a2bf69689b45813c",
        "default": "https://ksr-ugc.imgix.net/assets/012/393/213/0e86ce3cb9819c4a6c8848da1b07131a_original.png?w=1552&h=873&fit=fill&bg=222327&v=1463758771&auto=format&q=92&s=64d9856b2cfae818a2bf69689b45813c"
      }
    },
    "id": 2398136,
    "link_background_color": null,
    "link_text": null,
    "link_text_color": null,
    "link_url": null,
    "name": null,
    "project_id": 2398136,
    "should_show_feature_image_section": true,
    "show_feature_image": false,
    "state": "inactive",
    "state_changed_at": 1456691630,
    "text_color": null
  },
  "slug": "knot-app",
  "spotlight": false,
  "staff_pick": false,
  "state": "failed",
  "state_changed_at": 1460079537,
  "static_usd_rate": 1.0,
  "urls": {
    "web": {
      "project": "https://www.kickstarter.com/projects/395986255/knot-app?ref=category_newest",
      "rewards": "https://www.kickstarter.com/projects/395986255/knot-app/rewards"
    }
  },
  "usd_pledged": "0.0"
}