{
  "backers_count": 3,
  "blurb": "My goal is to design and build an affordable CNC Mill & Drill that can be safely used indoors.",
  "category": {
    "color": 6526716,
    "id": 337,
    "name": "Gadgets",
    "parent_id": 16,
    "position": 7,
    "slug": "technology/gadgets",
    "urls": {
      "web": {
        "discover": "http://www.kickstarter.com/discover/categories/technology/gadgets"
      }
    }
  },
  "country": "US",
  "created_at": 1428617032,
  "creator": {
    "avatar": {
      "medium": "https://ksr-ugc.imgix.net/assets/009/721/281/9db2803eb1cb31f0b9bf5714cbcb3ac2_original.jpg?w=160&h=160&fit=crop&v=1461623663&auto=format&q=92&s=522203af7e1e8fc952dcaf1fd580eeed",
      "small": "https://ksr-ugc.imgix.net/assets/009/721/281/9db2803eb1cb31f0b9bf5714cbcb3ac2_original.jpg?w=160&h=160&fit=crop&v=1461623663&auto=format&q=92&s=522203af7e1e8fc952dcaf1fd580eeed",
      "thumb": "https://ksr-ugc.imgix.net/assets/009/721/281/9db2803eb1cb31f0b9bf5714cbcb3ac2_original.jpg?w=40&h=40&fit=crop&v=1461623663&auto=format&q=92&s=c910cfcdcdcc9b4a507e0e519264c967"
    },
    "id": 1389414569,
    "name": "Jose Ortiz",
    "urls": {
      "api": {
        "user": "https://api.kickstarter.com/v1/users/1389414569?signature=1488679669.a29c68bfe8fe062895de4c79a67b400071896940"
      },
      "web": {
        "user": "https://www.kickstarter.com/profile/1389414569"
      }
    }
  },
  "currency": "USD",
  "currency_symbol": "$",
  "currency_trailing_code": true,
  "deadline": 1431281955,
  "disable_communication": false,
  "goal": 65000.0,
  "id": 1003832819,
  "launched_at": 1428689955,
  "location": {
    "country": "US",
    "displayable_name": "Chicago, IL",
    "id": 2379574,
    "is_root": false,
    "name": "Chicago",
    "short_name": "Chicago, IL",
    "slug": "chicago-il",
    "state": "IL",
    "type": "Town",
    "urls": {
      "api": {
        "nearby_projects": "https://api.kickstarter.com/v1/discover?signature=1488668420.5b56f3c85b08c4b800c5a8dcb428aebecf2f9459&woe_id=2379574"
      },
      "web": {
        "discover": "https://www.kickstarter.com/discover/places/chicago-il",
        "location": "https://www.kickstarter.com/locations/chicago-il"
      }
    }
  },
  "name": "Desktop CNC Compact Mill & Drill (Canceled)",
  "photo": {
    "1024x576": "https://ksr-ugc.imgix.net/assets/012/102/707/07bd54ef1acee66b6bb25e76d552a105_original.jpg?w=1024&h=576&fit=fill&bg=000000&v=1463737321&auto=format&q=92&s=ddf016a00184e56d0ae2dbc347408fc3",
    "1536x864": "https://ksr-ugc.imgix.net/assets/012/102/707/07bd54ef1acee66b6bb25e76d552a105_original.jpg?w=1536&h=864&fit=fill&bg=000000&v=1463737321&auto=format&q=92&s=82f2c184decf0ad4e532379952e73bb4",
    "ed": "https://ksr-ugc.imgix.net/assets/012/102/707/07bd54ef1acee66b6bb25e76d552a105_original.jpg?w=338&h=190&fit=fill&bg=000000&v=1463737321&auto=format&q=92&s=15bad701fbdcfe6c7199efde1aeb024f",
    "full": "https://ksr-ugc.imgix.net/assets/012/102/707/07bd54ef1acee66b6bb25e76d552a105_original.jpg?w=560&h=315&fit=fill&bg=000000&v=1463737321&auto=format&q=92&s=8ef9eda9cb47554048399cb3e86719b2",
    "key": "assets/012/102/707/07bd54ef1acee66b6bb25e76d552a105_original.jpg",
    "little": "https://ksr-ugc.imgix.net/assets/012/102/707/07bd54ef1acee66b6bb25e76d552a105_original.jpg?w=200&h=112&fit=fill&bg=000000&v=1463737321&auto=format&q=92&s=dd3d346c982bcc8241b954d3bdcf844d",
    "med": "https://ksr-ugc.imgix.net/assets/012/102/707/07bd54ef1acee66b6bb25e76d552a105_original.jpg?w=266&h=150&fit=fill&bg=000000&v=1463737321&auto=format&q=92&s=5be41a9282e93ba5c6f19ea86deb1c4d",
    "small": "https://ksr-ugc.imgix.net/assets/012/102/707/07bd54ef1acee66b6bb25e76d552a105_original.jpg?w=160&h=90&fit=fill&bg=000000&v=1463737321&auto=format&q=92&s=d8111623d07cbc63754175eb98cacd51",
    "thumb": "https://ksr-ugc.imgix.net/assets/012/102/707/07bd54ef1acee66b6bb25e76d552a105_original.jpg?w=40&h=22&fit=fill&bg=000000&v=1463737321&auto=format&q=92&s=f37e7fc85fc9f376d48425ac16e77e67"
  },
  "pledged": 175.0,
  "profile": {
    "background_color": null,
    "background_image_opacity": 0.8,
    "blurb": null,
    "feature_image_attributes": {
      "image_urls": {
        "baseball_card": "https://ksr-ugc.imgix.net/assets/012/102/707/07bd54ef1acee66b6bb25e76d552a105_original.jpg?w=1552&h=873&fit=fill&bg=000000&v=1463737321&auto=format&q=92&s=2d48c3ab5a5cffb8a5580b8fdbb83d9d",
        "default": "https://ksr-ugc.imgix.net/assets/012/102/707/07bd54ef1acee66b6bb25e76d552a105_original.jpg?w=1552&h=873&fit=fill&bg=000000&v=1463737321&auto=format&q=92&s=2d48c3ab5a5cffb8a5580b8fdbb83d9d"
      }
    },
    "id": 1831974,
    "link_background_color": null,
    "link_text": null,
    "link_text_color": null,
    "link_url": null,
    "name": null,
    "project_id": 1831974,
    "should_show_feature_image_section": true,
    "show_feature_image": false,
    "state": "inactive",
    "state_changed_at": 1428617032,
    "text_color": null
  },
  "slug": "desktop-cnc-compact-mill-and-drill",
  "spotlight": false,
  "staff_pick": false,
  "state": "canceled",
  "state_changed_at": 1429913750,
  "static_usd_rate": 1.0,
  "urls": {
    "web": {
      "project": "https://www.kickstarter.com/projects/1389414569/desktop-cnc-compact-mill-and-drill?ref=category_newest",
      "rewards": "https://www.kickstarter.com/projects/1389414569/desktop-cnc-compact-mill-and-drill/rewards"
    }
  },
  "usd_pledged": "175.0"
}