{
  "backers_count": 0,
  "blurb": "Do all the things laptop can do, however with more flexibilities to share information, enjoy happiness and produce fantastic light",
  "category": {
    "color": 6526716,
    "id": 52,
    "name": "Hardware",
    "parent_id": 16,
    "position": 8,
    "slug": "technology/hardware",
    "urls": {
      "web": {
        "discover": "http://www.kickstarter.com/discover/categories/technology/hardware"
      }
    }
  },
  "country": "US",
  "created_at": 1431369391,
  "creator": {
    "avatar": {
      "medium": "https://ksr-ugc.imgix.net/assets/007/185/788/900c309bec60464a9d299698cad3fb21_original.jpg?w=160&h=160&fit=crop&v=1465138494&auto=format&q=92&s=b7c341f1b21001ec776985998ca3349b",
      "small": "https://ksr-ugc.imgix.net/assets/007/185/788/900c309bec60464a9d299698cad3fb21_original.jpg?w=160&h=160&fit=crop&v=1465138494&auto=format&q=92&s=b7c341f1b21001ec776985998ca3349b",
      "thumb": "https://ksr-ugc.imgix.net/assets/007/185/788/900c309bec60464a9d299698cad3fb21_original.jpg?w=40&h=40&fit=crop&v=1465138494&auto=format&q=92&s=ce97965bae552a0d3445e8c8b27d26ee"
    },
    "id": 2065363766,
    "name": "Willie Yin",
    "urls": {
      "api": {
        "user": "https://api.kickstarter.com/v1/users/2065363766?signature=1488680049.4741612c7088ad28bcf57cd776a9f43fb5a12bc0"
      },
      "web": {
        "user": "https://www.kickstarter.com/profile/2065363766"
      }
    }
  },
  "currency": "USD",
  "currency_symbol": "$",
  "currency_trailing_code": true,
  "deadline": 1438029450,
  "disable_communication": false,
  "goal": 80000.0,
  "id": 1003953048,
  "launched_at": 1435005450,
  "location": {
    "country": "US",
    "displayable_name": "Irvine, CA",
    "id": 2427665,
    "is_root": false,
    "name": "Irvine",
    "short_name": "Irvine, CA",
    "slug": "irvine-ca",
    "state": "CA",
    "type": "Town",
    "urls": {
      "api": {
        "nearby_projects": "https://api.kickstarter.com/v1/discover?signature=1488668420.d258782ac2817e90984deb076c28bda6b912e3f5&woe_id=2427665"
      },
      "web": {
        "discover": "https://www.kickstarter.com/discover/places/irvine-ca",
        "location": "https://www.kickstarter.com/locations/irvine-ca"
      }
    }
  },
  "name": "Lightbook (Canceled)",
  "photo": {
    "1024x576": "https://ksr-ugc.imgix.net/assets/012/134/795/7c3ecaa24e725986917308131f665e15_original.jpg?w=1024&h=576&fit=fill&bg=000000&v=1463738216&auto=format&q=92&s=d4dc4748b414af9fb394643659036234",
    "1536x864": "https://ksr-ugc.imgix.net/assets/012/134/795/7c3ecaa24e725986917308131f665e15_original.jpg?w=1536&h=864&fit=fill&bg=000000&v=1463738216&auto=format&q=92&s=9e5f022062e28253d067593f417c8e43",
    "ed": "https://ksr-ugc.imgix.net/assets/012/134/795/7c3ecaa24e725986917308131f665e15_original.jpg?w=338&h=190&fit=fill&bg=000000&v=1463738216&auto=format&q=92&s=6b62120eb8a674fc7229e9cfee556c8e",
    "full": "https://ksr-ugc.imgix.net/assets/012/134/795/7c3ecaa24e725986917308131f665e15_original.jpg?w=560&h=315&fit=fill&bg=000000&v=1463738216&auto=format&q=92&s=a668ac333e4d9e1af06d88d36a627d2e",
    "key": "assets/012/134/795/7c3ecaa24e725986917308131f665e15_original.jpg",
    "little": "https://ksr-ugc.imgix.net/assets/012/134/795/7c3ecaa24e725986917308131f665e15_original.jpg?w=200&h=112&fit=fill&bg=000000&v=1463738216&auto=format&q=92&s=f067569258967a337e3615dedffb3c24",
    "med": "https://ksr-ugc.imgix.net/assets/012/134/795/7c3ecaa24e725986917308131f665e15_original.jpg?w=266&h=150&fit=fill&bg=000000&v=1463738216&auto=format&q=92&s=019ea9f2401cec3d7b02da6fd29ecc29",
    "small": "https://ksr-ugc.imgix.net/assets/012/134/795/7c3ecaa24e725986917308131f665e15_original.jpg?w=160&h=90&fit=fill&bg=000000&v=1463738216&auto=format&q=92&s=130cdee3f29aaafb09022bb82572cc32",
    "thumb": "https://ksr-ugc.imgix.net/assets/012/134/795/7c3ecaa24e725986917308131f665e15_original.jpg?w=40&h=22&fit=fill&bg=000000&v=1463738216&auto=format&q=92&s=a5ffb8f6231c8b96daf06a2e17e9706e"
  },
  "pledged": 0.0,
  "profile": {
    "background_color": null,
    "background_image_opacity": 0.8,
    "blurb": null,
    "feature_image_attributes": {
      "image_urls": {
        "baseball_card": "https://ksr-ugc.imgix.net/assets/012/134/795/7c3ecaa24e725986917308131f665e15_original.jpg?w=1552&h=873&fit=fill&bg=000000&v=1463738216&auto=format&q=92&s=ffec097b1f1453417ac26ee367117452",
        "default": "https://ksr-ugc.imgix.net/assets/012/134/795/7c3ecaa24e725986917308131f665e15_original.jpg?w=1552&h=873&fit=fill&bg=000000&v=1463738216&auto=format&q=92&s=ffec097b1f1453417ac26ee367117452"
      }
    },
    "id": 1893055,
    "link_background_color": null,
    "link_text": null,
    "link_text_color": null,
    "link_url": null,
    "name": null,
    "project_id": 1893055,
    "should_show_feature_image_section": true,
    "show_feature_image": false,
    "state": "inactive",
    "state_changed_at": 1431369391,
    "text_color": null
  },
  "slug": "lightbook",
  "spotlight": false,
  "staff_pick": false,
  "state": "canceled",
  "state_changed_at": 1436447699,
  "static_usd_rate": 1.0,
  "urls": {
    "web": {
      "project": "https://www.kickstarter.com/projects/2065363766/lightbook?ref=category_newest",
      "rewards": "https://www.kickstarter.com/projects/2065363766/lightbook/rewards"
    }
  },
  "usd_pledged": "0.0"
}