{
  "backers_count": 21,
  "blurb": "Installing child car seats are a hassle. +70% of people do it wrong. Our EZ-CarSeat makes it easy to do the right way every time.",
  "category": {
    "color": 6526716,
    "id": 335,
    "name": "Fabrication Tools",
    "parent_id": 16,
    "position": 5,
    "slug": "technology/fabrication tools",
    "urls": {
      "web": {
        "discover": "http://www.kickstarter.com/discover/categories/technology/fabrication%20tools"
      }
    }
  },
  "country": "US",
  "created_at": 1452888072,
  "creator": {
    "avatar": {
      "medium": "https://ksr-ugc.imgix.net/assets/010/051/749/8a8d2edc69526171fce7a0474133b11f_original.jpeg?w=160&h=160&fit=crop&v=1461664316&auto=format&q=92&s=89dc2fa8b183fabbffb0fa956b9c1ee7",
      "small": "https://ksr-ugc.imgix.net/assets/010/051/749/8a8d2edc69526171fce7a0474133b11f_original.jpeg?w=160&h=160&fit=crop&v=1461664316&auto=format&q=92&s=89dc2fa8b183fabbffb0fa956b9c1ee7",
      "thumb": "https://ksr-ugc.imgix.net/assets/010/051/749/8a8d2edc69526171fce7a0474133b11f_original.jpeg?w=40&h=40&fit=crop&v=1461664316&auto=format&q=92&s=797c79ac75f343e4061a310c9051153e"
    },
    "id": 834834992,
    "name": "Matthew Kitt of ezcarseat inc",
    "urls": {
      "api": {
        "user": "https://api.kickstarter.com/v1/users/834834992?signature=1488679395.66fa694612bb37eb2eafcefc7e5763f5e626b3f5"
      },
      "web": {
        "user": "https://www.kickstarter.com/profile/834834992"
      }
    }
  },
  "currency": "USD",
  "currency_symbol": "$",
  "currency_trailing_code": true,
  "deadline": 1467309600,
  "disable_communication": false,
  "goal": 60000.0,
  "id": 1003835559,
  "launched_at": 1464203583,
  "location": {
    "country": "US",
    "displayable_name": "Salt Lake City, UT",
    "id": 2487610,
    "is_root": false,
    "name": "Salt Lake City",
    "short_name": "Salt Lake City, UT",
    "slug": "salt-lake-city-ut",
    "state": "UT",
    "type": "Town",
    "urls": {
      "api": {
        "nearby_projects": "https://api.kickstarter.com/v1/discover?signature=1488668418.8296fcf4e05f822c074277e457343cdd821d8eea&woe_id=2487610"
      },
      "web": {
        "discover": "https://www.kickstarter.com/discover/places/salt-lake-city-ut",
        "location": "https://www.kickstarter.com/locations/salt-lake-city-ut"
      }
    }
  },
  "name": "EZ-CARSEAT making child car seats EZ (Canceled)",
  "photo": {
    "1024x576": "https://ksr-ugc.imgix.net/assets/012/355/017/de761a4f4bb5f83f40f4fe3ddde28dc3_original.png?w=1024&h=576&fit=fill&bg=FFFFFF&v=1463756414&auto=format&q=92&s=3b485bfed5fb30f017922b9c59c0606e",
    "1536x864": "https://ksr-ugc.imgix.net/assets/012/355/017/de761a4f4bb5f83f40f4fe3ddde28dc3_original.png?w=1536&h=864&fit=fill&bg=FFFFFF&v=1463756414&auto=format&q=92&s=8e5551117920570d41ab41633aac6a2e",
    "ed": "https://ksr-ugc.imgix.net/assets/012/355/017/de761a4f4bb5f83f40f4fe3ddde28dc3_original.png?w=338&h=190&fit=fill&bg=FFFFFF&v=1463756414&auto=format&q=92&s=3384dec763739c14ea0403aa9a067e76",
    "full": "https://ksr-ugc.imgix.net/assets/012/355/017/de761a4f4bb5f83f40f4fe3ddde28dc3_original.png?w=560&h=315&fit=fill&bg=FFFFFF&v=1463756414&auto=format&q=92&s=e77185f4e380d4177bc2e6ae7740d4bc",
    "key": "assets/012/355/017/de761a4f4bb5f83f40f4fe3ddde28dc3_original.png",
    "little": "https://ksr-ugc.imgix.net/assets/012/355/017/de761a4f4bb5f83f40f4fe3ddde28dc3_original.png?w=200&h=112&fit=fill&bg=FFFFFF&v=1463756414&auto=format&q=92&s=cb577f122eef5af7c1ea28044f6c43a8",
    "med": "https://ksr-ugc.imgix.net/assets/012/355/017/de761a4f4bb5f83f40f4fe3ddde28dc3_original.png?w=266&h=150&fit=fill&bg=FFFFFF&v=1463756414&auto=format&q=92&s=6b76860caee932dacb46ecaae0741cf3",
    "small": "https://ksr-ugc.imgix.net/assets/012/355/017/de761a4f4bb5f83f40f4fe3ddde28dc3_original.png?w=160&h=90&fit=fill&bg=FFFFFF&v=1463756414&auto=format&q=92&s=357fc4ae2f168a4c9ff2219ab0802ce7",
    "thumb": "https://ksr-ugc.imgix.net/assets/012/355/017/de761a4f4bb5f83f40f4fe3ddde28dc3_original.png?w=40&h=22&fit=fill&bg=FFFFFF&v=1463756414&auto=format&q=92&s=b2bf6ec19af0dac09e2ea6e0d8b9952c"
  },
  "pledged": 446.0,
  "profile": {
    "background_color": null,
    "background_image_opacity": 0.8,
    "blurb": null,
    "feature_image_attributes": {
      "image_urls": {
        "baseball_card": "https://ksr-ugc.imgix.net/assets/012/355/017/de761a4f4bb5f83f40f4fe3ddde28dc3_original.png?w=1552&h=873&fit=fill&bg=FFFFFF&v=1463756414&auto=format&q=92&s=d9404a95487f287eb9fd30ca56a98d9a",
        "default": "https://ksr-ugc.imgix.net/assets/012/355/017/de761a4f4bb5f83f40f4fe3ddde28dc3_original.png?w=1552&h=873&fit=fill&bg=FFFFFF&v=1463756414&auto=format&q=92&s=d9404a95487f287eb9fd30ca56a98d9a"
      }
    },
    "id": 2323544,
    "link_background_color": null,
    "link_text": null,
    "link_text_color": null,
    "link_url": null,
    "name": null,
    "project_id": 2323544,
    "should_show_feature_image_section": true,
    "show_feature_image": false,
    "state": "inactive",
    "state_changed_at": 1452888072,
    "text_color": null
  },
  "slug": "ez-carseat-making-child-car-seats-ez",
  "spotlight": false,
  "staff_pick": false,
  "state": "canceled",
  "state_changed_at": 1466980048,
  "static_usd_rate": 1.0,
  "urls": {
    "web": {
      "project": "https://www.kickstarter.com/projects/834834992/ez-carseat-making-child-car-seats-ez?ref=category_newest",
      "rewards": "https://www.kickstarter.com/projects/834834992/ez-carseat-making-child-car-seats-ez/rewards"
    }
  },
  "usd_pledged": "446.0"
}