{
  "backers_count": 405,
  "blurb": "Ion is a light show for your desk, dorm room, or living room.  It responds to music, connects to your phone, and brightens your day!",
  "category": {
    "color": 6526716,
    "id": 52,
    "name": "Hardware",
    "parent_id": 16,
    "position": 8,
    "slug": "technology/hardware",
    "urls": {
      "web": {
        "discover": "http://www.kickstarter.com/discover/categories/technology/hardware"
      }
    }
  },
  "country": "US",
  "created_at": 1391702964,
  "creator": {
    "avatar": {
      "medium": "https://ksr-ugc.imgix.net/assets/007/108/801/d7ee122b30607ab9bcf2958a3626d3de_original.png?w=160&h=160&fit=crop&v=1461435344&auto=format&q=92&s=abc1fa8a47420346df4484f3e2e286e0",
      "small": "https://ksr-ugc.imgix.net/assets/007/108/801/d7ee122b30607ab9bcf2958a3626d3de_original.png?w=160&h=160&fit=crop&v=1461435344&auto=format&q=92&s=abc1fa8a47420346df4484f3e2e286e0",
      "thumb": "https://ksr-ugc.imgix.net/assets/007/108/801/d7ee122b30607ab9bcf2958a3626d3de_original.png?w=40&h=40&fit=crop&v=1461435344&auto=format&q=92&s=4565075f9a98eba7c5ed8665c617a001"
    },
    "id": 495099991,
    "name": "lava",
    "slug": "lavallc",
    "urls": {
      "api": {
        "user": "https://api.kickstarter.com/v1/users/495099991?signature=1488679768.6dc827dcba77ab670d7817072867597d15dc2425"
      },
      "web": {
        "user": "https://www.kickstarter.com/profile/lavallc"
      }
    }
  },
  "currency": "USD",
  "currency_symbol": "$",
  "currency_trailing_code": true,
  "deadline": 1398959729,
  "disable_communication": false,
  "goal": 20000.0,
  "id": 1004686676,
  "launched_at": 1396367729,
  "location": {
    "country": "US",
    "displayable_name": "Flint, MI",
    "id": 2404367,
    "is_root": false,
    "name": "Flint",
    "short_name": "Flint, MI",
    "slug": "flint-mi",
    "state": "MI",
    "type": "Town",
    "urls": {
      "api": {
        "nearby_projects": "https://api.kickstarter.com/v1/discover?signature=1488668428.d72ea566565708aacc7bc8703bf7e8ed8b764051&woe_id=2404367"
      },
      "web": {
        "discover": "https://www.kickstarter.com/discover/places/flint-mi",
        "location": "https://www.kickstarter.com/locations/flint-mi"
      }
    }
  },
  "name": "Ion: A Music Detecting Mood Light with Bluetooth Low Energy",
  "photo": {
    "1024x576": "https://ksr-ugc.imgix.net/assets/011/647/657/0a03d0380e9ddf068ee33ef7e78754b5_original.jpg?w=1024&h=576&fit=fill&bg=FFFFFF&v=1463686200&auto=format&q=92&s=a90e5e163e0fdde98ed63c2c2262a5a6",
    "1536x864": "https://ksr-ugc.imgix.net/assets/011/647/657/0a03d0380e9ddf068ee33ef7e78754b5_original.jpg?w=1536&h=864&fit=fill&bg=FFFFFF&v=1463686200&auto=format&q=92&s=f34609b5406e9c344fa4e3bef6e56387",
    "ed": "https://ksr-ugc.imgix.net/assets/011/647/657/0a03d0380e9ddf068ee33ef7e78754b5_original.jpg?w=338&h=190&fit=fill&bg=FFFFFF&v=1463686200&auto=format&q=92&s=721442fe38f992cd9adde752696dd1c3",
    "full": "https://ksr-ugc.imgix.net/assets/011/647/657/0a03d0380e9ddf068ee33ef7e78754b5_original.jpg?w=560&h=315&fit=fill&bg=FFFFFF&v=1463686200&auto=format&q=92&s=5e43f84500818522d7fe6a8b88ab44aa",
    "key": "assets/011/647/657/0a03d0380e9ddf068ee33ef7e78754b5_original.jpg",
    "little": "https://ksr-ugc.imgix.net/assets/011/647/657/0a03d0380e9ddf068ee33ef7e78754b5_original.jpg?w=200&h=112&fit=fill&bg=FFFFFF&v=1463686200&auto=format&q=92&s=00552d1d804c34c108a17b6ae38acef8",
    "med": "https://ksr-ugc.imgix.net/assets/011/647/657/0a03d0380e9ddf068ee33ef7e78754b5_original.jpg?w=266&h=150&fit=fill&bg=FFFFFF&v=1463686200&auto=format&q=92&s=d5933ac0d3f2a5c0c48dd12698862f8f",
    "small": "https://ksr-ugc.imgix.net/assets/011/647/657/0a03d0380e9ddf068ee33ef7e78754b5_original.jpg?w=160&h=90&fit=fill&bg=FFFFFF&v=1463686200&auto=format&q=92&s=de2450e58ea674259365c98928a436ce",
    "thumb": "https://ksr-ugc.imgix.net/assets/011/647/657/0a03d0380e9ddf068ee33ef7e78754b5_original.jpg?w=40&h=22&fit=fill&bg=FFFFFF&v=1463686200&auto=format&q=92&s=fc05c9314c8215465fe70645dd33ca9a"
  },
  "pledged": 74026.0,
  "profile": {
    "background_color": null,
    "background_image_opacity": 0.8,
    "blurb": null,
    "feature_image_attributes": {
      "image_urls": {
        "baseball_card": "https://ksr-ugc.imgix.net/assets/011/647/657/0a03d0380e9ddf068ee33ef7e78754b5_original.jpg?w=1552&h=873&fit=fill&bg=FFFFFF&v=1463686200&auto=format&q=92&s=67257a0ffc35ecec08b330affd7aa61c",
        "default": "https://ksr-ugc.imgix.net/assets/011/647/657/0a03d0380e9ddf068ee33ef7e78754b5_original.jpg?w=1552&h=873&fit=fill&bg=FFFFFF&v=1463686200&auto=format&q=92&s=67257a0ffc35ecec08b330affd7aa61c"
      }
    },
    "id": 879635,
    "link_background_color": null,
    "link_text": null,
    "link_text_color": null,
    "link_url": null,
    "name": null,
    "project_id": 879635,
    "should_show_feature_image_section": true,
    "show_feature_image": false,
    "state": "inactive",
    "state_changed_at": 1425915848,
    "text_color": null
  },
  "slug": "ion-a-music-detecting-mood-light-with-bluetooth-lo",
  "spotlight": true,
  "staff_pick": true,
  "state": "successful",
  "state_changed_at": 1398959729,
  "static_usd_rate": 1.0,
  "urls": {
    "web": {
      "project": "https://www.kickstarter.com/projects/lavallc/ion-a-music-detecting-mood-light-with-bluetooth-lo?ref=category_newest",
      "rewards": "https://www.kickstarter.com/projects/lavallc/ion-a-music-detecting-mood-light-with-bluetooth-lo/rewards"
    }
  },
  "usd_pledged": "74026.0"
}