{
  "backers_count": 1180,
  "blurb": "Hot brew, strong brew and cold brew your favourite tea to perfection every time!",
  "category": {
    "color": 6526716,
    "id": 337,
    "name": "Gadgets",
    "parent_id": 16,
    "position": 7,
    "slug": "technology/gadgets",
    "urls": {
      "web": {
        "discover": "http://www.kickstarter.com/discover/categories/technology/gadgets"
      }
    }
  },
  "country": "HK",
  "created_at": 1472797213,
  "creator": {
    "avatar": {
      "medium": "https://ksr-ugc.imgix.net/assets/007/456/328/38198285e9782448303551e4137ac7b1_original.JPG?w=160&h=160&fit=crop&v=1477228426&auto=format&q=92&s=7c560826d0075d677477dda6511a00d9",
      "small": "https://ksr-ugc.imgix.net/assets/007/456/328/38198285e9782448303551e4137ac7b1_original.JPG?w=160&h=160&fit=crop&v=1477228426&auto=format&q=92&s=7c560826d0075d677477dda6511a00d9",
      "thumb": "https://ksr-ugc.imgix.net/assets/007/456/328/38198285e9782448303551e4137ac7b1_original.JPG?w=40&h=40&fit=crop&v=1477228426&auto=format&q=92&s=fabe5340dc7b70760e87ff815444160c"
    },
    "id": 1224263784,
    "name": "Rick Ha",
    "slug": "rickha",
    "urls": {
      "api": {
        "user": "https://api.kickstarter.com/v1/users/1224263784?signature=1488679517.09d6bbc2d3d8e59fba6be7398d212430c83e654e"
      },
      "web": {
        "user": "https://www.kickstarter.com/profile/rickha"
      }
    }
  },
  "currency": "HKD",
  "currency_symbol": "$",
  "currency_trailing_code": true,
  "deadline": 1481817073,
  "disable_communication": false,
  "goal": 600000.0,
  "id": 1004830984,
  "launched_at": 1479225073,
  "location": {
    "country": "HK",
    "displayable_name": "Hong Kong, Hong Kong",
    "id": 2165352,
    "is_root": false,
    "name": "Hong Kong",
    "short_name": "Hong Kong, Hong Kong",
    "slug": "hong-kong-hk",
    "state": "Hong Kong Island",
    "type": "Town",
    "urls": {
      "api": {
        "nearby_projects": "https://api.kickstarter.com/v1/discover?signature=1488668420.85d2d60f8cea14c5833bcc3d600ec3ffe0a85d2e&woe_id=2165352"
      },
      "web": {
        "discover": "https://www.kickstarter.com/discover/places/hong-kong-hk",
        "location": "https://www.kickstarter.com/locations/hong-kong-hk"
      }
    }
  },
  "name": "Qi Aerista - Smart Tea Brewer for Every Type of Tea",
  "photo": {
    "1024x576": "https://ksr-ugc.imgix.net/assets/013/582/847/d3c0e5cb9e362a5d18fde820cdf3164e_original.png?w=1024&h=576&fit=fill&bg=000000&v=1481707423&auto=format&q=92&s=7af3869713b7010f714c11521f8117e2",
    "1536x864": "https://ksr-ugc.imgix.net/assets/013/582/847/d3c0e5cb9e362a5d18fde820cdf3164e_original.png?w=1536&h=864&fit=fill&bg=000000&v=1481707423&auto=format&q=92&s=8630f4a95f24a6d3fe44ff5a39f8ff5f",
    "ed": "https://ksr-ugc.imgix.net/assets/013/582/847/d3c0e5cb9e362a5d18fde820cdf3164e_original.png?w=338&h=190&fit=fill&bg=000000&v=1481707423&auto=format&q=92&s=ba233795db325003b3e6dd941df1efe4",
    "full": "https://ksr-ugc.imgix.net/assets/013/582/847/d3c0e5cb9e362a5d18fde820cdf3164e_original.png?w=560&h=315&fit=fill&bg=000000&v=1481707423&auto=format&q=92&s=b81a13d701f750513a6ad979746227b0",
    "key": "assets/013/582/847/d3c0e5cb9e362a5d18fde820cdf3164e_original.png",
    "little": "https://ksr-ugc.imgix.net/assets/013/582/847/d3c0e5cb9e362a5d18fde820cdf3164e_original.png?w=200&h=112&fit=fill&bg=000000&v=1481707423&auto=format&q=92&s=76d294da9ef2593e0e69a9692b4583c2",
    "med": "https://ksr-ugc.imgix.net/assets/013/582/847/d3c0e5cb9e362a5d18fde820cdf3164e_original.png?w=266&h=150&fit=fill&bg=000000&v=1481707423&auto=format&q=92&s=ed751343f8c2ff8d784c1804f0336787",
    "small": "https://ksr-ugc.imgix.net/assets/013/582/847/d3c0e5cb9e362a5d18fde820cdf3164e_original.png?w=160&h=90&fit=fill&bg=000000&v=1481707423&auto=format&q=92&s=beb0191fc188553eb765de3199006c47",
    "thumb": "https://ksr-ugc.imgix.net/assets/013/582/847/d3c0e5cb9e362a5d18fde820cdf3164e_original.png?w=40&h=22&fit=fill&bg=000000&v=1481707423&auto=format&q=92&s=ef539518667c0b97ec767215bf538b9b"
  },
  "pledged": 1343877.0,
  "profile": {
    "background_color": "",
    "background_image_opacity": 0.8,
    "blurb": "Hot brew, strong brew and cold brew your favourite tea to perfection every time!",
    "feature_image_attributes": {
      "id": 14902839,
      "image_urls": {
        "baseball_card": "https://ksr-ugc.imgix.net/assets/014/902/839/26015a0935c8b1ebd7e932c86eb7589d_original.png?w=700&fit=max&v=1481857599&auto=format&q=92&s=5db3806dccc6bf0120b7779044443446",
        "default": "https://ksr-ugc.imgix.net/assets/014/902/839/26015a0935c8b1ebd7e932c86eb7589d_original.png?w=700&fit=max&v=1481857599&auto=format&q=92&s=5db3806dccc6bf0120b7779044443446"
      }
    },
    "id": 2662843,
    "link_background_color": "f39200",
    "link_text": "Pre-order NOW!",
    "link_text_color": "",
    "link_url": "https://www.indiegogo.com/projects/qi-aerista-smart-tea-brewer-for-every-type-of-tea-gadget/reft/2946255/1180/?utm_source=Qi%20Aerista%20Supporters",
    "name": "Qi Aerista - Smart Tea Brewer for Every Type of Tea",
    "project_id": 2662843,
    "should_show_feature_image_section": true,
    "show_feature_image": true,
    "state": "active",
    "state_changed_at": 1481850370,
    "text_color": ""
  },
  "slug": "qi-aerista-the-ultimate-wi-fi-enabled-smart-tea-ma",
  "spotlight": true,
  "staff_pick": true,
  "state": "successful",
  "state_changed_at": 1481817073,
  "static_usd_rate": 0.12889299,
  "urls": {
    "web": {
      "project": "https://www.kickstarter.com/projects/rickha/qi-aerista-the-ultimate-wi-fi-enabled-smart-tea-ma?ref=category_newest",
      "rewards": "https://www.kickstarter.com/projects/rickha/qi-aerista-the-ultimate-wi-fi-enabled-smart-tea-ma/rewards"
    }
  },
  "usd_pledged": "173216.32472223"
}