{
  "backers_count": 145,
  "blurb": "A coding kit that makes it easy for anyone to learn programming, create games, program robots, control hardware, experiment & learn.",
  "category": {
    "color": 6526716,
    "id": 16,
    "name": "Technology",
    "position": 14,
    "slug": "technology",
    "urls": {
      "web": {
        "discover": "http://www.kickstarter.com/discover/categories/technology"
      }
    }
  },
  "country": "GB",
  "created_at": 1405091601,
  "creator": {
    "avatar": {
      "medium": "https://ksr-ugc.imgix.net/assets/008/070/639/aebb43fa11051f24f572d3b8e662df6c_original.png?w=160&h=160&fit=crop&v=1461500811&auto=format&q=92&s=b421223778774da126681cff86b507ad",
      "small": "https://ksr-ugc.imgix.net/assets/008/070/639/aebb43fa11051f24f572d3b8e662df6c_original.png?w=160&h=160&fit=crop&v=1461500811&auto=format&q=92&s=b421223778774da126681cff86b507ad",
      "thumb": "https://ksr-ugc.imgix.net/assets/008/070/639/aebb43fa11051f24f572d3b8e662df6c_original.png?w=40&h=40&fit=crop&v=1461500811&auto=format&q=92&s=863a5755020cb2f6507503fb250dd410"
    },
    "id": 1405074346,
    "name": "DSP Robotics",
    "urls": {
      "api": {
        "user": "https://api.kickstarter.com/v1/users/1405074346?signature=1488663069.d307156b219d81861b89432d8d3a7a9a3d3c1e7b"
      },
      "web": {
        "user": "https://www.kickstarter.com/profile/1405074346"
      }
    }
  },
  "currency": "GBP",
  "currency_symbol": "\u00a3",
  "currency_trailing_code": false,
  "deadline": 1416522804,
  "disable_communication": false,
  "goal": 19500.0,
  "id": 100464296,
  "launched_at": 1413927204,
  "location": {
    "country": "GB",
    "displayable_name": "London, UK",
    "id": 44418,
    "is_root": false,
    "name": "London",
    "short_name": "London, UK",
    "slug": "london-gb",
    "state": "England",
    "type": "Town",
    "urls": {
      "api": {
        "nearby_projects": "https://api.kickstarter.com/v1/discover?signature=1488653677.024f9bd92a73538ac2df49d7125c5aae02f01af9&woe_id=44418"
      },
      "web": {
        "discover": "https://www.kickstarter.com/discover/places/london-gb",
        "location": "https://www.kickstarter.com/locations/london-gb"
      }
    }
  },
  "name": "FlowPaw : Learn computer coding by building your own gizmos",
  "photo": {
    "1024x576": "https://ksr-ugc.imgix.net/assets/011/774/711/c5065199a1334d090a07b2f0f2fc1567_original.png?w=1024&h=576&fit=fill&bg=FFFFFF&v=1463692750&auto=format&q=92&s=766e20b1b47ced8ee19225bf19b0e795",
    "1536x864": "https://ksr-ugc.imgix.net/assets/011/774/711/c5065199a1334d090a07b2f0f2fc1567_original.png?w=1536&h=864&fit=fill&bg=FFFFFF&v=1463692750&auto=format&q=92&s=02e61c8a7d6a3b365edc9489d28c898d",
    "ed": "https://ksr-ugc.imgix.net/assets/011/774/711/c5065199a1334d090a07b2f0f2fc1567_original.png?w=338&h=190&fit=fill&bg=FFFFFF&v=1463692750&auto=format&q=92&s=d33bf2ed73c1af0765c5f092d72bd676",
    "full": "https://ksr-ugc.imgix.net/assets/011/774/711/c5065199a1334d090a07b2f0f2fc1567_original.png?w=560&h=315&fit=fill&bg=FFFFFF&v=1463692750&auto=format&q=92&s=d82cb53d9501d76a71a98f51b72a90eb",
    "key": "assets/011/774/711/c5065199a1334d090a07b2f0f2fc1567_original.png",
    "little": "https://ksr-ugc.imgix.net/assets/011/774/711/c5065199a1334d090a07b2f0f2fc1567_original.png?w=200&h=112&fit=fill&bg=FFFFFF&v=1463692750&auto=format&q=92&s=f618a5e473bb5cab0526625bb35882dc",
    "med": "https://ksr-ugc.imgix.net/assets/011/774/711/c5065199a1334d090a07b2f0f2fc1567_original.png?w=266&h=150&fit=fill&bg=FFFFFF&v=1463692750&auto=format&q=92&s=7670310e730549a515c1dbbfddc2ad22",
    "small": "https://ksr-ugc.imgix.net/assets/011/774/711/c5065199a1334d090a07b2f0f2fc1567_original.png?w=160&h=90&fit=fill&bg=FFFFFF&v=1463692750&auto=format&q=92&s=68c8115a69cd3dfa0284304231ce1386",
    "thumb": "https://ksr-ugc.imgix.net/assets/011/774/711/c5065199a1334d090a07b2f0f2fc1567_original.png?w=40&h=22&fit=fill&bg=FFFFFF&v=1463692750&auto=format&q=92&s=9fdf213cb411a16e3a71d92aa5943d83"
  },
  "pledged": 20970.0,
  "profile": {
    "background_color": null,
    "background_image_opacity": 0.8,
    "blurb": null,
    "feature_image_attributes": {
      "image_urls": {
        "baseball_card": "https://ksr-ugc.imgix.net/assets/011/774/711/c5065199a1334d090a07b2f0f2fc1567_original.png?w=1552&h=873&fit=fill&bg=FFFFFF&v=1463692750&auto=format&q=92&s=a3722de978f1d7f7783984ce8da57c32",
        "default": "https://ksr-ugc.imgix.net/assets/011/774/711/c5065199a1334d090a07b2f0f2fc1567_original.png?w=1552&h=873&fit=fill&bg=FFFFFF&v=1463692750&auto=format&q=92&s=a3722de978f1d7f7783984ce8da57c32"
      }
    },
    "id": 1164828,
    "link_background_color": null,
    "link_text": null,
    "link_text_color": null,
    "link_url": null,
    "name": null,
    "project_id": 1164828,
    "should_show_feature_image_section": true,
    "show_feature_image": false,
    "state": "inactive",
    "state_changed_at": 1425915864,
    "text_color": null
  },
  "slug": "flowpaw-learn-computer-coding-by-building-your-own",
  "spotlight": true,
  "staff_pick": true,
  "state": "successful",
  "state_changed_at": 1416522804,
  "static_usd_rate": 1.6108948,
  "urls": {
    "web": {
      "project": "https://www.kickstarter.com/projects/1405074346/flowpaw-learn-computer-coding-by-building-your-own?ref=category_most_funded",
      "rewards": "https://www.kickstarter.com/projects/1405074346/flowpaw-learn-computer-coding-by-building-your-own/rewards"
    }
  },
  "usd_pledged": "33780.463956"
}