{
  "backers_count": 1,
  "blurb": "A kids chair for classroom to camping.\nThe versatile multi-function chair also provides hope and dignity to poverty stricken children",
  "category": {
    "color": 6526716,
    "id": 337,
    "name": "Gadgets",
    "parent_id": 16,
    "position": 7,
    "slug": "technology/gadgets",
    "urls": {
      "web": {
        "discover": "http://www.kickstarter.com/discover/categories/technology/gadgets"
      }
    }
  },
  "country": "US",
  "created_at": 1477847111,
  "creator": {
    "avatar": {
      "medium": "https://ksr-ugc.imgix.net/assets/014/320/954/de8456b9657f4c9492cc3ef5afffb1a9_original.jpg?w=160&h=160&fit=crop&v=1477856679&auto=format&q=92&s=c10c963a43c5e3a6149c5b0b567f8bcc",
      "small": "https://ksr-ugc.imgix.net/assets/014/320/954/de8456b9657f4c9492cc3ef5afffb1a9_original.jpg?w=160&h=160&fit=crop&v=1477856679&auto=format&q=92&s=c10c963a43c5e3a6149c5b0b567f8bcc",
      "thumb": "https://ksr-ugc.imgix.net/assets/014/320/954/de8456b9657f4c9492cc3ef5afffb1a9_original.jpg?w=40&h=40&fit=crop&v=1477856679&auto=format&q=92&s=3d0e54617a41a381439f1b6e4dfbe69d"
    },
    "id": 245030166,
    "name": "Leonard Koren",
    "slug": "shipachair",
    "urls": {
      "api": {
        "user": "https://api.kickstarter.com/v1/users/245030166?signature=1488679648.bdc3daf9d674689d5c824645176e4ae4fb72bc4a"
      },
      "web": {
        "user": "https://www.kickstarter.com/profile/shipachair"
      }
    }
  },
  "currency": "USD",
  "currency_symbol": "$",
  "currency_trailing_code": true,
  "deadline": 1481406570,
  "disable_communication": false,
  "goal": 125000.0,
  "id": 1005967498,
  "launched_at": 1478814570,
  "location": {
    "country": "US",
    "displayable_name": "Chicago, IL",
    "id": 2379574,
    "is_root": false,
    "name": "Chicago",
    "short_name": "Chicago, IL",
    "slug": "chicago-il",
    "state": "IL",
    "type": "Town",
    "urls": {
      "api": {
        "nearby_projects": "https://api.kickstarter.com/v1/discover?signature=1488668420.5b56f3c85b08c4b800c5a8dcb428aebecf2f9459&woe_id=2379574"
      },
      "web": {
        "discover": "https://www.kickstarter.com/discover/places/chicago-il",
        "location": "https://www.kickstarter.com/locations/chicago-il"
      }
    }
  },
  "name": "Multi-function kids chair with a \"one for one\" concept.",
  "photo": {
    "1024x576": "https://ksr-ugc.imgix.net/assets/014/325/086/9a59da7a83ee40945085a606c7901a97_original.JPG?w=1024&h=576&fit=fill&bg=000000&v=1478814457&auto=format&q=92&s=2d12920351493a4515d7d7ba7d0968c4",
    "1536x864": "https://ksr-ugc.imgix.net/assets/014/325/086/9a59da7a83ee40945085a606c7901a97_original.JPG?w=1536&h=864&fit=fill&bg=000000&v=1478814457&auto=format&q=92&s=a4b98223cb69944984191bbdf84cd2d8",
    "ed": "https://ksr-ugc.imgix.net/assets/014/325/086/9a59da7a83ee40945085a606c7901a97_original.JPG?w=338&h=190&fit=fill&bg=000000&v=1478814457&auto=format&q=92&s=a36c5a3c78e5eee4fecc0e8f0b1bb6f9",
    "full": "https://ksr-ugc.imgix.net/assets/014/325/086/9a59da7a83ee40945085a606c7901a97_original.JPG?w=560&h=315&fit=fill&bg=000000&v=1478814457&auto=format&q=92&s=2f881d1fe6db768d8bb9ae8349f8c356",
    "key": "assets/014/325/086/9a59da7a83ee40945085a606c7901a97_original.JPG",
    "little": "https://ksr-ugc.imgix.net/assets/014/325/086/9a59da7a83ee40945085a606c7901a97_original.JPG?w=200&h=112&fit=fill&bg=000000&v=1478814457&auto=format&q=92&s=9a59b185d5b29eaba8956f50fe2733fc",
    "med": "https://ksr-ugc.imgix.net/assets/014/325/086/9a59da7a83ee40945085a606c7901a97_original.JPG?w=266&h=150&fit=fill&bg=000000&v=1478814457&auto=format&q=92&s=5616c6b68a077c58cc50d0612482ed0a",
    "small": "https://ksr-ugc.imgix.net/assets/014/325/086/9a59da7a83ee40945085a606c7901a97_original.JPG?w=160&h=90&fit=fill&bg=000000&v=1478814457&auto=format&q=92&s=0cfcb8f093b90ed9217b50de1b764063",
    "thumb": "https://ksr-ugc.imgix.net/assets/014/325/086/9a59da7a83ee40945085a606c7901a97_original.JPG?w=40&h=22&fit=fill&bg=000000&v=1478814457&auto=format&q=92&s=992fb6b48697e46fdc83d19a958c8334"
  },
  "pledged": 16.0,
  "profile": {
    "background_color": null,
    "background_image_opacity": 0.8,
    "blurb": null,
    "feature_image_attributes": {
      "image_urls": {
        "baseball_card": "https://ksr-ugc.imgix.net/assets/014/325/086/9a59da7a83ee40945085a606c7901a97_original.JPG?w=1552&h=873&fit=fill&bg=000000&v=1478814457&auto=format&q=92&s=e02206a7e25941cd0603b0ea8da7b8c6",
        "default": "https://ksr-ugc.imgix.net/assets/014/325/086/9a59da7a83ee40945085a606c7901a97_original.JPG?w=1552&h=873&fit=fill&bg=000000&v=1478814457&auto=format&q=92&s=e02206a7e25941cd0603b0ea8da7b8c6"
      }
    },
    "id": 2739498,
    "link_background_color": null,
    "link_text": null,
    "link_text_color": null,
    "link_url": null,
    "name": null,
    "project_id": 2739498,
    "should_show_feature_image_section": true,
    "show_feature_image": false,
    "state": "inactive",
    "state_changed_at": 1477847111,
    "text_color": null
  },
  "slug": "multi-function-kids-chair-with-a-one-for-one-conce",
  "spotlight": false,
  "staff_pick": false,
  "state": "failed",
  "state_changed_at": 1481406571,
  "static_usd_rate": 1.0,
  "urls": {
    "web": {
      "project": "https://www.kickstarter.com/projects/shipachair/multi-function-kids-chair-with-a-one-for-one-conce?ref=category_newest",
      "rewards": "https://www.kickstarter.com/projects/shipachair/multi-function-kids-chair-with-a-one-for-one-conce/rewards"
    }
  },
  "usd_pledged": "16.0"
}