{
  "backers_count": 0,
  "blurb": "A great webiste that offers many custom built PCs in a variety of price brackets and offers the ability to have one made for you.",
  "category": {
    "color": 6526716,
    "id": 337,
    "name": "Gadgets",
    "parent_id": 16,
    "position": 7,
    "slug": "technology/gadgets",
    "urls": {
      "web": {
        "discover": "http://www.kickstarter.com/discover/categories/technology/gadgets"
      }
    }
  },
  "country": "US",
  "created_at": 1421624169,
  "creator": {
    "avatar": {
      "medium": "https://ksr-ugc.imgix.net/assets/009/457/176/d56ee4039ec97d375f931ddd195d50b8_original.jpeg?w=160&h=160&fit=crop&v=1461596570&auto=format&q=92&s=788b97a244cfdca82b64718486c31eb8",
      "small": "https://ksr-ugc.imgix.net/assets/009/457/176/d56ee4039ec97d375f931ddd195d50b8_original.jpeg?w=160&h=160&fit=crop&v=1461596570&auto=format&q=92&s=788b97a244cfdca82b64718486c31eb8",
      "thumb": "https://ksr-ugc.imgix.net/assets/009/457/176/d56ee4039ec97d375f931ddd195d50b8_original.jpeg?w=40&h=40&fit=crop&v=1461596570&auto=format&q=92&s=e150538f801be95582ac8686405bd10b"
    },
    "id": 1073537222,
    "name": "SinVsGaming",
    "urls": {
      "api": {
        "user": "https://api.kickstarter.com/v1/users/1073537222?signature=1488679554.d687292aeeb2eab4d658c813ee331a8551cb6dbb"
      },
      "web": {
        "user": "https://www.kickstarter.com/profile/1073537222"
      }
    }
  },
  "currency": "USD",
  "currency_symbol": "$",
  "currency_trailing_code": true,
  "deadline": 1428108583,
  "disable_communication": false,
  "goal": 7000.0,
  "id": 1005361310,
  "launched_at": 1422928183,
  "location": {
    "country": "US",
    "displayable_name": "Niceville, FL",
    "id": 2459833,
    "is_root": false,
    "name": "Niceville",
    "short_name": "Niceville, FL",
    "slug": "niceville-fl",
    "state": "FL",
    "type": "Town",
    "urls": {
      "api": {
        "nearby_projects": "https://api.kickstarter.com/v1/discover?signature=1488668755.45f0d0daa191c3e945bc0595da318ab862860476&woe_id=2459833"
      },
      "web": {
        "discover": "https://www.kickstarter.com/discover/places/niceville-fl",
        "location": "https://www.kickstarter.com/locations/niceville-fl"
      }
    }
  },
  "name": "Chris Custom Built PC's",
  "photo": {
    "1024x576": "https://ksr-ugc.imgix.net/assets/012/004/737/402bec1f0ba0467a62c0e82c2838f48c_original.png?w=1024&h=576&fit=fill&bg=000000&v=1463723295&auto=format&q=92&s=1999e0c8f525418909fa16921ef46c2b",
    "1536x864": "https://ksr-ugc.imgix.net/assets/012/004/737/402bec1f0ba0467a62c0e82c2838f48c_original.png?w=1536&h=864&fit=fill&bg=000000&v=1463723295&auto=format&q=92&s=fce8adb0a26a92684c8bb0938d7e88e4",
    "ed": "https://ksr-ugc.imgix.net/assets/012/004/737/402bec1f0ba0467a62c0e82c2838f48c_original.png?w=338&h=190&fit=fill&bg=000000&v=1463723295&auto=format&q=92&s=2bb783173636bdc0644ff4fe5ed51848",
    "full": "https://ksr-ugc.imgix.net/assets/012/004/737/402bec1f0ba0467a62c0e82c2838f48c_original.png?w=560&h=315&fit=fill&bg=000000&v=1463723295&auto=format&q=92&s=85001077ed421eada34b58bbd5f5a70b",
    "key": "assets/012/004/737/402bec1f0ba0467a62c0e82c2838f48c_original.png",
    "little": "https://ksr-ugc.imgix.net/assets/012/004/737/402bec1f0ba0467a62c0e82c2838f48c_original.png?w=200&h=112&fit=fill&bg=000000&v=1463723295&auto=format&q=92&s=601cbd41dfcfc4ce060576df79ff6c35",
    "med": "https://ksr-ugc.imgix.net/assets/012/004/737/402bec1f0ba0467a62c0e82c2838f48c_original.png?w=266&h=150&fit=fill&bg=000000&v=1463723295&auto=format&q=92&s=267a362d7401b5085240d011a46be32c",
    "small": "https://ksr-ugc.imgix.net/assets/012/004/737/402bec1f0ba0467a62c0e82c2838f48c_original.png?w=160&h=90&fit=fill&bg=000000&v=1463723295&auto=format&q=92&s=659b44456dd90c0acc51ce5ec9446f26",
    "thumb": "https://ksr-ugc.imgix.net/assets/012/004/737/402bec1f0ba0467a62c0e82c2838f48c_original.png?w=40&h=22&fit=fill&bg=000000&v=1463723295&auto=format&q=92&s=5a0f8ae29b8834970eb7c7ce3f1d3619"
  },
  "pledged": 0.0,
  "profile": {
    "background_color": null,
    "background_image_opacity": 0.8,
    "blurb": null,
    "feature_image_attributes": {
      "image_urls": {
        "baseball_card": "https://ksr-ugc.imgix.net/assets/012/004/737/402bec1f0ba0467a62c0e82c2838f48c_original.png?w=1552&h=873&fit=fill&bg=000000&v=1463723295&auto=format&q=92&s=c54962aa03844e8fa687e329bf5c448f",
        "default": "https://ksr-ugc.imgix.net/assets/012/004/737/402bec1f0ba0467a62c0e82c2838f48c_original.png?w=1552&h=873&fit=fill&bg=000000&v=1463723295&auto=format&q=92&s=c54962aa03844e8fa687e329bf5c448f"
      }
    },
    "id": 1639896,
    "link_background_color": null,
    "link_text": null,
    "link_text_color": null,
    "link_url": null,
    "name": null,
    "project_id": 1639896,
    "should_show_feature_image_section": true,
    "show_feature_image": false,
    "state": "inactive",
    "state_changed_at": 1425915890,
    "text_color": null
  },
  "slug": "chris-custom-built-pcs",
  "spotlight": false,
  "staff_pick": false,
  "state": "failed",
  "state_changed_at": 1428108587,
  "static_usd_rate": 1.0,
  "urls": {
    "web": {
      "project": "https://www.kickstarter.com/projects/1073537222/chris-custom-built-pcs?ref=category_newest",
      "rewards": "https://www.kickstarter.com/projects/1073537222/chris-custom-built-pcs/rewards"
    }
  },
  "usd_pledged": "0.0"
}