{
  "backers_count": 209,
  "blurb": "Be independent. Be in control. No third parties - decide where you want to store your data without losing the advantages of the cloud.",
  "category": {
    "color": 6526716,
    "id": 52,
    "name": "Hardware",
    "parent_id": 16,
    "position": 8,
    "slug": "technology/hardware",
    "urls": {
      "web": {
        "discover": "http://www.kickstarter.com/discover/categories/technology/hardware"
      }
    }
  },
  "country": "DE",
  "created_at": 1439363427,
  "creator": {
    "avatar": {
      "medium": "https://ksr-ugc.imgix.net/assets/010/233/362/45b0f7b5527f8fec11b537d52349d213_original.png?w=160&h=160&fit=crop&v=1461675419&auto=format&q=92&s=eba9790ede185761115c135d2f16cdf2",
      "small": "https://ksr-ugc.imgix.net/assets/010/233/362/45b0f7b5527f8fec11b537d52349d213_original.png?w=160&h=160&fit=crop&v=1461675419&auto=format&q=92&s=eba9790ede185761115c135d2f16cdf2",
      "thumb": "https://ksr-ugc.imgix.net/assets/010/233/362/45b0f7b5527f8fec11b537d52349d213_original.png?w=40&h=40&fit=crop&v=1461675419&auto=format&q=92&s=295863070ae3450d4a7a6a49efe75397"
    },
    "id": 764277828,
    "name": "Flowy Apps",
    "slug": "flowyapps",
    "urls": {
      "api": {
        "user": "https://api.kickstarter.com/v1/users/764277828?signature=1488679987.5d983d82da0847039e74e6b67f05a14ecc80474c"
      },
      "web": {
        "user": "https://www.kickstarter.com/profile/flowyapps"
      }
    }
  },
  "currency": "EUR",
  "currency_symbol": "\u20ac",
  "currency_trailing_code": false,
  "deadline": 1455793292,
  "disable_communication": false,
  "goal": 50000.0,
  "id": 1005397520,
  "launched_at": 1453201292,
  "location": {
    "country": "DE",
    "displayable_name": "Kiel, Germany",
    "id": 665683,
    "is_root": false,
    "name": "Kiel",
    "short_name": "Kiel, Germany",
    "slug": "kiel-gemeinde-viol-de",
    "state": "Schleswig-Holstein",
    "type": "Town",
    "urls": {
      "api": {
        "nearby_projects": "https://api.kickstarter.com/v1/discover?signature=1488668493.ac386d52c385e25dfa727444a340c941a5f19753&woe_id=665683"
      },
      "web": {
        "discover": "https://www.kickstarter.com/discover/places/kiel-gemeinde-viol-de",
        "location": "https://www.kickstarter.com/locations/kiel-gemeinde-viol-de"
      }
    }
  },
  "name": "REDS.box - Get your privacy back in the cloud",
  "photo": {
    "1024x576": "https://ksr-ugc.imgix.net/assets/012/222/687/bc752c06bd7870dc8d1843e788f99cbd_original.png?w=1024&h=576&fit=fill&bg=000000&v=1463743660&auto=format&q=92&s=23a4f62e25233708e2db29f600cf6abc",
    "1536x864": "https://ksr-ugc.imgix.net/assets/012/222/687/bc752c06bd7870dc8d1843e788f99cbd_original.png?w=1536&h=864&fit=fill&bg=000000&v=1463743660&auto=format&q=92&s=70674fa40b750a10c4f56d1911645099",
    "ed": "https://ksr-ugc.imgix.net/assets/012/222/687/bc752c06bd7870dc8d1843e788f99cbd_original.png?w=338&h=190&fit=fill&bg=000000&v=1463743660&auto=format&q=92&s=668c6dfcd4ccf0794cd14afb37af8d19",
    "full": "https://ksr-ugc.imgix.net/assets/012/222/687/bc752c06bd7870dc8d1843e788f99cbd_original.png?w=560&h=315&fit=fill&bg=000000&v=1463743660&auto=format&q=92&s=890efd17e6630af189ddc05fd58dfbcd",
    "key": "assets/012/222/687/bc752c06bd7870dc8d1843e788f99cbd_original.png",
    "little": "https://ksr-ugc.imgix.net/assets/012/222/687/bc752c06bd7870dc8d1843e788f99cbd_original.png?w=200&h=112&fit=fill&bg=000000&v=1463743660&auto=format&q=92&s=be17cc28555171303f46557b5d910ecb",
    "med": "https://ksr-ugc.imgix.net/assets/012/222/687/bc752c06bd7870dc8d1843e788f99cbd_original.png?w=266&h=150&fit=fill&bg=000000&v=1463743660&auto=format&q=92&s=476f9c0d499e285a597e30acb9cdf08a",
    "small": "https://ksr-ugc.imgix.net/assets/012/222/687/bc752c06bd7870dc8d1843e788f99cbd_original.png?w=160&h=90&fit=fill&bg=000000&v=1463743660&auto=format&q=92&s=cd4610d667a7884d9b536fa668579097",
    "thumb": "https://ksr-ugc.imgix.net/assets/012/222/687/bc752c06bd7870dc8d1843e788f99cbd_original.png?w=40&h=22&fit=fill&bg=000000&v=1463743660&auto=format&q=92&s=0ae7a3adeb7f3b8812d3859810da7573"
  },
  "pledged": 33916.0,
  "profile": {
    "background_color": null,
    "background_image_opacity": 0.8,
    "blurb": null,
    "feature_image_attributes": {
      "image_urls": {
        "baseball_card": "https://ksr-ugc.imgix.net/assets/012/222/687/bc752c06bd7870dc8d1843e788f99cbd_original.png?w=1552&h=873&fit=fill&bg=000000&v=1463743660&auto=format&q=92&s=4888010aab86b4a98d0f2b463c812f3b",
        "default": "https://ksr-ugc.imgix.net/assets/012/222/687/bc752c06bd7870dc8d1843e788f99cbd_original.png?w=1552&h=873&fit=fill&bg=000000&v=1463743660&auto=format&q=92&s=4888010aab86b4a98d0f2b463c812f3b"
      }
    },
    "id": 2063788,
    "link_background_color": null,
    "link_text": null,
    "link_text_color": null,
    "link_url": null,
    "name": null,
    "project_id": 2063788,
    "should_show_feature_image_section": true,
    "show_feature_image": false,
    "state": "inactive",
    "state_changed_at": 1439363427,
    "text_color": null
  },
  "slug": "redsbox-get-your-privacy-back-in-the-cloud",
  "spotlight": false,
  "staff_pick": false,
  "state": "failed",
  "state_changed_at": 1455793293,
  "static_usd_rate": 1.0894789,
  "urls": {
    "web": {
      "project": "https://www.kickstarter.com/projects/flowyapps/redsbox-get-your-privacy-back-in-the-cloud?ref=category_newest",
      "rewards": "https://www.kickstarter.com/projects/flowyapps/redsbox-get-your-privacy-back-in-the-cloud/rewards"
    }
  },
  "usd_pledged": "36950.7663724"
}