{
  "backers_count": 0,
  "blurb": "Just starting up a prototype of an amazing project.  Looking to gather some funds to build a prototype that will change the world.",
  "category": {
    "color": 6526716,
    "id": 52,
    "name": "Hardware",
    "parent_id": 16,
    "position": 8,
    "slug": "technology/hardware",
    "urls": {
      "web": {
        "discover": "http://www.kickstarter.com/discover/categories/technology/hardware"
      }
    }
  },
  "country": "US",
  "created_at": 1441323839,
  "creator": {
    "avatar": {
      "medium": "https://ksr-ugc.imgix.net/assets/010/310/422/05643763b8e599b0e7e6a591512dc325_original.jpeg?w=160&h=160&fit=crop&v=1461680336&auto=format&q=92&s=2fc4c1cea17ec526c8ac91838785a6c3",
      "small": "https://ksr-ugc.imgix.net/assets/010/310/422/05643763b8e599b0e7e6a591512dc325_original.jpeg?w=160&h=160&fit=crop&v=1461680336&auto=format&q=92&s=2fc4c1cea17ec526c8ac91838785a6c3",
      "thumb": "https://ksr-ugc.imgix.net/assets/010/310/422/05643763b8e599b0e7e6a591512dc325_original.jpeg?w=40&h=40&fit=crop&v=1461680336&auto=format&q=92&s=4562f7476af26ccc7a691068b26e880f"
    },
    "id": 649412258,
    "name": "Joe Wilmouth",
    "urls": {
      "api": {
        "user": "https://api.kickstarter.com/v1/users/649412258?signature=1488680049.06081592874d58bf7fd156ce34c850335f87f7d7"
      },
      "web": {
        "user": "https://www.kickstarter.com/profile/649412258"
      }
    }
  },
  "currency": "USD",
  "currency_symbol": "$",
  "currency_trailing_code": true,
  "deadline": 1443978395,
  "disable_communication": false,
  "goal": 500.0,
  "id": 1005421547,
  "launched_at": 1441386395,
  "location": {
    "country": "US",
    "displayable_name": "Minneapolis, MN",
    "id": 2452078,
    "is_root": false,
    "name": "Minneapolis",
    "short_name": "Minneapolis, MN",
    "slug": "minneapolis-mn",
    "state": "MN",
    "type": "Town",
    "urls": {
      "api": {
        "nearby_projects": "https://api.kickstarter.com/v1/discover?signature=1488668419.5bf255aed7ab5ac2c3c8b9bc95d7c10c34e6f666&woe_id=2452078"
      },
      "web": {
        "discover": "https://www.kickstarter.com/discover/places/minneapolis-mn",
        "location": "https://www.kickstarter.com/locations/minneapolis-mn"
      }
    }
  },
  "name": "The Green Lamp Prototype (Canceled)",
  "photo": {
    "1024x576": "https://ksr-ugc.imgix.net/assets/012/242/330/9da63283a2c5f69853186019359bac30_original.jpg?w=1024&h=576&fit=fill&bg=000000&v=1463745639&auto=format&q=92&s=cd3a42d6e14c375075f1f321b560fbf5",
    "1536x864": "https://ksr-ugc.imgix.net/assets/012/242/330/9da63283a2c5f69853186019359bac30_original.jpg?w=1536&h=864&fit=fill&bg=000000&v=1463745639&auto=format&q=92&s=761a2408442f0dd18536e96c88c8f464",
    "ed": "https://ksr-ugc.imgix.net/assets/012/242/330/9da63283a2c5f69853186019359bac30_original.jpg?w=338&h=190&fit=fill&bg=000000&v=1463745639&auto=format&q=92&s=b4b385c4250e5a56daa12b596e1d0c1d",
    "full": "https://ksr-ugc.imgix.net/assets/012/242/330/9da63283a2c5f69853186019359bac30_original.jpg?w=560&h=315&fit=fill&bg=000000&v=1463745639&auto=format&q=92&s=f958afd420bd592a5ad703da403b548e",
    "key": "assets/012/242/330/9da63283a2c5f69853186019359bac30_original.jpg",
    "little": "https://ksr-ugc.imgix.net/assets/012/242/330/9da63283a2c5f69853186019359bac30_original.jpg?w=200&h=112&fit=fill&bg=000000&v=1463745639&auto=format&q=92&s=5585acf7ddb7309d414754dbb754b041",
    "med": "https://ksr-ugc.imgix.net/assets/012/242/330/9da63283a2c5f69853186019359bac30_original.jpg?w=266&h=150&fit=fill&bg=000000&v=1463745639&auto=format&q=92&s=2edcc68b425e884e5c2befdbb122e93f",
    "small": "https://ksr-ugc.imgix.net/assets/012/242/330/9da63283a2c5f69853186019359bac30_original.jpg?w=160&h=90&fit=fill&bg=000000&v=1463745639&auto=format&q=92&s=938a2e698a08043743be8e3a8f491749",
    "thumb": "https://ksr-ugc.imgix.net/assets/012/242/330/9da63283a2c5f69853186019359bac30_original.jpg?w=40&h=22&fit=fill&bg=000000&v=1463745639&auto=format&q=92&s=096f27d41ac4ba05bf2291b6f30960f0"
  },
  "pledged": 0.0,
  "profile": {
    "background_color": null,
    "background_image_opacity": 0.8,
    "blurb": null,
    "feature_image_attributes": {
      "image_urls": {
        "baseball_card": "https://ksr-ugc.imgix.net/assets/012/242/330/9da63283a2c5f69853186019359bac30_original.jpg?w=1552&h=873&fit=fill&bg=000000&v=1463745639&auto=format&q=92&s=27ab080c0ebb9cb29cd6ce72b6dc5e59",
        "default": "https://ksr-ugc.imgix.net/assets/012/242/330/9da63283a2c5f69853186019359bac30_original.jpg?w=1552&h=873&fit=fill&bg=000000&v=1463745639&auto=format&q=92&s=27ab080c0ebb9cb29cd6ce72b6dc5e59"
      }
    },
    "id": 2101962,
    "link_background_color": null,
    "link_text": null,
    "link_text_color": null,
    "link_url": null,
    "name": null,
    "project_id": 2101962,
    "should_show_feature_image_section": true,
    "show_feature_image": false,
    "state": "inactive",
    "state_changed_at": 1441323839,
    "text_color": null
  },
  "slug": "the-green-lamp-prototype",
  "spotlight": false,
  "staff_pick": false,
  "state": "canceled",
  "state_changed_at": 1441465765,
  "static_usd_rate": 1.0,
  "urls": {
    "web": {
      "project": "https://www.kickstarter.com/projects/649412258/the-green-lamp-prototype?ref=category_newest",
      "rewards": "https://www.kickstarter.com/projects/649412258/the-green-lamp-prototype/rewards"
    }
  },
  "usd_pledged": "0.0"
}