{
  "backers_count": 290,
  "blurb": "The LittleRP is an affordable, flexible, and open 3D resin printer that is makerspace friendly and easy to self-source.",
  "category": {
    "color": 6526716,
    "id": 331,
    "name": "3D Printing",
    "parent_id": 16,
    "position": 1,
    "slug": "technology/3d printing",
    "urls": {
      "web": {
        "discover": "http://www.kickstarter.com/discover/categories/technology/3d%20printing"
      }
    }
  },
  "country": "US",
  "created_at": 1400792924,
  "creator": {
    "avatar": {
      "medium": "https://ksr-ugc.imgix.net/assets/008/759/212/d5b58d638f5b67ea8703e7110c57d682_original.png?w=160&h=160&fit=crop&v=1461542508&auto=format&q=92&s=0a48be4f2518bd5d430666275b54ebcf",
      "small": "https://ksr-ugc.imgix.net/assets/008/759/212/d5b58d638f5b67ea8703e7110c57d682_original.png?w=160&h=160&fit=crop&v=1461542508&auto=format&q=92&s=0a48be4f2518bd5d430666275b54ebcf",
      "thumb": "https://ksr-ugc.imgix.net/assets/008/759/212/d5b58d638f5b67ea8703e7110c57d682_original.png?w=40&h=40&fit=crop&v=1461542508&auto=format&q=92&s=cbbf8e662608932c26a07e15971f5911"
    },
    "id": 362246155,
    "name": "LittleRP",
    "urls": {
      "api": {
        "user": "https://api.kickstarter.com/v1/users/362246155?signature=1488678709.eca0cccc78458a4d0d073ac42539451218a79d89"
      },
      "web": {
        "user": "https://www.kickstarter.com/profile/362246155"
      }
    }
  },
  "currency": "USD",
  "currency_symbol": "$",
  "currency_trailing_code": true,
  "deadline": 1410361432,
  "disable_communication": false,
  "goal": 25000.0,
  "id": 1005063605,
  "launched_at": 1407769432,
  "location": {
    "country": "US",
    "displayable_name": "Santa Barbara, CA",
    "id": 2488828,
    "is_root": false,
    "name": "Santa Barbara",
    "short_name": "Santa Barbara, CA",
    "slug": "santa-barbara-ca",
    "state": "CA",
    "type": "Town",
    "urls": {
      "api": {
        "nearby_projects": "https://api.kickstarter.com/v1/discover?signature=1488668423.f197b1cb4ef73e0caaf20a07851f22d3cf7c7edb&woe_id=2488828"
      },
      "web": {
        "discover": "https://www.kickstarter.com/discover/places/santa-barbara-ca",
        "location": "https://www.kickstarter.com/locations/santa-barbara-ca"
      }
    }
  },
  "name": "LittleRP - Affordable Flexible Open 3D Resin Printer",
  "photo": {
    "1024x576": "https://ksr-ugc.imgix.net/assets/011/710/852/d1dbfdef5a02fececb5cd10c9a57bcad_original.jpg?w=1024&h=576&fit=fill&bg=FAFAF8&v=1463687105&auto=format&q=92&s=2e8edd84cfa2db87e587067a206ed9bc",
    "1536x864": "https://ksr-ugc.imgix.net/assets/011/710/852/d1dbfdef5a02fececb5cd10c9a57bcad_original.jpg?w=1536&h=864&fit=fill&bg=FAFAF8&v=1463687105&auto=format&q=92&s=3cdf1697221ea7747f8114b0d42f2341",
    "ed": "https://ksr-ugc.imgix.net/assets/011/710/852/d1dbfdef5a02fececb5cd10c9a57bcad_original.jpg?w=338&h=190&fit=fill&bg=FAFAF8&v=1463687105&auto=format&q=92&s=7bc64bffcdb8b4e95b9fda6d75ef3acb",
    "full": "https://ksr-ugc.imgix.net/assets/011/710/852/d1dbfdef5a02fececb5cd10c9a57bcad_original.jpg?w=560&h=315&fit=fill&bg=FAFAF8&v=1463687105&auto=format&q=92&s=ee0f4262869e02b771f20a19e53339cc",
    "key": "assets/011/710/852/d1dbfdef5a02fececb5cd10c9a57bcad_original.jpg",
    "little": "https://ksr-ugc.imgix.net/assets/011/710/852/d1dbfdef5a02fececb5cd10c9a57bcad_original.jpg?w=200&h=112&fit=fill&bg=FAFAF8&v=1463687105&auto=format&q=92&s=1c993b15b376bf50008a335ec979a9af",
    "med": "https://ksr-ugc.imgix.net/assets/011/710/852/d1dbfdef5a02fececb5cd10c9a57bcad_original.jpg?w=266&h=150&fit=fill&bg=FAFAF8&v=1463687105&auto=format&q=92&s=003d520bf19e2d82cbce3c55c076c707",
    "small": "https://ksr-ugc.imgix.net/assets/011/710/852/d1dbfdef5a02fececb5cd10c9a57bcad_original.jpg?w=160&h=90&fit=fill&bg=FAFAF8&v=1463687105&auto=format&q=92&s=0c2f5ee628e262f948074059b7e457f1",
    "thumb": "https://ksr-ugc.imgix.net/assets/011/710/852/d1dbfdef5a02fececb5cd10c9a57bcad_original.jpg?w=40&h=22&fit=fill&bg=FAFAF8&v=1463687105&auto=format&q=92&s=6f36e0da2fde80ad13bb1d058919dbdc"
  },
  "pledged": 118923.5,
  "profile": {
    "background_color": null,
    "background_image_opacity": 0.8,
    "blurb": null,
    "feature_image_attributes": {
      "image_urls": {
        "baseball_card": "https://ksr-ugc.imgix.net/assets/011/710/852/d1dbfdef5a02fececb5cd10c9a57bcad_original.jpg?w=1552&h=873&fit=fill&bg=FAFAF8&v=1463687105&auto=format&q=92&s=b74bdd028433268987f619a360c3779b",
        "default": "https://ksr-ugc.imgix.net/assets/011/710/852/d1dbfdef5a02fececb5cd10c9a57bcad_original.jpg?w=1552&h=873&fit=fill&bg=FAFAF8&v=1463687105&auto=format&q=92&s=b74bdd028433268987f619a360c3779b"
      }
    },
    "id": 1035216,
    "link_background_color": null,
    "link_text": null,
    "link_text_color": null,
    "link_url": null,
    "name": null,
    "project_id": 1035216,
    "should_show_feature_image_section": true,
    "show_feature_image": false,
    "state": "inactive",
    "state_changed_at": 1425915857,
    "text_color": null
  },
  "slug": "littlerp-affordable-flexible-open-3d-resin-printer",
  "spotlight": true,
  "staff_pick": true,
  "state": "successful",
  "state_changed_at": 1410361432,
  "static_usd_rate": 1.0,
  "urls": {
    "web": {
      "project": "https://www.kickstarter.com/projects/362246155/littlerp-affordable-flexible-open-3d-resin-printer?ref=category_newest",
      "rewards": "https://www.kickstarter.com/projects/362246155/littlerp-affordable-flexible-open-3d-resin-printer/rewards"
    }
  },
  "usd_pledged": "118923.5"
}