{
  "backers_count": 11,
  "blurb": "Please help us keep up with all the big companies at this summer's NAMM show!! We need help funding our marketing materials!\nThanks!",
  "category": {
    "color": 6526716,
    "id": 339,
    "name": "Sound",
    "parent_id": 16,
    "position": 12,
    "slug": "technology/sound",
    "urls": {
      "web": {
        "discover": "http://www.kickstarter.com/discover/categories/technology/sound"
      }
    }
  },
  "country": "US",
  "created_at": 1401395638,
  "creator": {
    "avatar": {
      "medium": "https://ksr-ugc.imgix.net/assets/008/794/705/94355e3c5e152409d6b758e8413d8ac7_original.JPG?w=160&h=160&fit=crop&v=1461544082&auto=format&q=92&s=5f30db6c1f92dd9f9f2d868373fb0be8",
      "small": "https://ksr-ugc.imgix.net/assets/008/794/705/94355e3c5e152409d6b758e8413d8ac7_original.JPG?w=160&h=160&fit=crop&v=1461544082&auto=format&q=92&s=5f30db6c1f92dd9f9f2d868373fb0be8",
      "thumb": "https://ksr-ugc.imgix.net/assets/008/794/705/94355e3c5e152409d6b758e8413d8ac7_original.JPG?w=40&h=40&fit=crop&v=1461544082&auto=format&q=92&s=3093e54a984e4e5c30d25c754a24a9d7"
    },
    "id": 187332861,
    "name": "John Benson",
    "urls": {
      "api": {
        "user": "https://api.kickstarter.com/v1/users/187332861?signature=1488680470.ad88545dc407938443602572a41433f9380b7bc0"
      },
      "web": {
        "user": "https://www.kickstarter.com/profile/187332861"
      }
    }
  },
  "currency": "USD",
  "currency_symbol": "$",
  "currency_trailing_code": true,
  "deadline": 1403740747,
  "disable_communication": false,
  "goal": 2800.0,
  "id": 1005413300,
  "launched_at": 1402531147,
  "location": {
    "country": "US",
    "displayable_name": "Lockport, NY",
    "id": 2440846,
    "is_root": false,
    "name": "Lockport",
    "short_name": "Lockport, NY",
    "slug": "lockport-ny",
    "state": "NY",
    "type": "Town",
    "urls": {
      "api": {
        "nearby_projects": "https://api.kickstarter.com/v1/discover?signature=1488668555.2a82d203ea3f602872a6528df3131293b948dd3c&woe_id=2440846"
      },
      "web": {
        "discover": "https://www.kickstarter.com/discover/places/lockport-ny",
        "location": "https://www.kickstarter.com/locations/lockport-ny"
      }
    }
  },
  "name": "NAMM Marketing -keeping up with the big dogs",
  "photo": {
    "1024x576": "https://ksr-ugc.imgix.net/assets/011/714/981/604f784f1613de03dcee6796e8ace174_original.jpg?w=1024&h=576&fit=fill&bg=000000&v=1463687193&auto=format&q=92&s=1f85231039bba3c9964052628fa8beba",
    "1536x864": "https://ksr-ugc.imgix.net/assets/011/714/981/604f784f1613de03dcee6796e8ace174_original.jpg?w=1536&h=864&fit=fill&bg=000000&v=1463687193&auto=format&q=92&s=90d1ce451dd6389a4c34ae56eddca8d9",
    "ed": "https://ksr-ugc.imgix.net/assets/011/714/981/604f784f1613de03dcee6796e8ace174_original.jpg?w=338&h=190&fit=fill&bg=000000&v=1463687193&auto=format&q=92&s=495f19ff1d2f604d4b7ece6f0ccdb645",
    "full": "https://ksr-ugc.imgix.net/assets/011/714/981/604f784f1613de03dcee6796e8ace174_original.jpg?w=560&h=315&fit=fill&bg=000000&v=1463687193&auto=format&q=92&s=8293e886f9bf23c8d4e697808fdab768",
    "key": "assets/011/714/981/604f784f1613de03dcee6796e8ace174_original.jpg",
    "little": "https://ksr-ugc.imgix.net/assets/011/714/981/604f784f1613de03dcee6796e8ace174_original.jpg?w=200&h=112&fit=fill&bg=000000&v=1463687193&auto=format&q=92&s=7b2a69510d1a88420bbb6fd09a58299b",
    "med": "https://ksr-ugc.imgix.net/assets/011/714/981/604f784f1613de03dcee6796e8ace174_original.jpg?w=266&h=150&fit=fill&bg=000000&v=1463687193&auto=format&q=92&s=56deb98f74f9a4056eaadc593cb036e9",
    "small": "https://ksr-ugc.imgix.net/assets/011/714/981/604f784f1613de03dcee6796e8ace174_original.jpg?w=160&h=90&fit=fill&bg=000000&v=1463687193&auto=format&q=92&s=632091ccbb702c987cc91dfbed22ff6c",
    "thumb": "https://ksr-ugc.imgix.net/assets/011/714/981/604f784f1613de03dcee6796e8ace174_original.jpg?w=40&h=22&fit=fill&bg=000000&v=1463687193&auto=format&q=92&s=c22ea0a0aa6e07d939ca0dfa83e1938c"
  },
  "pledged": 545.0,
  "profile": {
    "background_color": null,
    "background_image_opacity": 0.8,
    "blurb": null,
    "feature_image_attributes": {
      "image_urls": {
        "baseball_card": "https://ksr-ugc.imgix.net/assets/011/714/981/604f784f1613de03dcee6796e8ace174_original.jpg?w=1552&h=873&fit=fill&bg=000000&v=1463687193&auto=format&q=92&s=a5a7bb9f15e6e9479d4572a411b5f01a",
        "default": "https://ksr-ugc.imgix.net/assets/011/714/981/604f784f1613de03dcee6796e8ace174_original.jpg?w=1552&h=873&fit=fill&bg=000000&v=1463687193&auto=format&q=92&s=a5a7bb9f15e6e9479d4572a411b5f01a"
      }
    },
    "id": 1044835,
    "link_background_color": null,
    "link_text": null,
    "link_text_color": null,
    "link_url": null,
    "name": null,
    "project_id": 1044835,
    "should_show_feature_image_section": true,
    "show_feature_image": false,
    "state": "inactive",
    "state_changed_at": 1425915858,
    "text_color": null
  },
  "slug": "namm-marketing-keeping-up-with-the-big-dogs",
  "spotlight": false,
  "staff_pick": false,
  "state": "failed",
  "state_changed_at": 1403740747,
  "static_usd_rate": 1.0,
  "urls": {
    "web": {
      "project": "https://www.kickstarter.com/projects/187332861/namm-marketing-keeping-up-with-the-big-dogs?ref=category_newest",
      "rewards": "https://www.kickstarter.com/projects/187332861/namm-marketing-keeping-up-with-the-big-dogs/rewards"
    }
  },
  "usd_pledged": "545.0"
}