{
  "backers_count": 149,
  "blurb": "3D Food Printer or food printing head, cartridges with printable food, intuitive WIFI user interface and supporting internet platform",
  "category": {
    "color": 6526716,
    "id": 331,
    "name": "3D Printing",
    "parent_id": 16,
    "position": 1,
    "slug": "technology/3d printing",
    "urls": {
      "web": {
        "discover": "http://www.kickstarter.com/discover/categories/technology/3d%20printing"
      }
    }
  },
  "country": "DE",
  "created_at": 1430225492,
  "creator": {
    "avatar": {
      "medium": "https://ksr-ugc.imgix.net/assets/009/839/536/f6ee2e60ff9cf89c92617668daab9ccf_original.jpg?w=160&h=160&fit=crop&v=1461638081&auto=format&q=92&s=dd3575eb3b114451679498741ef570f8",
      "small": "https://ksr-ugc.imgix.net/assets/009/839/536/f6ee2e60ff9cf89c92617668daab9ccf_original.jpg?w=160&h=160&fit=crop&v=1461638081&auto=format&q=92&s=dd3575eb3b114451679498741ef570f8",
      "thumb": "https://ksr-ugc.imgix.net/assets/009/839/536/f6ee2e60ff9cf89c92617668daab9ccf_original.jpg?w=40&h=40&fit=crop&v=1461638081&auto=format&q=92&s=83f7af8f6bf530c783f189d9dab5d215"
    },
    "id": 2028227986,
    "name": "Team Bocusini",
    "urls": {
      "api": {
        "user": "https://api.kickstarter.com/v1/users/2028227986?signature=1488678713.8af06761d727121c1bacfcb9ca0b14bf576efb09"
      },
      "web": {
        "user": "https://www.kickstarter.com/profile/2028227986"
      }
    }
  },
  "currency": "EUR",
  "currency_symbol": "\u20ac",
  "currency_trailing_code": false,
  "deadline": 1434008561,
  "disable_communication": false,
  "goal": 30000.0,
  "id": 1005423973,
  "launched_at": 1431416561,
  "location": {
    "country": "DE",
    "displayable_name": "Munich, Germany",
    "id": 676757,
    "is_root": false,
    "name": "Munich",
    "short_name": "Munich, Germany",
    "slug": "munich-de",
    "state": "Bavaria",
    "type": "Town",
    "urls": {
      "api": {
        "nearby_projects": "https://api.kickstarter.com/v1/discover?signature=1488668426.085dc7e24acfab4185d5210e1fad5a792ba4371b&woe_id=676757"
      },
      "web": {
        "discover": "https://www.kickstarter.com/discover/places/munich-de",
        "location": "https://www.kickstarter.com/locations/munich-de"
      }
    }
  },
  "name": "Bocusini - World's first plug & play 3D Food Printing System",
  "photo": {
    "1024x576": "https://ksr-ugc.imgix.net/assets/012/121/704/e9d4765a5aeffce1c89e0cb68c745283_original.jpg?w=1024&h=576&fit=fill&bg=000000&v=1463737855&auto=format&q=92&s=55509a019b6137388276a519d8ef5e46",
    "1536x864": "https://ksr-ugc.imgix.net/assets/012/121/704/e9d4765a5aeffce1c89e0cb68c745283_original.jpg?w=1536&h=864&fit=fill&bg=000000&v=1463737855&auto=format&q=92&s=6480caaaa25eb8f0ce508c0e52ef5ae7",
    "ed": "https://ksr-ugc.imgix.net/assets/012/121/704/e9d4765a5aeffce1c89e0cb68c745283_original.jpg?w=338&h=190&fit=fill&bg=000000&v=1463737855&auto=format&q=92&s=35fa92b46a66f19cd6007fcdf1c798e2",
    "full": "https://ksr-ugc.imgix.net/assets/012/121/704/e9d4765a5aeffce1c89e0cb68c745283_original.jpg?w=560&h=315&fit=fill&bg=000000&v=1463737855&auto=format&q=92&s=4e0885cd26ff73f97564133ac5e2b3a9",
    "key": "assets/012/121/704/e9d4765a5aeffce1c89e0cb68c745283_original.jpg",
    "little": "https://ksr-ugc.imgix.net/assets/012/121/704/e9d4765a5aeffce1c89e0cb68c745283_original.jpg?w=200&h=112&fit=fill&bg=000000&v=1463737855&auto=format&q=92&s=18e529f699fa2b0b2d6e5c507ed6b539",
    "med": "https://ksr-ugc.imgix.net/assets/012/121/704/e9d4765a5aeffce1c89e0cb68c745283_original.jpg?w=266&h=150&fit=fill&bg=000000&v=1463737855&auto=format&q=92&s=7306e6a2795f91e3f90cd2a84388aad4",
    "small": "https://ksr-ugc.imgix.net/assets/012/121/704/e9d4765a5aeffce1c89e0cb68c745283_original.jpg?w=160&h=90&fit=fill&bg=000000&v=1463737855&auto=format&q=92&s=b99acba31656f6ac8978bbd0c1a21376",
    "thumb": "https://ksr-ugc.imgix.net/assets/012/121/704/e9d4765a5aeffce1c89e0cb68c745283_original.jpg?w=40&h=22&fit=fill&bg=000000&v=1463737855&auto=format&q=92&s=36090c38b6f2dfbcbf9f6ef4f7bb6506"
  },
  "pledged": 40581.0,
  "profile": {
    "background_color": "",
    "background_image_opacity": 0.8,
    "blurb": "3D Food Printer or food printing head, cartridges with printable food, intuitive WIFI user interface and supporting internet platform",
    "feature_image_attributes": {
      "image_urls": {
        "baseball_card": "https://ksr-ugc.imgix.net/assets/012/121/704/e9d4765a5aeffce1c89e0cb68c745283_original.jpg?w=1552&h=873&fit=fill&bg=000000&v=1463737855&auto=format&q=92&s=312bfaeb1dea45ac7b4a5a7ba849b71e",
        "default": "https://ksr-ugc.imgix.net/assets/012/121/704/e9d4765a5aeffce1c89e0cb68c745283_original.jpg?w=1552&h=873&fit=fill&bg=000000&v=1463737855&auto=format&q=92&s=312bfaeb1dea45ac7b4a5a7ba849b71e"
      }
    },
    "id": 1867818,
    "link_background_color": "00ff6b",
    "link_text": "Pre-order!",
    "link_text_color": "",
    "link_url": "http://www.print2taste.de/en/online-shop/",
    "name": "Bocusini - World's first plug & play 3D Food Printing System",
    "project_id": 1867818,
    "should_show_feature_image_section": true,
    "show_feature_image": false,
    "state": "active",
    "state_changed_at": 1439445696,
    "text_color": ""
  },
  "slug": "bocusini-worlds-first-plug-and-play-3d-food-printi",
  "spotlight": true,
  "staff_pick": true,
  "state": "successful",
  "state_changed_at": 1434008565,
  "static_usd_rate": 1.11588835,
  "urls": {
    "web": {
      "project": "https://www.kickstarter.com/projects/2028227986/bocusini-worlds-first-plug-and-play-3d-food-printi?ref=category_newest",
      "rewards": "https://www.kickstarter.com/projects/2028227986/bocusini-worlds-first-plug-and-play-3d-food-printi/rewards"
    }
  },
  "usd_pledged": "45283.86513135"
}