{
  "backers_count": 3,
  "blurb": "Aivot is a gadget for high quality technological projects that links to a PC & Tablet App based on Windows to program unlimitedly.",
  "category": {
    "color": 6526716,
    "id": 341,
    "name": "Wearables",
    "parent_id": 16,
    "position": 14,
    "slug": "technology/wearables",
    "urls": {
      "web": {
        "discover": "http://www.kickstarter.com/discover/categories/technology/wearables"
      }
    }
  },
  "country": "MX",
  "created_at": 1479322614,
  "creator": {
    "avatar": {
      "medium": "https://ksr-ugc.imgix.net/assets/014/261/648/29623d425f57f2a49787890a622d11a0_original.jpg?w=160&h=160&fit=crop&v=1477434641&auto=format&q=92&s=0d72210c1934365e1d529100143990f9",
      "small": "https://ksr-ugc.imgix.net/assets/014/261/648/29623d425f57f2a49787890a622d11a0_original.jpg?w=160&h=160&fit=crop&v=1477434641&auto=format&q=92&s=0d72210c1934365e1d529100143990f9",
      "thumb": "https://ksr-ugc.imgix.net/assets/014/261/648/29623d425f57f2a49787890a622d11a0_original.jpg?w=40&h=40&fit=crop&v=1477434641&auto=format&q=92&s=6188c48d21e314fa5f4efeae823490b4"
    },
    "id": 1894213877,
    "name": "Omar Bengoa",
    "urls": {
      "api": {
        "user": "https://api.kickstarter.com/v1/users/1894213877?signature=1488680624.234918c17bf20b1e67ec421e951b1803db8466f8"
      },
      "web": {
        "user": "https://www.kickstarter.com/profile/1894213877"
      }
    }
  },
  "currency": "MXN",
  "currency_symbol": "$",
  "currency_trailing_code": true,
  "deadline": 1485555815,
  "disable_communication": false,
  "goal": 72083.0,
  "id": 1005477477,
  "launched_at": 1480371815,
  "location": {
    "country": "MX",
    "displayable_name": "Estado de Mexico, Mexico",
    "id": 55891567,
    "is_root": false,
    "name": "Estado de Mexico",
    "short_name": "Estado de Mexico, Mexico",
    "slug": "estado-de-mexico-ixtapaluca-mx",
    "state": "Mexico",
    "type": "Suburb",
    "urls": {
      "api": {
        "nearby_projects": "https://api.kickstarter.com/v1/discover?signature=1488668478.d5782cb011bb4b0d50a8cedc7614c783b4c32977&woe_id=55891567"
      },
      "web": {
        "discover": "https://www.kickstarter.com/discover/places/estado-de-mexico-ixtapaluca-mx",
        "location": "https://www.kickstarter.com/locations/estado-de-mexico-ixtapaluca-mx"
      }
    }
  },
  "name": "Aivot",
  "photo": {
    "1024x576": "https://ksr-ugc.imgix.net/assets/014/544/279/2d5e3cb81c6282ddbc2e3b267c34e9d6_original.png?w=1024&h=576&fit=fill&bg=000000&v=1479322713&auto=format&q=92&s=039b59ad10d4330776cd3c8ea1fddfa9",
    "1536x864": "https://ksr-ugc.imgix.net/assets/014/544/279/2d5e3cb81c6282ddbc2e3b267c34e9d6_original.png?w=1536&h=864&fit=fill&bg=000000&v=1479322713&auto=format&q=92&s=f8222225f15f715d0e2395b9b5604022",
    "ed": "https://ksr-ugc.imgix.net/assets/014/544/279/2d5e3cb81c6282ddbc2e3b267c34e9d6_original.png?w=338&h=190&fit=fill&bg=000000&v=1479322713&auto=format&q=92&s=f577876648b9e3a03bd33e785ce5d582",
    "full": "https://ksr-ugc.imgix.net/assets/014/544/279/2d5e3cb81c6282ddbc2e3b267c34e9d6_original.png?w=560&h=315&fit=fill&bg=000000&v=1479322713&auto=format&q=92&s=2a5fbc0d04d796294ba9d41009823830",
    "key": "assets/014/544/279/2d5e3cb81c6282ddbc2e3b267c34e9d6_original.png",
    "little": "https://ksr-ugc.imgix.net/assets/014/544/279/2d5e3cb81c6282ddbc2e3b267c34e9d6_original.png?w=200&h=112&fit=fill&bg=000000&v=1479322713&auto=format&q=92&s=2793a5e2ae56ead480dc4a17e6eb4d7e",
    "med": "https://ksr-ugc.imgix.net/assets/014/544/279/2d5e3cb81c6282ddbc2e3b267c34e9d6_original.png?w=266&h=150&fit=fill&bg=000000&v=1479322713&auto=format&q=92&s=c6fdc335ac169040d3a6620beb43de3c",
    "small": "https://ksr-ugc.imgix.net/assets/014/544/279/2d5e3cb81c6282ddbc2e3b267c34e9d6_original.png?w=160&h=90&fit=fill&bg=000000&v=1479322713&auto=format&q=92&s=6815b096fb3a1547e7a9ba07ede8d921",
    "thumb": "https://ksr-ugc.imgix.net/assets/014/544/279/2d5e3cb81c6282ddbc2e3b267c34e9d6_original.png?w=40&h=22&fit=fill&bg=000000&v=1479322713&auto=format&q=92&s=2343d6bd1371a784e47201dc7a2cd95e"
  },
  "pledged": 200.0,
  "profile": {
    "background_color": null,
    "background_image_opacity": 0.8,
    "blurb": null,
    "feature_image_attributes": {
      "image_urls": {
        "baseball_card": "https://ksr-ugc.imgix.net/assets/014/544/279/2d5e3cb81c6282ddbc2e3b267c34e9d6_original.png?w=1552&h=873&fit=fill&bg=000000&v=1479322713&auto=format&q=92&s=62308bc88f25e49a16d127d17c2aae22",
        "default": "https://ksr-ugc.imgix.net/assets/014/544/279/2d5e3cb81c6282ddbc2e3b267c34e9d6_original.png?w=1552&h=873&fit=fill&bg=000000&v=1479322713&auto=format&q=92&s=62308bc88f25e49a16d127d17c2aae22"
      }
    },
    "id": 2762440,
    "link_background_color": null,
    "link_text": null,
    "link_text_color": null,
    "link_url": null,
    "name": null,
    "project_id": 2762440,
    "should_show_feature_image_section": true,
    "show_feature_image": false,
    "state": "inactive",
    "state_changed_at": 1479322614,
    "text_color": null
  },
  "slug": "aivot",
  "spotlight": false,
  "staff_pick": false,
  "state": "failed",
  "state_changed_at": 1485555830,
  "static_usd_rate": 0.04839173,
  "urls": {
    "web": {
      "project": "https://www.kickstarter.com/projects/1894213877/aivot?ref=category_newest",
      "rewards": "https://www.kickstarter.com/projects/1894213877/aivot/rewards"
    }
  },
  "usd_pledged": "9.678346"
}