{
  "backers_count": 108,
  "blurb": "The first production wood headphones featuring Bluetooth wireless connectivity and smartphone controls, by Accidentally Extraordinary",
  "category": {
    "color": 6526716,
    "id": 52,
    "name": "Hardware",
    "parent_id": 16,
    "position": 8,
    "slug": "technology/hardware",
    "urls": {
      "web": {
        "discover": "http://www.kickstarter.com/discover/categories/technology/hardware"
      }
    }
  },
  "country": "US",
  "created_at": 1388768921,
  "creator": {
    "avatar": {
      "medium": "https://ksr-ugc.imgix.net/assets/007/166/637/20355bdbb384226eb71cbf21b220a5ef_original.jpg?w=160&h=160&fit=crop&v=1461440618&auto=format&q=92&s=aed2eabfdc635991916fc5843e33dfa5",
      "small": "https://ksr-ugc.imgix.net/assets/007/166/637/20355bdbb384226eb71cbf21b220a5ef_original.jpg?w=160&h=160&fit=crop&v=1461440618&auto=format&q=92&s=aed2eabfdc635991916fc5843e33dfa5",
      "thumb": "https://ksr-ugc.imgix.net/assets/007/166/637/20355bdbb384226eb71cbf21b220a5ef_original.jpg?w=40&h=40&fit=crop&v=1461440618&auto=format&q=92&s=4828f85195840bff08c5cf9870f26685"
    },
    "id": 915048840,
    "name": "Kunal Dalal",
    "urls": {
      "api": {
        "user": "https://api.kickstarter.com/v1/users/915048840?signature=1488679904.0bdff04196ce17c615e2dc741a52f33f79e125fa"
      },
      "web": {
        "user": "https://www.kickstarter.com/profile/915048840"
      }
    }
  },
  "currency": "USD",
  "currency_symbol": "$",
  "currency_trailing_code": true,
  "deadline": 1399579787,
  "disable_communication": false,
  "goal": 60000.0,
  "id": 1005302689,
  "launched_at": 1396987787,
  "location": {
    "country": "US",
    "displayable_name": "Oakland, CA",
    "id": 2463583,
    "is_root": false,
    "name": "Oakland",
    "short_name": "Oakland, CA",
    "slug": "oakland-ca",
    "state": "CA",
    "type": "Town",
    "urls": {
      "api": {
        "nearby_projects": "https://api.kickstarter.com/v1/discover?signature=1488668423.f0457de4baaf907c50e62960f51ff69140eeb922&woe_id=2463583"
      },
      "web": {
        "discover": "https://www.kickstarter.com/discover/places/oakland-ca",
        "location": "https://www.kickstarter.com/locations/oakland-ca"
      }
    }
  },
  "name": "51st Studios Unplugged: Wood Headphones featuring Bluetooth",
  "photo": {
    "1024x576": "https://ksr-ugc.imgix.net/assets/011/630/015/91f5dfdad59c393a78d7b9fa6dcc0742_original.jpg?w=1024&h=576&fit=fill&bg=000000&v=1463685830&auto=format&q=92&s=f42665eaed87a01d8c0b009fd8f80601",
    "1536x864": "https://ksr-ugc.imgix.net/assets/011/630/015/91f5dfdad59c393a78d7b9fa6dcc0742_original.jpg?w=1536&h=864&fit=fill&bg=000000&v=1463685830&auto=format&q=92&s=a23fb5cb10c1020e03358b0d1bc25abd",
    "ed": "https://ksr-ugc.imgix.net/assets/011/630/015/91f5dfdad59c393a78d7b9fa6dcc0742_original.jpg?w=338&h=190&fit=fill&bg=000000&v=1463685830&auto=format&q=92&s=5a6a1bea42477cc8b470b7d13036d8b3",
    "full": "https://ksr-ugc.imgix.net/assets/011/630/015/91f5dfdad59c393a78d7b9fa6dcc0742_original.jpg?w=560&h=315&fit=fill&bg=000000&v=1463685830&auto=format&q=92&s=0d777029a2ea5f9bd91414446d8603ed",
    "key": "assets/011/630/015/91f5dfdad59c393a78d7b9fa6dcc0742_original.jpg",
    "little": "https://ksr-ugc.imgix.net/assets/011/630/015/91f5dfdad59c393a78d7b9fa6dcc0742_original.jpg?w=200&h=112&fit=fill&bg=000000&v=1463685830&auto=format&q=92&s=8c44d547b2f9e6a0dac76197b2b1b5ee",
    "med": "https://ksr-ugc.imgix.net/assets/011/630/015/91f5dfdad59c393a78d7b9fa6dcc0742_original.jpg?w=266&h=150&fit=fill&bg=000000&v=1463685830&auto=format&q=92&s=37ef59792fc440f7fcde26a42a5a979c",
    "small": "https://ksr-ugc.imgix.net/assets/011/630/015/91f5dfdad59c393a78d7b9fa6dcc0742_original.jpg?w=160&h=90&fit=fill&bg=000000&v=1463685830&auto=format&q=92&s=45d9a0ab549e7d159b2e9eb2d6ad2b8b",
    "thumb": "https://ksr-ugc.imgix.net/assets/011/630/015/91f5dfdad59c393a78d7b9fa6dcc0742_original.jpg?w=40&h=22&fit=fill&bg=000000&v=1463685830&auto=format&q=92&s=72204824eb87df93fba883a8606e70f3"
  },
  "pledged": 45687.01,
  "profile": {
    "background_color": null,
    "background_image_opacity": 0.8,
    "blurb": null,
    "feature_image_attributes": {
      "image_urls": {
        "baseball_card": "https://ksr-ugc.imgix.net/assets/011/630/015/91f5dfdad59c393a78d7b9fa6dcc0742_original.jpg?w=1552&h=873&fit=fill&bg=000000&v=1463685830&auto=format&q=92&s=ef82c7e5f8422987c7c2c352bba98b27",
        "default": "https://ksr-ugc.imgix.net/assets/011/630/015/91f5dfdad59c393a78d7b9fa6dcc0742_original.jpg?w=1552&h=873&fit=fill&bg=000000&v=1463685830&auto=format&q=92&s=ef82c7e5f8422987c7c2c352bba98b27"
      }
    },
    "id": 834439,
    "link_background_color": null,
    "link_text": null,
    "link_text_color": null,
    "link_url": null,
    "name": null,
    "project_id": 834439,
    "should_show_feature_image_section": true,
    "show_feature_image": false,
    "state": "inactive",
    "state_changed_at": 1425915845,
    "text_color": null
  },
  "slug": "51st-studios-unplugged-wood-headphones-featuring-b",
  "spotlight": false,
  "staff_pick": false,
  "state": "failed",
  "state_changed_at": 1399579789,
  "static_usd_rate": 1.0,
  "urls": {
    "web": {
      "project": "https://www.kickstarter.com/projects/915048840/51st-studios-unplugged-wood-headphones-featuring-b?ref=category_newest",
      "rewards": "https://www.kickstarter.com/projects/915048840/51st-studios-unplugged-wood-headphones-featuring-b/rewards"
    }
  },
  "usd_pledged": "45687.01"
}