{
  "backers_count": 26,
  "blurb": "wecemat: the unique automated toilet flush adapter, limiting excessive water consumption and providing a hygienic bathroom experience.",
  "category": {
    "color": 6526716,
    "id": 16,
    "name": "Technology",
    "position": 14,
    "slug": "technology",
    "urls": {
      "web": {
        "discover": "http://www.kickstarter.com/discover/categories/technology"
      }
    }
  },
  "country": "LU",
  "created_at": 1454337933,
  "creator": {
    "avatar": {
      "medium": "https://ksr-ugc.imgix.net/assets/011/156/190/1cc7f6486668627dfcf6d7e1bf4d3422_original.JPG?w=160&h=160&fit=crop&v=1462993555&auto=format&q=92&s=0573f192e55680bdaf8ed54a22ae3cbd",
      "small": "https://ksr-ugc.imgix.net/assets/011/156/190/1cc7f6486668627dfcf6d7e1bf4d3422_original.JPG?w=160&h=160&fit=crop&v=1462993555&auto=format&q=92&s=0573f192e55680bdaf8ed54a22ae3cbd",
      "thumb": "https://ksr-ugc.imgix.net/assets/011/156/190/1cc7f6486668627dfcf6d7e1bf4d3422_original.JPG?w=40&h=40&fit=crop&v=1462993555&auto=format&q=92&s=1f2cb1a6d1a553570192c7ad4e97a4d7"
    },
    "id": 175604224,
    "name": "wecemat S.A.",
    "slug": "wecemat",
    "urls": {
      "api": {
        "user": "https://api.kickstarter.com/v1/users/175604224?signature=1488678299.6cb04dbec7855c401c3e24acc0d0d645c3f46e71"
      },
      "web": {
        "user": "https://www.kickstarter.com/profile/wecemat"
      }
    }
  },
  "currency": "EUR",
  "currency_symbol": "\u20ac",
  "currency_trailing_code": false,
  "deadline": 1469275628,
  "disable_communication": false,
  "goal": 40000.0,
  "id": 1005999335,
  "launched_at": 1466683628,
  "location": {
    "country": "LU",
    "displayable_name": "Luxemburg, Luxembourg",
    "id": 20075347,
    "is_root": false,
    "name": "Luxemburg",
    "short_name": "Luxemburg, Luxembourg",
    "slug": "luxemburg-lu",
    "state": "Luxemburg",
    "type": "LocalAdmin",
    "urls": {
      "api": {
        "nearby_projects": "https://api.kickstarter.com/v1/discover?signature=1488671051.686d5d9454f18ba1c17059d66e489367b0896cfe&woe_id=20075347"
      },
      "web": {
        "discover": "https://www.kickstarter.com/discover/places/luxemburg-lu",
        "location": "https://www.kickstarter.com/locations/luxemburg-lu"
      }
    }
  },
  "name": "wecemat \u2013 The ecologic automated flush adapter",
  "photo": {
    "1024x576": "https://ksr-ugc.imgix.net/assets/012/369/168/fb0c32edd912dabfd688981cc3c41151_original.JPG?w=1024&h=576&fit=fill&bg=FFFFFD&v=1465504465&auto=format&q=92&s=f6de0dd416097bc7f879a04040d40241",
    "1536x864": "https://ksr-ugc.imgix.net/assets/012/369/168/fb0c32edd912dabfd688981cc3c41151_original.JPG?w=1536&h=864&fit=fill&bg=FFFFFD&v=1465504465&auto=format&q=92&s=459d72d21ce505a9f3b33018f1610da4",
    "ed": "https://ksr-ugc.imgix.net/assets/012/369/168/fb0c32edd912dabfd688981cc3c41151_original.JPG?w=338&h=190&fit=fill&bg=FFFFFD&v=1465504465&auto=format&q=92&s=870b7c92956f5e5d20e0935b5ef25727",
    "full": "https://ksr-ugc.imgix.net/assets/012/369/168/fb0c32edd912dabfd688981cc3c41151_original.JPG?w=560&h=315&fit=fill&bg=FFFFFD&v=1465504465&auto=format&q=92&s=9660223cbd50bace8c37d3dcd0831b6f",
    "key": "assets/012/369/168/fb0c32edd912dabfd688981cc3c41151_original.JPG",
    "little": "https://ksr-ugc.imgix.net/assets/012/369/168/fb0c32edd912dabfd688981cc3c41151_original.JPG?w=200&h=112&fit=fill&bg=FFFFFD&v=1465504465&auto=format&q=92&s=60319a6788c4b90d12577e9386491bfa",
    "med": "https://ksr-ugc.imgix.net/assets/012/369/168/fb0c32edd912dabfd688981cc3c41151_original.JPG?w=266&h=150&fit=fill&bg=FFFFFD&v=1465504465&auto=format&q=92&s=3f71906b7aa4cc721cc8efd8441ea3d1",
    "small": "https://ksr-ugc.imgix.net/assets/012/369/168/fb0c32edd912dabfd688981cc3c41151_original.JPG?w=160&h=90&fit=fill&bg=FFFFFD&v=1465504465&auto=format&q=92&s=568a1bc481a96e5e1fb37d4eef16bcf1",
    "thumb": "https://ksr-ugc.imgix.net/assets/012/369/168/fb0c32edd912dabfd688981cc3c41151_original.JPG?w=40&h=22&fit=fill&bg=FFFFFD&v=1465504465&auto=format&q=92&s=5ff585c1182098fdd227e6846f19eaf9"
  },
  "pledged": 7750.0,
  "profile": {
    "background_color": null,
    "background_image_opacity": 0.8,
    "blurb": null,
    "feature_image_attributes": {
      "image_urls": {
        "baseball_card": "https://ksr-ugc.imgix.net/assets/012/369/168/fb0c32edd912dabfd688981cc3c41151_original.JPG?w=1552&h=873&fit=fill&bg=FFFFFD&v=1465504465&auto=format&q=92&s=81143153d6fcf8820bc2856b0e3c6600",
        "default": "https://ksr-ugc.imgix.net/assets/012/369/168/fb0c32edd912dabfd688981cc3c41151_original.JPG?w=1552&h=873&fit=fill&bg=FFFFFD&v=1465504465&auto=format&q=92&s=81143153d6fcf8820bc2856b0e3c6600"
      }
    },
    "id": 2351211,
    "link_background_color": null,
    "link_text": null,
    "link_text_color": null,
    "link_url": null,
    "name": null,
    "project_id": 2351211,
    "should_show_feature_image_section": true,
    "show_feature_image": false,
    "state": "inactive",
    "state_changed_at": 1454337933,
    "text_color": null
  },
  "slug": "wecemat-the-ecologic-automated-flush-adapter",
  "spotlight": false,
  "staff_pick": false,
  "state": "failed",
  "state_changed_at": 1469275628,
  "static_usd_rate": 1.12576862,
  "urls": {
    "web": {
      "project": "https://www.kickstarter.com/projects/wecemat/wecemat-the-ecologic-automated-flush-adapter?ref=category_most_funded",
      "rewards": "https://www.kickstarter.com/projects/wecemat/wecemat-the-ecologic-automated-flush-adapter/rewards"
    }
  },
  "usd_pledged": "8724.706805"
}