{
  "backers_count": 3,
  "blurb": "We want to help you find friend-recommended restaurants fast and easy!",
  "category": {
    "color": 6526716,
    "id": 332,
    "name": "Apps",
    "parent_id": 16,
    "position": 2,
    "slug": "technology/apps",
    "urls": {
      "web": {
        "discover": "http://www.kickstarter.com/discover/categories/technology/apps"
      }
    }
  },
  "country": "US",
  "created_at": 1428868750,
  "creator": {
    "avatar": {
      "medium": "https://ksr-ugc.imgix.net/assets/009/788/514/c73ec42259038493e12904e6ab79de9f_original.jpg?w=160&h=160&fit=crop&v=1461634786&auto=format&q=92&s=69bd8c008511145e5cb63a41468f5705",
      "small": "https://ksr-ugc.imgix.net/assets/009/788/514/c73ec42259038493e12904e6ab79de9f_original.jpg?w=160&h=160&fit=crop&v=1461634786&auto=format&q=92&s=69bd8c008511145e5cb63a41468f5705",
      "thumb": "https://ksr-ugc.imgix.net/assets/009/788/514/c73ec42259038493e12904e6ab79de9f_original.jpg?w=40&h=40&fit=crop&v=1461634786&auto=format&q=92&s=3ef6cb26f0b4878b444d4a71d94772a5"
    },
    "id": 1889157201,
    "name": "Postmodern Yogurt Factory",
    "urls": {
      "api": {
        "user": "https://api.kickstarter.com/v1/users/1889157201?signature=1488679008.1ed375a565c88ef3266d90e75106425c3a607a7b"
      },
      "web": {
        "user": "https://www.kickstarter.com/profile/1889157201"
      }
    }
  },
  "currency": "USD",
  "currency_symbol": "$",
  "currency_trailing_code": true,
  "deadline": 1430236817,
  "disable_communication": false,
  "goal": 1000.0,
  "id": 1005157364,
  "launched_at": 1429027217,
  "location": {
    "country": "US",
    "displayable_name": "Boston, MA",
    "id": 2367105,
    "is_root": false,
    "name": "Boston",
    "short_name": "Boston, MA",
    "slug": "boston-ma",
    "state": "MA",
    "type": "Town",
    "urls": {
      "api": {
        "nearby_projects": "https://api.kickstarter.com/v1/discover?signature=1488668420.9055e4addaba42362cc2bab4d4e8a8bac27eb16c&woe_id=2367105"
      },
      "web": {
        "discover": "https://www.kickstarter.com/discover/places/boston-ma",
        "location": "https://www.kickstarter.com/locations/boston-ma"
      }
    }
  },
  "name": "Dineamics",
  "photo": {
    "1024x576": "https://ksr-ugc.imgix.net/assets/012/105/220/90e0b0af1e749e5c75e359b4f173a3a1_original.jpg?w=1024&h=576&fit=fill&bg=000000&v=1463737386&auto=format&q=92&s=7ec0ec919f0d182e022921aeed4b90be",
    "1536x864": "https://ksr-ugc.imgix.net/assets/012/105/220/90e0b0af1e749e5c75e359b4f173a3a1_original.jpg?w=1536&h=864&fit=fill&bg=000000&v=1463737386&auto=format&q=92&s=21a9d870c370e7dc39859d96f3f0fd0c",
    "ed": "https://ksr-ugc.imgix.net/assets/012/105/220/90e0b0af1e749e5c75e359b4f173a3a1_original.jpg?w=338&h=190&fit=fill&bg=000000&v=1463737386&auto=format&q=92&s=ec86a18ca6572b3cd759dd49c01f18be",
    "full": "https://ksr-ugc.imgix.net/assets/012/105/220/90e0b0af1e749e5c75e359b4f173a3a1_original.jpg?w=560&h=315&fit=fill&bg=000000&v=1463737386&auto=format&q=92&s=ca19ffb74bb2cff8586b0c1e989eb225",
    "key": "assets/012/105/220/90e0b0af1e749e5c75e359b4f173a3a1_original.jpg",
    "little": "https://ksr-ugc.imgix.net/assets/012/105/220/90e0b0af1e749e5c75e359b4f173a3a1_original.jpg?w=200&h=112&fit=fill&bg=000000&v=1463737386&auto=format&q=92&s=b90c29311d4b5a59897141b83b7b21d0",
    "med": "https://ksr-ugc.imgix.net/assets/012/105/220/90e0b0af1e749e5c75e359b4f173a3a1_original.jpg?w=266&h=150&fit=fill&bg=000000&v=1463737386&auto=format&q=92&s=5dad03a9e913060d20615c7dd50ff008",
    "small": "https://ksr-ugc.imgix.net/assets/012/105/220/90e0b0af1e749e5c75e359b4f173a3a1_original.jpg?w=160&h=90&fit=fill&bg=000000&v=1463737386&auto=format&q=92&s=b0a1bf29fc2aa5de6c6805a6f398ddcf",
    "thumb": "https://ksr-ugc.imgix.net/assets/012/105/220/90e0b0af1e749e5c75e359b4f173a3a1_original.jpg?w=40&h=22&fit=fill&bg=000000&v=1463737386&auto=format&q=92&s=6bbd2352c461d6c94a6255374d88bf03"
  },
  "pledged": 35.0,
  "profile": {
    "background_color": null,
    "background_image_opacity": 0.8,
    "blurb": null,
    "feature_image_attributes": {
      "image_urls": {
        "baseball_card": "https://ksr-ugc.imgix.net/assets/012/105/220/90e0b0af1e749e5c75e359b4f173a3a1_original.jpg?w=1552&h=873&fit=fill&bg=000000&v=1463737386&auto=format&q=92&s=0260e35b0d836e950d996a48b92caf16",
        "default": "https://ksr-ugc.imgix.net/assets/012/105/220/90e0b0af1e749e5c75e359b4f173a3a1_original.jpg?w=1552&h=873&fit=fill&bg=000000&v=1463737386&auto=format&q=92&s=0260e35b0d836e950d996a48b92caf16"
      }
    },
    "id": 1836809,
    "link_background_color": null,
    "link_text": null,
    "link_text_color": null,
    "link_url": null,
    "name": null,
    "project_id": 1836809,
    "should_show_feature_image_section": true,
    "show_feature_image": false,
    "state": "inactive",
    "state_changed_at": 1428868750,
    "text_color": null
  },
  "slug": "dineamics",
  "spotlight": false,
  "staff_pick": false,
  "state": "failed",
  "state_changed_at": 1430236821,
  "static_usd_rate": 1.0,
  "urls": {
    "web": {
      "project": "https://www.kickstarter.com/projects/1889157201/dineamics?ref=category_newest",
      "rewards": "https://www.kickstarter.com/projects/1889157201/dineamics/rewards"
    }
  },
  "usd_pledged": "35.0"
}