{
  "backers_count": 565,
  "blurb": "The iCamera KEEP Pro from iSmartAlarm is the most advanced DIY smart home security camera in the world, and works with Alexa and IFTTT",
  "category": {
    "color": 6526716,
    "id": 337,
    "name": "Gadgets",
    "parent_id": 16,
    "position": 7,
    "slug": "technology/gadgets",
    "urls": {
      "web": {
        "discover": "http://www.kickstarter.com/discover/categories/technology/gadgets"
      }
    }
  },
  "country": "US",
  "created_at": 1470951333,
  "creator": {
    "avatar": {
      "medium": "https://ksr-ugc.imgix.net/assets/010/306/025/3e4d2efae0cde954e3e75a87ee78bb21_original.png?w=160&h=160&fit=crop&v=1461680069&auto=format&q=92&s=68f357db26ca96cb8eef7a60cf6c9329",
      "small": "https://ksr-ugc.imgix.net/assets/010/306/025/3e4d2efae0cde954e3e75a87ee78bb21_original.png?w=160&h=160&fit=crop&v=1461680069&auto=format&q=92&s=68f357db26ca96cb8eef7a60cf6c9329",
      "thumb": "https://ksr-ugc.imgix.net/assets/010/306/025/3e4d2efae0cde954e3e75a87ee78bb21_original.png?w=40&h=40&fit=crop&v=1461680069&auto=format&q=92&s=12ba707954ecaee4a263fae0ede10ed8"
    },
    "id": 1900861684,
    "name": "iSmartAlarm",
    "slug": "ismartalarm",
    "urls": {
      "api": {
        "user": "https://api.kickstarter.com/v1/users/1900861684?signature=1488679514.1c8352cc0f16ad35b0495165de3c782c839076be"
      },
      "web": {
        "user": "https://www.kickstarter.com/profile/ismartalarm"
      }
    }
  },
  "currency": "USD",
  "currency_symbol": "$",
  "currency_trailing_code": true,
  "deadline": 1483152872,
  "disable_communication": false,
  "goal": 25000.0,
  "id": 1005848496,
  "launched_at": 1477965272,
  "location": {
    "country": "US",
    "displayable_name": "Sunnyvale, CA",
    "id": 2502265,
    "is_root": false,
    "name": "Sunnyvale",
    "short_name": "Sunnyvale, CA",
    "slug": "sunnyvale-ca",
    "state": "CA",
    "type": "Town",
    "urls": {
      "api": {
        "nearby_projects": "https://api.kickstarter.com/v1/discover?signature=1488668423.0994f4e118704c2e27e8bd2078872eefeaee43d4&woe_id=2502265"
      },
      "web": {
        "discover": "https://www.kickstarter.com/discover/places/sunnyvale-ca",
        "location": "https://www.kickstarter.com/locations/sunnyvale-ca"
      }
    }
  },
  "name": "The 1st Motion Tracking DIY Smart Home Security Camera",
  "photo": {
    "1024x576": "https://ksr-ugc.imgix.net/assets/013/483/456/8b57fde8a6bc13c56e721b5e1d708c27_original.jpg?w=1024&h=576&fit=fill&bg=000000&v=1477584524&auto=format&q=92&s=f96eae176f8503cf866f16cbd9478cec",
    "1536x864": "https://ksr-ugc.imgix.net/assets/013/483/456/8b57fde8a6bc13c56e721b5e1d708c27_original.jpg?w=1536&h=864&fit=fill&bg=000000&v=1477584524&auto=format&q=92&s=f0030f4a29494b0a645953e789c9a70c",
    "ed": "https://ksr-ugc.imgix.net/assets/013/483/456/8b57fde8a6bc13c56e721b5e1d708c27_original.jpg?w=338&h=190&fit=fill&bg=000000&v=1477584524&auto=format&q=92&s=b8cefa7cfc6207a27b5690897378f0d3",
    "full": "https://ksr-ugc.imgix.net/assets/013/483/456/8b57fde8a6bc13c56e721b5e1d708c27_original.jpg?w=560&h=315&fit=fill&bg=000000&v=1477584524&auto=format&q=92&s=04ebb575e541a42ba6a76178cc3f989e",
    "key": "assets/013/483/456/8b57fde8a6bc13c56e721b5e1d708c27_original.jpg",
    "little": "https://ksr-ugc.imgix.net/assets/013/483/456/8b57fde8a6bc13c56e721b5e1d708c27_original.jpg?w=200&h=112&fit=fill&bg=000000&v=1477584524&auto=format&q=92&s=878491e9242c885a6c7b87f3bf06a0a0",
    "med": "https://ksr-ugc.imgix.net/assets/013/483/456/8b57fde8a6bc13c56e721b5e1d708c27_original.jpg?w=266&h=150&fit=fill&bg=000000&v=1477584524&auto=format&q=92&s=cc9796380412a9702829cbd26eb90f69",
    "small": "https://ksr-ugc.imgix.net/assets/013/483/456/8b57fde8a6bc13c56e721b5e1d708c27_original.jpg?w=160&h=90&fit=fill&bg=000000&v=1477584524&auto=format&q=92&s=a1b3bc7e3bdb7decaf1bde9c1e90f11d",
    "thumb": "https://ksr-ugc.imgix.net/assets/013/483/456/8b57fde8a6bc13c56e721b5e1d708c27_original.jpg?w=40&h=22&fit=fill&bg=000000&v=1477584524&auto=format&q=92&s=2442652d629d94b072d8441353d6081d"
  },
  "pledged": 81510.0,
  "profile": {
    "background_color": null,
    "background_image_opacity": 0.8,
    "blurb": null,
    "feature_image_attributes": {
      "image_urls": {
        "baseball_card": "https://ksr-ugc.imgix.net/assets/013/483/456/8b57fde8a6bc13c56e721b5e1d708c27_original.jpg?w=1552&h=873&fit=fill&bg=000000&v=1477584524&auto=format&q=92&s=d5fa3ef9a4b9518fcf7d096e4fd7f177",
        "default": "https://ksr-ugc.imgix.net/assets/013/483/456/8b57fde8a6bc13c56e721b5e1d708c27_original.jpg?w=1552&h=873&fit=fill&bg=000000&v=1477584524&auto=format&q=92&s=d5fa3ef9a4b9518fcf7d096e4fd7f177"
      }
    },
    "id": 2635763,
    "link_background_color": null,
    "link_text": null,
    "link_text_color": null,
    "link_url": null,
    "name": null,
    "project_id": 2635763,
    "should_show_feature_image_section": true,
    "show_feature_image": false,
    "state": "inactive",
    "state_changed_at": 1470951333,
    "text_color": null
  },
  "slug": "the-1st-motion-tracking-diy-smart-home-security-ca",
  "spotlight": true,
  "staff_pick": false,
  "state": "successful",
  "state_changed_at": 1483152872,
  "static_usd_rate": 1.0,
  "urls": {
    "web": {
      "project": "https://www.kickstarter.com/projects/ismartalarm/the-1st-motion-tracking-diy-smart-home-security-ca?ref=category_newest",
      "rewards": "https://www.kickstarter.com/projects/ismartalarm/the-1st-motion-tracking-diy-smart-home-security-ca/rewards"
    }
  },
  "usd_pledged": "81510.0"
}