{
  "backers_count": 20,
  "blurb": "We build smart, personal light fixtures that bring the sun's energizing rays to work...making us happier, healthier & more productive!",
  "category": {
    "color": 6526716,
    "id": 52,
    "name": "Hardware",
    "parent_id": 16,
    "position": 8,
    "slug": "technology/hardware",
    "urls": {
      "web": {
        "discover": "http://www.kickstarter.com/discover/categories/technology/hardware"
      }
    }
  },
  "country": "US",
  "created_at": 1392129785,
  "creator": {
    "avatar": {
      "medium": "https://ksr-ugc.imgix.net/assets/008/405/867/b457f3bddf1dffbc19c0a32cbd04a220_original.jpg?w=160&h=160&fit=crop&v=1461522155&auto=format&q=92&s=d91acd642293cba3ffb68935dabaa782",
      "small": "https://ksr-ugc.imgix.net/assets/008/405/867/b457f3bddf1dffbc19c0a32cbd04a220_original.jpg?w=160&h=160&fit=crop&v=1461522155&auto=format&q=92&s=d91acd642293cba3ffb68935dabaa782",
      "thumb": "https://ksr-ugc.imgix.net/assets/008/405/867/b457f3bddf1dffbc19c0a32cbd04a220_original.jpg?w=40&h=40&fit=crop&v=1461522155&auto=format&q=92&s=98b4052923535c394ea8f5ffd74ccfd1"
    },
    "id": 329365370,
    "name": "Gary D. Grimard",
    "urls": {
      "api": {
        "user": "https://api.kickstarter.com/v1/users/329365370?signature=1488679912.a386e377774f7b15b9382b11dea014d30cfda153"
      },
      "web": {
        "user": "https://www.kickstarter.com/profile/329365370"
      }
    }
  },
  "currency": "USD",
  "currency_symbol": "$",
  "currency_trailing_code": true,
  "deadline": 1404918334,
  "disable_communication": false,
  "goal": 150000.0,
  "id": 1006933983,
  "launched_at": 1402326334,
  "location": {
    "country": "US",
    "displayable_name": "Boston, MA",
    "id": 2367105,
    "is_root": false,
    "name": "Boston",
    "short_name": "Boston, MA",
    "slug": "boston-ma",
    "state": "MA",
    "type": "Town",
    "urls": {
      "api": {
        "nearby_projects": "https://api.kickstarter.com/v1/discover?signature=1488668420.9055e4addaba42362cc2bab4d4e8a8bac27eb16c&woe_id=2367105"
      },
      "web": {
        "discover": "https://www.kickstarter.com/discover/places/boston-ma",
        "location": "https://www.kickstarter.com/locations/boston-ma"
      }
    }
  },
  "name": "Let the Sun Shine In...Always & Forever with Sun LifeLight!",
  "photo": {
    "1024x576": "https://ksr-ugc.imgix.net/assets/011/650/068/669dd5f6684bdbd299e5768f0e7969d0_original.jpg?w=1024&h=576&fit=fill&bg=000000&v=1463686234&auto=format&q=92&s=f7e2f62cfb948539e9bfcaab01e738d8",
    "1536x864": "https://ksr-ugc.imgix.net/assets/011/650/068/669dd5f6684bdbd299e5768f0e7969d0_original.jpg?w=1536&h=864&fit=fill&bg=000000&v=1463686234&auto=format&q=92&s=654d4aba24d44bf6662704f207438e17",
    "ed": "https://ksr-ugc.imgix.net/assets/011/650/068/669dd5f6684bdbd299e5768f0e7969d0_original.jpg?w=338&h=190&fit=fill&bg=000000&v=1463686234&auto=format&q=92&s=140f02360692bed586d1426021563d22",
    "full": "https://ksr-ugc.imgix.net/assets/011/650/068/669dd5f6684bdbd299e5768f0e7969d0_original.jpg?w=560&h=315&fit=fill&bg=000000&v=1463686234&auto=format&q=92&s=df15af8af4dd03f7766ee85ccb241c9a",
    "key": "assets/011/650/068/669dd5f6684bdbd299e5768f0e7969d0_original.jpg",
    "little": "https://ksr-ugc.imgix.net/assets/011/650/068/669dd5f6684bdbd299e5768f0e7969d0_original.jpg?w=200&h=112&fit=fill&bg=000000&v=1463686234&auto=format&q=92&s=e2f4f1c926969c9386930a641bbeaea6",
    "med": "https://ksr-ugc.imgix.net/assets/011/650/068/669dd5f6684bdbd299e5768f0e7969d0_original.jpg?w=266&h=150&fit=fill&bg=000000&v=1463686234&auto=format&q=92&s=74c6394dd3cdbe08f40f823096a51926",
    "small": "https://ksr-ugc.imgix.net/assets/011/650/068/669dd5f6684bdbd299e5768f0e7969d0_original.jpg?w=160&h=90&fit=fill&bg=000000&v=1463686234&auto=format&q=92&s=42a2966305fc8a60ad452c10d5b6d8d4",
    "thumb": "https://ksr-ugc.imgix.net/assets/011/650/068/669dd5f6684bdbd299e5768f0e7969d0_original.jpg?w=40&h=22&fit=fill&bg=000000&v=1463686234&auto=format&q=92&s=bba19dc6ef28ebc8294b78dda579cdbc"
  },
  "pledged": 7333.0,
  "profile": {
    "background_color": null,
    "background_image_opacity": 0.8,
    "blurb": null,
    "feature_image_attributes": {
      "image_urls": {
        "baseball_card": "https://ksr-ugc.imgix.net/assets/011/650/068/669dd5f6684bdbd299e5768f0e7969d0_original.jpg?w=1552&h=873&fit=fill&bg=000000&v=1463686234&auto=format&q=92&s=c8b88ddef96cdf1e23dbcb9156698a1d",
        "default": "https://ksr-ugc.imgix.net/assets/011/650/068/669dd5f6684bdbd299e5768f0e7969d0_original.jpg?w=1552&h=873&fit=fill&bg=000000&v=1463686234&auto=format&q=92&s=c8b88ddef96cdf1e23dbcb9156698a1d"
      }
    },
    "id": 885762,
    "link_background_color": null,
    "link_text": null,
    "link_text_color": null,
    "link_url": null,
    "name": null,
    "project_id": 885762,
    "should_show_feature_image_section": true,
    "show_feature_image": false,
    "state": "inactive",
    "state_changed_at": 1425915848,
    "text_color": null
  },
  "slug": "let-the-sun-shine-inalways-and-forever",
  "spotlight": false,
  "staff_pick": false,
  "state": "failed",
  "state_changed_at": 1404918334,
  "static_usd_rate": 1.0,
  "urls": {
    "web": {
      "project": "https://www.kickstarter.com/projects/329365370/let-the-sun-shine-inalways-and-forever?ref=category_newest",
      "rewards": "https://www.kickstarter.com/projects/329365370/let-the-sun-shine-inalways-and-forever/rewards"
    }
  },
  "usd_pledged": "7333.0"
}