{
  "backers_count": 1068,
  "blurb": "Truu - True wireless earbuds with wireless charging. No more charging cords or cases, just pure freedom.",
  "category": {
    "color": 6526716,
    "id": 52,
    "name": "Hardware",
    "parent_id": 16,
    "position": 8,
    "slug": "technology/hardware",
    "urls": {
      "web": {
        "discover": "http://www.kickstarter.com/discover/categories/technology/hardware"
      }
    }
  },
  "country": "DE",
  "created_at": 1459520671,
  "creator": {
    "avatar": {
      "medium": "https://ksr-ugc.imgix.net/assets/005/720/679/c19da8f40e2a519f951f29e3bb5c0f36_original.jpg?w=160&h=160&fit=crop&v=1460700358&auto=format&q=92&s=4236d680afce643096f2c8fc868639e0",
      "small": "https://ksr-ugc.imgix.net/assets/005/720/679/c19da8f40e2a519f951f29e3bb5c0f36_original.jpg?w=160&h=160&fit=crop&v=1460700358&auto=format&q=92&s=4236d680afce643096f2c8fc868639e0",
      "thumb": "https://ksr-ugc.imgix.net/assets/005/720/679/c19da8f40e2a519f951f29e3bb5c0f36_original.jpg?w=40&h=40&fit=crop&v=1460700358&auto=format&q=92&s=7203a7bf6916a97f0e01c7ec2d83993e"
    },
    "id": 1012683372,
    "name": "Truu",
    "urls": {
      "api": {
        "user": "https://api.kickstarter.com/v1/users/1012683372?signature=1488679820.61c98dd026735a95b66380f8431c89062983aab3"
      },
      "web": {
        "user": "https://www.kickstarter.com/profile/1012683372"
      }
    }
  },
  "currency": "EUR",
  "currency_symbol": "\u20ac",
  "currency_trailing_code": false,
  "deadline": 1464246026,
  "disable_communication": false,
  "goal": 50000.0,
  "id": 100635918,
  "launched_at": 1461654026,
  "location": {
    "country": "SE",
    "displayable_name": "Stockholm, Sweden",
    "id": 906057,
    "is_root": false,
    "name": "Stockholm",
    "short_name": "Stockholm, Sweden",
    "slug": "stockholm-stockholm-se",
    "state": "Stockholm",
    "type": "Town",
    "urls": {
      "api": {
        "nearby_projects": "https://api.kickstarter.com/v1/discover?signature=1488668420.38e55a24ec2f85c2715efaead0ce4516a2f9631d&woe_id=906057"
      },
      "web": {
        "discover": "https://www.kickstarter.com/discover/places/stockholm-stockholm-se",
        "location": "https://www.kickstarter.com/locations/stockholm-stockholm-se"
      }
    }
  },
  "name": "World's first wirelessly charged earbuds",
  "photo": {
    "1024x576": "https://ksr-ugc.imgix.net/assets/012/419/797/3d9bf23de27a42250fbb987ada67983b_original.png?w=1024&h=576&fit=fill&bg=FAFAFA&v=1463760345&auto=format&q=92&s=3ddc7929cab36b7beb7996d32d53c9b1",
    "1536x864": "https://ksr-ugc.imgix.net/assets/012/419/797/3d9bf23de27a42250fbb987ada67983b_original.png?w=1536&h=864&fit=fill&bg=FAFAFA&v=1463760345&auto=format&q=92&s=449395ddf7e5dcfa1e363cc12c678b57",
    "ed": "https://ksr-ugc.imgix.net/assets/012/419/797/3d9bf23de27a42250fbb987ada67983b_original.png?w=338&h=190&fit=fill&bg=FAFAFA&v=1463760345&auto=format&q=92&s=182805a279ecfd38d77a21c498a389a7",
    "full": "https://ksr-ugc.imgix.net/assets/012/419/797/3d9bf23de27a42250fbb987ada67983b_original.png?w=560&h=315&fit=fill&bg=FAFAFA&v=1463760345&auto=format&q=92&s=aa8c52247e371c66daca1e5995708f38",
    "key": "assets/012/419/797/3d9bf23de27a42250fbb987ada67983b_original.png",
    "little": "https://ksr-ugc.imgix.net/assets/012/419/797/3d9bf23de27a42250fbb987ada67983b_original.png?w=200&h=112&fit=fill&bg=FAFAFA&v=1463760345&auto=format&q=92&s=2dc4bcc3a007edf9d90231b8e7fb7162",
    "med": "https://ksr-ugc.imgix.net/assets/012/419/797/3d9bf23de27a42250fbb987ada67983b_original.png?w=266&h=150&fit=fill&bg=FAFAFA&v=1463760345&auto=format&q=92&s=e74ee0d0fff1a72ec5db00cebf405515",
    "small": "https://ksr-ugc.imgix.net/assets/012/419/797/3d9bf23de27a42250fbb987ada67983b_original.png?w=160&h=90&fit=fill&bg=FAFAFA&v=1463760345&auto=format&q=92&s=3afc313f8a4350d6a417c2b206079118",
    "thumb": "https://ksr-ugc.imgix.net/assets/012/419/797/3d9bf23de27a42250fbb987ada67983b_original.png?w=40&h=22&fit=fill&bg=FAFAFA&v=1463760345&auto=format&q=92&s=7176c173bca990cbce0aab278ae46fde"
  },
  "pledged": 172228.0,
  "profile": {
    "background_color": "",
    "background_image_opacity": 0.8,
    "blurb": "Truu - True wireless earbuds with wireless charging. No more charging cords or cases, just pure freedom.",
    "feature_image_attributes": {
      "image_urls": {
        "baseball_card": "https://ksr-ugc.imgix.net/assets/012/419/797/3d9bf23de27a42250fbb987ada67983b_original.png?w=1552&h=873&fit=fill&bg=FAFAFA&v=1463760345&auto=format&q=92&s=aa9c2cb2121f6fdf8b02948e1a7fed24",
        "default": "https://ksr-ugc.imgix.net/assets/012/419/797/3d9bf23de27a42250fbb987ada67983b_original.png?w=1552&h=873&fit=fill&bg=FAFAFA&v=1463760345&auto=format&q=92&s=aa9c2cb2121f6fdf8b02948e1a7fed24"
      }
    },
    "id": 2450752,
    "link_background_color": "",
    "link_text": "",
    "link_text_color": "",
    "link_url": "",
    "name": "World's first wirelessly charged earbuds",
    "project_id": 2450752,
    "should_show_feature_image_section": true,
    "show_feature_image": false,
    "state": "active",
    "state_changed_at": 1465459076,
    "text_color": ""
  },
  "slug": "truu-join-the-wireless-revolution",
  "spotlight": true,
  "staff_pick": false,
  "state": "successful",
  "state_changed_at": 1464246026,
  "static_usd_rate": 1.12422204,
  "urls": {
    "web": {
      "project": "https://www.kickstarter.com/projects/1012683372/truu-join-the-wireless-revolution?ref=category_newest",
      "rewards": "https://www.kickstarter.com/projects/1012683372/truu-join-the-wireless-revolution/rewards"
    }
  },
  "usd_pledged": "193622.51350512"
}