{
  "backers_count": 0,
  "blurb": "Insteeter.com comes with a new, modern social experience. Share. Chat. Love.",
  "category": {
    "color": 6526716,
    "id": 342,
    "name": "Web",
    "parent_id": 16,
    "position": 15,
    "slug": "technology/web",
    "urls": {
      "web": {
        "discover": "http://www.kickstarter.com/discover/categories/technology/web"
      }
    }
  },
  "country": "IT",
  "created_at": 1452450856,
  "creator": {
    "avatar": {
      "medium": "https://ksr-ugc.imgix.net/missing_user_avatar.png?w=160&h=160&fit=crop&v=&auto=format&q=92&s=c40e6ddb23a144ee8beca514ec2d6e58",
      "small": "https://ksr-ugc.imgix.net/missing_user_avatar.png?w=160&h=160&fit=crop&v=&auto=format&q=92&s=c40e6ddb23a144ee8beca514ec2d6e58",
      "thumb": "https://ksr-ugc.imgix.net/missing_user_avatar.png?w=40&h=40&fit=crop&v=&auto=format&q=92&s=8c0db61c92692000c2678b375fc31714"
    },
    "id": 1473594350,
    "name": "Shahbaz Ahmad (deleted)",
    "urls": {
      "api": {
        "user": "https://api.kickstarter.com/v1/users/1473594350?signature=1488680898.218c21778a779f24c13c41cd4e638d0ccae3a184"
      },
      "web": {
        "user": "https://www.kickstarter.com/profile/1473594350"
      }
    }
  },
  "currency": "EUR",
  "currency_symbol": "\u20ac",
  "currency_trailing_code": false,
  "deadline": 1455217933,
  "disable_communication": false,
  "goal": 8000.0,
  "id": 1006692649,
  "launched_at": 1452625933,
  "location": {
    "country": "IT",
    "displayable_name": "Guastalla, Italy",
    "id": 716505,
    "is_root": false,
    "name": "Guastalla",
    "short_name": "Guastalla, Italy",
    "slug": "guastalla-guastalla-it",
    "state": "Emilia Romagna",
    "type": "Town",
    "urls": {
      "api": {
        "nearby_projects": "https://api.kickstarter.com/v1/discover?signature=1488670226.1be64ccf7cdc2f90248bc74460ae6680eb308d67&woe_id=716505"
      },
      "web": {
        "discover": "https://www.kickstarter.com/discover/places/guastalla-guastalla-it",
        "location": "https://www.kickstarter.com/locations/guastalla-guastalla-it"
      }
    }
  },
  "name": "Insteeter.com",
  "photo": {
    "1024x576": "https://ksr-ugc.imgix.net/assets/012/350/687/894dc67cf881b52bc99ff6cb7f16e3a0_original.png?w=1024&h=576&fit=fill&bg=000000&v=1463756211&auto=format&q=92&s=dbbd0635c60ed1078996ef0a51484ad1",
    "1536x864": "https://ksr-ugc.imgix.net/assets/012/350/687/894dc67cf881b52bc99ff6cb7f16e3a0_original.png?w=1536&h=864&fit=fill&bg=000000&v=1463756211&auto=format&q=92&s=c1d1aaa42395348c424726d4a9799f5c",
    "ed": "https://ksr-ugc.imgix.net/assets/012/350/687/894dc67cf881b52bc99ff6cb7f16e3a0_original.png?w=338&h=190&fit=fill&bg=000000&v=1463756211&auto=format&q=92&s=9931763c78a0a6e70ea4f8c46bb00661",
    "full": "https://ksr-ugc.imgix.net/assets/012/350/687/894dc67cf881b52bc99ff6cb7f16e3a0_original.png?w=560&h=315&fit=fill&bg=000000&v=1463756211&auto=format&q=92&s=100a3a6e54565ac60a5d3f7030145808",
    "key": "assets/012/350/687/894dc67cf881b52bc99ff6cb7f16e3a0_original.png",
    "little": "https://ksr-ugc.imgix.net/assets/012/350/687/894dc67cf881b52bc99ff6cb7f16e3a0_original.png?w=200&h=112&fit=fill&bg=000000&v=1463756211&auto=format&q=92&s=ff275408b6eb48ca8afd4bf1128d3da3",
    "med": "https://ksr-ugc.imgix.net/assets/012/350/687/894dc67cf881b52bc99ff6cb7f16e3a0_original.png?w=266&h=150&fit=fill&bg=000000&v=1463756211&auto=format&q=92&s=2e19f5e18a4ca05dde5e5a67d44d452e",
    "small": "https://ksr-ugc.imgix.net/assets/012/350/687/894dc67cf881b52bc99ff6cb7f16e3a0_original.png?w=160&h=90&fit=fill&bg=000000&v=1463756211&auto=format&q=92&s=49db9b97ef372c53278d37585c8a8791",
    "thumb": "https://ksr-ugc.imgix.net/assets/012/350/687/894dc67cf881b52bc99ff6cb7f16e3a0_original.png?w=40&h=22&fit=fill&bg=000000&v=1463756211&auto=format&q=92&s=e85db41ca51676a076b983053d5305a5"
  },
  "pledged": 0.0,
  "profile": {
    "background_color": null,
    "background_image_opacity": 0.8,
    "blurb": null,
    "feature_image_attributes": {
      "image_urls": {
        "baseball_card": "https://ksr-ugc.imgix.net/assets/012/350/687/894dc67cf881b52bc99ff6cb7f16e3a0_original.png?w=1552&h=873&fit=fill&bg=000000&v=1463756211&auto=format&q=92&s=c6ba5cb65651d11f56b502fbaa599512",
        "default": "https://ksr-ugc.imgix.net/assets/012/350/687/894dc67cf881b52bc99ff6cb7f16e3a0_original.png?w=1552&h=873&fit=fill&bg=000000&v=1463756211&auto=format&q=92&s=c6ba5cb65651d11f56b502fbaa599512"
      }
    },
    "id": 2314825,
    "link_background_color": null,
    "link_text": null,
    "link_text_color": null,
    "link_url": null,
    "name": null,
    "project_id": 2314825,
    "should_show_feature_image_section": true,
    "show_feature_image": false,
    "state": "inactive",
    "state_changed_at": 1452450856,
    "text_color": null
  },
  "slug": "insteetercom",
  "spotlight": false,
  "staff_pick": false,
  "state": "failed",
  "state_changed_at": 1455217933,
  "static_usd_rate": 1.09160057,
  "urls": {
    "web": {
      "project": "https://www.kickstarter.com/projects/1473594350/insteetercom?ref=category_newest",
      "rewards": "https://www.kickstarter.com/projects/1473594350/insteetercom/rewards"
    }
  },
  "usd_pledged": "0.0"
}