{
  "backers_count": 85,
  "blurb": "A mobile toolkit powered by next-generation technology that delivers ALL of YOUR election info into the palm of your hand",
  "category": {
    "color": 6526716,
    "id": 332,
    "name": "Apps",
    "parent_id": 16,
    "position": 2,
    "slug": "technology/apps",
    "urls": {
      "web": {
        "discover": "http://www.kickstarter.com/discover/categories/technology/apps"
      }
    }
  },
  "country": "US",
  "created_at": 1395683295,
  "creator": {
    "avatar": {
      "medium": "https://ksr-ugc.imgix.net/assets/007/386/940/869996f7433d1e64dfbbe6cabdfc4e2a_original.png?w=160&h=160&fit=crop&v=1461454253&auto=format&q=92&s=2636dc0e14b65d6a36a662022e630ab4",
      "small": "https://ksr-ugc.imgix.net/assets/007/386/940/869996f7433d1e64dfbbe6cabdfc4e2a_original.png?w=160&h=160&fit=crop&v=1461454253&auto=format&q=92&s=2636dc0e14b65d6a36a662022e630ab4",
      "thumb": "https://ksr-ugc.imgix.net/assets/007/386/940/869996f7433d1e64dfbbe6cabdfc4e2a_original.png?w=40&h=40&fit=crop&v=1461454253&auto=format&q=92&s=a8a7b32fc750be4f16ecc171c5e03460"
    },
    "id": 1496464868,
    "name": "Think Voting Inc.",
    "urls": {
      "api": {
        "user": "https://api.kickstarter.com/v1/users/1496464868?signature=1488678848.54fe7eff532d029b984c2f84f471ff927c910f55"
      },
      "web": {
        "user": "https://www.kickstarter.com/profile/1496464868"
      }
    }
  },
  "currency": "USD",
  "currency_symbol": "$",
  "currency_trailing_code": true,
  "deadline": 1402503106,
  "disable_communication": false,
  "goal": 50000.0,
  "id": 1006641104,
  "launched_at": 1399911106,
  "location": {
    "country": "US",
    "displayable_name": "Austin, TX",
    "id": 2357536,
    "is_root": false,
    "name": "Austin",
    "short_name": "Austin, TX",
    "slug": "austin-tx",
    "state": "TX",
    "type": "Town",
    "urls": {
      "api": {
        "nearby_projects": "https://api.kickstarter.com/v1/discover?signature=1488668420.3700aff62e251c47579f5271b8866f6765c989f3&woe_id=2357536"
      },
      "web": {
        "discover": "https://www.kickstarter.com/discover/places/austin-tx",
        "location": "https://www.kickstarter.com/locations/austin-tx"
      }
    }
  },
  "name": "The Voting App - It's in YOUR hands!",
  "photo": {
    "1024x576": "https://ksr-ugc.imgix.net/assets/011/672/560/d3e82860aec9ae84d9711fe7cd767d99_original.jpg?w=1024&h=576&fit=fill&bg=000000&v=1463686596&auto=format&q=92&s=fb79e7668516d75fc0ad9213e0c7c64d",
    "1536x864": "https://ksr-ugc.imgix.net/assets/011/672/560/d3e82860aec9ae84d9711fe7cd767d99_original.jpg?w=1536&h=864&fit=fill&bg=000000&v=1463686596&auto=format&q=92&s=27b20346ea49c718ec4a77c2f017a4d1",
    "ed": "https://ksr-ugc.imgix.net/assets/011/672/560/d3e82860aec9ae84d9711fe7cd767d99_original.jpg?w=338&h=190&fit=fill&bg=000000&v=1463686596&auto=format&q=92&s=cc8a2b344a2b671fa7d094bbb75316f8",
    "full": "https://ksr-ugc.imgix.net/assets/011/672/560/d3e82860aec9ae84d9711fe7cd767d99_original.jpg?w=560&h=315&fit=fill&bg=000000&v=1463686596&auto=format&q=92&s=6ebe3d25ba452f4edbb16ba28737da48",
    "key": "assets/011/672/560/d3e82860aec9ae84d9711fe7cd767d99_original.jpg",
    "little": "https://ksr-ugc.imgix.net/assets/011/672/560/d3e82860aec9ae84d9711fe7cd767d99_original.jpg?w=200&h=112&fit=fill&bg=000000&v=1463686596&auto=format&q=92&s=9d4fd4a7ecda100c31003362e2bfc44e",
    "med": "https://ksr-ugc.imgix.net/assets/011/672/560/d3e82860aec9ae84d9711fe7cd767d99_original.jpg?w=266&h=150&fit=fill&bg=000000&v=1463686596&auto=format&q=92&s=82c3b4b19acaad1c99f7736bd628cd06",
    "small": "https://ksr-ugc.imgix.net/assets/011/672/560/d3e82860aec9ae84d9711fe7cd767d99_original.jpg?w=160&h=90&fit=fill&bg=000000&v=1463686596&auto=format&q=92&s=6420906d1ce7ed9fd22d25c3e6af9097",
    "thumb": "https://ksr-ugc.imgix.net/assets/011/672/560/d3e82860aec9ae84d9711fe7cd767d99_original.jpg?w=40&h=22&fit=fill&bg=000000&v=1463686596&auto=format&q=92&s=0397a77401f94c2ebed296c40e0b482b"
  },
  "pledged": 7697.0,
  "profile": {
    "background_color": null,
    "background_image_opacity": 0.8,
    "blurb": null,
    "feature_image_attributes": {
      "image_urls": {
        "baseball_card": "https://ksr-ugc.imgix.net/assets/011/672/560/d3e82860aec9ae84d9711fe7cd767d99_original.jpg?w=1552&h=873&fit=fill&bg=000000&v=1463686596&auto=format&q=92&s=070aec4a88776fcf94f9f875abe73f71",
        "default": "https://ksr-ugc.imgix.net/assets/011/672/560/d3e82860aec9ae84d9711fe7cd767d99_original.jpg?w=1552&h=873&fit=fill&bg=000000&v=1463686596&auto=format&q=92&s=070aec4a88776fcf94f9f875abe73f71"
      }
    },
    "id": 943556,
    "link_background_color": null,
    "link_text": null,
    "link_text_color": null,
    "link_url": null,
    "name": null,
    "project_id": 943556,
    "should_show_feature_image_section": true,
    "show_feature_image": false,
    "state": "inactive",
    "state_changed_at": 1425915852,
    "text_color": null
  },
  "slug": "the-voting-app-its-in-your-hands",
  "spotlight": false,
  "staff_pick": false,
  "state": "failed",
  "state_changed_at": 1402503106,
  "static_usd_rate": 1.0,
  "urls": {
    "web": {
      "project": "https://www.kickstarter.com/projects/1496464868/the-voting-app-its-in-your-hands?ref=category_newest",
      "rewards": "https://www.kickstarter.com/projects/1496464868/the-voting-app-its-in-your-hands/rewards"
    }
  },
  "usd_pledged": "7697.0"
}