{
  "backers_count": 42,
  "blurb": "Alligator Bites invites people to open wide to possibility via 20 on-line workshops, each a do-able 20 minutes long, all for $20. Try the sample!",
  "category": {
    "color": 6526716,
    "id": 51,
    "name": "Software",
    "parent_id": 16,
    "position": 11,
    "slug": "technology/software",
    "urls": {
      "web": {
        "discover": "http://www.kickstarter.com/discover/categories/technology/software"
      }
    }
  },
  "country": "US",
  "created_at": 1264914390,
  "creator": {
    "avatar": {
      "medium": "https://ksr-ugc.imgix.net/assets/005/771/601/d5fa5e9b0ed37f0272e2da3414c89b7c_original.jpeg?w=160&h=160&fit=crop&v=1461084489&auto=format&q=92&s=bd14ce0ee437eaa21a8946026a1501fe",
      "small": "https://ksr-ugc.imgix.net/assets/005/771/601/d5fa5e9b0ed37f0272e2da3414c89b7c_original.jpeg?w=160&h=160&fit=crop&v=1461084489&auto=format&q=92&s=bd14ce0ee437eaa21a8946026a1501fe",
      "thumb": "https://ksr-ugc.imgix.net/assets/005/771/601/d5fa5e9b0ed37f0272e2da3414c89b7c_original.jpeg?w=40&h=40&fit=crop&v=1461084489&auto=format&q=92&s=6af3464084a93effc00806e4b83d2985"
    },
    "id": 1324123615,
    "name": "Rhonda Morton",
    "urls": {
      "api": {
        "user": "https://api.kickstarter.com/v1/users/1324123615?signature=1488680193.915d1f7fed902bdecaa5fffa2821841afcabca87"
      },
      "web": {
        "user": "https://www.kickstarter.com/profile/1324123615"
      }
    }
  },
  "currency": "USD",
  "currency_symbol": "$",
  "currency_trailing_code": true,
  "deadline": 1273291140,
  "disable_communication": false,
  "goal": 7000.0,
  "id": 1006106331,
  "launched_at": 1265564462,
  "location": {
    "country": "US",
    "displayable_name": "Corning, NY",
    "id": 2385177,
    "is_root": false,
    "name": "Corning",
    "short_name": "Corning, NY",
    "slug": "corning-ny",
    "state": "NY",
    "type": "Town",
    "urls": {
      "api": {
        "nearby_projects": "https://api.kickstarter.com/v1/discover?signature=1488668481.e92472549c36f0d6808d793892bbd2ed52b6931e&woe_id=2385177"
      },
      "web": {
        "discover": "https://www.kickstarter.com/discover/places/corning-ny",
        "location": "https://www.kickstarter.com/locations/corning-ny"
      }
    }
  },
  "name": "Launch Alligator Bites and Open Wide to Possibility!",
  "photo": {
    "1024x576": "https://ksr-ugc.imgix.net/assets/011/259/564/3fc7484270c8189cafb1c122d298d62b_original.jpg?w=1024&h=576&fit=fill&bg=000000&v=1463673781&auto=format&q=92&s=84bc24f15e89a609341a554fbeaed211",
    "1536x864": "https://ksr-ugc.imgix.net/assets/011/259/564/3fc7484270c8189cafb1c122d298d62b_original.jpg?w=1536&h=864&fit=fill&bg=000000&v=1463673781&auto=format&q=92&s=a3cf312312cba777ca602164fd2d1e25",
    "ed": "https://ksr-ugc.imgix.net/assets/011/259/564/3fc7484270c8189cafb1c122d298d62b_original.jpg?w=338&h=190&fit=fill&bg=000000&v=1463673781&auto=format&q=92&s=44aaaecf980f5df701b46a0735141de0",
    "full": "https://ksr-ugc.imgix.net/assets/011/259/564/3fc7484270c8189cafb1c122d298d62b_original.jpg?w=560&h=315&fit=fill&bg=000000&v=1463673781&auto=format&q=92&s=72604320d10d7fb12baad4cf3d2805aa",
    "key": "assets/011/259/564/3fc7484270c8189cafb1c122d298d62b_original.jpg",
    "little": "https://ksr-ugc.imgix.net/assets/011/259/564/3fc7484270c8189cafb1c122d298d62b_original.jpg?w=200&h=112&fit=fill&bg=000000&v=1463673781&auto=format&q=92&s=bdd6d7d83f80a3b33df07e332660b9db",
    "med": "https://ksr-ugc.imgix.net/assets/011/259/564/3fc7484270c8189cafb1c122d298d62b_original.jpg?w=266&h=150&fit=fill&bg=000000&v=1463673781&auto=format&q=92&s=3c5fe2d41f7a112ec772412cdbd8c876",
    "small": "https://ksr-ugc.imgix.net/assets/011/259/564/3fc7484270c8189cafb1c122d298d62b_original.jpg?w=160&h=90&fit=fill&bg=000000&v=1463673781&auto=format&q=92&s=0730d4ddaba2d8b581dc4407205612bc",
    "thumb": "https://ksr-ugc.imgix.net/assets/011/259/564/3fc7484270c8189cafb1c122d298d62b_original.jpg?w=40&h=22&fit=fill&bg=000000&v=1463673781&auto=format&q=92&s=2db6630e50c27cb9f27d6c88f3eb35c6"
  },
  "pledged": 2002.0,
  "profile": {
    "background_color": null,
    "background_image_opacity": 0.8,
    "blurb": null,
    "feature_image_attributes": {
      "image_urls": {
        "baseball_card": "https://ksr-ugc.imgix.net/assets/011/259/564/3fc7484270c8189cafb1c122d298d62b_original.jpg?w=1552&h=873&fit=fill&bg=000000&v=1463673781&auto=format&q=92&s=80778b06cd7439b4116b5aee00fd6a04",
        "default": "https://ksr-ugc.imgix.net/assets/011/259/564/3fc7484270c8189cafb1c122d298d62b_original.jpg?w=1552&h=873&fit=fill&bg=000000&v=1463673781&auto=format&q=92&s=80778b06cd7439b4116b5aee00fd6a04"
      }
    },
    "id": 2953,
    "link_background_color": null,
    "link_text": null,
    "link_text_color": null,
    "link_url": null,
    "name": null,
    "project_id": 2953,
    "should_show_feature_image_section": true,
    "show_feature_image": false,
    "state": "inactive",
    "state_changed_at": 1425915800,
    "text_color": null
  },
  "slug": "launch-alligator-bites-and-open-wide-to-possibilit",
  "spotlight": false,
  "staff_pick": false,
  "state": "failed",
  "state_changed_at": 1273291212,
  "static_usd_rate": 1.0,
  "urls": {
    "web": {
      "project": "https://www.kickstarter.com/projects/1324123615/launch-alligator-bites-and-open-wide-to-possibilit?ref=category_newest",
      "rewards": "https://www.kickstarter.com/projects/1324123615/launch-alligator-bites-and-open-wide-to-possibilit/rewards"
    }
  },
  "usd_pledged": "2002.0"
}