{
  "backers_count": 57,
  "blurb": "A simple device that uses a calming pattern of light to help users fall asleep by training their breathing",
  "category": {
    "color": 6526716,
    "id": 334,
    "name": "DIY Electronics",
    "parent_id": 16,
    "position": 4,
    "slug": "technology/diy electronics",
    "urls": {
      "web": {
        "discover": "http://www.kickstarter.com/discover/categories/technology/diy%20electronics"
      }
    }
  },
  "country": "US",
  "created_at": 1412212049,
  "creator": {
    "avatar": {
      "medium": "https://ksr-ugc.imgix.net/assets/006/887/447/5d5c270c30a8e3c75f6a547912caf033_original.JPG?w=160&h=160&fit=crop&v=1461418364&auto=format&q=92&s=5e0cf2c47767b9b6a293a719e1d08253",
      "small": "https://ksr-ugc.imgix.net/assets/006/887/447/5d5c270c30a8e3c75f6a547912caf033_original.JPG?w=160&h=160&fit=crop&v=1461418364&auto=format&q=92&s=5e0cf2c47767b9b6a293a719e1d08253",
      "thumb": "https://ksr-ugc.imgix.net/assets/006/887/447/5d5c270c30a8e3c75f6a547912caf033_original.JPG?w=40&h=40&fit=crop&v=1461418364&auto=format&q=92&s=f9341eae9bfdb5dd672b78504a7d541d"
    },
    "id": 1999114877,
    "name": "Jeremy Wilson",
    "urls": {
      "api": {
        "user": "https://api.kickstarter.com/v1/users/1999114877?signature=1488679338.8e84313a873bbbba233da42e0163569b0f6ec209"
      },
      "web": {
        "user": "https://www.kickstarter.com/profile/1999114877"
      }
    }
  },
  "currency": "USD",
  "currency_symbol": "$",
  "currency_trailing_code": true,
  "deadline": 1418709540,
  "disable_communication": false,
  "goal": 25000.0,
  "id": 1006230786,
  "launched_at": 1414439107,
  "location": {
    "country": "US",
    "displayable_name": "Houston, TX",
    "id": 2424766,
    "is_root": false,
    "name": "Houston",
    "short_name": "Houston, TX",
    "slug": "houston-tx",
    "state": "TX",
    "type": "Town",
    "urls": {
      "api": {
        "nearby_projects": "https://api.kickstarter.com/v1/discover?signature=1488668419.4dfb7f009439d92f0b2cb1a51d2dfa92bcf9f56b&woe_id=2424766"
      },
      "web": {
        "discover": "https://www.kickstarter.com/discover/places/houston-tx",
        "location": "https://www.kickstarter.com/locations/houston-tx"
      }
    }
  },
  "name": "The Sleep Sensei - Fall Asleep Faster Without Medication",
  "photo": {
    "1024x576": "https://ksr-ugc.imgix.net/assets/011/891/484/87668e20ac774af5bf30ed19a521b019_original.png?w=1024&h=576&fit=fill&bg=000000&v=1463711381&auto=format&q=92&s=661d7eaf1216cbbc76719da182099fc2",
    "1536x864": "https://ksr-ugc.imgix.net/assets/011/891/484/87668e20ac774af5bf30ed19a521b019_original.png?w=1536&h=864&fit=fill&bg=000000&v=1463711381&auto=format&q=92&s=3de30001ec61541a85206e68e6bda01e",
    "ed": "https://ksr-ugc.imgix.net/assets/011/891/484/87668e20ac774af5bf30ed19a521b019_original.png?w=338&h=190&fit=fill&bg=000000&v=1463711381&auto=format&q=92&s=7246985324c78fe603382d7654775106",
    "full": "https://ksr-ugc.imgix.net/assets/011/891/484/87668e20ac774af5bf30ed19a521b019_original.png?w=560&h=315&fit=fill&bg=000000&v=1463711381&auto=format&q=92&s=68049fe1f467c92844c3eb1c6e2bc2be",
    "key": "assets/011/891/484/87668e20ac774af5bf30ed19a521b019_original.png",
    "little": "https://ksr-ugc.imgix.net/assets/011/891/484/87668e20ac774af5bf30ed19a521b019_original.png?w=200&h=112&fit=fill&bg=000000&v=1463711381&auto=format&q=92&s=3d1d33d314239ecf59c61f9fc0a918ec",
    "med": "https://ksr-ugc.imgix.net/assets/011/891/484/87668e20ac774af5bf30ed19a521b019_original.png?w=266&h=150&fit=fill&bg=000000&v=1463711381&auto=format&q=92&s=90e70c848a6b3cb0b4144f83c144d6c1",
    "small": "https://ksr-ugc.imgix.net/assets/011/891/484/87668e20ac774af5bf30ed19a521b019_original.png?w=160&h=90&fit=fill&bg=000000&v=1463711381&auto=format&q=92&s=4d8a7910085d83e23a95bd2e4d0c577a",
    "thumb": "https://ksr-ugc.imgix.net/assets/011/891/484/87668e20ac774af5bf30ed19a521b019_original.png?w=40&h=22&fit=fill&bg=000000&v=1463711381&auto=format&q=92&s=7b7591b518aec918e5f8addb8084ba50"
  },
  "pledged": 2666.0,
  "profile": {
    "background_color": null,
    "background_image_opacity": 0.8,
    "blurb": null,
    "feature_image_attributes": {
      "image_urls": {
        "baseball_card": "https://ksr-ugc.imgix.net/assets/011/891/484/87668e20ac774af5bf30ed19a521b019_original.png?w=1552&h=873&fit=fill&bg=000000&v=1463711381&auto=format&q=92&s=f930f6c4578578d0c307235dbaf88bf0",
        "default": "https://ksr-ugc.imgix.net/assets/011/891/484/87668e20ac774af5bf30ed19a521b019_original.png?w=1552&h=873&fit=fill&bg=000000&v=1463711381&auto=format&q=92&s=f930f6c4578578d0c307235dbaf88bf0"
      }
    },
    "id": 1405240,
    "link_background_color": null,
    "link_text": null,
    "link_text_color": null,
    "link_url": null,
    "name": null,
    "project_id": 1405240,
    "should_show_feature_image_section": true,
    "show_feature_image": false,
    "state": "inactive",
    "state_changed_at": 1425915877,
    "text_color": null
  },
  "slug": "the-sleep-sensei-fall-asleep-faster-without-medica",
  "spotlight": false,
  "staff_pick": false,
  "state": "failed",
  "state_changed_at": 1418709541,
  "static_usd_rate": 1.0,
  "urls": {
    "web": {
      "project": "https://www.kickstarter.com/projects/1999114877/the-sleep-sensei-fall-asleep-faster-without-medica?ref=category_newest",
      "rewards": "https://www.kickstarter.com/projects/1999114877/the-sleep-sensei-fall-asleep-faster-without-medica/rewards"
    }
  },
  "usd_pledged": "2666.0"
}