{
  "backers_count": 0,
  "blurb": "Solechasers Presents: The First Sneaker Convention Powered in your hands. The Sole-Shoe Network",
  "category": {
    "color": 6526716,
    "id": 332,
    "name": "Apps",
    "parent_id": 16,
    "position": 2,
    "slug": "technology/apps",
    "urls": {
      "web": {
        "discover": "http://www.kickstarter.com/discover/categories/technology/apps"
      }
    }
  },
  "country": "US",
  "created_at": 1437708556,
  "creator": {
    "avatar": {
      "medium": "https://ksr-ugc.imgix.net/assets/007/906/336/bd7709b6e39715caaa05f1bf7fca2feb_original.jpg?w=160&h=160&fit=crop&v=1461490270&auto=format&q=92&s=5f0ead04e91824275eac1cb4ed11cca3",
      "small": "https://ksr-ugc.imgix.net/assets/007/906/336/bd7709b6e39715caaa05f1bf7fca2feb_original.jpg?w=160&h=160&fit=crop&v=1461490270&auto=format&q=92&s=5f0ead04e91824275eac1cb4ed11cca3",
      "thumb": "https://ksr-ugc.imgix.net/assets/007/906/336/bd7709b6e39715caaa05f1bf7fca2feb_original.jpg?w=40&h=40&fit=crop&v=1461490270&auto=format&q=92&s=e7b3645271cdc4b74dc9b70ab953877f"
    },
    "id": 770933696,
    "name": "Solechasers LLC",
    "slug": "solechasers",
    "urls": {
      "api": {
        "user": "https://api.kickstarter.com/v1/users/770933696?signature=1488679073.e4b48b5cb3c01f87bd658b9232e0dfcb92a9ab09"
      },
      "web": {
        "user": "https://www.kickstarter.com/profile/solechasers"
      }
    }
  },
  "currency": "USD",
  "currency_symbol": "$",
  "currency_trailing_code": true,
  "deadline": 1441485606,
  "disable_communication": false,
  "goal": 55000.0,
  "id": 1006190763,
  "launched_at": 1438893606,
  "location": {
    "country": "US",
    "displayable_name": "Lake Mary, FL",
    "id": 2435021,
    "is_root": false,
    "name": "Lake Mary",
    "short_name": "Lake Mary, FL",
    "slug": "lake-mary-fl",
    "state": "FL",
    "type": "Town",
    "urls": {
      "api": {
        "nearby_projects": "https://api.kickstarter.com/v1/discover?signature=1488668468.d828ce67fd80833197616c9c2559766cc2f900d8&woe_id=2435021"
      },
      "web": {
        "discover": "https://www.kickstarter.com/discover/places/lake-mary-fl",
        "location": "https://www.kickstarter.com/locations/lake-mary-fl"
      }
    }
  },
  "name": "Solecon Buy.Sell.Trade",
  "photo": {
    "1024x576": "https://ksr-ugc.imgix.net/assets/012/205/878/e84799cb60d8a024b3ef55540895faee_original.jpg?w=1024&h=576&fit=fill&bg=000000&v=1463742005&auto=format&q=92&s=f588f9081e810933610b78e7c2b066a0",
    "1536x864": "https://ksr-ugc.imgix.net/assets/012/205/878/e84799cb60d8a024b3ef55540895faee_original.jpg?w=1536&h=864&fit=fill&bg=000000&v=1463742005&auto=format&q=92&s=904dba3b9014c44946b4b6138af54e06",
    "ed": "https://ksr-ugc.imgix.net/assets/012/205/878/e84799cb60d8a024b3ef55540895faee_original.jpg?w=338&h=190&fit=fill&bg=000000&v=1463742005&auto=format&q=92&s=f84ef97c75ea70814efb7f319aedce59",
    "full": "https://ksr-ugc.imgix.net/assets/012/205/878/e84799cb60d8a024b3ef55540895faee_original.jpg?w=560&h=315&fit=fill&bg=000000&v=1463742005&auto=format&q=92&s=b615314daadd3cbba039a8817ce5d8b0",
    "key": "assets/012/205/878/e84799cb60d8a024b3ef55540895faee_original.jpg",
    "little": "https://ksr-ugc.imgix.net/assets/012/205/878/e84799cb60d8a024b3ef55540895faee_original.jpg?w=200&h=112&fit=fill&bg=000000&v=1463742005&auto=format&q=92&s=60f98fb4257e09c293a44098a811b718",
    "med": "https://ksr-ugc.imgix.net/assets/012/205/878/e84799cb60d8a024b3ef55540895faee_original.jpg?w=266&h=150&fit=fill&bg=000000&v=1463742005&auto=format&q=92&s=68718ed5c7ab94e4f400ff21b575b343",
    "small": "https://ksr-ugc.imgix.net/assets/012/205/878/e84799cb60d8a024b3ef55540895faee_original.jpg?w=160&h=90&fit=fill&bg=000000&v=1463742005&auto=format&q=92&s=bf3a0476aefa8b5c41254561542e6fa6",
    "thumb": "https://ksr-ugc.imgix.net/assets/012/205/878/e84799cb60d8a024b3ef55540895faee_original.jpg?w=40&h=22&fit=fill&bg=000000&v=1463742005&auto=format&q=92&s=ec7fa9da81c06d30225384ec3c9de172"
  },
  "pledged": 0.0,
  "profile": {
    "background_color": null,
    "background_image_opacity": 0.8,
    "blurb": null,
    "feature_image_attributes": {
      "image_urls": {
        "baseball_card": "https://ksr-ugc.imgix.net/assets/012/205/878/e84799cb60d8a024b3ef55540895faee_original.jpg?w=1552&h=873&fit=fill&bg=000000&v=1463742005&auto=format&q=92&s=8b2623cdeff1febfb82a61ff4560a6e3",
        "default": "https://ksr-ugc.imgix.net/assets/012/205/878/e84799cb60d8a024b3ef55540895faee_original.jpg?w=1552&h=873&fit=fill&bg=000000&v=1463742005&auto=format&q=92&s=8b2623cdeff1febfb82a61ff4560a6e3"
      }
    },
    "id": 2031084,
    "link_background_color": null,
    "link_text": null,
    "link_text_color": null,
    "link_url": null,
    "name": null,
    "project_id": 2031084,
    "should_show_feature_image_section": true,
    "show_feature_image": false,
    "state": "inactive",
    "state_changed_at": 1437708556,
    "text_color": null
  },
  "slug": "solecon-buyselltrade",
  "spotlight": false,
  "staff_pick": false,
  "state": "failed",
  "state_changed_at": 1441485606,
  "static_usd_rate": 1.0,
  "urls": {
    "web": {
      "project": "https://www.kickstarter.com/projects/solechasers/solecon-buyselltrade?ref=category_newest",
      "rewards": "https://www.kickstarter.com/projects/solechasers/solecon-buyselltrade/rewards"
    }
  },
  "usd_pledged": "0.0"
}