{
  "backers_count": 47,
  "blurb": "An innovative iPhone app making the process of donating to charities easier and more convenient through your iTunes account.",
  "category": {
    "color": 6526716,
    "id": 332,
    "name": "Apps",
    "parent_id": 16,
    "position": 2,
    "slug": "technology/apps",
    "urls": {
      "web": {
        "discover": "http://www.kickstarter.com/discover/categories/technology/apps"
      }
    }
  },
  "country": "US",
  "created_at": 1404770014,
  "creator": {
    "avatar": {
      "medium": "https://ksr-ugc.imgix.net/assets/008/961/288/9d431e2d1f8a7fb191a41e87f1cf0c6c_original.jpg?w=160&h=160&fit=crop&v=1461551758&auto=format&q=92&s=1f40cb3b3b49e5c27cf0bac702f2d490",
      "small": "https://ksr-ugc.imgix.net/assets/008/961/288/9d431e2d1f8a7fb191a41e87f1cf0c6c_original.jpg?w=160&h=160&fit=crop&v=1461551758&auto=format&q=92&s=1f40cb3b3b49e5c27cf0bac702f2d490",
      "thumb": "https://ksr-ugc.imgix.net/assets/008/961/288/9d431e2d1f8a7fb191a41e87f1cf0c6c_original.jpg?w=40&h=40&fit=crop&v=1461551758&auto=format&q=92&s=aeb0dd6dee0bddf6a93ebf32adab49b0"
    },
    "id": 524792882,
    "name": "Beau Russell",
    "urls": {
      "api": {
        "user": "https://api.kickstarter.com/v1/users/524792882?signature=1488678816.58098c7dffccb857c33c18e920b5a3c1189f7c14"
      },
      "web": {
        "user": "https://www.kickstarter.com/profile/524792882"
      }
    }
  },
  "currency": "USD",
  "currency_symbol": "$",
  "currency_trailing_code": true,
  "deadline": 1406313851,
  "disable_communication": false,
  "goal": 4500.0,
  "id": 1007993089,
  "launched_at": 1405709574,
  "location": {
    "country": "US",
    "displayable_name": "Hollywood, Los Angeles, CA",
    "id": 2423474,
    "is_root": false,
    "name": "Hollywood",
    "short_name": "Hollywood, CA",
    "slug": "hollywood-los-angeles-ca",
    "state": "CA",
    "type": "Suburb",
    "urls": {
      "api": {
        "nearby_projects": "https://api.kickstarter.com/v1/discover?signature=1488668419.c213fa536fb167dadacc1e682b6654d2476e8b19&woe_id=2423474"
      },
      "web": {
        "discover": "https://www.kickstarter.com/discover/places/hollywood-los-angeles-ca",
        "location": "https://www.kickstarter.com/locations/hollywood-los-angeles-ca"
      }
    }
  },
  "name": "Remedy Resolutions",
  "photo": {
    "1024x576": "https://ksr-ugc.imgix.net/assets/011/744/336/f32d68393efc3fa04f9914eb58f3f896_original.jpg?w=1024&h=576&fit=fill&bg=FFFFFF&v=1463688956&auto=format&q=92&s=949c791060d6da349867f8d7287d8306",
    "1536x864": "https://ksr-ugc.imgix.net/assets/011/744/336/f32d68393efc3fa04f9914eb58f3f896_original.jpg?w=1536&h=864&fit=fill&bg=FFFFFF&v=1463688956&auto=format&q=92&s=3c3389cb96e57c41753f1af26f3085b1",
    "ed": "https://ksr-ugc.imgix.net/assets/011/744/336/f32d68393efc3fa04f9914eb58f3f896_original.jpg?w=338&h=190&fit=fill&bg=FFFFFF&v=1463688956&auto=format&q=92&s=cfb76863c17e33854fb2e14addc65792",
    "full": "https://ksr-ugc.imgix.net/assets/011/744/336/f32d68393efc3fa04f9914eb58f3f896_original.jpg?w=560&h=315&fit=fill&bg=FFFFFF&v=1463688956&auto=format&q=92&s=889828fcb968cf8047aa7ab6e75c3eeb",
    "key": "assets/011/744/336/f32d68393efc3fa04f9914eb58f3f896_original.jpg",
    "little": "https://ksr-ugc.imgix.net/assets/011/744/336/f32d68393efc3fa04f9914eb58f3f896_original.jpg?w=200&h=112&fit=fill&bg=FFFFFF&v=1463688956&auto=format&q=92&s=27995167dbe7ce9547f2f46657780bbd",
    "med": "https://ksr-ugc.imgix.net/assets/011/744/336/f32d68393efc3fa04f9914eb58f3f896_original.jpg?w=266&h=150&fit=fill&bg=FFFFFF&v=1463688956&auto=format&q=92&s=4f706512dd3c602901328904f2e0876a",
    "small": "https://ksr-ugc.imgix.net/assets/011/744/336/f32d68393efc3fa04f9914eb58f3f896_original.jpg?w=160&h=90&fit=fill&bg=FFFFFF&v=1463688956&auto=format&q=92&s=2974ce2c81a0ca54cc0f8e52d2b1df85",
    "thumb": "https://ksr-ugc.imgix.net/assets/011/744/336/f32d68393efc3fa04f9914eb58f3f896_original.jpg?w=40&h=22&fit=fill&bg=FFFFFF&v=1463688956&auto=format&q=92&s=3854a660121ccab8f28c5f67ed52d1fd"
  },
  "pledged": 4566.0,
  "profile": {
    "background_color": null,
    "background_image_opacity": 0.8,
    "blurb": null,
    "feature_image_attributes": {
      "image_urls": {
        "baseball_card": "https://ksr-ugc.imgix.net/assets/011/744/336/f32d68393efc3fa04f9914eb58f3f896_original.jpg?w=1552&h=873&fit=fill&bg=FFFFFF&v=1463688956&auto=format&q=92&s=edf787276d710cbbaa553f40b11e413b",
        "default": "https://ksr-ugc.imgix.net/assets/011/744/336/f32d68393efc3fa04f9914eb58f3f896_original.jpg?w=1552&h=873&fit=fill&bg=FFFFFF&v=1463688956&auto=format&q=92&s=edf787276d710cbbaa553f40b11e413b"
      }
    },
    "id": 1108032,
    "link_background_color": null,
    "link_text": null,
    "link_text_color": null,
    "link_url": null,
    "name": null,
    "project_id": 1108032,
    "should_show_feature_image_section": true,
    "show_feature_image": false,
    "state": "inactive",
    "state_changed_at": 1425915861,
    "text_color": null
  },
  "slug": "remedy-resolutions",
  "spotlight": true,
  "staff_pick": false,
  "state": "successful",
  "state_changed_at": 1406313911,
  "static_usd_rate": 1.0,
  "urls": {
    "web": {
      "project": "https://www.kickstarter.com/projects/524792882/remedy-resolutions?ref=category_newest",
      "rewards": "https://www.kickstarter.com/projects/524792882/remedy-resolutions/rewards"
    }
  },
  "usd_pledged": "4566.0"
}