{
  "backers_count": 58,
  "blurb": "a member-based digital fabrication workshop in austin, texas. your pledge helps make a down payment on a laser cutter and cnc router.",
  "category": {
    "color": 6526716,
    "id": 52,
    "name": "Hardware",
    "parent_id": 16,
    "position": 8,
    "slug": "technology/hardware",
    "urls": {
      "web": {
        "discover": "http://www.kickstarter.com/discover/categories/technology/hardware"
      }
    }
  },
  "country": "US",
  "created_at": 1288929665,
  "creator": {
    "avatar": {
      "medium": "https://ksr-ugc.imgix.net/assets/005/854/101/b21db38fe27d9a70c3cae52e7418eddb_original.jpeg?w=160&h=160&fit=crop&v=1461089243&auto=format&q=92&s=df3f6825cb5a66ec6500121fbea24a58",
      "small": "https://ksr-ugc.imgix.net/assets/005/854/101/b21db38fe27d9a70c3cae52e7418eddb_original.jpeg?w=160&h=160&fit=crop&v=1461089243&auto=format&q=92&s=df3f6825cb5a66ec6500121fbea24a58",
      "thumb": "https://ksr-ugc.imgix.net/assets/005/854/101/b21db38fe27d9a70c3cae52e7418eddb_original.jpeg?w=40&h=40&fit=crop&v=1461089243&auto=format&q=92&s=d8a4284e381a0fe4dde50e4e5a1ed12f"
    },
    "id": 1276765289,
    "name": "MAKEatx",
    "urls": {
      "api": {
        "user": "https://api.kickstarter.com/v1/users/1276765289?signature=1488679713.9ef97671d5ac533b0417baeeff726deed5b1b63c"
      },
      "web": {
        "user": "https://www.kickstarter.com/profile/1276765289"
      }
    }
  },
  "currency": "USD",
  "currency_symbol": "$",
  "currency_trailing_code": true,
  "deadline": 1299390137,
  "disable_communication": false,
  "goal": 5000.0,
  "id": 1007566985,
  "launched_at": 1294206137,
  "location": {
    "country": "US",
    "displayable_name": "Austin, TX",
    "id": 2357536,
    "is_root": false,
    "name": "Austin",
    "short_name": "Austin, TX",
    "slug": "austin-tx",
    "state": "TX",
    "type": "Town",
    "urls": {
      "api": {
        "nearby_projects": "https://api.kickstarter.com/v1/discover?signature=1488668420.3700aff62e251c47579f5271b8866f6765c989f3&woe_id=2357536"
      },
      "web": {
        "discover": "https://www.kickstarter.com/discover/places/austin-tx",
        "location": "https://www.kickstarter.com/locations/austin-tx"
      }
    }
  },
  "name": "MAKEatx : a digital fabrication workshop",
  "photo": {
    "1024x576": "https://ksr-ugc.imgix.net/assets/011/269/700/63e97cf5782a4d85ede7dfaba66d8949_original.jpg?w=1024&h=576&fit=fill&bg=FFFFFF&v=1463673858&auto=format&q=92&s=317b47fe4b3610475d228415d3fb8d0f",
    "1536x864": "https://ksr-ugc.imgix.net/assets/011/269/700/63e97cf5782a4d85ede7dfaba66d8949_original.jpg?w=1536&h=864&fit=fill&bg=FFFFFF&v=1463673858&auto=format&q=92&s=3e8a0a820d9c8d9252c9a9c393a1b71a",
    "ed": "https://ksr-ugc.imgix.net/assets/011/269/700/63e97cf5782a4d85ede7dfaba66d8949_original.jpg?w=338&h=190&fit=fill&bg=FFFFFF&v=1463673858&auto=format&q=92&s=7d9d2ee0eb8b968a335d8da381860f8d",
    "full": "https://ksr-ugc.imgix.net/assets/011/269/700/63e97cf5782a4d85ede7dfaba66d8949_original.jpg?w=560&h=315&fit=fill&bg=FFFFFF&v=1463673858&auto=format&q=92&s=2f37ec23bd64dc78210095cbc8e42982",
    "key": "assets/011/269/700/63e97cf5782a4d85ede7dfaba66d8949_original.jpg",
    "little": "https://ksr-ugc.imgix.net/assets/011/269/700/63e97cf5782a4d85ede7dfaba66d8949_original.jpg?w=200&h=112&fit=fill&bg=FFFFFF&v=1463673858&auto=format&q=92&s=58af662fad5e31527413ad93cb18a487",
    "med": "https://ksr-ugc.imgix.net/assets/011/269/700/63e97cf5782a4d85ede7dfaba66d8949_original.jpg?w=266&h=150&fit=fill&bg=FFFFFF&v=1463673858&auto=format&q=92&s=89b60f8b0c2851b0cf88dd7dcee7d06d",
    "small": "https://ksr-ugc.imgix.net/assets/011/269/700/63e97cf5782a4d85ede7dfaba66d8949_original.jpg?w=160&h=90&fit=fill&bg=FFFFFF&v=1463673858&auto=format&q=92&s=4329cb0fc2d9bc15396b215fef52cac0",
    "thumb": "https://ksr-ugc.imgix.net/assets/011/269/700/63e97cf5782a4d85ede7dfaba66d8949_original.jpg?w=40&h=22&fit=fill&bg=FFFFFF&v=1463673858&auto=format&q=92&s=271d6a32f0ebd5a682ae41ed5d05797d"
  },
  "pledged": 5843.0,
  "profile": {
    "background_color": null,
    "background_image_opacity": 0.8,
    "blurb": null,
    "feature_image_attributes": {
      "image_urls": {
        "baseball_card": "https://ksr-ugc.imgix.net/assets/011/269/700/63e97cf5782a4d85ede7dfaba66d8949_original.jpg?w=1552&h=873&fit=fill&bg=FFFFFF&v=1463673858&auto=format&q=92&s=f3c7617f0b84f7f46b6955981621fea4",
        "default": "https://ksr-ugc.imgix.net/assets/011/269/700/63e97cf5782a4d85ede7dfaba66d8949_original.jpg?w=1552&h=873&fit=fill&bg=FFFFFF&v=1463673858&auto=format&q=92&s=f3c7617f0b84f7f46b6955981621fea4"
      }
    },
    "id": 15360,
    "link_background_color": null,
    "link_text": null,
    "link_text_color": null,
    "link_url": null,
    "name": null,
    "project_id": 15360,
    "should_show_feature_image_section": true,
    "show_feature_image": false,
    "state": "inactive",
    "state_changed_at": 1425915801,
    "text_color": null
  },
  "slug": "makeatx-a-digital-fabrication-workshop",
  "spotlight": true,
  "staff_pick": false,
  "state": "successful",
  "state_changed_at": 1299390140,
  "static_usd_rate": 1.0,
  "urls": {
    "web": {
      "project": "https://www.kickstarter.com/projects/1276765289/makeatx-a-digital-fabrication-workshop?ref=category_newest",
      "rewards": "https://www.kickstarter.com/projects/1276765289/makeatx-a-digital-fabrication-workshop/rewards"
    }
  },
  "usd_pledged": "5843.0"
}