{
  "backers_count": 310,
  "blurb": "A toy & app for anyone to learn to code: electronic building blocks + drag-and-drop code blocks. Lego meets the Internet of Things!",
  "category": {
    "color": 6526716,
    "id": 52,
    "name": "Hardware",
    "parent_id": 16,
    "position": 8,
    "slug": "technology/hardware",
    "urls": {
      "web": {
        "discover": "http://www.kickstarter.com/discover/categories/technology/hardware"
      }
    }
  },
  "country": "US",
  "created_at": 1426704139,
  "creator": {
    "avatar": {
      "medium": "https://ksr-ugc.imgix.net/assets/007/487/382/9ea199b5aed86dde93d5a14056d77253_original.png?w=160&h=160&fit=crop&v=1461460330&auto=format&q=92&s=bfeb51815b94dc68779fef931dbfc722",
      "small": "https://ksr-ugc.imgix.net/assets/007/487/382/9ea199b5aed86dde93d5a14056d77253_original.png?w=160&h=160&fit=crop&v=1461460330&auto=format&q=92&s=bfeb51815b94dc68779fef931dbfc722",
      "thumb": "https://ksr-ugc.imgix.net/assets/007/487/382/9ea199b5aed86dde93d5a14056d77253_original.png?w=40&h=40&fit=crop&v=1461460330&auto=format&q=92&s=32e93aae278afa38047a5db9f5814d09"
    },
    "id": 17599975,
    "name": "LightUp",
    "slug": "lightup",
    "urls": {
      "api": {
        "user": "https://api.kickstarter.com/v1/users/17599975?signature=1488680047.8c5c469f6a9050323dde11ed4c58067c279e3684"
      },
      "web": {
        "user": "https://www.kickstarter.com/profile/lightup"
      }
    }
  },
  "currency": "USD",
  "currency_symbol": "$",
  "currency_trailing_code": true,
  "deadline": 1434032775,
  "disable_communication": false,
  "goal": 96485.0,
  "id": 1007978597,
  "launched_at": 1431440775,
  "location": {
    "country": "US",
    "displayable_name": "Palo Alto, CA",
    "id": 2467861,
    "is_root": false,
    "name": "Palo Alto",
    "short_name": "Palo Alto, CA",
    "slug": "palo-alto-ca",
    "state": "CA",
    "type": "Town",
    "urls": {
      "api": {
        "nearby_projects": "https://api.kickstarter.com/v1/discover?signature=1488668418.3fde4f4d64f9e7cb80c7105a5098840fc10e1afc&woe_id=2467861"
      },
      "web": {
        "discover": "https://www.kickstarter.com/discover/places/palo-alto-ca",
        "location": "https://www.kickstarter.com/locations/palo-alto-ca"
      }
    }
  },
  "name": "Faraday Kit: Learn by Making (Canceled)",
  "photo": {
    "1024x576": "https://ksr-ugc.imgix.net/assets/012/073/329/1da48ad94c14bf9d9c15a85597febf32_original.png?w=1024&h=576&fit=fill&bg=000000&v=1463729663&auto=format&q=92&s=c44b16805708c76379a4cf920ab196f7",
    "1536x864": "https://ksr-ugc.imgix.net/assets/012/073/329/1da48ad94c14bf9d9c15a85597febf32_original.png?w=1536&h=864&fit=fill&bg=000000&v=1463729663&auto=format&q=92&s=f58b31d6898202d3b5fb5fc0f9f8e9df",
    "ed": "https://ksr-ugc.imgix.net/assets/012/073/329/1da48ad94c14bf9d9c15a85597febf32_original.png?w=338&h=190&fit=fill&bg=000000&v=1463729663&auto=format&q=92&s=158b8a330a29a3bf37e2af0ffe03280a",
    "full": "https://ksr-ugc.imgix.net/assets/012/073/329/1da48ad94c14bf9d9c15a85597febf32_original.png?w=560&h=315&fit=fill&bg=000000&v=1463729663&auto=format&q=92&s=caaf7e5b5a65924cdaf67da28f8b33a2",
    "key": "assets/012/073/329/1da48ad94c14bf9d9c15a85597febf32_original.png",
    "little": "https://ksr-ugc.imgix.net/assets/012/073/329/1da48ad94c14bf9d9c15a85597febf32_original.png?w=200&h=112&fit=fill&bg=000000&v=1463729663&auto=format&q=92&s=3dc3ba0e52f747733c6df4a4b3395662",
    "med": "https://ksr-ugc.imgix.net/assets/012/073/329/1da48ad94c14bf9d9c15a85597febf32_original.png?w=266&h=150&fit=fill&bg=000000&v=1463729663&auto=format&q=92&s=39d2e2b75d0a093513907f33d20fc423",
    "small": "https://ksr-ugc.imgix.net/assets/012/073/329/1da48ad94c14bf9d9c15a85597febf32_original.png?w=160&h=90&fit=fill&bg=000000&v=1463729663&auto=format&q=92&s=e4e03d9fb3b449175364ab80381c7605",
    "thumb": "https://ksr-ugc.imgix.net/assets/012/073/329/1da48ad94c14bf9d9c15a85597febf32_original.png?w=40&h=22&fit=fill&bg=000000&v=1463729663&auto=format&q=92&s=6e92743006099fe676d28dc17ac5feb5"
  },
  "pledged": 85017.0,
  "profile": {
    "background_color": null,
    "background_image_opacity": 0.8,
    "blurb": null,
    "feature_image_attributes": {
      "image_urls": {
        "baseball_card": "https://ksr-ugc.imgix.net/assets/012/073/329/1da48ad94c14bf9d9c15a85597febf32_original.png?w=1552&h=873&fit=fill&bg=000000&v=1463729663&auto=format&q=92&s=eb6b48db86248fea5794eb6dc043ba13",
        "default": "https://ksr-ugc.imgix.net/assets/012/073/329/1da48ad94c14bf9d9c15a85597febf32_original.png?w=1552&h=873&fit=fill&bg=000000&v=1463729663&auto=format&q=92&s=eb6b48db86248fea5794eb6dc043ba13"
      }
    },
    "id": 1777680,
    "link_background_color": null,
    "link_text": null,
    "link_text_color": null,
    "link_url": null,
    "name": null,
    "project_id": 1777680,
    "should_show_feature_image_section": true,
    "show_feature_image": false,
    "state": "inactive",
    "state_changed_at": 1426704139,
    "text_color": null
  },
  "slug": "faraday",
  "spotlight": false,
  "staff_pick": true,
  "state": "canceled",
  "state_changed_at": 1433824950,
  "static_usd_rate": 1.0,
  "urls": {
    "web": {
      "project": "https://www.kickstarter.com/projects/lightup/faraday?ref=category_newest",
      "rewards": "https://www.kickstarter.com/projects/lightup/faraday/rewards"
    }
  },
  "usd_pledged": "85017.0"
}