{
  "backers_count": 2,
  "blurb": "Is your gate or garage door open or closed?  This will transmit up to one mile away: encrypted and wireless.  A Green LED means closed!",
  "category": {
    "color": 6526716,
    "id": 337,
    "name": "Gadgets",
    "parent_id": 16,
    "position": 7,
    "slug": "technology/gadgets",
    "urls": {
      "web": {
        "discover": "http://www.kickstarter.com/discover/categories/technology/gadgets"
      }
    }
  },
  "country": "US",
  "created_at": 1479051091,
  "creator": {
    "avatar": {
      "medium": "https://ksr-ugc.imgix.net/assets/007/228/019/30a05185de7de9f9d2534bd86b6eeb5c_original.JPG?w=160&h=160&fit=crop&v=1480866112&auto=format&q=92&s=f3d6d08c2401d0fcd83b3eac956cb8d5",
      "small": "https://ksr-ugc.imgix.net/assets/007/228/019/30a05185de7de9f9d2534bd86b6eeb5c_original.JPG?w=160&h=160&fit=crop&v=1480866112&auto=format&q=92&s=f3d6d08c2401d0fcd83b3eac956cb8d5",
      "thumb": "https://ksr-ugc.imgix.net/assets/007/228/019/30a05185de7de9f9d2534bd86b6eeb5c_original.JPG?w=40&h=40&fit=crop&v=1480866112&auto=format&q=92&s=d6c8211a1a1ffb29ab6106da3f5d4831"
    },
    "id": 277080784,
    "name": "Mike Robb",
    "urls": {
      "api": {
        "user": "https://api.kickstarter.com/v1/users/277080784?signature=1488679448.4c9dcff2019e66abd18ca636e456118e69ac3a14"
      },
      "web": {
        "user": "https://www.kickstarter.com/profile/277080784"
      }
    }
  },
  "currency": "USD",
  "currency_symbol": "$",
  "currency_trailing_code": true,
  "deadline": 1488676946,
  "disable_communication": false,
  "goal": 75000.0,
  "id": 100776900,
  "launched_at": 1483492946,
  "location": {
    "country": "US",
    "displayable_name": "Dallas, TX",
    "id": 2388929,
    "is_root": false,
    "name": "Dallas",
    "short_name": "Dallas, TX",
    "slug": "dallas-tx",
    "state": "TX",
    "type": "Town",
    "urls": {
      "api": {
        "nearby_projects": "https://api.kickstarter.com/v1/discover?signature=1488668421.7d7ac9b754573193ed78d00285944ee55384a271&woe_id=2388929"
      },
      "web": {
        "discover": "https://www.kickstarter.com/discover/places/dallas-tx",
        "location": "https://www.kickstarter.com/locations/dallas-tx"
      }
    }
  },
  "name": "Gate Safety - Remote Wireless Visibility: Open or Closed?",
  "photo": {
    "1024x576": "https://ksr-ugc.imgix.net/assets/014/495/930/a26ff5c38da42cef5314be9083cc7db6_original.png?w=1024&h=576&fit=fill&bg=000000&v=1480864636&auto=format&q=92&s=c4836993626459b7d394be35970d1471",
    "1536x864": "https://ksr-ugc.imgix.net/assets/014/495/930/a26ff5c38da42cef5314be9083cc7db6_original.png?w=1536&h=864&fit=fill&bg=000000&v=1480864636&auto=format&q=92&s=4701b91cfa5e5d1d728da8776f0aabcf",
    "ed": "https://ksr-ugc.imgix.net/assets/014/495/930/a26ff5c38da42cef5314be9083cc7db6_original.png?w=338&h=190&fit=fill&bg=000000&v=1480864636&auto=format&q=92&s=ce87e908d72d505aa2d60ad087b5a2e8",
    "full": "https://ksr-ugc.imgix.net/assets/014/495/930/a26ff5c38da42cef5314be9083cc7db6_original.png?w=560&h=315&fit=fill&bg=000000&v=1480864636&auto=format&q=92&s=bd333172fea36788faab3dc936e29241",
    "key": "assets/014/495/930/a26ff5c38da42cef5314be9083cc7db6_original.png",
    "little": "https://ksr-ugc.imgix.net/assets/014/495/930/a26ff5c38da42cef5314be9083cc7db6_original.png?w=200&h=112&fit=fill&bg=000000&v=1480864636&auto=format&q=92&s=85ef913551aae77517d5c00aec3026e8",
    "med": "https://ksr-ugc.imgix.net/assets/014/495/930/a26ff5c38da42cef5314be9083cc7db6_original.png?w=266&h=150&fit=fill&bg=000000&v=1480864636&auto=format&q=92&s=3f157ef4d9aecd0d5d0ced09d57d6575",
    "small": "https://ksr-ugc.imgix.net/assets/014/495/930/a26ff5c38da42cef5314be9083cc7db6_original.png?w=160&h=90&fit=fill&bg=000000&v=1480864636&auto=format&q=92&s=4652d41974bcdc18742115ab681b7fba",
    "thumb": "https://ksr-ugc.imgix.net/assets/014/495/930/a26ff5c38da42cef5314be9083cc7db6_original.png?w=40&h=22&fit=fill&bg=000000&v=1480864636&auto=format&q=92&s=8917638dbe25c83880cd7f43ee1d0d2b"
  },
  "pledged": 250.0,
  "profile": {
    "background_color": null,
    "background_image_opacity": 0.8,
    "blurb": null,
    "feature_image_attributes": {
      "image_urls": {
        "baseball_card": "https://ksr-ugc.imgix.net/assets/014/495/930/a26ff5c38da42cef5314be9083cc7db6_original.png?w=1552&h=873&fit=fill&bg=000000&v=1480864636&auto=format&q=92&s=27d2ca0534ce669a5a79c6473f6227d4",
        "default": "https://ksr-ugc.imgix.net/assets/014/495/930/a26ff5c38da42cef5314be9083cc7db6_original.png?w=1552&h=873&fit=fill&bg=000000&v=1480864636&auto=format&q=92&s=27d2ca0534ce669a5a79c6473f6227d4"
      }
    },
    "id": 2757605,
    "link_background_color": null,
    "link_text": null,
    "link_text_color": null,
    "link_url": null,
    "name": null,
    "project_id": 2757605,
    "should_show_feature_image_section": true,
    "show_feature_image": false,
    "state": "inactive",
    "state_changed_at": 1479051091,
    "text_color": null
  },
  "slug": "gate-safety-remote-wireless-visibility-open-or-clo",
  "spotlight": false,
  "staff_pick": false,
  "state": "live",
  "state_changed_at": 1483492947,
  "static_usd_rate": 1.0,
  "urls": {
    "web": {
      "project": "https://www.kickstarter.com/projects/277080784/gate-safety-remote-wireless-visibility-open-or-clo?ref=category_newest",
      "rewards": "https://www.kickstarter.com/projects/277080784/gate-safety-remote-wireless-visibility-open-or-clo/rewards"
    }
  },
  "usd_pledged": "250.0"
}