{
  "backers_count": 40,
  "blurb": "Navigation intuitive et s\u00e9curitaire pour motos et voitures / Safe and intuitive navigation for motorbikes and cars",
  "category": {
    "color": 6526716,
    "id": 337,
    "name": "Gadgets",
    "parent_id": 16,
    "position": 7,
    "slug": "technology/gadgets",
    "urls": {
      "web": {
        "discover": "http://www.kickstarter.com/discover/categories/technology/gadgets"
      }
    }
  },
  "country": "FR",
  "created_at": 1449331563,
  "creator": {
    "avatar": {
      "medium": "https://ksr-ugc.imgix.net/assets/010/625/446/b8e8a458f13e6954525ebc69f35107b4_original.png?w=160&h=160&fit=crop&v=1461702392&auto=format&q=92&s=2bbf874ad50303e25747157b1d53a586",
      "small": "https://ksr-ugc.imgix.net/assets/010/625/446/b8e8a458f13e6954525ebc69f35107b4_original.png?w=160&h=160&fit=crop&v=1461702392&auto=format&q=92&s=2bbf874ad50303e25747157b1d53a586",
      "thumb": "https://ksr-ugc.imgix.net/assets/010/625/446/b8e8a458f13e6954525ebc69f35107b4_original.png?w=40&h=40&fit=crop&v=1461702392&auto=format&q=92&s=448af37ad74991eda388155388f120f2"
    },
    "id": 91540273,
    "name": "Benjamin Santalucia / G\u00e9rard Pedro",
    "urls": {
      "api": {
        "user": "https://api.kickstarter.com/v1/users/91540273?signature=1488679612.3b18b04d1b8e0e901ed9fb9e791f1f6f32c354c2"
      },
      "web": {
        "user": "https://www.kickstarter.com/profile/91540273"
      }
    }
  },
  "currency": "EUR",
  "currency_symbol": "\u20ac",
  "currency_trailing_code": false,
  "deadline": 1457508438,
  "disable_communication": false,
  "goal": 25000.0,
  "id": 1007343920,
  "launched_at": 1454916438,
  "location": {
    "country": "FR",
    "displayable_name": "Cagnes-sur-Mer, France",
    "id": 582630,
    "is_root": false,
    "name": "Cagnes-sur-Mer",
    "short_name": "Cagnes-sur-Mer, France",
    "slug": "cagnes-sur-mer-cagnes-sur-mer-fr",
    "state": "Provence-Alpes-Cote d'Azur",
    "type": "Town",
    "urls": {
      "api": {
        "nearby_projects": "https://api.kickstarter.com/v1/discover?signature=1488669127.57d2dc27ba7dfcb0ca5ff5ca0d2df950dd3b0e89&woe_id=582630"
      },
      "web": {
        "discover": "https://www.kickstarter.com/discover/places/cagnes-sur-mer-cagnes-sur-mer-fr",
        "location": "https://www.kickstarter.com/locations/cagnes-sur-mer-cagnes-sur-mer-fr"
      }
    }
  },
  "name": "RRED: navigation r\u00e9volutionnaire / revolutionary navigation",
  "photo": {
    "1024x576": "https://ksr-ugc.imgix.net/assets/012/325/072/eea506c196efe647f0eaeae9c3efaf21_original.png?w=1024&h=576&fit=fill&bg=000000&v=1463755699&auto=format&q=92&s=b6077b81da9578dab65efe9119c075fa",
    "1536x864": "https://ksr-ugc.imgix.net/assets/012/325/072/eea506c196efe647f0eaeae9c3efaf21_original.png?w=1536&h=864&fit=fill&bg=000000&v=1463755699&auto=format&q=92&s=6ce00482596141d74b6d4ad49738f1cd",
    "ed": "https://ksr-ugc.imgix.net/assets/012/325/072/eea506c196efe647f0eaeae9c3efaf21_original.png?w=338&h=190&fit=fill&bg=000000&v=1463755699&auto=format&q=92&s=666c8fad5704ea99dd4ba33c09c02821",
    "full": "https://ksr-ugc.imgix.net/assets/012/325/072/eea506c196efe647f0eaeae9c3efaf21_original.png?w=560&h=315&fit=fill&bg=000000&v=1463755699&auto=format&q=92&s=4ba80065f8fb21183612b4614ce560cb",
    "key": "assets/012/325/072/eea506c196efe647f0eaeae9c3efaf21_original.png",
    "little": "https://ksr-ugc.imgix.net/assets/012/325/072/eea506c196efe647f0eaeae9c3efaf21_original.png?w=200&h=112&fit=fill&bg=000000&v=1463755699&auto=format&q=92&s=71f7b523d67858072e7e05a043fde2de",
    "med": "https://ksr-ugc.imgix.net/assets/012/325/072/eea506c196efe647f0eaeae9c3efaf21_original.png?w=266&h=150&fit=fill&bg=000000&v=1463755699&auto=format&q=92&s=e747cf502cc6a113c5fcfecd0b884bea",
    "small": "https://ksr-ugc.imgix.net/assets/012/325/072/eea506c196efe647f0eaeae9c3efaf21_original.png?w=160&h=90&fit=fill&bg=000000&v=1463755699&auto=format&q=92&s=ff4eda1b15e9d2026e666582fa553c9e",
    "thumb": "https://ksr-ugc.imgix.net/assets/012/325/072/eea506c196efe647f0eaeae9c3efaf21_original.png?w=40&h=22&fit=fill&bg=000000&v=1463755699&auto=format&q=92&s=9d9cb309752a08d91ff250c77be86603"
  },
  "pledged": 2231.0,
  "profile": {
    "background_color": null,
    "background_image_opacity": 0.8,
    "blurb": null,
    "feature_image_attributes": {
      "image_urls": {
        "baseball_card": "https://ksr-ugc.imgix.net/assets/012/325/072/eea506c196efe647f0eaeae9c3efaf21_original.png?w=1552&h=873&fit=fill&bg=000000&v=1463755699&auto=format&q=92&s=79c040d189d671096b54c888bd33fabb",
        "default": "https://ksr-ugc.imgix.net/assets/012/325/072/eea506c196efe647f0eaeae9c3efaf21_original.png?w=1552&h=873&fit=fill&bg=000000&v=1463755699&auto=format&q=92&s=79c040d189d671096b54c888bd33fabb"
      }
    },
    "id": 2263000,
    "link_background_color": null,
    "link_text": null,
    "link_text_color": null,
    "link_url": null,
    "name": null,
    "project_id": 2263000,
    "should_show_feature_image_section": true,
    "show_feature_image": false,
    "state": "inactive",
    "state_changed_at": 1449331563,
    "text_color": null
  },
  "slug": "rred-systeme-de-navigation-innovant-innovative-nav",
  "spotlight": false,
  "staff_pick": false,
  "state": "failed",
  "state_changed_at": 1457508438,
  "static_usd_rate": 1.1159282,
  "urls": {
    "web": {
      "project": "https://www.kickstarter.com/projects/91540273/rred-systeme-de-navigation-innovant-innovative-nav?ref=category_newest",
      "rewards": "https://www.kickstarter.com/projects/91540273/rred-systeme-de-navigation-innovant-innovative-nav/rewards"
    }
  },
  "usd_pledged": "2489.6358142"
}