{
  "backers_count": 23,
  "blurb": "Mit einem v\u00f6llig neuen Taschenger\u00e4t l\u00e4sst sich der aktuelle \u00d6lzustand\u00a0im Motor\u00a0pr\u00e4zise in wenigen Sekunden ermitteln.",
  "category": {
    "color": 6526716,
    "id": 335,
    "name": "Fabrication Tools",
    "parent_id": 16,
    "position": 5,
    "slug": "technology/fabrication tools",
    "urls": {
      "web": {
        "discover": "http://www.kickstarter.com/discover/categories/technology/fabrication%20tools"
      }
    }
  },
  "country": "AT",
  "created_at": 1463759271,
  "creator": {
    "avatar": {
      "medium": "https://ksr-ugc.imgix.net/assets/012/573/928/15557b77910c902d601e1dd57be1646f_original.jpg?w=160&h=160&fit=crop&v=1464626339&auto=format&q=92&s=163543661c04717435e43df2ff7e111a",
      "small": "https://ksr-ugc.imgix.net/assets/012/573/928/15557b77910c902d601e1dd57be1646f_original.jpg?w=160&h=160&fit=crop&v=1464626339&auto=format&q=92&s=163543661c04717435e43df2ff7e111a",
      "thumb": "https://ksr-ugc.imgix.net/assets/012/573/928/15557b77910c902d601e1dd57be1646f_original.jpg?w=40&h=40&fit=crop&v=1464626339&auto=format&q=92&s=b6bde3b37e83bc10e4728a618f45d569"
    },
    "id": 961173095,
    "name": "Reinhard Moser",
    "urls": {
      "api": {
        "user": "https://api.kickstarter.com/v1/users/961173095?signature=1488679392.d5690adc98d2199f10b695551323c4a2f24b68a7"
      },
      "web": {
        "user": "https://www.kickstarter.com/profile/961173095"
      }
    }
  },
  "currency": "EUR",
  "currency_symbol": "\u20ac",
  "currency_trailing_code": false,
  "deadline": 1467534082,
  "disable_communication": false,
  "goal": 85000.0,
  "id": 1008789148,
  "launched_at": 1464942082,
  "location": {
    "country": "AT",
    "displayable_name": "Vienna, Austria",
    "id": 551801,
    "is_root": false,
    "name": "Vienna",
    "short_name": "Vienna, Austria",
    "slug": "vienna-at",
    "state": "Vienna",
    "type": "Town",
    "urls": {
      "api": {
        "nearby_projects": "https://api.kickstarter.com/v1/discover?signature=1488668415.00dd6bcba51230f973fb6071644563c101f40d4e&woe_id=551801"
      },
      "web": {
        "discover": "https://www.kickstarter.com/discover/places/vienna-at",
        "location": "https://www.kickstarter.com/locations/vienna-at"
      }
    }
  },
  "name": "\u00d6ltester",
  "photo": {
    "1024x576": "https://ksr-ugc.imgix.net/assets/012/403/698/18253c5e224619ef1de777d241b5b8fc_original.JPG?w=1024&h=576&fit=fill&bg=8F8E93&v=1463759481&auto=format&q=92&s=4090da8873cfb18075f48926dad9fccc",
    "1536x864": "https://ksr-ugc.imgix.net/assets/012/403/698/18253c5e224619ef1de777d241b5b8fc_original.JPG?w=1536&h=864&fit=fill&bg=8F8E93&v=1463759481&auto=format&q=92&s=73148c9f06fb46647a6eb1746894bc03",
    "ed": "https://ksr-ugc.imgix.net/assets/012/403/698/18253c5e224619ef1de777d241b5b8fc_original.JPG?w=338&h=190&fit=fill&bg=8F8E93&v=1463759481&auto=format&q=92&s=68864d130509a9e508a96ed7f31f2848",
    "full": "https://ksr-ugc.imgix.net/assets/012/403/698/18253c5e224619ef1de777d241b5b8fc_original.JPG?w=560&h=315&fit=fill&bg=8F8E93&v=1463759481&auto=format&q=92&s=96924412f800978cc2326ff00a4ebcc6",
    "key": "assets/012/403/698/18253c5e224619ef1de777d241b5b8fc_original.JPG",
    "little": "https://ksr-ugc.imgix.net/assets/012/403/698/18253c5e224619ef1de777d241b5b8fc_original.JPG?w=200&h=112&fit=fill&bg=8F8E93&v=1463759481&auto=format&q=92&s=4d0de2a7b92a0b21ddec915f8fd6a9f6",
    "med": "https://ksr-ugc.imgix.net/assets/012/403/698/18253c5e224619ef1de777d241b5b8fc_original.JPG?w=266&h=150&fit=fill&bg=8F8E93&v=1463759481&auto=format&q=92&s=99ed1717e55747a76ff1d44b12a71eee",
    "small": "https://ksr-ugc.imgix.net/assets/012/403/698/18253c5e224619ef1de777d241b5b8fc_original.JPG?w=160&h=90&fit=fill&bg=8F8E93&v=1463759481&auto=format&q=92&s=85e1cc44feccc4bb6b28538d288a935e",
    "thumb": "https://ksr-ugc.imgix.net/assets/012/403/698/18253c5e224619ef1de777d241b5b8fc_original.JPG?w=40&h=22&fit=fill&bg=8F8E93&v=1463759481&auto=format&q=92&s=aa1b715cacc38e1313f764fe56c63967"
  },
  "pledged": 970.0,
  "profile": {
    "background_color": null,
    "background_image_opacity": 0.8,
    "blurb": null,
    "feature_image_attributes": {
      "image_urls": {
        "baseball_card": "https://ksr-ugc.imgix.net/assets/012/403/698/18253c5e224619ef1de777d241b5b8fc_original.JPG?w=1552&h=873&fit=fill&bg=8F8E93&v=1463759481&auto=format&q=92&s=59d1f0cd118d29050186896170ca944a",
        "default": "https://ksr-ugc.imgix.net/assets/012/403/698/18253c5e224619ef1de777d241b5b8fc_original.JPG?w=1552&h=873&fit=fill&bg=8F8E93&v=1463759481&auto=format&q=92&s=59d1f0cd118d29050186896170ca944a"
      }
    },
    "id": 2524347,
    "link_background_color": null,
    "link_text": null,
    "link_text_color": null,
    "link_url": null,
    "name": null,
    "project_id": 2524347,
    "should_show_feature_image_section": true,
    "show_feature_image": false,
    "state": "inactive",
    "state_changed_at": 1463759271,
    "text_color": null
  },
  "slug": "oltester",
  "spotlight": false,
  "staff_pick": false,
  "state": "failed",
  "state_changed_at": 1467534082,
  "static_usd_rate": 1.12078724,
  "urls": {
    "web": {
      "project": "https://www.kickstarter.com/projects/961173095/oltester?ref=category_newest",
      "rewards": "https://www.kickstarter.com/projects/961173095/oltester/rewards"
    }
  },
  "usd_pledged": "1087.1636228"
}