{
  "backers_count": 1023,
  "blurb": "The world's first Arduino compatible built-in breadboard with Arduino shields, LEGO\u00ae bricks and native USB support.",
  "category": {
    "color": 6526716,
    "id": 334,
    "name": "DIY Electronics",
    "parent_id": 16,
    "position": 4,
    "slug": "technology/diy electronics",
    "urls": {
      "web": {
        "discover": "http://www.kickstarter.com/discover/categories/technology/diy%20electronics"
      }
    }
  },
  "country": "US",
  "created_at": 1463364674,
  "creator": {
    "avatar": {
      "medium": "https://ksr-ugc.imgix.net/assets/013/714/355/1f3b9d5fd71be6258afa4f036d23bec7_original.png?w=160&h=160&fit=crop&v=1473750797&auto=format&q=92&s=b57a5d62c1504ba55efc9efa649a7d5a",
      "small": "https://ksr-ugc.imgix.net/assets/013/714/355/1f3b9d5fd71be6258afa4f036d23bec7_original.png?w=160&h=160&fit=crop&v=1473750797&auto=format&q=92&s=b57a5d62c1504ba55efc9efa649a7d5a",
      "thumb": "https://ksr-ugc.imgix.net/assets/013/714/355/1f3b9d5fd71be6258afa4f036d23bec7_original.png?w=40&h=40&fit=crop&v=1473750797&auto=format&q=92&s=d49c619179695c10415f8fa262052b0e"
    },
    "id": 1212291684,
    "name": "STEMTera",
    "slug": "stemtera",
    "urls": {
      "api": {
        "user": "https://api.kickstarter.com/v1/users/1212291684?signature=1488679327.1f3b7265e6407f268fbfaf7a1fa92e5a32bd85c0"
      },
      "web": {
        "user": "https://www.kickstarter.com/profile/stemtera"
      }
    }
  },
  "currency": "USD",
  "currency_symbol": "$",
  "currency_trailing_code": true,
  "deadline": 1477650712,
  "disable_communication": false,
  "goal": 35000.0,
  "id": 1008135768,
  "launched_at": 1475058712,
  "location": {
    "country": "US",
    "displayable_name": "Niwot, CO",
    "id": 2460120,
    "is_root": false,
    "name": "Niwot",
    "short_name": "Niwot, CO",
    "slug": "niwot-co",
    "state": "CO",
    "type": "Town",
    "urls": {
      "api": {
        "nearby_projects": "https://api.kickstarter.com/v1/discover?signature=1488668477.2f36bfa90078b61cd6fd7c49a6a3496470d58525&woe_id=2460120"
      },
      "web": {
        "discover": "https://www.kickstarter.com/discover/places/niwot-co",
        "location": "https://www.kickstarter.com/locations/niwot-co"
      }
    }
  },
  "name": "STEMTera Breadboard - Arduino compatible built-in breadboard",
  "photo": {
    "1024x576": "https://ksr-ugc.imgix.net/assets/013/715/078/fc039c43b45dd3b226244a9f7dd03bd9_original.jpg?w=1024&h=576&fit=fill&bg=000000&v=1473757137&auto=format&q=92&s=11d1bbcf528cd7cdd45809f7e6efd66a",
    "1536x864": "https://ksr-ugc.imgix.net/assets/013/715/078/fc039c43b45dd3b226244a9f7dd03bd9_original.jpg?w=1536&h=864&fit=fill&bg=000000&v=1473757137&auto=format&q=92&s=995a47eaa88949ee1e783350e89df215",
    "ed": "https://ksr-ugc.imgix.net/assets/013/715/078/fc039c43b45dd3b226244a9f7dd03bd9_original.jpg?w=338&h=190&fit=fill&bg=000000&v=1473757137&auto=format&q=92&s=03af553d17b0b351110f27a572a4444e",
    "full": "https://ksr-ugc.imgix.net/assets/013/715/078/fc039c43b45dd3b226244a9f7dd03bd9_original.jpg?w=560&h=315&fit=fill&bg=000000&v=1473757137&auto=format&q=92&s=e01faab8240d43c4bc8945c14cf019ba",
    "key": "assets/013/715/078/fc039c43b45dd3b226244a9f7dd03bd9_original.jpg",
    "little": "https://ksr-ugc.imgix.net/assets/013/715/078/fc039c43b45dd3b226244a9f7dd03bd9_original.jpg?w=200&h=112&fit=fill&bg=000000&v=1473757137&auto=format&q=92&s=2527444fac2360990fef01a6e1df296c",
    "med": "https://ksr-ugc.imgix.net/assets/013/715/078/fc039c43b45dd3b226244a9f7dd03bd9_original.jpg?w=266&h=150&fit=fill&bg=000000&v=1473757137&auto=format&q=92&s=dcc12f487be83c703f5cec70bdf34fab",
    "small": "https://ksr-ugc.imgix.net/assets/013/715/078/fc039c43b45dd3b226244a9f7dd03bd9_original.jpg?w=160&h=90&fit=fill&bg=000000&v=1473757137&auto=format&q=92&s=35bc4c2e3e1b1e28743fda9732bc8e3d",
    "thumb": "https://ksr-ugc.imgix.net/assets/013/715/078/fc039c43b45dd3b226244a9f7dd03bd9_original.jpg?w=40&h=22&fit=fill&bg=000000&v=1473757137&auto=format&q=92&s=5c195a2efc2363eae36b443514d5cba6"
  },
  "pledged": 67408.0,
  "profile": {
    "background_color": "",
    "background_image_attributes": {
      "id": 14296239,
      "image_urls": {
        "baseball_card": "https://ksr-ugc.imgix.net/assets/014/296/239/c21e000bb06193763773c4de3d70e600_original.jpg?w=460&fit=max&v=1477652942&auto=format&q=92&s=869b7f38b8fb9866237278ce8e28ddf5",
        "default": "https://ksr-ugc.imgix.net/assets/014/296/239/c21e000bb06193763773c4de3d70e600_original.jpg?w=1600&fit=max&v=1477652942&auto=format&q=92&s=8a116940bacc6fffaf432995ade59509"
      }
    },
    "background_image_opacity": 0.8,
    "blurb": "The world's first Arduino compatible built-in breadboard with Arduino shields, LEGO\u00ae bricks and native USB support.",
    "feature_image_attributes": {
      "image_urls": {
        "baseball_card": "https://ksr-ugc.imgix.net/assets/013/715/078/fc039c43b45dd3b226244a9f7dd03bd9_original.jpg?w=1552&h=873&fit=fill&bg=000000&v=1473757137&auto=format&q=92&s=eeeb919bc5f8ef2cd58072a736a0a9a6",
        "default": "https://ksr-ugc.imgix.net/assets/013/715/078/fc039c43b45dd3b226244a9f7dd03bd9_original.jpg?w=1552&h=873&fit=fill&bg=000000&v=1473757137&auto=format&q=92&s=eeeb919bc5f8ef2cd58072a736a0a9a6"
      }
    },
    "id": 2517259,
    "link_background_color": "2fd47f",
    "link_text": "Pre-order Now",
    "link_text_color": "",
    "link_url": "http://stemtera.com",
    "name": "STEMTera Breadboard - Arduino compatible built-in breadboard",
    "project_id": 2517259,
    "should_show_feature_image_section": false,
    "show_feature_image": true,
    "state": "active",
    "state_changed_at": 1477654016,
    "text_color": "eeeeee"
  },
  "slug": "stemtera-breadboard-arduino-compatible-built-in-br",
  "spotlight": true,
  "staff_pick": true,
  "state": "successful",
  "state_changed_at": 1477650713,
  "static_usd_rate": 1.0,
  "urls": {
    "web": {
      "project": "https://www.kickstarter.com/projects/stemtera/stemtera-breadboard-arduino-compatible-built-in-br?ref=category_newest",
      "rewards": "https://www.kickstarter.com/projects/stemtera/stemtera-breadboard-arduino-compatible-built-in-br/rewards"
    }
  },
  "usd_pledged": "67408.0"
}