{
  "backers_count": 5564,
  "blurb": "The Electron is an Arduino-like cellular development kit with a SIM card and affordable data plan from the creators of the Spark Core.",
  "category": {
    "color": 6526716,
    "id": 334,
    "name": "DIY Electronics",
    "parent_id": 16,
    "position": 4,
    "slug": "technology/diy electronics",
    "urls": {
      "web": {
        "discover": "http://www.kickstarter.com/discover/categories/technology/diy%20electronics"
      }
    }
  },
  "country": "US",
  "created_at": 1420480433,
  "creator": {
    "avatar": {
      "medium": "https://ksr-ugc.imgix.net/assets/005/981/259/fd80f6fd31cf7f89ee4a4e5cd31ea696_original.png?w=160&h=160&fit=crop&v=1461358774&auto=format&q=92&s=e4f2005d17c608b6423a1c8788bc9548",
      "small": "https://ksr-ugc.imgix.net/assets/005/981/259/fd80f6fd31cf7f89ee4a4e5cd31ea696_original.png?w=160&h=160&fit=crop&v=1461358774&auto=format&q=92&s=e4f2005d17c608b6423a1c8788bc9548",
      "thumb": "https://ksr-ugc.imgix.net/assets/005/981/259/fd80f6fd31cf7f89ee4a4e5cd31ea696_original.png?w=40&h=40&fit=crop&v=1461358774&auto=format&q=92&s=b56e731be4de6219db7fb65707e6b209"
    },
    "id": 941873771,
    "name": "Spark IO",
    "slug": "sparkdevices",
    "urls": {
      "api": {
        "user": "https://api.kickstarter.com/v1/users/941873771?signature=1488679308.05acd965124f778940622f4f901bc48ab91912b1"
      },
      "web": {
        "user": "https://www.kickstarter.com/profile/sparkdevices"
      }
    }
  },
  "currency": "USD",
  "currency_symbol": "$",
  "currency_trailing_code": true,
  "deadline": 1427925600,
  "disable_communication": false,
  "goal": 30000.0,
  "id": 1008109037,
  "launched_at": 1424891717,
  "location": {
    "country": "US",
    "displayable_name": "San Francisco, CA",
    "id": 2487956,
    "is_root": false,
    "name": "San Francisco",
    "short_name": "San Francisco, CA",
    "slug": "san-francisco-ca",
    "state": "CA",
    "type": "Town",
    "urls": {
      "api": {
        "nearby_projects": "https://api.kickstarter.com/v1/discover?signature=1488668419.2ca6b59b4a6c9f76668a2fde02de5d8a382ea747&woe_id=2487956"
      },
      "web": {
        "discover": "https://www.kickstarter.com/discover/places/san-francisco-ca",
        "location": "https://www.kickstarter.com/locations/san-francisco-ca"
      }
    }
  },
  "name": "The Electron: Cellular dev kit with a global data plan",
  "photo": {
    "1024x576": "https://ksr-ugc.imgix.net/assets/011/991/065/3c568381e6a80f42e5356201d7e30a58_original.jpg?w=1024&h=576&fit=fill&bg=96D4FB&v=1463722069&auto=format&q=92&s=3194d37a85b8f0e857b8ea8eaca5f41d",
    "1536x864": "https://ksr-ugc.imgix.net/assets/011/991/065/3c568381e6a80f42e5356201d7e30a58_original.jpg?w=1536&h=864&fit=fill&bg=96D4FB&v=1463722069&auto=format&q=92&s=33539c65deeff69d43b3b259418c2df4",
    "ed": "https://ksr-ugc.imgix.net/assets/011/991/065/3c568381e6a80f42e5356201d7e30a58_original.jpg?w=338&h=190&fit=fill&bg=96D4FB&v=1463722069&auto=format&q=92&s=37256f734f458f9a0a42839e48eba918",
    "full": "https://ksr-ugc.imgix.net/assets/011/991/065/3c568381e6a80f42e5356201d7e30a58_original.jpg?w=560&h=315&fit=fill&bg=96D4FB&v=1463722069&auto=format&q=92&s=473848dde2d1902cc2e84981069f939d",
    "key": "assets/011/991/065/3c568381e6a80f42e5356201d7e30a58_original.jpg",
    "little": "https://ksr-ugc.imgix.net/assets/011/991/065/3c568381e6a80f42e5356201d7e30a58_original.jpg?w=200&h=112&fit=fill&bg=96D4FB&v=1463722069&auto=format&q=92&s=5ac1519c11b9f493c9986afd6fd0f0e7",
    "med": "https://ksr-ugc.imgix.net/assets/011/991/065/3c568381e6a80f42e5356201d7e30a58_original.jpg?w=266&h=150&fit=fill&bg=96D4FB&v=1463722069&auto=format&q=92&s=bb93c7737350bdcb7ac18451c2e51d0f",
    "small": "https://ksr-ugc.imgix.net/assets/011/991/065/3c568381e6a80f42e5356201d7e30a58_original.jpg?w=160&h=90&fit=fill&bg=96D4FB&v=1463722069&auto=format&q=92&s=cfc15e6c3e3601f1c51e96340bf4d8c6",
    "thumb": "https://ksr-ugc.imgix.net/assets/011/991/065/3c568381e6a80f42e5356201d7e30a58_original.jpg?w=40&h=22&fit=fill&bg=96D4FB&v=1463722069&auto=format&q=92&s=271f32b36ea661313dd7d96a406f8ad8"
  },
  "pledged": 578478.33,
  "profile": {
    "background_color": "",
    "background_image_opacity": 0.8,
    "blurb": "The Electron is an Arduino-like cellular development kit with a SIM card and affordable data plan from the creators of the Spark Core.",
    "feature_image_attributes": {
      "image_urls": {
        "baseball_card": "https://ksr-ugc.imgix.net/assets/011/991/065/3c568381e6a80f42e5356201d7e30a58_original.jpg?w=1552&h=873&fit=fill&bg=96D4FB&v=1463722069&auto=format&q=92&s=a605871b73571de5abcb958bb8e917df",
        "default": "https://ksr-ugc.imgix.net/assets/011/991/065/3c568381e6a80f42e5356201d7e30a58_original.jpg?w=1552&h=873&fit=fill&bg=96D4FB&v=1463722069&auto=format&q=92&s=a605871b73571de5abcb958bb8e917df"
      }
    },
    "id": 1612088,
    "link_background_color": "",
    "link_text": "Order yours today",
    "link_text_color": "",
    "link_url": "http://store.particle.io/?utm_source=Kickstarter&utm_medium=button&utm_campaign=KS",
    "name": "The Electron: Cellular dev kit with a global data plan",
    "project_id": 1612088,
    "should_show_feature_image_section": true,
    "show_feature_image": false,
    "state": "active",
    "state_changed_at": 1427925829,
    "text_color": ""
  },
  "slug": "spark-electron-cellular-dev-kit-with-a-simple-data",
  "spotlight": true,
  "staff_pick": true,
  "state": "successful",
  "state_changed_at": 1427925617,
  "static_usd_rate": 1.0,
  "urls": {
    "web": {
      "project": "https://www.kickstarter.com/projects/sparkdevices/spark-electron-cellular-dev-kit-with-a-simple-data?ref=category_newest",
      "rewards": "https://www.kickstarter.com/projects/sparkdevices/spark-electron-cellular-dev-kit-with-a-simple-data/rewards"
    }
  },
  "usd_pledged": "578478.33"
}