{
  "backers_count": 0,
  "blurb": "This is a social media application represented as a virtual environment that gives each user a user-customizable room (iOS and Android)",
  "category": {
    "color": 6526716,
    "id": 332,
    "name": "Apps",
    "parent_id": 16,
    "position": 2,
    "slug": "technology/apps",
    "urls": {
      "web": {
        "discover": "http://www.kickstarter.com/discover/categories/technology/apps"
      }
    }
  },
  "country": "US",
  "created_at": 1422368695,
  "creator": {
    "avatar": {
      "medium": "https://ksr-ugc.imgix.net/assets/009/414/889/4ce40c529571cb837cb4c5ead47fb0bd_original.jpeg?w=160&h=160&fit=crop&v=1461593499&auto=format&q=92&s=0dbefc1024c23559578b73ca7c5fc58d",
      "small": "https://ksr-ugc.imgix.net/assets/009/414/889/4ce40c529571cb837cb4c5ead47fb0bd_original.jpeg?w=160&h=160&fit=crop&v=1461593499&auto=format&q=92&s=0dbefc1024c23559578b73ca7c5fc58d",
      "thumb": "https://ksr-ugc.imgix.net/assets/009/414/889/4ce40c529571cb837cb4c5ead47fb0bd_original.jpeg?w=40&h=40&fit=crop&v=1461593499&auto=format&q=92&s=7d50afaa2a3b3d613ccf95faee8fb66e"
    },
    "id": 2143100432,
    "name": "John Santos",
    "slug": "futurepastor79",
    "urls": {
      "api": {
        "user": "https://api.kickstarter.com/v1/users/2143100432?signature=1488679048.20feafc79a5b56245d929d0798e169d1933ce62a"
      },
      "web": {
        "user": "https://www.kickstarter.com/profile/futurepastor79"
      }
    }
  },
  "currency": "USD",
  "currency_symbol": "$",
  "currency_trailing_code": true,
  "deadline": 1437418145,
  "disable_communication": false,
  "goal": 12000.0,
  "id": 1008610169,
  "launched_at": 1434826145,
  "location": {
    "country": "US",
    "displayable_name": "Fort Worth, TX",
    "id": 2406080,
    "is_root": false,
    "name": "Fort Worth",
    "short_name": "Fort Worth, TX",
    "slug": "fort-worth-tarrant-tx",
    "state": "TX",
    "type": "Town",
    "urls": {
      "api": {
        "nearby_projects": "https://api.kickstarter.com/v1/discover?signature=1488668426.8b34e603556385dc37f43612bc1b076a650e464b&woe_id=2406080"
      },
      "web": {
        "discover": "https://www.kickstarter.com/discover/places/fort-worth-tarrant-tx",
        "location": "https://www.kickstarter.com/locations/fort-worth-tarrant-tx"
      }
    }
  },
  "name": "Room: The Evolution of Social Media",
  "photo": {
    "1024x576": "https://ksr-ugc.imgix.net/assets/012/015/727/ef26b2c9048b2b3b146da04bc64a73fc_original.png?w=1024&h=576&fit=fill&bg=000000&v=1463724250&auto=format&q=92&s=7e9e6b2339d606403bfd70078ad6d04e",
    "1536x864": "https://ksr-ugc.imgix.net/assets/012/015/727/ef26b2c9048b2b3b146da04bc64a73fc_original.png?w=1536&h=864&fit=fill&bg=000000&v=1463724250&auto=format&q=92&s=5b1bc7b911e04a785615040acaf12db9",
    "ed": "https://ksr-ugc.imgix.net/assets/012/015/727/ef26b2c9048b2b3b146da04bc64a73fc_original.png?w=338&h=190&fit=fill&bg=000000&v=1463724250&auto=format&q=92&s=2e98bacf23194d70525338b483f45c07",
    "full": "https://ksr-ugc.imgix.net/assets/012/015/727/ef26b2c9048b2b3b146da04bc64a73fc_original.png?w=560&h=315&fit=fill&bg=000000&v=1463724250&auto=format&q=92&s=8aba0d9558a7de283d300cb5d95b6676",
    "key": "assets/012/015/727/ef26b2c9048b2b3b146da04bc64a73fc_original.png",
    "little": "https://ksr-ugc.imgix.net/assets/012/015/727/ef26b2c9048b2b3b146da04bc64a73fc_original.png?w=200&h=112&fit=fill&bg=000000&v=1463724250&auto=format&q=92&s=72cd70469c96ee5f70371c0af2330828",
    "med": "https://ksr-ugc.imgix.net/assets/012/015/727/ef26b2c9048b2b3b146da04bc64a73fc_original.png?w=266&h=150&fit=fill&bg=000000&v=1463724250&auto=format&q=92&s=ff6bdc86bf1a8b3a80f201a3d0211165",
    "small": "https://ksr-ugc.imgix.net/assets/012/015/727/ef26b2c9048b2b3b146da04bc64a73fc_original.png?w=160&h=90&fit=fill&bg=000000&v=1463724250&auto=format&q=92&s=11664f99ddb904dbed7c5ef7e0579a31",
    "thumb": "https://ksr-ugc.imgix.net/assets/012/015/727/ef26b2c9048b2b3b146da04bc64a73fc_original.png?w=40&h=22&fit=fill&bg=000000&v=1463724250&auto=format&q=92&s=f2b074461285a49aa4413d43dcb65c9c"
  },
  "pledged": 0.0,
  "profile": {
    "background_color": null,
    "background_image_opacity": 0.8,
    "blurb": null,
    "feature_image_attributes": {
      "image_urls": {
        "baseball_card": "https://ksr-ugc.imgix.net/assets/012/015/727/ef26b2c9048b2b3b146da04bc64a73fc_original.png?w=1552&h=873&fit=fill&bg=000000&v=1463724250&auto=format&q=92&s=924de35a015ce1906efde0f1f64cbbbd",
        "default": "https://ksr-ugc.imgix.net/assets/012/015/727/ef26b2c9048b2b3b146da04bc64a73fc_original.png?w=1552&h=873&fit=fill&bg=000000&v=1463724250&auto=format&q=92&s=924de35a015ce1906efde0f1f64cbbbd"
      }
    },
    "id": 1662500,
    "link_background_color": null,
    "link_text": null,
    "link_text_color": null,
    "link_url": null,
    "name": null,
    "project_id": 1662500,
    "should_show_feature_image_section": true,
    "show_feature_image": false,
    "state": "inactive",
    "state_changed_at": 1425915891,
    "text_color": null
  },
  "slug": "room-the-evolution-of-social-media",
  "spotlight": false,
  "staff_pick": false,
  "state": "failed",
  "state_changed_at": 1437418145,
  "static_usd_rate": 1.0,
  "urls": {
    "web": {
      "project": "https://www.kickstarter.com/projects/futurepastor79/room-the-evolution-of-social-media?ref=category_newest",
      "rewards": "https://www.kickstarter.com/projects/futurepastor79/room-the-evolution-of-social-media/rewards"
    }
  },
  "usd_pledged": "0.0"
}