{
  "backers_count": 0,
  "blurb": "connect with people in your area",
  "category": {
    "color": 6526716,
    "id": 336,
    "name": "Flight",
    "parent_id": 16,
    "position": 6,
    "slug": "technology/flight",
    "urls": {
      "web": {
        "discover": "http://www.kickstarter.com/discover/categories/technology/flight"
      }
    }
  },
  "country": "US",
  "created_at": 1425603990,
  "creator": {
    "avatar": {
      "medium": "https://ksr-ugc.imgix.net/assets/008/089/196/839e419f4d65a7e1dacfa8d2aec65df1_original.jpeg?w=160&h=160&fit=crop&v=1461501952&auto=format&q=92&s=3b1d97cc3ec8db09b2e2a1c2b3bf5524",
      "small": "https://ksr-ugc.imgix.net/assets/008/089/196/839e419f4d65a7e1dacfa8d2aec65df1_original.jpeg?w=160&h=160&fit=crop&v=1461501952&auto=format&q=92&s=3b1d97cc3ec8db09b2e2a1c2b3bf5524",
      "thumb": "https://ksr-ugc.imgix.net/assets/008/089/196/839e419f4d65a7e1dacfa8d2aec65df1_original.jpeg?w=40&h=40&fit=crop&v=1461501952&auto=format&q=92&s=d0d30c44695cc89ceccbf04c7460378f"
    },
    "id": 1240501088,
    "name": "Zach Dickinson",
    "urls": {
      "api": {
        "user": "https://api.kickstarter.com/v1/users/1240501088?signature=1488679436.8d6a6a0a22d2ba7971a3c6475b65442b52a8ad52"
      },
      "web": {
        "user": "https://www.kickstarter.com/profile/1240501088"
      }
    }
  },
  "currency": "USD",
  "currency_symbol": "$",
  "currency_trailing_code": true,
  "deadline": 1428258227,
  "disable_communication": false,
  "goal": 285000.0,
  "id": 1008137613,
  "launched_at": 1425669827,
  "location": {
    "country": "US",
    "displayable_name": "San Francisco, CA",
    "id": 2487956,
    "is_root": false,
    "name": "San Francisco",
    "short_name": "San Francisco, CA",
    "slug": "san-francisco-ca",
    "state": "CA",
    "type": "Town",
    "urls": {
      "api": {
        "nearby_projects": "https://api.kickstarter.com/v1/discover?signature=1488668419.2ca6b59b4a6c9f76668a2fde02de5d8a382ea747&woe_id=2487956"
      },
      "web": {
        "discover": "https://www.kickstarter.com/discover/places/san-francisco-ca",
        "location": "https://www.kickstarter.com/locations/san-francisco-ca"
      }
    }
  },
  "name": "Mobileproximity (Canceled)",
  "photo": {
    "1024x576": "https://ksr-ugc.imgix.net/assets/012/060/114/07fa55542222b75eed6217a8e8c48c7b_original.jpg?w=1024&h=576&fit=fill&bg=000000&v=1463728285&auto=format&q=92&s=6e80f600b0f730d03d0cd04bedb30891",
    "1536x864": "https://ksr-ugc.imgix.net/assets/012/060/114/07fa55542222b75eed6217a8e8c48c7b_original.jpg?w=1536&h=864&fit=fill&bg=000000&v=1463728285&auto=format&q=92&s=acf9b1e183ee19a4b91d9d7829dadcbe",
    "ed": "https://ksr-ugc.imgix.net/assets/012/060/114/07fa55542222b75eed6217a8e8c48c7b_original.jpg?w=338&h=190&fit=fill&bg=000000&v=1463728285&auto=format&q=92&s=8ae489a6982732d3b4a8776a5e972733",
    "full": "https://ksr-ugc.imgix.net/assets/012/060/114/07fa55542222b75eed6217a8e8c48c7b_original.jpg?w=560&h=315&fit=fill&bg=000000&v=1463728285&auto=format&q=92&s=f994440441db40faf32f31da93ca23af",
    "key": "assets/012/060/114/07fa55542222b75eed6217a8e8c48c7b_original.jpg",
    "little": "https://ksr-ugc.imgix.net/assets/012/060/114/07fa55542222b75eed6217a8e8c48c7b_original.jpg?w=200&h=112&fit=fill&bg=000000&v=1463728285&auto=format&q=92&s=bd899fbed99c4d6e72b28d84141c92d7",
    "med": "https://ksr-ugc.imgix.net/assets/012/060/114/07fa55542222b75eed6217a8e8c48c7b_original.jpg?w=266&h=150&fit=fill&bg=000000&v=1463728285&auto=format&q=92&s=18e08679af698b880a435bd9e81b0547",
    "small": "https://ksr-ugc.imgix.net/assets/012/060/114/07fa55542222b75eed6217a8e8c48c7b_original.jpg?w=160&h=90&fit=fill&bg=000000&v=1463728285&auto=format&q=92&s=d337162f61218539aa341cace7690f9e",
    "thumb": "https://ksr-ugc.imgix.net/assets/012/060/114/07fa55542222b75eed6217a8e8c48c7b_original.jpg?w=40&h=22&fit=fill&bg=000000&v=1463728285&auto=format&q=92&s=010b3d860da2a60955871d09a3bb2f9a"
  },
  "pledged": 0.0,
  "profile": {
    "background_color": null,
    "background_image_opacity": 0.8,
    "blurb": null,
    "feature_image_attributes": {
      "image_urls": {
        "baseball_card": "https://ksr-ugc.imgix.net/assets/012/060/114/07fa55542222b75eed6217a8e8c48c7b_original.jpg?w=1552&h=873&fit=fill&bg=000000&v=1463728285&auto=format&q=92&s=ffddd37fe37112a9177bd47400e85581",
        "default": "https://ksr-ugc.imgix.net/assets/012/060/114/07fa55542222b75eed6217a8e8c48c7b_original.jpg?w=1552&h=873&fit=fill&bg=000000&v=1463728285&auto=format&q=92&s=ffddd37fe37112a9177bd47400e85581"
      }
    },
    "id": 1751780,
    "link_background_color": null,
    "link_text": null,
    "link_text_color": null,
    "link_url": null,
    "name": null,
    "project_id": 1751780,
    "should_show_feature_image_section": true,
    "show_feature_image": false,
    "state": "inactive",
    "state_changed_at": 1425915896,
    "text_color": null
  },
  "slug": "mobile-proximity-keyword-sync-application",
  "spotlight": false,
  "staff_pick": false,
  "state": "canceled",
  "state_changed_at": 1425683277,
  "static_usd_rate": 1.0,
  "urls": {
    "web": {
      "project": "https://www.kickstarter.com/projects/1240501088/mobile-proximity-keyword-sync-application?ref=category_newest",
      "rewards": "https://www.kickstarter.com/projects/1240501088/mobile-proximity-keyword-sync-application/rewards"
    }
  },
  "usd_pledged": "0.0"
}