{
  "backers_count": 0,
  "blurb": "Respect nature's power to disrupt our everyday living.  Prepare for emergencies.  We consult, equip and help prepare.",
  "category": {
    "color": 6526716,
    "id": 52,
    "name": "Hardware",
    "parent_id": 16,
    "position": 8,
    "slug": "technology/hardware",
    "urls": {
      "web": {
        "discover": "http://www.kickstarter.com/discover/categories/technology/hardware"
      }
    }
  },
  "country": "US",
  "created_at": 1373502388,
  "creator": {
    "avatar": {
      "medium": "https://ksr-ugc.imgix.net/assets/007/765/812/27b736d1cd480117f8c18041efc444a1_original.JPG?w=160&h=160&fit=crop&v=1461478107&auto=format&q=92&s=7c0d165e079ddfe6ac3baad985a4e48c",
      "small": "https://ksr-ugc.imgix.net/assets/007/765/812/27b736d1cd480117f8c18041efc444a1_original.JPG?w=160&h=160&fit=crop&v=1461478107&auto=format&q=92&s=7c0d165e079ddfe6ac3baad985a4e48c",
      "thumb": "https://ksr-ugc.imgix.net/assets/007/765/812/27b736d1cd480117f8c18041efc444a1_original.JPG?w=40&h=40&fit=crop&v=1461478107&auto=format&q=92&s=4037df2b46165fc46ea910ee0d92e38d"
    },
    "id": 1674681707,
    "name": "Peter L Kutrubes",
    "urls": {
      "api": {
        "user": "https://api.kickstarter.com/v1/users/1674681707?signature=1488679951.f9e8c08571b2aea0eabb6c48bbe6380ca38de555"
      },
      "web": {
        "user": "https://www.kickstarter.com/profile/1674681707"
      }
    }
  },
  "currency": "USD",
  "currency_symbol": "$",
  "currency_trailing_code": true,
  "deadline": 1428525247,
  "disable_communication": false,
  "goal": 20000.0,
  "id": 100842436,
  "launched_at": 1425933247,
  "location": {
    "country": "US",
    "displayable_name": "Londonderry, NH",
    "id": 2441309,
    "is_root": false,
    "name": "Londonderry",
    "short_name": "Londonderry, NH",
    "slug": "londonderry-nh",
    "state": "NH",
    "type": "Town",
    "urls": {
      "api": {
        "nearby_projects": "https://api.kickstarter.com/v1/discover?signature=1488668421.19e6bca045d1b94019a588ef9fcadf3e74479e5a&woe_id=2441309"
      },
      "web": {
        "discover": "https://www.kickstarter.com/discover/places/londonderry-nh",
        "location": "https://www.kickstarter.com/locations/londonderry-nh"
      }
    }
  },
  "name": "Safe Survival of Common Natural Emergencies",
  "photo": {
    "1024x576": "https://ksr-ugc.imgix.net/assets/011/548/655/bcca716eeafa2669062b208112639ab5_original.JPG?w=1024&h=576&fit=fill&bg=000000&v=1463684312&auto=format&q=92&s=e2daa77813220302abdbda86324e025f",
    "1536x864": "https://ksr-ugc.imgix.net/assets/011/548/655/bcca716eeafa2669062b208112639ab5_original.JPG?w=1536&h=864&fit=fill&bg=000000&v=1463684312&auto=format&q=92&s=c9912073b0834139581513d7256880fb",
    "ed": "https://ksr-ugc.imgix.net/assets/011/548/655/bcca716eeafa2669062b208112639ab5_original.JPG?w=338&h=190&fit=fill&bg=000000&v=1463684312&auto=format&q=92&s=b71723609f7c8be0ac8bed9af57433fd",
    "full": "https://ksr-ugc.imgix.net/assets/011/548/655/bcca716eeafa2669062b208112639ab5_original.JPG?w=560&h=315&fit=fill&bg=000000&v=1463684312&auto=format&q=92&s=24916c97c2f0beee037436194fcd93d1",
    "key": "assets/011/548/655/bcca716eeafa2669062b208112639ab5_original.JPG",
    "little": "https://ksr-ugc.imgix.net/assets/011/548/655/bcca716eeafa2669062b208112639ab5_original.JPG?w=200&h=112&fit=fill&bg=000000&v=1463684312&auto=format&q=92&s=a800ccf9933a2a612f4d48746ef614fa",
    "med": "https://ksr-ugc.imgix.net/assets/011/548/655/bcca716eeafa2669062b208112639ab5_original.JPG?w=266&h=150&fit=fill&bg=000000&v=1463684312&auto=format&q=92&s=02697dd87a2592fe16056378743acb1e",
    "small": "https://ksr-ugc.imgix.net/assets/011/548/655/bcca716eeafa2669062b208112639ab5_original.JPG?w=160&h=90&fit=fill&bg=000000&v=1463684312&auto=format&q=92&s=5cecc1bc266e200dc8bc0c1e81fc062d",
    "thumb": "https://ksr-ugc.imgix.net/assets/011/548/655/bcca716eeafa2669062b208112639ab5_original.JPG?w=40&h=22&fit=fill&bg=000000&v=1463684312&auto=format&q=92&s=e62af2218e6a13e83cb0af175beac4d8"
  },
  "pledged": 0.0,
  "profile": {
    "background_color": null,
    "background_image_opacity": 0.8,
    "blurb": null,
    "feature_image_attributes": {
      "image_urls": {
        "baseball_card": "https://ksr-ugc.imgix.net/assets/011/548/655/bcca716eeafa2669062b208112639ab5_original.JPG?w=1552&h=873&fit=fill&bg=000000&v=1463684312&auto=format&q=92&s=05f4746c82ac214328d887b77233780b",
        "default": "https://ksr-ugc.imgix.net/assets/011/548/655/bcca716eeafa2669062b208112639ab5_original.JPG?w=1552&h=873&fit=fill&bg=000000&v=1463684312&auto=format&q=92&s=05f4746c82ac214328d887b77233780b"
      }
    },
    "id": 628958,
    "link_background_color": null,
    "link_text": null,
    "link_text_color": null,
    "link_url": null,
    "name": null,
    "project_id": 628958,
    "should_show_feature_image_section": true,
    "show_feature_image": false,
    "state": "inactive",
    "state_changed_at": 1425915834,
    "text_color": null
  },
  "slug": "safe-survival-of-common-natural-emergencies",
  "spotlight": false,
  "staff_pick": false,
  "state": "failed",
  "state_changed_at": 1428525249,
  "static_usd_rate": 1.0,
  "urls": {
    "web": {
      "project": "https://www.kickstarter.com/projects/1674681707/safe-survival-of-common-natural-emergencies?ref=category_newest",
      "rewards": "https://www.kickstarter.com/projects/1674681707/safe-survival-of-common-natural-emergencies/rewards"
    }
  },
  "usd_pledged": "0.0"
}