{
  "backers_count": 32,
  "blurb": "iSi offers California drivers basic auto insurance information, policy summaries, and policy comparisons, instantaneously!",
  "category": {
    "color": 6526716,
    "id": 51,
    "name": "Software",
    "parent_id": 16,
    "position": 11,
    "slug": "technology/software",
    "urls": {
      "web": {
        "discover": "http://www.kickstarter.com/discover/categories/technology/software"
      }
    }
  },
  "country": "US",
  "created_at": 1409018063,
  "creator": {
    "avatar": {
      "medium": "https://ksr-ugc.imgix.net/assets/009/205/517/54aaf56e08fd424a3057ddac81a97dfa_original.jpg?w=160&h=160&fit=crop&v=1461564435&auto=format&q=92&s=4aa1b5b1a977be324e02a2abd3607c7a",
      "small": "https://ksr-ugc.imgix.net/assets/009/205/517/54aaf56e08fd424a3057ddac81a97dfa_original.jpg?w=160&h=160&fit=crop&v=1461564435&auto=format&q=92&s=4aa1b5b1a977be324e02a2abd3607c7a",
      "thumb": "https://ksr-ugc.imgix.net/assets/009/205/517/54aaf56e08fd424a3057ddac81a97dfa_original.jpg?w=40&h=40&fit=crop&v=1461564435&auto=format&q=92&s=2be907a42c126405848fd5740827e608"
    },
    "id": 2142235419,
    "name": "Lonzie Johnson",
    "urls": {
      "api": {
        "user": "https://api.kickstarter.com/v1/users/2142235419?signature=1488680174.5841dce4914463f14acd5cf52172db9f4a3d8a8f"
      },
      "web": {
        "user": "https://www.kickstarter.com/profile/2142235419"
      }
    }
  },
  "currency": "USD",
  "currency_symbol": "$",
  "currency_trailing_code": true,
  "deadline": 1418165402,
  "disable_communication": false,
  "goal": 4400.0,
  "id": 1009210646,
  "launched_at": 1412977802,
  "location": {
    "country": "US",
    "displayable_name": "Altadena, CA",
    "id": 2353857,
    "is_root": false,
    "name": "Altadena",
    "short_name": "Altadena, CA",
    "slug": "altadena-ca",
    "state": "CA",
    "type": "Town",
    "urls": {
      "api": {
        "nearby_projects": "https://api.kickstarter.com/v1/discover?signature=1488668715.c56935d7a75e12b75437320c9825dda2dffa59eb&woe_id=2353857"
      },
      "web": {
        "discover": "https://www.kickstarter.com/discover/places/altadena-ca",
        "location": "https://www.kickstarter.com/locations/altadena-ca"
      }
    }
  },
  "name": "Insurance Snoopers, Inc. (iSi)",
  "photo": {
    "1024x576": "https://ksr-ugc.imgix.net/assets/011/848/835/732964704f647d0b2b107920a3d2b88c_original.jpg?w=1024&h=576&fit=fill&bg=000000&v=1463703696&auto=format&q=92&s=d38e6189e6cb917ce9284377e5b9aa7e",
    "1536x864": "https://ksr-ugc.imgix.net/assets/011/848/835/732964704f647d0b2b107920a3d2b88c_original.jpg?w=1536&h=864&fit=fill&bg=000000&v=1463703696&auto=format&q=92&s=6a0a6484523b29ccd2bf04ba36714dbd",
    "ed": "https://ksr-ugc.imgix.net/assets/011/848/835/732964704f647d0b2b107920a3d2b88c_original.jpg?w=338&h=190&fit=fill&bg=000000&v=1463703696&auto=format&q=92&s=58dd95990f1b3f3fac16367d2605e708",
    "full": "https://ksr-ugc.imgix.net/assets/011/848/835/732964704f647d0b2b107920a3d2b88c_original.jpg?w=560&h=315&fit=fill&bg=000000&v=1463703696&auto=format&q=92&s=ebb041adff66df01379705a1821a866d",
    "key": "assets/011/848/835/732964704f647d0b2b107920a3d2b88c_original.jpg",
    "little": "https://ksr-ugc.imgix.net/assets/011/848/835/732964704f647d0b2b107920a3d2b88c_original.jpg?w=200&h=112&fit=fill&bg=000000&v=1463703696&auto=format&q=92&s=f9cca6b02febb617fa6c5929880a6d3c",
    "med": "https://ksr-ugc.imgix.net/assets/011/848/835/732964704f647d0b2b107920a3d2b88c_original.jpg?w=266&h=150&fit=fill&bg=000000&v=1463703696&auto=format&q=92&s=40f46a87766a6d19a7a4b9afa1d0ff6f",
    "small": "https://ksr-ugc.imgix.net/assets/011/848/835/732964704f647d0b2b107920a3d2b88c_original.jpg?w=160&h=90&fit=fill&bg=000000&v=1463703696&auto=format&q=92&s=9e340f39f3cbac6f7dfcf0e6e28731a6",
    "thumb": "https://ksr-ugc.imgix.net/assets/011/848/835/732964704f647d0b2b107920a3d2b88c_original.jpg?w=40&h=22&fit=fill&bg=000000&v=1463703696&auto=format&q=92&s=2d6eaf86a867d53a0ce55ad58deb2216"
  },
  "pledged": 4502.0,
  "profile": {
    "background_color": null,
    "background_image_opacity": 0.8,
    "blurb": null,
    "feature_image_attributes": {
      "image_urls": {
        "baseball_card": "https://ksr-ugc.imgix.net/assets/011/848/835/732964704f647d0b2b107920a3d2b88c_original.jpg?w=1552&h=873&fit=fill&bg=000000&v=1463703696&auto=format&q=92&s=e87294f1595a36f9203d04432560a8a9",
        "default": "https://ksr-ugc.imgix.net/assets/011/848/835/732964704f647d0b2b107920a3d2b88c_original.jpg?w=1552&h=873&fit=fill&bg=000000&v=1463703696&auto=format&q=92&s=e87294f1595a36f9203d04432560a8a9"
      }
    },
    "id": 1316562,
    "link_background_color": null,
    "link_text": null,
    "link_text_color": null,
    "link_url": null,
    "name": null,
    "project_id": 1316562,
    "should_show_feature_image_section": true,
    "show_feature_image": false,
    "state": "inactive",
    "state_changed_at": 1425915873,
    "text_color": null
  },
  "slug": "insurance-snoopers-inc-isi",
  "spotlight": true,
  "staff_pick": false,
  "state": "successful",
  "state_changed_at": 1418165403,
  "static_usd_rate": 1.0,
  "urls": {
    "web": {
      "project": "https://www.kickstarter.com/projects/2142235419/insurance-snoopers-inc-isi?ref=category_newest",
      "rewards": "https://www.kickstarter.com/projects/2142235419/insurance-snoopers-inc-isi/rewards"
    }
  },
  "usd_pledged": "4502.0"
}