{
  "backers_count": 9,
  "blurb": "Providing low cost access to the micro-gravity environment of Space!",
  "category": {
    "color": 6526716,
    "id": 52,
    "name": "Hardware",
    "parent_id": 16,
    "position": 8,
    "slug": "technology/hardware",
    "urls": {
      "web": {
        "discover": "http://www.kickstarter.com/discover/categories/technology/hardware"
      }
    }
  },
  "country": "US",
  "created_at": 1322533802,
  "creator": {
    "avatar": {
      "medium": "https://ksr-ugc.imgix.net/assets/006/233/401/898f593d0375da14a7af397e8ad37a80_original.JPG?w=160&h=160&fit=crop&v=1461375264&auto=format&q=92&s=9690bbb3182579b489896399eac3400f",
      "small": "https://ksr-ugc.imgix.net/assets/006/233/401/898f593d0375da14a7af397e8ad37a80_original.JPG?w=160&h=160&fit=crop&v=1461375264&auto=format&q=92&s=9690bbb3182579b489896399eac3400f",
      "thumb": "https://ksr-ugc.imgix.net/assets/006/233/401/898f593d0375da14a7af397e8ad37a80_original.JPG?w=40&h=40&fit=crop&v=1461375264&auto=format&q=92&s=3297ebd19072e4ba4f08736eca47939e"
    },
    "id": 366499765,
    "name": "Steve Battaglia",
    "urls": {
      "api": {
        "user": "https://api.kickstarter.com/v1/users/366499765?signature=1488679845.33ff883fb7fb6e874ca11f978f92a50e386dc63c"
      },
      "web": {
        "user": "https://www.kickstarter.com/profile/366499765"
      }
    }
  },
  "currency": "USD",
  "currency_symbol": "$",
  "currency_trailing_code": true,
  "deadline": 1328303453,
  "disable_communication": false,
  "goal": 75000.0,
  "id": 1009852492,
  "launched_at": 1323119453,
  "location": {
    "country": "US",
    "displayable_name": "Los Angeles, CA",
    "id": 2442047,
    "is_root": false,
    "name": "Los Angeles",
    "short_name": "Los Angeles, CA",
    "slug": "los-angeles-ca",
    "state": "CA",
    "type": "Town",
    "urls": {
      "api": {
        "nearby_projects": "https://api.kickstarter.com/v1/discover?signature=1488668418.2de3dd8b85798392a2853b73be0e5dca0bc529fa&woe_id=2442047"
      },
      "web": {
        "discover": "https://www.kickstarter.com/discover/places/los-angeles-ca",
        "location": "https://www.kickstarter.com/locations/los-angeles-ca"
      }
    }
  },
  "name": "HARP Sounding Rocket",
  "photo": {
    "1024x576": "https://ksr-ugc.imgix.net/assets/011/306/400/164a7d68074eafc22fd802a35135b795_original.jpg?w=1024&h=576&fit=fill&bg=000000&v=1463680743&auto=format&q=92&s=3a9766383fc71c767eb9858ac6bfa89b",
    "1536x864": "https://ksr-ugc.imgix.net/assets/011/306/400/164a7d68074eafc22fd802a35135b795_original.jpg?w=1536&h=864&fit=fill&bg=000000&v=1463680743&auto=format&q=92&s=bf5a36c38bd28ebf20770a5104eb5ca7",
    "ed": "https://ksr-ugc.imgix.net/assets/011/306/400/164a7d68074eafc22fd802a35135b795_original.jpg?w=338&h=190&fit=fill&bg=000000&v=1463680743&auto=format&q=92&s=c415674a5cffb9277646ec548907c58e",
    "full": "https://ksr-ugc.imgix.net/assets/011/306/400/164a7d68074eafc22fd802a35135b795_original.jpg?w=560&h=315&fit=fill&bg=000000&v=1463680743&auto=format&q=92&s=4191ce506057f1eb19206a019af85eda",
    "key": "assets/011/306/400/164a7d68074eafc22fd802a35135b795_original.jpg",
    "little": "https://ksr-ugc.imgix.net/assets/011/306/400/164a7d68074eafc22fd802a35135b795_original.jpg?w=200&h=112&fit=fill&bg=000000&v=1463680743&auto=format&q=92&s=092dc3f6350a63d0f47ca51292b0c21d",
    "med": "https://ksr-ugc.imgix.net/assets/011/306/400/164a7d68074eafc22fd802a35135b795_original.jpg?w=266&h=150&fit=fill&bg=000000&v=1463680743&auto=format&q=92&s=093d2cc10b0e6d24702e767e204a27e8",
    "small": "https://ksr-ugc.imgix.net/assets/011/306/400/164a7d68074eafc22fd802a35135b795_original.jpg?w=160&h=90&fit=fill&bg=000000&v=1463680743&auto=format&q=92&s=babeefca33e28530f6241780e8b030d1",
    "thumb": "https://ksr-ugc.imgix.net/assets/011/306/400/164a7d68074eafc22fd802a35135b795_original.jpg?w=40&h=22&fit=fill&bg=000000&v=1463680743&auto=format&q=92&s=e391751757f1e687ba7a9866cba71237"
  },
  "pledged": 280.0,
  "profile": {
    "background_color": null,
    "background_image_opacity": 0.8,
    "blurb": null,
    "feature_image_attributes": {
      "image_urls": {
        "baseball_card": "https://ksr-ugc.imgix.net/assets/011/306/400/164a7d68074eafc22fd802a35135b795_original.jpg?w=1552&h=873&fit=fill&bg=000000&v=1463680743&auto=format&q=92&s=93a6ff44d13502e1dcb2d3bfaa4d2882",
        "default": "https://ksr-ugc.imgix.net/assets/011/306/400/164a7d68074eafc22fd802a35135b795_original.jpg?w=1552&h=873&fit=fill&bg=000000&v=1463680743&auto=format&q=92&s=93a6ff44d13502e1dcb2d3bfaa4d2882"
      }
    },
    "id": 61755,
    "link_background_color": null,
    "link_text": null,
    "link_text_color": null,
    "link_url": null,
    "name": null,
    "project_id": 61755,
    "should_show_feature_image_section": true,
    "show_feature_image": false,
    "state": "inactive",
    "state_changed_at": 1425915804,
    "text_color": null
  },
  "slug": "harp-sounding-rocket",
  "spotlight": false,
  "staff_pick": false,
  "state": "failed",
  "state_changed_at": 1328303455,
  "static_usd_rate": 1.0,
  "urls": {
    "web": {
      "project": "https://www.kickstarter.com/projects/366499765/harp-sounding-rocket?ref=category_newest",
      "rewards": "https://www.kickstarter.com/projects/366499765/harp-sounding-rocket/rewards"
    }
  },
  "usd_pledged": "280.0"
}