{
  "backers_count": 21,
  "blurb": "An eBook to teach how-to build a dynamic, data-driven web site using PHP programming and MySQL databases.",
  "category": {
    "color": 6526716,
    "id": 51,
    "name": "Software",
    "parent_id": 16,
    "position": 11,
    "slug": "technology/software",
    "urls": {
      "web": {
        "discover": "http://www.kickstarter.com/discover/categories/technology/software"
      }
    }
  },
  "country": "US",
  "created_at": 1438734525,
  "creator": {
    "avatar": {
      "medium": "https://ksr-ugc.imgix.net/assets/010/207/125/fbf1f0814a38269414792496c96a9254_original.jpg?w=160&h=160&fit=crop&v=1461673861&auto=format&q=92&s=8024daf94ef52f2bf83200b864f14548",
      "small": "https://ksr-ugc.imgix.net/assets/010/207/125/fbf1f0814a38269414792496c96a9254_original.jpg?w=160&h=160&fit=crop&v=1461673861&auto=format&q=92&s=8024daf94ef52f2bf83200b864f14548",
      "thumb": "https://ksr-ugc.imgix.net/assets/010/207/125/fbf1f0814a38269414792496c96a9254_original.jpg?w=40&h=40&fit=crop&v=1461673861&auto=format&q=92&s=8b3ab1241e4fcb58fa52a571211ec2e0"
    },
    "id": 977624383,
    "name": "Scott Walker",
    "urls": {
      "api": {
        "user": "https://api.kickstarter.com/v1/users/977624383?signature=1488680331.81dd149763ea0b1c5e209772afb4ed5086b9a5b1"
      },
      "web": {
        "user": "https://www.kickstarter.com/profile/977624383"
      }
    }
  },
  "currency": "USD",
  "currency_symbol": "$",
  "currency_trailing_code": true,
  "deadline": 1441928740,
  "disable_communication": false,
  "goal": 3000.0,
  "id": 1009639152,
  "launched_at": 1439336740,
  "location": {
    "country": "US",
    "displayable_name": "San Antonio, TX",
    "id": 2487796,
    "is_root": false,
    "name": "San Antonio",
    "short_name": "San Antonio, TX",
    "slug": "san-antonio-tx",
    "state": "TX",
    "type": "Town",
    "urls": {
      "api": {
        "nearby_projects": "https://api.kickstarter.com/v1/discover?signature=1488668422.bf3c411783beb52507127aafb2f17ec8f49883e2&woe_id=2487796"
      },
      "web": {
        "discover": "https://www.kickstarter.com/discover/places/san-antonio-tx",
        "location": "https://www.kickstarter.com/locations/san-antonio-tx"
      }
    }
  },
  "name": "The Art of PHP and MySQL Programming",
  "photo": {
    "1024x576": "https://ksr-ugc.imgix.net/assets/012/216/382/1d196dc4acc5e90b06a4c24057c59770_original.jpg?w=1024&h=576&fit=fill&bg=000000&v=1463743057&auto=format&q=92&s=ae4c6a2ac73e84a7df1d6f68ae0533f1",
    "1536x864": "https://ksr-ugc.imgix.net/assets/012/216/382/1d196dc4acc5e90b06a4c24057c59770_original.jpg?w=1536&h=864&fit=fill&bg=000000&v=1463743057&auto=format&q=92&s=6f67f28b5f9dad2b2acd9cb0a92ed113",
    "ed": "https://ksr-ugc.imgix.net/assets/012/216/382/1d196dc4acc5e90b06a4c24057c59770_original.jpg?w=338&h=190&fit=fill&bg=000000&v=1463743057&auto=format&q=92&s=6f6268884e7d1a3d3bf6a474e49b46c8",
    "full": "https://ksr-ugc.imgix.net/assets/012/216/382/1d196dc4acc5e90b06a4c24057c59770_original.jpg?w=560&h=315&fit=fill&bg=000000&v=1463743057&auto=format&q=92&s=95f9e6f5aa2f850f73fb14b2ae7c885d",
    "key": "assets/012/216/382/1d196dc4acc5e90b06a4c24057c59770_original.jpg",
    "little": "https://ksr-ugc.imgix.net/assets/012/216/382/1d196dc4acc5e90b06a4c24057c59770_original.jpg?w=200&h=112&fit=fill&bg=000000&v=1463743057&auto=format&q=92&s=e397a89ff841ce6a0e76edf85aee195c",
    "med": "https://ksr-ugc.imgix.net/assets/012/216/382/1d196dc4acc5e90b06a4c24057c59770_original.jpg?w=266&h=150&fit=fill&bg=000000&v=1463743057&auto=format&q=92&s=8977d9fdeba38ec10bc93c6e8d7ec57a",
    "small": "https://ksr-ugc.imgix.net/assets/012/216/382/1d196dc4acc5e90b06a4c24057c59770_original.jpg?w=160&h=90&fit=fill&bg=000000&v=1463743057&auto=format&q=92&s=fb3205a622a29fa6800ca0b74c439998",
    "thumb": "https://ksr-ugc.imgix.net/assets/012/216/382/1d196dc4acc5e90b06a4c24057c59770_original.jpg?w=40&h=22&fit=fill&bg=000000&v=1463743057&auto=format&q=92&s=0fa8b872d93d4791d057cc9b1c7cb675"
  },
  "pledged": 435.0,
  "profile": {
    "background_color": null,
    "background_image_opacity": 0.8,
    "blurb": null,
    "feature_image_attributes": {
      "image_urls": {
        "baseball_card": "https://ksr-ugc.imgix.net/assets/012/216/382/1d196dc4acc5e90b06a4c24057c59770_original.jpg?w=1552&h=873&fit=fill&bg=000000&v=1463743057&auto=format&q=92&s=60b1656ed5d4379ad44913ba032613c4",
        "default": "https://ksr-ugc.imgix.net/assets/012/216/382/1d196dc4acc5e90b06a4c24057c59770_original.jpg?w=1552&h=873&fit=fill&bg=000000&v=1463743057&auto=format&q=92&s=60b1656ed5d4379ad44913ba032613c4"
      }
    },
    "id": 2051334,
    "link_background_color": null,
    "link_text": null,
    "link_text_color": null,
    "link_url": null,
    "name": null,
    "project_id": 2051334,
    "should_show_feature_image_section": true,
    "show_feature_image": false,
    "state": "inactive",
    "state_changed_at": 1438734525,
    "text_color": null
  },
  "slug": "the-art-of-php-and-mysql-programming",
  "spotlight": false,
  "staff_pick": false,
  "state": "failed",
  "state_changed_at": 1441928740,
  "static_usd_rate": 1.0,
  "urls": {
    "web": {
      "project": "https://www.kickstarter.com/projects/977624383/the-art-of-php-and-mysql-programming?ref=category_newest",
      "rewards": "https://www.kickstarter.com/projects/977624383/the-art-of-php-and-mysql-programming/rewards"
    }
  },
  "usd_pledged": "435.0"
}