{
  "backers_count": 40,
  "blurb": "Introducing the First Lifelike 3D Photo Figurine Studio in the U.S. - Greater Boston Area",
  "category": {
    "color": 6526716,
    "id": 331,
    "name": "3D Printing",
    "parent_id": 16,
    "position": 1,
    "slug": "technology/3d printing",
    "urls": {
      "web": {
        "discover": "http://www.kickstarter.com/discover/categories/technology/3d%20printing"
      }
    }
  },
  "country": "US",
  "created_at": 1409926790,
  "creator": {
    "avatar": {
      "medium": "https://ksr-ugc.imgix.net/assets/009/050/661/aff14e75c8737f820480b5fb3e0c05af_original.jpg?w=160&h=160&fit=crop&v=1461555301&auto=format&q=92&s=a612100446f2e267b3f395fdf01ac6f3",
      "small": "https://ksr-ugc.imgix.net/assets/009/050/661/aff14e75c8737f820480b5fb3e0c05af_original.jpg?w=160&h=160&fit=crop&v=1461555301&auto=format&q=92&s=a612100446f2e267b3f395fdf01ac6f3",
      "thumb": "https://ksr-ugc.imgix.net/assets/009/050/661/aff14e75c8737f820480b5fb3e0c05af_original.jpg?w=40&h=40&fit=crop&v=1461555301&auto=format&q=92&s=d5f53950d8d1d3a227d1dc56b107acd8"
    },
    "id": 652791210,
    "name": "Yifei Zhang",
    "slug": "yifei",
    "urls": {
      "api": {
        "user": "https://api.kickstarter.com/v1/users/652791210?signature=1488678729.faf1da0433a85edbf932a27da25bd41075013d53"
      },
      "web": {
        "user": "https://www.kickstarter.com/profile/yifei"
      }
    }
  },
  "currency": "USD",
  "currency_symbol": "$",
  "currency_trailing_code": true,
  "deadline": 1416682440,
  "disable_communication": false,
  "goal": 20000.0,
  "id": 1009041597,
  "launched_at": 1411494840,
  "location": {
    "country": "US",
    "displayable_name": "Boston, MA",
    "id": 2367105,
    "is_root": false,
    "name": "Boston",
    "short_name": "Boston, MA",
    "slug": "boston-ma",
    "state": "MA",
    "type": "Town",
    "urls": {
      "api": {
        "nearby_projects": "https://api.kickstarter.com/v1/discover?signature=1488668420.9055e4addaba42362cc2bab4d4e8a8bac27eb16c&woe_id=2367105"
      },
      "web": {
        "discover": "https://www.kickstarter.com/discover/places/boston-ma",
        "location": "https://www.kickstarter.com/locations/boston-ma"
      }
    }
  },
  "name": "3D Bean\u2122 | Lifelike Fine 3D Photo Figurines of Yourself",
  "photo": {
    "1024x576": "https://ksr-ugc.imgix.net/assets/011/860/281/7ac4355d5d7e0ee4bf77f180e140a5f1_original.jpg?w=1024&h=576&fit=fill&bg=000000&v=1463705478&auto=format&q=92&s=cc1a4eb04007248fa49c4a4951403276",
    "1536x864": "https://ksr-ugc.imgix.net/assets/011/860/281/7ac4355d5d7e0ee4bf77f180e140a5f1_original.jpg?w=1536&h=864&fit=fill&bg=000000&v=1463705478&auto=format&q=92&s=5caaba1a7286552d6b48b3211c86cd95",
    "ed": "https://ksr-ugc.imgix.net/assets/011/860/281/7ac4355d5d7e0ee4bf77f180e140a5f1_original.jpg?w=338&h=190&fit=fill&bg=000000&v=1463705478&auto=format&q=92&s=3f1c6eea382a7996a4f41ed051b21b27",
    "full": "https://ksr-ugc.imgix.net/assets/011/860/281/7ac4355d5d7e0ee4bf77f180e140a5f1_original.jpg?w=560&h=315&fit=fill&bg=000000&v=1463705478&auto=format&q=92&s=0659512a5c70bf3e06b01a81c16f171c",
    "key": "assets/011/860/281/7ac4355d5d7e0ee4bf77f180e140a5f1_original.jpg",
    "little": "https://ksr-ugc.imgix.net/assets/011/860/281/7ac4355d5d7e0ee4bf77f180e140a5f1_original.jpg?w=200&h=112&fit=fill&bg=000000&v=1463705478&auto=format&q=92&s=e698536f755e23fd94f4c377bcdb5ac5",
    "med": "https://ksr-ugc.imgix.net/assets/011/860/281/7ac4355d5d7e0ee4bf77f180e140a5f1_original.jpg?w=266&h=150&fit=fill&bg=000000&v=1463705478&auto=format&q=92&s=c23bc92e17030979fb69856c71525a27",
    "small": "https://ksr-ugc.imgix.net/assets/011/860/281/7ac4355d5d7e0ee4bf77f180e140a5f1_original.jpg?w=160&h=90&fit=fill&bg=000000&v=1463705478&auto=format&q=92&s=7b4f710976176f22984370c83d7b4616",
    "thumb": "https://ksr-ugc.imgix.net/assets/011/860/281/7ac4355d5d7e0ee4bf77f180e140a5f1_original.jpg?w=40&h=22&fit=fill&bg=000000&v=1463705478&auto=format&q=92&s=0aeb0e753d24181818b671edfc5ae814"
  },
  "pledged": 13020.0,
  "profile": {
    "background_color": null,
    "background_image_opacity": 0.8,
    "blurb": null,
    "feature_image_attributes": {
      "image_urls": {
        "baseball_card": "https://ksr-ugc.imgix.net/assets/011/860/281/7ac4355d5d7e0ee4bf77f180e140a5f1_original.jpg?w=1552&h=873&fit=fill&bg=000000&v=1463705478&auto=format&q=92&s=e3b3481cbec31273263066662028135e",
        "default": "https://ksr-ugc.imgix.net/assets/011/860/281/7ac4355d5d7e0ee4bf77f180e140a5f1_original.jpg?w=1552&h=873&fit=fill&bg=000000&v=1463705478&auto=format&q=92&s=e3b3481cbec31273263066662028135e"
      }
    },
    "id": 1341042,
    "link_background_color": null,
    "link_text": null,
    "link_text_color": null,
    "link_url": null,
    "name": null,
    "project_id": 1341042,
    "should_show_feature_image_section": true,
    "show_feature_image": false,
    "state": "inactive",
    "state_changed_at": 1425915874,
    "text_color": null
  },
  "slug": "3d-beantm-lifelike-fine-3d-photo-figurines-of-your",
  "spotlight": false,
  "staff_pick": true,
  "state": "failed",
  "state_changed_at": 1416682440,
  "static_usd_rate": 1.0,
  "urls": {
    "web": {
      "project": "https://www.kickstarter.com/projects/yifei/3d-beantm-lifelike-fine-3d-photo-figurines-of-your?ref=category_newest",
      "rewards": "https://www.kickstarter.com/projects/yifei/3d-beantm-lifelike-fine-3d-photo-figurines-of-your/rewards"
    }
  },
  "usd_pledged": "13020.0"
}