{
  "backers_count": 1,
  "blurb": "The most influential and prestigious awards program that honors innovation and leadership in mobile technology and entertainment",
  "category": {
    "color": 6526716,
    "id": 342,
    "name": "Web",
    "parent_id": 16,
    "position": 15,
    "slug": "technology/web",
    "urls": {
      "web": {
        "discover": "http://www.kickstarter.com/discover/categories/technology/web"
      }
    }
  },
  "country": "US",
  "created_at": 1447881473,
  "creator": {
    "avatar": {
      "medium": "https://ksr-ugc.imgix.net/assets/010/566/911/ef16b282bd6bc86603195ed93ded2891_original.jpg?w=160&h=160&fit=crop&v=1461698230&auto=format&q=92&s=e36c69a9e8f618d21510185b4efa13c8",
      "small": "https://ksr-ugc.imgix.net/assets/010/566/911/ef16b282bd6bc86603195ed93ded2891_original.jpg?w=160&h=160&fit=crop&v=1461698230&auto=format&q=92&s=e36c69a9e8f618d21510185b4efa13c8",
      "thumb": "https://ksr-ugc.imgix.net/assets/010/566/911/ef16b282bd6bc86603195ed93ded2891_original.jpg?w=40&h=40&fit=crop&v=1461698230&auto=format&q=92&s=ea3dadcf02676edda730075d50900746"
    },
    "id": 32227809,
    "name": "sarah miller",
    "urls": {
      "api": {
        "user": "https://api.kickstarter.com/v1/users/32227809?signature=1488681013.686b31237f228995bec230bfa495030da2b3ef69"
      },
      "web": {
        "user": "https://www.kickstarter.com/profile/32227809"
      }
    }
  },
  "currency": "USD",
  "currency_symbol": "$",
  "currency_trailing_code": true,
  "deadline": 1452282420,
  "disable_communication": false,
  "goal": 10000.0,
  "id": 1009347869,
  "launched_at": 1447962505,
  "location": {
    "country": "US",
    "displayable_name": "Los Angeles, CA",
    "id": 2442047,
    "is_root": false,
    "name": "Los Angeles",
    "short_name": "Los Angeles, CA",
    "slug": "los-angeles-ca",
    "state": "CA",
    "type": "Town",
    "urls": {
      "api": {
        "nearby_projects": "https://api.kickstarter.com/v1/discover?signature=1488668418.2de3dd8b85798392a2853b73be0e5dca0bc529fa&woe_id=2442047"
      },
      "web": {
        "discover": "https://www.kickstarter.com/discover/places/los-angeles-ca",
        "location": "https://www.kickstarter.com/locations/los-angeles-ca"
      }
    }
  },
  "name": "Mobile Excellence Awards (Canceled)",
  "photo": {
    "1024x576": "https://ksr-ugc.imgix.net/assets/012/311/457/c49c4261c49945ce2c68859f7fa4ff0f_original.jpg?w=1024&h=576&fit=fill&bg=000000&v=1463755327&auto=format&q=92&s=32db2c4b39a5e5d75c8c955a0ba2dc17",
    "1536x864": "https://ksr-ugc.imgix.net/assets/012/311/457/c49c4261c49945ce2c68859f7fa4ff0f_original.jpg?w=1536&h=864&fit=fill&bg=000000&v=1463755327&auto=format&q=92&s=a1af5f2a74963e91a6079a558cdeeba9",
    "ed": "https://ksr-ugc.imgix.net/assets/012/311/457/c49c4261c49945ce2c68859f7fa4ff0f_original.jpg?w=338&h=190&fit=fill&bg=000000&v=1463755327&auto=format&q=92&s=77696dd026e0f6126ec03563c024dd2e",
    "full": "https://ksr-ugc.imgix.net/assets/012/311/457/c49c4261c49945ce2c68859f7fa4ff0f_original.jpg?w=560&h=315&fit=fill&bg=000000&v=1463755327&auto=format&q=92&s=fcb938f10b7e58adca6e4b1b25a0bd77",
    "key": "assets/012/311/457/c49c4261c49945ce2c68859f7fa4ff0f_original.jpg",
    "little": "https://ksr-ugc.imgix.net/assets/012/311/457/c49c4261c49945ce2c68859f7fa4ff0f_original.jpg?w=200&h=112&fit=fill&bg=000000&v=1463755327&auto=format&q=92&s=3afd199b8f50f89dec2b971ac3c1c1be",
    "med": "https://ksr-ugc.imgix.net/assets/012/311/457/c49c4261c49945ce2c68859f7fa4ff0f_original.jpg?w=266&h=150&fit=fill&bg=000000&v=1463755327&auto=format&q=92&s=03a98998ab0faee5fdda07b01d1f49a7",
    "small": "https://ksr-ugc.imgix.net/assets/012/311/457/c49c4261c49945ce2c68859f7fa4ff0f_original.jpg?w=160&h=90&fit=fill&bg=000000&v=1463755327&auto=format&q=92&s=a9f781bccbbe55b6676c43be4acbb00d",
    "thumb": "https://ksr-ugc.imgix.net/assets/012/311/457/c49c4261c49945ce2c68859f7fa4ff0f_original.jpg?w=40&h=22&fit=fill&bg=000000&v=1463755327&auto=format&q=92&s=eb157122303d6e29420ef2187435fbd2"
  },
  "pledged": 300.0,
  "profile": {
    "background_color": null,
    "background_image_opacity": 0.8,
    "blurb": null,
    "feature_image_attributes": {
      "image_urls": {
        "baseball_card": "https://ksr-ugc.imgix.net/assets/012/311/457/c49c4261c49945ce2c68859f7fa4ff0f_original.jpg?w=1552&h=873&fit=fill&bg=000000&v=1463755327&auto=format&q=92&s=65559d0e7b3f04c42191211026b203d3",
        "default": "https://ksr-ugc.imgix.net/assets/012/311/457/c49c4261c49945ce2c68859f7fa4ff0f_original.jpg?w=1552&h=873&fit=fill&bg=000000&v=1463755327&auto=format&q=92&s=65559d0e7b3f04c42191211026b203d3"
      }
    },
    "id": 2236148,
    "link_background_color": null,
    "link_text": null,
    "link_text_color": null,
    "link_url": null,
    "name": null,
    "project_id": 2236148,
    "should_show_feature_image_section": true,
    "show_feature_image": false,
    "state": "inactive",
    "state_changed_at": 1447881473,
    "text_color": null
  },
  "slug": "mobile-excellence-awards",
  "spotlight": false,
  "staff_pick": false,
  "state": "canceled",
  "state_changed_at": 1447986982,
  "static_usd_rate": 1.0,
  "urls": {
    "web": {
      "project": "https://www.kickstarter.com/projects/32227809/mobile-excellence-awards?ref=category_newest",
      "rewards": "https://www.kickstarter.com/projects/32227809/mobile-excellence-awards/rewards"
    }
  },
  "usd_pledged": "300.0"
}