{
  "backers_count": 37,
  "blurb": "The world's smallest wireless IMU - ARM Cortex M0+ 256KB, up to 48MHz. Wireless mesh, Zigbee, 9-DoF IMU, temperature, altimeter.",
  "category": {
    "color": 6526716,
    "id": 52,
    "name": "Hardware",
    "parent_id": 16,
    "position": 8,
    "slug": "technology/hardware",
    "urls": {
      "web": {
        "discover": "http://www.kickstarter.com/discover/categories/technology/hardware"
      }
    }
  },
  "country": "US",
  "created_at": 1427527568,
  "creator": {
    "avatar": {
      "medium": "https://ksr-ugc.imgix.net/assets/008/431/491/d06800a48cf5138448b72e3b7e74b59f_original.JPG?w=160&h=160&fit=crop&v=1461523651&auto=format&q=92&s=363f04258d3860811285cb63669a01ff",
      "small": "https://ksr-ugc.imgix.net/assets/008/431/491/d06800a48cf5138448b72e3b7e74b59f_original.JPG?w=160&h=160&fit=crop&v=1461523651&auto=format&q=92&s=363f04258d3860811285cb63669a01ff",
      "thumb": "https://ksr-ugc.imgix.net/assets/008/431/491/d06800a48cf5138448b72e3b7e74b59f_original.JPG?w=40&h=40&fit=crop&v=1461523651&auto=format&q=92&s=a9267873d20328a6a3a2908adacea8df"
    },
    "id": 1265095814,
    "name": "Femtoduino.com",
    "urls": {
      "api": {
        "user": "https://api.kickstarter.com/v1/users/1265095814?signature=1488679797.0d0c719635c21843a1bb11a064de3db40827f07e"
      },
      "web": {
        "user": "https://www.kickstarter.com/profile/1265095814"
      }
    }
  },
  "currency": "USD",
  "currency_symbol": "$",
  "currency_trailing_code": true,
  "deadline": 1434043830,
  "disable_communication": false,
  "goal": 500.0,
  "id": 1009809497,
  "launched_at": 1431451830,
  "location": {
    "country": "US",
    "displayable_name": "San Francisco, CA",
    "id": 2487956,
    "is_root": false,
    "name": "San Francisco",
    "short_name": "San Francisco, CA",
    "slug": "san-francisco-ca",
    "state": "CA",
    "type": "Town",
    "urls": {
      "api": {
        "nearby_projects": "https://api.kickstarter.com/v1/discover?signature=1488668419.2ca6b59b4a6c9f76668a2fde02de5d8a382ea747&woe_id=2487956"
      },
      "web": {
        "discover": "https://www.kickstarter.com/discover/places/san-francisco-ca",
        "location": "https://www.kickstarter.com/locations/san-francisco-ca"
      }
    }
  },
  "name": "The dime-sized FemtoBeacon - Wireless IMU, ARM Cortex M0+",
  "photo": {
    "1024x576": "https://ksr-ugc.imgix.net/assets/012/087/307/ac0ae7da77d965498efcdaa1265fe6b8_original.jpg?w=1024&h=576&fit=fill&bg=000000&v=1463730743&auto=format&q=92&s=8dec4999900a3b1eff385a532b627f5d",
    "1536x864": "https://ksr-ugc.imgix.net/assets/012/087/307/ac0ae7da77d965498efcdaa1265fe6b8_original.jpg?w=1536&h=864&fit=fill&bg=000000&v=1463730743&auto=format&q=92&s=7838f29a419530e458d6ce21cfe06eaf",
    "ed": "https://ksr-ugc.imgix.net/assets/012/087/307/ac0ae7da77d965498efcdaa1265fe6b8_original.jpg?w=338&h=190&fit=fill&bg=000000&v=1463730743&auto=format&q=92&s=c5912a32f64358b80637d5680c016bfa",
    "full": "https://ksr-ugc.imgix.net/assets/012/087/307/ac0ae7da77d965498efcdaa1265fe6b8_original.jpg?w=560&h=315&fit=fill&bg=000000&v=1463730743&auto=format&q=92&s=f66b5628d05cf04798b0277b5f7875f6",
    "key": "assets/012/087/307/ac0ae7da77d965498efcdaa1265fe6b8_original.jpg",
    "little": "https://ksr-ugc.imgix.net/assets/012/087/307/ac0ae7da77d965498efcdaa1265fe6b8_original.jpg?w=200&h=112&fit=fill&bg=000000&v=1463730743&auto=format&q=92&s=dfcd0983f42ce2db29f2f46329a08638",
    "med": "https://ksr-ugc.imgix.net/assets/012/087/307/ac0ae7da77d965498efcdaa1265fe6b8_original.jpg?w=266&h=150&fit=fill&bg=000000&v=1463730743&auto=format&q=92&s=ced298dcc825aad8a4e2790bd35a10b3",
    "small": "https://ksr-ugc.imgix.net/assets/012/087/307/ac0ae7da77d965498efcdaa1265fe6b8_original.jpg?w=160&h=90&fit=fill&bg=000000&v=1463730743&auto=format&q=92&s=bafde00e340bd72f9cf0aabc7d52994f",
    "thumb": "https://ksr-ugc.imgix.net/assets/012/087/307/ac0ae7da77d965498efcdaa1265fe6b8_original.jpg?w=40&h=22&fit=fill&bg=000000&v=1463730743&auto=format&q=92&s=98656ab95f97011a63b22e08cc0f2ac9"
  },
  "pledged": 3801.0,
  "profile": {
    "background_color": "",
    "background_image_opacity": 0.8,
    "blurb": "The world's smallest wireless IMU - ARM Cortex M0+ 256KB, up to 48MHz. Wireless mesh, Zigbee, 9-DoF IMU, temperature, altimeter.",
    "feature_image_attributes": {
      "image_urls": {
        "baseball_card": "https://ksr-ugc.imgix.net/assets/012/087/307/ac0ae7da77d965498efcdaa1265fe6b8_original.jpg?w=1552&h=873&fit=fill&bg=000000&v=1463730743&auto=format&q=92&s=28f2075a102ff81212763596300ac98d",
        "default": "https://ksr-ugc.imgix.net/assets/012/087/307/ac0ae7da77d965498efcdaa1265fe6b8_original.jpg?w=1552&h=873&fit=fill&bg=000000&v=1463730743&auto=format&q=92&s=28f2075a102ff81212763596300ac98d"
      }
    },
    "id": 1803940,
    "link_background_color": "",
    "link_text": "BUY NOW on Tindie",
    "link_text_color": "",
    "link_url": "https://www.tindie.com/search/#q=femtobeacon",
    "name": "The dime-sized FemtoBeacon - Wireless IMU, ARM Cortex M0+",
    "project_id": 1803940,
    "should_show_feature_image_section": true,
    "show_feature_image": false,
    "state": "active",
    "state_changed_at": 1473898991,
    "text_color": ""
  },
  "slug": "the-dime-sized-femtobeacon-wireless-imu-arm-cortex",
  "spotlight": true,
  "staff_pick": false,
  "state": "successful",
  "state_changed_at": 1434043834,
  "static_usd_rate": 1.0,
  "urls": {
    "web": {
      "project": "https://www.kickstarter.com/projects/1265095814/the-dime-sized-femtobeacon-wireless-imu-arm-cortex?ref=category_newest",
      "rewards": "https://www.kickstarter.com/projects/1265095814/the-dime-sized-femtobeacon-wireless-imu-arm-cortex/rewards"
    }
  },
  "usd_pledged": "3801.0"
}