{
  "backers_count": 6,
  "blurb": "Tweeting small satellite tracking data from Cube Satellites from 6 Major Cities around the World",
  "category": {
    "color": 6526716,
    "id": 340,
    "name": "Space Exploration",
    "parent_id": 16,
    "position": 13,
    "slug": "technology/space exploration",
    "urls": {
      "web": {
        "discover": "http://www.kickstarter.com/discover/categories/technology/space%20exploration"
      }
    }
  },
  "country": "US",
  "created_at": 1436424819,
  "creator": {
    "avatar": {
      "medium": "https://ksr-ugc.imgix.net/assets/009/503/965/45a57d2d8beeef5206082c664c6037e0_original.png?w=160&h=160&fit=crop&v=1461599651&auto=format&q=92&s=89862c07b1fca63b91b8afab5b521294",
      "small": "https://ksr-ugc.imgix.net/assets/009/503/965/45a57d2d8beeef5206082c664c6037e0_original.png?w=160&h=160&fit=crop&v=1461599651&auto=format&q=92&s=89862c07b1fca63b91b8afab5b521294",
      "thumb": "https://ksr-ugc.imgix.net/assets/009/503/965/45a57d2d8beeef5206082c664c6037e0_original.png?w=40&h=40&fit=crop&v=1461599651&auto=format&q=92&s=28803d3646d0db1ea9445b77c4f7b0b2"
    },
    "id": 1841518278,
    "name": "Aleks Bologna",
    "urls": {
      "api": {
        "user": "https://api.kickstarter.com/v1/users/1841518278?signature=1488680514.25f43f955acc8fc6a938d6a291dea3eb982bc4e5"
      },
      "web": {
        "user": "https://www.kickstarter.com/profile/1841518278"
      }
    }
  },
  "currency": "USD",
  "currency_symbol": "$",
  "currency_trailing_code": true,
  "deadline": 1439862507,
  "disable_communication": false,
  "goal": 100.0,
  "id": 1009749695,
  "launched_at": 1437270507,
  "location": {
    "country": "US",
    "displayable_name": "Cape Canaveral, FL",
    "id": 2374623,
    "is_root": false,
    "name": "Cape Canaveral",
    "short_name": "Cape Canaveral, FL",
    "slug": "cape-canaveral-fl",
    "state": "FL",
    "type": "Town",
    "urls": {
      "api": {
        "nearby_projects": "https://api.kickstarter.com/v1/discover?signature=1488669244.4b5c092c53c5d56da42e03ed1440edc23f3e45e7&woe_id=2374623"
      },
      "web": {
        "discover": "https://www.kickstarter.com/discover/places/cape-canaveral-fl",
        "location": "https://www.kickstarter.com/locations/cape-canaveral-fl"
      }
    }
  },
  "name": "MyCubeSat.com",
  "photo": {
    "1024x576": "https://ksr-ugc.imgix.net/assets/012/191/972/195d71c9de0e30f22b4037315e962e9a_original.png?w=1024&h=576&fit=fill&bg=000000&v=1463740604&auto=format&q=92&s=c94b88931f0bed09e0ef159dd9c0c085",
    "1536x864": "https://ksr-ugc.imgix.net/assets/012/191/972/195d71c9de0e30f22b4037315e962e9a_original.png?w=1536&h=864&fit=fill&bg=000000&v=1463740604&auto=format&q=92&s=a25bf35fd7d16236c2dda5d8e4601fd8",
    "ed": "https://ksr-ugc.imgix.net/assets/012/191/972/195d71c9de0e30f22b4037315e962e9a_original.png?w=338&h=190&fit=fill&bg=000000&v=1463740604&auto=format&q=92&s=bae795ffd405a24e48bc8c33c4abd55a",
    "full": "https://ksr-ugc.imgix.net/assets/012/191/972/195d71c9de0e30f22b4037315e962e9a_original.png?w=560&h=315&fit=fill&bg=000000&v=1463740604&auto=format&q=92&s=cf1a4f2e5b42cc95381cecbfa6110081",
    "key": "assets/012/191/972/195d71c9de0e30f22b4037315e962e9a_original.png",
    "little": "https://ksr-ugc.imgix.net/assets/012/191/972/195d71c9de0e30f22b4037315e962e9a_original.png?w=200&h=112&fit=fill&bg=000000&v=1463740604&auto=format&q=92&s=5f3e65a60d5b4dc111678ee56b1cec5a",
    "med": "https://ksr-ugc.imgix.net/assets/012/191/972/195d71c9de0e30f22b4037315e962e9a_original.png?w=266&h=150&fit=fill&bg=000000&v=1463740604&auto=format&q=92&s=26a1217cd7e29ae603c8e3a3a369ad6c",
    "small": "https://ksr-ugc.imgix.net/assets/012/191/972/195d71c9de0e30f22b4037315e962e9a_original.png?w=160&h=90&fit=fill&bg=000000&v=1463740604&auto=format&q=92&s=d9de630a22bd3885f7e0353a6b069ac0",
    "thumb": "https://ksr-ugc.imgix.net/assets/012/191/972/195d71c9de0e30f22b4037315e962e9a_original.png?w=40&h=22&fit=fill&bg=000000&v=1463740604&auto=format&q=92&s=481e3e0c38514f38bf0e3e1887d4a6e7"
  },
  "pledged": 135.0,
  "profile": {
    "background_color": null,
    "background_image_opacity": 0.8,
    "blurb": null,
    "feature_image_attributes": {
      "image_urls": {
        "baseball_card": "https://ksr-ugc.imgix.net/assets/012/191/972/195d71c9de0e30f22b4037315e962e9a_original.png?w=1552&h=873&fit=fill&bg=000000&v=1463740604&auto=format&q=92&s=a54cf3faf7985174d7405f2686d9a7c1",
        "default": "https://ksr-ugc.imgix.net/assets/012/191/972/195d71c9de0e30f22b4037315e962e9a_original.png?w=1552&h=873&fit=fill&bg=000000&v=1463740604&auto=format&q=92&s=a54cf3faf7985174d7405f2686d9a7c1"
      }
    },
    "id": 2005281,
    "link_background_color": null,
    "link_text": null,
    "link_text_color": null,
    "link_url": null,
    "name": null,
    "project_id": 2005281,
    "should_show_feature_image_section": true,
    "show_feature_image": false,
    "state": "inactive",
    "state_changed_at": 1436424819,
    "text_color": null
  },
  "slug": "mycubesatcom",
  "spotlight": true,
  "staff_pick": false,
  "state": "successful",
  "state_changed_at": 1439862507,
  "static_usd_rate": 1.0,
  "urls": {
    "web": {
      "project": "https://www.kickstarter.com/projects/1841518278/mycubesatcom?ref=category_newest",
      "rewards": "https://www.kickstarter.com/projects/1841518278/mycubesatcom/rewards"
    }
  },
  "usd_pledged": "135.0"
}