{
  "backers_count": 8,
  "blurb": "Edge Goalkeeping is a new goalkeeper glove brand to come. Sports equipement project, funds needed. Soccer, football, passion, sports.",
  "category": {
    "color": 6526716,
    "id": 341,
    "name": "Wearables",
    "parent_id": 16,
    "position": 14,
    "slug": "technology/wearables",
    "urls": {
      "web": {
        "discover": "http://www.kickstarter.com/discover/categories/technology/wearables"
      }
    }
  },
  "country": "CA",
  "created_at": 1426277734,
  "creator": {
    "avatar": {
      "medium": "https://ksr-ugc.imgix.net/assets/009/677/753/eff92b42db91055be3b037cd7e727b9e_original.jpg?w=160&h=160&fit=crop&v=1461619926&auto=format&q=92&s=bda0bb5dd94bd0407d1ff173ac3b0df9",
      "small": "https://ksr-ugc.imgix.net/assets/009/677/753/eff92b42db91055be3b037cd7e727b9e_original.jpg?w=160&h=160&fit=crop&v=1461619926&auto=format&q=92&s=bda0bb5dd94bd0407d1ff173ac3b0df9",
      "thumb": "https://ksr-ugc.imgix.net/assets/009/677/753/eff92b42db91055be3b037cd7e727b9e_original.jpg?w=40&h=40&fit=crop&v=1461619926&auto=format&q=92&s=2ba8bfbc146979d98ede5d8796cc7e6e"
    },
    "id": 2063705490,
    "name": "Martin Paquin",
    "urls": {
      "api": {
        "user": "https://api.kickstarter.com/v1/users/2063705490?signature=1488680593.69d1d2fa3bb7fa47c91cf34e76ce2e2550bfb007"
      },
      "web": {
        "user": "https://www.kickstarter.com/profile/2063705490"
      }
    }
  },
  "currency": "CAD",
  "currency_symbol": "$",
  "currency_trailing_code": true,
  "deadline": 1428103800,
  "disable_communication": false,
  "goal": 2500.0,
  "id": 1009489171,
  "launched_at": 1426518458,
  "location": {
    "country": "CA",
    "displayable_name": "Montreal, Canada",
    "id": 3534,
    "is_root": false,
    "name": "Montreal",
    "short_name": "Montreal, Canada",
    "slug": "montreal-ca",
    "state": "QC",
    "type": "Town",
    "urls": {
      "api": {
        "nearby_projects": "https://api.kickstarter.com/v1/discover?signature=1488668419.083ed7df0c33c9600e9b6c2409e34687e1b82527&woe_id=3534"
      },
      "web": {
        "discover": "https://www.kickstarter.com/discover/places/montreal-ca",
        "location": "https://www.kickstarter.com/locations/montreal-ca"
      }
    }
  },
  "name": "Edge Goalkeeping, a new approach to goalkeeper gloves",
  "photo": {
    "1024x576": "https://ksr-ugc.imgix.net/assets/012/068/247/c2c81c221f069df9defe9b4f4424edb7_original.jpg?w=1024&h=576&fit=fill&bg=000000&v=1463729063&auto=format&q=92&s=78c117cacffe7e9279dd27a54a8dd4de",
    "1536x864": "https://ksr-ugc.imgix.net/assets/012/068/247/c2c81c221f069df9defe9b4f4424edb7_original.jpg?w=1536&h=864&fit=fill&bg=000000&v=1463729063&auto=format&q=92&s=5c4476e59c773b1f68581ec9ebdf4d61",
    "ed": "https://ksr-ugc.imgix.net/assets/012/068/247/c2c81c221f069df9defe9b4f4424edb7_original.jpg?w=338&h=190&fit=fill&bg=000000&v=1463729063&auto=format&q=92&s=1aa9ded514b5e7a737e6aacdf5bad25b",
    "full": "https://ksr-ugc.imgix.net/assets/012/068/247/c2c81c221f069df9defe9b4f4424edb7_original.jpg?w=560&h=315&fit=fill&bg=000000&v=1463729063&auto=format&q=92&s=6fc36158c412c3f21f381c16d3aa0412",
    "key": "assets/012/068/247/c2c81c221f069df9defe9b4f4424edb7_original.jpg",
    "little": "https://ksr-ugc.imgix.net/assets/012/068/247/c2c81c221f069df9defe9b4f4424edb7_original.jpg?w=200&h=112&fit=fill&bg=000000&v=1463729063&auto=format&q=92&s=29ba4e6d24e474c27fdbfb32cc4ed151",
    "med": "https://ksr-ugc.imgix.net/assets/012/068/247/c2c81c221f069df9defe9b4f4424edb7_original.jpg?w=266&h=150&fit=fill&bg=000000&v=1463729063&auto=format&q=92&s=f59126e835801c45d54b7bd92d072a01",
    "small": "https://ksr-ugc.imgix.net/assets/012/068/247/c2c81c221f069df9defe9b4f4424edb7_original.jpg?w=160&h=90&fit=fill&bg=000000&v=1463729063&auto=format&q=92&s=62ddfe6afa61f270880649444b086ae7",
    "thumb": "https://ksr-ugc.imgix.net/assets/012/068/247/c2c81c221f069df9defe9b4f4424edb7_original.jpg?w=40&h=22&fit=fill&bg=000000&v=1463729063&auto=format&q=92&s=7490a0ef5c48f038b59b01a69c91ad87"
  },
  "pledged": 346.0,
  "profile": {
    "background_color": null,
    "background_image_opacity": 0.8,
    "blurb": null,
    "feature_image_attributes": {
      "image_urls": {
        "baseball_card": "https://ksr-ugc.imgix.net/assets/012/068/247/c2c81c221f069df9defe9b4f4424edb7_original.jpg?w=1552&h=873&fit=fill&bg=000000&v=1463729063&auto=format&q=92&s=65d7e0e820547ff219530c1759a85ea6",
        "default": "https://ksr-ugc.imgix.net/assets/012/068/247/c2c81c221f069df9defe9b4f4424edb7_original.jpg?w=1552&h=873&fit=fill&bg=000000&v=1463729063&auto=format&q=92&s=65d7e0e820547ff219530c1759a85ea6"
      }
    },
    "id": 1768002,
    "link_background_color": null,
    "link_text": null,
    "link_text_color": null,
    "link_url": null,
    "name": null,
    "project_id": 1768002,
    "should_show_feature_image_section": true,
    "show_feature_image": false,
    "state": "inactive",
    "state_changed_at": 1426277734,
    "text_color": null
  },
  "slug": "edge-goalkeeping-a-new-approach-to-goalkeeper-glov",
  "spotlight": false,
  "staff_pick": false,
  "state": "failed",
  "state_changed_at": 1428103819,
  "static_usd_rate": 0.78226511,
  "urls": {
    "web": {
      "project": "https://www.kickstarter.com/projects/2063705490/edge-goalkeeping-a-new-approach-to-goalkeeper-glov?ref=category_newest",
      "rewards": "https://www.kickstarter.com/projects/2063705490/edge-goalkeeping-a-new-approach-to-goalkeeper-glov/rewards"
    }
  },
  "usd_pledged": "270.66372806"
}