{
  "backers_count": 120,
  "blurb": "Bring music and sound responsiveness into all your Arduino projects easily, with the MSGEQ7 Breakout Board!",
  "category": {
    "color": 6526716,
    "id": 334,
    "name": "DIY Electronics",
    "parent_id": 16,
    "position": 4,
    "slug": "technology/diy electronics",
    "urls": {
      "web": {
        "discover": "http://www.kickstarter.com/discover/categories/technology/diy%20electronics"
      }
    }
  },
  "country": "US",
  "created_at": 1401246710,
  "creator": {
    "avatar": {
      "medium": "https://ksr-ugc.imgix.net/assets/006/782/224/5ff7238e45dd1e416fea406a7867afcd_original.jpg?w=160&h=160&fit=crop&v=1461410941&auto=format&q=92&s=410bf9bbaf65ce8fda6c1220fa97b81f",
      "small": "https://ksr-ugc.imgix.net/assets/006/782/224/5ff7238e45dd1e416fea406a7867afcd_original.jpg?w=160&h=160&fit=crop&v=1461410941&auto=format&q=92&s=410bf9bbaf65ce8fda6c1220fa97b81f",
      "thumb": "https://ksr-ugc.imgix.net/assets/006/782/224/5ff7238e45dd1e416fea406a7867afcd_original.jpg?w=40&h=40&fit=crop&v=1461410941&auto=format&q=92&s=71506086579efeb3a09d10b41b8804f6"
    },
    "id": 1649103139,
    "name": "Mark Cusimano",
    "urls": {
      "api": {
        "user": "https://api.kickstarter.com/v1/users/1649103139?signature=1488679296.e69acc05eafeb54453298f6bdafb18e37283f3c7"
      },
      "web": {
        "user": "https://www.kickstarter.com/profile/1649103139"
      }
    }
  },
  "currency": "USD",
  "currency_symbol": "$",
  "currency_trailing_code": true,
  "deadline": 1404435448,
  "disable_communication": false,
  "goal": 1000.0,
  "id": 1009463663,
  "launched_at": 1402016248,
  "location": {
    "country": "US",
    "displayable_name": "Austin, TX",
    "id": 2357536,
    "is_root": false,
    "name": "Austin",
    "short_name": "Austin, TX",
    "slug": "austin-tx",
    "state": "TX",
    "type": "Town",
    "urls": {
      "api": {
        "nearby_projects": "https://api.kickstarter.com/v1/discover?signature=1488668420.3700aff62e251c47579f5271b8866f6765c989f3&woe_id=2357536"
      },
      "web": {
        "discover": "https://www.kickstarter.com/discover/places/austin-tx",
        "location": "https://www.kickstarter.com/locations/austin-tx"
      }
    }
  },
  "name": "Seven Channel Graphic Equalizer Breakout Board for Arduino",
  "photo": {
    "1024x576": "https://ksr-ugc.imgix.net/assets/011/713/689/1c4adaa6ac0ef4d7dfdc2925df898f4b_original.jpg?w=1024&h=576&fit=fill&bg=000000&v=1463687163&auto=format&q=92&s=2e817f30c84d656132f90e68bfbcc13c",
    "1536x864": "https://ksr-ugc.imgix.net/assets/011/713/689/1c4adaa6ac0ef4d7dfdc2925df898f4b_original.jpg?w=1536&h=864&fit=fill&bg=000000&v=1463687163&auto=format&q=92&s=6d963febe95aaeef2e3943754a558d24",
    "ed": "https://ksr-ugc.imgix.net/assets/011/713/689/1c4adaa6ac0ef4d7dfdc2925df898f4b_original.jpg?w=338&h=190&fit=fill&bg=000000&v=1463687163&auto=format&q=92&s=3efa0fd90ca666a72750dc3c74a1f0a8",
    "full": "https://ksr-ugc.imgix.net/assets/011/713/689/1c4adaa6ac0ef4d7dfdc2925df898f4b_original.jpg?w=560&h=315&fit=fill&bg=000000&v=1463687163&auto=format&q=92&s=874366ea74cdbc0d5fa3111f5caf072b",
    "key": "assets/011/713/689/1c4adaa6ac0ef4d7dfdc2925df898f4b_original.jpg",
    "little": "https://ksr-ugc.imgix.net/assets/011/713/689/1c4adaa6ac0ef4d7dfdc2925df898f4b_original.jpg?w=200&h=112&fit=fill&bg=000000&v=1463687163&auto=format&q=92&s=ccc658f8781bd4668cdca02256b41c2a",
    "med": "https://ksr-ugc.imgix.net/assets/011/713/689/1c4adaa6ac0ef4d7dfdc2925df898f4b_original.jpg?w=266&h=150&fit=fill&bg=000000&v=1463687163&auto=format&q=92&s=6977fe68b69c54679dd8e4522eaf9c10",
    "small": "https://ksr-ugc.imgix.net/assets/011/713/689/1c4adaa6ac0ef4d7dfdc2925df898f4b_original.jpg?w=160&h=90&fit=fill&bg=000000&v=1463687163&auto=format&q=92&s=3f8680d9ea158824c55da478063d6947",
    "thumb": "https://ksr-ugc.imgix.net/assets/011/713/689/1c4adaa6ac0ef4d7dfdc2925df898f4b_original.jpg?w=40&h=22&fit=fill&bg=000000&v=1463687163&auto=format&q=92&s=98745392d0b1b833eefab3ebb5e6d672"
  },
  "pledged": 2780.0,
  "profile": {
    "background_color": null,
    "background_image_opacity": 0.8,
    "blurb": null,
    "feature_image_attributes": {
      "image_urls": {
        "baseball_card": "https://ksr-ugc.imgix.net/assets/011/713/689/1c4adaa6ac0ef4d7dfdc2925df898f4b_original.jpg?w=1552&h=873&fit=fill&bg=000000&v=1463687163&auto=format&q=92&s=10c22053e0c446940b22099607a893fb",
        "default": "https://ksr-ugc.imgix.net/assets/011/713/689/1c4adaa6ac0ef4d7dfdc2925df898f4b_original.jpg?w=1552&h=873&fit=fill&bg=000000&v=1463687163&auto=format&q=92&s=10c22053e0c446940b22099607a893fb"
      }
    },
    "id": 1041813,
    "link_background_color": null,
    "link_text": null,
    "link_text_color": null,
    "link_url": null,
    "name": null,
    "project_id": 1041813,
    "should_show_feature_image_section": true,
    "show_feature_image": false,
    "state": "inactive",
    "state_changed_at": 1425915858,
    "text_color": null
  },
  "slug": "seven-channel-graphic-equalizer-breakout-board-for",
  "spotlight": true,
  "staff_pick": false,
  "state": "successful",
  "state_changed_at": 1404435449,
  "static_usd_rate": 1.0,
  "urls": {
    "web": {
      "project": "https://www.kickstarter.com/projects/1649103139/seven-channel-graphic-equalizer-breakout-board-for?ref=category_newest",
      "rewards": "https://www.kickstarter.com/projects/1649103139/seven-channel-graphic-equalizer-breakout-board-for/rewards"
    }
  },
  "usd_pledged": "2780.0"
}