{
  "backers_count": 13,
  "blurb": "Stylizer is a virtual music arranger that can be used in studio and on live stage.\"Turn your midi keyboard into an arranger keyboard\"",
  "category": {
    "color": 6526716,
    "id": 51,
    "name": "Software",
    "parent_id": 16,
    "position": 11,
    "slug": "technology/software",
    "urls": {
      "web": {
        "discover": "http://www.kickstarter.com/discover/categories/technology/software"
      }
    }
  },
  "country": "CA",
  "created_at": 1389922472,
  "creator": {
    "avatar": {
      "medium": "https://ksr-ugc.imgix.net/assets/008/334/351/e39d1cd40a455153a4cb7ea424d25763_original.jpg?w=160&h=160&fit=crop&v=1461517874&auto=format&q=92&s=e9213275029a6af1d60498b5855eff18",
      "small": "https://ksr-ugc.imgix.net/assets/008/334/351/e39d1cd40a455153a4cb7ea424d25763_original.jpg?w=160&h=160&fit=crop&v=1461517874&auto=format&q=92&s=e9213275029a6af1d60498b5855eff18",
      "thumb": "https://ksr-ugc.imgix.net/assets/008/334/351/e39d1cd40a455153a4cb7ea424d25763_original.jpg?w=40&h=40&fit=crop&v=1461517874&auto=format&q=92&s=485b30e81d4705d0ab1f913884f256f4"
    },
    "id": 1277738411,
    "name": "Fayez Saidawi",
    "slug": "findasound",
    "urls": {
      "api": {
        "user": "https://api.kickstarter.com/v1/users/1277738411?signature=1488680241.ec6cad2676b192da51d7544393fc81d8f2529188"
      },
      "web": {
        "user": "https://www.kickstarter.com/profile/findasound"
      }
    }
  },
  "currency": "CAD",
  "currency_symbol": "$",
  "currency_trailing_code": true,
  "deadline": 1395767739,
  "disable_communication": false,
  "goal": 35000.0,
  "id": 1009359658,
  "launched_at": 1390587339,
  "location": {
    "country": "CA",
    "displayable_name": "Toronto, Canada",
    "id": 4118,
    "is_root": false,
    "name": "Toronto",
    "short_name": "Toronto, Canada",
    "slug": "toronto-on-ca",
    "state": "ON",
    "type": "Town",
    "urls": {
      "api": {
        "nearby_projects": "https://api.kickstarter.com/v1/discover?signature=1488668420.6cf3cba43c384a6530561e4c2f027f089e49c3ee&woe_id=4118"
      },
      "web": {
        "discover": "https://www.kickstarter.com/discover/places/toronto-on-ca",
        "location": "https://www.kickstarter.com/locations/toronto-on-ca"
      }
    }
  },
  "name": "Stylizer Vsti \"Virtual Music Arranger\"",
  "photo": {
    "1024x576": "https://ksr-ugc.imgix.net/assets/011/637/126/38192efb07a8736a8c37c586d034da82_original.jpg?w=1024&h=576&fit=fill&bg=000000&v=1463686048&auto=format&q=92&s=be1bfaab4aab595c3793d613383c992e",
    "1536x864": "https://ksr-ugc.imgix.net/assets/011/637/126/38192efb07a8736a8c37c586d034da82_original.jpg?w=1536&h=864&fit=fill&bg=000000&v=1463686048&auto=format&q=92&s=c382c4a2a7071cbcec47c64fb4c3984a",
    "ed": "https://ksr-ugc.imgix.net/assets/011/637/126/38192efb07a8736a8c37c586d034da82_original.jpg?w=338&h=190&fit=fill&bg=000000&v=1463686048&auto=format&q=92&s=c9ff307c3c5587213c9f0d2d2751b7fc",
    "full": "https://ksr-ugc.imgix.net/assets/011/637/126/38192efb07a8736a8c37c586d034da82_original.jpg?w=560&h=315&fit=fill&bg=000000&v=1463686048&auto=format&q=92&s=5249497ba7de493dff5a5c272221c6e3",
    "key": "assets/011/637/126/38192efb07a8736a8c37c586d034da82_original.jpg",
    "little": "https://ksr-ugc.imgix.net/assets/011/637/126/38192efb07a8736a8c37c586d034da82_original.jpg?w=200&h=112&fit=fill&bg=000000&v=1463686048&auto=format&q=92&s=15325f7de6fe806b8bc394707fb3611d",
    "med": "https://ksr-ugc.imgix.net/assets/011/637/126/38192efb07a8736a8c37c586d034da82_original.jpg?w=266&h=150&fit=fill&bg=000000&v=1463686048&auto=format&q=92&s=098a66cff19bac3492bf574e5954b896",
    "small": "https://ksr-ugc.imgix.net/assets/011/637/126/38192efb07a8736a8c37c586d034da82_original.jpg?w=160&h=90&fit=fill&bg=000000&v=1463686048&auto=format&q=92&s=8ad0756821f548e34d37c8da4288ea6e",
    "thumb": "https://ksr-ugc.imgix.net/assets/011/637/126/38192efb07a8736a8c37c586d034da82_original.jpg?w=40&h=22&fit=fill&bg=000000&v=1463686048&auto=format&q=92&s=96dc8de1838002d1c72797e27da516f8"
  },
  "pledged": 1380.0,
  "profile": {
    "background_color": null,
    "background_image_opacity": 0.8,
    "blurb": null,
    "feature_image_attributes": {
      "image_urls": {
        "baseball_card": "https://ksr-ugc.imgix.net/assets/011/637/126/38192efb07a8736a8c37c586d034da82_original.jpg?w=1552&h=873&fit=fill&bg=000000&v=1463686048&auto=format&q=92&s=e8bdfcf45b7dec196fc2937c72d05054",
        "default": "https://ksr-ugc.imgix.net/assets/011/637/126/38192efb07a8736a8c37c586d034da82_original.jpg?w=1552&h=873&fit=fill&bg=000000&v=1463686048&auto=format&q=92&s=e8bdfcf45b7dec196fc2937c72d05054"
      }
    },
    "id": 852719,
    "link_background_color": null,
    "link_text": null,
    "link_text_color": null,
    "link_url": null,
    "name": null,
    "project_id": 852719,
    "should_show_feature_image_section": true,
    "show_feature_image": false,
    "state": "inactive",
    "state_changed_at": 1425915846,
    "text_color": null
  },
  "slug": "stylizer-vsti-virtual-music-arranger",
  "spotlight": false,
  "staff_pick": false,
  "state": "failed",
  "state_changed_at": 1395767739,
  "static_usd_rate": 0.89972477,
  "urls": {
    "web": {
      "project": "https://www.kickstarter.com/projects/findasound/stylizer-vsti-virtual-music-arranger?ref=category_newest",
      "rewards": "https://www.kickstarter.com/projects/findasound/stylizer-vsti-virtual-music-arranger/rewards"
    }
  },
  "usd_pledged": "1241.6201826"
}