{
  "backers_count": 81,
  "blurb": "Start 3D Printing with an Affordable, Quick Build, Optimized, Large Format 3d Printer. Available as a DIY Kit or Fully Assembled!",
  "category": {
    "color": 6526716,
    "id": 52,
    "name": "Hardware",
    "parent_id": 16,
    "position": 8,
    "slug": "technology/hardware",
    "urls": {
      "web": {
        "discover": "http://www.kickstarter.com/discover/categories/technology/hardware"
      }
    }
  },
  "country": "US",
  "created_at": 1332904842,
  "creator": {
    "avatar": {
      "medium": "https://ksr-ugc.imgix.net/assets/006/288/380/d19ba44ad505dbb20a820bde7afef1e3_original.jpg?w=160&h=160&fit=crop&v=1461378721&auto=format&q=92&s=ee460f5eab7ce82ed80f48cde9c82b2a",
      "small": "https://ksr-ugc.imgix.net/assets/006/288/380/d19ba44ad505dbb20a820bde7afef1e3_original.jpg?w=160&h=160&fit=crop&v=1461378721&auto=format&q=92&s=ee460f5eab7ce82ed80f48cde9c82b2a",
      "thumb": "https://ksr-ugc.imgix.net/assets/006/288/380/d19ba44ad505dbb20a820bde7afef1e3_original.jpg?w=40&h=40&fit=crop&v=1461378721&auto=format&q=92&s=d63c6847a8ae720093680ba458cd842b"
    },
    "id": 2026267870,
    "name": "Matt Underwood",
    "slug": "vision3dprinter",
    "urls": {
      "api": {
        "user": "https://api.kickstarter.com/v1/users/2026267870?signature=1488679720.cb7fecd2db74e68b228600100233d5e812cb499c"
      },
      "web": {
        "user": "https://www.kickstarter.com/profile/vision3dprinter"
      }
    }
  },
  "currency": "USD",
  "currency_symbol": "$",
  "currency_trailing_code": true,
  "deadline": 1340864412,
  "disable_communication": false,
  "goal": 25000.0,
  "id": 1010631065,
  "launched_at": 1338099612,
  "location": {
    "country": "US",
    "displayable_name": "Mahomet, IL",
    "id": 2444274,
    "is_root": false,
    "name": "Mahomet",
    "short_name": "Mahomet, IL",
    "slug": "mahomet-il",
    "state": "IL",
    "type": "Town",
    "urls": {
      "api": {
        "nearby_projects": "https://api.kickstarter.com/v1/discover?signature=1488669908.a5548573600c6eee8b061541712b5bbf2afa95fc&woe_id=2444274"
      },
      "web": {
        "discover": "https://www.kickstarter.com/discover/places/mahomet-il",
        "location": "https://www.kickstarter.com/locations/mahomet-il"
      }
    }
  },
  "name": "The Vision : Not Just a 3D Printer... A DREAM",
  "photo": {
    "1024x576": "https://ksr-ugc.imgix.net/assets/011/337/030/5f67e06806c14036bc8c58687f92cf32_original.jpg?w=1024&h=576&fit=fill&bg=000000&v=1463681205&auto=format&q=92&s=e32d5655643445552e5e44e0e3a657fb",
    "1536x864": "https://ksr-ugc.imgix.net/assets/011/337/030/5f67e06806c14036bc8c58687f92cf32_original.jpg?w=1536&h=864&fit=fill&bg=000000&v=1463681205&auto=format&q=92&s=985514b53573eaa80329dfca95ec081c",
    "ed": "https://ksr-ugc.imgix.net/assets/011/337/030/5f67e06806c14036bc8c58687f92cf32_original.jpg?w=338&h=190&fit=fill&bg=000000&v=1463681205&auto=format&q=92&s=14a854612f0d5415a0e2e128d52be4f3",
    "full": "https://ksr-ugc.imgix.net/assets/011/337/030/5f67e06806c14036bc8c58687f92cf32_original.jpg?w=560&h=315&fit=fill&bg=000000&v=1463681205&auto=format&q=92&s=9ee3be19ea03eb8db91a5853663a497b",
    "key": "assets/011/337/030/5f67e06806c14036bc8c58687f92cf32_original.jpg",
    "little": "https://ksr-ugc.imgix.net/assets/011/337/030/5f67e06806c14036bc8c58687f92cf32_original.jpg?w=200&h=112&fit=fill&bg=000000&v=1463681205&auto=format&q=92&s=086d6de6b96d5f4eb9019ed4433b4971",
    "med": "https://ksr-ugc.imgix.net/assets/011/337/030/5f67e06806c14036bc8c58687f92cf32_original.jpg?w=266&h=150&fit=fill&bg=000000&v=1463681205&auto=format&q=92&s=3e484d5dec822df471ab4f2486380502",
    "small": "https://ksr-ugc.imgix.net/assets/011/337/030/5f67e06806c14036bc8c58687f92cf32_original.jpg?w=160&h=90&fit=fill&bg=000000&v=1463681205&auto=format&q=92&s=06f4e427af3b849af7963c172bb93f8f",
    "thumb": "https://ksr-ugc.imgix.net/assets/011/337/030/5f67e06806c14036bc8c58687f92cf32_original.jpg?w=40&h=22&fit=fill&bg=000000&v=1463681205&auto=format&q=92&s=6522871c3b605bd47113bc78aed90e58"
  },
  "pledged": 65346.0,
  "profile": {
    "background_color": null,
    "background_image_opacity": 0.8,
    "blurb": null,
    "feature_image_attributes": {
      "image_urls": {
        "baseball_card": "https://ksr-ugc.imgix.net/assets/011/337/030/5f67e06806c14036bc8c58687f92cf32_original.jpg?w=1552&h=873&fit=fill&bg=000000&v=1463681205&auto=format&q=92&s=6c56b66334193a1c8b2c57a318a12bf9",
        "default": "https://ksr-ugc.imgix.net/assets/011/337/030/5f67e06806c14036bc8c58687f92cf32_original.jpg?w=1552&h=873&fit=fill&bg=000000&v=1463681205&auto=format&q=92&s=6c56b66334193a1c8b2c57a318a12bf9"
      }
    },
    "id": 119918,
    "link_background_color": null,
    "link_text": null,
    "link_text_color": null,
    "link_url": null,
    "name": null,
    "project_id": 119918,
    "should_show_feature_image_section": true,
    "show_feature_image": false,
    "state": "inactive",
    "state_changed_at": 1425915807,
    "text_color": null
  },
  "slug": "the-vision-not-just-a-3d-printer-a-dream",
  "spotlight": true,
  "staff_pick": false,
  "state": "successful",
  "state_changed_at": 1340864412,
  "static_usd_rate": 1.0,
  "urls": {
    "web": {
      "project": "https://www.kickstarter.com/projects/vision3dprinter/the-vision-not-just-a-3d-printer-a-dream?ref=category_newest",
      "rewards": "https://www.kickstarter.com/projects/vision3dprinter/the-vision-not-just-a-3d-printer-a-dream/rewards"
    }
  },
  "usd_pledged": "65346.0"
}