{
  "backers_count": 7,
  "blurb": "RapidDisk (rxdsk) is an open source RAM Disk Linux kernel module with advanced features that do not exist within the kernel today.",
  "category": {
    "color": 6526716,
    "id": 51,
    "name": "Software",
    "parent_id": 16,
    "position": 11,
    "slug": "technology/software",
    "urls": {
      "web": {
        "discover": "http://www.kickstarter.com/discover/categories/technology/software"
      }
    }
  },
  "country": "US",
  "created_at": 1294967149,
  "creator": {
    "avatar": {
      "medium": "https://ksr-ugc.imgix.net/assets/005/926/334/f64c693c9bc76d84be8e3af8a760bd37_original.jpg?w=160&h=160&fit=crop&v=1461115471&auto=format&q=92&s=6f66480f34e8269fba9907ab27948c6d",
      "small": "https://ksr-ugc.imgix.net/assets/005/926/334/f64c693c9bc76d84be8e3af8a760bd37_original.jpg?w=160&h=160&fit=crop&v=1461115471&auto=format&q=92&s=6f66480f34e8269fba9907ab27948c6d",
      "thumb": "https://ksr-ugc.imgix.net/assets/005/926/334/f64c693c9bc76d84be8e3af8a760bd37_original.jpg?w=40&h=40&fit=crop&v=1461115471&auto=format&q=92&s=799815b8206ae2279d7872b7b55ec398"
    },
    "id": 1993672464,
    "name": "Petros Koutoupis",
    "slug": "pkoutoupis",
    "urls": {
      "api": {
        "user": "https://api.kickstarter.com/v1/users/1993672464?signature=1488680203.d921b904f604c940586947b424cd3e94215bec71"
      },
      "web": {
        "user": "https://www.kickstarter.com/profile/pkoutoupis"
      }
    }
  },
  "currency": "USD",
  "currency_symbol": "$",
  "currency_trailing_code": true,
  "deadline": 1304621233,
  "disable_communication": false,
  "goal": 2500.0,
  "id": 1010458159,
  "launched_at": 1296762433,
  "location": {
    "country": "US",
    "displayable_name": "Chicago, IL",
    "id": 2379574,
    "is_root": false,
    "name": "Chicago",
    "short_name": "Chicago, IL",
    "slug": "chicago-il",
    "state": "IL",
    "type": "Town",
    "urls": {
      "api": {
        "nearby_projects": "https://api.kickstarter.com/v1/discover?signature=1488668420.5b56f3c85b08c4b800c5a8dcb428aebecf2f9459&woe_id=2379574"
      },
      "web": {
        "discover": "https://www.kickstarter.com/discover/places/chicago-il",
        "location": "https://www.kickstarter.com/locations/chicago-il"
      }
    }
  },
  "name": "RapidDisk (rxdsk): An Advanced Linux RAM Disk Module",
  "photo": {
    "1024x576": "https://ksr-ugc.imgix.net/assets/011/273/594/6d0b00fe1b1a2e96b2c636f94399874b_original.png?w=1024&h=576&fit=fill&bg=000000&v=1463673888&auto=format&q=92&s=113f0542337697b9eb60ca953daf59bb",
    "1536x864": "https://ksr-ugc.imgix.net/assets/011/273/594/6d0b00fe1b1a2e96b2c636f94399874b_original.png?w=1536&h=864&fit=fill&bg=000000&v=1463673888&auto=format&q=92&s=f2a443bc7e5c526a2687a72423295bda",
    "ed": "https://ksr-ugc.imgix.net/assets/011/273/594/6d0b00fe1b1a2e96b2c636f94399874b_original.png?w=338&h=190&fit=fill&bg=000000&v=1463673888&auto=format&q=92&s=81ff47d183293718f15f3b468c41bb3b",
    "full": "https://ksr-ugc.imgix.net/assets/011/273/594/6d0b00fe1b1a2e96b2c636f94399874b_original.png?w=560&h=315&fit=fill&bg=000000&v=1463673888&auto=format&q=92&s=f4e1374f5f12ae674302c7784943a42c",
    "key": "assets/011/273/594/6d0b00fe1b1a2e96b2c636f94399874b_original.png",
    "little": "https://ksr-ugc.imgix.net/assets/011/273/594/6d0b00fe1b1a2e96b2c636f94399874b_original.png?w=200&h=112&fit=fill&bg=000000&v=1463673888&auto=format&q=92&s=763eaa0aa15c434d60f99ede86283668",
    "med": "https://ksr-ugc.imgix.net/assets/011/273/594/6d0b00fe1b1a2e96b2c636f94399874b_original.png?w=266&h=150&fit=fill&bg=000000&v=1463673888&auto=format&q=92&s=e61b42fb101fa08cc49ed55f690b5325",
    "small": "https://ksr-ugc.imgix.net/assets/011/273/594/6d0b00fe1b1a2e96b2c636f94399874b_original.png?w=160&h=90&fit=fill&bg=000000&v=1463673888&auto=format&q=92&s=e3f88489eea6e2d5f1eb77d4fccb99c3",
    "thumb": "https://ksr-ugc.imgix.net/assets/011/273/594/6d0b00fe1b1a2e96b2c636f94399874b_original.png?w=40&h=22&fit=fill&bg=000000&v=1463673888&auto=format&q=92&s=2f7972591cbaaac1358d8c85d79b324b"
  },
  "pledged": 136.0,
  "profile": {
    "background_color": null,
    "background_image_opacity": 0.8,
    "blurb": null,
    "feature_image_attributes": {
      "image_urls": {
        "baseball_card": "https://ksr-ugc.imgix.net/assets/011/273/594/6d0b00fe1b1a2e96b2c636f94399874b_original.png?w=1552&h=873&fit=fill&bg=000000&v=1463673888&auto=format&q=92&s=e236fd1296173a732a24928277370b96",
        "default": "https://ksr-ugc.imgix.net/assets/011/273/594/6d0b00fe1b1a2e96b2c636f94399874b_original.png?w=1552&h=873&fit=fill&bg=000000&v=1463673888&auto=format&q=92&s=e236fd1296173a732a24928277370b96"
      }
    },
    "id": 20460,
    "link_background_color": null,
    "link_text": null,
    "link_text_color": null,
    "link_url": null,
    "name": null,
    "project_id": 20460,
    "should_show_feature_image_section": true,
    "show_feature_image": false,
    "state": "inactive",
    "state_changed_at": 1425915801,
    "text_color": null
  },
  "slug": "rapiddisk-rxdsk-an-advanced-linux-ram-disk-module",
  "spotlight": false,
  "staff_pick": false,
  "state": "failed",
  "state_changed_at": 1304621235,
  "static_usd_rate": 1.0,
  "urls": {
    "web": {
      "project": "https://www.kickstarter.com/projects/pkoutoupis/rapiddisk-rxdsk-an-advanced-linux-ram-disk-module?ref=category_newest",
      "rewards": "https://www.kickstarter.com/projects/pkoutoupis/rapiddisk-rxdsk-an-advanced-linux-ram-disk-module/rewards"
    }
  },
  "usd_pledged": "136.0"
}