{
  "backers_count": 5,
  "blurb": "Foneeyes is a earphone holder that combines utility, functionality and style in one piece.",
  "category": {
    "color": 6526716,
    "id": 337,
    "name": "Gadgets",
    "parent_id": 16,
    "position": 7,
    "slug": "technology/gadgets",
    "urls": {
      "web": {
        "discover": "http://www.kickstarter.com/discover/categories/technology/gadgets"
      }
    }
  },
  "country": "FR",
  "created_at": 1460114188,
  "creator": {
    "avatar": {
      "medium": "https://ksr-ugc.imgix.net/assets/009/742/510/86d954b4a1bb123e9b06e4fe954047ec_original.jpg?w=160&h=160&fit=crop&v=1461625118&auto=format&q=92&s=e7a24bd0b4f65642fc0e07623706c78c",
      "small": "https://ksr-ugc.imgix.net/assets/009/742/510/86d954b4a1bb123e9b06e4fe954047ec_original.jpg?w=160&h=160&fit=crop&v=1461625118&auto=format&q=92&s=e7a24bd0b4f65642fc0e07623706c78c",
      "thumb": "https://ksr-ugc.imgix.net/assets/009/742/510/86d954b4a1bb123e9b06e4fe954047ec_original.jpg?w=40&h=40&fit=crop&v=1461625118&auto=format&q=92&s=8178639e6effc03ba374bef45ad59cec"
    },
    "id": 1985596790,
    "name": "Nelio Manuel Lopes Duarte",
    "slug": "sharktool",
    "urls": {
      "api": {
        "user": "https://api.kickstarter.com/v1/users/1985596790?signature=1488679623.b5e0407813e6c33f033466092b3251532608ec12"
      },
      "web": {
        "user": "https://www.kickstarter.com/profile/sharktool"
      }
    }
  },
  "currency": "EUR",
  "currency_symbol": "\u20ac",
  "currency_trailing_code": false,
  "deadline": 1465051518,
  "disable_communication": false,
  "goal": 500.0,
  "id": 101011400,
  "launched_at": 1462459518,
  "location": {
    "country": "PT",
    "displayable_name": "Marinha Grande, Portugal",
    "id": 743171,
    "is_root": false,
    "name": "Marinha Grande",
    "short_name": "Marinha Grande, Portugal",
    "slug": "marinha-grande-pt",
    "state": "Leiria",
    "type": "Town",
    "urls": {
      "api": {
        "nearby_projects": "https://api.kickstarter.com/v1/discover?signature=1488669174.9c63bec7c550d7c90921d83e95c0f7fb7424eca9&woe_id=743171"
      },
      "web": {
        "discover": "https://www.kickstarter.com/discover/places/marinha-grande-pt",
        "location": "https://www.kickstarter.com/locations/marinha-grande-pt"
      }
    }
  },
  "name": "Foneeyes",
  "photo": {
    "1024x576": "https://ksr-ugc.imgix.net/assets/012/425/087/103b2f4b18136efc9a42d4897ce65a35_original.jpg?w=1024&h=576&fit=fill&bg=FFFFFF&v=1463760569&auto=format&q=92&s=383489f4b269fb072127f35da18c31ec",
    "1536x864": "https://ksr-ugc.imgix.net/assets/012/425/087/103b2f4b18136efc9a42d4897ce65a35_original.jpg?w=1536&h=864&fit=fill&bg=FFFFFF&v=1463760569&auto=format&q=92&s=a7bc27fb45bb3aa8322e06d277b023bb",
    "ed": "https://ksr-ugc.imgix.net/assets/012/425/087/103b2f4b18136efc9a42d4897ce65a35_original.jpg?w=338&h=190&fit=fill&bg=FFFFFF&v=1463760569&auto=format&q=92&s=0ae231565a665e2bc7d63302b0321519",
    "full": "https://ksr-ugc.imgix.net/assets/012/425/087/103b2f4b18136efc9a42d4897ce65a35_original.jpg?w=560&h=315&fit=fill&bg=FFFFFF&v=1463760569&auto=format&q=92&s=8677d50483e2c59f460df8fbc47b052d",
    "key": "assets/012/425/087/103b2f4b18136efc9a42d4897ce65a35_original.jpg",
    "little": "https://ksr-ugc.imgix.net/assets/012/425/087/103b2f4b18136efc9a42d4897ce65a35_original.jpg?w=200&h=112&fit=fill&bg=FFFFFF&v=1463760569&auto=format&q=92&s=9614331291d2c460ce27415fb7c29fc7",
    "med": "https://ksr-ugc.imgix.net/assets/012/425/087/103b2f4b18136efc9a42d4897ce65a35_original.jpg?w=266&h=150&fit=fill&bg=FFFFFF&v=1463760569&auto=format&q=92&s=cd08f282d63be22dfc78c84ae65c2527",
    "small": "https://ksr-ugc.imgix.net/assets/012/425/087/103b2f4b18136efc9a42d4897ce65a35_original.jpg?w=160&h=90&fit=fill&bg=FFFFFF&v=1463760569&auto=format&q=92&s=ce656a6558490c089081f53a4a9e71f9",
    "thumb": "https://ksr-ugc.imgix.net/assets/012/425/087/103b2f4b18136efc9a42d4897ce65a35_original.jpg?w=40&h=22&fit=fill&bg=FFFFFF&v=1463760569&auto=format&q=92&s=d2866b4a0213fa5bb5e91432edee38dc"
  },
  "pledged": 76.0,
  "profile": {
    "background_color": null,
    "background_image_opacity": 0.8,
    "blurb": null,
    "feature_image_attributes": {
      "image_urls": {
        "baseball_card": "https://ksr-ugc.imgix.net/assets/012/425/087/103b2f4b18136efc9a42d4897ce65a35_original.jpg?w=1552&h=873&fit=fill&bg=FFFFFF&v=1463760569&auto=format&q=92&s=6f24be0fe47bdd1786307901bf5def16",
        "default": "https://ksr-ugc.imgix.net/assets/012/425/087/103b2f4b18136efc9a42d4897ce65a35_original.jpg?w=1552&h=873&fit=fill&bg=FFFFFF&v=1463760569&auto=format&q=92&s=6f24be0fe47bdd1786307901bf5def16"
      }
    },
    "id": 2461177,
    "link_background_color": null,
    "link_text": null,
    "link_text_color": null,
    "link_url": null,
    "name": null,
    "project_id": 2461177,
    "should_show_feature_image_section": true,
    "show_feature_image": false,
    "state": "inactive",
    "state_changed_at": 1460114188,
    "text_color": null
  },
  "slug": "foneeyes",
  "spotlight": false,
  "staff_pick": false,
  "state": "failed",
  "state_changed_at": 1465051518,
  "static_usd_rate": 1.1480305,
  "urls": {
    "web": {
      "project": "https://www.kickstarter.com/projects/sharktool/foneeyes?ref=category_newest",
      "rewards": "https://www.kickstarter.com/projects/sharktool/foneeyes/rewards"
    }
  },
  "usd_pledged": "87.250318"
}