{
  "backers_count": 8,
  "blurb": "This project is a World Record Setting STEM Toy tower! Your pledge will be used for the tower & after we'll send the pieces to you.",
  "category": {
    "color": 6526716,
    "id": 362,
    "name": "Makerspaces",
    "parent_id": 16,
    "position": 9,
    "slug": "technology/makerspaces",
    "urls": {
      "web": {
        "discover": "http://www.kickstarter.com/discover/categories/technology/makerspaces"
      }
    }
  },
  "country": "US",
  "created_at": 1480461216,
  "creator": {
    "avatar": {
      "medium": "https://ksr-ugc.imgix.net/assets/008/343/737/1ff9c036b08d3ab4b8ab4d7ba8105012_original.jpg?w=160&h=160&fit=crop&v=1480464318&auto=format&q=92&s=5dde86abdf34e430938ad1eb48c17c1b",
      "small": "https://ksr-ugc.imgix.net/assets/008/343/737/1ff9c036b08d3ab4b8ab4d7ba8105012_original.jpg?w=160&h=160&fit=crop&v=1480464318&auto=format&q=92&s=5dde86abdf34e430938ad1eb48c17c1b",
      "thumb": "https://ksr-ugc.imgix.net/assets/008/343/737/1ff9c036b08d3ab4b8ab4d7ba8105012_original.jpg?w=40&h=40&fit=crop&v=1480464318&auto=format&q=92&s=6081175f1e7d699996c841ff8f49e239"
    },
    "id": 2065588545,
    "name": "Lisa and Mark Burginger",
    "urls": {
      "api": {
        "user": "https://api.kickstarter.com/v1/users/2065588545?signature=1488680089.e1d5fafbad3ab586b33028d1d88604361dce3236"
      },
      "web": {
        "user": "https://www.kickstarter.com/profile/2065588545"
      }
    }
  },
  "currency": "USD",
  "currency_symbol": "$",
  "currency_trailing_code": true,
  "deadline": 1482687286,
  "disable_communication": false,
  "goal": 2500.0,
  "id": 1010800390,
  "launched_at": 1480527286,
  "location": {
    "country": "US",
    "displayable_name": "Palm Coast, FL",
    "id": 2467673,
    "is_root": false,
    "name": "Palm Coast",
    "short_name": "Palm Coast, FL",
    "slug": "palm-coast-fl",
    "state": "FL",
    "type": "Town",
    "urls": {
      "api": {
        "nearby_projects": "https://api.kickstarter.com/v1/discover?signature=1488668447.0fadd95ed173fbb3bea35c55284e35a4de6e8ef5&woe_id=2467673"
      },
      "web": {
        "discover": "https://www.kickstarter.com/discover/places/palm-coast-fl",
        "location": "https://www.kickstarter.com/locations/palm-coast-fl"
      }
    }
  },
  "name": "To build this world record Qubits\u00ae tower, we need you!",
  "photo": {
    "1024x576": "https://ksr-ugc.imgix.net/assets/014/710/495/1ea6abe537b4af0e6490e357b5365a87_original.jpg?w=1024&h=576&fit=fill&bg=000000&v=1480517125&auto=format&q=92&s=ac278d341402eb10489124be987c4492",
    "1536x864": "https://ksr-ugc.imgix.net/assets/014/710/495/1ea6abe537b4af0e6490e357b5365a87_original.jpg?w=1536&h=864&fit=fill&bg=000000&v=1480517125&auto=format&q=92&s=b410e84cc4a1367a7da9cee1c9cb16b3",
    "ed": "https://ksr-ugc.imgix.net/assets/014/710/495/1ea6abe537b4af0e6490e357b5365a87_original.jpg?w=338&h=190&fit=fill&bg=000000&v=1480517125&auto=format&q=92&s=fe49a789430b57c2ef222e59c0375890",
    "full": "https://ksr-ugc.imgix.net/assets/014/710/495/1ea6abe537b4af0e6490e357b5365a87_original.jpg?w=560&h=315&fit=fill&bg=000000&v=1480517125&auto=format&q=92&s=9dd13422a4aff85878acf8f520d22605",
    "key": "assets/014/710/495/1ea6abe537b4af0e6490e357b5365a87_original.jpg",
    "little": "https://ksr-ugc.imgix.net/assets/014/710/495/1ea6abe537b4af0e6490e357b5365a87_original.jpg?w=200&h=112&fit=fill&bg=000000&v=1480517125&auto=format&q=92&s=c58e7ef2901b89dea8a8457851b0fafc",
    "med": "https://ksr-ugc.imgix.net/assets/014/710/495/1ea6abe537b4af0e6490e357b5365a87_original.jpg?w=266&h=150&fit=fill&bg=000000&v=1480517125&auto=format&q=92&s=2c511a56650ff48c82c2d35db67375a1",
    "small": "https://ksr-ugc.imgix.net/assets/014/710/495/1ea6abe537b4af0e6490e357b5365a87_original.jpg?w=160&h=90&fit=fill&bg=000000&v=1480517125&auto=format&q=92&s=4a012cc4ad73f5d737436c1c2d3a66ea",
    "thumb": "https://ksr-ugc.imgix.net/assets/014/710/495/1ea6abe537b4af0e6490e357b5365a87_original.jpg?w=40&h=22&fit=fill&bg=000000&v=1480517125&auto=format&q=92&s=435abdb235d5148db26a57941c61ca60"
  },
  "pledged": 896.0,
  "profile": {
    "background_color": null,
    "background_image_opacity": 0.8,
    "blurb": null,
    "feature_image_attributes": {
      "image_urls": {
        "baseball_card": "https://ksr-ugc.imgix.net/assets/014/710/495/1ea6abe537b4af0e6490e357b5365a87_original.jpg?w=1552&h=873&fit=fill&bg=000000&v=1480517125&auto=format&q=92&s=9f77b7383fb3673007be8d3bedc0fb04",
        "default": "https://ksr-ugc.imgix.net/assets/014/710/495/1ea6abe537b4af0e6490e357b5365a87_original.jpg?w=1552&h=873&fit=fill&bg=000000&v=1480517125&auto=format&q=92&s=9f77b7383fb3673007be8d3bedc0fb04"
      }
    },
    "id": 2780053,
    "link_background_color": null,
    "link_text": null,
    "link_text_color": null,
    "link_url": null,
    "name": null,
    "project_id": 2780053,
    "should_show_feature_image_section": true,
    "show_feature_image": false,
    "state": "inactive",
    "state_changed_at": 1480461217,
    "text_color": null
  },
  "slug": "be-a-part-of-the-17ft-tall-world-record-tower",
  "spotlight": false,
  "staff_pick": false,
  "state": "failed",
  "state_changed_at": 1482687287,
  "static_usd_rate": 1.0,
  "urls": {
    "web": {
      "project": "https://www.kickstarter.com/projects/2065588545/be-a-part-of-the-17ft-tall-world-record-tower?ref=category_newest",
      "rewards": "https://www.kickstarter.com/projects/2065588545/be-a-part-of-the-17ft-tall-world-record-tower/rewards"
    }
  },
  "usd_pledged": "896.0"
}