{
  "backers_count": 202,
  "blurb": "The Creation Station is a high performance, low cost CNC router designed for the maker, hobbyist, artist or educator.",
  "category": {
    "color": 6526716,
    "id": 335,
    "name": "Fabrication Tools",
    "parent_id": 16,
    "position": 5,
    "slug": "technology/fabrication tools",
    "urls": {
      "web": {
        "discover": "http://www.kickstarter.com/discover/categories/technology/fabrication%20tools"
      }
    }
  },
  "country": "US",
  "created_at": 1401307321,
  "creator": {
    "avatar": {
      "medium": "https://ksr-ugc.imgix.net/assets/006/104/384/a5b14321ba72751687f4e8256fd55023_original.png?w=160&h=160&fit=crop&v=1461366809&auto=format&q=92&s=0537af91018e858dd1e144d2db9b98dc",
      "small": "https://ksr-ugc.imgix.net/assets/006/104/384/a5b14321ba72751687f4e8256fd55023_original.png?w=160&h=160&fit=crop&v=1461366809&auto=format&q=92&s=0537af91018e858dd1e144d2db9b98dc",
      "thumb": "https://ksr-ugc.imgix.net/assets/006/104/384/a5b14321ba72751687f4e8256fd55023_original.png?w=40&h=40&fit=crop&v=1461366809&auto=format&q=92&s=edb72d47eeb5bb905973ce78a9ceecf8"
    },
    "id": 1417197574,
    "name": "Innovation Squared LLC",
    "urls": {
      "api": {
        "user": "https://api.kickstarter.com/v1/users/1417197574?signature=1488679375.1b853bf66da8e886d796f86afc9536ab73c13b7d"
      },
      "web": {
        "user": "https://www.kickstarter.com/profile/1417197574"
      }
    }
  },
  "currency": "USD",
  "currency_symbol": "$",
  "currency_trailing_code": true,
  "deadline": 1406937600,
  "disable_communication": false,
  "goal": 80000.0,
  "id": 1010018624,
  "launched_at": 1404151240,
  "location": {
    "country": "US",
    "displayable_name": "Buffalo, NY",
    "id": 2371464,
    "is_root": false,
    "name": "Buffalo",
    "short_name": "Buffalo, NY",
    "slug": "buffalo-ny",
    "state": "NY",
    "type": "Town",
    "urls": {
      "api": {
        "nearby_projects": "https://api.kickstarter.com/v1/discover?signature=1488668419.3d593ffe6e9a5bc19fccbe149e6ffce8853392f0&woe_id=2371464"
      },
      "web": {
        "discover": "https://www.kickstarter.com/discover/places/buffalo-ny",
        "location": "https://www.kickstarter.com/locations/buffalo-ny"
      }
    }
  },
  "name": "The Creation Station Open Source CNC Router",
  "photo": {
    "1024x576": "https://ksr-ugc.imgix.net/assets/011/714/114/8ba22eb7dee80ac1c113498c2f1a0738_original.png?w=1024&h=576&fit=fill&bg=000000&v=1463687172&auto=format&q=92&s=722d8a08d9343fddfb6d6815a2b4013e",
    "1536x864": "https://ksr-ugc.imgix.net/assets/011/714/114/8ba22eb7dee80ac1c113498c2f1a0738_original.png?w=1536&h=864&fit=fill&bg=000000&v=1463687172&auto=format&q=92&s=a7e7a5f0822f81f5e4971636e3bf1e5d",
    "ed": "https://ksr-ugc.imgix.net/assets/011/714/114/8ba22eb7dee80ac1c113498c2f1a0738_original.png?w=338&h=190&fit=fill&bg=000000&v=1463687172&auto=format&q=92&s=bd82cea1769548f866102a16f718d32b",
    "full": "https://ksr-ugc.imgix.net/assets/011/714/114/8ba22eb7dee80ac1c113498c2f1a0738_original.png?w=560&h=315&fit=fill&bg=000000&v=1463687172&auto=format&q=92&s=6ef15f9d26a1b4ac3c46d2dc2855b4cb",
    "key": "assets/011/714/114/8ba22eb7dee80ac1c113498c2f1a0738_original.png",
    "little": "https://ksr-ugc.imgix.net/assets/011/714/114/8ba22eb7dee80ac1c113498c2f1a0738_original.png?w=200&h=112&fit=fill&bg=000000&v=1463687172&auto=format&q=92&s=4f86166cc88fcd1fdb0037788252aca5",
    "med": "https://ksr-ugc.imgix.net/assets/011/714/114/8ba22eb7dee80ac1c113498c2f1a0738_original.png?w=266&h=150&fit=fill&bg=000000&v=1463687172&auto=format&q=92&s=2ee224c7b2bf7acfadf7934e7070373b",
    "small": "https://ksr-ugc.imgix.net/assets/011/714/114/8ba22eb7dee80ac1c113498c2f1a0738_original.png?w=160&h=90&fit=fill&bg=000000&v=1463687172&auto=format&q=92&s=b63b09bbfda7a2c8e45a214892a1d0bb",
    "thumb": "https://ksr-ugc.imgix.net/assets/011/714/114/8ba22eb7dee80ac1c113498c2f1a0738_original.png?w=40&h=22&fit=fill&bg=000000&v=1463687172&auto=format&q=92&s=0ef04b654d814c4baef33d333306f167"
  },
  "pledged": 150986.0,
  "profile": {
    "background_color": null,
    "background_image_opacity": 0.8,
    "blurb": null,
    "feature_image_attributes": {
      "image_urls": {
        "baseball_card": "https://ksr-ugc.imgix.net/assets/011/714/114/8ba22eb7dee80ac1c113498c2f1a0738_original.png?w=1552&h=873&fit=fill&bg=000000&v=1463687172&auto=format&q=92&s=689b8445a4124abedc12f41f48aa2e8a",
        "default": "https://ksr-ugc.imgix.net/assets/011/714/114/8ba22eb7dee80ac1c113498c2f1a0738_original.png?w=1552&h=873&fit=fill&bg=000000&v=1463687172&auto=format&q=92&s=689b8445a4124abedc12f41f48aa2e8a"
      }
    },
    "id": 1042842,
    "link_background_color": null,
    "link_text": null,
    "link_text_color": null,
    "link_url": null,
    "name": null,
    "project_id": 1042842,
    "should_show_feature_image_section": true,
    "show_feature_image": false,
    "state": "inactive",
    "state_changed_at": 1425915858,
    "text_color": null
  },
  "slug": "the-creation-station-open-source-cnc-router",
  "spotlight": true,
  "staff_pick": true,
  "state": "successful",
  "state_changed_at": 1406937612,
  "static_usd_rate": 1.0,
  "urls": {
    "web": {
      "project": "https://www.kickstarter.com/projects/1417197574/the-creation-station-open-source-cnc-router?ref=category_newest",
      "rewards": "https://www.kickstarter.com/projects/1417197574/the-creation-station-open-source-cnc-router/rewards"
    }
  },
  "usd_pledged": "150986.0"
}