{
  "backers_count": 0,
  "blurb": "LinkUp! Is a social networking app for business professionals.",
  "category": {
    "color": 6526716,
    "id": 51,
    "name": "Software",
    "parent_id": 16,
    "position": 11,
    "slug": "technology/software",
    "urls": {
      "web": {
        "discover": "http://www.kickstarter.com/discover/categories/technology/software"
      }
    }
  },
  "country": "AU",
  "created_at": 1431951265,
  "creator": {
    "avatar": {
      "medium": "https://ksr-ugc.imgix.net/assets/009/885/545/eb0f0ff413aafb387288c8f14410484b_original.jpg?w=160&h=160&fit=crop&v=1461641008&auto=format&q=92&s=d228ba03fad979eb8e68c40e95695b17",
      "small": "https://ksr-ugc.imgix.net/assets/009/885/545/eb0f0ff413aafb387288c8f14410484b_original.jpg?w=160&h=160&fit=crop&v=1461641008&auto=format&q=92&s=d228ba03fad979eb8e68c40e95695b17",
      "thumb": "https://ksr-ugc.imgix.net/assets/009/885/545/eb0f0ff413aafb387288c8f14410484b_original.jpg?w=40&h=40&fit=crop&v=1461641008&auto=format&q=92&s=48fe0c49bf5d3dbee071a51981ea00f7"
    },
    "id": 1964658613,
    "name": "Waqar",
    "slug": "ikkon",
    "urls": {
      "api": {
        "user": "https://api.kickstarter.com/v1/users/1964658613?signature=1488680327.ec325ae3a2bca663df522f4c33caa10707b2c64e"
      },
      "web": {
        "user": "https://www.kickstarter.com/profile/ikkon"
      }
    }
  },
  "currency": "AUD",
  "currency_symbol": "$",
  "currency_trailing_code": true,
  "deadline": 1439416898,
  "disable_communication": false,
  "goal": 50000.0,
  "id": 1010643909,
  "launched_at": 1436824898,
  "location": {
    "country": "AU",
    "displayable_name": "Sydney, AU",
    "id": 1105779,
    "is_root": false,
    "name": "Sydney",
    "short_name": "Sydney, AU",
    "slug": "sydney-au",
    "state": "NSW",
    "type": "Town",
    "urls": {
      "api": {
        "nearby_projects": "https://api.kickstarter.com/v1/discover?signature=1488668423.da3711c93b7dc98b72bdc8f6ffe7daa0c4559d43&woe_id=1105779"
      },
      "web": {
        "discover": "https://www.kickstarter.com/discover/places/sydney-au",
        "location": "https://www.kickstarter.com/locations/sydney-au"
      }
    }
  },
  "name": "LinkUP! App for Business Professionals to meet",
  "photo": {
    "1024x576": "https://ksr-ugc.imgix.net/assets/012/141/577/d17aa89928d51d0e132164108e29c03e_original.jpg?w=1024&h=576&fit=fill&bg=000000&v=1463738391&auto=format&q=92&s=da11372c22411b101924a61d70f1b82a",
    "1536x864": "https://ksr-ugc.imgix.net/assets/012/141/577/d17aa89928d51d0e132164108e29c03e_original.jpg?w=1536&h=864&fit=fill&bg=000000&v=1463738391&auto=format&q=92&s=b2603b0de845e1f0a7ba6bc6e879dfb2",
    "ed": "https://ksr-ugc.imgix.net/assets/012/141/577/d17aa89928d51d0e132164108e29c03e_original.jpg?w=338&h=190&fit=fill&bg=000000&v=1463738391&auto=format&q=92&s=27c14b3c3ffb2a561963dbf7ae55d7b0",
    "full": "https://ksr-ugc.imgix.net/assets/012/141/577/d17aa89928d51d0e132164108e29c03e_original.jpg?w=560&h=315&fit=fill&bg=000000&v=1463738391&auto=format&q=92&s=46824033505be025ccc313ecc7b7edc7",
    "key": "assets/012/141/577/d17aa89928d51d0e132164108e29c03e_original.jpg",
    "little": "https://ksr-ugc.imgix.net/assets/012/141/577/d17aa89928d51d0e132164108e29c03e_original.jpg?w=200&h=112&fit=fill&bg=000000&v=1463738391&auto=format&q=92&s=a3ca5acb9b695824d84ca65bc189e3fc",
    "med": "https://ksr-ugc.imgix.net/assets/012/141/577/d17aa89928d51d0e132164108e29c03e_original.jpg?w=266&h=150&fit=fill&bg=000000&v=1463738391&auto=format&q=92&s=1691ab87f8593d87e210444eec85aff6",
    "small": "https://ksr-ugc.imgix.net/assets/012/141/577/d17aa89928d51d0e132164108e29c03e_original.jpg?w=160&h=90&fit=fill&bg=000000&v=1463738391&auto=format&q=92&s=ae904fae2da41f1c0c3990024b71ff65",
    "thumb": "https://ksr-ugc.imgix.net/assets/012/141/577/d17aa89928d51d0e132164108e29c03e_original.jpg?w=40&h=22&fit=fill&bg=000000&v=1463738391&auto=format&q=92&s=98530feda8174c4cd1c7b302372a20f3"
  },
  "pledged": 0.0,
  "profile": {
    "background_color": null,
    "background_image_opacity": 0.8,
    "blurb": null,
    "feature_image_attributes": {
      "image_urls": {
        "baseball_card": "https://ksr-ugc.imgix.net/assets/012/141/577/d17aa89928d51d0e132164108e29c03e_original.jpg?w=1552&h=873&fit=fill&bg=000000&v=1463738391&auto=format&q=92&s=f74eed1964560d5e545c0538bcadafbe",
        "default": "https://ksr-ugc.imgix.net/assets/012/141/577/d17aa89928d51d0e132164108e29c03e_original.jpg?w=1552&h=873&fit=fill&bg=000000&v=1463738391&auto=format&q=92&s=f74eed1964560d5e545c0538bcadafbe"
      }
    },
    "id": 1906582,
    "link_background_color": null,
    "link_text": null,
    "link_text_color": null,
    "link_url": null,
    "name": null,
    "project_id": 1906582,
    "should_show_feature_image_section": true,
    "show_feature_image": false,
    "state": "inactive",
    "state_changed_at": 1431951265,
    "text_color": null
  },
  "slug": "linkup-an-ios-app-for-business-professionals",
  "spotlight": false,
  "staff_pick": false,
  "state": "failed",
  "state_changed_at": 1439416898,
  "static_usd_rate": 0.74452125,
  "urls": {
    "web": {
      "project": "https://www.kickstarter.com/projects/ikkon/linkup-an-ios-app-for-business-professionals?ref=category_newest",
      "rewards": "https://www.kickstarter.com/projects/ikkon/linkup-an-ios-app-for-business-professionals/rewards"
    }
  },
  "usd_pledged": "0.0"
}