{
  "backers_count": 1,
  "blurb": "Deliver a real time, on demand virtual visit and conversation with every visitor at your website.  Be there without being there.",
  "category": {
    "color": 6526716,
    "id": 51,
    "name": "Software",
    "parent_id": 16,
    "position": 11,
    "slug": "technology/software",
    "urls": {
      "web": {
        "discover": "http://www.kickstarter.com/discover/categories/technology/software"
      }
    }
  },
  "country": "US",
  "created_at": 1473441264,
  "creator": {
    "avatar": {
      "medium": "https://ksr-ugc.imgix.net/assets/013/670/282/fe7d6beb91bcad0582b54f00c93969b0_original.jpg?w=160&h=160&fit=crop&v=1473446332&auto=format&q=92&s=667aa82ae5b1450acb8a593fe9221f42",
      "small": "https://ksr-ugc.imgix.net/assets/013/670/282/fe7d6beb91bcad0582b54f00c93969b0_original.jpg?w=160&h=160&fit=crop&v=1473446332&auto=format&q=92&s=667aa82ae5b1450acb8a593fe9221f42",
      "thumb": "https://ksr-ugc.imgix.net/assets/013/670/282/fe7d6beb91bcad0582b54f00c93969b0_original.jpg?w=40&h=40&fit=crop&v=1473446332&auto=format&q=92&s=edc7e83048a6294d742d31a91d9840f3"
    },
    "id": 1007684372,
    "name": "Skhy Zye",
    "urls": {
      "api": {
        "user": "https://api.kickstarter.com/v1/users/1007684372?signature=1488680387.ffb01c8892b6bd9aa8468dc1ff16837c87550e05"
      },
      "web": {
        "user": "https://www.kickstarter.com/profile/1007684372"
      }
    }
  },
  "currency": "USD",
  "currency_symbol": "$",
  "currency_trailing_code": true,
  "deadline": 1476286305,
  "disable_communication": false,
  "goal": 50000.0,
  "id": 1010599206,
  "launched_at": 1473694305,
  "location": {
    "country": "US",
    "displayable_name": "Denver, CO",
    "id": 2391279,
    "is_root": false,
    "name": "Denver",
    "short_name": "Denver, CO",
    "slug": "denver-co",
    "state": "CO",
    "type": "Town",
    "urls": {
      "api": {
        "nearby_projects": "https://api.kickstarter.com/v1/discover?signature=1488668418.1a669877a14ebd6293ed81d721acbd408d45cb9f&woe_id=2391279"
      },
      "web": {
        "discover": "https://www.kickstarter.com/discover/places/denver-co",
        "location": "https://www.kickstarter.com/locations/denver-co"
      }
    }
  },
  "name": "Skhy Zye - What Virtual Visit Truly Means",
  "photo": {
    "1024x576": "https://ksr-ugc.imgix.net/assets/013/669/178/1a289e9fc94952fb0f6a06d09e532d6b_original.jpg?w=1024&h=576&fit=fill&bg=000000&v=1473441386&auto=format&q=92&s=939160a295c65bbfd1d06bcd3860d4c7",
    "1536x864": "https://ksr-ugc.imgix.net/assets/013/669/178/1a289e9fc94952fb0f6a06d09e532d6b_original.jpg?w=1536&h=864&fit=fill&bg=000000&v=1473441386&auto=format&q=92&s=05d6219ec200d11257469dbf7ddd1270",
    "ed": "https://ksr-ugc.imgix.net/assets/013/669/178/1a289e9fc94952fb0f6a06d09e532d6b_original.jpg?w=338&h=190&fit=fill&bg=000000&v=1473441386&auto=format&q=92&s=aa08dbf00a73957d37112f6357e1d91c",
    "full": "https://ksr-ugc.imgix.net/assets/013/669/178/1a289e9fc94952fb0f6a06d09e532d6b_original.jpg?w=560&h=315&fit=fill&bg=000000&v=1473441386&auto=format&q=92&s=46d37b2604b6eea22ad76a96c6b02346",
    "key": "assets/013/669/178/1a289e9fc94952fb0f6a06d09e532d6b_original.jpg",
    "little": "https://ksr-ugc.imgix.net/assets/013/669/178/1a289e9fc94952fb0f6a06d09e532d6b_original.jpg?w=200&h=112&fit=fill&bg=000000&v=1473441386&auto=format&q=92&s=60165f240aae67e1c361feacfaa40b28",
    "med": "https://ksr-ugc.imgix.net/assets/013/669/178/1a289e9fc94952fb0f6a06d09e532d6b_original.jpg?w=266&h=150&fit=fill&bg=000000&v=1473441386&auto=format&q=92&s=3e843e10150d6c5c6a78ed6f5d46e093",
    "small": "https://ksr-ugc.imgix.net/assets/013/669/178/1a289e9fc94952fb0f6a06d09e532d6b_original.jpg?w=160&h=90&fit=fill&bg=000000&v=1473441386&auto=format&q=92&s=80f3d37607ad990f76a89e4ec0bf1511",
    "thumb": "https://ksr-ugc.imgix.net/assets/013/669/178/1a289e9fc94952fb0f6a06d09e532d6b_original.jpg?w=40&h=22&fit=fill&bg=000000&v=1473441386&auto=format&q=92&s=01efee8f5a6bd1d8419b68836d83ef59"
  },
  "pledged": 1.0,
  "profile": {
    "background_color": null,
    "background_image_opacity": 0.8,
    "blurb": null,
    "feature_image_attributes": {
      "image_urls": {
        "baseball_card": "https://ksr-ugc.imgix.net/assets/013/669/178/1a289e9fc94952fb0f6a06d09e532d6b_original.jpg?w=1552&h=873&fit=fill&bg=000000&v=1473441386&auto=format&q=92&s=3ecb0cbc377023e7b9e103e3af65ef5f",
        "default": "https://ksr-ugc.imgix.net/assets/013/669/178/1a289e9fc94952fb0f6a06d09e532d6b_original.jpg?w=1552&h=873&fit=fill&bg=000000&v=1473441386&auto=format&q=92&s=3ecb0cbc377023e7b9e103e3af65ef5f"
      }
    },
    "id": 2672306,
    "link_background_color": null,
    "link_text": null,
    "link_text_color": null,
    "link_url": null,
    "name": null,
    "project_id": 2672306,
    "should_show_feature_image_section": true,
    "show_feature_image": false,
    "state": "inactive",
    "state_changed_at": 1473441264,
    "text_color": null
  },
  "slug": "skhy-zye-what-virtual-visit-truly-means",
  "spotlight": false,
  "staff_pick": false,
  "state": "failed",
  "state_changed_at": 1476286305,
  "static_usd_rate": 1.0,
  "urls": {
    "web": {
      "project": "https://www.kickstarter.com/projects/1007684372/skhy-zye-what-virtual-visit-truly-means?ref=category_newest",
      "rewards": "https://www.kickstarter.com/projects/1007684372/skhy-zye-what-virtual-visit-truly-means/rewards"
    }
  },
  "usd_pledged": "1.0"
}