{
  "backers_count": 12,
  "blurb": "Imagine swapping in/out a 3D printing attachment like you would any end mill for your CNC ... You've just created the ultimate Hybrid!",
  "category": {
    "color": 6526716,
    "id": 331,
    "name": "3D Printing",
    "parent_id": 16,
    "position": 1,
    "slug": "technology/3d printing",
    "urls": {
      "web": {
        "discover": "http://www.kickstarter.com/discover/categories/technology/3d%20printing"
      }
    }
  },
  "country": "US",
  "created_at": 1432156510,
  "creator": {
    "avatar": {
      "medium": "https://ksr-ugc.imgix.net/assets/006/380/162/9e4b89cd80b0fc1212580492e97c132a_original.jpg?w=160&h=160&fit=crop&v=1461385392&auto=format&q=92&s=e0e41925dae919b34a455015b52849ba",
      "small": "https://ksr-ugc.imgix.net/assets/006/380/162/9e4b89cd80b0fc1212580492e97c132a_original.jpg?w=160&h=160&fit=crop&v=1461385392&auto=format&q=92&s=e0e41925dae919b34a455015b52849ba",
      "thumb": "https://ksr-ugc.imgix.net/assets/006/380/162/9e4b89cd80b0fc1212580492e97c132a_original.jpg?w=40&h=40&fit=crop&v=1461385392&auto=format&q=92&s=0096630b126ed66514d5a81ed8971fd5"
    },
    "id": 1238077665,
    "name": "FASTRAX",
    "urls": {
      "api": {
        "user": "https://api.kickstarter.com/v1/users/1238077665?signature=1488678777.a546b3c392b19d14233f1a84e7d92bb6ea031d18"
      },
      "web": {
        "user": "https://www.kickstarter.com/profile/1238077665"
      }
    }
  },
  "currency": "USD",
  "currency_symbol": "$",
  "currency_trailing_code": true,
  "deadline": 1445058000,
  "disable_communication": false,
  "goal": 36500.0,
  "id": 101082624,
  "launched_at": 1441826931,
  "location": {
    "country": "US",
    "displayable_name": "San Diego, CA",
    "id": 2487889,
    "is_root": false,
    "name": "San Diego",
    "short_name": "San Diego, CA",
    "slug": "san-diego-ca",
    "state": "CA",
    "type": "Town",
    "urls": {
      "api": {
        "nearby_projects": "https://api.kickstarter.com/v1/discover?signature=1488668420.6314ba97cc99e46f6c6f338b4db91edf14d0b881&woe_id=2487889"
      },
      "web": {
        "discover": "https://www.kickstarter.com/discover/places/san-diego-ca",
        "location": "https://www.kickstarter.com/locations/san-diego-ca"
      }
    }
  },
  "name": "Plug-n-Play 3D printing attachment for CNC Mills",
  "photo": {
    "1024x576": "https://ksr-ugc.imgix.net/assets/012/144/373/f11f3f08f89be812db9d64c6a8d5d9e7_original.bmp?w=1024&h=576&fit=fill&bg=000000&v=1463738489&auto=format&q=92&s=02784b89a81771cf023ea7b1d068e011",
    "1536x864": "https://ksr-ugc.imgix.net/assets/012/144/373/f11f3f08f89be812db9d64c6a8d5d9e7_original.bmp?w=1536&h=864&fit=fill&bg=000000&v=1463738489&auto=format&q=92&s=b85bd72622a05f110ec41de5a894ca07",
    "ed": "https://ksr-ugc.imgix.net/assets/012/144/373/f11f3f08f89be812db9d64c6a8d5d9e7_original.bmp?w=338&h=190&fit=fill&bg=000000&v=1463738489&auto=format&q=92&s=13f1cda23685dc35150205f08aadd2a3",
    "full": "https://ksr-ugc.imgix.net/assets/012/144/373/f11f3f08f89be812db9d64c6a8d5d9e7_original.bmp?w=560&h=315&fit=fill&bg=000000&v=1463738489&auto=format&q=92&s=25cb5e629ec8815c65069fcec040c916",
    "key": "assets/012/144/373/f11f3f08f89be812db9d64c6a8d5d9e7_original.bmp",
    "little": "https://ksr-ugc.imgix.net/assets/012/144/373/f11f3f08f89be812db9d64c6a8d5d9e7_original.bmp?w=200&h=112&fit=fill&bg=000000&v=1463738489&auto=format&q=92&s=562bfad0d01e2467044321167ebe78f7",
    "med": "https://ksr-ugc.imgix.net/assets/012/144/373/f11f3f08f89be812db9d64c6a8d5d9e7_original.bmp?w=266&h=150&fit=fill&bg=000000&v=1463738489&auto=format&q=92&s=b9bd8f6c38aecc9fac7a67ed5d937df5",
    "small": "https://ksr-ugc.imgix.net/assets/012/144/373/f11f3f08f89be812db9d64c6a8d5d9e7_original.bmp?w=160&h=90&fit=fill&bg=000000&v=1463738489&auto=format&q=92&s=b27449965f76b788544c4836cf9e26dd",
    "thumb": "https://ksr-ugc.imgix.net/assets/012/144/373/f11f3f08f89be812db9d64c6a8d5d9e7_original.bmp?w=40&h=22&fit=fill&bg=000000&v=1463738489&auto=format&q=92&s=a32256241a6c48b24882a1803a111e4d"
  },
  "pledged": 2676.0,
  "profile": {
    "background_color": null,
    "background_image_opacity": 0.8,
    "blurb": null,
    "feature_image_attributes": {
      "image_urls": {
        "baseball_card": "https://ksr-ugc.imgix.net/assets/012/144/373/f11f3f08f89be812db9d64c6a8d5d9e7_original.bmp?w=1552&h=873&fit=fill&bg=000000&v=1463738489&auto=format&q=92&s=23964cada90f83bf96d48cd4c32632fa",
        "default": "https://ksr-ugc.imgix.net/assets/012/144/373/f11f3f08f89be812db9d64c6a8d5d9e7_original.bmp?w=1552&h=873&fit=fill&bg=000000&v=1463738489&auto=format&q=92&s=23964cada90f83bf96d48cd4c32632fa"
      }
    },
    "id": 1912042,
    "link_background_color": null,
    "link_text": null,
    "link_text_color": null,
    "link_url": null,
    "name": null,
    "project_id": 1912042,
    "should_show_feature_image_section": true,
    "show_feature_image": false,
    "state": "inactive",
    "state_changed_at": 1432156510,
    "text_color": null
  },
  "slug": "plug-n-play-3d-printing-attachment-for-cnc-mills",
  "spotlight": false,
  "staff_pick": false,
  "state": "failed",
  "state_changed_at": 1445058002,
  "static_usd_rate": 1.0,
  "urls": {
    "web": {
      "project": "https://www.kickstarter.com/projects/1238077665/plug-n-play-3d-printing-attachment-for-cnc-mills?ref=category_newest",
      "rewards": "https://www.kickstarter.com/projects/1238077665/plug-n-play-3d-printing-attachment-for-cnc-mills/rewards"
    }
  },
  "usd_pledged": "2676.0"
}