{
  "backers_count": 12,
  "blurb": "A new interactive online classroom resource for children, promoting and celebrating reading and writing skills.\n\nBookwormz.co.uk",
  "category": {
    "color": 6526716,
    "id": 342,
    "name": "Web",
    "parent_id": 16,
    "position": 15,
    "slug": "technology/web",
    "urls": {
      "web": {
        "discover": "http://www.kickstarter.com/discover/categories/technology/web"
      }
    }
  },
  "country": "GB",
  "created_at": 1439422174,
  "creator": {
    "avatar": {
      "medium": "https://ksr-ugc.imgix.net/assets/007/895/970/d5164b060370926a9327d9b6e2dac22a_original.JPG?w=160&h=160&fit=crop&v=1461489304&auto=format&q=92&s=1baabd05ec803a6767343e439a0ba3ce",
      "small": "https://ksr-ugc.imgix.net/assets/007/895/970/d5164b060370926a9327d9b6e2dac22a_original.JPG?w=160&h=160&fit=crop&v=1461489304&auto=format&q=92&s=1baabd05ec803a6767343e439a0ba3ce",
      "thumb": "https://ksr-ugc.imgix.net/assets/007/895/970/d5164b060370926a9327d9b6e2dac22a_original.JPG?w=40&h=40&fit=crop&v=1461489304&auto=format&q=92&s=eed1636ac2f48c766e27c9231c42ae0e"
    },
    "id": 528484115,
    "name": "Kelly Hall",
    "urls": {
      "api": {
        "user": "https://api.kickstarter.com/v1/users/528484115?signature=1488680873.859311d38c3ffe6b1de78f083038830fde9a8a57"
      },
      "web": {
        "user": "https://www.kickstarter.com/profile/528484115"
      }
    }
  },
  "currency": "GBP",
  "currency_symbol": "\u00a3",
  "currency_trailing_code": false,
  "deadline": 1446717677,
  "disable_communication": false,
  "goal": 50000.0,
  "id": 1011131069,
  "launched_at": 1443690077,
  "location": {
    "country": "GB",
    "displayable_name": "Essex, UK",
    "id": 12602168,
    "is_root": false,
    "name": "Essex",
    "short_name": "Essex, UK",
    "slug": "essex-gb",
    "state": "England",
    "type": "County",
    "urls": {
      "api": {
        "nearby_projects": "https://api.kickstarter.com/v1/discover?signature=1488668425.cd6bb3197f03856e3206bad8eb64adc94b02e41f&woe_id=12602168"
      },
      "web": {
        "discover": "https://www.kickstarter.com/discover/places/essex-gb",
        "location": "https://www.kickstarter.com/locations/essex-gb"
      }
    }
  },
  "name": "bookwormz.co.uk",
  "photo": {
    "1024x576": "https://ksr-ugc.imgix.net/assets/012/223/344/649ab578147c1074f975dc06e5912514_original.png?w=1024&h=576&fit=fill&bg=000000&v=1463743715&auto=format&q=92&s=3e08cc84f6e9412261ea9065446bd1fb",
    "1536x864": "https://ksr-ugc.imgix.net/assets/012/223/344/649ab578147c1074f975dc06e5912514_original.png?w=1536&h=864&fit=fill&bg=000000&v=1463743715&auto=format&q=92&s=18cca087db078e2cbdff3e17323f8ac1",
    "ed": "https://ksr-ugc.imgix.net/assets/012/223/344/649ab578147c1074f975dc06e5912514_original.png?w=338&h=190&fit=fill&bg=000000&v=1463743715&auto=format&q=92&s=e5d8f50bdae641e193623d69d2a2b737",
    "full": "https://ksr-ugc.imgix.net/assets/012/223/344/649ab578147c1074f975dc06e5912514_original.png?w=560&h=315&fit=fill&bg=000000&v=1463743715&auto=format&q=92&s=830ff496d4081a96c01c4723fff66991",
    "key": "assets/012/223/344/649ab578147c1074f975dc06e5912514_original.png",
    "little": "https://ksr-ugc.imgix.net/assets/012/223/344/649ab578147c1074f975dc06e5912514_original.png?w=200&h=112&fit=fill&bg=000000&v=1463743715&auto=format&q=92&s=56e8cf3bea295b40074d392efa6fed39",
    "med": "https://ksr-ugc.imgix.net/assets/012/223/344/649ab578147c1074f975dc06e5912514_original.png?w=266&h=150&fit=fill&bg=000000&v=1463743715&auto=format&q=92&s=8a6db4f7f6f7fc089ef74affc184aa2d",
    "small": "https://ksr-ugc.imgix.net/assets/012/223/344/649ab578147c1074f975dc06e5912514_original.png?w=160&h=90&fit=fill&bg=000000&v=1463743715&auto=format&q=92&s=90eaf8d48ca221ad190aef34c3a98f88",
    "thumb": "https://ksr-ugc.imgix.net/assets/012/223/344/649ab578147c1074f975dc06e5912514_original.png?w=40&h=22&fit=fill&bg=000000&v=1463743715&auto=format&q=92&s=10c72f79e77e26fcaf368c2876e4f654"
  },
  "pledged": 2654.0,
  "profile": {
    "background_color": null,
    "background_image_opacity": 0.8,
    "blurb": null,
    "feature_image_attributes": {
      "image_urls": {
        "baseball_card": "https://ksr-ugc.imgix.net/assets/012/223/344/649ab578147c1074f975dc06e5912514_original.png?w=1552&h=873&fit=fill&bg=000000&v=1463743715&auto=format&q=92&s=806842dc5f7971589e3c74079a07ab43",
        "default": "https://ksr-ugc.imgix.net/assets/012/223/344/649ab578147c1074f975dc06e5912514_original.png?w=1552&h=873&fit=fill&bg=000000&v=1463743715&auto=format&q=92&s=806842dc5f7971589e3c74079a07ab43"
      }
    },
    "id": 2065141,
    "link_background_color": null,
    "link_text": null,
    "link_text_color": null,
    "link_url": null,
    "name": null,
    "project_id": 2065141,
    "should_show_feature_image_section": true,
    "show_feature_image": false,
    "state": "inactive",
    "state_changed_at": 1439422174,
    "text_color": null
  },
  "slug": "bookwormzcouk",
  "spotlight": false,
  "staff_pick": false,
  "state": "failed",
  "state_changed_at": 1446717680,
  "static_usd_rate": 1.51558552,
  "urls": {
    "web": {
      "project": "https://www.kickstarter.com/projects/528484115/bookwormzcouk?ref=category_newest",
      "rewards": "https://www.kickstarter.com/projects/528484115/bookwormzcouk/rewards"
    }
  },
  "usd_pledged": "4022.36397008"
}