{
  "backers_count": 0,
  "blurb": "AccelerRaiser is a unique platform which is not only a crowdfunding marketplace, but a social network and business support service hub.",
  "category": {
    "color": 6526716,
    "id": 342,
    "name": "Web",
    "parent_id": 16,
    "position": 15,
    "slug": "technology/web",
    "urls": {
      "web": {
        "discover": "http://www.kickstarter.com/discover/categories/technology/web"
      }
    }
  },
  "country": "US",
  "created_at": 1421517109,
  "creator": {
    "avatar": {
      "medium": "https://ksr-ugc.imgix.net/assets/009/427/574/d0913aaf244eea8b8e339cedfadcf654_original.jpeg?w=160&h=160&fit=crop&v=1461594740&auto=format&q=92&s=12536e82cc38f6cdbf8297441a7424a1",
      "small": "https://ksr-ugc.imgix.net/assets/009/427/574/d0913aaf244eea8b8e339cedfadcf654_original.jpeg?w=160&h=160&fit=crop&v=1461594740&auto=format&q=92&s=12536e82cc38f6cdbf8297441a7424a1",
      "thumb": "https://ksr-ugc.imgix.net/assets/009/427/574/d0913aaf244eea8b8e339cedfadcf654_original.jpeg?w=40&h=40&fit=crop&v=1461594740&auto=format&q=92&s=ea4d3a6393f476adb272bf923728b36b"
    },
    "id": 1995970865,
    "name": "Alex Tuccio",
    "urls": {
      "api": {
        "user": "https://api.kickstarter.com/v1/users/1995970865?signature=1488680773.12b5810fa81dc2a2491e023773f4e5e2bfd751e5"
      },
      "web": {
        "user": "https://www.kickstarter.com/profile/1995970865"
      }
    }
  },
  "currency": "USD",
  "currency_symbol": "$",
  "currency_trailing_code": true,
  "deadline": 1425691411,
  "disable_communication": false,
  "goal": 50000.0,
  "id": 1011026447,
  "launched_at": 1421803411,
  "location": {
    "country": "US",
    "displayable_name": "New York, NY",
    "id": 2459115,
    "is_root": false,
    "name": "New York",
    "short_name": "New York, NY",
    "slug": "new-york-ny",
    "state": "NY",
    "type": "Town",
    "urls": {
      "api": {
        "nearby_projects": "https://api.kickstarter.com/v1/discover?signature=1488668416.4a5cf0584ddb5da1f95165e7ee4794c1fb4d8cd4&woe_id=2459115"
      },
      "web": {
        "discover": "https://www.kickstarter.com/discover/places/new-york-ny",
        "location": "https://www.kickstarter.com/locations/new-york-ny"
      }
    }
  },
  "name": "AccelerRaiser",
  "photo": {
    "1024x576": "https://ksr-ugc.imgix.net/assets/012/003/377/1b194bf25dd2722492e8fb8f7a006ff8_original.jpg?w=1024&h=576&fit=fill&bg=000000&v=1463723169&auto=format&q=92&s=fb8ad5e84e1006d83f72012467539617",
    "1536x864": "https://ksr-ugc.imgix.net/assets/012/003/377/1b194bf25dd2722492e8fb8f7a006ff8_original.jpg?w=1536&h=864&fit=fill&bg=000000&v=1463723169&auto=format&q=92&s=7252cdc3df4c9e04439eb62766533c4d",
    "ed": "https://ksr-ugc.imgix.net/assets/012/003/377/1b194bf25dd2722492e8fb8f7a006ff8_original.jpg?w=338&h=190&fit=fill&bg=000000&v=1463723169&auto=format&q=92&s=52310c516437f2dd4466daf2dc70ca52",
    "full": "https://ksr-ugc.imgix.net/assets/012/003/377/1b194bf25dd2722492e8fb8f7a006ff8_original.jpg?w=560&h=315&fit=fill&bg=000000&v=1463723169&auto=format&q=92&s=90e034056b933721b8df5954eb6692be",
    "key": "assets/012/003/377/1b194bf25dd2722492e8fb8f7a006ff8_original.jpg",
    "little": "https://ksr-ugc.imgix.net/assets/012/003/377/1b194bf25dd2722492e8fb8f7a006ff8_original.jpg?w=200&h=112&fit=fill&bg=000000&v=1463723169&auto=format&q=92&s=30ca48be71ec4173e54567c18b2033de",
    "med": "https://ksr-ugc.imgix.net/assets/012/003/377/1b194bf25dd2722492e8fb8f7a006ff8_original.jpg?w=266&h=150&fit=fill&bg=000000&v=1463723169&auto=format&q=92&s=90a6485fb9ae5e3e016c031428a9d48a",
    "small": "https://ksr-ugc.imgix.net/assets/012/003/377/1b194bf25dd2722492e8fb8f7a006ff8_original.jpg?w=160&h=90&fit=fill&bg=000000&v=1463723169&auto=format&q=92&s=ee1f89ed0a98bb636ef950d89e5045c1",
    "thumb": "https://ksr-ugc.imgix.net/assets/012/003/377/1b194bf25dd2722492e8fb8f7a006ff8_original.jpg?w=40&h=22&fit=fill&bg=000000&v=1463723169&auto=format&q=92&s=81130e387630b518d6976f9119e31759"
  },
  "pledged": 0.0,
  "profile": {
    "background_color": null,
    "background_image_opacity": 0.8,
    "blurb": null,
    "feature_image_attributes": {
      "image_urls": {
        "baseball_card": "https://ksr-ugc.imgix.net/assets/012/003/377/1b194bf25dd2722492e8fb8f7a006ff8_original.jpg?w=1552&h=873&fit=fill&bg=000000&v=1463723169&auto=format&q=92&s=d29b0bdb242048249742362e92ec00a2",
        "default": "https://ksr-ugc.imgix.net/assets/012/003/377/1b194bf25dd2722492e8fb8f7a006ff8_original.jpg?w=1552&h=873&fit=fill&bg=000000&v=1463723169&auto=format&q=92&s=d29b0bdb242048249742362e92ec00a2"
      }
    },
    "id": 1637295,
    "link_background_color": null,
    "link_text": null,
    "link_text_color": null,
    "link_url": null,
    "name": null,
    "project_id": 1637295,
    "should_show_feature_image_section": true,
    "show_feature_image": false,
    "state": "inactive",
    "state_changed_at": 1425915890,
    "text_color": null
  },
  "slug": "accelerraiser",
  "spotlight": false,
  "staff_pick": false,
  "state": "failed",
  "state_changed_at": 1425691412,
  "static_usd_rate": 1.0,
  "urls": {
    "web": {
      "project": "https://www.kickstarter.com/projects/1995970865/accelerraiser?ref=category_newest",
      "rewards": "https://www.kickstarter.com/projects/1995970865/accelerraiser/rewards"
    }
  },
  "usd_pledged": "0.0"
}