{
  "backers_count": 0,
  "blurb": "Buy it, sell it, rent it, list it, trade it, fix it... You offer it or find it all here. Freddy's List is your one stop resource...",
  "category": {
    "color": 6526716,
    "id": 342,
    "name": "Web",
    "parent_id": 16,
    "position": 15,
    "slug": "technology/web",
    "urls": {
      "web": {
        "discover": "http://www.kickstarter.com/discover/categories/technology/web"
      }
    }
  },
  "country": "US",
  "created_at": 1465663973,
  "creator": {
    "avatar": {
      "medium": "https://ksr-ugc.imgix.net/assets/007/696/614/0636b03f621d876b058fdd4018e002a1_original.jpg?w=160&h=160&fit=crop&v=1464709175&auto=format&q=92&s=95d92d419b0eeaf6738d34bcd1fc490a",
      "small": "https://ksr-ugc.imgix.net/assets/007/696/614/0636b03f621d876b058fdd4018e002a1_original.jpg?w=160&h=160&fit=crop&v=1464709175&auto=format&q=92&s=95d92d419b0eeaf6738d34bcd1fc490a",
      "thumb": "https://ksr-ugc.imgix.net/assets/007/696/614/0636b03f621d876b058fdd4018e002a1_original.jpg?w=40&h=40&fit=crop&v=1464709175&auto=format&q=92&s=a4199afbcdbb1d6410ade4aa503f54b5"
    },
    "id": 400892729,
    "name": "Freddie Avila",
    "slug": "nobullying",
    "urls": {
      "api": {
        "user": "https://api.kickstarter.com/v1/users/400892729?signature=1488680932.280a4667b5a53f0674aadc5696ae410858f43fc0"
      },
      "web": {
        "user": "https://www.kickstarter.com/profile/nobullying"
      }
    }
  },
  "currency": "USD",
  "currency_symbol": "$",
  "currency_trailing_code": true,
  "deadline": 1468689630,
  "disable_communication": false,
  "goal": 4700.0,
  "id": 101156819,
  "launched_at": 1466097630,
  "location": {
    "country": "US",
    "displayable_name": "Marina del Rey, CA",
    "id": 2445713,
    "is_root": false,
    "name": "Marina del Rey",
    "short_name": "Marina del Rey, CA",
    "slug": "marina-del-rey-ca",
    "state": "CA",
    "type": "Town",
    "urls": {
      "api": {
        "nearby_projects": "https://api.kickstarter.com/v1/discover?signature=1488668423.a931ee534950bdeedd9c38d8fb721c606d198ff8&woe_id=2445713"
      },
      "web": {
        "discover": "https://www.kickstarter.com/discover/places/marina-del-rey-ca",
        "location": "https://www.kickstarter.com/locations/marina-del-rey-ca"
      }
    }
  },
  "name": "Freddy's List - The Complete Marine Classifieds",
  "photo": {
    "1024x576": "https://ksr-ugc.imgix.net/assets/012/713/983/20dfcc25937fda1d138b71f1a145e57b_original.png?w=1024&h=576&fit=fill&bg=000000&v=1465664109&auto=format&q=92&s=7808c2204090a1ef1f56f6ab4e6f8254",
    "1536x864": "https://ksr-ugc.imgix.net/assets/012/713/983/20dfcc25937fda1d138b71f1a145e57b_original.png?w=1536&h=864&fit=fill&bg=000000&v=1465664109&auto=format&q=92&s=34d6b78e1d26e6b1e853e0c4cb29ecec",
    "ed": "https://ksr-ugc.imgix.net/assets/012/713/983/20dfcc25937fda1d138b71f1a145e57b_original.png?w=338&h=190&fit=fill&bg=000000&v=1465664109&auto=format&q=92&s=1ac5d051bbc396aa12e754036cf1488f",
    "full": "https://ksr-ugc.imgix.net/assets/012/713/983/20dfcc25937fda1d138b71f1a145e57b_original.png?w=560&h=315&fit=fill&bg=000000&v=1465664109&auto=format&q=92&s=2cdffc9c39fb221eba48ee994df8881d",
    "key": "assets/012/713/983/20dfcc25937fda1d138b71f1a145e57b_original.png",
    "little": "https://ksr-ugc.imgix.net/assets/012/713/983/20dfcc25937fda1d138b71f1a145e57b_original.png?w=200&h=112&fit=fill&bg=000000&v=1465664109&auto=format&q=92&s=ac440fdc248dfb75225f1f6e1e81ff9b",
    "med": "https://ksr-ugc.imgix.net/assets/012/713/983/20dfcc25937fda1d138b71f1a145e57b_original.png?w=266&h=150&fit=fill&bg=000000&v=1465664109&auto=format&q=92&s=6be67a2240af07c29db37560206c4fc0",
    "small": "https://ksr-ugc.imgix.net/assets/012/713/983/20dfcc25937fda1d138b71f1a145e57b_original.png?w=160&h=90&fit=fill&bg=000000&v=1465664109&auto=format&q=92&s=368f226326b3389de39e4a3fadd30163",
    "thumb": "https://ksr-ugc.imgix.net/assets/012/713/983/20dfcc25937fda1d138b71f1a145e57b_original.png?w=40&h=22&fit=fill&bg=000000&v=1465664109&auto=format&q=92&s=7edecdd387c8396e09404a7a73004291"
  },
  "pledged": 0.0,
  "profile": {
    "background_color": null,
    "background_image_opacity": 0.8,
    "blurb": null,
    "feature_image_attributes": {
      "image_urls": {
        "baseball_card": "https://ksr-ugc.imgix.net/assets/012/713/983/20dfcc25937fda1d138b71f1a145e57b_original.png?w=1552&h=873&fit=fill&bg=000000&v=1465664109&auto=format&q=92&s=6b5952d0da2650c1aa62489d33f28813",
        "default": "https://ksr-ugc.imgix.net/assets/012/713/983/20dfcc25937fda1d138b71f1a145e57b_original.png?w=1552&h=873&fit=fill&bg=000000&v=1465664109&auto=format&q=92&s=6b5952d0da2650c1aa62489d33f28813"
      }
    },
    "id": 2555972,
    "link_background_color": null,
    "link_text": null,
    "link_text_color": null,
    "link_url": null,
    "name": null,
    "project_id": 2555972,
    "should_show_feature_image_section": true,
    "show_feature_image": false,
    "state": "inactive",
    "state_changed_at": 1465663973,
    "text_color": null
  },
  "slug": "freddys-list-the-complete-marine-classifieds",
  "spotlight": false,
  "staff_pick": false,
  "state": "failed",
  "state_changed_at": 1468689630,
  "static_usd_rate": 1.0,
  "urls": {
    "web": {
      "project": "https://www.kickstarter.com/projects/nobullying/freddys-list-the-complete-marine-classifieds?ref=category_newest",
      "rewards": "https://www.kickstarter.com/projects/nobullying/freddys-list-the-complete-marine-classifieds/rewards"
    }
  },
  "usd_pledged": "0.0"
}