{
  "backers_count": 2,
  "blurb": "Compact drone that transmits live video to an LCD screen, that displays the drones status, like return to home, for aerial photography.",
  "category": {
    "color": 6526716,
    "id": 336,
    "name": "Flight",
    "parent_id": 16,
    "position": 6,
    "slug": "technology/flight",
    "urls": {
      "web": {
        "discover": "http://www.kickstarter.com/discover/categories/technology/flight"
      }
    }
  },
  "country": "US",
  "created_at": 1427705364,
  "creator": {
    "avatar": {
      "medium": "https://ksr-ugc.imgix.net/assets/009/740/568/ec09e002f531fbca5393e55e307c5359_original.jpg?w=160&h=160&fit=crop&v=1461625005&auto=format&q=92&s=6a6c6942a42761b1efada94b12777a11",
      "small": "https://ksr-ugc.imgix.net/assets/009/740/568/ec09e002f531fbca5393e55e307c5359_original.jpg?w=160&h=160&fit=crop&v=1461625005&auto=format&q=92&s=6a6c6942a42761b1efada94b12777a11",
      "thumb": "https://ksr-ugc.imgix.net/assets/009/740/568/ec09e002f531fbca5393e55e307c5359_original.jpg?w=40&h=40&fit=crop&v=1461625005&auto=format&q=92&s=b8b7daeb9e4648c69c234a023e078c25"
    },
    "id": 1886194937,
    "name": "Raymundo",
    "urls": {
      "api": {
        "user": "https://api.kickstarter.com/v1/users/1886194937?signature=1488679417.ccd690e806c22f23442e2d40d53e84b6cf0610d9"
      },
      "web": {
        "user": "https://www.kickstarter.com/profile/1886194937"
      }
    }
  },
  "currency": "USD",
  "currency_symbol": "$",
  "currency_trailing_code": true,
  "deadline": 1430931354,
  "disable_communication": false,
  "goal": 200.0,
  "id": 1011895837,
  "launched_at": 1428339354,
  "location": {
    "country": "US",
    "displayable_name": "Sacramento, CA",
    "id": 2486340,
    "is_root": false,
    "name": "Sacramento",
    "short_name": "Sacramento, CA",
    "slug": "sacramento-ca",
    "state": "CA",
    "type": "Town",
    "urls": {
      "api": {
        "nearby_projects": "https://api.kickstarter.com/v1/discover?signature=1488668423.0b4f68eb4e1efe666c9fe7676aa46b157ae9f16d&woe_id=2486340"
      },
      "web": {
        "discover": "https://www.kickstarter.com/discover/places/sacramento-ca",
        "location": "https://www.kickstarter.com/locations/sacramento-ca"
      }
    }
  },
  "name": "RC Drone",
  "photo": {
    "1024x576": "https://ksr-ugc.imgix.net/assets/012/089/619/ea71508f87589d82cec43a604a1b176d_original.jpg?w=1024&h=576&fit=fill&bg=000000&v=1463730937&auto=format&q=92&s=41f409188c822767145a201072a6fe8d",
    "1536x864": "https://ksr-ugc.imgix.net/assets/012/089/619/ea71508f87589d82cec43a604a1b176d_original.jpg?w=1536&h=864&fit=fill&bg=000000&v=1463730937&auto=format&q=92&s=b6f7450346bad6db45f2f1745cca4661",
    "ed": "https://ksr-ugc.imgix.net/assets/012/089/619/ea71508f87589d82cec43a604a1b176d_original.jpg?w=338&h=190&fit=fill&bg=000000&v=1463730937&auto=format&q=92&s=e65eda759869bd4d502b8fe1d2847571",
    "full": "https://ksr-ugc.imgix.net/assets/012/089/619/ea71508f87589d82cec43a604a1b176d_original.jpg?w=560&h=315&fit=fill&bg=000000&v=1463730937&auto=format&q=92&s=542990c9133ada969772415d62e3a5ed",
    "key": "assets/012/089/619/ea71508f87589d82cec43a604a1b176d_original.jpg",
    "little": "https://ksr-ugc.imgix.net/assets/012/089/619/ea71508f87589d82cec43a604a1b176d_original.jpg?w=200&h=112&fit=fill&bg=000000&v=1463730937&auto=format&q=92&s=d5bdb871fa7f92ebc4d7c60a81b9ec49",
    "med": "https://ksr-ugc.imgix.net/assets/012/089/619/ea71508f87589d82cec43a604a1b176d_original.jpg?w=266&h=150&fit=fill&bg=000000&v=1463730937&auto=format&q=92&s=0184d3648270f31840f8f3f53e7529a9",
    "small": "https://ksr-ugc.imgix.net/assets/012/089/619/ea71508f87589d82cec43a604a1b176d_original.jpg?w=160&h=90&fit=fill&bg=000000&v=1463730937&auto=format&q=92&s=f3b4e6585db74c47d33441b8fd21a2cf",
    "thumb": "https://ksr-ugc.imgix.net/assets/012/089/619/ea71508f87589d82cec43a604a1b176d_original.jpg?w=40&h=22&fit=fill&bg=000000&v=1463730937&auto=format&q=92&s=488e78627b7033163cb4a60e721f2ebc"
  },
  "pledged": 50.0,
  "profile": {
    "background_color": null,
    "background_image_opacity": 0.8,
    "blurb": null,
    "feature_image_attributes": {
      "image_urls": {
        "baseball_card": "https://ksr-ugc.imgix.net/assets/012/089/619/ea71508f87589d82cec43a604a1b176d_original.jpg?w=1552&h=873&fit=fill&bg=000000&v=1463730937&auto=format&q=92&s=a177f8ce46e26586ecd6eaf4a2f6789c",
        "default": "https://ksr-ugc.imgix.net/assets/012/089/619/ea71508f87589d82cec43a604a1b176d_original.jpg?w=1552&h=873&fit=fill&bg=000000&v=1463730937&auto=format&q=92&s=a177f8ce46e26586ecd6eaf4a2f6789c"
      }
    },
    "id": 1808428,
    "link_background_color": null,
    "link_text": null,
    "link_text_color": null,
    "link_url": null,
    "name": null,
    "project_id": 1808428,
    "should_show_feature_image_section": true,
    "show_feature_image": false,
    "state": "inactive",
    "state_changed_at": 1427705364,
    "text_color": null
  },
  "slug": "rc-drone",
  "spotlight": false,
  "staff_pick": false,
  "state": "failed",
  "state_changed_at": 1430931359,
  "static_usd_rate": 1.0,
  "urls": {
    "web": {
      "project": "https://www.kickstarter.com/projects/1886194937/rc-drone?ref=category_newest",
      "rewards": "https://www.kickstarter.com/projects/1886194937/rc-drone/rewards"
    }
  },
  "usd_pledged": "50.0"
}