{
  "backers_count": 27,
  "blurb": "An affordable and feature rich (x86_64 port) iSCSI solution for general and commercial use embracing the RapidDisk modules for speed.",
  "category": {
    "color": 6526716,
    "id": 51,
    "name": "Software",
    "parent_id": 16,
    "position": 11,
    "slug": "technology/software",
    "urls": {
      "web": {
        "discover": "http://www.kickstarter.com/discover/categories/technology/software"
      }
    }
  },
  "country": "US",
  "created_at": 1343744660,
  "creator": {
    "avatar": {
      "medium": "https://ksr-ugc.imgix.net/assets/005/926/334/f64c693c9bc76d84be8e3af8a760bd37_original.jpg?w=160&h=160&fit=crop&v=1461115471&auto=format&q=92&s=6f66480f34e8269fba9907ab27948c6d",
      "small": "https://ksr-ugc.imgix.net/assets/005/926/334/f64c693c9bc76d84be8e3af8a760bd37_original.jpg?w=160&h=160&fit=crop&v=1461115471&auto=format&q=92&s=6f66480f34e8269fba9907ab27948c6d",
      "thumb": "https://ksr-ugc.imgix.net/assets/005/926/334/f64c693c9bc76d84be8e3af8a760bd37_original.jpg?w=40&h=40&fit=crop&v=1461115471&auto=format&q=92&s=799815b8206ae2279d7872b7b55ec398"
    },
    "id": 1993672464,
    "name": "Petros Koutoupis",
    "slug": "pkoutoupis",
    "urls": {
      "api": {
        "user": "https://api.kickstarter.com/v1/users/1993672464?signature=1488680217.f9992f96ce34ac096ff19cc1fd36e096164f11b2"
      },
      "web": {
        "user": "https://www.kickstarter.com/profile/pkoutoupis"
      }
    }
  },
  "currency": "USD",
  "currency_symbol": "$",
  "currency_trailing_code": true,
  "deadline": 1350771808,
  "disable_communication": false,
  "goal": 2500.0,
  "id": 1011724893,
  "launched_at": 1346883808,
  "location": {
    "country": "US",
    "displayable_name": "Chicago, IL",
    "id": 2379574,
    "is_root": false,
    "name": "Chicago",
    "short_name": "Chicago, IL",
    "slug": "chicago-il",
    "state": "IL",
    "type": "Town",
    "urls": {
      "api": {
        "nearby_projects": "https://api.kickstarter.com/v1/discover?signature=1488668420.5b56f3c85b08c4b800c5a8dcb428aebecf2f9459&woe_id=2379574"
      },
      "web": {
        "discover": "https://www.kickstarter.com/discover/places/chicago-il",
        "location": "https://www.kickstarter.com/locations/chicago-il"
      }
    }
  },
  "name": "RapidDisk LX 2.0: an iSCSI Target Linux Distribution",
  "photo": {
    "1024x576": "https://ksr-ugc.imgix.net/assets/011/404/149/7a695d241285a07abe6abcd13b79501d_original.png?w=1024&h=576&fit=fill&bg=000000&v=1463682189&auto=format&q=92&s=8d46b015ab1325f1d6cfcba4805fd1b5",
    "1536x864": "https://ksr-ugc.imgix.net/assets/011/404/149/7a695d241285a07abe6abcd13b79501d_original.png?w=1536&h=864&fit=fill&bg=000000&v=1463682189&auto=format&q=92&s=bdbea33d1cfbffa2d29fbc56cb7d2935",
    "ed": "https://ksr-ugc.imgix.net/assets/011/404/149/7a695d241285a07abe6abcd13b79501d_original.png?w=338&h=190&fit=fill&bg=000000&v=1463682189&auto=format&q=92&s=df83ce37475ddfa6c5aa1a040cc7ec72",
    "full": "https://ksr-ugc.imgix.net/assets/011/404/149/7a695d241285a07abe6abcd13b79501d_original.png?w=560&h=315&fit=fill&bg=000000&v=1463682189&auto=format&q=92&s=2d6f1d16e42f5325d094ce891fb0e6aa",
    "key": "assets/011/404/149/7a695d241285a07abe6abcd13b79501d_original.png",
    "little": "https://ksr-ugc.imgix.net/assets/011/404/149/7a695d241285a07abe6abcd13b79501d_original.png?w=200&h=112&fit=fill&bg=000000&v=1463682189&auto=format&q=92&s=70d56c512ac9b200238ecabde9cebe22",
    "med": "https://ksr-ugc.imgix.net/assets/011/404/149/7a695d241285a07abe6abcd13b79501d_original.png?w=266&h=150&fit=fill&bg=000000&v=1463682189&auto=format&q=92&s=08736ef83ef7f88d80b726c670e85e20",
    "small": "https://ksr-ugc.imgix.net/assets/011/404/149/7a695d241285a07abe6abcd13b79501d_original.png?w=160&h=90&fit=fill&bg=000000&v=1463682189&auto=format&q=92&s=26fbff4c4ab54c55439141d219d1160e",
    "thumb": "https://ksr-ugc.imgix.net/assets/011/404/149/7a695d241285a07abe6abcd13b79501d_original.png?w=40&h=22&fit=fill&bg=000000&v=1463682189&auto=format&q=92&s=e2df5f9538f79afd8baa8d6ed29aa7a3"
  },
  "pledged": 929.66,
  "profile": {
    "background_color": null,
    "background_image_opacity": 0.8,
    "blurb": null,
    "feature_image_attributes": {
      "image_urls": {
        "baseball_card": "https://ksr-ugc.imgix.net/assets/011/404/149/7a695d241285a07abe6abcd13b79501d_original.png?w=1552&h=873&fit=fill&bg=000000&v=1463682189&auto=format&q=92&s=9827ad674e12f80ff9e8c37fda52c414",
        "default": "https://ksr-ugc.imgix.net/assets/011/404/149/7a695d241285a07abe6abcd13b79501d_original.png?w=1552&h=873&fit=fill&bg=000000&v=1463682189&auto=format&q=92&s=9827ad674e12f80ff9e8c37fda52c414"
      }
    },
    "id": 284584,
    "link_background_color": null,
    "link_text": null,
    "link_text_color": null,
    "link_url": null,
    "name": null,
    "project_id": 284584,
    "should_show_feature_image_section": true,
    "show_feature_image": false,
    "state": "inactive",
    "state_changed_at": 1425915815,
    "text_color": null
  },
  "slug": "rapiddisk-lx-20-an-iscsi-target-linux-distribution",
  "spotlight": false,
  "staff_pick": false,
  "state": "failed",
  "state_changed_at": 1350771809,
  "static_usd_rate": 1.0,
  "urls": {
    "web": {
      "project": "https://www.kickstarter.com/projects/pkoutoupis/rapiddisk-lx-20-an-iscsi-target-linux-distribution?ref=category_newest",
      "rewards": "https://www.kickstarter.com/projects/pkoutoupis/rapiddisk-lx-20-an-iscsi-target-linux-distribution/rewards"
    }
  },
  "usd_pledged": "929.66"
}