{
  "backers_count": 2,
  "blurb": "House of Royalty is an alcohol on demand delivery app. We make retailers apps for their store and we provide the drivers for delivery.",
  "category": {
    "color": 6526716,
    "id": 332,
    "name": "Apps",
    "parent_id": 16,
    "position": 2,
    "slug": "technology/apps",
    "urls": {
      "web": {
        "discover": "http://www.kickstarter.com/discover/categories/technology/apps"
      }
    }
  },
  "country": "US",
  "created_at": 1488257398,
  "creator": {
    "avatar": {
      "medium": "https://ksr-ugc.imgix.net/assets/015/670/547/383c78db427006eb8e78d546a40cf561_original.jpg?w=160&h=160&fit=crop&v=1488264331&auto=format&q=92&s=f72622838210175c069e76ecc037ea25",
      "small": "https://ksr-ugc.imgix.net/assets/015/670/547/383c78db427006eb8e78d546a40cf561_original.jpg?w=160&h=160&fit=crop&v=1488264331&auto=format&q=92&s=f72622838210175c069e76ecc037ea25",
      "thumb": "https://ksr-ugc.imgix.net/assets/015/670/547/383c78db427006eb8e78d546a40cf561_original.jpg?w=40&h=40&fit=crop&v=1488264331&auto=format&q=92&s=18920407ec18720b55008eda14bc6622"
    },
    "id": 1719779561,
    "name": "Hunter green",
    "urls": {
      "api": {
        "user": "https://api.kickstarter.com/v1/users/1719779561?signature=1488678799.6429b9a5597365faac04ad8f19d18455a3668f24"
      },
      "web": {
        "user": "https://www.kickstarter.com/profile/1719779561"
      }
    }
  },
  "currency": "USD",
  "currency_symbol": "$",
  "currency_trailing_code": true,
  "deadline": 1492269049,
  "disable_communication": false,
  "goal": 12000.0,
  "id": 1011197154,
  "launched_at": 1488384649,
  "location": {
    "country": "US",
    "displayable_name": "Colleyville, TX",
    "id": 2383121,
    "is_root": false,
    "name": "Colleyville",
    "short_name": "Colleyville, TX",
    "slug": "colleyville-tx",
    "state": "TX",
    "type": "Town",
    "urls": {
      "api": {
        "nearby_projects": "https://api.kickstarter.com/v1/discover?signature=1488668472.74b6bf5bd889cc34ca75ea4a26cbb823d547286c&woe_id=2383121"
      },
      "web": {
        "discover": "https://www.kickstarter.com/discover/places/colleyville-tx",
        "location": "https://www.kickstarter.com/locations/colleyville-tx"
      }
    }
  },
  "name": "House of Royalty alcohol on demand delivery app.",
  "photo": {
    "1024x576": "https://ksr-ugc.imgix.net/assets/015/669/636/5db895a9791b9ed0a078977dd92969cc_original.png?w=1024&h=576&fit=fill&bg=000000&v=1488257461&auto=format&q=92&s=2032da1f1bc200c432a0d0e455a84a6c",
    "1536x864": "https://ksr-ugc.imgix.net/assets/015/669/636/5db895a9791b9ed0a078977dd92969cc_original.png?w=1536&h=864&fit=fill&bg=000000&v=1488257461&auto=format&q=92&s=c0cc70a0bd675e046ea75f62393d6732",
    "ed": "https://ksr-ugc.imgix.net/assets/015/669/636/5db895a9791b9ed0a078977dd92969cc_original.png?w=338&h=190&fit=fill&bg=000000&v=1488257461&auto=format&q=92&s=4056158056197432ebfdda7e453c74f8",
    "full": "https://ksr-ugc.imgix.net/assets/015/669/636/5db895a9791b9ed0a078977dd92969cc_original.png?w=560&h=315&fit=fill&bg=000000&v=1488257461&auto=format&q=92&s=4bee2ae52f68a1a99a77ede16bf0c315",
    "key": "assets/015/669/636/5db895a9791b9ed0a078977dd92969cc_original.png",
    "little": "https://ksr-ugc.imgix.net/assets/015/669/636/5db895a9791b9ed0a078977dd92969cc_original.png?w=200&h=112&fit=fill&bg=000000&v=1488257461&auto=format&q=92&s=e9a07ec3ec8391d74082e4348de5f38e",
    "med": "https://ksr-ugc.imgix.net/assets/015/669/636/5db895a9791b9ed0a078977dd92969cc_original.png?w=266&h=150&fit=fill&bg=000000&v=1488257461&auto=format&q=92&s=5f9866eb146d9fe5e58ec80bb60b1473",
    "small": "https://ksr-ugc.imgix.net/assets/015/669/636/5db895a9791b9ed0a078977dd92969cc_original.png?w=160&h=90&fit=fill&bg=000000&v=1488257461&auto=format&q=92&s=7d0b88ed1d242c904eda3cbf98b7b246",
    "thumb": "https://ksr-ugc.imgix.net/assets/015/669/636/5db895a9791b9ed0a078977dd92969cc_original.png?w=40&h=22&fit=fill&bg=000000&v=1488257461&auto=format&q=92&s=87facf04fca3e198976785e40abaabb6"
  },
  "pledged": 75.0,
  "profile": {
    "background_color": null,
    "background_image_opacity": 0.8,
    "blurb": null,
    "feature_image_attributes": {
      "image_urls": {
        "baseball_card": "https://ksr-ugc.imgix.net/assets/015/669/636/5db895a9791b9ed0a078977dd92969cc_original.png?w=1552&h=873&fit=fill&bg=000000&v=1488257461&auto=format&q=92&s=df00a0adf78f34692402205f7f7b4463",
        "default": "https://ksr-ugc.imgix.net/assets/015/669/636/5db895a9791b9ed0a078977dd92969cc_original.png?w=1552&h=873&fit=fill&bg=000000&v=1488257461&auto=format&q=92&s=df00a0adf78f34692402205f7f7b4463"
      }
    },
    "id": 2898634,
    "link_background_color": null,
    "link_text": null,
    "link_text_color": null,
    "link_url": null,
    "name": null,
    "project_id": 2898634,
    "should_show_feature_image_section": true,
    "show_feature_image": false,
    "state": "inactive",
    "state_changed_at": 1488257398,
    "text_color": null
  },
  "slug": "house-of-royalty-alcohol-on-demand-delivery-app",
  "spotlight": false,
  "staff_pick": false,
  "state": "live",
  "state_changed_at": 1488384650,
  "static_usd_rate": 1.0,
  "urls": {
    "web": {
      "project": "https://www.kickstarter.com/projects/1719779561/house-of-royalty-alcohol-on-demand-delivery-app?ref=category_newest",
      "rewards": "https://www.kickstarter.com/projects/1719779561/house-of-royalty-alcohol-on-demand-delivery-app/rewards"
    }
  },
  "usd_pledged": "75.0"
}