{
  "backers_count": 8,
  "blurb": "Mikezeworks is your new E-file manager. Save, access and organize anything digital on any device, anywhere....",
  "category": {
    "color": 6526716,
    "id": 332,
    "name": "Apps",
    "parent_id": 16,
    "position": 2,
    "slug": "technology/apps",
    "urls": {
      "web": {
        "discover": "http://www.kickstarter.com/discover/categories/technology/apps"
      }
    }
  },
  "country": "US",
  "created_at": 1401996455,
  "creator": {
    "avatar": {
      "medium": "https://ksr-ugc.imgix.net/assets/008/332/048/54c38630a3c12f13699ecce6bb7b4ade_original.jpg?w=160&h=160&fit=crop&v=1461517722&auto=format&q=92&s=1d76d1292b5cc466ccc548df5ac8f130",
      "small": "https://ksr-ugc.imgix.net/assets/008/332/048/54c38630a3c12f13699ecce6bb7b4ade_original.jpg?w=160&h=160&fit=crop&v=1461517722&auto=format&q=92&s=1d76d1292b5cc466ccc548df5ac8f130",
      "thumb": "https://ksr-ugc.imgix.net/assets/008/332/048/54c38630a3c12f13699ecce6bb7b4ade_original.jpg?w=40&h=40&fit=crop&v=1461517722&auto=format&q=92&s=303a8523c4377b1ad6d498778460623b"
    },
    "id": 236282034,
    "name": "Hekima Havard",
    "urls": {
      "api": {
        "user": "https://api.kickstarter.com/v1/users/236282034?signature=1488678973.a67759fae96ecc7917ef33ac39696275d62041a6"
      },
      "web": {
        "user": "https://www.kickstarter.com/profile/236282034"
      }
    }
  },
  "currency": "USD",
  "currency_symbol": "$",
  "currency_trailing_code": true,
  "deadline": 1429675498,
  "disable_communication": false,
  "goal": 13000.0,
  "id": 1011270775,
  "launched_at": 1424495098,
  "location": {
    "country": "US",
    "displayable_name": "Atlanta, GA",
    "id": 2357024,
    "is_root": false,
    "name": "Atlanta",
    "short_name": "Atlanta, GA",
    "slug": "atlanta-ga",
    "state": "GA",
    "type": "Town",
    "urls": {
      "api": {
        "nearby_projects": "https://api.kickstarter.com/v1/discover?signature=1488668420.53e4bdf1b822a5b2bc9c32acd4cad46d39f0d097&woe_id=2357024"
      },
      "web": {
        "discover": "https://www.kickstarter.com/discover/places/atlanta-ga",
        "location": "https://www.kickstarter.com/locations/atlanta-ga"
      }
    }
  },
  "name": "Mikeze - The E-life Manager",
  "photo": {
    "1024x576": "https://ksr-ugc.imgix.net/assets/011/719/963/8d4fad93f838067bdbb563745d3bd173_original.jpg?w=1024&h=576&fit=fill&bg=000000&v=1463687272&auto=format&q=92&s=40a7d080e1802b7961a86945e1dc2298",
    "1536x864": "https://ksr-ugc.imgix.net/assets/011/719/963/8d4fad93f838067bdbb563745d3bd173_original.jpg?w=1536&h=864&fit=fill&bg=000000&v=1463687272&auto=format&q=92&s=f3c106f530f029cf7d333a962712a483",
    "ed": "https://ksr-ugc.imgix.net/assets/011/719/963/8d4fad93f838067bdbb563745d3bd173_original.jpg?w=338&h=190&fit=fill&bg=000000&v=1463687272&auto=format&q=92&s=f529af6ed64994a64812d6b51ac1b46a",
    "full": "https://ksr-ugc.imgix.net/assets/011/719/963/8d4fad93f838067bdbb563745d3bd173_original.jpg?w=560&h=315&fit=fill&bg=000000&v=1463687272&auto=format&q=92&s=61441eb95a4c3d42dd68b5c150814782",
    "key": "assets/011/719/963/8d4fad93f838067bdbb563745d3bd173_original.jpg",
    "little": "https://ksr-ugc.imgix.net/assets/011/719/963/8d4fad93f838067bdbb563745d3bd173_original.jpg?w=200&h=112&fit=fill&bg=000000&v=1463687272&auto=format&q=92&s=45bbebbf34366228cda0fd9797d68422",
    "med": "https://ksr-ugc.imgix.net/assets/011/719/963/8d4fad93f838067bdbb563745d3bd173_original.jpg?w=266&h=150&fit=fill&bg=000000&v=1463687272&auto=format&q=92&s=ec767d6d6a23e3e87d34c6316437ad69",
    "small": "https://ksr-ugc.imgix.net/assets/011/719/963/8d4fad93f838067bdbb563745d3bd173_original.jpg?w=160&h=90&fit=fill&bg=000000&v=1463687272&auto=format&q=92&s=de0da3bd721aa1779da6d31fb8b11fe1",
    "thumb": "https://ksr-ugc.imgix.net/assets/011/719/963/8d4fad93f838067bdbb563745d3bd173_original.jpg?w=40&h=22&fit=fill&bg=000000&v=1463687272&auto=format&q=92&s=a2754f158a83ae396414001147a4351b"
  },
  "pledged": 430.0,
  "profile": {
    "background_color": null,
    "background_image_opacity": 0.8,
    "blurb": null,
    "feature_image_attributes": {
      "image_urls": {
        "baseball_card": "https://ksr-ugc.imgix.net/assets/011/719/963/8d4fad93f838067bdbb563745d3bd173_original.jpg?w=1552&h=873&fit=fill&bg=000000&v=1463687272&auto=format&q=92&s=e4808cc09c7601439c7cb4c1fc2cbcc5",
        "default": "https://ksr-ugc.imgix.net/assets/011/719/963/8d4fad93f838067bdbb563745d3bd173_original.jpg?w=1552&h=873&fit=fill&bg=000000&v=1463687272&auto=format&q=92&s=e4808cc09c7601439c7cb4c1fc2cbcc5"
      }
    },
    "id": 1056089,
    "link_background_color": null,
    "link_text": null,
    "link_text_color": null,
    "link_url": null,
    "name": null,
    "project_id": 1056089,
    "should_show_feature_image_section": true,
    "show_feature_image": false,
    "state": "inactive",
    "state_changed_at": 1425915858,
    "text_color": null
  },
  "slug": "mikeze-the-e-life-manager",
  "spotlight": false,
  "staff_pick": false,
  "state": "failed",
  "state_changed_at": 1429675500,
  "static_usd_rate": 1.0,
  "urls": {
    "web": {
      "project": "https://www.kickstarter.com/projects/236282034/mikeze-the-e-life-manager?ref=category_newest",
      "rewards": "https://www.kickstarter.com/projects/236282034/mikeze-the-e-life-manager/rewards"
    }
  },
  "usd_pledged": "430.0"
}