{
  "backers_count": 24,
  "blurb": "RevoCases, LLC was established in order to revolutionize how the world powers mobile technology.",
  "category": {
    "color": 6526716,
    "id": 337,
    "name": "Gadgets",
    "parent_id": 16,
    "position": 7,
    "slug": "technology/gadgets",
    "urls": {
      "web": {
        "discover": "http://www.kickstarter.com/discover/categories/technology/gadgets"
      }
    }
  },
  "country": "US",
  "created_at": 1408321138,
  "creator": {
    "avatar": {
      "medium": "https://ksr-ugc.imgix.net/assets/009/204/828/e0dae348fd7a85aa6bb6d6ec30a5a539_original.JPG?w=160&h=160&fit=crop&v=1461564398&auto=format&q=92&s=2477036384a22ed52acb2d20cf4d7ee4",
      "small": "https://ksr-ugc.imgix.net/assets/009/204/828/e0dae348fd7a85aa6bb6d6ec30a5a539_original.JPG?w=160&h=160&fit=crop&v=1461564398&auto=format&q=92&s=2477036384a22ed52acb2d20cf4d7ee4",
      "thumb": "https://ksr-ugc.imgix.net/assets/009/204/828/e0dae348fd7a85aa6bb6d6ec30a5a539_original.JPG?w=40&h=40&fit=crop&v=1461564398&auto=format&q=92&s=1ef86d433473c603f2c93ee56e4429ee"
    },
    "id": 1983076176,
    "name": "Dillon Dunn",
    "urls": {
      "api": {
        "user": "https://api.kickstarter.com/v1/users/1983076176?signature=1488679666.feceab8a9a5c9818f4760cbb861171a79ae97164"
      },
      "web": {
        "user": "https://www.kickstarter.com/profile/1983076176"
      }
    }
  },
  "currency": "USD",
  "currency_symbol": "$",
  "currency_trailing_code": true,
  "deadline": 1423423484,
  "disable_communication": false,
  "goal": 10000.0,
  "id": 101257201,
  "launched_at": 1419535484,
  "location": {
    "country": "US",
    "displayable_name": "Culpeper, VA",
    "id": 2388161,
    "is_root": false,
    "name": "Culpeper",
    "short_name": "Culpeper, VA",
    "slug": "culpeper-va",
    "state": "VA",
    "type": "Town",
    "urls": {
      "api": {
        "nearby_projects": "https://api.kickstarter.com/v1/discover?signature=1488669400.f657d5aa5d9b8488071705bad871a413ea8c1015&woe_id=2388161"
      },
      "web": {
        "discover": "https://www.kickstarter.com/discover/places/culpeper-va",
        "location": "https://www.kickstarter.com/locations/culpeper-va"
      }
    }
  },
  "name": "RevoCases, We See Charging Differently (Canceled)",
  "photo": {
    "1024x576": "https://ksr-ugc.imgix.net/assets/011/839/847/f2bbd6f7f02b78d3116e527a1f237ea8_original.png?w=1024&h=576&fit=fill&bg=000000&v=1463702258&auto=format&q=92&s=8378cf8604fe8b886ea8ad175635f948",
    "1536x864": "https://ksr-ugc.imgix.net/assets/011/839/847/f2bbd6f7f02b78d3116e527a1f237ea8_original.png?w=1536&h=864&fit=fill&bg=000000&v=1463702258&auto=format&q=92&s=e3f76725ef409a279931459e348a6648",
    "ed": "https://ksr-ugc.imgix.net/assets/011/839/847/f2bbd6f7f02b78d3116e527a1f237ea8_original.png?w=338&h=190&fit=fill&bg=000000&v=1463702258&auto=format&q=92&s=cb1b12a607dfe2c79165fc2b671167a6",
    "full": "https://ksr-ugc.imgix.net/assets/011/839/847/f2bbd6f7f02b78d3116e527a1f237ea8_original.png?w=560&h=315&fit=fill&bg=000000&v=1463702258&auto=format&q=92&s=3d45255a5d020058f84dd2374414f050",
    "key": "assets/011/839/847/f2bbd6f7f02b78d3116e527a1f237ea8_original.png",
    "little": "https://ksr-ugc.imgix.net/assets/011/839/847/f2bbd6f7f02b78d3116e527a1f237ea8_original.png?w=200&h=112&fit=fill&bg=000000&v=1463702258&auto=format&q=92&s=b1a631feea2845742285a921fde2e3ac",
    "med": "https://ksr-ugc.imgix.net/assets/011/839/847/f2bbd6f7f02b78d3116e527a1f237ea8_original.png?w=266&h=150&fit=fill&bg=000000&v=1463702258&auto=format&q=92&s=ea6381e8e32668139f928d2c76e0aa2e",
    "small": "https://ksr-ugc.imgix.net/assets/011/839/847/f2bbd6f7f02b78d3116e527a1f237ea8_original.png?w=160&h=90&fit=fill&bg=000000&v=1463702258&auto=format&q=92&s=585ea5e7e9d56fef40d06c8978c0836f",
    "thumb": "https://ksr-ugc.imgix.net/assets/011/839/847/f2bbd6f7f02b78d3116e527a1f237ea8_original.png?w=40&h=22&fit=fill&bg=000000&v=1463702258&auto=format&q=92&s=52ec20aae6f31a3f17d5cadb821b176c"
  },
  "pledged": 2276.0,
  "profile": {
    "background_color": null,
    "background_image_opacity": 0.8,
    "blurb": null,
    "feature_image_attributes": {
      "image_urls": {
        "baseball_card": "https://ksr-ugc.imgix.net/assets/011/839/847/f2bbd6f7f02b78d3116e527a1f237ea8_original.png?w=1552&h=873&fit=fill&bg=000000&v=1463702258&auto=format&q=92&s=10042130f536f4c0d2c7123828ea3e8f",
        "default": "https://ksr-ugc.imgix.net/assets/011/839/847/f2bbd6f7f02b78d3116e527a1f237ea8_original.png?w=1552&h=873&fit=fill&bg=000000&v=1463702258&auto=format&q=92&s=10042130f536f4c0d2c7123828ea3e8f"
      }
    },
    "id": 1297379,
    "link_background_color": null,
    "link_text": null,
    "link_text_color": null,
    "link_url": null,
    "name": null,
    "project_id": 1297379,
    "should_show_feature_image_section": true,
    "show_feature_image": false,
    "state": "inactive",
    "state_changed_at": 1425915872,
    "text_color": null
  },
  "slug": "revocases-the-future-backbone-of-mobile-computing",
  "spotlight": false,
  "staff_pick": false,
  "state": "canceled",
  "state_changed_at": 1422135361,
  "static_usd_rate": 1.0,
  "urls": {
    "web": {
      "project": "https://www.kickstarter.com/projects/1983076176/revocases-the-future-backbone-of-mobile-computing?ref=category_newest",
      "rewards": "https://www.kickstarter.com/projects/1983076176/revocases-the-future-backbone-of-mobile-computing/rewards"
    }
  },
  "usd_pledged": "2276.0"
}