{
  "backers_count": 2,
  "blurb": "We are creating historical lessons that users can see through the google cardboard. It's a new studying tool that is fun and affordable",
  "category": {
    "color": 6526716,
    "id": 332,
    "name": "Apps",
    "parent_id": 16,
    "position": 2,
    "slug": "technology/apps",
    "urls": {
      "web": {
        "discover": "http://www.kickstarter.com/discover/categories/technology/apps"
      }
    }
  },
  "country": "US",
  "created_at": 1460274611,
  "creator": {
    "avatar": {
      "medium": "https://ksr-ugc.imgix.net/assets/010/788/886/1cba4cf0ba03e39f7144c9676897edb8_original.jpg?w=160&h=160&fit=crop&v=1461712500&auto=format&q=92&s=222579b963d07c888359a4c11fc938c1",
      "small": "https://ksr-ugc.imgix.net/assets/010/788/886/1cba4cf0ba03e39f7144c9676897edb8_original.jpg?w=160&h=160&fit=crop&v=1461712500&auto=format&q=92&s=222579b963d07c888359a4c11fc938c1",
      "thumb": "https://ksr-ugc.imgix.net/assets/010/788/886/1cba4cf0ba03e39f7144c9676897edb8_original.jpg?w=40&h=40&fit=crop&v=1461712500&auto=format&q=92&s=8196a6c0441bb4417aae5a0983ea34be"
    },
    "id": 458117478,
    "name": "Luke McFall",
    "urls": {
      "api": {
        "user": "https://api.kickstarter.com/v1/users/458117478?signature=1488679211.43010798704bf91d1f4db6b4b1df6f41b887559d"
      },
      "web": {
        "user": "https://www.kickstarter.com/profile/458117478"
      }
    }
  },
  "currency": "USD",
  "currency_symbol": "$",
  "currency_trailing_code": true,
  "deadline": 1469896737,
  "disable_communication": false,
  "goal": 55000.0,
  "id": 1012575814,
  "launched_at": 1466008737,
  "location": {
    "country": "US",
    "displayable_name": "San Francisco, CA",
    "id": 2487956,
    "is_root": false,
    "name": "San Francisco",
    "short_name": "San Francisco, CA",
    "slug": "san-francisco-ca",
    "state": "CA",
    "type": "Town",
    "urls": {
      "api": {
        "nearby_projects": "https://api.kickstarter.com/v1/discover?signature=1488668419.2ca6b59b4a6c9f76668a2fde02de5d8a382ea747&woe_id=2487956"
      },
      "web": {
        "discover": "https://www.kickstarter.com/discover/places/san-francisco-ca",
        "location": "https://www.kickstarter.com/locations/san-francisco-ca"
      }
    }
  },
  "name": "History Through VR",
  "photo": {
    "1024x576": "https://ksr-ugc.imgix.net/assets/012/731/731/c1c2f5a1a2aea01adb4823d44c38e44e_original.png?w=1024&h=576&fit=fill&bg=000000&v=1465847611&auto=format&q=92&s=6bdeb4b22a02bdb7b82355fbd0d11a43",
    "1536x864": "https://ksr-ugc.imgix.net/assets/012/731/731/c1c2f5a1a2aea01adb4823d44c38e44e_original.png?w=1536&h=864&fit=fill&bg=000000&v=1465847611&auto=format&q=92&s=f816f5826ce4df8eda95cb9c2b6df88f",
    "ed": "https://ksr-ugc.imgix.net/assets/012/731/731/c1c2f5a1a2aea01adb4823d44c38e44e_original.png?w=338&h=190&fit=fill&bg=000000&v=1465847611&auto=format&q=92&s=cf5048545bc2a7581395f447c2c062d5",
    "full": "https://ksr-ugc.imgix.net/assets/012/731/731/c1c2f5a1a2aea01adb4823d44c38e44e_original.png?w=560&h=315&fit=fill&bg=000000&v=1465847611&auto=format&q=92&s=29f0ee8404c4879a35b0aa74c978b8a2",
    "key": "assets/012/731/731/c1c2f5a1a2aea01adb4823d44c38e44e_original.png",
    "little": "https://ksr-ugc.imgix.net/assets/012/731/731/c1c2f5a1a2aea01adb4823d44c38e44e_original.png?w=200&h=112&fit=fill&bg=000000&v=1465847611&auto=format&q=92&s=f8dfa0c16cb18d0327d3dc05e6f26f3c",
    "med": "https://ksr-ugc.imgix.net/assets/012/731/731/c1c2f5a1a2aea01adb4823d44c38e44e_original.png?w=266&h=150&fit=fill&bg=000000&v=1465847611&auto=format&q=92&s=afaba791fac302cea53c0e0925cd1098",
    "small": "https://ksr-ugc.imgix.net/assets/012/731/731/c1c2f5a1a2aea01adb4823d44c38e44e_original.png?w=160&h=90&fit=fill&bg=000000&v=1465847611&auto=format&q=92&s=9ca45bda4e0308bf27d535536fd01f36",
    "thumb": "https://ksr-ugc.imgix.net/assets/012/731/731/c1c2f5a1a2aea01adb4823d44c38e44e_original.png?w=40&h=22&fit=fill&bg=000000&v=1465847611&auto=format&q=92&s=22ee05b6594899459ebf9d92521dd525"
  },
  "pledged": 150.0,
  "profile": {
    "background_color": null,
    "background_image_opacity": 0.8,
    "blurb": null,
    "feature_image_attributes": {
      "image_urls": {
        "baseball_card": "https://ksr-ugc.imgix.net/assets/012/731/731/c1c2f5a1a2aea01adb4823d44c38e44e_original.png?w=1552&h=873&fit=fill&bg=000000&v=1465847611&auto=format&q=92&s=44be69a39ef09d3bf5fa559e222b2bfc",
        "default": "https://ksr-ugc.imgix.net/assets/012/731/731/c1c2f5a1a2aea01adb4823d44c38e44e_original.png?w=1552&h=873&fit=fill&bg=000000&v=1465847611&auto=format&q=92&s=44be69a39ef09d3bf5fa559e222b2bfc"
      }
    },
    "id": 2463600,
    "link_background_color": null,
    "link_text": null,
    "link_text_color": null,
    "link_url": null,
    "name": null,
    "project_id": 2463600,
    "should_show_feature_image_section": true,
    "show_feature_image": false,
    "state": "inactive",
    "state_changed_at": 1460274611,
    "text_color": null
  },
  "slug": "history-through-virtual-reality",
  "spotlight": false,
  "staff_pick": false,
  "state": "failed",
  "state_changed_at": 1469896737,
  "static_usd_rate": 1.0,
  "urls": {
    "web": {
      "project": "https://www.kickstarter.com/projects/458117478/history-through-virtual-reality?ref=category_newest",
      "rewards": "https://www.kickstarter.com/projects/458117478/history-through-virtual-reality/rewards"
    }
  },
  "usd_pledged": "150.0"
}