{
  "backers_count": 4,
  "blurb": "MyPryme is a public platform for people to connect, explore,discover in a professional manner around the world.",
  "category": {
    "color": 6526716,
    "id": 342,
    "name": "Web",
    "parent_id": 16,
    "position": 15,
    "slug": "technology/web",
    "urls": {
      "web": {
        "discover": "http://www.kickstarter.com/discover/categories/technology/web"
      }
    }
  },
  "country": "AU",
  "created_at": 1404215751,
  "creator": {
    "avatar": {
      "medium": "https://ksr-ugc.imgix.net/assets/008/933/128/c0a20e06d191e5fbace463b433996374_original.jpg?w=160&h=160&fit=crop&v=1461550484&auto=format&q=92&s=6abfea58d6a78e9373bba78ab76616d4",
      "small": "https://ksr-ugc.imgix.net/assets/008/933/128/c0a20e06d191e5fbace463b433996374_original.jpg?w=160&h=160&fit=crop&v=1461550484&auto=format&q=92&s=6abfea58d6a78e9373bba78ab76616d4",
      "thumb": "https://ksr-ugc.imgix.net/assets/008/933/128/c0a20e06d191e5fbace463b433996374_original.jpg?w=40&h=40&fit=crop&v=1461550484&auto=format&q=92&s=644be9aa77afb59922e940377e34e1d9"
    },
    "id": 602212105,
    "name": "Andreas Sitompul",
    "urls": {
      "api": {
        "user": "https://api.kickstarter.com/v1/users/602212105?signature=1488680979.597a9fc67a5d6f7a89d02476b60a57f969ba3860"
      },
      "web": {
        "user": "https://www.kickstarter.com/profile/602212105"
      }
    }
  },
  "currency": "AUD",
  "currency_symbol": "$",
  "currency_trailing_code": true,
  "deadline": 1411183015,
  "disable_communication": false,
  "goal": 55000.0,
  "id": 1012513938,
  "launched_at": 1408591015,
  "location": {
    "country": "AU",
    "displayable_name": "Parramatta, AU",
    "id": 1104917,
    "is_root": false,
    "name": "Parramatta",
    "short_name": "Parramatta, AU",
    "slug": "parramatta-sydney-au",
    "state": "NSW",
    "type": "Suburb",
    "urls": {
      "api": {
        "nearby_projects": "https://api.kickstarter.com/v1/discover?signature=1488668655.992afccbec6f0e04c216c79bf45216154601934b&woe_id=1104917"
      },
      "web": {
        "discover": "https://www.kickstarter.com/discover/places/parramatta-sydney-au",
        "location": "https://www.kickstarter.com/locations/parramatta-sydney-au"
      }
    }
  },
  "name": "THE NEXT BIG SOCIAL NETWORK -    MY PRYME (Canceled)",
  "photo": {
    "1024x576": "https://ksr-ugc.imgix.net/assets/011/736/698/1f6f9b70856352a97cdb3cfaa55f2009_original.bmp?w=1024&h=576&fit=fill&bg=000000&v=1463687937&auto=format&q=92&s=74e5dad1af20201325a6afa727d9241d",
    "1536x864": "https://ksr-ugc.imgix.net/assets/011/736/698/1f6f9b70856352a97cdb3cfaa55f2009_original.bmp?w=1536&h=864&fit=fill&bg=000000&v=1463687937&auto=format&q=92&s=5b13e5d0937f27a6c974e6f656335dfb",
    "ed": "https://ksr-ugc.imgix.net/assets/011/736/698/1f6f9b70856352a97cdb3cfaa55f2009_original.bmp?w=338&h=190&fit=fill&bg=000000&v=1463687937&auto=format&q=92&s=6c820308b12f63783f46d538d20623c8",
    "full": "https://ksr-ugc.imgix.net/assets/011/736/698/1f6f9b70856352a97cdb3cfaa55f2009_original.bmp?w=560&h=315&fit=fill&bg=000000&v=1463687937&auto=format&q=92&s=1c8388d76809b151c27493686cdf7bc8",
    "key": "assets/011/736/698/1f6f9b70856352a97cdb3cfaa55f2009_original.bmp",
    "little": "https://ksr-ugc.imgix.net/assets/011/736/698/1f6f9b70856352a97cdb3cfaa55f2009_original.bmp?w=200&h=112&fit=fill&bg=000000&v=1463687937&auto=format&q=92&s=09d4f051bc7a9dc165f97f374ae2a5d1",
    "med": "https://ksr-ugc.imgix.net/assets/011/736/698/1f6f9b70856352a97cdb3cfaa55f2009_original.bmp?w=266&h=150&fit=fill&bg=000000&v=1463687937&auto=format&q=92&s=98bc3a608656bee9ded66d6b211a238d",
    "small": "https://ksr-ugc.imgix.net/assets/011/736/698/1f6f9b70856352a97cdb3cfaa55f2009_original.bmp?w=160&h=90&fit=fill&bg=000000&v=1463687937&auto=format&q=92&s=620678529c5074f4494a598f4538af76",
    "thumb": "https://ksr-ugc.imgix.net/assets/011/736/698/1f6f9b70856352a97cdb3cfaa55f2009_original.bmp?w=40&h=22&fit=fill&bg=000000&v=1463687937&auto=format&q=92&s=c98fa55e8a5decb97596ddef44f9c7cd"
  },
  "pledged": 201.0,
  "profile": {
    "background_color": null,
    "background_image_opacity": 0.8,
    "blurb": null,
    "feature_image_attributes": {
      "image_urls": {
        "baseball_card": "https://ksr-ugc.imgix.net/assets/011/736/698/1f6f9b70856352a97cdb3cfaa55f2009_original.bmp?w=1552&h=873&fit=fill&bg=000000&v=1463687937&auto=format&q=92&s=41a73238adf1cb8714174742f6092859",
        "default": "https://ksr-ugc.imgix.net/assets/011/736/698/1f6f9b70856352a97cdb3cfaa55f2009_original.bmp?w=1552&h=873&fit=fill&bg=000000&v=1463687937&auto=format&q=92&s=41a73238adf1cb8714174742f6092859"
      }
    },
    "id": 1092813,
    "link_background_color": null,
    "link_text": null,
    "link_text_color": null,
    "link_url": null,
    "name": null,
    "project_id": 1092813,
    "should_show_feature_image_section": true,
    "show_feature_image": false,
    "state": "inactive",
    "state_changed_at": 1425915860,
    "text_color": null
  },
  "slug": "the-next-big-social-network-my-pryme",
  "spotlight": false,
  "staff_pick": false,
  "state": "canceled",
  "state_changed_at": 1409286635,
  "static_usd_rate": 0.9336702,
  "urls": {
    "web": {
      "project": "https://www.kickstarter.com/projects/602212105/the-next-big-social-network-my-pryme?ref=category_newest",
      "rewards": "https://www.kickstarter.com/projects/602212105/the-next-big-social-network-my-pryme/rewards"
    }
  },
  "usd_pledged": "187.6677102"
}