{
  "backers_count": 8,
  "blurb": "Custom designed to be extra small. Gives you more space on your breadboard. Environmentally friendly lead-free construction.",
  "category": {
    "color": 6526716,
    "id": 334,
    "name": "DIY Electronics",
    "parent_id": 16,
    "position": 4,
    "slug": "technology/diy electronics",
    "urls": {
      "web": {
        "discover": "http://www.kickstarter.com/discover/categories/technology/diy%20electronics"
      }
    }
  },
  "country": "US",
  "created_at": 1461887781,
  "creator": {
    "avatar": {
      "medium": "https://ksr-ugc.imgix.net/assets/011/041/867/1052e0e8a0da1e6adcd57af87a558221_original.jpg?w=160&h=160&fit=crop&v=1461891404&auto=format&q=92&s=101f629a7304e65d5dcd58f5e0428fcf",
      "small": "https://ksr-ugc.imgix.net/assets/011/041/867/1052e0e8a0da1e6adcd57af87a558221_original.jpg?w=160&h=160&fit=crop&v=1461891404&auto=format&q=92&s=101f629a7304e65d5dcd58f5e0428fcf",
      "thumb": "https://ksr-ugc.imgix.net/assets/011/041/867/1052e0e8a0da1e6adcd57af87a558221_original.jpg?w=40&h=40&fit=crop&v=1461891404&auto=format&q=92&s=1a36ef7b94a283425188beb700d84129"
    },
    "id": 1257390142,
    "name": "Frank Fox",
    "urls": {
      "api": {
        "user": "https://api.kickstarter.com/v1/users/1257390142?signature=1488679289.9910f6e8832a3ca337ba67bf18af5c181a980d4f"
      },
      "web": {
        "user": "https://www.kickstarter.com/profile/1257390142"
      }
    }
  },
  "currency": "USD",
  "currency_symbol": "$",
  "currency_trailing_code": true,
  "deadline": 1490699636,
  "disable_communication": false,
  "goal": 500.0,
  "id": 1012787929,
  "launched_at": 1488543236,
  "location": {
    "country": "US",
    "displayable_name": "High Point, NC",
    "id": 2421250,
    "is_root": false,
    "name": "High Point",
    "short_name": "High Point, NC",
    "slug": "high-point-nc",
    "state": "NC",
    "type": "Town",
    "urls": {
      "api": {
        "nearby_projects": "https://api.kickstarter.com/v1/discover?signature=1488668422.8dd4107d7aa53c8db5d9150471af3da6d50bd8ad&woe_id=2421250"
      },
      "web": {
        "discover": "https://www.kickstarter.com/discover/places/high-point-nc",
        "location": "https://www.kickstarter.com/locations/high-point-nc"
      }
    }
  },
  "name": "Basic and Advanced Breakout Boards Plus More!",
  "photo": {
    "1024x576": "https://ksr-ugc.imgix.net/assets/012/440/755/4d89374b4a979314c02bd4a30df760b9_original.png?w=1024&h=576&fit=fill&bg=E5E5E5&v=1488165826&auto=format&q=92&s=57958779b1bb6ebe86256d8102286310",
    "1536x864": "https://ksr-ugc.imgix.net/assets/012/440/755/4d89374b4a979314c02bd4a30df760b9_original.png?w=1536&h=864&fit=fill&bg=E5E5E5&v=1488165826&auto=format&q=92&s=136022e92b1202a9fa6eec202acae09f",
    "ed": "https://ksr-ugc.imgix.net/assets/012/440/755/4d89374b4a979314c02bd4a30df760b9_original.png?w=338&h=190&fit=fill&bg=E5E5E5&v=1488165826&auto=format&q=92&s=bd4f0b7f52160976013b472460c6f0a0",
    "full": "https://ksr-ugc.imgix.net/assets/012/440/755/4d89374b4a979314c02bd4a30df760b9_original.png?w=560&h=315&fit=fill&bg=E5E5E5&v=1488165826&auto=format&q=92&s=31e0667778336a11255c259b810ac5b0",
    "key": "assets/012/440/755/4d89374b4a979314c02bd4a30df760b9_original.png",
    "little": "https://ksr-ugc.imgix.net/assets/012/440/755/4d89374b4a979314c02bd4a30df760b9_original.png?w=200&h=112&fit=fill&bg=E5E5E5&v=1488165826&auto=format&q=92&s=57d78dc5e0e227d692667925a417656b",
    "med": "https://ksr-ugc.imgix.net/assets/012/440/755/4d89374b4a979314c02bd4a30df760b9_original.png?w=266&h=150&fit=fill&bg=E5E5E5&v=1488165826&auto=format&q=92&s=d133a122b8a4fcdac3ba5c6c191b5552",
    "small": "https://ksr-ugc.imgix.net/assets/012/440/755/4d89374b4a979314c02bd4a30df760b9_original.png?w=160&h=90&fit=fill&bg=E5E5E5&v=1488165826&auto=format&q=92&s=f64eecfe17c51a84c4841f9ec6b8fe42",
    "thumb": "https://ksr-ugc.imgix.net/assets/012/440/755/4d89374b4a979314c02bd4a30df760b9_original.png?w=40&h=22&fit=fill&bg=E5E5E5&v=1488165826&auto=format&q=92&s=a53c203565a39e4ac47f493e96aa4f27"
  },
  "pledged": 267.0,
  "profile": {
    "background_color": null,
    "background_image_opacity": 0.8,
    "blurb": null,
    "feature_image_attributes": {
      "image_urls": {
        "baseball_card": "https://ksr-ugc.imgix.net/assets/012/440/755/4d89374b4a979314c02bd4a30df760b9_original.png?w=1552&h=873&fit=fill&bg=E5E5E5&v=1488165826&auto=format&q=92&s=c2279405562d8b4c0860062460ec4a3a",
        "default": "https://ksr-ugc.imgix.net/assets/012/440/755/4d89374b4a979314c02bd4a30df760b9_original.png?w=1552&h=873&fit=fill&bg=E5E5E5&v=1488165826&auto=format&q=92&s=c2279405562d8b4c0860062460ec4a3a"
      }
    },
    "id": 2492551,
    "link_background_color": null,
    "link_text": null,
    "link_text_color": null,
    "link_url": null,
    "name": null,
    "project_id": 2492551,
    "should_show_feature_image_section": true,
    "show_feature_image": false,
    "state": "inactive",
    "state_changed_at": 1461887781,
    "text_color": null
  },
  "slug": "basic-and-advanced-breakout-boards-plus-more",
  "spotlight": false,
  "staff_pick": false,
  "state": "live",
  "state_changed_at": 1488543237,
  "static_usd_rate": 1.0,
  "urls": {
    "web": {
      "project": "https://www.kickstarter.com/projects/1257390142/basic-and-advanced-breakout-boards-plus-more?ref=category_newest",
      "rewards": "https://www.kickstarter.com/projects/1257390142/basic-and-advanced-breakout-boards-plus-more/rewards"
    }
  },
  "usd_pledged": "267.0"
}