{
  "backers_count": 23,
  "blurb": "A new guide to great tasting #meatless dishes or recipes rests in your hands & depends on your plates!",
  "category": {
    "color": 6526716,
    "id": 342,
    "name": "Web",
    "parent_id": 16,
    "position": 15,
    "slug": "technology/web",
    "urls": {
      "web": {
        "discover": "http://www.kickstarter.com/discover/categories/technology/web"
      }
    }
  },
  "country": "US",
  "created_at": 1395661419,
  "creator": {
    "avatar": {
      "medium": "https://ksr-ugc.imgix.net/assets/008/319/335/07fff5f30af7b37cfd87d8c41cf3e3eb_original.jpg?w=160&h=160&fit=crop&v=1461516953&auto=format&q=92&s=4d9cc8efb468aa17dc2f49d14a3ac655",
      "small": "https://ksr-ugc.imgix.net/assets/008/319/335/07fff5f30af7b37cfd87d8c41cf3e3eb_original.jpg?w=160&h=160&fit=crop&v=1461516953&auto=format&q=92&s=4d9cc8efb468aa17dc2f49d14a3ac655",
      "thumb": "https://ksr-ugc.imgix.net/assets/008/319/335/07fff5f30af7b37cfd87d8c41cf3e3eb_original.jpg?w=40&h=40&fit=crop&v=1461516953&auto=format&q=92&s=e8d5c80012cae72ad914f4bc33226081"
    },
    "id": 139928445,
    "name": "Tiffany WorthIt Tucker",
    "slug": "onebiteaway",
    "urls": {
      "api": {
        "user": "https://api.kickstarter.com/v1/users/139928445?signature=1488680684.2925f815b1e97f4a7dfa226000e202be55aa3593"
      },
      "web": {
        "user": "https://www.kickstarter.com/profile/onebiteaway"
      }
    }
  },
  "currency": "USD",
  "currency_symbol": "$",
  "currency_trailing_code": true,
  "deadline": 1402428892,
  "disable_communication": false,
  "goal": 8000.0,
  "id": 1012857119,
  "launched_at": 1397244892,
  "location": {
    "country": "US",
    "displayable_name": "West New York, NJ",
    "id": 2517463,
    "is_root": false,
    "name": "West New York",
    "short_name": "West New York, NJ",
    "slug": "west-new-york-nj",
    "state": "NJ",
    "type": "Town",
    "urls": {
      "api": {
        "nearby_projects": "https://api.kickstarter.com/v1/discover?signature=1488670968.76937706f5ffc5aeab3efdf179c68d7d222cd02d&woe_id=2517463"
      },
      "web": {
        "discover": "https://www.kickstarter.com/discover/places/west-new-york-nj",
        "location": "https://www.kickstarter.com/locations/west-new-york-nj"
      }
    }
  },
  "name": "From Photo to Table--Relaunch",
  "photo": {
    "1024x576": "https://ksr-ugc.imgix.net/assets/011/672/368/3c4084369d28cc948f78cb50e4e1f95a_original.jpg?w=1024&h=576&fit=fill&bg=000000&v=1463686594&auto=format&q=92&s=7a4288c750362d6ada8b34270df74e1b",
    "1536x864": "https://ksr-ugc.imgix.net/assets/011/672/368/3c4084369d28cc948f78cb50e4e1f95a_original.jpg?w=1536&h=864&fit=fill&bg=000000&v=1463686594&auto=format&q=92&s=bbd9a4d894693cf44b784428fd36e7d3",
    "ed": "https://ksr-ugc.imgix.net/assets/011/672/368/3c4084369d28cc948f78cb50e4e1f95a_original.jpg?w=338&h=190&fit=fill&bg=000000&v=1463686594&auto=format&q=92&s=e2ed48fb33156232c8ea67bff16a2817",
    "full": "https://ksr-ugc.imgix.net/assets/011/672/368/3c4084369d28cc948f78cb50e4e1f95a_original.jpg?w=560&h=315&fit=fill&bg=000000&v=1463686594&auto=format&q=92&s=e05f4523fa42ff39a3df75c26414c6ab",
    "key": "assets/011/672/368/3c4084369d28cc948f78cb50e4e1f95a_original.jpg",
    "little": "https://ksr-ugc.imgix.net/assets/011/672/368/3c4084369d28cc948f78cb50e4e1f95a_original.jpg?w=200&h=112&fit=fill&bg=000000&v=1463686594&auto=format&q=92&s=8a3c56e2df6c5c4adde7e39aadebc649",
    "med": "https://ksr-ugc.imgix.net/assets/011/672/368/3c4084369d28cc948f78cb50e4e1f95a_original.jpg?w=266&h=150&fit=fill&bg=000000&v=1463686594&auto=format&q=92&s=22a3310f004516c461d31afebeb23284",
    "small": "https://ksr-ugc.imgix.net/assets/011/672/368/3c4084369d28cc948f78cb50e4e1f95a_original.jpg?w=160&h=90&fit=fill&bg=000000&v=1463686594&auto=format&q=92&s=3b10c75ba8b2024c7afffee93dce8c2e",
    "thumb": "https://ksr-ugc.imgix.net/assets/011/672/368/3c4084369d28cc948f78cb50e4e1f95a_original.jpg?w=40&h=22&fit=fill&bg=000000&v=1463686594&auto=format&q=92&s=9ab44d7d184636ade0a58689203abd38"
  },
  "pledged": 705.0,
  "profile": {
    "background_color": null,
    "background_image_opacity": 0.8,
    "blurb": null,
    "feature_image_attributes": {
      "image_urls": {
        "baseball_card": "https://ksr-ugc.imgix.net/assets/011/672/368/3c4084369d28cc948f78cb50e4e1f95a_original.jpg?w=1552&h=873&fit=fill&bg=000000&v=1463686594&auto=format&q=92&s=d3bcfa97d5ac264d31cde5b93ba71e3d",
        "default": "https://ksr-ugc.imgix.net/assets/011/672/368/3c4084369d28cc948f78cb50e4e1f95a_original.jpg?w=1552&h=873&fit=fill&bg=000000&v=1463686594&auto=format&q=92&s=d3bcfa97d5ac264d31cde5b93ba71e3d"
      }
    },
    "id": 943117,
    "link_background_color": null,
    "link_text": null,
    "link_text_color": null,
    "link_url": null,
    "name": null,
    "project_id": 943117,
    "should_show_feature_image_section": true,
    "show_feature_image": false,
    "state": "inactive",
    "state_changed_at": 1425915852,
    "text_color": null
  },
  "slug": "from-photo-to-table-relaunch",
  "spotlight": false,
  "staff_pick": false,
  "state": "failed",
  "state_changed_at": 1402428892,
  "static_usd_rate": 1.0,
  "urls": {
    "web": {
      "project": "https://www.kickstarter.com/projects/onebiteaway/from-photo-to-table-relaunch?ref=category_newest",
      "rewards": "https://www.kickstarter.com/projects/onebiteaway/from-photo-to-table-relaunch/rewards"
    }
  },
  "usd_pledged": "705.0"
}