{
  "backers_count": 2,
  "blurb": "Handheld digital TPMS pressure gauge, that measures object temperature along with pressure, then displays the Effective CIP.",
  "category": {
    "color": 6526716,
    "id": 52,
    "name": "Hardware",
    "parent_id": 16,
    "position": 8,
    "slug": "technology/hardware",
    "urls": {
      "web": {
        "discover": "http://www.kickstarter.com/discover/categories/technology/hardware"
      }
    }
  },
  "country": "US",
  "created_at": 1378731368,
  "creator": {
    "avatar": {
      "medium": "https://ksr-ugc.imgix.net/assets/007/943/367/96501e67fbdcf76015b128ae099eab43_original.jpg?w=160&h=160&fit=crop&v=1461492719&auto=format&q=92&s=75f890174214bebaf01fc4077e5a7d23",
      "small": "https://ksr-ugc.imgix.net/assets/007/943/367/96501e67fbdcf76015b128ae099eab43_original.jpg?w=160&h=160&fit=crop&v=1461492719&auto=format&q=92&s=75f890174214bebaf01fc4077e5a7d23",
      "thumb": "https://ksr-ugc.imgix.net/assets/007/943/367/96501e67fbdcf76015b128ae099eab43_original.jpg?w=40&h=40&fit=crop&v=1461492719&auto=format&q=92&s=3b72f2c07b0f4e72113d50b00b69c47a"
    },
    "id": 1585885325,
    "name": "Dan Ross",
    "urls": {
      "api": {
        "user": "https://api.kickstarter.com/v1/users/1585885325?signature=1488679885.efa86cc7784a062da138f194da4e20f604d80079"
      },
      "web": {
        "user": "https://www.kickstarter.com/profile/1585885325"
      }
    }
  },
  "currency": "USD",
  "currency_symbol": "$",
  "currency_trailing_code": true,
  "deadline": 1385385494,
  "disable_communication": false,
  "goal": 1800.0,
  "id": 101231027,
  "launched_at": 1383657494,
  "location": {
    "country": "US",
    "displayable_name": "Romeo, MI",
    "id": 2484277,
    "is_root": false,
    "name": "Romeo",
    "short_name": "Romeo, MI",
    "slug": "romeo-mi",
    "state": "MI",
    "type": "Town",
    "urls": {
      "api": {
        "nearby_projects": "https://api.kickstarter.com/v1/discover?signature=1488668569.04ed5d35d584777f192e8544204c95ff98f0237c&woe_id=2484277"
      },
      "web": {
        "discover": "https://www.kickstarter.com/discover/places/romeo-mi",
        "location": "https://www.kickstarter.com/locations/romeo-mi"
      }
    }
  },
  "name": "TireBuddy",
  "photo": {
    "1024x576": "https://ksr-ugc.imgix.net/assets/011/574/675/b7fff6e64b50c58db0efa30a84cbdb83_original.JPG?w=1024&h=576&fit=fill&bg=000000&v=1463684681&auto=format&q=92&s=d53765d8a179fb3dc5a63852775763b7",
    "1536x864": "https://ksr-ugc.imgix.net/assets/011/574/675/b7fff6e64b50c58db0efa30a84cbdb83_original.JPG?w=1536&h=864&fit=fill&bg=000000&v=1463684681&auto=format&q=92&s=accb76910c3a83eaebfc48f26794297c",
    "ed": "https://ksr-ugc.imgix.net/assets/011/574/675/b7fff6e64b50c58db0efa30a84cbdb83_original.JPG?w=338&h=190&fit=fill&bg=000000&v=1463684681&auto=format&q=92&s=b5f0d589b47685af70486fbb9b866d6d",
    "full": "https://ksr-ugc.imgix.net/assets/011/574/675/b7fff6e64b50c58db0efa30a84cbdb83_original.JPG?w=560&h=315&fit=fill&bg=000000&v=1463684681&auto=format&q=92&s=f0aff50b2d3d8d2442ee283c4a35789f",
    "key": "assets/011/574/675/b7fff6e64b50c58db0efa30a84cbdb83_original.JPG",
    "little": "https://ksr-ugc.imgix.net/assets/011/574/675/b7fff6e64b50c58db0efa30a84cbdb83_original.JPG?w=200&h=112&fit=fill&bg=000000&v=1463684681&auto=format&q=92&s=dba40c0595a715d9a61feac502ad1f47",
    "med": "https://ksr-ugc.imgix.net/assets/011/574/675/b7fff6e64b50c58db0efa30a84cbdb83_original.JPG?w=266&h=150&fit=fill&bg=000000&v=1463684681&auto=format&q=92&s=52a1112be125ea8f8e7ef69808d4bd1b",
    "small": "https://ksr-ugc.imgix.net/assets/011/574/675/b7fff6e64b50c58db0efa30a84cbdb83_original.JPG?w=160&h=90&fit=fill&bg=000000&v=1463684681&auto=format&q=92&s=0fb4cfda2c637931c9d1f51c6f9f3387",
    "thumb": "https://ksr-ugc.imgix.net/assets/011/574/675/b7fff6e64b50c58db0efa30a84cbdb83_original.JPG?w=40&h=22&fit=fill&bg=000000&v=1463684681&auto=format&q=92&s=f1bd379accbc056cbc2e6e059daaed21"
  },
  "pledged": 11.0,
  "profile": {
    "background_color": null,
    "background_image_opacity": 0.8,
    "blurb": null,
    "feature_image_attributes": {
      "image_urls": {
        "baseball_card": "https://ksr-ugc.imgix.net/assets/011/574/675/b7fff6e64b50c58db0efa30a84cbdb83_original.JPG?w=1552&h=873&fit=fill&bg=000000&v=1463684681&auto=format&q=92&s=55ff00c2bb8d21c93ba663cbe4245522",
        "default": "https://ksr-ugc.imgix.net/assets/011/574/675/b7fff6e64b50c58db0efa30a84cbdb83_original.JPG?w=1552&h=873&fit=fill&bg=000000&v=1463684681&auto=format&q=92&s=55ff00c2bb8d21c93ba663cbe4245522"
      }
    },
    "id": 691236,
    "link_background_color": null,
    "link_text": null,
    "link_text_color": null,
    "link_url": null,
    "name": null,
    "project_id": 691236,
    "should_show_feature_image_section": true,
    "show_feature_image": false,
    "state": "inactive",
    "state_changed_at": 1425915837,
    "text_color": null
  },
  "slug": "tirebuddy",
  "spotlight": false,
  "staff_pick": false,
  "state": "failed",
  "state_changed_at": 1385385494,
  "static_usd_rate": 1.0,
  "urls": {
    "web": {
      "project": "https://www.kickstarter.com/projects/1585885325/tirebuddy?ref=category_newest",
      "rewards": "https://www.kickstarter.com/projects/1585885325/tirebuddy/rewards"
    }
  },
  "usd_pledged": "11.0"
}