{
  "backers_count": 2,
  "blurb": "We aim to buy a 3d printer and start a little Italian company that 3d prints phone covers and accessories at low cost.",
  "category": {
    "color": 6526716,
    "id": 331,
    "name": "3D Printing",
    "parent_id": 16,
    "position": 1,
    "slug": "technology/3d printing",
    "urls": {
      "web": {
        "discover": "http://www.kickstarter.com/discover/categories/technology/3d%20printing"
      }
    }
  },
  "country": "IT",
  "created_at": 1437055985,
  "creator": {
    "avatar": {
      "medium": "https://ksr-ugc.imgix.net/assets/008/219/581/0050ad4e29b7441921743198deed25ae_original.jpg?w=160&h=160&fit=crop&v=1461510640&auto=format&q=92&s=af7d3d95b61e572add334c59bfeca8a9",
      "small": "https://ksr-ugc.imgix.net/assets/008/219/581/0050ad4e29b7441921743198deed25ae_original.jpg?w=160&h=160&fit=crop&v=1461510640&auto=format&q=92&s=af7d3d95b61e572add334c59bfeca8a9",
      "thumb": "https://ksr-ugc.imgix.net/assets/008/219/581/0050ad4e29b7441921743198deed25ae_original.jpg?w=40&h=40&fit=crop&v=1461510640&auto=format&q=92&s=61cb218ec0d035e1c355455291a24f39"
    },
    "id": 526324365,
    "name": "Francesco Bossi",
    "urls": {
      "api": {
        "user": "https://api.kickstarter.com/v1/users/526324365?signature=1488678775.23edf0a52f46bb80bb96647f3a621bd7c4afa24f"
      },
      "web": {
        "user": "https://www.kickstarter.com/profile/526324365"
      }
    }
  },
  "currency": "EUR",
  "currency_symbol": "\u20ac",
  "currency_trailing_code": false,
  "deadline": 1439652705,
  "disable_communication": false,
  "goal": 2000.0,
  "id": 1012487499,
  "launched_at": 1437060705,
  "location": {
    "country": "IT",
    "displayable_name": "Trieste, Italy",
    "id": 725300,
    "is_root": false,
    "name": "Trieste",
    "short_name": "Trieste, Italy",
    "slug": "trieste-trieste-friuli-venezia-giulia",
    "state": "Friuli-Venezia Giulia",
    "type": "Town",
    "urls": {
      "api": {
        "nearby_projects": "https://api.kickstarter.com/v1/discover?signature=1488668600.f120f885ed04791ffe67d5bf3099b314df2e6848&woe_id=725300"
      },
      "web": {
        "discover": "https://www.kickstarter.com/discover/places/trieste-trieste-friuli-venezia-giulia",
        "location": "https://www.kickstarter.com/locations/trieste-trieste-friuli-venezia-giulia"
      }
    }
  },
  "name": "The cover startup!",
  "photo": {
    "1024x576": "https://ksr-ugc.imgix.net/assets/012/198/820/df54cb2be4c3e6fde5041e2d1cae647a_original.jpg?w=1024&h=576&fit=fill&bg=000000&v=1463741284&auto=format&q=92&s=93e28d587bd436091a325a958f417a8a",
    "1536x864": "https://ksr-ugc.imgix.net/assets/012/198/820/df54cb2be4c3e6fde5041e2d1cae647a_original.jpg?w=1536&h=864&fit=fill&bg=000000&v=1463741284&auto=format&q=92&s=3ab8cbf54b5e7281f4d72974afc042bf",
    "ed": "https://ksr-ugc.imgix.net/assets/012/198/820/df54cb2be4c3e6fde5041e2d1cae647a_original.jpg?w=338&h=190&fit=fill&bg=000000&v=1463741284&auto=format&q=92&s=021f63e91bd633588e518236970da814",
    "full": "https://ksr-ugc.imgix.net/assets/012/198/820/df54cb2be4c3e6fde5041e2d1cae647a_original.jpg?w=560&h=315&fit=fill&bg=000000&v=1463741284&auto=format&q=92&s=df30d0fcc19e3447f36c83f0f0192437",
    "key": "assets/012/198/820/df54cb2be4c3e6fde5041e2d1cae647a_original.jpg",
    "little": "https://ksr-ugc.imgix.net/assets/012/198/820/df54cb2be4c3e6fde5041e2d1cae647a_original.jpg?w=200&h=112&fit=fill&bg=000000&v=1463741284&auto=format&q=92&s=edf156a9b5ee6e57a842cdb59a11e101",
    "med": "https://ksr-ugc.imgix.net/assets/012/198/820/df54cb2be4c3e6fde5041e2d1cae647a_original.jpg?w=266&h=150&fit=fill&bg=000000&v=1463741284&auto=format&q=92&s=0a60bbe5a90d3272ec0f131b37e082d4",
    "small": "https://ksr-ugc.imgix.net/assets/012/198/820/df54cb2be4c3e6fde5041e2d1cae647a_original.jpg?w=160&h=90&fit=fill&bg=000000&v=1463741284&auto=format&q=92&s=7b3fc26752be6ca1707dd926f7fb5ae6",
    "thumb": "https://ksr-ugc.imgix.net/assets/012/198/820/df54cb2be4c3e6fde5041e2d1cae647a_original.jpg?w=40&h=22&fit=fill&bg=000000&v=1463741284&auto=format&q=92&s=413d0459545dcf5791e2c280c7c06351"
  },
  "pledged": 36.0,
  "profile": {
    "background_color": null,
    "background_image_opacity": 0.8,
    "blurb": null,
    "feature_image_attributes": {
      "image_urls": {
        "baseball_card": "https://ksr-ugc.imgix.net/assets/012/198/820/df54cb2be4c3e6fde5041e2d1cae647a_original.jpg?w=1552&h=873&fit=fill&bg=000000&v=1463741284&auto=format&q=92&s=5680a08d00b6d854a0c0afa8058c9d60",
        "default": "https://ksr-ugc.imgix.net/assets/012/198/820/df54cb2be4c3e6fde5041e2d1cae647a_original.jpg?w=1552&h=873&fit=fill&bg=000000&v=1463741284&auto=format&q=92&s=5680a08d00b6d854a0c0afa8058c9d60"
      }
    },
    "id": 2017899,
    "link_background_color": null,
    "link_text": null,
    "link_text_color": null,
    "link_url": null,
    "name": null,
    "project_id": 2017899,
    "should_show_feature_image_section": true,
    "show_feature_image": false,
    "state": "inactive",
    "state_changed_at": 1437055985,
    "text_color": null
  },
  "slug": "the-cover-startup",
  "spotlight": false,
  "staff_pick": false,
  "state": "failed",
  "state_changed_at": 1439652706,
  "static_usd_rate": 1.10004103,
  "urls": {
    "web": {
      "project": "https://www.kickstarter.com/projects/526324365/the-cover-startup?ref=category_newest",
      "rewards": "https://www.kickstarter.com/projects/526324365/the-cover-startup/rewards"
    }
  },
  "usd_pledged": "39.60147708"
}