{
  "backers_count": 7,
  "blurb": "Blocks that demonstrate the concept of self-replication using levers and magnets",
  "category": {
    "color": 6526716,
    "id": 52,
    "name": "Hardware",
    "parent_id": 16,
    "position": 8,
    "slug": "technology/hardware",
    "urls": {
      "web": {
        "discover": "http://www.kickstarter.com/discover/categories/technology/hardware"
      }
    }
  },
  "country": "GB",
  "created_at": 1382279534,
  "creator": {
    "avatar": {
      "medium": "https://ksr-ugc.imgix.net/assets/008/078/473/a3aaa1e057850ded59134052ceaa1ada_original.jpg?w=160&h=160&fit=crop&v=1461501287&auto=format&q=92&s=4d459f2b371d32ba02d2f1fe57d59b15",
      "small": "https://ksr-ugc.imgix.net/assets/008/078/473/a3aaa1e057850ded59134052ceaa1ada_original.jpg?w=160&h=160&fit=crop&v=1461501287&auto=format&q=92&s=4d459f2b371d32ba02d2f1fe57d59b15",
      "thumb": "https://ksr-ugc.imgix.net/assets/008/078/473/a3aaa1e057850ded59134052ceaa1ada_original.jpg?w=40&h=40&fit=crop&v=1461501287&auto=format&q=92&s=c05ebf1c2484dddec4655d2ef9269819"
    },
    "id": 958653771,
    "name": "Alexander Martinez-Marquese",
    "urls": {
      "api": {
        "user": "https://api.kickstarter.com/v1/users/958653771?signature=1488679889.079c9749aa4ac71f53926b25573b73254a7cf841"
      },
      "web": {
        "user": "https://www.kickstarter.com/profile/958653771"
      }
    }
  },
  "currency": "GBP",
  "currency_symbol": "\u00a3",
  "currency_trailing_code": false,
  "deadline": 1388221155,
  "disable_communication": false,
  "goal": 6000.0,
  "id": 1012060419,
  "launched_at": 1385629155,
  "location": {
    "country": "GB",
    "displayable_name": "London, UK",
    "id": 44418,
    "is_root": false,
    "name": "London",
    "short_name": "London, UK",
    "slug": "london-gb",
    "state": "England",
    "type": "Town",
    "urls": {
      "api": {
        "nearby_projects": "https://api.kickstarter.com/v1/discover?signature=1488668416.b722aeee49187b0362a5f49f63b05fba1954673c&woe_id=44418"
      },
      "web": {
        "discover": "https://www.kickstarter.com/discover/places/london-gb",
        "location": "https://www.kickstarter.com/locations/london-gb"
      }
    }
  },
  "name": "Self Replicating Blocks",
  "photo": {
    "1024x576": "https://ksr-ugc.imgix.net/assets/011/594/391/8cbdec326f4300ac89aebdeffc27b17c_original.jpg?w=1024&h=576&fit=fill&bg=000000&v=1463684970&auto=format&q=92&s=46bf22ebd50806422a107f7dbb8409bb",
    "1536x864": "https://ksr-ugc.imgix.net/assets/011/594/391/8cbdec326f4300ac89aebdeffc27b17c_original.jpg?w=1536&h=864&fit=fill&bg=000000&v=1463684970&auto=format&q=92&s=18a700d5f3dddcd1cc5e3fc38d58a58e",
    "ed": "https://ksr-ugc.imgix.net/assets/011/594/391/8cbdec326f4300ac89aebdeffc27b17c_original.jpg?w=338&h=190&fit=fill&bg=000000&v=1463684970&auto=format&q=92&s=92e01eace44e2c4cd5ad8d0d6ee003f7",
    "full": "https://ksr-ugc.imgix.net/assets/011/594/391/8cbdec326f4300ac89aebdeffc27b17c_original.jpg?w=560&h=315&fit=fill&bg=000000&v=1463684970&auto=format&q=92&s=30e2bc46bf1dcb4e4196fff4bc481c79",
    "key": "assets/011/594/391/8cbdec326f4300ac89aebdeffc27b17c_original.jpg",
    "little": "https://ksr-ugc.imgix.net/assets/011/594/391/8cbdec326f4300ac89aebdeffc27b17c_original.jpg?w=200&h=112&fit=fill&bg=000000&v=1463684970&auto=format&q=92&s=39db9d6f182ebdba6376622cab1cd259",
    "med": "https://ksr-ugc.imgix.net/assets/011/594/391/8cbdec326f4300ac89aebdeffc27b17c_original.jpg?w=266&h=150&fit=fill&bg=000000&v=1463684970&auto=format&q=92&s=dd01bb41dd1f1a83cd17f6ad4758c9c2",
    "small": "https://ksr-ugc.imgix.net/assets/011/594/391/8cbdec326f4300ac89aebdeffc27b17c_original.jpg?w=160&h=90&fit=fill&bg=000000&v=1463684970&auto=format&q=92&s=24fbdfffdf20496e2bdfc6828609f9a9",
    "thumb": "https://ksr-ugc.imgix.net/assets/011/594/391/8cbdec326f4300ac89aebdeffc27b17c_original.jpg?w=40&h=22&fit=fill&bg=000000&v=1463684970&auto=format&q=92&s=4aaebefe5a97192d00fd6dfc229542fc"
  },
  "pledged": 216.0,
  "profile": {
    "background_color": null,
    "background_image_opacity": 0.8,
    "blurb": null,
    "feature_image_attributes": {
      "image_urls": {
        "baseball_card": "https://ksr-ugc.imgix.net/assets/011/594/391/8cbdec326f4300ac89aebdeffc27b17c_original.jpg?w=1552&h=873&fit=fill&bg=000000&v=1463684970&auto=format&q=92&s=d1562fbfef443b937bf0ee8b68aee674",
        "default": "https://ksr-ugc.imgix.net/assets/011/594/391/8cbdec326f4300ac89aebdeffc27b17c_original.jpg?w=1552&h=873&fit=fill&bg=000000&v=1463684970&auto=format&q=92&s=d1562fbfef443b937bf0ee8b68aee674"
      }
    },
    "id": 743422,
    "link_background_color": null,
    "link_text": null,
    "link_text_color": null,
    "link_url": null,
    "name": null,
    "project_id": 743422,
    "should_show_feature_image_section": true,
    "show_feature_image": false,
    "state": "inactive",
    "state_changed_at": 1425915840,
    "text_color": null
  },
  "slug": "self-replicating-blocks",
  "spotlight": false,
  "staff_pick": false,
  "state": "failed",
  "state_changed_at": 1388221157,
  "static_usd_rate": 1.62156027,
  "urls": {
    "web": {
      "project": "https://www.kickstarter.com/projects/958653771/self-replicating-blocks?ref=category_newest",
      "rewards": "https://www.kickstarter.com/projects/958653771/self-replicating-blocks/rewards"
    }
  },
  "usd_pledged": "350.25701832"
}