{
  "backers_count": 21,
  "blurb": "Place an item. Press a button. Receive it professionally folded.",
  "category": {
    "color": 6526716,
    "id": 16,
    "name": "Technology",
    "position": 14,
    "slug": "technology",
    "urls": {
      "web": {
        "discover": "http://www.kickstarter.com/discover/categories/technology"
      }
    }
  },
  "country": "US",
  "created_at": 1344233452,
  "creator": {
    "avatar": {
      "medium": "https://ksr-ugc.imgix.net/assets/006/544/651/d2494badf8b8a5701c96d6572c5bc8f9_original.png?w=160&h=160&fit=crop&v=1461395006&auto=format&q=92&s=3b2b282cc76aaf4f84692fb74e085ca4",
      "small": "https://ksr-ugc.imgix.net/assets/006/544/651/d2494badf8b8a5701c96d6572c5bc8f9_original.png?w=160&h=160&fit=crop&v=1461395006&auto=format&q=92&s=3b2b282cc76aaf4f84692fb74e085ca4",
      "thumb": "https://ksr-ugc.imgix.net/assets/006/544/651/d2494badf8b8a5701c96d6572c5bc8f9_original.png?w=40&h=40&fit=crop&v=1461395006&auto=format&q=92&s=9ac9b27355f36e578bccd424619770ef"
    },
    "id": 2103228128,
    "name": "FoldiMate Inc.",
    "slug": "galrozov",
    "urls": {
      "api": {
        "user": "https://api.kickstarter.com/v1/users/2103228128?signature=1488678286.464e87fc7f566d08b457b9e82fa5926430cae6a6"
      },
      "web": {
        "user": "https://www.kickstarter.com/profile/galrozov"
      }
    }
  },
  "currency": "USD",
  "currency_symbol": "$",
  "currency_trailing_code": true,
  "deadline": 1373216340,
  "disable_communication": false,
  "goal": 250000.0,
  "id": 1012837575,
  "launched_at": 1370112143,
  "location": {
    "country": "US",
    "displayable_name": "Berkeley, CA",
    "id": 2362930,
    "is_root": false,
    "name": "Berkeley",
    "short_name": "Berkeley, CA",
    "slug": "berkeley-ca-us",
    "state": "CA",
    "type": "Town",
    "urls": {
      "api": {
        "nearby_projects": "https://api.kickstarter.com/v1/discover?signature=1488668420.b9b1c043b95fcee34ee9e4c296d80c5b9fc110db&woe_id=2362930"
      },
      "web": {
        "discover": "https://www.kickstarter.com/discover/places/berkeley-ca-us",
        "location": "https://www.kickstarter.com/locations/berkeley-ca-us"
      }
    }
  },
  "name": "FoldiMate: The Robotic Laundry Folding Machine",
  "photo": {
    "1024x576": "https://ksr-ugc.imgix.net/assets/011/406/922/3c517d22601d943f9278b3f84779bace_original.JPG?w=1024&h=576&fit=fill&bg=000000&v=1463682225&auto=format&q=92&s=16a28dd41533c5b42d92688620f6e0ec",
    "1536x864": "https://ksr-ugc.imgix.net/assets/011/406/922/3c517d22601d943f9278b3f84779bace_original.JPG?w=1536&h=864&fit=fill&bg=000000&v=1463682225&auto=format&q=92&s=f9e3f5b1ad21c242bdaf538a012ded8f",
    "ed": "https://ksr-ugc.imgix.net/assets/011/406/922/3c517d22601d943f9278b3f84779bace_original.JPG?w=338&h=190&fit=fill&bg=000000&v=1463682225&auto=format&q=92&s=56107fdb05b69a224114ac2a15ce0757",
    "full": "https://ksr-ugc.imgix.net/assets/011/406/922/3c517d22601d943f9278b3f84779bace_original.JPG?w=560&h=315&fit=fill&bg=000000&v=1463682225&auto=format&q=92&s=17d45d26cda3fb71b3545cbbb15914a5",
    "key": "assets/011/406/922/3c517d22601d943f9278b3f84779bace_original.JPG",
    "little": "https://ksr-ugc.imgix.net/assets/011/406/922/3c517d22601d943f9278b3f84779bace_original.JPG?w=200&h=112&fit=fill&bg=000000&v=1463682225&auto=format&q=92&s=a72050c04e4b8cec3584938d575d6f14",
    "med": "https://ksr-ugc.imgix.net/assets/011/406/922/3c517d22601d943f9278b3f84779bace_original.JPG?w=266&h=150&fit=fill&bg=000000&v=1463682225&auto=format&q=92&s=cb116b6f9cea9f0b7a3e1be3225a9d15",
    "small": "https://ksr-ugc.imgix.net/assets/011/406/922/3c517d22601d943f9278b3f84779bace_original.JPG?w=160&h=90&fit=fill&bg=000000&v=1463682225&auto=format&q=92&s=c79fb18cdfea101f5d38244ab8bae6dc",
    "thumb": "https://ksr-ugc.imgix.net/assets/011/406/922/3c517d22601d943f9278b3f84779bace_original.JPG?w=40&h=22&fit=fill&bg=000000&v=1463682225&auto=format&q=92&s=060f9955800fc201e9fbeab0565c970e"
  },
  "pledged": 11818.0,
  "profile": {
    "background_color": null,
    "background_image_opacity": 0.8,
    "blurb": null,
    "feature_image_attributes": {
      "image_urls": {
        "baseball_card": "https://ksr-ugc.imgix.net/assets/011/406/922/3c517d22601d943f9278b3f84779bace_original.JPG?w=1552&h=873&fit=fill&bg=000000&v=1463682225&auto=format&q=92&s=748bfb2c304a0e4fc9676a5f379c03e3",
        "default": "https://ksr-ugc.imgix.net/assets/011/406/922/3c517d22601d943f9278b3f84779bace_original.JPG?w=1552&h=873&fit=fill&bg=000000&v=1463682225&auto=format&q=92&s=748bfb2c304a0e4fc9676a5f379c03e3"
      }
    },
    "id": 291390,
    "link_background_color": null,
    "link_text": null,
    "link_text_color": null,
    "link_url": null,
    "name": null,
    "project_id": 291390,
    "should_show_feature_image_section": true,
    "show_feature_image": false,
    "state": "inactive",
    "state_changed_at": 1425915816,
    "text_color": null
  },
  "slug": "foldimate-the-robotic-laundry-folding-machine",
  "spotlight": false,
  "staff_pick": false,
  "state": "failed",
  "state_changed_at": 1373216340,
  "static_usd_rate": 1.0,
  "urls": {
    "web": {
      "project": "https://www.kickstarter.com/projects/galrozov/foldimate-the-robotic-laundry-folding-machine?ref=category_most_funded",
      "rewards": "https://www.kickstarter.com/projects/galrozov/foldimate-the-robotic-laundry-folding-machine/rewards"
    }
  },
  "usd_pledged": "11818.0"
}