{
  "backers_count": 0,
  "blurb": "We help people wait in line less but conversely offer business owners a way to market to users waiting in line at their locations.",
  "category": {
    "color": 6526716,
    "id": 332,
    "name": "Apps",
    "parent_id": 16,
    "position": 2,
    "slug": "technology/apps",
    "urls": {
      "web": {
        "discover": "http://www.kickstarter.com/discover/categories/technology/apps"
      }
    }
  },
  "country": "US",
  "created_at": 1405547941,
  "creator": {
    "avatar": {
      "medium": "https://ksr-ugc.imgix.net/assets/008/548/692/6965109052346327d8e4cfe9b5f001fd_original.jpeg?w=160&h=160&fit=crop&v=1461530826&auto=format&q=92&s=4f3c6273b20569487f676dfb2518601b",
      "small": "https://ksr-ugc.imgix.net/assets/008/548/692/6965109052346327d8e4cfe9b5f001fd_original.jpeg?w=160&h=160&fit=crop&v=1461530826&auto=format&q=92&s=4f3c6273b20569487f676dfb2518601b",
      "thumb": "https://ksr-ugc.imgix.net/assets/008/548/692/6965109052346327d8e4cfe9b5f001fd_original.jpeg?w=40&h=40&fit=crop&v=1461530826&auto=format&q=92&s=1d8d6a174fce4ca12c3f5e4ff9a111ce"
    },
    "id": 119822868,
    "name": "Scott Gaines",
    "urls": {
      "api": {
        "user": "https://api.kickstarter.com/v1/users/119822868?signature=1488678900.48dd3f09a772f97372b1720eba24aae7afdc2759"
      },
      "web": {
        "user": "https://www.kickstarter.com/profile/119822868"
      }
    }
  },
  "currency": "USD",
  "currency_symbol": "$",
  "currency_trailing_code": true,
  "deadline": 1413567991,
  "disable_communication": false,
  "goal": 10000.0,
  "id": 1013286507,
  "launched_at": 1410975991,
  "location": {
    "country": "US",
    "displayable_name": "St. Louis, MO",
    "id": 2486982,
    "is_root": false,
    "name": "St. Louis",
    "short_name": "St. Louis, MO",
    "slug": "st-louis-mo",
    "state": "MO",
    "type": "Town",
    "urls": {
      "api": {
        "nearby_projects": "https://api.kickstarter.com/v1/discover?signature=1488668423.ddba37d6bbe898a7fd19c5c8eb27439937e7af2d&woe_id=2486982"
      },
      "web": {
        "discover": "https://www.kickstarter.com/discover/places/st-louis-mo",
        "location": "https://www.kickstarter.com/locations/st-louis-mo"
      }
    }
  },
  "name": "Why are you waiting? Spend Less Time in Line!",
  "photo": {
    "1024x576": "https://ksr-ugc.imgix.net/assets/011/789/357/87b0842485ccf9f15369f3bd3154f5fd_original.jpg?w=1024&h=576&fit=fill&bg=000000&v=1463694801&auto=format&q=92&s=7d12a69169365fd8f015a22c28aca0ba",
    "1536x864": "https://ksr-ugc.imgix.net/assets/011/789/357/87b0842485ccf9f15369f3bd3154f5fd_original.jpg?w=1536&h=864&fit=fill&bg=000000&v=1463694801&auto=format&q=92&s=e49426409d7d5e7507f74c2a6f231cce",
    "ed": "https://ksr-ugc.imgix.net/assets/011/789/357/87b0842485ccf9f15369f3bd3154f5fd_original.jpg?w=338&h=190&fit=fill&bg=000000&v=1463694801&auto=format&q=92&s=cb950ec5881e5de4f2244a884b0ec58e",
    "full": "https://ksr-ugc.imgix.net/assets/011/789/357/87b0842485ccf9f15369f3bd3154f5fd_original.jpg?w=560&h=315&fit=fill&bg=000000&v=1463694801&auto=format&q=92&s=ac9a0d4f62b9c840d451a3c6d0f27946",
    "key": "assets/011/789/357/87b0842485ccf9f15369f3bd3154f5fd_original.jpg",
    "little": "https://ksr-ugc.imgix.net/assets/011/789/357/87b0842485ccf9f15369f3bd3154f5fd_original.jpg?w=200&h=112&fit=fill&bg=000000&v=1463694801&auto=format&q=92&s=3c2d1437204b4347fd208ba7978df0db",
    "med": "https://ksr-ugc.imgix.net/assets/011/789/357/87b0842485ccf9f15369f3bd3154f5fd_original.jpg?w=266&h=150&fit=fill&bg=000000&v=1463694801&auto=format&q=92&s=03b7e0d3662e671b72e4755ef1abf8f4",
    "small": "https://ksr-ugc.imgix.net/assets/011/789/357/87b0842485ccf9f15369f3bd3154f5fd_original.jpg?w=160&h=90&fit=fill&bg=000000&v=1463694801&auto=format&q=92&s=7cb08a0b88b0c9db48e12348e64d088e",
    "thumb": "https://ksr-ugc.imgix.net/assets/011/789/357/87b0842485ccf9f15369f3bd3154f5fd_original.jpg?w=40&h=22&fit=fill&bg=000000&v=1463694801&auto=format&q=92&s=9e668795252135beef02253fe2ca4d97"
  },
  "pledged": 0.0,
  "profile": {
    "background_color": null,
    "background_image_opacity": 0.8,
    "blurb": null,
    "feature_image_attributes": {
      "image_urls": {
        "baseball_card": "https://ksr-ugc.imgix.net/assets/011/789/357/87b0842485ccf9f15369f3bd3154f5fd_original.jpg?w=1552&h=873&fit=fill&bg=000000&v=1463694801&auto=format&q=92&s=a57ded8da69dd2d5fe430619f5c38d65",
        "default": "https://ksr-ugc.imgix.net/assets/011/789/357/87b0842485ccf9f15369f3bd3154f5fd_original.jpg?w=1552&h=873&fit=fill&bg=000000&v=1463694801&auto=format&q=92&s=a57ded8da69dd2d5fe430619f5c38d65"
      }
    },
    "id": 1193303,
    "link_background_color": null,
    "link_text": null,
    "link_text_color": null,
    "link_url": null,
    "name": null,
    "project_id": 1193303,
    "should_show_feature_image_section": true,
    "show_feature_image": false,
    "state": "inactive",
    "state_changed_at": 1425915866,
    "text_color": null
  },
  "slug": "why-are-you-waiting-spend-less-time-in-line",
  "spotlight": false,
  "staff_pick": false,
  "state": "failed",
  "state_changed_at": 1413567991,
  "static_usd_rate": 1.0,
  "urls": {
    "web": {
      "project": "https://www.kickstarter.com/projects/119822868/why-are-you-waiting-spend-less-time-in-line?ref=category_newest",
      "rewards": "https://www.kickstarter.com/projects/119822868/why-are-you-waiting-spend-less-time-in-line/rewards"
    }
  },
  "usd_pledged": "0.0"
}