{
  "backers_count": 6,
  "blurb": "A set of fixtures for bicycle framebuilders. Front and rear mounting jigs for attaching ISO disc brake tabs to bicycles frames.",
  "category": {
    "color": 6526716,
    "id": 335,
    "name": "Fabrication Tools",
    "parent_id": 16,
    "position": 5,
    "slug": "technology/fabrication tools",
    "urls": {
      "web": {
        "discover": "http://www.kickstarter.com/discover/categories/technology/fabrication%20tools"
      }
    }
  },
  "country": "CA",
  "created_at": 1391881040,
  "creator": {
    "avatar": {
      "medium": "https://ksr-ugc.imgix.net/assets/006/011/193/ce61aa34653472c79c6328c6a7096b84_original.jpg?w=160&h=160&fit=crop&v=1461360770&auto=format&q=92&s=3b0da91dd462678f13550bd1ef745cee",
      "small": "https://ksr-ugc.imgix.net/assets/006/011/193/ce61aa34653472c79c6328c6a7096b84_original.jpg?w=160&h=160&fit=crop&v=1461360770&auto=format&q=92&s=3b0da91dd462678f13550bd1ef745cee",
      "thumb": "https://ksr-ugc.imgix.net/assets/006/011/193/ce61aa34653472c79c6328c6a7096b84_original.jpg?w=40&h=40&fit=crop&v=1461360770&auto=format&q=92&s=54843ac61a0a6537763ecfab016e1681"
    },
    "id": 4608648,
    "name": "Eric Meinert",
    "urls": {
      "api": {
        "user": "https://api.kickstarter.com/v1/users/4608648?signature=1488679384.3bab9869c0e583a5d670d491b7304f16fca862ae"
      },
      "web": {
        "user": "https://www.kickstarter.com/profile/4608648"
      }
    }
  },
  "currency": "CAD",
  "currency_symbol": "$",
  "currency_trailing_code": true,
  "deadline": 1427040000,
  "disable_communication": false,
  "goal": 2500.0,
  "id": 1013661120,
  "launched_at": 1424462189,
  "location": {
    "country": "CA",
    "displayable_name": "Ottawa, Canada",
    "id": 3369,
    "is_root": false,
    "name": "Ottawa",
    "short_name": "Ottawa, Canada",
    "slug": "ottawa-ca",
    "state": "ON",
    "type": "Town",
    "urls": {
      "api": {
        "nearby_projects": "https://api.kickstarter.com/v1/discover?signature=1488668420.970fbf45201aac02d88f2586c3b24be95a738c13&woe_id=3369"
      },
      "web": {
        "discover": "https://www.kickstarter.com/discover/places/ottawa-ca",
        "location": "https://www.kickstarter.com/locations/ottawa-ca"
      }
    }
  },
  "name": "Bicycle Disc Brake Tab Attachment Fixture/jig",
  "photo": {
    "1024x576": "https://ksr-ugc.imgix.net/assets/011/648/597/9d236bf4ccc6b934bf99cc621667f19a_original.jpg?w=1024&h=576&fit=fill&bg=000000&v=1463686212&auto=format&q=92&s=d3e16c5a7e90894d35c2f71744c6d0b9",
    "1536x864": "https://ksr-ugc.imgix.net/assets/011/648/597/9d236bf4ccc6b934bf99cc621667f19a_original.jpg?w=1536&h=864&fit=fill&bg=000000&v=1463686212&auto=format&q=92&s=abaa5595d31f22fa32dca815dcf0d87a",
    "ed": "https://ksr-ugc.imgix.net/assets/011/648/597/9d236bf4ccc6b934bf99cc621667f19a_original.jpg?w=338&h=190&fit=fill&bg=000000&v=1463686212&auto=format&q=92&s=9efce307f12feda23a24d8584cc2bd66",
    "full": "https://ksr-ugc.imgix.net/assets/011/648/597/9d236bf4ccc6b934bf99cc621667f19a_original.jpg?w=560&h=315&fit=fill&bg=000000&v=1463686212&auto=format&q=92&s=ee1266ff68a16b94bdc6e8e0ab153bc9",
    "key": "assets/011/648/597/9d236bf4ccc6b934bf99cc621667f19a_original.jpg",
    "little": "https://ksr-ugc.imgix.net/assets/011/648/597/9d236bf4ccc6b934bf99cc621667f19a_original.jpg?w=200&h=112&fit=fill&bg=000000&v=1463686212&auto=format&q=92&s=93e3e01b1038d660d0ad65fc4c941db9",
    "med": "https://ksr-ugc.imgix.net/assets/011/648/597/9d236bf4ccc6b934bf99cc621667f19a_original.jpg?w=266&h=150&fit=fill&bg=000000&v=1463686212&auto=format&q=92&s=ef1ca31e0f275b55c950970d35688591",
    "small": "https://ksr-ugc.imgix.net/assets/011/648/597/9d236bf4ccc6b934bf99cc621667f19a_original.jpg?w=160&h=90&fit=fill&bg=000000&v=1463686212&auto=format&q=92&s=1ede45f9aab6c40f06becc7831d6448c",
    "thumb": "https://ksr-ugc.imgix.net/assets/011/648/597/9d236bf4ccc6b934bf99cc621667f19a_original.jpg?w=40&h=22&fit=fill&bg=000000&v=1463686212&auto=format&q=92&s=39481d5f16d1e1559156e2a7c905305b"
  },
  "pledged": 1005.0,
  "profile": {
    "background_color": null,
    "background_image_opacity": 0.8,
    "blurb": null,
    "feature_image_attributes": {
      "image_urls": {
        "baseball_card": "https://ksr-ugc.imgix.net/assets/011/648/597/9d236bf4ccc6b934bf99cc621667f19a_original.jpg?w=1552&h=873&fit=fill&bg=000000&v=1463686212&auto=format&q=92&s=e84e2906e4ddc1a66fd6b63bca1fc1f9",
        "default": "https://ksr-ugc.imgix.net/assets/011/648/597/9d236bf4ccc6b934bf99cc621667f19a_original.jpg?w=1552&h=873&fit=fill&bg=000000&v=1463686212&auto=format&q=92&s=e84e2906e4ddc1a66fd6b63bca1fc1f9"
      }
    },
    "id": 882192,
    "link_background_color": null,
    "link_text": null,
    "link_text_color": null,
    "link_url": null,
    "name": null,
    "project_id": 882192,
    "should_show_feature_image_section": true,
    "show_feature_image": false,
    "state": "inactive",
    "state_changed_at": 1425915848,
    "text_color": null
  },
  "slug": "bicycle-disc-brake-tab-attachment-fixtures",
  "spotlight": false,
  "staff_pick": false,
  "state": "failed",
  "state_changed_at": 1427040019,
  "static_usd_rate": 0.80409251,
  "urls": {
    "web": {
      "project": "https://www.kickstarter.com/projects/4608648/bicycle-disc-brake-tab-attachment-fixtures?ref=category_newest",
      "rewards": "https://www.kickstarter.com/projects/4608648/bicycle-disc-brake-tab-attachment-fixtures/rewards"
    }
  },
  "usd_pledged": "808.11297255"
}