{
  "backers_count": 9,
  "blurb": "So we can give the Nut/Peanut-Free edition free which gives you a quick thumbs up/down if 233,269 products have what you want or don't.",
  "category": {
    "color": 6526716,
    "id": 332,
    "name": "Apps",
    "parent_id": 16,
    "position": 2,
    "slug": "technology/apps",
    "urls": {
      "web": {
        "discover": "http://www.kickstarter.com/discover/categories/technology/apps"
      }
    }
  },
  "country": "US",
  "created_at": 1410555892,
  "creator": {
    "avatar": {
      "medium": "https://ksr-ugc.imgix.net/assets/006/713/127/0b8876ee529d269a10dd51a7907d3e32_original.jpg?w=160&h=160&fit=crop&v=1461406416&auto=format&q=92&s=013a03205063268ae0fb1786008b24f7",
      "small": "https://ksr-ugc.imgix.net/assets/006/713/127/0b8876ee529d269a10dd51a7907d3e32_original.jpg?w=160&h=160&fit=crop&v=1461406416&auto=format&q=92&s=013a03205063268ae0fb1786008b24f7",
      "thumb": "https://ksr-ugc.imgix.net/assets/006/713/127/0b8876ee529d269a10dd51a7907d3e32_original.jpg?w=40&h=40&fit=crop&v=1461406416&auto=format&q=92&s=d4e150e194657d0b9a3ab986083f6b03"
    },
    "id": 1132774793,
    "name": "Jeff Sonnenburg",
    "slug": "jdsa",
    "urls": {
      "api": {
        "user": "https://api.kickstarter.com/v1/users/1132774793?signature=1488678907.8a9af94a896e40217a0fc98a8ef1d0e193bd4a8f"
      },
      "web": {
        "user": "https://www.kickstarter.com/profile/jdsa"
      }
    }
  },
  "currency": "USD",
  "currency_symbol": "$",
  "currency_trailing_code": true,
  "deadline": 1413781140,
  "disable_communication": false,
  "goal": 25000.0,
  "id": 1013426137,
  "launched_at": 1412176040,
  "location": {
    "country": "US",
    "displayable_name": "East Moline, IL",
    "id": 2395914,
    "is_root": false,
    "name": "East Moline",
    "short_name": "East Moline, IL",
    "slug": "east-moline-il",
    "state": "IL",
    "type": "Town",
    "urls": {
      "api": {
        "nearby_projects": "https://api.kickstarter.com/v1/discover?signature=1488668443.294c5b822ccdf31b94ab94a09584fee4055e6f1f&woe_id=2395914"
      },
      "web": {
        "discover": "https://www.kickstarter.com/discover/places/east-moline-il",
        "location": "https://www.kickstarter.com/locations/east-moline-il"
      }
    }
  },
  "name": "Affinity mobile app/site:  Nut/Peanut-Free",
  "photo": {
    "1024x576": "https://ksr-ugc.imgix.net/assets/011/867/246/71fa7678b30b7f40ff0fa6d329a51d9f_original.jpg?w=1024&h=576&fit=fill&bg=000000&v=1463707206&auto=format&q=92&s=ff45a4098ceb5fdf160de6dc999812b0",
    "1536x864": "https://ksr-ugc.imgix.net/assets/011/867/246/71fa7678b30b7f40ff0fa6d329a51d9f_original.jpg?w=1536&h=864&fit=fill&bg=000000&v=1463707206&auto=format&q=92&s=573108e4e85574b02d22858aa780f1fa",
    "ed": "https://ksr-ugc.imgix.net/assets/011/867/246/71fa7678b30b7f40ff0fa6d329a51d9f_original.jpg?w=338&h=190&fit=fill&bg=000000&v=1463707206&auto=format&q=92&s=ec81b48196ab93eff0f59ce2c3bbba6e",
    "full": "https://ksr-ugc.imgix.net/assets/011/867/246/71fa7678b30b7f40ff0fa6d329a51d9f_original.jpg?w=560&h=315&fit=fill&bg=000000&v=1463707206&auto=format&q=92&s=29d54dfd0b5d552af430032f55573cf6",
    "key": "assets/011/867/246/71fa7678b30b7f40ff0fa6d329a51d9f_original.jpg",
    "little": "https://ksr-ugc.imgix.net/assets/011/867/246/71fa7678b30b7f40ff0fa6d329a51d9f_original.jpg?w=200&h=112&fit=fill&bg=000000&v=1463707206&auto=format&q=92&s=9133dbc2ef67029a08ffc51417dde9c2",
    "med": "https://ksr-ugc.imgix.net/assets/011/867/246/71fa7678b30b7f40ff0fa6d329a51d9f_original.jpg?w=266&h=150&fit=fill&bg=000000&v=1463707206&auto=format&q=92&s=d34fc5f24ff451937057acec03df6968",
    "small": "https://ksr-ugc.imgix.net/assets/011/867/246/71fa7678b30b7f40ff0fa6d329a51d9f_original.jpg?w=160&h=90&fit=fill&bg=000000&v=1463707206&auto=format&q=92&s=2b8d68831cbbacd3b45c5bf012c8c9bd",
    "thumb": "https://ksr-ugc.imgix.net/assets/011/867/246/71fa7678b30b7f40ff0fa6d329a51d9f_original.jpg?w=40&h=22&fit=fill&bg=000000&v=1463707206&auto=format&q=92&s=ca530dc3df65b0d2b7a180321063eeaf"
  },
  "pledged": 216.0,
  "profile": {
    "background_color": null,
    "background_image_opacity": 0.8,
    "blurb": null,
    "feature_image_attributes": {
      "image_urls": {
        "baseball_card": "https://ksr-ugc.imgix.net/assets/011/867/246/71fa7678b30b7f40ff0fa6d329a51d9f_original.jpg?w=1552&h=873&fit=fill&bg=000000&v=1463707206&auto=format&q=92&s=fcd8ed0720072385a7491399f8ab834c",
        "default": "https://ksr-ugc.imgix.net/assets/011/867/246/71fa7678b30b7f40ff0fa6d329a51d9f_original.jpg?w=1552&h=873&fit=fill&bg=000000&v=1463707206&auto=format&q=92&s=fcd8ed0720072385a7491399f8ab834c"
      }
    },
    "id": 1355037,
    "link_background_color": null,
    "link_text": null,
    "link_text_color": null,
    "link_url": null,
    "name": null,
    "project_id": 1355037,
    "should_show_feature_image_section": true,
    "show_feature_image": false,
    "state": "inactive",
    "state_changed_at": 1425915875,
    "text_color": null
  },
  "slug": "affinity-mobile-app-site-nut-peanut-free",
  "spotlight": false,
  "staff_pick": false,
  "state": "failed",
  "state_changed_at": 1413781140,
  "static_usd_rate": 1.0,
  "urls": {
    "web": {
      "project": "https://www.kickstarter.com/projects/jdsa/affinity-mobile-app-site-nut-peanut-free?ref=category_newest",
      "rewards": "https://www.kickstarter.com/projects/jdsa/affinity-mobile-app-site-nut-peanut-free/rewards"
    }
  },
  "usd_pledged": "216.0"
}