{
  "backers_count": 8,
  "blurb": "Team based RC Robotics Competition, RC WiFi Radix Receiver replacement for RC. 3D printable add-ons for RC. USB game controllers",
  "category": {
    "color": 6526716,
    "id": 338,
    "name": "Robots",
    "parent_id": 16,
    "position": 10,
    "slug": "technology/robots",
    "urls": {
      "web": {
        "discover": "http://www.kickstarter.com/discover/categories/technology/robots"
      }
    }
  },
  "country": "US",
  "created_at": 1385318904,
  "creator": {
    "avatar": {
      "medium": "https://ksr-ugc.imgix.net/assets/006/369/086/cd06b6562a9ffb4f761df1403549acca_original.jpg?w=160&h=160&fit=crop&v=1461383485&auto=format&q=92&s=2c8bf11d37483bc62962599532b2a859",
      "small": "https://ksr-ugc.imgix.net/assets/006/369/086/cd06b6562a9ffb4f761df1403549acca_original.jpg?w=160&h=160&fit=crop&v=1461383485&auto=format&q=92&s=2c8bf11d37483bc62962599532b2a859",
      "thumb": "https://ksr-ugc.imgix.net/assets/006/369/086/cd06b6562a9ffb4f761df1403549acca_original.jpg?w=40&h=40&fit=crop&v=1461383485&auto=format&q=92&s=b15100b19dd4699daf681866bf48f96e"
    },
    "id": 181087488,
    "name": "Marvin Byrd",
    "urls": {
      "api": {
        "user": "https://api.kickstarter.com/v1/users/181087488?signature=1488680120.f1e09a7618c31586fccf1e997dd6c492163c0b89"
      },
      "web": {
        "user": "https://www.kickstarter.com/profile/181087488"
      }
    }
  },
  "currency": "USD",
  "currency_symbol": "$",
  "currency_trailing_code": true,
  "deadline": 1416087576,
  "disable_communication": false,
  "goal": 70000.0,
  "id": 1013007973,
  "launched_at": 1413923976,
  "location": {
    "country": "US",
    "displayable_name": "Paso Robles, CA",
    "id": 2469027,
    "is_root": false,
    "name": "Paso Robles",
    "short_name": "Paso Robles, CA",
    "slug": "paso-robles-ca",
    "state": "CA",
    "type": "Town",
    "urls": {
      "api": {
        "nearby_projects": "https://api.kickstarter.com/v1/discover?signature=1488668438.58c9bc0ef4e77f5cc015cd67b59670b84bc042aa&woe_id=2469027"
      },
      "web": {
        "discover": "https://www.kickstarter.com/discover/places/paso-robles-ca",
        "location": "https://www.kickstarter.com/locations/paso-robles-ca"
      }
    }
  },
  "name": "Robotics Competition and WiFi Radix Receiver for RC Vehicles",
  "photo": {
    "1024x576": "https://ksr-ugc.imgix.net/assets/011/613/180/555f6962f0f04b91cf29490d5d0f2e5c_original.png?w=1024&h=576&fit=fill&bg=000000&v=1463685387&auto=format&q=92&s=b39ad0fb0331d84f05966f0786c921e0",
    "1536x864": "https://ksr-ugc.imgix.net/assets/011/613/180/555f6962f0f04b91cf29490d5d0f2e5c_original.png?w=1536&h=864&fit=fill&bg=000000&v=1463685387&auto=format&q=92&s=b8722577e7e5691a470bd7925167e796",
    "ed": "https://ksr-ugc.imgix.net/assets/011/613/180/555f6962f0f04b91cf29490d5d0f2e5c_original.png?w=338&h=190&fit=fill&bg=000000&v=1463685387&auto=format&q=92&s=d9c71d0f120a24ac0cb645830e94ccae",
    "full": "https://ksr-ugc.imgix.net/assets/011/613/180/555f6962f0f04b91cf29490d5d0f2e5c_original.png?w=560&h=315&fit=fill&bg=000000&v=1463685387&auto=format&q=92&s=f494de228db145219ea40cd21ddc0d1a",
    "key": "assets/011/613/180/555f6962f0f04b91cf29490d5d0f2e5c_original.png",
    "little": "https://ksr-ugc.imgix.net/assets/011/613/180/555f6962f0f04b91cf29490d5d0f2e5c_original.png?w=200&h=112&fit=fill&bg=000000&v=1463685387&auto=format&q=92&s=83318797f57fa6260f98cb600f6eeb7c",
    "med": "https://ksr-ugc.imgix.net/assets/011/613/180/555f6962f0f04b91cf29490d5d0f2e5c_original.png?w=266&h=150&fit=fill&bg=000000&v=1463685387&auto=format&q=92&s=c5de38a8fb0c5cee2249a248fd99c31f",
    "small": "https://ksr-ugc.imgix.net/assets/011/613/180/555f6962f0f04b91cf29490d5d0f2e5c_original.png?w=160&h=90&fit=fill&bg=000000&v=1463685387&auto=format&q=92&s=84c934fe3cfd0c16a9e9411d15ca20e9",
    "thumb": "https://ksr-ugc.imgix.net/assets/011/613/180/555f6962f0f04b91cf29490d5d0f2e5c_original.png?w=40&h=22&fit=fill&bg=000000&v=1463685387&auto=format&q=92&s=0921f1485b77c48d5a9a05711c34c5ed"
  },
  "pledged": 744.0,
  "profile": {
    "background_color": null,
    "background_image_opacity": 0.8,
    "blurb": null,
    "feature_image_attributes": {
      "image_urls": {
        "baseball_card": "https://ksr-ugc.imgix.net/assets/011/613/180/555f6962f0f04b91cf29490d5d0f2e5c_original.png?w=1552&h=873&fit=fill&bg=000000&v=1463685387&auto=format&q=92&s=4395de3d0fa6503f81472aa14ebae954",
        "default": "https://ksr-ugc.imgix.net/assets/011/613/180/555f6962f0f04b91cf29490d5d0f2e5c_original.png?w=1552&h=873&fit=fill&bg=000000&v=1463685387&auto=format&q=92&s=4395de3d0fa6503f81472aa14ebae954"
      }
    },
    "id": 790755,
    "link_background_color": null,
    "link_text": null,
    "link_text_color": null,
    "link_url": null,
    "name": null,
    "project_id": 790755,
    "should_show_feature_image_section": true,
    "show_feature_image": false,
    "state": "inactive",
    "state_changed_at": 1425915843,
    "text_color": null
  },
  "slug": "robotics-compeition-and-wifi-radix-receiver-for-rc",
  "spotlight": false,
  "staff_pick": false,
  "state": "failed",
  "state_changed_at": 1416087576,
  "static_usd_rate": 1.0,
  "urls": {
    "web": {
      "project": "https://www.kickstarter.com/projects/181087488/robotics-compeition-and-wifi-radix-receiver-for-rc?ref=category_newest",
      "rewards": "https://www.kickstarter.com/projects/181087488/robotics-compeition-and-wifi-radix-receiver-for-rc/rewards"
    }
  },
  "usd_pledged": "744.0"
}