{
  "backers_count": 0,
  "blurb": "Project is cancelled !!!",
  "category": {
    "color": 6526716,
    "id": 51,
    "name": "Software",
    "parent_id": 16,
    "position": 11,
    "slug": "technology/software",
    "urls": {
      "web": {
        "discover": "http://www.kickstarter.com/discover/categories/technology/software"
      }
    }
  },
  "country": "DE",
  "created_at": 1447732154,
  "creator": {
    "avatar": {
      "medium": "https://ksr-ugc.imgix.net/missing_user_avatar.png?w=160&h=160&fit=crop&v=&auto=format&q=92&s=c40e6ddb23a144ee8beca514ec2d6e58",
      "small": "https://ksr-ugc.imgix.net/missing_user_avatar.png?w=160&h=160&fit=crop&v=&auto=format&q=92&s=c40e6ddb23a144ee8beca514ec2d6e58",
      "thumb": "https://ksr-ugc.imgix.net/missing_user_avatar.png?w=40&h=40&fit=crop&v=&auto=format&q=92&s=8c0db61c92692000c2678b375fc31714"
    },
    "id": 470270830,
    "name": "Invoice & Tax Manager (deleted)",
    "urls": {
      "api": {
        "user": "https://api.kickstarter.com/v1/users/470270830?signature=1488680434.9f4670f0b01aeb60796900f24277dd300682df99"
      },
      "web": {
        "user": "https://www.kickstarter.com/profile/470270830"
      }
    }
  },
  "currency": "EUR",
  "currency_symbol": "\u20ac",
  "currency_trailing_code": false,
  "deadline": 1452204408,
  "disable_communication": false,
  "goal": 10000.0,
  "id": 1013245029,
  "launched_at": 1449612408,
  "location": {
    "country": "DE",
    "displayable_name": "Bielefeld, Germany",
    "id": 638806,
    "is_root": false,
    "name": "Bielefeld",
    "short_name": "Bielefeld, Germany",
    "slug": "bielefeld-de",
    "state": "North Rhine-Westphalia",
    "type": "Town",
    "urls": {
      "api": {
        "nearby_projects": "https://api.kickstarter.com/v1/discover?signature=1488670569.4e06a13688d18d4add971563099f9247fada0688&woe_id=638806"
      },
      "web": {
        "discover": "https://www.kickstarter.com/discover/places/bielefeld-de",
        "location": "https://www.kickstarter.com/locations/bielefeld-de"
      }
    }
  },
  "name": "Project is cancelled !!! (Canceled)",
  "photo": {
    "1024x576": "https://ksr-ugc.imgix.net/assets/012/309/818/40f0e43b0b5546438a8b08d4e31d9061_original.jpg?w=1024&h=576&fit=fill&bg=000000&v=1463755266&auto=format&q=92&s=6c1e510b5afe4b8d1aba1663b5624b9e",
    "1536x864": "https://ksr-ugc.imgix.net/assets/012/309/818/40f0e43b0b5546438a8b08d4e31d9061_original.jpg?w=1536&h=864&fit=fill&bg=000000&v=1463755266&auto=format&q=92&s=406365f4d3ea8f9212087b1be10136d1",
    "ed": "https://ksr-ugc.imgix.net/assets/012/309/818/40f0e43b0b5546438a8b08d4e31d9061_original.jpg?w=338&h=190&fit=fill&bg=000000&v=1463755266&auto=format&q=92&s=ff6306adac576ad8e20a423c1a870781",
    "full": "https://ksr-ugc.imgix.net/assets/012/309/818/40f0e43b0b5546438a8b08d4e31d9061_original.jpg?w=560&h=315&fit=fill&bg=000000&v=1463755266&auto=format&q=92&s=2b857eee2e988d743f9e3db01eb38d3b",
    "key": "assets/012/309/818/40f0e43b0b5546438a8b08d4e31d9061_original.jpg",
    "little": "https://ksr-ugc.imgix.net/assets/012/309/818/40f0e43b0b5546438a8b08d4e31d9061_original.jpg?w=200&h=112&fit=fill&bg=000000&v=1463755266&auto=format&q=92&s=d0f4045036c5b83a1a14f5fe9e437c62",
    "med": "https://ksr-ugc.imgix.net/assets/012/309/818/40f0e43b0b5546438a8b08d4e31d9061_original.jpg?w=266&h=150&fit=fill&bg=000000&v=1463755266&auto=format&q=92&s=2b6b756c79961a6de3572b673bf4c6fb",
    "small": "https://ksr-ugc.imgix.net/assets/012/309/818/40f0e43b0b5546438a8b08d4e31d9061_original.jpg?w=160&h=90&fit=fill&bg=000000&v=1463755266&auto=format&q=92&s=70faa1f2b22310c981db3c551bb7cf2f",
    "thumb": "https://ksr-ugc.imgix.net/assets/012/309/818/40f0e43b0b5546438a8b08d4e31d9061_original.jpg?w=40&h=22&fit=fill&bg=000000&v=1463755266&auto=format&q=92&s=69c3815b7e2eeb359337fc63d1d16489"
  },
  "pledged": 0.0,
  "profile": {
    "background_color": null,
    "background_image_opacity": 0.8,
    "blurb": null,
    "feature_image_attributes": {
      "image_urls": {
        "baseball_card": "https://ksr-ugc.imgix.net/assets/012/309/818/40f0e43b0b5546438a8b08d4e31d9061_original.jpg?w=1552&h=873&fit=fill&bg=000000&v=1463755266&auto=format&q=92&s=e27f7e761c424be5e294815dde384816",
        "default": "https://ksr-ugc.imgix.net/assets/012/309/818/40f0e43b0b5546438a8b08d4e31d9061_original.jpg?w=1552&h=873&fit=fill&bg=000000&v=1463755266&auto=format&q=92&s=e27f7e761c424be5e294815dde384816"
      }
    },
    "id": 2232899,
    "link_background_color": null,
    "link_text": null,
    "link_text_color": null,
    "link_url": null,
    "name": null,
    "project_id": 2232899,
    "should_show_feature_image_section": true,
    "show_feature_image": false,
    "state": "inactive",
    "state_changed_at": 1447732154,
    "text_color": null
  },
  "slug": "invoice-tax-manager-easy-way-for-creating-invoices",
  "spotlight": false,
  "staff_pick": false,
  "state": "canceled",
  "state_changed_at": 1450748044,
  "static_usd_rate": 1.08601452,
  "urls": {
    "web": {
      "project": "https://www.kickstarter.com/projects/470270830/invoice-tax-manager-easy-way-for-creating-invoices?ref=category_newest",
      "rewards": "https://www.kickstarter.com/projects/470270830/invoice-tax-manager-easy-way-for-creating-invoices/rewards"
    }
  },
  "usd_pledged": "0.0"
}