{
  "backers_count": 1,
  "blurb": "A 24 hour basketball radio station in the home of basketball and the hall of fame , broadcasting local high school games.",
  "category": {
    "color": 6526716,
    "id": 16,
    "name": "Technology",
    "position": 14,
    "slug": "technology",
    "urls": {
      "web": {
        "discover": "http://www.kickstarter.com/discover/categories/technology"
      }
    }
  },
  "country": "US",
  "created_at": 1484731876,
  "creator": {
    "avatar": {
      "medium": "https://ksr-ugc.imgix.net/assets/015/226/973/c511992b985962e0b96e6367613eac16_original.jpg?w=160&h=160&fit=crop&v=1484867584&auto=format&q=92&s=bde7a3992c3cacf35c653b1f82702f3d",
      "small": "https://ksr-ugc.imgix.net/assets/015/226/973/c511992b985962e0b96e6367613eac16_original.jpg?w=160&h=160&fit=crop&v=1484867584&auto=format&q=92&s=bde7a3992c3cacf35c653b1f82702f3d",
      "thumb": "https://ksr-ugc.imgix.net/assets/015/226/973/c511992b985962e0b96e6367613eac16_original.jpg?w=40&h=40&fit=crop&v=1484867584&auto=format&q=92&s=71e5bc38c1be7a93e447cb2de09c26f3"
    },
    "id": 315865137,
    "name": "Above The Rim Inc",
    "urls": {
      "api": {
        "user": "https://api.kickstarter.com/v1/users/315865137?signature=1488678237.3da1f84981e014198069066d22ee215471e317d0"
      },
      "web": {
        "user": "https://www.kickstarter.com/profile/315865137"
      }
    }
  },
  "currency": "USD",
  "currency_symbol": "$",
  "currency_trailing_code": true,
  "deadline": 1488675600,
  "disable_communication": false,
  "goal": 17000.0,
  "id": 1013752325,
  "launched_at": 1485904235,
  "location": {
    "country": "US",
    "displayable_name": "Springfield, MA",
    "id": 2498304,
    "is_root": false,
    "name": "Springfield",
    "short_name": "Springfield, MA",
    "slug": "springfield-ma",
    "state": "MA",
    "type": "Town",
    "urls": {
      "api": {
        "nearby_projects": "https://api.kickstarter.com/v1/discover?signature=1488668444.74b45a917ab09ce18770706b009ce6773f561312&woe_id=2498304"
      },
      "web": {
        "discover": "https://www.kickstarter.com/discover/places/springfield-ma",
        "location": "https://www.kickstarter.com/locations/springfield-ma"
      }
    }
  },
  "name": "WBSK-LP Basketball Radio",
  "photo": {
    "1024x576": "https://ksr-ugc.imgix.net/assets/015/207/905/0b64f02306922ae9c4cc485bc072e99e_original.jpg?w=1024&h=576&fit=fill&bg=000000&v=1486043041&auto=format&q=92&s=6db32df0d49193cfadb4a7f06ae1e7d1",
    "1536x864": "https://ksr-ugc.imgix.net/assets/015/207/905/0b64f02306922ae9c4cc485bc072e99e_original.jpg?w=1536&h=864&fit=fill&bg=000000&v=1486043041&auto=format&q=92&s=515e87e660bf540f7cf3012ebae8c9c7",
    "ed": "https://ksr-ugc.imgix.net/assets/015/207/905/0b64f02306922ae9c4cc485bc072e99e_original.jpg?w=338&h=190&fit=fill&bg=000000&v=1486043041&auto=format&q=92&s=6d1f27d79a042d99ed4815f547a5f690",
    "full": "https://ksr-ugc.imgix.net/assets/015/207/905/0b64f02306922ae9c4cc485bc072e99e_original.jpg?w=560&h=315&fit=fill&bg=000000&v=1486043041&auto=format&q=92&s=11ae50e1a5079e8f6553490826ef5a57",
    "key": "assets/015/207/905/0b64f02306922ae9c4cc485bc072e99e_original.jpg",
    "little": "https://ksr-ugc.imgix.net/assets/015/207/905/0b64f02306922ae9c4cc485bc072e99e_original.jpg?w=200&h=112&fit=fill&bg=000000&v=1486043041&auto=format&q=92&s=2dcfef5808cee0c3ae657cc6d39b53b2",
    "med": "https://ksr-ugc.imgix.net/assets/015/207/905/0b64f02306922ae9c4cc485bc072e99e_original.jpg?w=266&h=150&fit=fill&bg=000000&v=1486043041&auto=format&q=92&s=a918e9504963934fde01f9c5106e0b19",
    "small": "https://ksr-ugc.imgix.net/assets/015/207/905/0b64f02306922ae9c4cc485bc072e99e_original.jpg?w=160&h=90&fit=fill&bg=000000&v=1486043041&auto=format&q=92&s=dfe6d19eefd535271b1c743068c48619",
    "thumb": "https://ksr-ugc.imgix.net/assets/015/207/905/0b64f02306922ae9c4cc485bc072e99e_original.jpg?w=40&h=22&fit=fill&bg=000000&v=1486043041&auto=format&q=92&s=02d946f915cd79ff8385c1b0ebe24e94"
  },
  "pledged": 10.0,
  "profile": {
    "background_color": null,
    "background_image_opacity": 0.8,
    "blurb": null,
    "feature_image_attributes": {
      "image_urls": {
        "baseball_card": "https://ksr-ugc.imgix.net/assets/015/207/905/0b64f02306922ae9c4cc485bc072e99e_original.jpg?w=1552&h=873&fit=fill&bg=000000&v=1486043041&auto=format&q=92&s=3b157cfd9ea892372d787883a2389365",
        "default": "https://ksr-ugc.imgix.net/assets/015/207/905/0b64f02306922ae9c4cc485bc072e99e_original.jpg?w=1552&h=873&fit=fill&bg=000000&v=1486043041&auto=format&q=92&s=3b157cfd9ea892372d787883a2389365"
      }
    },
    "id": 2841131,
    "link_background_color": null,
    "link_text": null,
    "link_text_color": null,
    "link_url": null,
    "name": null,
    "project_id": 2841131,
    "should_show_feature_image_section": true,
    "show_feature_image": false,
    "state": "inactive",
    "state_changed_at": 1484731876,
    "text_color": null
  },
  "slug": "wbsk-lp-basketball-radio",
  "spotlight": false,
  "staff_pick": false,
  "state": "live",
  "state_changed_at": 1485904235,
  "static_usd_rate": 1.0,
  "urls": {
    "web": {
      "project": "https://www.kickstarter.com/projects/315865137/wbsk-lp-basketball-radio?ref=category_most_funded",
      "rewards": "https://www.kickstarter.com/projects/315865137/wbsk-lp-basketball-radio/rewards"
    }
  },
  "usd_pledged": "10.0"
}