{
  "backers_count": 1,
  "blurb": "FREE professional counseling YOU can Trust!",
  "category": {
    "color": 6526716,
    "id": 332,
    "name": "Apps",
    "parent_id": 16,
    "position": 2,
    "slug": "technology/apps",
    "urls": {
      "web": {
        "discover": "http://www.kickstarter.com/discover/categories/technology/apps"
      }
    }
  },
  "country": "US",
  "created_at": 1410380150,
  "creator": {
    "avatar": {
      "medium": "https://ksr-ugc.imgix.net/assets/009/262/163/4e7c2091612aee61aaaa6a926178751d_original.jpg?w=160&h=160&fit=crop&v=1461569468&auto=format&q=92&s=9de85078e5ba81b23646f83c4c289a50",
      "small": "https://ksr-ugc.imgix.net/assets/009/262/163/4e7c2091612aee61aaaa6a926178751d_original.jpg?w=160&h=160&fit=crop&v=1461569468&auto=format&q=92&s=9de85078e5ba81b23646f83c4c289a50",
      "thumb": "https://ksr-ugc.imgix.net/assets/009/262/163/4e7c2091612aee61aaaa6a926178751d_original.jpg?w=40&h=40&fit=crop&v=1461569468&auto=format&q=92&s=ab71cff7ac9fd3967319c2c90cd3cf88"
    },
    "id": 1996593318,
    "name": "Sergio Gutierrez",
    "urls": {
      "api": {
        "user": "https://api.kickstarter.com/v1/users/1996593318?signature=1488678934.8fe1004d8cd14fcf6a5dafe4fb057aeacacaca19"
      },
      "web": {
        "user": "https://www.kickstarter.com/profile/1996593318"
      }
    }
  },
  "currency": "USD",
  "currency_symbol": "$",
  "currency_trailing_code": true,
  "deadline": 1421816340,
  "disable_communication": false,
  "goal": 18000.0,
  "id": 1013020050,
  "launched_at": 1416680404,
  "location": {
    "country": "US",
    "displayable_name": "Orlando, FL",
    "id": 2466256,
    "is_root": false,
    "name": "Orlando",
    "short_name": "Orlando, FL",
    "slug": "orlando-fl",
    "state": "FL",
    "type": "Town",
    "urls": {
      "api": {
        "nearby_projects": "https://api.kickstarter.com/v1/discover?signature=1488668421.c3bb572356706a8f8cece96981c62898d558d5df&woe_id=2466256"
      },
      "web": {
        "discover": "https://www.kickstarter.com/discover/places/orlando-fl",
        "location": "https://www.kickstarter.com/locations/orlando-fl"
      }
    }
  },
  "name": "Blue Buddy. Professional Counseling",
  "photo": {
    "1024x576": "https://ksr-ugc.imgix.net/assets/011/865/262/85a19f740517e043983e49c270442b34_original.jpg?w=1024&h=576&fit=fill&bg=000000&v=1463706351&auto=format&q=92&s=4aadf6ca54bb7fa1f0aae46fcf584bac",
    "1536x864": "https://ksr-ugc.imgix.net/assets/011/865/262/85a19f740517e043983e49c270442b34_original.jpg?w=1536&h=864&fit=fill&bg=000000&v=1463706351&auto=format&q=92&s=0d71a497a4e0aa9b97e1ca006b2893c9",
    "ed": "https://ksr-ugc.imgix.net/assets/011/865/262/85a19f740517e043983e49c270442b34_original.jpg?w=338&h=190&fit=fill&bg=000000&v=1463706351&auto=format&q=92&s=7ef3623d8f667e4e8e1fe702a1778e2a",
    "full": "https://ksr-ugc.imgix.net/assets/011/865/262/85a19f740517e043983e49c270442b34_original.jpg?w=560&h=315&fit=fill&bg=000000&v=1463706351&auto=format&q=92&s=dbd72730ad7318e510093dd201f81d61",
    "key": "assets/011/865/262/85a19f740517e043983e49c270442b34_original.jpg",
    "little": "https://ksr-ugc.imgix.net/assets/011/865/262/85a19f740517e043983e49c270442b34_original.jpg?w=200&h=112&fit=fill&bg=000000&v=1463706351&auto=format&q=92&s=603ee94aa0555291c5b283a613b67061",
    "med": "https://ksr-ugc.imgix.net/assets/011/865/262/85a19f740517e043983e49c270442b34_original.jpg?w=266&h=150&fit=fill&bg=000000&v=1463706351&auto=format&q=92&s=75b8e1ca7dfe5cc8b6a601dee944b7c7",
    "small": "https://ksr-ugc.imgix.net/assets/011/865/262/85a19f740517e043983e49c270442b34_original.jpg?w=160&h=90&fit=fill&bg=000000&v=1463706351&auto=format&q=92&s=a4a99dbfb91896265157134af6256009",
    "thumb": "https://ksr-ugc.imgix.net/assets/011/865/262/85a19f740517e043983e49c270442b34_original.jpg?w=40&h=22&fit=fill&bg=000000&v=1463706351&auto=format&q=92&s=5eec9d487fd6b02f66601194eee669cc"
  },
  "pledged": 10.0,
  "profile": {
    "background_color": null,
    "background_image_opacity": 0.8,
    "blurb": null,
    "feature_image_attributes": {
      "image_urls": {
        "baseball_card": "https://ksr-ugc.imgix.net/assets/011/865/262/85a19f740517e043983e49c270442b34_original.jpg?w=1552&h=873&fit=fill&bg=000000&v=1463706351&auto=format&q=92&s=15326e70ddaed5106605698e19861f01",
        "default": "https://ksr-ugc.imgix.net/assets/011/865/262/85a19f740517e043983e49c270442b34_original.jpg?w=1552&h=873&fit=fill&bg=000000&v=1463706351&auto=format&q=92&s=15326e70ddaed5106605698e19861f01"
      }
    },
    "id": 1351082,
    "link_background_color": null,
    "link_text": null,
    "link_text_color": null,
    "link_url": null,
    "name": null,
    "project_id": 1351082,
    "should_show_feature_image_section": true,
    "show_feature_image": false,
    "state": "inactive",
    "state_changed_at": 1425915874,
    "text_color": null
  },
  "slug": "blue-buddy-life-personal-counselor",
  "spotlight": false,
  "staff_pick": false,
  "state": "failed",
  "state_changed_at": 1421816340,
  "static_usd_rate": 1.0,
  "urls": {
    "web": {
      "project": "https://www.kickstarter.com/projects/1996593318/blue-buddy-life-personal-counselor?ref=category_newest",
      "rewards": "https://www.kickstarter.com/projects/1996593318/blue-buddy-life-personal-counselor/rewards"
    }
  },
  "usd_pledged": "10.0"
}