{
  "backers_count": 151,
  "blurb": "Letting you focus on the writing, Novlr is accessible anywhere, constantly saved and a pleasure to write in. Try it now.",
  "category": {
    "color": 6526716,
    "id": 51,
    "name": "Software",
    "parent_id": 16,
    "position": 11,
    "slug": "technology/software",
    "urls": {
      "web": {
        "discover": "http://www.kickstarter.com/discover/categories/technology/software"
      }
    }
  },
  "country": "GB",
  "created_at": 1406448905,
  "creator": {
    "avatar": {
      "medium": "https://ksr-ugc.imgix.net/assets/009/120/959/1636d674463866bfa53ab8d71b314c63_original.png?w=160&h=160&fit=crop&v=1461559177&auto=format&q=92&s=4e0809a65b29c06088ab00fc7e1177fa",
      "small": "https://ksr-ugc.imgix.net/assets/009/120/959/1636d674463866bfa53ab8d71b314c63_original.png?w=160&h=160&fit=crop&v=1461559177&auto=format&q=92&s=4e0809a65b29c06088ab00fc7e1177fa",
      "thumb": "https://ksr-ugc.imgix.net/assets/009/120/959/1636d674463866bfa53ab8d71b314c63_original.png?w=40&h=40&fit=crop&v=1461559177&auto=format&q=92&s=14d78d409545a3718cf3207d2ebce4c0"
    },
    "id": 1445955838,
    "name": "Novlr",
    "slug": "novlr",
    "urls": {
      "api": {
        "user": "https://api.kickstarter.com/v1/users/1445955838?signature=1488680272.a8a5cf383ec7f07e34a48315e588b81d5890d89d"
      },
      "web": {
        "user": "https://www.kickstarter.com/profile/novlr"
      }
    }
  },
  "currency": "GBP",
  "currency_symbol": "\u00a3",
  "currency_trailing_code": false,
  "deadline": 1412710356,
  "disable_communication": false,
  "goal": 20000.0,
  "id": 1013783768,
  "launched_at": 1410895956,
  "location": {
    "country": "GB",
    "displayable_name": "London, UK",
    "id": 44418,
    "is_root": false,
    "name": "London",
    "short_name": "London, UK",
    "slug": "london-gb",
    "state": "England",
    "type": "Town",
    "urls": {
      "api": {
        "nearby_projects": "https://api.kickstarter.com/v1/discover?signature=1488668416.b722aeee49187b0362a5f49f63b05fba1954673c&woe_id=44418"
      },
      "web": {
        "discover": "https://www.kickstarter.com/discover/places/london-gb",
        "location": "https://www.kickstarter.com/locations/london-gb"
      }
    }
  },
  "name": "Novlr. Novel writing. Simply.",
  "photo": {
    "1024x576": "https://ksr-ugc.imgix.net/assets/011/808/226/288b612935041d6a1f292db78c3bf644_original.png?w=1024&h=576&fit=fill&bg=000000&v=1463697567&auto=format&q=92&s=75dbde066792b6c9a38ba70ebbbf46e0",
    "1536x864": "https://ksr-ugc.imgix.net/assets/011/808/226/288b612935041d6a1f292db78c3bf644_original.png?w=1536&h=864&fit=fill&bg=000000&v=1463697567&auto=format&q=92&s=93b658d28d3a9c83fec58e66ec03d71e",
    "ed": "https://ksr-ugc.imgix.net/assets/011/808/226/288b612935041d6a1f292db78c3bf644_original.png?w=338&h=190&fit=fill&bg=000000&v=1463697567&auto=format&q=92&s=8e22ea06947a91d94b74995ee0cc54ec",
    "full": "https://ksr-ugc.imgix.net/assets/011/808/226/288b612935041d6a1f292db78c3bf644_original.png?w=560&h=315&fit=fill&bg=000000&v=1463697567&auto=format&q=92&s=876dd3147ab679f974ad9fd14fc47fe7",
    "key": "assets/011/808/226/288b612935041d6a1f292db78c3bf644_original.png",
    "little": "https://ksr-ugc.imgix.net/assets/011/808/226/288b612935041d6a1f292db78c3bf644_original.png?w=200&h=112&fit=fill&bg=000000&v=1463697567&auto=format&q=92&s=8389c4a120070e20aaaecce449f6e159",
    "med": "https://ksr-ugc.imgix.net/assets/011/808/226/288b612935041d6a1f292db78c3bf644_original.png?w=266&h=150&fit=fill&bg=000000&v=1463697567&auto=format&q=92&s=eb250d56102e803e56e364da29749d4d",
    "small": "https://ksr-ugc.imgix.net/assets/011/808/226/288b612935041d6a1f292db78c3bf644_original.png?w=160&h=90&fit=fill&bg=000000&v=1463697567&auto=format&q=92&s=d537239e42f6d9f5eaa998a9f461db51",
    "thumb": "https://ksr-ugc.imgix.net/assets/011/808/226/288b612935041d6a1f292db78c3bf644_original.png?w=40&h=22&fit=fill&bg=000000&v=1463697567&auto=format&q=92&s=2a7e2ddacc0db4940eed0c75bf82786b"
  },
  "pledged": 8873.77,
  "profile": {
    "background_color": null,
    "background_image_opacity": 0.8,
    "blurb": null,
    "feature_image_attributes": {
      "image_urls": {
        "baseball_card": "https://ksr-ugc.imgix.net/assets/011/808/226/288b612935041d6a1f292db78c3bf644_original.png?w=1552&h=873&fit=fill&bg=000000&v=1463697567&auto=format&q=92&s=cc54aaa6a6b20089dc4012421196bb70",
        "default": "https://ksr-ugc.imgix.net/assets/011/808/226/288b612935041d6a1f292db78c3bf644_original.png?w=1552&h=873&fit=fill&bg=000000&v=1463697567&auto=format&q=92&s=cc54aaa6a6b20089dc4012421196bb70"
      }
    },
    "id": 1231690,
    "link_background_color": null,
    "link_text": null,
    "link_text_color": null,
    "link_url": null,
    "name": null,
    "project_id": 1231690,
    "should_show_feature_image_section": true,
    "show_feature_image": false,
    "state": "inactive",
    "state_changed_at": 1425915868,
    "text_color": null
  },
  "slug": "novlr-novel-writing-simply",
  "spotlight": false,
  "staff_pick": true,
  "state": "failed",
  "state_changed_at": 1412710357,
  "static_usd_rate": 1.62447895,
  "urls": {
    "web": {
      "project": "https://www.kickstarter.com/projects/novlr/novlr-novel-writing-simply?ref=category_newest",
      "rewards": "https://www.kickstarter.com/projects/novlr/novlr-novel-writing-simply/rewards"
    }
  },
  "usd_pledged": "14415.2525721415"
}