{
  "backers_count": 227,
  "blurb": "Style that's more than skin deep. A distinctive TITANIUM pen with unique Single Motion Activation - no click, twist or un-capping",
  "category": {
    "color": 6526716,
    "id": 337,
    "name": "Gadgets",
    "parent_id": 16,
    "position": 7,
    "slug": "technology/gadgets",
    "urls": {
      "web": {
        "discover": "http://www.kickstarter.com/discover/categories/technology/gadgets"
      }
    }
  },
  "country": "AU",
  "created_at": 1465030223,
  "creator": {
    "avatar": {
      "medium": "https://ksr-ugc.imgix.net/assets/009/084/158/02fb63fd8e64f0fac0774c6233a2e614_original.jpg?w=160&h=160&fit=crop&v=1461564789&auto=format&q=92&s=ffd3d5f00400ef57cd20436180c76e48",
      "small": "https://ksr-ugc.imgix.net/assets/009/084/158/02fb63fd8e64f0fac0774c6233a2e614_original.jpg?w=160&h=160&fit=crop&v=1461564789&auto=format&q=92&s=ffd3d5f00400ef57cd20436180c76e48",
      "thumb": "https://ksr-ugc.imgix.net/assets/009/084/158/02fb63fd8e64f0fac0774c6233a2e614_original.jpg?w=40&h=40&fit=crop&v=1461564789&auto=format&q=92&s=adaf5928409bb6d9a197307ba3bd02b3"
    },
    "id": 1413766785,
    "name": "Dave Colliver",
    "slug": "dcid",
    "urls": {
      "api": {
        "user": "https://api.kickstarter.com/v1/users/1413766785?signature=1488679628.14974481092e1be3fea12583d7cfdbc248c153f1"
      },
      "web": {
        "user": "https://www.kickstarter.com/profile/dcid"
      }
    }
  },
  "currency": "AUD",
  "currency_symbol": "$",
  "currency_trailing_code": true,
  "deadline": 1469800800,
  "disable_communication": false,
  "goal": 65000.0,
  "id": 1013526951,
  "launched_at": 1465826425,
  "location": {
    "country": "AU",
    "displayable_name": "Adelaide, AU",
    "id": 1099805,
    "is_root": false,
    "name": "Adelaide",
    "short_name": "Adelaide, AU",
    "slug": "adelaide-sa-au",
    "state": "SA",
    "type": "Town",
    "urls": {
      "api": {
        "nearby_projects": "https://api.kickstarter.com/v1/discover?signature=1488668421.77bccb9d208bc526bb0db3743da55b65c8c25a6f&woe_id=1099805"
      },
      "web": {
        "discover": "https://www.kickstarter.com/discover/places/adelaide-sa-au",
        "location": "https://www.kickstarter.com/locations/adelaide-sa-au"
      }
    }
  },
  "name": "if... TITANIUM Pen",
  "photo": {
    "1024x576": "https://ksr-ugc.imgix.net/assets/012/634/447/cb724053aa3086a5cf8884baa13b30e2_original.jpg?w=1024&h=576&fit=fill&bg=000000&v=1465268591&auto=format&q=92&s=89c305c852788d52ecca1b859f602bf7",
    "1536x864": "https://ksr-ugc.imgix.net/assets/012/634/447/cb724053aa3086a5cf8884baa13b30e2_original.jpg?w=1536&h=864&fit=fill&bg=000000&v=1465268591&auto=format&q=92&s=7896221e10969a8f95e617647700200b",
    "ed": "https://ksr-ugc.imgix.net/assets/012/634/447/cb724053aa3086a5cf8884baa13b30e2_original.jpg?w=338&h=190&fit=fill&bg=000000&v=1465268591&auto=format&q=92&s=75c7de10494aafd13d9a85209bdda3a6",
    "full": "https://ksr-ugc.imgix.net/assets/012/634/447/cb724053aa3086a5cf8884baa13b30e2_original.jpg?w=560&h=315&fit=fill&bg=000000&v=1465268591&auto=format&q=92&s=67da0b6b32639124d74c7343b067d0bc",
    "key": "assets/012/634/447/cb724053aa3086a5cf8884baa13b30e2_original.jpg",
    "little": "https://ksr-ugc.imgix.net/assets/012/634/447/cb724053aa3086a5cf8884baa13b30e2_original.jpg?w=200&h=112&fit=fill&bg=000000&v=1465268591&auto=format&q=92&s=3f84dd9a62a81c04c842b995656ceb1d",
    "med": "https://ksr-ugc.imgix.net/assets/012/634/447/cb724053aa3086a5cf8884baa13b30e2_original.jpg?w=266&h=150&fit=fill&bg=000000&v=1465268591&auto=format&q=92&s=63a4a6ae4ce99ee5915a93fd1036e948",
    "small": "https://ksr-ugc.imgix.net/assets/012/634/447/cb724053aa3086a5cf8884baa13b30e2_original.jpg?w=160&h=90&fit=fill&bg=000000&v=1465268591&auto=format&q=92&s=bf38d1257f894e830663100e66ae29ed",
    "thumb": "https://ksr-ugc.imgix.net/assets/012/634/447/cb724053aa3086a5cf8884baa13b30e2_original.jpg?w=40&h=22&fit=fill&bg=000000&v=1465268591&auto=format&q=92&s=7dd4944b983e6e28455b22a6f0ac4066"
  },
  "pledged": 32383.0,
  "profile": {
    "background_color": null,
    "background_image_opacity": 0.8,
    "blurb": null,
    "feature_image_attributes": {
      "image_urls": {
        "baseball_card": "https://ksr-ugc.imgix.net/assets/012/634/447/cb724053aa3086a5cf8884baa13b30e2_original.jpg?w=1552&h=873&fit=fill&bg=000000&v=1465268591&auto=format&q=92&s=b46084fe8a51f6607de1269ffdf8fd64",
        "default": "https://ksr-ugc.imgix.net/assets/012/634/447/cb724053aa3086a5cf8884baa13b30e2_original.jpg?w=1552&h=873&fit=fill&bg=000000&v=1465268591&auto=format&q=92&s=b46084fe8a51f6607de1269ffdf8fd64"
      }
    },
    "id": 2545467,
    "link_background_color": null,
    "link_text": null,
    "link_text_color": null,
    "link_url": null,
    "name": null,
    "project_id": 2545467,
    "should_show_feature_image_section": true,
    "show_feature_image": false,
    "state": "inactive",
    "state_changed_at": 1465030223,
    "text_color": null
  },
  "slug": "if-pen",
  "spotlight": false,
  "staff_pick": false,
  "state": "failed",
  "state_changed_at": 1469800800,
  "static_usd_rate": 0.73736688,
  "urls": {
    "web": {
      "project": "https://www.kickstarter.com/projects/dcid/if-pen?ref=category_newest",
      "rewards": "https://www.kickstarter.com/projects/dcid/if-pen/rewards"
    }
  },
  "usd_pledged": "23878.15167504"
}