{
  "backers_count": 539,
  "blurb": "Modular smartphone-based headset with external sensors for 4\" - 5.7\" Android & iOS phones, iPhone 6 Plus included!",
  "category": {
    "color": 6526716,
    "id": 52,
    "name": "Hardware",
    "parent_id": 16,
    "position": 8,
    "slug": "technology/hardware",
    "urls": {
      "web": {
        "discover": "http://www.kickstarter.com/discover/categories/technology/hardware"
      }
    }
  },
  "country": "US",
  "created_at": 1414416042,
  "creator": {
    "avatar": {
      "medium": "https://ksr-ugc.imgix.net/assets/008/820/587/e4833d581cd9f8fb3bf02723e0267bd0_original.png?w=160&h=160&fit=crop&v=1461545224&auto=format&q=92&s=0f19a96ce0da87ed9033e1e2a14a1e76",
      "small": "https://ksr-ugc.imgix.net/assets/008/820/587/e4833d581cd9f8fb3bf02723e0267bd0_original.png?w=160&h=160&fit=crop&v=1461545224&auto=format&q=92&s=0f19a96ce0da87ed9033e1e2a14a1e76",
      "thumb": "https://ksr-ugc.imgix.net/assets/008/820/587/e4833d581cd9f8fb3bf02723e0267bd0_original.png?w=40&h=40&fit=crop&v=1461545224&auto=format&q=92&s=ddeaf2e4ec1b8557eab0de04e7dc97a2"
    },
    "id": 706938033,
    "name": "Cmoar LTD",
    "urls": {
      "api": {
        "user": "https://api.kickstarter.com/v1/users/706938033?signature=1488679788.49ea9269604a9623ceaca324c43e0d02610686a4"
      },
      "web": {
        "user": "https://www.kickstarter.com/profile/706938033"
      }
    }
  },
  "currency": "USD",
  "currency_symbol": "$",
  "currency_trailing_code": true,
  "deadline": 1427740319,
  "disable_communication": false,
  "goal": 100000.0,
  "id": 1013408690,
  "launched_at": 1423855919,
  "location": {
    "country": "US",
    "displayable_name": "Los Angeles, CA",
    "id": 2442047,
    "is_root": false,
    "name": "Los Angeles",
    "short_name": "Los Angeles, CA",
    "slug": "los-angeles-ca",
    "state": "CA",
    "type": "Town",
    "urls": {
      "api": {
        "nearby_projects": "https://api.kickstarter.com/v1/discover?signature=1488668418.2de3dd8b85798392a2853b73be0e5dca0bc529fa&woe_id=2442047"
      },
      "web": {
        "discover": "https://www.kickstarter.com/discover/places/los-angeles-ca",
        "location": "https://www.kickstarter.com/locations/los-angeles-ca"
      }
    }
  },
  "name": "Cmoar Virtual Reality Headset with integrated electronics",
  "photo": {
    "1024x576": "https://ksr-ugc.imgix.net/assets/011/923/973/2b53b6b864ed0f477cfdab60645a80e9_original.jpg?w=1024&h=576&fit=fill&bg=000000&v=1463715609&auto=format&q=92&s=89dc538536c6bccb9930a1614ab276f6",
    "1536x864": "https://ksr-ugc.imgix.net/assets/011/923/973/2b53b6b864ed0f477cfdab60645a80e9_original.jpg?w=1536&h=864&fit=fill&bg=000000&v=1463715609&auto=format&q=92&s=122216aa439193d57c8840f48fb263e2",
    "ed": "https://ksr-ugc.imgix.net/assets/011/923/973/2b53b6b864ed0f477cfdab60645a80e9_original.jpg?w=338&h=190&fit=fill&bg=000000&v=1463715609&auto=format&q=92&s=f8cea5e2e9763bf86940001543490e6f",
    "full": "https://ksr-ugc.imgix.net/assets/011/923/973/2b53b6b864ed0f477cfdab60645a80e9_original.jpg?w=560&h=315&fit=fill&bg=000000&v=1463715609&auto=format&q=92&s=8881ab94150b7c2f25a7de5ff8a1e87f",
    "key": "assets/011/923/973/2b53b6b864ed0f477cfdab60645a80e9_original.jpg",
    "little": "https://ksr-ugc.imgix.net/assets/011/923/973/2b53b6b864ed0f477cfdab60645a80e9_original.jpg?w=200&h=112&fit=fill&bg=000000&v=1463715609&auto=format&q=92&s=966d8399e307b49c1cb60c9cb7c3d249",
    "med": "https://ksr-ugc.imgix.net/assets/011/923/973/2b53b6b864ed0f477cfdab60645a80e9_original.jpg?w=266&h=150&fit=fill&bg=000000&v=1463715609&auto=format&q=92&s=d82180814b711cea028b15fa63428650",
    "small": "https://ksr-ugc.imgix.net/assets/011/923/973/2b53b6b864ed0f477cfdab60645a80e9_original.jpg?w=160&h=90&fit=fill&bg=000000&v=1463715609&auto=format&q=92&s=a45a4a98e6c4c0b31cff090b099e9139",
    "thumb": "https://ksr-ugc.imgix.net/assets/011/923/973/2b53b6b864ed0f477cfdab60645a80e9_original.jpg?w=40&h=22&fit=fill&bg=000000&v=1463715609&auto=format&q=92&s=9251159a5bbf221e6cd1a80ed7740d1e"
  },
  "pledged": 120249.0,
  "profile": {
    "background_color": "",
    "background_image_opacity": 0.8,
    "blurb": "Modular smartphone-based headset with external sensors for 4\" - 5.7\" Android & iOS phones, iPhone 6 Plus included!",
    "feature_image_attributes": {
      "id": 4660976,
      "image_urls": {
        "baseball_card": "https://ksr-ugc.imgix.net/assets/004/660/976/1a9795bbfb02c39035ab4524452c9f93_original.jpg?w=700&fit=max&v=1444400159&auto=format&q=92&s=f749c9db420ec7bdbacfba7e2f784fca",
        "default": "https://ksr-ugc.imgix.net/assets/004/660/976/1a9795bbfb02c39035ab4524452c9f93_original.jpg?w=700&fit=max&v=1444400159&auto=format&q=92&s=f749c9db420ec7bdbacfba7e2f784fca"
      }
    },
    "id": 1471824,
    "link_background_color": "ff0000",
    "link_text": "PRE-ORDER",
    "link_text_color": "",
    "link_url": "http://www.goo.gl/8nlMuz",
    "name": "Cmoar Virtual Reality Headset with integrated electronics",
    "project_id": 1471824,
    "should_show_feature_image_section": true,
    "show_feature_image": true,
    "state": "active",
    "state_changed_at": 1432891912,
    "text_color": ""
  },
  "slug": "cmoar-virtual-reality-headset-with-integrated-elec",
  "spotlight": true,
  "staff_pick": true,
  "state": "successful",
  "state_changed_at": 1427740321,
  "static_usd_rate": 1.0,
  "urls": {
    "web": {
      "project": "https://www.kickstarter.com/projects/706938033/cmoar-virtual-reality-headset-with-integrated-elec?ref=category_newest",
      "rewards": "https://www.kickstarter.com/projects/706938033/cmoar-virtual-reality-headset-with-integrated-elec/rewards"
    }
  },
  "usd_pledged": "120249.0"
}