{
  "backers_count": 5,
  "blurb": "The Inot and Orin are masterpieces of new technology. Applications and versatility make them the cutting edge of design and engineering",
  "category": {
    "color": 6526716,
    "id": 337,
    "name": "Gadgets",
    "parent_id": 16,
    "position": 7,
    "slug": "technology/gadgets",
    "urls": {
      "web": {
        "discover": "http://www.kickstarter.com/discover/categories/technology/gadgets"
      }
    }
  },
  "country": "CA",
  "created_at": 1424044209,
  "creator": {
    "avatar": {
      "medium": "https://ksr-ugc.imgix.net/assets/009/573/711/7dd9fe563715315513fbd1f0196b688d_original.JPG?w=160&h=160&fit=crop&v=1461604063&auto=format&q=92&s=c060114e5503906e040186217520648a",
      "small": "https://ksr-ugc.imgix.net/assets/009/573/711/7dd9fe563715315513fbd1f0196b688d_original.JPG?w=160&h=160&fit=crop&v=1461604063&auto=format&q=92&s=c060114e5503906e040186217520648a",
      "thumb": "https://ksr-ugc.imgix.net/assets/009/573/711/7dd9fe563715315513fbd1f0196b688d_original.JPG?w=40&h=40&fit=crop&v=1461604063&auto=format&q=92&s=5fe1190db77ed48d4a6181ab24b08e94"
    },
    "id": 51996236,
    "name": "M Jon Lange",
    "urls": {
      "api": {
        "user": "https://api.kickstarter.com/v1/users/51996236?signature=1488679565.0c577f9438634abaeee7b9aca7aeb3a44ae5fe09"
      },
      "web": {
        "user": "https://www.kickstarter.com/profile/51996236"
      }
    }
  },
  "currency": "CAD",
  "currency_symbol": "$",
  "currency_trailing_code": true,
  "deadline": 1431068400,
  "disable_communication": false,
  "goal": 1000.0,
  "id": 1014692209,
  "launched_at": 1427837722,
  "location": {
    "country": "CA",
    "displayable_name": "Vancouver, Canada",
    "id": 9807,
    "is_root": false,
    "name": "Vancouver",
    "short_name": "Vancouver, Canada",
    "slug": "vancouver-ca",
    "state": "BC",
    "type": "Town",
    "urls": {
      "api": {
        "nearby_projects": "https://api.kickstarter.com/v1/discover?signature=1488668420.0d1c8a327548ec9a73d7a1b8be2f2a40d70e990b&woe_id=9807"
      },
      "web": {
        "discover": "https://www.kickstarter.com/discover/places/vancouver-ca",
        "location": "https://www.kickstarter.com/locations/vancouver-ca"
      }
    }
  },
  "name": "Orin Acute Universal Joint And Inot Ball Lock",
  "photo": {
    "1024x576": "https://ksr-ugc.imgix.net/assets/012/038/274/37aad63631f6ba6cd4c6722a41eb566f_original.jpg?w=1024&h=576&fit=fill&bg=000000&v=1463726271&auto=format&q=92&s=28449ab098ce13a8d02244f1f8cfb651",
    "1536x864": "https://ksr-ugc.imgix.net/assets/012/038/274/37aad63631f6ba6cd4c6722a41eb566f_original.jpg?w=1536&h=864&fit=fill&bg=000000&v=1463726271&auto=format&q=92&s=038b1b69783e6ea2c1d219fc0154a5cc",
    "ed": "https://ksr-ugc.imgix.net/assets/012/038/274/37aad63631f6ba6cd4c6722a41eb566f_original.jpg?w=338&h=190&fit=fill&bg=000000&v=1463726271&auto=format&q=92&s=7c65eebfb632a789cd082f9e218502db",
    "full": "https://ksr-ugc.imgix.net/assets/012/038/274/37aad63631f6ba6cd4c6722a41eb566f_original.jpg?w=560&h=315&fit=fill&bg=000000&v=1463726271&auto=format&q=92&s=c2c5e338a4d48f6b28d4119165cb88d5",
    "key": "assets/012/038/274/37aad63631f6ba6cd4c6722a41eb566f_original.jpg",
    "little": "https://ksr-ugc.imgix.net/assets/012/038/274/37aad63631f6ba6cd4c6722a41eb566f_original.jpg?w=200&h=112&fit=fill&bg=000000&v=1463726271&auto=format&q=92&s=5b7d0ebf453a318f78d24d1e75945ee0",
    "med": "https://ksr-ugc.imgix.net/assets/012/038/274/37aad63631f6ba6cd4c6722a41eb566f_original.jpg?w=266&h=150&fit=fill&bg=000000&v=1463726271&auto=format&q=92&s=484712dc452ddb96e0113659bdf45524",
    "small": "https://ksr-ugc.imgix.net/assets/012/038/274/37aad63631f6ba6cd4c6722a41eb566f_original.jpg?w=160&h=90&fit=fill&bg=000000&v=1463726271&auto=format&q=92&s=f949b5eeafa0ff82b467242877fbb3c6",
    "thumb": "https://ksr-ugc.imgix.net/assets/012/038/274/37aad63631f6ba6cd4c6722a41eb566f_original.jpg?w=40&h=22&fit=fill&bg=000000&v=1463726271&auto=format&q=92&s=571574421de704d90a9527b97e0f619e"
  },
  "pledged": 80.0,
  "profile": {
    "background_color": null,
    "background_image_opacity": 0.8,
    "blurb": null,
    "feature_image_attributes": {
      "image_urls": {
        "baseball_card": "https://ksr-ugc.imgix.net/assets/012/038/274/37aad63631f6ba6cd4c6722a41eb566f_original.jpg?w=1552&h=873&fit=fill&bg=000000&v=1463726271&auto=format&q=92&s=1ce82d75ea357885edb1835ef97e0a47",
        "default": "https://ksr-ugc.imgix.net/assets/012/038/274/37aad63631f6ba6cd4c6722a41eb566f_original.jpg?w=1552&h=873&fit=fill&bg=000000&v=1463726271&auto=format&q=92&s=1ce82d75ea357885edb1835ef97e0a47"
      }
    },
    "id": 1708032,
    "link_background_color": null,
    "link_text": null,
    "link_text_color": null,
    "link_url": null,
    "name": null,
    "project_id": 1708032,
    "should_show_feature_image_section": true,
    "show_feature_image": false,
    "state": "inactive",
    "state_changed_at": 1425915894,
    "text_color": null
  },
  "slug": "new-inventions-orin-acute-universal-joint-and-inot",
  "spotlight": false,
  "staff_pick": false,
  "state": "failed",
  "state_changed_at": 1431068412,
  "static_usd_rate": 0.79255003,
  "urls": {
    "web": {
      "project": "https://www.kickstarter.com/projects/51996236/new-inventions-orin-acute-universal-joint-and-inot?ref=category_newest",
      "rewards": "https://www.kickstarter.com/projects/51996236/new-inventions-orin-acute-universal-joint-and-inot/rewards"
    }
  },
  "usd_pledged": "63.4040024"
}