{
  "backers_count": 0,
  "blurb": "Now -- You Can Always Go Back",
  "category": {
    "color": 6526716,
    "id": 342,
    "name": "Web",
    "parent_id": 16,
    "position": 15,
    "slug": "technology/web",
    "urls": {
      "web": {
        "discover": "http://www.kickstarter.com/discover/categories/technology/web"
      }
    }
  },
  "country": "US",
  "created_at": 1402285947,
  "creator": {
    "avatar": {
      "medium": "https://ksr-ugc.imgix.net/assets/008/071/464/79ec0eb0be9390aab110750bd381725e_original.jpg?w=160&h=160&fit=crop&v=1461500860&auto=format&q=92&s=998e827e32a4b453117c3c697e0a695f",
      "small": "https://ksr-ugc.imgix.net/assets/008/071/464/79ec0eb0be9390aab110750bd381725e_original.jpg?w=160&h=160&fit=crop&v=1461500860&auto=format&q=92&s=998e827e32a4b453117c3c697e0a695f",
      "thumb": "https://ksr-ugc.imgix.net/assets/008/071/464/79ec0eb0be9390aab110750bd381725e_original.jpg?w=40&h=40&fit=crop&v=1461500860&auto=format&q=92&s=c172849e1f9c8af379ffb2dd4a23b25d"
    },
    "id": 230789956,
    "name": "Joshie",
    "urls": {
      "api": {
        "user": "https://api.kickstarter.com/v1/users/230789956?signature=1488680744.20448f66ab88cf2e66259d80938db22cd21073ff"
      },
      "web": {
        "user": "https://www.kickstarter.com/profile/230789956"
      }
    }
  },
  "currency": "USD",
  "currency_symbol": "$",
  "currency_trailing_code": true,
  "deadline": 1419436151,
  "disable_communication": false,
  "goal": 12500.0,
  "id": 1014124530,
  "launched_at": 1414248551,
  "location": {
    "country": "US",
    "displayable_name": "Palm Beach, FL",
    "id": 2467663,
    "is_root": false,
    "name": "Palm Beach",
    "short_name": "Palm Beach, FL",
    "slug": "palm-beach-fl",
    "state": "FL",
    "type": "Town",
    "urls": {
      "api": {
        "nearby_projects": "https://api.kickstarter.com/v1/discover?signature=1488668430.e0d3a447734d7e14d847393031a609a93372019a&woe_id=2467663"
      },
      "web": {
        "discover": "https://www.kickstarter.com/discover/places/palm-beach-fl",
        "location": "https://www.kickstarter.com/locations/palm-beach-fl"
      }
    }
  },
  "name": "The Museum Of Camp",
  "photo": {
    "1024x576": "https://ksr-ugc.imgix.net/assets/011/721/816/b2d37daf6dd61d772e184834209f98d8_original.jpg?w=1024&h=576&fit=fill&bg=000000&v=1463687297&auto=format&q=92&s=f305f20249494ac737bde41408bfe442",
    "1536x864": "https://ksr-ugc.imgix.net/assets/011/721/816/b2d37daf6dd61d772e184834209f98d8_original.jpg?w=1536&h=864&fit=fill&bg=000000&v=1463687297&auto=format&q=92&s=ed9a3086c050469deef3cbc9a39d1b4c",
    "ed": "https://ksr-ugc.imgix.net/assets/011/721/816/b2d37daf6dd61d772e184834209f98d8_original.jpg?w=338&h=190&fit=fill&bg=000000&v=1463687297&auto=format&q=92&s=5d6372f002285739db8d53efb8b7915a",
    "full": "https://ksr-ugc.imgix.net/assets/011/721/816/b2d37daf6dd61d772e184834209f98d8_original.jpg?w=560&h=315&fit=fill&bg=000000&v=1463687297&auto=format&q=92&s=023094b46b34a2cd46fbe311b501422e",
    "key": "assets/011/721/816/b2d37daf6dd61d772e184834209f98d8_original.jpg",
    "little": "https://ksr-ugc.imgix.net/assets/011/721/816/b2d37daf6dd61d772e184834209f98d8_original.jpg?w=200&h=112&fit=fill&bg=000000&v=1463687297&auto=format&q=92&s=a9f5be1c7a990c010e2fbf70c0aedc74",
    "med": "https://ksr-ugc.imgix.net/assets/011/721/816/b2d37daf6dd61d772e184834209f98d8_original.jpg?w=266&h=150&fit=fill&bg=000000&v=1463687297&auto=format&q=92&s=8bfd0ee814a87cd87f590dbe7fb5845e",
    "small": "https://ksr-ugc.imgix.net/assets/011/721/816/b2d37daf6dd61d772e184834209f98d8_original.jpg?w=160&h=90&fit=fill&bg=000000&v=1463687297&auto=format&q=92&s=eea8fd644823d0cd97937bd10fa015b0",
    "thumb": "https://ksr-ugc.imgix.net/assets/011/721/816/b2d37daf6dd61d772e184834209f98d8_original.jpg?w=40&h=22&fit=fill&bg=000000&v=1463687297&auto=format&q=92&s=40c1fc84ae7ba57902b2c30eab23086a"
  },
  "pledged": 0.0,
  "profile": {
    "background_color": null,
    "background_image_opacity": 0.8,
    "blurb": null,
    "feature_image_attributes": {
      "image_urls": {
        "baseball_card": "https://ksr-ugc.imgix.net/assets/011/721/816/b2d37daf6dd61d772e184834209f98d8_original.jpg?w=1552&h=873&fit=fill&bg=000000&v=1463687297&auto=format&q=92&s=e392aea6556b31fdb3e59e8f49cae41f",
        "default": "https://ksr-ugc.imgix.net/assets/011/721/816/b2d37daf6dd61d772e184834209f98d8_original.jpg?w=1552&h=873&fit=fill&bg=000000&v=1463687297&auto=format&q=92&s=e392aea6556b31fdb3e59e8f49cae41f"
      }
    },
    "id": 1060322,
    "link_background_color": null,
    "link_text": null,
    "link_text_color": null,
    "link_url": null,
    "name": null,
    "project_id": 1060322,
    "should_show_feature_image_section": true,
    "show_feature_image": false,
    "state": "inactive",
    "state_changed_at": 1425915859,
    "text_color": null
  },
  "slug": "the-museum-of-camp",
  "spotlight": false,
  "staff_pick": false,
  "state": "failed",
  "state_changed_at": 1419436151,
  "static_usd_rate": 1.0,
  "urls": {
    "web": {
      "project": "https://www.kickstarter.com/projects/230789956/the-museum-of-camp?ref=category_newest",
      "rewards": "https://www.kickstarter.com/projects/230789956/the-museum-of-camp/rewards"
    }
  },
  "usd_pledged": "0.0"
}