{
  "backers_count": 34,
  "blurb": "Blipper Bands are affordable GPS bands that are stacked full of features!",
  "category": {
    "color": 6526716,
    "id": 337,
    "name": "Gadgets",
    "parent_id": 16,
    "position": 7,
    "slug": "technology/gadgets",
    "urls": {
      "web": {
        "discover": "http://www.kickstarter.com/discover/categories/technology/gadgets"
      }
    }
  },
  "country": "US",
  "created_at": 1430798836,
  "creator": {
    "avatar": {
      "medium": "https://ksr-ugc.imgix.net/assets/009/658/767/03d6cbfcd5e6e0fdf54aa16c1b9b0961_original.gif?w=160&h=160&fit=crop&v=1461616074&auto=format&frame=1&q=92&s=3606b232baa33d0b26735092eedc235b",
      "small": "https://ksr-ugc.imgix.net/assets/009/658/767/03d6cbfcd5e6e0fdf54aa16c1b9b0961_original.gif?w=160&h=160&fit=crop&v=1461616074&auto=format&frame=1&q=92&s=3606b232baa33d0b26735092eedc235b",
      "thumb": "https://ksr-ugc.imgix.net/assets/009/658/767/03d6cbfcd5e6e0fdf54aa16c1b9b0961_original.gif?w=40&h=40&fit=crop&v=1461616074&auto=format&frame=1&q=92&s=ff7e28f34f213d8cf5031f33916ae25f"
    },
    "id": 471228813,
    "name": "Lachlan & Jeff",
    "slug": "blipperbands",
    "urls": {
      "api": {
        "user": "https://api.kickstarter.com/v1/users/471228813?signature=1488679574.ac8a4c531cefdf0ea16cb8c65a2246e7a03a8d08"
      },
      "web": {
        "user": "https://www.kickstarter.com/profile/blipperbands"
      }
    }
  },
  "currency": "USD",
  "currency_symbol": "$",
  "currency_trailing_code": true,
  "deadline": 1434059356,
  "disable_communication": false,
  "goal": 100000.0,
  "id": 1014095503,
  "launched_at": 1431467356,
  "location": {
    "country": "US",
    "displayable_name": "Dallas, TX",
    "id": 2388929,
    "is_root": false,
    "name": "Dallas",
    "short_name": "Dallas, TX",
    "slug": "dallas-tx",
    "state": "TX",
    "type": "Town",
    "urls": {
      "api": {
        "nearby_projects": "https://api.kickstarter.com/v1/discover?signature=1488668421.7d7ac9b754573193ed78d00285944ee55384a271&woe_id=2388929"
      },
      "web": {
        "discover": "https://www.kickstarter.com/discover/places/dallas-tx",
        "location": "https://www.kickstarter.com/locations/dallas-tx"
      }
    }
  },
  "name": "Blipper Bands - Safety wherever you go! - GPS Tracking Band",
  "photo": {
    "1024x576": "https://ksr-ugc.imgix.net/assets/012/128/497/e476a97a0332e60186631bb361ab00d9_original.jpg?w=1024&h=576&fit=fill&bg=000000&v=1463738039&auto=format&q=92&s=9899f89b528617471825d89d7dd2c260",
    "1536x864": "https://ksr-ugc.imgix.net/assets/012/128/497/e476a97a0332e60186631bb361ab00d9_original.jpg?w=1536&h=864&fit=fill&bg=000000&v=1463738039&auto=format&q=92&s=56b0a41d9033a108f357400267f636ee",
    "ed": "https://ksr-ugc.imgix.net/assets/012/128/497/e476a97a0332e60186631bb361ab00d9_original.jpg?w=338&h=190&fit=fill&bg=000000&v=1463738039&auto=format&q=92&s=ec745a1b46128eebf803706062cab21a",
    "full": "https://ksr-ugc.imgix.net/assets/012/128/497/e476a97a0332e60186631bb361ab00d9_original.jpg?w=560&h=315&fit=fill&bg=000000&v=1463738039&auto=format&q=92&s=41d61c1673a2747eb2c323d18036bf52",
    "key": "assets/012/128/497/e476a97a0332e60186631bb361ab00d9_original.jpg",
    "little": "https://ksr-ugc.imgix.net/assets/012/128/497/e476a97a0332e60186631bb361ab00d9_original.jpg?w=200&h=112&fit=fill&bg=000000&v=1463738039&auto=format&q=92&s=23377ae31525ec995a806593e4b767ff",
    "med": "https://ksr-ugc.imgix.net/assets/012/128/497/e476a97a0332e60186631bb361ab00d9_original.jpg?w=266&h=150&fit=fill&bg=000000&v=1463738039&auto=format&q=92&s=f3a322953aa1adc75b0910bffc2cc872",
    "small": "https://ksr-ugc.imgix.net/assets/012/128/497/e476a97a0332e60186631bb361ab00d9_original.jpg?w=160&h=90&fit=fill&bg=000000&v=1463738039&auto=format&q=92&s=06b1dd25e7293e43f6dc5fc2aea5fb60",
    "thumb": "https://ksr-ugc.imgix.net/assets/012/128/497/e476a97a0332e60186631bb361ab00d9_original.jpg?w=40&h=22&fit=fill&bg=000000&v=1463738039&auto=format&q=92&s=47afbcb37586b23a5ab2730f1e74f761"
  },
  "pledged": 5066.0,
  "profile": {
    "background_color": null,
    "background_image_opacity": 0.8,
    "blurb": null,
    "feature_image_attributes": {
      "image_urls": {
        "baseball_card": "https://ksr-ugc.imgix.net/assets/012/128/497/e476a97a0332e60186631bb361ab00d9_original.jpg?w=1552&h=873&fit=fill&bg=000000&v=1463738039&auto=format&q=92&s=937fe2cc07a7af57f48b1d0c155e6247",
        "default": "https://ksr-ugc.imgix.net/assets/012/128/497/e476a97a0332e60186631bb361ab00d9_original.jpg?w=1552&h=873&fit=fill&bg=000000&v=1463738039&auto=format&q=92&s=937fe2cc07a7af57f48b1d0c155e6247"
      }
    },
    "id": 1880823,
    "link_background_color": null,
    "link_text": null,
    "link_text_color": null,
    "link_url": null,
    "name": null,
    "project_id": 1880823,
    "should_show_feature_image_section": true,
    "show_feature_image": false,
    "state": "inactive",
    "state_changed_at": 1430798836,
    "text_color": null
  },
  "slug": "blipper-bands-safety-wherever-you-go",
  "spotlight": false,
  "staff_pick": false,
  "state": "failed",
  "state_changed_at": 1434059357,
  "static_usd_rate": 1.0,
  "urls": {
    "web": {
      "project": "https://www.kickstarter.com/projects/blipperbands/blipper-bands-safety-wherever-you-go?ref=category_newest",
      "rewards": "https://www.kickstarter.com/projects/blipperbands/blipper-bands-safety-wherever-you-go/rewards"
    }
  },
  "usd_pledged": "5066.0"
}