{
  "backers_count": 9,
  "blurb": "Nikka: your smart choice for securing your digital world. Access your files from your personal hardware strongbox, wherever you are.",
  "category": {
    "color": 6526716,
    "id": 52,
    "name": "Hardware",
    "parent_id": 16,
    "position": 8,
    "slug": "technology/hardware",
    "urls": {
      "web": {
        "discover": "http://www.kickstarter.com/discover/categories/technology/hardware"
      }
    }
  },
  "country": "GB",
  "created_at": 1410300443,
  "creator": {
    "avatar": {
      "medium": "https://ksr-ugc.imgix.net/assets/008/360/301/c1e8552a44b83f5b97f66ef279c12964_original.JPG?w=160&h=160&fit=crop&v=1461519445&auto=format&q=92&s=dcc5033941ff8f1d18aadd665004641e",
      "small": "https://ksr-ugc.imgix.net/assets/008/360/301/c1e8552a44b83f5b97f66ef279c12964_original.JPG?w=160&h=160&fit=crop&v=1461519445&auto=format&q=92&s=dcc5033941ff8f1d18aadd665004641e",
      "thumb": "https://ksr-ugc.imgix.net/assets/008/360/301/c1e8552a44b83f5b97f66ef279c12964_original.JPG?w=40&h=40&fit=crop&v=1461519445&auto=format&q=92&s=86f866da6184cfdb4cbe2872d6d2f038"
    },
    "id": 106381149,
    "name": "Dan Cvrcek",
    "urls": {
      "api": {
        "user": "https://api.kickstarter.com/v1/users/106381149?signature=1488679933.74cabd1d64514ce0021936aa0a79337125349098"
      },
      "web": {
        "user": "https://www.kickstarter.com/profile/106381149"
      }
    }
  },
  "currency": "GBP",
  "currency_symbol": "\u00a3",
  "currency_trailing_code": false,
  "deadline": 1416859200,
  "disable_communication": false,
  "goal": 30000.0,
  "id": 1014911572,
  "launched_at": 1414344360,
  "location": {
    "country": "GB",
    "displayable_name": "Cambridge, UK",
    "id": 14979,
    "is_root": false,
    "name": "Cambridge",
    "short_name": "Cambridge, UK",
    "slug": "cambridge-cambridge-city-gb",
    "state": "England",
    "type": "Town",
    "urls": {
      "api": {
        "nearby_projects": "https://api.kickstarter.com/v1/discover?signature=1488668423.19027d3c675ec51a9370fb1a8ee45ad68dabaa61&woe_id=14979"
      },
      "web": {
        "discover": "https://www.kickstarter.com/discover/places/cambridge-cambridge-city-gb",
        "location": "https://www.kickstarter.com/locations/cambridge-cambridge-city-gb"
      }
    }
  },
  "name": "NIKKA - Your Digital Strongbox for Smart Security",
  "photo": {
    "1024x576": "https://ksr-ugc.imgix.net/assets/011/864/374/a29787f63223ccf49befd4ddb08f9a38_original.jpg?w=1024&h=576&fit=fill&bg=000000&v=1463706158&auto=format&q=92&s=3031775296a7d20bf1931d672fbed01b",
    "1536x864": "https://ksr-ugc.imgix.net/assets/011/864/374/a29787f63223ccf49befd4ddb08f9a38_original.jpg?w=1536&h=864&fit=fill&bg=000000&v=1463706158&auto=format&q=92&s=57f7b71f63ba73d1165fa56f04e2ae7f",
    "ed": "https://ksr-ugc.imgix.net/assets/011/864/374/a29787f63223ccf49befd4ddb08f9a38_original.jpg?w=338&h=190&fit=fill&bg=000000&v=1463706158&auto=format&q=92&s=8dd4eb6a86746484ae2be2c4ea0789f1",
    "full": "https://ksr-ugc.imgix.net/assets/011/864/374/a29787f63223ccf49befd4ddb08f9a38_original.jpg?w=560&h=315&fit=fill&bg=000000&v=1463706158&auto=format&q=92&s=9c878d8edbe510ceb9b4d83b8dd349c0",
    "key": "assets/011/864/374/a29787f63223ccf49befd4ddb08f9a38_original.jpg",
    "little": "https://ksr-ugc.imgix.net/assets/011/864/374/a29787f63223ccf49befd4ddb08f9a38_original.jpg?w=200&h=112&fit=fill&bg=000000&v=1463706158&auto=format&q=92&s=6569639460a1c441c63793a15de44ba1",
    "med": "https://ksr-ugc.imgix.net/assets/011/864/374/a29787f63223ccf49befd4ddb08f9a38_original.jpg?w=266&h=150&fit=fill&bg=000000&v=1463706158&auto=format&q=92&s=84febab33a395f98107e0340018a8872",
    "small": "https://ksr-ugc.imgix.net/assets/011/864/374/a29787f63223ccf49befd4ddb08f9a38_original.jpg?w=160&h=90&fit=fill&bg=000000&v=1463706158&auto=format&q=92&s=ecdd424502bf0e401d1c1f1a5648e95d",
    "thumb": "https://ksr-ugc.imgix.net/assets/011/864/374/a29787f63223ccf49befd4ddb08f9a38_original.jpg?w=40&h=22&fit=fill&bg=000000&v=1463706158&auto=format&q=92&s=8dae213f91becabecb00f8ac218fbc62"
  },
  "pledged": 1256.0,
  "profile": {
    "background_color": null,
    "background_image_opacity": 0.8,
    "blurb": null,
    "feature_image_attributes": {
      "image_urls": {
        "baseball_card": "https://ksr-ugc.imgix.net/assets/011/864/374/a29787f63223ccf49befd4ddb08f9a38_original.jpg?w=1552&h=873&fit=fill&bg=000000&v=1463706158&auto=format&q=92&s=014615ae1e59c7360fe3baba25739782",
        "default": "https://ksr-ugc.imgix.net/assets/011/864/374/a29787f63223ccf49befd4ddb08f9a38_original.jpg?w=1552&h=873&fit=fill&bg=000000&v=1463706158&auto=format&q=92&s=014615ae1e59c7360fe3baba25739782"
      }
    },
    "id": 1349228,
    "link_background_color": null,
    "link_text": null,
    "link_text_color": null,
    "link_url": null,
    "name": null,
    "project_id": 1349228,
    "should_show_feature_image_section": true,
    "show_feature_image": false,
    "state": "inactive",
    "state_changed_at": 1425915874,
    "text_color": null
  },
  "slug": "nikka-your-digital-strongbox-for-smart-security",
  "spotlight": false,
  "staff_pick": false,
  "state": "failed",
  "state_changed_at": 1416859211,
  "static_usd_rate": 1.60890173,
  "urls": {
    "web": {
      "project": "https://www.kickstarter.com/projects/106381149/nikka-your-digital-strongbox-for-smart-security?ref=category_newest",
      "rewards": "https://www.kickstarter.com/projects/106381149/nikka-your-digital-strongbox-for-smart-security/rewards"
    }
  },
  "usd_pledged": "2020.78057288"
}