{
  "backers_count": 5,
  "blurb": "Help me build a powerful 1/10 scale electric RC truck to take to a charity car show I volunteer for and help run yearly.",
  "category": {
    "color": 6526716,
    "id": 334,
    "name": "DIY Electronics",
    "parent_id": 16,
    "position": 4,
    "slug": "technology/diy electronics",
    "urls": {
      "web": {
        "discover": "http://www.kickstarter.com/discover/categories/technology/diy%20electronics"
      }
    }
  },
  "country": "US",
  "created_at": 1405137178,
  "creator": {
    "avatar": {
      "medium": "https://ksr-ugc.imgix.net/assets/007/309/906/c78d6f33f38b5750683a10389cb10b62_original.jpg?w=160&h=160&fit=crop&v=1461449379&auto=format&q=92&s=8b6ff3415457061b10e585564f95dc09",
      "small": "https://ksr-ugc.imgix.net/assets/007/309/906/c78d6f33f38b5750683a10389cb10b62_original.jpg?w=160&h=160&fit=crop&v=1461449379&auto=format&q=92&s=8b6ff3415457061b10e585564f95dc09",
      "thumb": "https://ksr-ugc.imgix.net/assets/007/309/906/c78d6f33f38b5750683a10389cb10b62_original.jpg?w=40&h=40&fit=crop&v=1461449379&auto=format&q=92&s=e537b661140c49df37908d21befde4b2"
    },
    "id": 857807839,
    "name": "Doug Sposetta",
    "urls": {
      "api": {
        "user": "https://api.kickstarter.com/v1/users/857807839?signature=1488679333.c18638f260d780eb5ae75c5f5c498fe64ec603a0"
      },
      "web": {
        "user": "https://www.kickstarter.com/profile/857807839"
      }
    }
  },
  "currency": "USD",
  "currency_symbol": "$",
  "currency_trailing_code": true,
  "deadline": 1407086628,
  "disable_communication": false,
  "goal": 300.0,
  "id": 1014062456,
  "launched_at": 1405358628,
  "location": {
    "country": "US",
    "displayable_name": "Youngstown, OH",
    "id": 2525060,
    "is_root": false,
    "name": "Youngstown",
    "short_name": "Youngstown, OH",
    "slug": "youngstown-oh",
    "state": "OH",
    "type": "Town",
    "urls": {
      "api": {
        "nearby_projects": "https://api.kickstarter.com/v1/discover?signature=1488668440.832a15a1002c93c3fcf50761f3a3528de549bbb0&woe_id=2525060"
      },
      "web": {
        "discover": "https://www.kickstarter.com/discover/places/youngstown-oh",
        "location": "https://www.kickstarter.com/locations/youngstown-oh"
      }
    }
  },
  "name": "1/10 custom RC charity project",
  "photo": {
    "1024x576": "https://ksr-ugc.imgix.net/assets/011/776/892/becfe70b6f5f60d422751eda1414c816_original.jpeg?w=1024&h=576&fit=fill&bg=000000&v=1463692963&auto=format&q=92&s=09c46c47ede72ad8498407e17c8c41ca",
    "1536x864": "https://ksr-ugc.imgix.net/assets/011/776/892/becfe70b6f5f60d422751eda1414c816_original.jpeg?w=1536&h=864&fit=fill&bg=000000&v=1463692963&auto=format&q=92&s=17a2851ae80e59dd851ec001ad23cb4c",
    "ed": "https://ksr-ugc.imgix.net/assets/011/776/892/becfe70b6f5f60d422751eda1414c816_original.jpeg?w=338&h=190&fit=fill&bg=000000&v=1463692963&auto=format&q=92&s=a5fdd4b7b482ec231f2fc8a41d4b1e60",
    "full": "https://ksr-ugc.imgix.net/assets/011/776/892/becfe70b6f5f60d422751eda1414c816_original.jpeg?w=560&h=315&fit=fill&bg=000000&v=1463692963&auto=format&q=92&s=dfa4106c784cfd857087fd11e4df873b",
    "key": "assets/011/776/892/becfe70b6f5f60d422751eda1414c816_original.jpeg",
    "little": "https://ksr-ugc.imgix.net/assets/011/776/892/becfe70b6f5f60d422751eda1414c816_original.jpeg?w=200&h=112&fit=fill&bg=000000&v=1463692963&auto=format&q=92&s=7cfccfa1bdb25175965c3ea29ef9f7ac",
    "med": "https://ksr-ugc.imgix.net/assets/011/776/892/becfe70b6f5f60d422751eda1414c816_original.jpeg?w=266&h=150&fit=fill&bg=000000&v=1463692963&auto=format&q=92&s=ff4f0799e8be93e881f07549527cb741",
    "small": "https://ksr-ugc.imgix.net/assets/011/776/892/becfe70b6f5f60d422751eda1414c816_original.jpeg?w=160&h=90&fit=fill&bg=000000&v=1463692963&auto=format&q=92&s=be5153b1a5527ed227e95d1b1e8a354f",
    "thumb": "https://ksr-ugc.imgix.net/assets/011/776/892/becfe70b6f5f60d422751eda1414c816_original.jpeg?w=40&h=22&fit=fill&bg=000000&v=1463692963&auto=format&q=92&s=2903c2864795a99a49c0307145cd5cc7"
  },
  "pledged": 162.0,
  "profile": {
    "background_color": null,
    "background_image_opacity": 0.8,
    "blurb": null,
    "feature_image_attributes": {
      "image_urls": {
        "baseball_card": "https://ksr-ugc.imgix.net/assets/011/776/892/becfe70b6f5f60d422751eda1414c816_original.jpeg?w=1552&h=873&fit=fill&bg=000000&v=1463692963&auto=format&q=92&s=40d24cb4385ae40cc89b5ef5a103c55b",
        "default": "https://ksr-ugc.imgix.net/assets/011/776/892/becfe70b6f5f60d422751eda1414c816_original.jpeg?w=1552&h=873&fit=fill&bg=000000&v=1463692963&auto=format&q=92&s=40d24cb4385ae40cc89b5ef5a103c55b"
      }
    },
    "id": 1168909,
    "link_background_color": null,
    "link_text": null,
    "link_text_color": null,
    "link_url": null,
    "name": null,
    "project_id": 1168909,
    "should_show_feature_image_section": true,
    "show_feature_image": false,
    "state": "inactive",
    "state_changed_at": 1425915865,
    "text_color": null
  },
  "slug": "1-10-custom-rc-charity-project",
  "spotlight": false,
  "staff_pick": false,
  "state": "failed",
  "state_changed_at": 1407086628,
  "static_usd_rate": 1.0,
  "urls": {
    "web": {
      "project": "https://www.kickstarter.com/projects/857807839/1-10-custom-rc-charity-project?ref=category_newest",
      "rewards": "https://www.kickstarter.com/projects/857807839/1-10-custom-rc-charity-project/rewards"
    }
  },
  "usd_pledged": "162.0"
}