{
  "backers_count": 0,
  "blurb": "We are a nonprofit dedicated to saving lives! We are in need of funds so we can provide a needed FREE app that is going to save lives!",
  "category": {
    "color": 6526716,
    "id": 342,
    "name": "Web",
    "parent_id": 16,
    "position": 15,
    "slug": "technology/web",
    "urls": {
      "web": {
        "discover": "http://www.kickstarter.com/discover/categories/technology/web"
      }
    }
  },
  "country": "US",
  "created_at": 1428900102,
  "creator": {
    "avatar": {
      "medium": "https://ksr-ugc.imgix.net/assets/009/789/676/603c38f24141837cd950429b77c1ae7f_original.jpg?w=160&h=160&fit=crop&v=1461634852&auto=format&q=92&s=fbe58cd54cef6d08d2917141ea2b25fa",
      "small": "https://ksr-ugc.imgix.net/assets/009/789/676/603c38f24141837cd950429b77c1ae7f_original.jpg?w=160&h=160&fit=crop&v=1461634852&auto=format&q=92&s=fbe58cd54cef6d08d2917141ea2b25fa",
      "thumb": "https://ksr-ugc.imgix.net/assets/009/789/676/603c38f24141837cd950429b77c1ae7f_original.jpg?w=40&h=40&fit=crop&v=1461634852&auto=format&q=92&s=5db5ff22ad8efef0bad7ab4d554cf511"
    },
    "id": 1608653019,
    "name": "Daniel Martinez",
    "urls": {
      "api": {
        "user": "https://api.kickstarter.com/v1/users/1608653019?signature=1488680997.e8bbcbea2d7ee59c656f697cd7ae3ad07ec3e268"
      },
      "web": {
        "user": "https://www.kickstarter.com/profile/1608653019"
      }
    }
  },
  "currency": "USD",
  "currency_symbol": "$",
  "currency_trailing_code": true,
  "deadline": 1430770621,
  "disable_communication": false,
  "goal": 25000.0,
  "id": 1014980169,
  "launched_at": 1428956221,
  "location": {
    "country": "US",
    "displayable_name": "Knoxville, TN",
    "id": 2433662,
    "is_root": false,
    "name": "Knoxville",
    "short_name": "Knoxville, TN",
    "slug": "knoxville-tn",
    "state": "TN",
    "type": "Town",
    "urls": {
      "api": {
        "nearby_projects": "https://api.kickstarter.com/v1/discover?signature=1488668422.5319ab813265f77703b1d4de911f9626defffc58&woe_id=2433662"
      },
      "web": {
        "discover": "https://www.kickstarter.com/discover/places/knoxville-tn",
        "location": "https://www.kickstarter.com/locations/knoxville-tn"
      }
    }
  },
  "name": "Just Cool Me (Canceled)",
  "photo": {
    "1024x576": "https://ksr-ugc.imgix.net/assets/012/105/640/603c38f24141837cd950429b77c1ae7f_original.jpg?w=1024&h=576&fit=fill&bg=000000&v=1463737399&auto=format&q=92&s=350f0290f7b1f2d6df98895d6b14b61b",
    "1536x864": "https://ksr-ugc.imgix.net/assets/012/105/640/603c38f24141837cd950429b77c1ae7f_original.jpg?w=1536&h=864&fit=fill&bg=000000&v=1463737399&auto=format&q=92&s=d3e407aef6b79fa9a4b2a6c3448bfdb8",
    "ed": "https://ksr-ugc.imgix.net/assets/012/105/640/603c38f24141837cd950429b77c1ae7f_original.jpg?w=338&h=190&fit=fill&bg=000000&v=1463737399&auto=format&q=92&s=52cb83a3d9e749233eb8dc682a62b083",
    "full": "https://ksr-ugc.imgix.net/assets/012/105/640/603c38f24141837cd950429b77c1ae7f_original.jpg?w=560&h=315&fit=fill&bg=000000&v=1463737399&auto=format&q=92&s=bf95eba8e222977cb05de804dbe5743f",
    "key": "assets/012/105/640/603c38f24141837cd950429b77c1ae7f_original.jpg",
    "little": "https://ksr-ugc.imgix.net/assets/012/105/640/603c38f24141837cd950429b77c1ae7f_original.jpg?w=200&h=112&fit=fill&bg=000000&v=1463737399&auto=format&q=92&s=e32ed48bb8c4437d2664bfa081ef0d13",
    "med": "https://ksr-ugc.imgix.net/assets/012/105/640/603c38f24141837cd950429b77c1ae7f_original.jpg?w=266&h=150&fit=fill&bg=000000&v=1463737399&auto=format&q=92&s=fc4600868635566ea444638799d41ca5",
    "small": "https://ksr-ugc.imgix.net/assets/012/105/640/603c38f24141837cd950429b77c1ae7f_original.jpg?w=160&h=90&fit=fill&bg=000000&v=1463737399&auto=format&q=92&s=f7fef0125c6d748377662f0341eef304",
    "thumb": "https://ksr-ugc.imgix.net/assets/012/105/640/603c38f24141837cd950429b77c1ae7f_original.jpg?w=40&h=22&fit=fill&bg=000000&v=1463737399&auto=format&q=92&s=21adb48422f4f3581b48329c7f58a06a"
  },
  "pledged": 0.0,
  "profile": {
    "background_color": null,
    "background_image_opacity": 0.8,
    "blurb": null,
    "feature_image_attributes": {
      "image_urls": {
        "baseball_card": "https://ksr-ugc.imgix.net/assets/012/105/640/603c38f24141837cd950429b77c1ae7f_original.jpg?w=1552&h=873&fit=fill&bg=000000&v=1463737399&auto=format&q=92&s=99740c497d29b61e113171fcc226cf9d",
        "default": "https://ksr-ugc.imgix.net/assets/012/105/640/603c38f24141837cd950429b77c1ae7f_original.jpg?w=1552&h=873&fit=fill&bg=000000&v=1463737399&auto=format&q=92&s=99740c497d29b61e113171fcc226cf9d"
      }
    },
    "id": 1837615,
    "link_background_color": null,
    "link_text": null,
    "link_text_color": null,
    "link_url": null,
    "name": null,
    "project_id": 1837615,
    "should_show_feature_image_section": true,
    "show_feature_image": false,
    "state": "inactive",
    "state_changed_at": 1428900102,
    "text_color": null
  },
  "slug": "just-cool-me",
  "spotlight": false,
  "staff_pick": false,
  "state": "canceled",
  "state_changed_at": 1429931309,
  "static_usd_rate": 1.0,
  "urls": {
    "web": {
      "project": "https://www.kickstarter.com/projects/1608653019/just-cool-me?ref=category_newest",
      "rewards": "https://www.kickstarter.com/projects/1608653019/just-cool-me/rewards"
    }
  },
  "usd_pledged": "0.0"
}