{
  "backers_count": 4,
  "blurb": "App to emergency services operator that enables your phone to provide live data feeds when in an emergency.",
  "category": {
    "color": 6526716,
    "id": 332,
    "name": "Apps",
    "parent_id": 16,
    "position": 2,
    "slug": "technology/apps",
    "urls": {
      "web": {
        "discover": "http://www.kickstarter.com/discover/categories/technology/apps"
      }
    }
  },
  "country": "AU",
  "created_at": 1447479566,
  "creator": {
    "avatar": {
      "medium": "https://ksr-ugc.imgix.net/assets/010/550/178/4f5d3502a0d4049298010b2ee866f3bd_original.png?w=160&h=160&fit=crop&v=1461697139&auto=format&q=92&s=04b6c827ed1e20e81ae3c5d15bb55a37",
      "small": "https://ksr-ugc.imgix.net/assets/010/550/178/4f5d3502a0d4049298010b2ee866f3bd_original.png?w=160&h=160&fit=crop&v=1461697139&auto=format&q=92&s=04b6c827ed1e20e81ae3c5d15bb55a37",
      "thumb": "https://ksr-ugc.imgix.net/assets/010/550/178/4f5d3502a0d4049298010b2ee866f3bd_original.png?w=40&h=40&fit=crop&v=1461697139&auto=format&q=92&s=3f163655893fc3153c9def12f488b29b"
    },
    "id": 2147425432,
    "name": "Chris Durbridge",
    "urls": {
      "api": {
        "user": "https://api.kickstarter.com/v1/users/2147425432?signature=1488679122.f5dffbafc7b9b669ce395c13b79cfb85e9c2b84a"
      },
      "web": {
        "user": "https://www.kickstarter.com/profile/2147425432"
      }
    }
  },
  "currency": "AUD",
  "currency_symbol": "$",
  "currency_trailing_code": true,
  "deadline": 1450396859,
  "disable_communication": false,
  "goal": 500000.0,
  "id": 1014300441,
  "launched_at": 1447804859,
  "location": {
    "country": "AU",
    "displayable_name": "Sydney, AU",
    "id": 1105779,
    "is_root": false,
    "name": "Sydney",
    "short_name": "Sydney, AU",
    "slug": "sydney-au",
    "state": "NSW",
    "type": "Town",
    "urls": {
      "api": {
        "nearby_projects": "https://api.kickstarter.com/v1/discover?signature=1488668423.da3711c93b7dc98b72bdc8f6ffe7daa0c4559d43&woe_id=1105779"
      },
      "web": {
        "discover": "https://www.kickstarter.com/discover/places/sydney-au",
        "location": "https://www.kickstarter.com/locations/sydney-au"
      }
    }
  },
  "name": "ZED emergency",
  "photo": {
    "1024x576": "https://ksr-ugc.imgix.net/assets/012/307/497/3cdacddc9f6d067114e819cbf9ed9bb8_original.png?w=1024&h=576&fit=fill&bg=000000&v=1463755178&auto=format&q=92&s=893ebd7c35231cac1ced44122eadd60f",
    "1536x864": "https://ksr-ugc.imgix.net/assets/012/307/497/3cdacddc9f6d067114e819cbf9ed9bb8_original.png?w=1536&h=864&fit=fill&bg=000000&v=1463755178&auto=format&q=92&s=b3e58e02f1e2e5cf0aaa699821060f70",
    "ed": "https://ksr-ugc.imgix.net/assets/012/307/497/3cdacddc9f6d067114e819cbf9ed9bb8_original.png?w=338&h=190&fit=fill&bg=000000&v=1463755178&auto=format&q=92&s=54a559841c80efff4d3c99429f1387ae",
    "full": "https://ksr-ugc.imgix.net/assets/012/307/497/3cdacddc9f6d067114e819cbf9ed9bb8_original.png?w=560&h=315&fit=fill&bg=000000&v=1463755178&auto=format&q=92&s=ee5959eee1277359cb7bac8b86682306",
    "key": "assets/012/307/497/3cdacddc9f6d067114e819cbf9ed9bb8_original.png",
    "little": "https://ksr-ugc.imgix.net/assets/012/307/497/3cdacddc9f6d067114e819cbf9ed9bb8_original.png?w=200&h=112&fit=fill&bg=000000&v=1463755178&auto=format&q=92&s=9f6d6e039c7ecdc8fe3a9958ac705d2b",
    "med": "https://ksr-ugc.imgix.net/assets/012/307/497/3cdacddc9f6d067114e819cbf9ed9bb8_original.png?w=266&h=150&fit=fill&bg=000000&v=1463755178&auto=format&q=92&s=471379f2f088838e6d5909d16df8e4ac",
    "small": "https://ksr-ugc.imgix.net/assets/012/307/497/3cdacddc9f6d067114e819cbf9ed9bb8_original.png?w=160&h=90&fit=fill&bg=000000&v=1463755178&auto=format&q=92&s=02b728e0aaa482ed163012c8c70b70ed",
    "thumb": "https://ksr-ugc.imgix.net/assets/012/307/497/3cdacddc9f6d067114e819cbf9ed9bb8_original.png?w=40&h=22&fit=fill&bg=000000&v=1463755178&auto=format&q=92&s=996d0c443951d11b693d8738d2c2812e"
  },
  "pledged": 531.0,
  "profile": {
    "background_color": null,
    "background_image_opacity": 0.8,
    "blurb": null,
    "feature_image_attributes": {
      "image_urls": {
        "baseball_card": "https://ksr-ugc.imgix.net/assets/012/307/497/3cdacddc9f6d067114e819cbf9ed9bb8_original.png?w=1552&h=873&fit=fill&bg=000000&v=1463755178&auto=format&q=92&s=565c919252b09320581dbb5bae29b3f4",
        "default": "https://ksr-ugc.imgix.net/assets/012/307/497/3cdacddc9f6d067114e819cbf9ed9bb8_original.png?w=1552&h=873&fit=fill&bg=000000&v=1463755178&auto=format&q=92&s=565c919252b09320581dbb5bae29b3f4"
      }
    },
    "id": 2228245,
    "link_background_color": null,
    "link_text": null,
    "link_text_color": null,
    "link_url": null,
    "name": null,
    "project_id": 2228245,
    "should_show_feature_image_section": true,
    "show_feature_image": false,
    "state": "inactive",
    "state_changed_at": 1447479566,
    "text_color": null
  },
  "slug": "zed-emergency",
  "spotlight": false,
  "staff_pick": false,
  "state": "failed",
  "state_changed_at": 1450396860,
  "static_usd_rate": 0.71161006,
  "urls": {
    "web": {
      "project": "https://www.kickstarter.com/projects/2147425432/zed-emergency?ref=category_newest",
      "rewards": "https://www.kickstarter.com/projects/2147425432/zed-emergency/rewards"
    }
  },
  "usd_pledged": "377.86494186"
}