{
  "backers_count": 368,
  "blurb": "Dexmo: an affordable mechanical exoskeleton system with force feedback for you to touch the digital world and captures your hand motion",
  "category": {
    "color": 6526716,
    "id": 338,
    "name": "Robots",
    "parent_id": 16,
    "position": 10,
    "slug": "technology/robots",
    "urls": {
      "web": {
        "discover": "http://www.kickstarter.com/discover/categories/technology/robots"
      }
    }
  },
  "country": "US",
  "created_at": 1400664716,
  "creator": {
    "avatar": {
      "medium": "https://ksr-ugc.imgix.net/assets/008/751/425/88c14b1c580e8fa521b517c8516d4e2c_original.jpg?w=160&h=160&fit=crop&v=1461542149&auto=format&q=92&s=729c3db5f03527bfcc1693bdb8ba0b55",
      "small": "https://ksr-ugc.imgix.net/assets/008/751/425/88c14b1c580e8fa521b517c8516d4e2c_original.jpg?w=160&h=160&fit=crop&v=1461542149&auto=format&q=92&s=729c3db5f03527bfcc1693bdb8ba0b55",
      "thumb": "https://ksr-ugc.imgix.net/assets/008/751/425/88c14b1c580e8fa521b517c8516d4e2c_original.jpg?w=40&h=40&fit=crop&v=1461542149&auto=format&q=92&s=91bb021bc825e9f8747df2767fb8eeb3"
    },
    "id": 1277630932,
    "name": "Dexta Robotics",
    "urls": {
      "api": {
        "user": "https://api.kickstarter.com/v1/users/1277630932?signature=1488680142.45ae6db938295748cf92661f26dc0e343dc5df9f"
      },
      "web": {
        "user": "https://www.kickstarter.com/profile/1277630932"
      }
    }
  },
  "currency": "USD",
  "currency_symbol": "$",
  "currency_trailing_code": true,
  "deadline": 1416776353,
  "disable_communication": false,
  "goal": 200000.0,
  "id": 1014836520,
  "launched_at": 1414180753,
  "location": {
    "country": "CN",
    "displayable_name": "Shenzhen, China",
    "id": 2161853,
    "is_root": false,
    "name": "Shenzhen",
    "short_name": "Shenzhen, China",
    "slug": "shenzhen-shenzhen-guangdong",
    "state": "Guangdong",
    "type": "Town",
    "urls": {
      "api": {
        "nearby_projects": "https://api.kickstarter.com/v1/discover?signature=1488668439.a5855be82295a43e516b97f4daff1c4d5b9d3b03&woe_id=2161853"
      },
      "web": {
        "discover": "https://www.kickstarter.com/discover/places/shenzhen-shenzhen-guangdong",
        "location": "https://www.kickstarter.com/locations/shenzhen-shenzhen-guangdong"
      }
    }
  },
  "name": "Dexmo: an exoskeleton for you to touch the digital world",
  "photo": {
    "1024x576": "https://ksr-ugc.imgix.net/assets/011/709/713/c4beb3478dfa1f8d90d79498dbd867e3_original.jpg?w=1024&h=576&fit=fill&bg=000000&v=1463687089&auto=format&q=92&s=feab9eeb77838ea22639e920afaecbd7",
    "1536x864": "https://ksr-ugc.imgix.net/assets/011/709/713/c4beb3478dfa1f8d90d79498dbd867e3_original.jpg?w=1536&h=864&fit=fill&bg=000000&v=1463687089&auto=format&q=92&s=0cdba9827fab9fe47aedbe0387d98f03",
    "ed": "https://ksr-ugc.imgix.net/assets/011/709/713/c4beb3478dfa1f8d90d79498dbd867e3_original.jpg?w=338&h=190&fit=fill&bg=000000&v=1463687089&auto=format&q=92&s=80fc2376d0755250e21f597a1d33ea16",
    "full": "https://ksr-ugc.imgix.net/assets/011/709/713/c4beb3478dfa1f8d90d79498dbd867e3_original.jpg?w=560&h=315&fit=fill&bg=000000&v=1463687089&auto=format&q=92&s=4c4088359a3156362d8d32ef7b3d798a",
    "key": "assets/011/709/713/c4beb3478dfa1f8d90d79498dbd867e3_original.jpg",
    "little": "https://ksr-ugc.imgix.net/assets/011/709/713/c4beb3478dfa1f8d90d79498dbd867e3_original.jpg?w=200&h=112&fit=fill&bg=000000&v=1463687089&auto=format&q=92&s=c83b0f58c13311b0f12d6796e0198f6d",
    "med": "https://ksr-ugc.imgix.net/assets/011/709/713/c4beb3478dfa1f8d90d79498dbd867e3_original.jpg?w=266&h=150&fit=fill&bg=000000&v=1463687089&auto=format&q=92&s=7483f1dc98877fb2d77b613a29ea7712",
    "small": "https://ksr-ugc.imgix.net/assets/011/709/713/c4beb3478dfa1f8d90d79498dbd867e3_original.jpg?w=160&h=90&fit=fill&bg=000000&v=1463687089&auto=format&q=92&s=56d6992c8a0c7c9ae72bcd5726036599",
    "thumb": "https://ksr-ugc.imgix.net/assets/011/709/713/c4beb3478dfa1f8d90d79498dbd867e3_original.jpg?w=40&h=22&fit=fill&bg=000000&v=1463687089&auto=format&q=92&s=2f975f0484d52d52a225e14b4d0eeab5"
  },
  "pledged": 55165.0,
  "profile": {
    "background_color": null,
    "background_image_opacity": 0.8,
    "blurb": null,
    "feature_image_attributes": {
      "image_urls": {
        "baseball_card": "https://ksr-ugc.imgix.net/assets/011/709/713/c4beb3478dfa1f8d90d79498dbd867e3_original.jpg?w=1552&h=873&fit=fill&bg=000000&v=1463687089&auto=format&q=92&s=9a8c9d95ce06d8b907f36fde2a95573f",
        "default": "https://ksr-ugc.imgix.net/assets/011/709/713/c4beb3478dfa1f8d90d79498dbd867e3_original.jpg?w=1552&h=873&fit=fill&bg=000000&v=1463687089&auto=format&q=92&s=9a8c9d95ce06d8b907f36fde2a95573f"
      }
    },
    "id": 1032770,
    "link_background_color": null,
    "link_text": null,
    "link_text_color": null,
    "link_url": null,
    "name": null,
    "project_id": 1032770,
    "should_show_feature_image_section": true,
    "show_feature_image": false,
    "state": "inactive",
    "state_changed_at": 1425915857,
    "text_color": null
  },
  "slug": "dexmo-an-exoskeleton-for-you-to-touch-the-digital",
  "spotlight": false,
  "staff_pick": true,
  "state": "canceled",
  "state_changed_at": 1415150944,
  "static_usd_rate": 1.0,
  "urls": {
    "web": {
      "project": "https://www.kickstarter.com/projects/1277630932/dexmo-an-exoskeleton-for-you-to-touch-the-digital?ref=category_newest",
      "rewards": "https://www.kickstarter.com/projects/1277630932/dexmo-an-exoskeleton-for-you-to-touch-the-digital/rewards"
    }
  },
  "usd_pledged": "55165.0"
}