{
  "backers_count": 23,
  "blurb": "Amazing heated snow sport gloves; synonymous with quality, fusing innovative heat technology, style, functionality & unique design.",
  "category": {
    "color": 6526716,
    "id": 341,
    "name": "Wearables",
    "parent_id": 16,
    "position": 14,
    "slug": "technology/wearables",
    "urls": {
      "web": {
        "discover": "http://www.kickstarter.com/discover/categories/technology/wearables"
      }
    }
  },
  "country": "GB",
  "created_at": 1447358738,
  "creator": {
    "avatar": {
      "medium": "https://ksr-ugc.imgix.net/assets/010/544/904/a950ef238edf61fb355320193681cb2f_original.jpg?w=160&h=160&fit=crop&v=1461696809&auto=format&q=92&s=cc32ff2af0b123eda668a1122a8a3294",
      "small": "https://ksr-ugc.imgix.net/assets/010/544/904/a950ef238edf61fb355320193681cb2f_original.jpg?w=160&h=160&fit=crop&v=1461696809&auto=format&q=92&s=cc32ff2af0b123eda668a1122a8a3294",
      "thumb": "https://ksr-ugc.imgix.net/assets/010/544/904/a950ef238edf61fb355320193681cb2f_original.jpg?w=40&h=40&fit=crop&v=1461696809&auto=format&q=92&s=37980b5149531e7fc5d161688df621de"
    },
    "id": 497853025,
    "name": "Erica Connor",
    "urls": {
      "api": {
        "user": "https://api.kickstarter.com/v1/users/497853025?signature=1488680606.f181467ade4b65af3f4a5a0500f1f1102fd35da2"
      },
      "web": {
        "user": "https://www.kickstarter.com/profile/497853025"
      }
    }
  },
  "currency": "GBP",
  "currency_symbol": "\u00a3",
  "currency_trailing_code": false,
  "deadline": 1452384000,
  "disable_communication": false,
  "goal": 20000.0,
  "id": 1014738284,
  "launched_at": 1447698300,
  "location": {
    "country": "GB",
    "displayable_name": "Surrey, UK",
    "id": 12602176,
    "is_root": false,
    "name": "Surrey",
    "short_name": "Surrey, UK",
    "slug": "surrey-gb",
    "state": "England",
    "type": "County",
    "urls": {
      "api": {
        "nearby_projects": "https://api.kickstarter.com/v1/discover?signature=1488668423.47db710e0f86193258365e3df124383e60b75ec7&woe_id=12602176"
      },
      "web": {
        "discover": "https://www.kickstarter.com/discover/places/surrey-gb",
        "location": "https://www.kickstarter.com/locations/surrey-gb"
      }
    }
  },
  "name": "EMBER wear Ski and Snow Sport Heated Gloves and Mittens",
  "photo": {
    "1024x576": "https://ksr-ugc.imgix.net/assets/012/306/198/7280611bcd90a1f6c1cd2c35144a3f8a_original.jpg?w=1024&h=576&fit=fill&bg=000000&v=1463754974&auto=format&q=92&s=1db0ead11c8962341ffc1d2dc571a50a",
    "1536x864": "https://ksr-ugc.imgix.net/assets/012/306/198/7280611bcd90a1f6c1cd2c35144a3f8a_original.jpg?w=1536&h=864&fit=fill&bg=000000&v=1463754974&auto=format&q=92&s=7e299c032445f300d95502b098c8de3f",
    "ed": "https://ksr-ugc.imgix.net/assets/012/306/198/7280611bcd90a1f6c1cd2c35144a3f8a_original.jpg?w=338&h=190&fit=fill&bg=000000&v=1463754974&auto=format&q=92&s=6143f2d379c161af93605aaaf1c64ae6",
    "full": "https://ksr-ugc.imgix.net/assets/012/306/198/7280611bcd90a1f6c1cd2c35144a3f8a_original.jpg?w=560&h=315&fit=fill&bg=000000&v=1463754974&auto=format&q=92&s=5b71f19feccf440f132e1b9dd153b9e6",
    "key": "assets/012/306/198/7280611bcd90a1f6c1cd2c35144a3f8a_original.jpg",
    "little": "https://ksr-ugc.imgix.net/assets/012/306/198/7280611bcd90a1f6c1cd2c35144a3f8a_original.jpg?w=200&h=112&fit=fill&bg=000000&v=1463754974&auto=format&q=92&s=04baf4f804743ea991458eb764ed162c",
    "med": "https://ksr-ugc.imgix.net/assets/012/306/198/7280611bcd90a1f6c1cd2c35144a3f8a_original.jpg?w=266&h=150&fit=fill&bg=000000&v=1463754974&auto=format&q=92&s=61c1b6a2690a3e1a6abcd47da07c092f",
    "small": "https://ksr-ugc.imgix.net/assets/012/306/198/7280611bcd90a1f6c1cd2c35144a3f8a_original.jpg?w=160&h=90&fit=fill&bg=000000&v=1463754974&auto=format&q=92&s=5b609eb49cfcc70b62060c8a1d8eedb7",
    "thumb": "https://ksr-ugc.imgix.net/assets/012/306/198/7280611bcd90a1f6c1cd2c35144a3f8a_original.jpg?w=40&h=22&fit=fill&bg=000000&v=1463754974&auto=format&q=92&s=04e64f8a205270b96cdbac4a183e34dc"
  },
  "pledged": 2550.0,
  "profile": {
    "background_color": null,
    "background_image_opacity": 0.8,
    "blurb": null,
    "feature_image_attributes": {
      "image_urls": {
        "baseball_card": "https://ksr-ugc.imgix.net/assets/012/306/198/7280611bcd90a1f6c1cd2c35144a3f8a_original.jpg?w=1552&h=873&fit=fill&bg=000000&v=1463754974&auto=format&q=92&s=0fcd171d87646aa73bc4adab29b2608f",
        "default": "https://ksr-ugc.imgix.net/assets/012/306/198/7280611bcd90a1f6c1cd2c35144a3f8a_original.jpg?w=1552&h=873&fit=fill&bg=000000&v=1463754974&auto=format&q=92&s=0fcd171d87646aa73bc4adab29b2608f"
      }
    },
    "id": 2225748,
    "link_background_color": null,
    "link_text": null,
    "link_text_color": null,
    "link_url": null,
    "name": null,
    "project_id": 2225748,
    "should_show_feature_image_section": true,
    "show_feature_image": false,
    "state": "inactive",
    "state_changed_at": 1447358738,
    "text_color": null
  },
  "slug": "ember-wear-ski-and-snow-sport-heated-gloves-and-mi",
  "spotlight": false,
  "staff_pick": false,
  "state": "failed",
  "state_changed_at": 1452384000,
  "static_usd_rate": 1.52350076,
  "urls": {
    "web": {
      "project": "https://www.kickstarter.com/projects/497853025/ember-wear-ski-and-snow-sport-heated-gloves-and-mi?ref=category_newest",
      "rewards": "https://www.kickstarter.com/projects/497853025/ember-wear-ski-and-snow-sport-heated-gloves-and-mi/rewards"
    }
  },
  "usd_pledged": "3884.926938"
}