{
  "backers_count": 0,
  "blurb": "Update your shift start information and have it available to your team members & mgrs.  Complete all daily ops and upload action items!",
  "category": {
    "color": 6526716,
    "id": 332,
    "name": "Apps",
    "parent_id": 16,
    "position": 2,
    "slug": "technology/apps",
    "urls": {
      "web": {
        "discover": "http://www.kickstarter.com/discover/categories/technology/apps"
      }
    }
  },
  "country": "US",
  "created_at": 1459882548,
  "creator": {
    "avatar": {
      "medium": "https://ksr-ugc.imgix.net/assets/010/992/823/34fc805a436e9d63d60049982e031140_original.JPG?w=160&h=160&fit=crop&v=1461725205&auto=format&q=92&s=4d39af3c180dc3928770ed96d1eae77e",
      "small": "https://ksr-ugc.imgix.net/assets/010/992/823/34fc805a436e9d63d60049982e031140_original.JPG?w=160&h=160&fit=crop&v=1461725205&auto=format&q=92&s=4d39af3c180dc3928770ed96d1eae77e",
      "thumb": "https://ksr-ugc.imgix.net/assets/010/992/823/34fc805a436e9d63d60049982e031140_original.JPG?w=40&h=40&fit=crop&v=1461725205&auto=format&q=92&s=d73219f45143f0f38cdc291f65751820"
    },
    "id": 1758965762,
    "name": "Justin Smith",
    "urls": {
      "api": {
        "user": "https://api.kickstarter.com/v1/users/1758965762?signature=1488679185.bf84d191746ff4e22dd38473d1cd1e14d5b38813"
      },
      "web": {
        "user": "https://www.kickstarter.com/profile/1758965762"
      }
    }
  },
  "currency": "USD",
  "currency_symbol": "$",
  "currency_trailing_code": true,
  "deadline": 1462652268,
  "disable_communication": false,
  "goal": 100000.0,
  "id": 1014876408,
  "launched_at": 1460060268,
  "location": {
    "country": "US",
    "displayable_name": "Bradenton, FL",
    "id": 2367825,
    "is_root": false,
    "name": "Bradenton",
    "short_name": "Bradenton, FL",
    "slug": "bradenton-fl",
    "state": "FL",
    "type": "Town",
    "urls": {
      "api": {
        "nearby_projects": "https://api.kickstarter.com/v1/discover?signature=1488668454.6cf5c324aad8d29ed34a66d0086f094f1048ee27&woe_id=2367825"
      },
      "web": {
        "discover": "https://www.kickstarter.com/discover/places/bradenton-fl",
        "location": "https://www.kickstarter.com/locations/bradenton-fl"
      }
    }
  },
  "name": "Paperless Daily Operations & Jumpstart App/Portal",
  "photo": {
    "1024x576": "https://ksr-ugc.imgix.net/assets/012/422/891/2752b2cd92ef778e6ab22ec2aa881869_original.JPG?w=1024&h=576&fit=fill&bg=FFFF9D&v=1463760471&auto=format&q=92&s=da4a024d8c53f1b491a0408844bf734f",
    "1536x864": "https://ksr-ugc.imgix.net/assets/012/422/891/2752b2cd92ef778e6ab22ec2aa881869_original.JPG?w=1536&h=864&fit=fill&bg=FFFF9D&v=1463760471&auto=format&q=92&s=2c958cfd57fc4701048dd4fcc3c12777",
    "ed": "https://ksr-ugc.imgix.net/assets/012/422/891/2752b2cd92ef778e6ab22ec2aa881869_original.JPG?w=338&h=190&fit=fill&bg=FFFF9D&v=1463760471&auto=format&q=92&s=ddd40a3c8c9dc9c99cd9dc234ae77df1",
    "full": "https://ksr-ugc.imgix.net/assets/012/422/891/2752b2cd92ef778e6ab22ec2aa881869_original.JPG?w=560&h=315&fit=fill&bg=FFFF9D&v=1463760471&auto=format&q=92&s=7a8b5a798d5c92f6c6ba9d20f0fa3cfd",
    "key": "assets/012/422/891/2752b2cd92ef778e6ab22ec2aa881869_original.JPG",
    "little": "https://ksr-ugc.imgix.net/assets/012/422/891/2752b2cd92ef778e6ab22ec2aa881869_original.JPG?w=200&h=112&fit=fill&bg=FFFF9D&v=1463760471&auto=format&q=92&s=32a3b3a14ae3ee8f37a71ce1722afa22",
    "med": "https://ksr-ugc.imgix.net/assets/012/422/891/2752b2cd92ef778e6ab22ec2aa881869_original.JPG?w=266&h=150&fit=fill&bg=FFFF9D&v=1463760471&auto=format&q=92&s=3b270ac192f18869177837dc675e1578",
    "small": "https://ksr-ugc.imgix.net/assets/012/422/891/2752b2cd92ef778e6ab22ec2aa881869_original.JPG?w=160&h=90&fit=fill&bg=FFFF9D&v=1463760471&auto=format&q=92&s=1d2f1d96e1f32bc30abb589e7889e0d3",
    "thumb": "https://ksr-ugc.imgix.net/assets/012/422/891/2752b2cd92ef778e6ab22ec2aa881869_original.JPG?w=40&h=22&fit=fill&bg=FFFF9D&v=1463760471&auto=format&q=92&s=fb21ebdeb85c12a45fe14a6aebd9714d"
  },
  "pledged": 0.0,
  "profile": {
    "background_color": null,
    "background_image_opacity": 0.8,
    "blurb": null,
    "feature_image_attributes": {
      "image_urls": {
        "baseball_card": "https://ksr-ugc.imgix.net/assets/012/422/891/2752b2cd92ef778e6ab22ec2aa881869_original.JPG?w=1552&h=873&fit=fill&bg=FFFF9D&v=1463760471&auto=format&q=92&s=3d4d53f66cebe5dd754698ae60e7b74d",
        "default": "https://ksr-ugc.imgix.net/assets/012/422/891/2752b2cd92ef778e6ab22ec2aa881869_original.JPG?w=1552&h=873&fit=fill&bg=FFFF9D&v=1463760471&auto=format&q=92&s=3d4d53f66cebe5dd754698ae60e7b74d"
      }
    },
    "id": 2456832,
    "link_background_color": null,
    "link_text": null,
    "link_text_color": null,
    "link_url": null,
    "name": null,
    "project_id": 2456832,
    "should_show_feature_image_section": true,
    "show_feature_image": false,
    "state": "inactive",
    "state_changed_at": 1459882548,
    "text_color": null
  },
  "slug": "paperless-daily-operations-and-jumpstart-app-porta",
  "spotlight": false,
  "staff_pick": false,
  "state": "failed",
  "state_changed_at": 1462652268,
  "static_usd_rate": 1.0,
  "urls": {
    "web": {
      "project": "https://www.kickstarter.com/projects/1758965762/paperless-daily-operations-and-jumpstart-app-porta?ref=category_newest",
      "rewards": "https://www.kickstarter.com/projects/1758965762/paperless-daily-operations-and-jumpstart-app-porta/rewards"
    }
  },
  "usd_pledged": "0.0"
}