{
  "backers_count": 6,
  "blurb": "Shop Pockets\u00ae Utility Tool Vest. The most comfortable way to carry your tools!  Attach your tool pouches to our vest. Get yours now!",
  "category": {
    "color": 6526716,
    "id": 341,
    "name": "Wearables",
    "parent_id": 16,
    "position": 14,
    "slug": "technology/wearables",
    "urls": {
      "web": {
        "discover": "http://www.kickstarter.com/discover/categories/technology/wearables"
      }
    }
  },
  "country": "US",
  "created_at": 1415576958,
  "creator": {
    "avatar": {
      "medium": "https://ksr-ugc.imgix.net/assets/009/332/365/caa179105cfd1751a46aef012346364a_original.jpg?w=160&h=160&fit=crop&v=1461581285&auto=format&q=92&s=0c94bb428fed6976e2a9d5b73a62104f",
      "small": "https://ksr-ugc.imgix.net/assets/009/332/365/caa179105cfd1751a46aef012346364a_original.jpg?w=160&h=160&fit=crop&v=1461581285&auto=format&q=92&s=0c94bb428fed6976e2a9d5b73a62104f",
      "thumb": "https://ksr-ugc.imgix.net/assets/009/332/365/caa179105cfd1751a46aef012346364a_original.jpg?w=40&h=40&fit=crop&v=1461581285&auto=format&q=92&s=b1828c439661a1158781dca6538d850e"
    },
    "id": 1019974750,
    "name": "Michael Frank",
    "slug": "shoppockets",
    "urls": {
      "api": {
        "user": "https://api.kickstarter.com/v1/users/1019974750?signature=1488680593.e27beee21175dd8a1339359acbe5ad9f6d156b2e"
      },
      "web": {
        "user": "https://www.kickstarter.com/profile/shoppockets"
      }
    }
  },
  "currency": "USD",
  "currency_symbol": "$",
  "currency_trailing_code": true,
  "deadline": 1430745450,
  "disable_communication": false,
  "goal": 50000.0,
  "id": 101534073,
  "launched_at": 1427721450,
  "location": {
    "country": "US",
    "displayable_name": "Madison, WI",
    "id": 2443945,
    "is_root": false,
    "name": "Madison",
    "short_name": "Madison, WI",
    "slug": "madison-wi",
    "state": "WI",
    "type": "Town",
    "urls": {
      "api": {
        "nearby_projects": "https://api.kickstarter.com/v1/discover?signature=1488668421.edc76c388b574ca897cf45eddc5f581dad02fbfa&woe_id=2443945"
      },
      "web": {
        "discover": "https://www.kickstarter.com/discover/places/madison-wi",
        "location": "https://www.kickstarter.com/locations/madison-wi"
      }
    }
  },
  "name": "Shop Pockets Utility Tool Vest - Change the way you work!",
  "photo": {
    "1024x576": "https://ksr-ugc.imgix.net/assets/011/939/531/2bb4e5f5f5a9f6d6564c0ea0451b270a_original.jpg?w=1024&h=576&fit=fill&bg=000000&v=1463718358&auto=format&q=92&s=2b25370840d488d846d63c3c55a7dd9a",
    "1536x864": "https://ksr-ugc.imgix.net/assets/011/939/531/2bb4e5f5f5a9f6d6564c0ea0451b270a_original.jpg?w=1536&h=864&fit=fill&bg=000000&v=1463718358&auto=format&q=92&s=930cb671a0564bf9d4d6fc45cb90dfbe",
    "ed": "https://ksr-ugc.imgix.net/assets/011/939/531/2bb4e5f5f5a9f6d6564c0ea0451b270a_original.jpg?w=338&h=190&fit=fill&bg=000000&v=1463718358&auto=format&q=92&s=02329d7a048ca68a65e8dc387afb0a65",
    "full": "https://ksr-ugc.imgix.net/assets/011/939/531/2bb4e5f5f5a9f6d6564c0ea0451b270a_original.jpg?w=560&h=315&fit=fill&bg=000000&v=1463718358&auto=format&q=92&s=c4332d2d6a135983d2e0d9a74d421999",
    "key": "assets/011/939/531/2bb4e5f5f5a9f6d6564c0ea0451b270a_original.jpg",
    "little": "https://ksr-ugc.imgix.net/assets/011/939/531/2bb4e5f5f5a9f6d6564c0ea0451b270a_original.jpg?w=200&h=112&fit=fill&bg=000000&v=1463718358&auto=format&q=92&s=e3429f1382c8393475cf7cc5c4207d80",
    "med": "https://ksr-ugc.imgix.net/assets/011/939/531/2bb4e5f5f5a9f6d6564c0ea0451b270a_original.jpg?w=266&h=150&fit=fill&bg=000000&v=1463718358&auto=format&q=92&s=fc8fc09874f1fb40dababa90046e1dc4",
    "small": "https://ksr-ugc.imgix.net/assets/011/939/531/2bb4e5f5f5a9f6d6564c0ea0451b270a_original.jpg?w=160&h=90&fit=fill&bg=000000&v=1463718358&auto=format&q=92&s=94a97c0557fedbd2a39adb839b30c164",
    "thumb": "https://ksr-ugc.imgix.net/assets/011/939/531/2bb4e5f5f5a9f6d6564c0ea0451b270a_original.jpg?w=40&h=22&fit=fill&bg=000000&v=1463718358&auto=format&q=92&s=bcf6148fe736629b9c76015a375ce64b"
  },
  "pledged": 806.0,
  "profile": {
    "background_color": null,
    "background_image_opacity": 0.8,
    "blurb": null,
    "feature_image_attributes": {
      "image_urls": {
        "baseball_card": "https://ksr-ugc.imgix.net/assets/011/939/531/2bb4e5f5f5a9f6d6564c0ea0451b270a_original.jpg?w=1552&h=873&fit=fill&bg=000000&v=1463718358&auto=format&q=92&s=402d2bf2da70b443451555cd28993920",
        "default": "https://ksr-ugc.imgix.net/assets/011/939/531/2bb4e5f5f5a9f6d6564c0ea0451b270a_original.jpg?w=1552&h=873&fit=fill&bg=000000&v=1463718358&auto=format&q=92&s=402d2bf2da70b443451555cd28993920"
      }
    },
    "id": 1503487,
    "link_background_color": null,
    "link_text": null,
    "link_text_color": null,
    "link_url": null,
    "name": null,
    "project_id": 1503487,
    "should_show_feature_image_section": true,
    "show_feature_image": false,
    "state": "inactive",
    "state_changed_at": 1425915882,
    "text_color": null
  },
  "slug": "shop-pockets-utility-tool-vest-change-the-way-you",
  "spotlight": false,
  "staff_pick": false,
  "state": "failed",
  "state_changed_at": 1430745454,
  "static_usd_rate": 1.0,
  "urls": {
    "web": {
      "project": "https://www.kickstarter.com/projects/shoppockets/shop-pockets-utility-tool-vest-change-the-way-you?ref=category_newest",
      "rewards": "https://www.kickstarter.com/projects/shoppockets/shop-pockets-utility-tool-vest-change-the-way-you/rewards"
    }
  },
  "usd_pledged": "806.0"
}