{
  "backers_count": 27,
  "blurb": "I'd like to create an app to establish a peer to peer relationship between students and professors to study for exams",
  "category": {
    "color": 6526716,
    "id": 332,
    "name": "Apps",
    "parent_id": 16,
    "position": 2,
    "slug": "technology/apps",
    "urls": {
      "web": {
        "discover": "http://www.kickstarter.com/discover/categories/technology/apps"
      }
    }
  },
  "country": "IT",
  "created_at": 1435089657,
  "creator": {
    "avatar": {
      "medium": "https://ksr-ugc.imgix.net/assets/010/054/267/c7c9d75d7b1a12e7e0d9496ffd1f5487_original.jpg?w=160&h=160&fit=crop&v=1461664479&auto=format&q=92&s=9621f3c76c3e76e0193a78cc50f1dfed",
      "small": "https://ksr-ugc.imgix.net/assets/010/054/267/c7c9d75d7b1a12e7e0d9496ffd1f5487_original.jpg?w=160&h=160&fit=crop&v=1461664479&auto=format&q=92&s=9621f3c76c3e76e0193a78cc50f1dfed",
      "thumb": "https://ksr-ugc.imgix.net/assets/010/054/267/c7c9d75d7b1a12e7e0d9496ffd1f5487_original.jpg?w=40&h=40&fit=crop&v=1461664479&auto=format&q=92&s=3d6f0fa8aad16277d302084e31661ffa"
    },
    "id": 924638290,
    "name": "Ginevra",
    "urls": {
      "api": {
        "user": "https://api.kickstarter.com/v1/users/924638290?signature=1488679050.40cdad2017f69a353fecf3c47fcaadf1513b1376"
      },
      "web": {
        "user": "https://www.kickstarter.com/profile/924638290"
      }
    }
  },
  "currency": "EUR",
  "currency_symbol": "\u20ac",
  "currency_trailing_code": false,
  "deadline": 1440340196,
  "disable_communication": false,
  "goal": 4000.0,
  "id": 1015500034,
  "launched_at": 1435156196,
  "location": {
    "country": "IT",
    "displayable_name": "Perugia, Italy",
    "id": 720187,
    "is_root": false,
    "name": "Perugia",
    "short_name": "Perugia, Italy",
    "slug": "perugia-perugia-umbria",
    "state": "Umbria",
    "type": "Town",
    "urls": {
      "api": {
        "nearby_projects": "https://api.kickstarter.com/v1/discover?signature=1488671325.85ccd4faabec7ab5d77285c340790dc55958b506&woe_id=720187"
      },
      "web": {
        "discover": "https://www.kickstarter.com/discover/places/perugia-perugia-umbria",
        "location": "https://www.kickstarter.com/locations/perugia-perugia-umbria"
      }
    }
  },
  "name": "University thesis on social innovation (app creation)",
  "photo": {
    "1024x576": "https://ksr-ugc.imgix.net/assets/012/177/121/87a4945590a79f5c787846aaed0b33f6_original.jpg?w=1024&h=576&fit=fill&bg=000000&v=1463739635&auto=format&q=92&s=80332691ada357fd55cd7edf4d4191fa",
    "1536x864": "https://ksr-ugc.imgix.net/assets/012/177/121/87a4945590a79f5c787846aaed0b33f6_original.jpg?w=1536&h=864&fit=fill&bg=000000&v=1463739635&auto=format&q=92&s=72c74336f6d7bed249d2295ee7c73d7d",
    "ed": "https://ksr-ugc.imgix.net/assets/012/177/121/87a4945590a79f5c787846aaed0b33f6_original.jpg?w=338&h=190&fit=fill&bg=000000&v=1463739635&auto=format&q=92&s=2d8719d6567ffd7323e81242d4afb54b",
    "full": "https://ksr-ugc.imgix.net/assets/012/177/121/87a4945590a79f5c787846aaed0b33f6_original.jpg?w=560&h=315&fit=fill&bg=000000&v=1463739635&auto=format&q=92&s=a684f87692ce9792104c8978c9c20803",
    "key": "assets/012/177/121/87a4945590a79f5c787846aaed0b33f6_original.jpg",
    "little": "https://ksr-ugc.imgix.net/assets/012/177/121/87a4945590a79f5c787846aaed0b33f6_original.jpg?w=200&h=112&fit=fill&bg=000000&v=1463739635&auto=format&q=92&s=51949463a57dc460bd64054593509d73",
    "med": "https://ksr-ugc.imgix.net/assets/012/177/121/87a4945590a79f5c787846aaed0b33f6_original.jpg?w=266&h=150&fit=fill&bg=000000&v=1463739635&auto=format&q=92&s=73eb1f37aac27acb71fb819b775e7c03",
    "small": "https://ksr-ugc.imgix.net/assets/012/177/121/87a4945590a79f5c787846aaed0b33f6_original.jpg?w=160&h=90&fit=fill&bg=000000&v=1463739635&auto=format&q=92&s=3b34f82c610f251b433546cf5519c23c",
    "thumb": "https://ksr-ugc.imgix.net/assets/012/177/121/87a4945590a79f5c787846aaed0b33f6_original.jpg?w=40&h=22&fit=fill&bg=000000&v=1463739635&auto=format&q=92&s=8f484140f9b954f9748072e82f4a6050"
  },
  "pledged": 147.0,
  "profile": {
    "background_color": null,
    "background_image_opacity": 0.8,
    "blurb": null,
    "feature_image_attributes": {
      "image_urls": {
        "baseball_card": "https://ksr-ugc.imgix.net/assets/012/177/121/87a4945590a79f5c787846aaed0b33f6_original.jpg?w=1552&h=873&fit=fill&bg=000000&v=1463739635&auto=format&q=92&s=7ecb73ac1a24330199d1bbae18b0637b",
        "default": "https://ksr-ugc.imgix.net/assets/012/177/121/87a4945590a79f5c787846aaed0b33f6_original.jpg?w=1552&h=873&fit=fill&bg=000000&v=1463739635&auto=format&q=92&s=7ecb73ac1a24330199d1bbae18b0637b"
      }
    },
    "id": 1977169,
    "link_background_color": null,
    "link_text": null,
    "link_text_color": null,
    "link_url": null,
    "name": null,
    "project_id": 1977169,
    "should_show_feature_image_section": true,
    "show_feature_image": false,
    "state": "inactive",
    "state_changed_at": 1435089657,
    "text_color": null
  },
  "slug": "university-thesis-on-social-innovation-app-creatio",
  "spotlight": false,
  "staff_pick": false,
  "state": "failed",
  "state_changed_at": 1440340213,
  "static_usd_rate": 1.12839562,
  "urls": {
    "web": {
      "project": "https://www.kickstarter.com/projects/924638290/university-thesis-on-social-innovation-app-creatio?ref=category_newest",
      "rewards": "https://www.kickstarter.com/projects/924638290/university-thesis-on-social-innovation-app-creatio/rewards"
    }
  },
  "usd_pledged": "165.87415614"
}