{
  "backers_count": 2,
  "blurb": "I'm making a super-bright LED hula hoop with 36 full color LEDs capable of thousands of patterns. LED hooping fun for kids of all ages!",
  "category": {
    "color": 6526716,
    "id": 52,
    "name": "Hardware",
    "parent_id": 16,
    "position": 8,
    "slug": "technology/hardware",
    "urls": {
      "web": {
        "discover": "http://www.kickstarter.com/discover/categories/technology/hardware"
      }
    }
  },
  "country": "US",
  "created_at": 1365259038,
  "creator": {
    "avatar": {
      "medium": "https://ksr-ugc.imgix.net/assets/007/450/576/76a61372959b6b0d43aa52999a345469_original.jpg?w=160&h=160&fit=crop&v=1461458129&auto=format&q=92&s=08d7feb4c1f819dfa02441f6e38c86b5",
      "small": "https://ksr-ugc.imgix.net/assets/007/450/576/76a61372959b6b0d43aa52999a345469_original.jpg?w=160&h=160&fit=crop&v=1461458129&auto=format&q=92&s=08d7feb4c1f819dfa02441f6e38c86b5",
      "thumb": "https://ksr-ugc.imgix.net/assets/007/450/576/76a61372959b6b0d43aa52999a345469_original.jpg?w=40&h=40&fit=crop&v=1461458129&auto=format&q=92&s=fae6418fbb78a2733143cfb2bad4f32e"
    },
    "id": 994514361,
    "name": "Sean Alan Weyers",
    "urls": {
      "api": {
        "user": "https://api.kickstarter.com/v1/users/994514361?signature=1488679865.9ce25f0f8d561a50cae2668149245ca44f5fceee"
      },
      "web": {
        "user": "https://www.kickstarter.com/profile/994514361"
      }
    }
  },
  "currency": "USD",
  "currency_symbol": "$",
  "currency_trailing_code": true,
  "deadline": 1369408450,
  "disable_communication": false,
  "goal": 6000.0,
  "id": 1015751005,
  "launched_at": 1366816450,
  "location": {
    "country": "US",
    "displayable_name": "Blacksburg, VA",
    "id": 2365044,
    "is_root": false,
    "name": "Blacksburg",
    "short_name": "Blacksburg, VA",
    "slug": "blacksburg-montgomery-va",
    "state": "VA",
    "type": "Town",
    "urls": {
      "api": {
        "nearby_projects": "https://api.kickstarter.com/v1/discover?signature=1488668579.84ae764441a1213ec40788753c8136639e35fdb2&woe_id=2365044"
      },
      "web": {
        "discover": "https://www.kickstarter.com/discover/places/blacksburg-montgomery-va",
        "location": "https://www.kickstarter.com/locations/blacksburg-montgomery-va"
      }
    }
  },
  "name": "Shiny Fun LED Hula Hoops!!!",
  "photo": {
    "1024x576": "https://ksr-ugc.imgix.net/assets/011/504/863/7d44eb29c92cc2b0215bd4bb47b017eb_original.jpg?w=1024&h=576&fit=fill&bg=000000&v=1463683700&auto=format&q=92&s=008d21ac365732ed9c4ad4b03f70f3f5",
    "1536x864": "https://ksr-ugc.imgix.net/assets/011/504/863/7d44eb29c92cc2b0215bd4bb47b017eb_original.jpg?w=1536&h=864&fit=fill&bg=000000&v=1463683700&auto=format&q=92&s=39599932ddb5adea6bc42c04aa2afce2",
    "ed": "https://ksr-ugc.imgix.net/assets/011/504/863/7d44eb29c92cc2b0215bd4bb47b017eb_original.jpg?w=338&h=190&fit=fill&bg=000000&v=1463683700&auto=format&q=92&s=60a52fc5c94a22a1399393d642407da1",
    "full": "https://ksr-ugc.imgix.net/assets/011/504/863/7d44eb29c92cc2b0215bd4bb47b017eb_original.jpg?w=560&h=315&fit=fill&bg=000000&v=1463683700&auto=format&q=92&s=f46c2838777e77f6aab7f35ece595603",
    "key": "assets/011/504/863/7d44eb29c92cc2b0215bd4bb47b017eb_original.jpg",
    "little": "https://ksr-ugc.imgix.net/assets/011/504/863/7d44eb29c92cc2b0215bd4bb47b017eb_original.jpg?w=200&h=112&fit=fill&bg=000000&v=1463683700&auto=format&q=92&s=5773bf95aa68c406f20c5c73bfd66cb4",
    "med": "https://ksr-ugc.imgix.net/assets/011/504/863/7d44eb29c92cc2b0215bd4bb47b017eb_original.jpg?w=266&h=150&fit=fill&bg=000000&v=1463683700&auto=format&q=92&s=7632f4fc8f719879249035bcefbe540d",
    "small": "https://ksr-ugc.imgix.net/assets/011/504/863/7d44eb29c92cc2b0215bd4bb47b017eb_original.jpg?w=160&h=90&fit=fill&bg=000000&v=1463683700&auto=format&q=92&s=6cf85e6012b0b1ee7c35e78a7a7b8d5f",
    "thumb": "https://ksr-ugc.imgix.net/assets/011/504/863/7d44eb29c92cc2b0215bd4bb47b017eb_original.jpg?w=40&h=22&fit=fill&bg=000000&v=1463683700&auto=format&q=92&s=839dbb8e070c87e62b4d0a1eb0c1c618"
  },
  "pledged": 550.0,
  "profile": {
    "background_color": null,
    "background_image_opacity": 0.8,
    "blurb": null,
    "feature_image_attributes": {
      "image_urls": {
        "baseball_card": "https://ksr-ugc.imgix.net/assets/011/504/863/7d44eb29c92cc2b0215bd4bb47b017eb_original.jpg?w=1552&h=873&fit=fill&bg=000000&v=1463683700&auto=format&q=92&s=76e9e4595d8d380ac461f4a033684ab4",
        "default": "https://ksr-ugc.imgix.net/assets/011/504/863/7d44eb29c92cc2b0215bd4bb47b017eb_original.jpg?w=1552&h=873&fit=fill&bg=000000&v=1463683700&auto=format&q=92&s=76e9e4595d8d380ac461f4a033684ab4"
      }
    },
    "id": 527025,
    "link_background_color": null,
    "link_text": null,
    "link_text_color": null,
    "link_url": null,
    "name": null,
    "project_id": 527025,
    "should_show_feature_image_section": true,
    "show_feature_image": false,
    "state": "inactive",
    "state_changed_at": 1425915828,
    "text_color": null
  },
  "slug": "shiny-fun-led-hula-hoops",
  "spotlight": false,
  "staff_pick": false,
  "state": "failed",
  "state_changed_at": 1369408450,
  "static_usd_rate": 1.0,
  "urls": {
    "web": {
      "project": "https://www.kickstarter.com/projects/994514361/shiny-fun-led-hula-hoops?ref=category_newest",
      "rewards": "https://www.kickstarter.com/projects/994514361/shiny-fun-led-hula-hoops/rewards"
    }
  },
  "usd_pledged": "550.0"
}