{
  "backers_count": 0,
  "blurb": "SaaS analytic platform for IT-Business Intelligence.Visualize, Analyze and Optimize IT based on integrated set of analytics using Orion",
  "category": {
    "color": 6526716,
    "id": 51,
    "name": "Software",
    "parent_id": 16,
    "position": 11,
    "slug": "technology/software",
    "urls": {
      "web": {
        "discover": "http://www.kickstarter.com/discover/categories/technology/software"
      }
    }
  },
  "country": "US",
  "created_at": 1423928690,
  "creator": {
    "avatar": {
      "medium": "https://ksr-ugc.imgix.net/assets/008/448/100/2a9833fd2a4d29433fca8ed7281a320f_original.png?w=160&h=160&fit=crop&v=1461524687&auto=format&q=92&s=623a17f1d3ac5e2572e677e0c5fd3278",
      "small": "https://ksr-ugc.imgix.net/assets/008/448/100/2a9833fd2a4d29433fca8ed7281a320f_original.png?w=160&h=160&fit=crop&v=1461524687&auto=format&q=92&s=623a17f1d3ac5e2572e677e0c5fd3278",
      "thumb": "https://ksr-ugc.imgix.net/assets/008/448/100/2a9833fd2a4d29433fca8ed7281a320f_original.png?w=40&h=40&fit=crop&v=1461524687&auto=format&q=92&s=8b212c345400bfecbe7b7f0bacbe3bd4"
    },
    "id": 1135243116,
    "name": "Asim Akram",
    "urls": {
      "api": {
        "user": "https://api.kickstarter.com/v1/users/1135243116?signature=1488680313.0bc367ea606213bfb9dcbd2e554a25f331f3f724"
      },
      "web": {
        "user": "https://www.kickstarter.com/profile/1135243116"
      }
    }
  },
  "currency": "USD",
  "currency_symbol": "$",
  "currency_trailing_code": true,
  "deadline": 1433620528,
  "disable_communication": false,
  "goal": 250000.0,
  "id": 1015743282,
  "launched_at": 1431028528,
  "location": {
    "country": "US",
    "displayable_name": "New York, NY",
    "id": 2459115,
    "is_root": false,
    "name": "New York",
    "short_name": "New York, NY",
    "slug": "new-york-ny",
    "state": "NY",
    "type": "Town",
    "urls": {
      "api": {
        "nearby_projects": "https://api.kickstarter.com/v1/discover?signature=1488668416.4a5cf0584ddb5da1f95165e7ee4794c1fb4d8cd4&woe_id=2459115"
      },
      "web": {
        "discover": "https://www.kickstarter.com/discover/places/new-york-ny",
        "location": "https://www.kickstarter.com/locations/new-york-ny"
      }
    }
  },
  "name": "IT-Business Analytics Platform",
  "photo": {
    "1024x576": "https://ksr-ugc.imgix.net/assets/012/036/971/2f046bee8b2c9eecf4adbd054cb2f253_original.jpg?w=1024&h=576&fit=fill&bg=000000&v=1463726155&auto=format&q=92&s=865f2e6c4f5a7eebdae420dce6ed1157",
    "1536x864": "https://ksr-ugc.imgix.net/assets/012/036/971/2f046bee8b2c9eecf4adbd054cb2f253_original.jpg?w=1536&h=864&fit=fill&bg=000000&v=1463726155&auto=format&q=92&s=aeecce0920e5fd8f47cfc867b8321cf7",
    "ed": "https://ksr-ugc.imgix.net/assets/012/036/971/2f046bee8b2c9eecf4adbd054cb2f253_original.jpg?w=338&h=190&fit=fill&bg=000000&v=1463726155&auto=format&q=92&s=b7a0fb4b4b7400358f0aa7ade4e388c2",
    "full": "https://ksr-ugc.imgix.net/assets/012/036/971/2f046bee8b2c9eecf4adbd054cb2f253_original.jpg?w=560&h=315&fit=fill&bg=000000&v=1463726155&auto=format&q=92&s=0cf5266b0d74f0aac2b13bdf03690d5b",
    "key": "assets/012/036/971/2f046bee8b2c9eecf4adbd054cb2f253_original.jpg",
    "little": "https://ksr-ugc.imgix.net/assets/012/036/971/2f046bee8b2c9eecf4adbd054cb2f253_original.jpg?w=200&h=112&fit=fill&bg=000000&v=1463726155&auto=format&q=92&s=e0b6e23631fe98df6f1d8e2dfcebc5bc",
    "med": "https://ksr-ugc.imgix.net/assets/012/036/971/2f046bee8b2c9eecf4adbd054cb2f253_original.jpg?w=266&h=150&fit=fill&bg=000000&v=1463726155&auto=format&q=92&s=e6741c9c8e81e82d79addf630dd43078",
    "small": "https://ksr-ugc.imgix.net/assets/012/036/971/2f046bee8b2c9eecf4adbd054cb2f253_original.jpg?w=160&h=90&fit=fill&bg=000000&v=1463726155&auto=format&q=92&s=8a540a08e3cc729bec570e8a1653cbb6",
    "thumb": "https://ksr-ugc.imgix.net/assets/012/036/971/2f046bee8b2c9eecf4adbd054cb2f253_original.jpg?w=40&h=22&fit=fill&bg=000000&v=1463726155&auto=format&q=92&s=dfd8ae7c493ae4e19a610ba4482b5738"
  },
  "pledged": 0.0,
  "profile": {
    "background_color": null,
    "background_image_opacity": 0.8,
    "blurb": null,
    "feature_image_attributes": {
      "image_urls": {
        "baseball_card": "https://ksr-ugc.imgix.net/assets/012/036/971/2f046bee8b2c9eecf4adbd054cb2f253_original.jpg?w=1552&h=873&fit=fill&bg=000000&v=1463726155&auto=format&q=92&s=b033bd8c9a2fd14da4f8055cf99079d4",
        "default": "https://ksr-ugc.imgix.net/assets/012/036/971/2f046bee8b2c9eecf4adbd054cb2f253_original.jpg?w=1552&h=873&fit=fill&bg=000000&v=1463726155&auto=format&q=92&s=b033bd8c9a2fd14da4f8055cf99079d4"
      }
    },
    "id": 1705415,
    "link_background_color": null,
    "link_text": null,
    "link_text_color": null,
    "link_url": null,
    "name": null,
    "project_id": 1705415,
    "should_show_feature_image_section": true,
    "show_feature_image": false,
    "state": "inactive",
    "state_changed_at": 1425915894,
    "text_color": null
  },
  "slug": "it-business-analytics-platform",
  "spotlight": false,
  "staff_pick": false,
  "state": "failed",
  "state_changed_at": 1433620529,
  "static_usd_rate": 1.0,
  "urls": {
    "web": {
      "project": "https://www.kickstarter.com/projects/1135243116/it-business-analytics-platform?ref=category_newest",
      "rewards": "https://www.kickstarter.com/projects/1135243116/it-business-analytics-platform/rewards"
    }
  },
  "usd_pledged": "0.0"
}