{
  "backers_count": 1,
  "blurb": "Building a drone that cleans stalls, paddocks, yards, etc. This will be a proof of concept to prove that this is a feasible product.",
  "category": {
    "color": 6526716,
    "id": 338,
    "name": "Robots",
    "parent_id": 16,
    "position": 10,
    "slug": "technology/robots",
    "urls": {
      "web": {
        "discover": "http://www.kickstarter.com/discover/categories/technology/robots"
      }
    }
  },
  "country": "US",
  "created_at": 1370186687,
  "creator": {
    "avatar": {
      "medium": "https://ksr-ugc.imgix.net/assets/007/644/767/ee12708715237abc535fb05eca9e3feb_original.jpg?w=160&h=160&fit=crop&v=1461469605&auto=format&q=92&s=4325583600df8937d61bb4e1f4301f4f",
      "small": "https://ksr-ugc.imgix.net/assets/007/644/767/ee12708715237abc535fb05eca9e3feb_original.jpg?w=160&h=160&fit=crop&v=1461469605&auto=format&q=92&s=4325583600df8937d61bb4e1f4301f4f",
      "thumb": "https://ksr-ugc.imgix.net/assets/007/644/767/ee12708715237abc535fb05eca9e3feb_original.jpg?w=40&h=40&fit=crop&v=1461469605&auto=format&q=92&s=40a68fcd7a19c5b795aef7c1fb7dbcae"
    },
    "id": 1227460164,
    "name": "Jeffrey Scott Hanson Jr. (Jack Hanson)",
    "urls": {
      "api": {
        "user": "https://api.kickstarter.com/v1/users/1227460164?signature=1488680120.985ac5af41c2446e4893331dc50aa4542b06161c"
      },
      "web": {
        "user": "https://www.kickstarter.com/profile/1227460164"
      }
    }
  },
  "currency": "USD",
  "currency_symbol": "$",
  "currency_trailing_code": true,
  "deadline": 1417289559,
  "disable_communication": false,
  "goal": 4000.0,
  "id": 101565627,
  "launched_at": 1414693959,
  "location": {
    "country": "US",
    "displayable_name": "Kingston, RI",
    "id": 2432791,
    "is_root": false,
    "name": "Kingston",
    "short_name": "Kingston, RI",
    "slug": "kingston-ri",
    "state": "RI",
    "type": "Town",
    "urls": {
      "api": {
        "nearby_projects": "https://api.kickstarter.com/v1/discover?signature=1488668790.bf92526548c600f45f84682117d7e8c57caa8f05&woe_id=2432791"
      },
      "web": {
        "discover": "https://www.kickstarter.com/discover/places/kingston-ri",
        "location": "https://www.kickstarter.com/locations/kingston-ri"
      }
    }
  },
  "name": "Ranch Hand Drone",
  "photo": {
    "1024x576": "https://ksr-ugc.imgix.net/assets/011/531/996/8250b6da824727b67cc7476387db649d_original.jpg?w=1024&h=576&fit=fill&bg=000000&v=1463684084&auto=format&q=92&s=8b51e4a6f448fc5e2286c95082b59f06",
    "1536x864": "https://ksr-ugc.imgix.net/assets/011/531/996/8250b6da824727b67cc7476387db649d_original.jpg?w=1536&h=864&fit=fill&bg=000000&v=1463684084&auto=format&q=92&s=f79663c852ac09743d681daf4c025d91",
    "ed": "https://ksr-ugc.imgix.net/assets/011/531/996/8250b6da824727b67cc7476387db649d_original.jpg?w=338&h=190&fit=fill&bg=000000&v=1463684084&auto=format&q=92&s=2e1f1a7ed122a99dcc2778a192df1288",
    "full": "https://ksr-ugc.imgix.net/assets/011/531/996/8250b6da824727b67cc7476387db649d_original.jpg?w=560&h=315&fit=fill&bg=000000&v=1463684084&auto=format&q=92&s=d32e26e9d3ba0b80288630ac74967116",
    "key": "assets/011/531/996/8250b6da824727b67cc7476387db649d_original.jpg",
    "little": "https://ksr-ugc.imgix.net/assets/011/531/996/8250b6da824727b67cc7476387db649d_original.jpg?w=200&h=112&fit=fill&bg=000000&v=1463684084&auto=format&q=92&s=7a0376f355f6ce00c23a4eb9a4a8bbd6",
    "med": "https://ksr-ugc.imgix.net/assets/011/531/996/8250b6da824727b67cc7476387db649d_original.jpg?w=266&h=150&fit=fill&bg=000000&v=1463684084&auto=format&q=92&s=2437f05ea07a098910026baf058ebd36",
    "small": "https://ksr-ugc.imgix.net/assets/011/531/996/8250b6da824727b67cc7476387db649d_original.jpg?w=160&h=90&fit=fill&bg=000000&v=1463684084&auto=format&q=92&s=7c96f6301fcf964f79d945f21ad35cab",
    "thumb": "https://ksr-ugc.imgix.net/assets/011/531/996/8250b6da824727b67cc7476387db649d_original.jpg?w=40&h=22&fit=fill&bg=000000&v=1463684084&auto=format&q=92&s=0da124fddbedee7c43e753a6f1213bf9"
  },
  "pledged": 1.0,
  "profile": {
    "background_color": null,
    "background_image_opacity": 0.8,
    "blurb": null,
    "feature_image_attributes": {
      "image_urls": {
        "baseball_card": "https://ksr-ugc.imgix.net/assets/011/531/996/8250b6da824727b67cc7476387db649d_original.jpg?w=1552&h=873&fit=fill&bg=000000&v=1463684084&auto=format&q=92&s=7e435a750424dfb1a879e9cf7095e219",
        "default": "https://ksr-ugc.imgix.net/assets/011/531/996/8250b6da824727b67cc7476387db649d_original.jpg?w=1552&h=873&fit=fill&bg=000000&v=1463684084&auto=format&q=92&s=7e435a750424dfb1a879e9cf7095e219"
      }
    },
    "id": 590413,
    "link_background_color": null,
    "link_text": null,
    "link_text_color": null,
    "link_url": null,
    "name": null,
    "project_id": 590413,
    "should_show_feature_image_section": true,
    "show_feature_image": false,
    "state": "inactive",
    "state_changed_at": 1425915832,
    "text_color": null
  },
  "slug": "ranch-hand-drone",
  "spotlight": false,
  "staff_pick": false,
  "state": "failed",
  "state_changed_at": 1417289560,
  "static_usd_rate": 1.0,
  "urls": {
    "web": {
      "project": "https://www.kickstarter.com/projects/1227460164/ranch-hand-drone?ref=category_newest",
      "rewards": "https://www.kickstarter.com/projects/1227460164/ranch-hand-drone/rewards"
    }
  },
  "usd_pledged": "1.0"
}