{
  "backers_count": 0,
  "blurb": "Project Onyx, Humans augmented with technology to fight the battles others won't. Humanity has finally united, but against what?",
  "category": {
    "color": 6526716,
    "id": 331,
    "name": "3D Printing",
    "parent_id": 16,
    "position": 1,
    "slug": "technology/3d printing",
    "urls": {
      "web": {
        "discover": "http://www.kickstarter.com/discover/categories/technology/3d%20printing"
      }
    }
  },
  "country": "US",
  "created_at": 1438736852,
  "creator": {
    "avatar": {
      "medium": "https://ksr-ugc.imgix.net/assets/010/207/257/3c45082cb50151be15a853ad3da5da4b_original.jpeg?w=160&h=160&fit=crop&v=1461673872&auto=format&q=92&s=528c0cc84f74ef449e80b99a5c322934",
      "small": "https://ksr-ugc.imgix.net/assets/010/207/257/3c45082cb50151be15a853ad3da5da4b_original.jpeg?w=160&h=160&fit=crop&v=1461673872&auto=format&q=92&s=528c0cc84f74ef449e80b99a5c322934",
      "thumb": "https://ksr-ugc.imgix.net/assets/010/207/257/3c45082cb50151be15a853ad3da5da4b_original.jpeg?w=40&h=40&fit=crop&v=1461673872&auto=format&q=92&s=b85e4d581aadbc38f3b8e9654a917bac"
    },
    "id": 863937776,
    "name": "Joe Alcorn",
    "urls": {
      "api": {
        "user": "https://api.kickstarter.com/v1/users/863937776?signature=1488678792.bdefba6dda226e4460bfafb83fd08d004daf3ef9"
      },
      "web": {
        "user": "https://www.kickstarter.com/profile/863937776"
      }
    }
  },
  "currency": "USD",
  "currency_symbol": "$",
  "currency_trailing_code": true,
  "deadline": 1441467135,
  "disable_communication": false,
  "goal": 1200.0,
  "id": 1015381354,
  "launched_at": 1438875135,
  "location": {
    "country": "US",
    "displayable_name": "Richmond, KY",
    "id": 2480896,
    "is_root": false,
    "name": "Richmond",
    "short_name": "Richmond, KY",
    "slug": "richmond-ky",
    "state": "KY",
    "type": "Town",
    "urls": {
      "api": {
        "nearby_projects": "https://api.kickstarter.com/v1/discover?signature=1488668473.420de748ca035a4730044ead05a97a4f3cdd938a&woe_id=2480896"
      },
      "web": {
        "discover": "https://www.kickstarter.com/discover/places/richmond-ky",
        "location": "https://www.kickstarter.com/locations/richmond-ky"
      }
    }
  },
  "name": "Krimson Titan Customs: Project Onyx (Canceled)",
  "photo": {
    "1024x576": "https://ksr-ugc.imgix.net/assets/012/216/392/1fdca10d0b72c187e18b5176bc7e9114_original.jpg?w=1024&h=576&fit=fill&bg=000000&v=1463743058&auto=format&q=92&s=5cb17591783c79b25ce29daabfcacbd8",
    "1536x864": "https://ksr-ugc.imgix.net/assets/012/216/392/1fdca10d0b72c187e18b5176bc7e9114_original.jpg?w=1536&h=864&fit=fill&bg=000000&v=1463743058&auto=format&q=92&s=217e2f379029f3288c434e13f28c63b4",
    "ed": "https://ksr-ugc.imgix.net/assets/012/216/392/1fdca10d0b72c187e18b5176bc7e9114_original.jpg?w=338&h=190&fit=fill&bg=000000&v=1463743058&auto=format&q=92&s=607844b038a3001a42caa825357a1142",
    "full": "https://ksr-ugc.imgix.net/assets/012/216/392/1fdca10d0b72c187e18b5176bc7e9114_original.jpg?w=560&h=315&fit=fill&bg=000000&v=1463743058&auto=format&q=92&s=b5d213fe8931bcbd9eb9dfd781a0f89e",
    "key": "assets/012/216/392/1fdca10d0b72c187e18b5176bc7e9114_original.jpg",
    "little": "https://ksr-ugc.imgix.net/assets/012/216/392/1fdca10d0b72c187e18b5176bc7e9114_original.jpg?w=200&h=112&fit=fill&bg=000000&v=1463743058&auto=format&q=92&s=c68861c0913ebe97465f768835060b9d",
    "med": "https://ksr-ugc.imgix.net/assets/012/216/392/1fdca10d0b72c187e18b5176bc7e9114_original.jpg?w=266&h=150&fit=fill&bg=000000&v=1463743058&auto=format&q=92&s=4d07a9c8fe3a877821f1b2930910d4fe",
    "small": "https://ksr-ugc.imgix.net/assets/012/216/392/1fdca10d0b72c187e18b5176bc7e9114_original.jpg?w=160&h=90&fit=fill&bg=000000&v=1463743058&auto=format&q=92&s=116aab908483a867c935cabf22fcf1cf",
    "thumb": "https://ksr-ugc.imgix.net/assets/012/216/392/1fdca10d0b72c187e18b5176bc7e9114_original.jpg?w=40&h=22&fit=fill&bg=000000&v=1463743058&auto=format&q=92&s=6b7702843f28b9e632c21f2aae604a7b"
  },
  "pledged": 0.0,
  "profile": {
    "background_color": null,
    "background_image_opacity": 0.8,
    "blurb": null,
    "feature_image_attributes": {
      "image_urls": {
        "baseball_card": "https://ksr-ugc.imgix.net/assets/012/216/392/1fdca10d0b72c187e18b5176bc7e9114_original.jpg?w=1552&h=873&fit=fill&bg=000000&v=1463743058&auto=format&q=92&s=e8b94f59bffebed2670e4907fd51fda8",
        "default": "https://ksr-ugc.imgix.net/assets/012/216/392/1fdca10d0b72c187e18b5176bc7e9114_original.jpg?w=1552&h=873&fit=fill&bg=000000&v=1463743058&auto=format&q=92&s=e8b94f59bffebed2670e4907fd51fda8"
      }
    },
    "id": 2051381,
    "link_background_color": null,
    "link_text": null,
    "link_text_color": null,
    "link_url": null,
    "name": null,
    "project_id": 2051381,
    "should_show_feature_image_section": true,
    "show_feature_image": false,
    "state": "inactive",
    "state_changed_at": 1438736852,
    "text_color": null
  },
  "slug": "krimson-titan-customs-project-onyx",
  "spotlight": false,
  "staff_pick": false,
  "state": "canceled",
  "state_changed_at": 1439133575,
  "static_usd_rate": 1.0,
  "urls": {
    "web": {
      "project": "https://www.kickstarter.com/projects/863937776/krimson-titan-customs-project-onyx?ref=category_newest",
      "rewards": "https://www.kickstarter.com/projects/863937776/krimson-titan-customs-project-onyx/rewards"
    }
  },
  "usd_pledged": "0.0"
}