{
  "backers_count": 2,
  "blurb": "We created perfect ocean-like atmosphere in a form of waterless aquarium with custom 3D printed habitat inside high impact glass.",
  "category": {
    "color": 6526716,
    "id": 331,
    "name": "3D Printing",
    "parent_id": 16,
    "position": 1,
    "slug": "technology/3d printing",
    "urls": {
      "web": {
        "discover": "http://www.kickstarter.com/discover/categories/technology/3d%20printing"
      }
    }
  },
  "country": "US",
  "created_at": 1455499462,
  "creator": {
    "avatar": {
      "medium": "https://ksr-ugc.imgix.net/assets/010/830/292/d6b0046d261ceacc90323e8c15d673a6_original.jpg?w=160&h=160&fit=crop&v=1479784982&auto=format&q=92&s=159f5c358437c36c255d6da71f8bd931",
      "small": "https://ksr-ugc.imgix.net/assets/010/830/292/d6b0046d261ceacc90323e8c15d673a6_original.jpg?w=160&h=160&fit=crop&v=1479784982&auto=format&q=92&s=159f5c358437c36c255d6da71f8bd931",
      "thumb": "https://ksr-ugc.imgix.net/assets/010/830/292/d6b0046d261ceacc90323e8c15d673a6_original.jpg?w=40&h=40&fit=crop&v=1479784982&auto=format&q=92&s=1de68c94bea564981390e4cdfe8ccfd5"
    },
    "id": 339378805,
    "name": "Sergei Zelinsky",
    "urls": {
      "api": {
        "user": "https://api.kickstarter.com/v1/users/339378805?signature=1488678781.b2f7d3762ac854518c33255de735eb6fe19d4919"
      },
      "web": {
        "user": "https://www.kickstarter.com/profile/339378805"
      }
    }
  },
  "currency": "USD",
  "currency_symbol": "$",
  "currency_trailing_code": true,
  "deadline": 1458087840,
  "disable_communication": false,
  "goal": 75000.0,
  "id": 1015429625,
  "launched_at": 1455640038,
  "location": {
    "country": "US",
    "displayable_name": "Miami, FL",
    "id": 2450022,
    "is_root": false,
    "name": "Miami",
    "short_name": "Miami, FL",
    "slug": "miami-fl",
    "state": "FL",
    "type": "Town",
    "urls": {
      "api": {
        "nearby_projects": "https://api.kickstarter.com/v1/discover?signature=1488668421.03bedfb1b8a85762dbdbb492bed48a1dba9211f1&woe_id=2450022"
      },
      "web": {
        "discover": "https://www.kickstarter.com/discover/places/miami-fl",
        "location": "https://www.kickstarter.com/locations/miami-fl"
      }
    }
  },
  "name": "Waterless Glass Aquariums with 3D Printed Ocean Atmosphere",
  "photo": {
    "1024x576": "https://ksr-ugc.imgix.net/assets/012/381/190/25e20a22032dbb46d504613bb45ac083_original.jpg?w=1024&h=576&fit=fill&bg=000000&v=1463758069&auto=format&q=92&s=bfb3537a6b1336df34a7602ace579f7b",
    "1536x864": "https://ksr-ugc.imgix.net/assets/012/381/190/25e20a22032dbb46d504613bb45ac083_original.jpg?w=1536&h=864&fit=fill&bg=000000&v=1463758069&auto=format&q=92&s=4d1e361f2044b84921b15299aa1b248f",
    "ed": "https://ksr-ugc.imgix.net/assets/012/381/190/25e20a22032dbb46d504613bb45ac083_original.jpg?w=338&h=190&fit=fill&bg=000000&v=1463758069&auto=format&q=92&s=30c930bff7754c9c72354fc4659f1fe1",
    "full": "https://ksr-ugc.imgix.net/assets/012/381/190/25e20a22032dbb46d504613bb45ac083_original.jpg?w=560&h=315&fit=fill&bg=000000&v=1463758069&auto=format&q=92&s=505e0e6774de35dc500c3f4766d9605f",
    "key": "assets/012/381/190/25e20a22032dbb46d504613bb45ac083_original.jpg",
    "little": "https://ksr-ugc.imgix.net/assets/012/381/190/25e20a22032dbb46d504613bb45ac083_original.jpg?w=200&h=112&fit=fill&bg=000000&v=1463758069&auto=format&q=92&s=fa2173fb9f0e2e47b2dea23dc2fb4a92",
    "med": "https://ksr-ugc.imgix.net/assets/012/381/190/25e20a22032dbb46d504613bb45ac083_original.jpg?w=266&h=150&fit=fill&bg=000000&v=1463758069&auto=format&q=92&s=25475f28e5c25191ee76cb008afa9377",
    "small": "https://ksr-ugc.imgix.net/assets/012/381/190/25e20a22032dbb46d504613bb45ac083_original.jpg?w=160&h=90&fit=fill&bg=000000&v=1463758069&auto=format&q=92&s=10d8ebe455a98a45b7de92149757cbb9",
    "thumb": "https://ksr-ugc.imgix.net/assets/012/381/190/25e20a22032dbb46d504613bb45ac083_original.jpg?w=40&h=22&fit=fill&bg=000000&v=1463758069&auto=format&q=92&s=d54901e369b4c8ae6de65edeae9adab3"
  },
  "pledged": 2.0,
  "profile": {
    "background_color": null,
    "background_image_opacity": 0.8,
    "blurb": null,
    "feature_image_attributes": {
      "image_urls": {
        "baseball_card": "https://ksr-ugc.imgix.net/assets/012/381/190/25e20a22032dbb46d504613bb45ac083_original.jpg?w=1552&h=873&fit=fill&bg=000000&v=1463758069&auto=format&q=92&s=fc2c79a057c869b750949e68be0327d7",
        "default": "https://ksr-ugc.imgix.net/assets/012/381/190/25e20a22032dbb46d504613bb45ac083_original.jpg?w=1552&h=873&fit=fill&bg=000000&v=1463758069&auto=format&q=92&s=fc2c79a057c869b750949e68be0327d7"
      }
    },
    "id": 2374800,
    "link_background_color": null,
    "link_text": null,
    "link_text_color": null,
    "link_url": null,
    "name": null,
    "project_id": 2374800,
    "should_show_feature_image_section": true,
    "show_feature_image": false,
    "state": "inactive",
    "state_changed_at": 1455499462,
    "text_color": null
  },
  "slug": "waterless-glass-aquariums-with-3d-printed-ocean-at",
  "spotlight": false,
  "staff_pick": false,
  "state": "failed",
  "state_changed_at": 1458087840,
  "static_usd_rate": 1.0,
  "urls": {
    "web": {
      "project": "https://www.kickstarter.com/projects/339378805/waterless-glass-aquariums-with-3d-printed-ocean-at?ref=category_newest",
      "rewards": "https://www.kickstarter.com/projects/339378805/waterless-glass-aquariums-with-3d-printed-ocean-at/rewards"
    }
  },
  "usd_pledged": "2.0"
}