{
  "backers_count": 0,
  "blurb": "Coding school applicant who wants to build and deliver the software solution to make the world a better place to live in.",
  "category": {
    "color": 6526716,
    "id": 51,
    "name": "Software",
    "parent_id": 16,
    "position": 11,
    "slug": "technology/software",
    "urls": {
      "web": {
        "discover": "http://www.kickstarter.com/discover/categories/technology/software"
      }
    }
  },
  "country": "US",
  "created_at": 1404703191,
  "creator": {
    "avatar": {
      "medium": "https://ksr-ugc.imgix.net/assets/008/311/954/1709b5cdf40871401ea9b60df75a0e28_original.jpg?w=160&h=160&fit=crop&v=1461516546&auto=format&q=92&s=9c110109093c659c39ab0d1bf7a07e9d",
      "small": "https://ksr-ugc.imgix.net/assets/008/311/954/1709b5cdf40871401ea9b60df75a0e28_original.jpg?w=160&h=160&fit=crop&v=1461516546&auto=format&q=92&s=9c110109093c659c39ab0d1bf7a07e9d",
      "thumb": "https://ksr-ugc.imgix.net/assets/008/311/954/1709b5cdf40871401ea9b60df75a0e28_original.jpg?w=40&h=40&fit=crop&v=1461516546&auto=format&q=92&s=1d28c6e88769cbb4d9c52555c210f652"
    },
    "id": 1323068204,
    "name": "Vick Bouloute",
    "urls": {
      "api": {
        "user": "https://api.kickstarter.com/v1/users/1323068204?signature=1488680258.39b1a4af6088e58beb833db872a5b8742bbf456d"
      },
      "web": {
        "user": "https://www.kickstarter.com/profile/1323068204"
      }
    }
  },
  "currency": "USD",
  "currency_symbol": "$",
  "currency_trailing_code": true,
  "deadline": 1408060398,
  "disable_communication": false,
  "goal": 13500.0,
  "id": 1015945200,
  "launched_at": 1405468398,
  "location": {
    "country": "US",
    "displayable_name": "New York, NY",
    "id": 2459115,
    "is_root": false,
    "name": "New York",
    "short_name": "New York, NY",
    "slug": "new-york-ny",
    "state": "NY",
    "type": "Town",
    "urls": {
      "api": {
        "nearby_projects": "https://api.kickstarter.com/v1/discover?signature=1488668416.4a5cf0584ddb5da1f95165e7ee4794c1fb4d8cd4&woe_id=2459115"
      },
      "web": {
        "discover": "https://www.kickstarter.com/discover/places/new-york-ny",
        "location": "https://www.kickstarter.com/locations/new-york-ny"
      }
    }
  },
  "name": "Coding School",
  "photo": {
    "1024x576": "https://ksr-ugc.imgix.net/assets/011/741/767/e784ffb9f959bb0365a21cd464d4bd87_original.jpeg?w=1024&h=576&fit=fill&bg=000000&v=1463688596&auto=format&q=92&s=4e3d91b7e559d87210d9a334891f8d78",
    "1536x864": "https://ksr-ugc.imgix.net/assets/011/741/767/e784ffb9f959bb0365a21cd464d4bd87_original.jpeg?w=1536&h=864&fit=fill&bg=000000&v=1463688596&auto=format&q=92&s=2ad90a9eaa43fb18410781fbcbe27b2f",
    "ed": "https://ksr-ugc.imgix.net/assets/011/741/767/e784ffb9f959bb0365a21cd464d4bd87_original.jpeg?w=338&h=190&fit=fill&bg=000000&v=1463688596&auto=format&q=92&s=496b3c6e844f1a0176f703cee6c51db6",
    "full": "https://ksr-ugc.imgix.net/assets/011/741/767/e784ffb9f959bb0365a21cd464d4bd87_original.jpeg?w=560&h=315&fit=fill&bg=000000&v=1463688596&auto=format&q=92&s=3962bd50c2e989f3f21bc7ab3023279b",
    "key": "assets/011/741/767/e784ffb9f959bb0365a21cd464d4bd87_original.jpeg",
    "little": "https://ksr-ugc.imgix.net/assets/011/741/767/e784ffb9f959bb0365a21cd464d4bd87_original.jpeg?w=200&h=112&fit=fill&bg=000000&v=1463688596&auto=format&q=92&s=e8668297947affa9c72bea92eab4a568",
    "med": "https://ksr-ugc.imgix.net/assets/011/741/767/e784ffb9f959bb0365a21cd464d4bd87_original.jpeg?w=266&h=150&fit=fill&bg=000000&v=1463688596&auto=format&q=92&s=a5be97294df83a760f43e2729986cb8c",
    "small": "https://ksr-ugc.imgix.net/assets/011/741/767/e784ffb9f959bb0365a21cd464d4bd87_original.jpeg?w=160&h=90&fit=fill&bg=000000&v=1463688596&auto=format&q=92&s=edaaebe085356d55be2cf88685164aa6",
    "thumb": "https://ksr-ugc.imgix.net/assets/011/741/767/e784ffb9f959bb0365a21cd464d4bd87_original.jpeg?w=40&h=22&fit=fill&bg=000000&v=1463688596&auto=format&q=92&s=1d821fcc47b75c5a7490af1f81d3a398"
  },
  "pledged": 0.0,
  "profile": {
    "background_color": null,
    "background_image_opacity": 0.8,
    "blurb": null,
    "feature_image_attributes": {
      "image_urls": {
        "baseball_card": "https://ksr-ugc.imgix.net/assets/011/741/767/e784ffb9f959bb0365a21cd464d4bd87_original.jpeg?w=1552&h=873&fit=fill&bg=000000&v=1463688596&auto=format&q=92&s=538dedf4f5df1047f9f1975fe962e3d5",
        "default": "https://ksr-ugc.imgix.net/assets/011/741/767/e784ffb9f959bb0365a21cd464d4bd87_original.jpeg?w=1552&h=873&fit=fill&bg=000000&v=1463688596&auto=format&q=92&s=538dedf4f5df1047f9f1975fe962e3d5"
      }
    },
    "id": 1103073,
    "link_background_color": null,
    "link_text": null,
    "link_text_color": null,
    "link_url": null,
    "name": null,
    "project_id": 1103073,
    "should_show_feature_image_section": true,
    "show_feature_image": false,
    "state": "inactive",
    "state_changed_at": 1425915861,
    "text_color": null
  },
  "slug": "coding-school",
  "spotlight": false,
  "staff_pick": false,
  "state": "failed",
  "state_changed_at": 1408060398,
  "static_usd_rate": 1.0,
  "urls": {
    "web": {
      "project": "https://www.kickstarter.com/projects/1323068204/coding-school?ref=category_newest",
      "rewards": "https://www.kickstarter.com/projects/1323068204/coding-school/rewards"
    }
  },
  "usd_pledged": "0.0"
}