{
  "backers_count": 41,
  "blurb": "eNNOTATE enables collaborative learning with an intuitive user interface allowing users to read, annotate and learn more efficiently.",
  "category": {
    "color": 6526716,
    "id": 51,
    "name": "Software",
    "parent_id": 16,
    "position": 11,
    "slug": "technology/software",
    "urls": {
      "web": {
        "discover": "http://www.kickstarter.com/discover/categories/technology/software"
      }
    }
  },
  "country": "SG",
  "created_at": 1477574296,
  "creator": {
    "avatar": {
      "medium": "https://ksr-ugc.imgix.net/assets/014/314/805/f79ff7b6174567387d302894ca41b2b0_original.jpg?w=160&h=160&fit=crop&v=1477795470&auto=format&q=92&s=57fc4a824269ce234c1b83b88b7a5646",
      "small": "https://ksr-ugc.imgix.net/assets/014/314/805/f79ff7b6174567387d302894ca41b2b0_original.jpg?w=160&h=160&fit=crop&v=1477795470&auto=format&q=92&s=57fc4a824269ce234c1b83b88b7a5646",
      "thumb": "https://ksr-ugc.imgix.net/assets/014/314/805/f79ff7b6174567387d302894ca41b2b0_original.jpg?w=40&h=40&fit=crop&v=1477795470&auto=format&q=92&s=c14b0e367d4d78f7384c43974067b12d"
    },
    "id": 2059221708,
    "name": "Seet Yu Fei",
    "urls": {
      "api": {
        "user": "https://api.kickstarter.com/v1/users/2059221708?signature=1488680394.ff810df31e18bbc5d97aace2088b9dc5d7ea4da7"
      },
      "web": {
        "user": "https://www.kickstarter.com/profile/2059221708"
      }
    }
  },
  "currency": "SGD",
  "currency_symbol": "$",
  "currency_trailing_code": true,
  "deadline": 1480651200,
  "disable_communication": false,
  "goal": 5000.0,
  "id": 1015810074,
  "launched_at": 1478706966,
  "location": {
    "country": "SG",
    "displayable_name": "Singapore, Singapore",
    "id": 1062617,
    "is_root": false,
    "name": "Singapore",
    "short_name": "Singapore, Singapore",
    "slug": "singapore-sg",
    "state": "Central Singapore",
    "type": "Town",
    "urls": {
      "api": {
        "nearby_projects": "https://api.kickstarter.com/v1/discover?signature=1488668419.a404afa444ae5c215635323fe23d9a11fba5a978&woe_id=1062617"
      },
      "web": {
        "discover": "https://www.kickstarter.com/discover/places/singapore-sg",
        "location": "https://www.kickstarter.com/locations/singapore-sg"
      }
    }
  },
  "name": "eNNOTATE - Empowering Modern Education through Collaboration",
  "photo": {
    "1024x576": "https://ksr-ugc.imgix.net/assets/014/306/165/8f6620ea6bff7990fc95c37c8f64bb72_original.jpg?w=1024&h=576&fit=fill&bg=000000&v=1477799699&auto=format&q=92&s=5fa2975edd7f49d1f203c8f34cb702e0",
    "1536x864": "https://ksr-ugc.imgix.net/assets/014/306/165/8f6620ea6bff7990fc95c37c8f64bb72_original.jpg?w=1536&h=864&fit=fill&bg=000000&v=1477799699&auto=format&q=92&s=9dd18b3e270c25358f5df471c716c136",
    "ed": "https://ksr-ugc.imgix.net/assets/014/306/165/8f6620ea6bff7990fc95c37c8f64bb72_original.jpg?w=338&h=190&fit=fill&bg=000000&v=1477799699&auto=format&q=92&s=011194d27706ee9cc0cae75310aefefb",
    "full": "https://ksr-ugc.imgix.net/assets/014/306/165/8f6620ea6bff7990fc95c37c8f64bb72_original.jpg?w=560&h=315&fit=fill&bg=000000&v=1477799699&auto=format&q=92&s=74f5f087dca996dfbb6a31fd5b7cbc92",
    "key": "assets/014/306/165/8f6620ea6bff7990fc95c37c8f64bb72_original.jpg",
    "little": "https://ksr-ugc.imgix.net/assets/014/306/165/8f6620ea6bff7990fc95c37c8f64bb72_original.jpg?w=200&h=112&fit=fill&bg=000000&v=1477799699&auto=format&q=92&s=38f5fa367e11ecd47f347928cba26e80",
    "med": "https://ksr-ugc.imgix.net/assets/014/306/165/8f6620ea6bff7990fc95c37c8f64bb72_original.jpg?w=266&h=150&fit=fill&bg=000000&v=1477799699&auto=format&q=92&s=9e884854a37fd0af628f8de7318c6b85",
    "small": "https://ksr-ugc.imgix.net/assets/014/306/165/8f6620ea6bff7990fc95c37c8f64bb72_original.jpg?w=160&h=90&fit=fill&bg=000000&v=1477799699&auto=format&q=92&s=9cc4e92ad174850c68b29174b70ebd18",
    "thumb": "https://ksr-ugc.imgix.net/assets/014/306/165/8f6620ea6bff7990fc95c37c8f64bb72_original.jpg?w=40&h=22&fit=fill&bg=000000&v=1477799699&auto=format&q=92&s=c498484e9bb7092964c44c2de5a7f809"
  },
  "pledged": 2047.0,
  "profile": {
    "background_color": null,
    "background_image_opacity": 0.8,
    "blurb": null,
    "feature_image_attributes": {
      "image_urls": {
        "baseball_card": "https://ksr-ugc.imgix.net/assets/014/306/165/8f6620ea6bff7990fc95c37c8f64bb72_original.jpg?w=1552&h=873&fit=fill&bg=000000&v=1477799699&auto=format&q=92&s=fb33c69c51fc8dcfb93beb5786bf4e60",
        "default": "https://ksr-ugc.imgix.net/assets/014/306/165/8f6620ea6bff7990fc95c37c8f64bb72_original.jpg?w=1552&h=873&fit=fill&bg=000000&v=1477799699&auto=format&q=92&s=fb33c69c51fc8dcfb93beb5786bf4e60"
      }
    },
    "id": 2735949,
    "link_background_color": null,
    "link_text": null,
    "link_text_color": null,
    "link_url": null,
    "name": null,
    "project_id": 2735949,
    "should_show_feature_image_section": true,
    "show_feature_image": false,
    "state": "inactive",
    "state_changed_at": 1477574296,
    "text_color": null
  },
  "slug": "ennotate-change-the-way-you-read-annotate-and-coll",
  "spotlight": false,
  "staff_pick": false,
  "state": "failed",
  "state_changed_at": 1480651200,
  "static_usd_rate": 0.71957614,
  "urls": {
    "web": {
      "project": "https://www.kickstarter.com/projects/2059221708/ennotate-change-the-way-you-read-annotate-and-coll?ref=category_newest",
      "rewards": "https://www.kickstarter.com/projects/2059221708/ennotate-change-the-way-you-read-annotate-and-coll/rewards"
    }
  },
  "usd_pledged": "1472.97235858"
}