{
  "backers_count": 1093,
  "blurb": "Carry your own Web Browser and Internet Encryption tool in your wallet.  Use on any computer for private browsing. Plug in Privacy.",
  "category": {
    "color": 6526716,
    "id": 16,
    "name": "Technology",
    "position": 14,
    "slug": "technology",
    "urls": {
      "web": {
        "discover": "http://www.kickstarter.com/discover/categories/technology"
      }
    }
  },
  "country": "US",
  "created_at": 1311951053,
  "creator": {
    "avatar": {
      "medium": "https://ksr-ugc.imgix.net/assets/006/049/611/93b2b61829b9e83c77e3d5cbd0d6de8c_original.png?w=160&h=160&fit=crop&v=1461363235&auto=format&q=92&s=b6ae0dc81a72baa13041e314951349ae",
      "small": "https://ksr-ugc.imgix.net/assets/006/049/611/93b2b61829b9e83c77e3d5cbd0d6de8c_original.png?w=160&h=160&fit=crop&v=1461363235&auto=format&q=92&s=b6ae0dc81a72baa13041e314951349ae",
      "thumb": "https://ksr-ugc.imgix.net/assets/006/049/611/93b2b61829b9e83c77e3d5cbd0d6de8c_original.png?w=40&h=40&fit=crop&v=1461363235&auto=format&q=92&s=430a73e57d3fced495257eb989c0b54c"
    },
    "id": 40286411,
    "name": "Team SurfEasy",
    "slug": "surfeasy",
    "urls": {
      "api": {
        "user": "https://api.kickstarter.com/v1/users/40286411?signature=1488662980.d5e2e7eb73ae3432b61299d7d4b30d45eed616b0"
      },
      "web": {
        "user": "https://www.kickstarter.com/profile/surfeasy"
      }
    }
  },
  "currency": "USD",
  "currency_symbol": "$",
  "currency_trailing_code": true,
  "deadline": 1316438699,
  "disable_communication": false,
  "goal": 12500.0,
  "id": 1016549487,
  "launched_at": 1313414699,
  "location": {
    "country": "CA",
    "displayable_name": "Toronto, Canada",
    "id": 4118,
    "is_root": false,
    "name": "Toronto",
    "short_name": "Toronto, Canada",
    "slug": "toronto-on-ca",
    "state": "ON",
    "type": "Town",
    "urls": {
      "api": {
        "nearby_projects": "https://api.kickstarter.com/v1/discover?signature=1488653681.8c291d07bc85843d1677f63dd0a33243e9383407&woe_id=4118"
      },
      "web": {
        "discover": "https://www.kickstarter.com/discover/places/toronto-on-ca",
        "location": "https://www.kickstarter.com/locations/toronto-on-ca"
      }
    }
  },
  "name": "SurfEasy | Plug in Privacy",
  "photo": {
    "1024x576": "https://ksr-ugc.imgix.net/assets/011/293/569/3822f520e77dc39d16b4e5519db8d0a7_original.jpg?w=1024&h=576&fit=fill&bg=000000&v=1463680571&auto=format&q=92&s=e460d5080951628d3ab6a4c3e8b3ee40",
    "1536x864": "https://ksr-ugc.imgix.net/assets/011/293/569/3822f520e77dc39d16b4e5519db8d0a7_original.jpg?w=1536&h=864&fit=fill&bg=000000&v=1463680571&auto=format&q=92&s=5b9def493333dce95dfe8a28aefa5dcf",
    "ed": "https://ksr-ugc.imgix.net/assets/011/293/569/3822f520e77dc39d16b4e5519db8d0a7_original.jpg?w=338&h=190&fit=fill&bg=000000&v=1463680571&auto=format&q=92&s=c4caac888a8c7d7d7bec27d65d0c6239",
    "full": "https://ksr-ugc.imgix.net/assets/011/293/569/3822f520e77dc39d16b4e5519db8d0a7_original.jpg?w=560&h=315&fit=fill&bg=000000&v=1463680571&auto=format&q=92&s=b28a7338cf9546db937a21198d72726c",
    "key": "assets/011/293/569/3822f520e77dc39d16b4e5519db8d0a7_original.jpg",
    "little": "https://ksr-ugc.imgix.net/assets/011/293/569/3822f520e77dc39d16b4e5519db8d0a7_original.jpg?w=200&h=112&fit=fill&bg=000000&v=1463680571&auto=format&q=92&s=4dae300b11ba1863d3afb220278d4f5c",
    "med": "https://ksr-ugc.imgix.net/assets/011/293/569/3822f520e77dc39d16b4e5519db8d0a7_original.jpg?w=266&h=150&fit=fill&bg=000000&v=1463680571&auto=format&q=92&s=af97711e92136792c504daa6eed42f1f",
    "small": "https://ksr-ugc.imgix.net/assets/011/293/569/3822f520e77dc39d16b4e5519db8d0a7_original.jpg?w=160&h=90&fit=fill&bg=000000&v=1463680571&auto=format&q=92&s=e999809419deae5279e0c43fbcfff7eb",
    "thumb": "https://ksr-ugc.imgix.net/assets/011/293/569/3822f520e77dc39d16b4e5519db8d0a7_original.jpg?w=40&h=22&fit=fill&bg=000000&v=1463680571&auto=format&q=92&s=121f69e0ea9dd4702105b5d40d084383"
  },
  "pledged": 69404.13,
  "profile": {
    "background_color": null,
    "background_image_opacity": 0.8,
    "blurb": null,
    "feature_image_attributes": {
      "image_urls": {
        "baseball_card": "https://ksr-ugc.imgix.net/assets/011/293/569/3822f520e77dc39d16b4e5519db8d0a7_original.jpg?w=1552&h=873&fit=fill&bg=000000&v=1463680571&auto=format&q=92&s=6ee68d2f18549160dfb7a73350c43587",
        "default": "https://ksr-ugc.imgix.net/assets/011/293/569/3822f520e77dc39d16b4e5519db8d0a7_original.jpg?w=1552&h=873&fit=fill&bg=000000&v=1463680571&auto=format&q=92&s=6ee68d2f18549160dfb7a73350c43587"
      }
    },
    "id": 44873,
    "link_background_color": null,
    "link_text": null,
    "link_text_color": null,
    "link_url": null,
    "name": null,
    "project_id": 44873,
    "should_show_feature_image_section": true,
    "show_feature_image": false,
    "state": "inactive",
    "state_changed_at": 1425915803,
    "text_color": null
  },
  "slug": "surfeasy-plug-in-privacy",
  "spotlight": true,
  "staff_pick": false,
  "state": "successful",
  "state_changed_at": 1316438700,
  "static_usd_rate": 1.0,
  "urls": {
    "web": {
      "project": "https://www.kickstarter.com/projects/surfeasy/surfeasy-plug-in-privacy?ref=category_most_funded",
      "rewards": "https://www.kickstarter.com/projects/surfeasy/surfeasy-plug-in-privacy/rewards"
    }
  },
  "usd_pledged": "69404.13"
}