{
  "backers_count": 0,
  "blurb": "While we get caught up on our Social Project Animals also need a Place to Socialize with Family and Friends. They need to Connect.",
  "category": {
    "color": 6526716,
    "id": 342,
    "name": "Web",
    "parent_id": 16,
    "position": 15,
    "slug": "technology/web",
    "urls": {
      "web": {
        "discover": "http://www.kickstarter.com/discover/categories/technology/web"
      }
    }
  },
  "country": "US",
  "created_at": 1409441630,
  "creator": {
    "avatar": {
      "medium": "https://ksr-ugc.imgix.net/assets/007/414/237/a9fd564123eeca7ad9b76705cee63fbe_original.jpg?w=160&h=160&fit=crop&v=1476498812&auto=format&q=92&s=b4dd0cd18adf0bc4298640f78059c0a1",
      "small": "https://ksr-ugc.imgix.net/assets/007/414/237/a9fd564123eeca7ad9b76705cee63fbe_original.jpg?w=160&h=160&fit=crop&v=1476498812&auto=format&q=92&s=b4dd0cd18adf0bc4298640f78059c0a1",
      "thumb": "https://ksr-ugc.imgix.net/assets/007/414/237/a9fd564123eeca7ad9b76705cee63fbe_original.jpg?w=40&h=40&fit=crop&v=1476498812&auto=format&q=92&s=e42833fd5c44a02e8747b26a996b927e"
    },
    "id": 72429189,
    "name": "Richard Ortiz",
    "slug": "facesbyplaces",
    "urls": {
      "api": {
        "user": "https://api.kickstarter.com/v1/users/72429189?signature=1488680724.349707d1c27beeada837171235994cfcfa89c694"
      },
      "web": {
        "user": "https://www.kickstarter.com/profile/facesbyplaces"
      }
    }
  },
  "currency": "USD",
  "currency_symbol": "$",
  "currency_trailing_code": true,
  "deadline": 1412388235,
  "disable_communication": false,
  "goal": 20000.0,
  "id": 1016855867,
  "launched_at": 1409796235,
  "location": {
    "country": "US",
    "displayable_name": "Queens, NY",
    "id": 12589352,
    "is_root": false,
    "name": "Queens",
    "short_name": "Queens, NY",
    "slug": "queens-ny",
    "state": "NY",
    "type": "County",
    "urls": {
      "api": {
        "nearby_projects": "https://api.kickstarter.com/v1/discover?signature=1488668424.84b7c8260fafe5ccb6dbdf47f086b7445b7cd54f&woe_id=12589352"
      },
      "web": {
        "discover": "https://www.kickstarter.com/discover/places/queens-ny",
        "location": "https://www.kickstarter.com/locations/queens-ny"
      }
    }
  },
  "name": "We Love Your Pets and People at FacesByPlaces.com",
  "photo": {
    "1024x576": "https://ksr-ugc.imgix.net/assets/011/854/269/e03a6cb99e7b0aef42959eb0e2788c8a_original.jpg?w=1024&h=576&fit=fill&bg=000000&v=1463704534&auto=format&q=92&s=de3ba4dc42bbcf71a074e6ba3debe10d",
    "1536x864": "https://ksr-ugc.imgix.net/assets/011/854/269/e03a6cb99e7b0aef42959eb0e2788c8a_original.jpg?w=1536&h=864&fit=fill&bg=000000&v=1463704534&auto=format&q=92&s=646290f68bf3eb69376b2ff580ffee42",
    "ed": "https://ksr-ugc.imgix.net/assets/011/854/269/e03a6cb99e7b0aef42959eb0e2788c8a_original.jpg?w=338&h=190&fit=fill&bg=000000&v=1463704534&auto=format&q=92&s=36a0c10231565083d306e18e9813f04f",
    "full": "https://ksr-ugc.imgix.net/assets/011/854/269/e03a6cb99e7b0aef42959eb0e2788c8a_original.jpg?w=560&h=315&fit=fill&bg=000000&v=1463704534&auto=format&q=92&s=5d3b9cfa2f9984f7d53137a16f9b1f07",
    "key": "assets/011/854/269/e03a6cb99e7b0aef42959eb0e2788c8a_original.jpg",
    "little": "https://ksr-ugc.imgix.net/assets/011/854/269/e03a6cb99e7b0aef42959eb0e2788c8a_original.jpg?w=200&h=112&fit=fill&bg=000000&v=1463704534&auto=format&q=92&s=ab3b6975f545f70127385f9344e3f7e3",
    "med": "https://ksr-ugc.imgix.net/assets/011/854/269/e03a6cb99e7b0aef42959eb0e2788c8a_original.jpg?w=266&h=150&fit=fill&bg=000000&v=1463704534&auto=format&q=92&s=9466ebb14fe34db6061a643fee4273b0",
    "small": "https://ksr-ugc.imgix.net/assets/011/854/269/e03a6cb99e7b0aef42959eb0e2788c8a_original.jpg?w=160&h=90&fit=fill&bg=000000&v=1463704534&auto=format&q=92&s=4340e4c99eccae275d6bfef1a55e8250",
    "thumb": "https://ksr-ugc.imgix.net/assets/011/854/269/e03a6cb99e7b0aef42959eb0e2788c8a_original.jpg?w=40&h=22&fit=fill&bg=000000&v=1463704534&auto=format&q=92&s=ddab05843ea24e7d91ca2ea084248ce6"
  },
  "pledged": 0.0,
  "profile": {
    "background_color": null,
    "background_image_opacity": 0.8,
    "blurb": null,
    "feature_image_attributes": {
      "image_urls": {
        "baseball_card": "https://ksr-ugc.imgix.net/assets/011/854/269/e03a6cb99e7b0aef42959eb0e2788c8a_original.jpg?w=1552&h=873&fit=fill&bg=000000&v=1463704534&auto=format&q=92&s=e0a6ab7a744c1d3897f100ea3ea2a049",
        "default": "https://ksr-ugc.imgix.net/assets/011/854/269/e03a6cb99e7b0aef42959eb0e2788c8a_original.jpg?w=1552&h=873&fit=fill&bg=000000&v=1463704534&auto=format&q=92&s=e0a6ab7a744c1d3897f100ea3ea2a049"
      }
    },
    "id": 1328429,
    "link_background_color": null,
    "link_text": null,
    "link_text_color": null,
    "link_url": null,
    "name": null,
    "project_id": 1328429,
    "should_show_feature_image_section": true,
    "show_feature_image": false,
    "state": "inactive",
    "state_changed_at": 1425915873,
    "text_color": null
  },
  "slug": "we-love-your-pets-and-people-at-facesbyplacescom",
  "spotlight": false,
  "staff_pick": false,
  "state": "failed",
  "state_changed_at": 1412388236,
  "static_usd_rate": 1.0,
  "urls": {
    "web": {
      "project": "https://www.kickstarter.com/projects/facesbyplaces/we-love-your-pets-and-people-at-facesbyplacescom?ref=category_newest",
      "rewards": "https://www.kickstarter.com/projects/facesbyplaces/we-love-your-pets-and-people-at-facesbyplacescom/rewards"
    }
  },
  "usd_pledged": "0.0"
}