{
  "backers_count": 1,
  "blurb": "A pot lid and attachable flex-metal hose must be patented and manufactured for airdrops into disaster zones and home emergency prep.",
  "category": {
    "color": 6526716,
    "id": 52,
    "name": "Hardware",
    "parent_id": 16,
    "position": 8,
    "slug": "technology/hardware",
    "urls": {
      "web": {
        "discover": "http://www.kickstarter.com/discover/categories/technology/hardware"
      }
    }
  },
  "country": "US",
  "created_at": 1419769000,
  "creator": {
    "avatar": {
      "medium": "https://ksr-ugc.imgix.net/assets/009/304/454/1e0facd530b1ff83f4b00cef42ea03c2_original.jpg?w=160&h=160&fit=crop&v=1461577377&auto=format&q=92&s=088fcfd67385dcfeef4627fb572f3b5f",
      "small": "https://ksr-ugc.imgix.net/assets/009/304/454/1e0facd530b1ff83f4b00cef42ea03c2_original.jpg?w=160&h=160&fit=crop&v=1461577377&auto=format&q=92&s=088fcfd67385dcfeef4627fb572f3b5f",
      "thumb": "https://ksr-ugc.imgix.net/assets/009/304/454/1e0facd530b1ff83f4b00cef42ea03c2_original.jpg?w=40&h=40&fit=crop&v=1461577377&auto=format&q=92&s=5637c723aa15f4c5c9117e651ce8b097"
    },
    "id": 338137181,
    "name": "Mark A. McDonald",
    "urls": {
      "api": {
        "user": "https://api.kickstarter.com/v1/users/338137181?signature=1488679942.ab4fd8b89c4550d0852cce8bcc1425c9f1578d0f"
      },
      "web": {
        "user": "https://www.kickstarter.com/profile/338137181"
      }
    }
  },
  "currency": "USD",
  "currency_symbol": "$",
  "currency_trailing_code": true,
  "deadline": 1423178465,
  "disable_communication": false,
  "goal": 10000.0,
  "id": 1016214424,
  "launched_at": 1420586465,
  "location": {
    "country": "US",
    "displayable_name": "Northville, MI",
    "id": 2462066,
    "is_root": false,
    "name": "Northville",
    "short_name": "Northville, MI",
    "slug": "northville-mi",
    "state": "MI",
    "type": "Town",
    "urls": {
      "api": {
        "nearby_projects": "https://api.kickstarter.com/v1/discover?signature=1488669003.015b7a2119b49943ac1cf463e5570659d075eee4&woe_id=2462066"
      },
      "web": {
        "discover": "https://www.kickstarter.com/discover/places/northville-mi",
        "location": "https://www.kickstarter.com/locations/northville-mi"
      }
    }
  },
  "name": "Airdrop Water Distiller",
  "photo": {
    "1024x576": "https://ksr-ugc.imgix.net/assets/011/984/017/a9ef14a3a393bff22677fb294b50e56b_original.jpg?w=1024&h=576&fit=fill&bg=000000&v=1463721478&auto=format&q=92&s=6a5f38acbd254a46872031047db4d7a4",
    "1536x864": "https://ksr-ugc.imgix.net/assets/011/984/017/a9ef14a3a393bff22677fb294b50e56b_original.jpg?w=1536&h=864&fit=fill&bg=000000&v=1463721478&auto=format&q=92&s=5f8e4dae4ef2ea80311e93efa2a96be6",
    "ed": "https://ksr-ugc.imgix.net/assets/011/984/017/a9ef14a3a393bff22677fb294b50e56b_original.jpg?w=338&h=190&fit=fill&bg=000000&v=1463721478&auto=format&q=92&s=1cb90b08e6ee2a028a681fa2b356c1f1",
    "full": "https://ksr-ugc.imgix.net/assets/011/984/017/a9ef14a3a393bff22677fb294b50e56b_original.jpg?w=560&h=315&fit=fill&bg=000000&v=1463721478&auto=format&q=92&s=ef5ddbb701b67880f6964a8786ca1161",
    "key": "assets/011/984/017/a9ef14a3a393bff22677fb294b50e56b_original.jpg",
    "little": "https://ksr-ugc.imgix.net/assets/011/984/017/a9ef14a3a393bff22677fb294b50e56b_original.jpg?w=200&h=112&fit=fill&bg=000000&v=1463721478&auto=format&q=92&s=bec4b81c595004fa20b518ab0386d4b4",
    "med": "https://ksr-ugc.imgix.net/assets/011/984/017/a9ef14a3a393bff22677fb294b50e56b_original.jpg?w=266&h=150&fit=fill&bg=000000&v=1463721478&auto=format&q=92&s=4fdf51ae697f8ec0f2bb378a47be2ad6",
    "small": "https://ksr-ugc.imgix.net/assets/011/984/017/a9ef14a3a393bff22677fb294b50e56b_original.jpg?w=160&h=90&fit=fill&bg=000000&v=1463721478&auto=format&q=92&s=a5693f55a6c0ddbbf33e3f3104cdc855",
    "thumb": "https://ksr-ugc.imgix.net/assets/011/984/017/a9ef14a3a393bff22677fb294b50e56b_original.jpg?w=40&h=22&fit=fill&bg=000000&v=1463721478&auto=format&q=92&s=60b59e93827ec76c4cbd71625eb3bac9"
  },
  "pledged": 1.0,
  "profile": {
    "background_color": null,
    "background_image_opacity": 0.8,
    "blurb": null,
    "feature_image_attributes": {
      "image_urls": {
        "baseball_card": "https://ksr-ugc.imgix.net/assets/011/984/017/a9ef14a3a393bff22677fb294b50e56b_original.jpg?w=1552&h=873&fit=fill&bg=000000&v=1463721478&auto=format&q=92&s=3feb6c92cc6c173f8cf69d81bec1c7e6",
        "default": "https://ksr-ugc.imgix.net/assets/011/984/017/a9ef14a3a393bff22677fb294b50e56b_original.jpg?w=1552&h=873&fit=fill&bg=000000&v=1463721478&auto=format&q=92&s=3feb6c92cc6c173f8cf69d81bec1c7e6"
      }
    },
    "id": 1597997,
    "link_background_color": null,
    "link_text": null,
    "link_text_color": null,
    "link_url": null,
    "name": null,
    "project_id": 1597997,
    "should_show_feature_image_section": true,
    "show_feature_image": false,
    "state": "inactive",
    "state_changed_at": 1425915888,
    "text_color": null
  },
  "slug": "airdrop-water-distiller",
  "spotlight": false,
  "staff_pick": false,
  "state": "failed",
  "state_changed_at": 1423178465,
  "static_usd_rate": 1.0,
  "urls": {
    "web": {
      "project": "https://www.kickstarter.com/projects/338137181/airdrop-water-distiller?ref=category_newest",
      "rewards": "https://www.kickstarter.com/projects/338137181/airdrop-water-distiller/rewards"
    }
  },
  "usd_pledged": "1.0"
}