{
  "backers_count": 1384,
  "blurb": "Coding is the new literacy. With ScratchJr, young children (ages 5-7) learn to program their own interactive stories and games.",
  "category": {
    "color": 6526716,
    "id": 16,
    "name": "Technology",
    "position": 14,
    "slug": "technology",
    "urls": {
      "web": {
        "discover": "http://www.kickstarter.com/discover/categories/technology"
      }
    }
  },
  "country": "US",
  "created_at": 1389929565,
  "creator": {
    "avatar": {
      "medium": "https://ksr-ugc.imgix.net/assets/006/085/328/c682d1ad9b87184d64eaa8e43b64a508_original.jpg?w=160&h=160&fit=crop&v=1461365563&auto=format&q=92&s=0e020ffbf367e2d6c40a22fb9eb85b79",
      "small": "https://ksr-ugc.imgix.net/assets/006/085/328/c682d1ad9b87184d64eaa8e43b64a508_original.jpg?w=160&h=160&fit=crop&v=1461365563&auto=format&q=92&s=0e020ffbf367e2d6c40a22fb9eb85b79",
      "thumb": "https://ksr-ugc.imgix.net/assets/006/085/328/c682d1ad9b87184d64eaa8e43b64a508_original.jpg?w=40&h=40&fit=crop&v=1461365563&auto=format&q=92&s=f7591ecaceb06b5ee6eead64c8f81d18"
    },
    "id": 2023634798,
    "name": "Mitchel Resnick",
    "urls": {
      "api": {
        "user": "https://api.kickstarter.com/v1/users/2023634798?signature=1488662964.03dbc80d9ed0ac6bd5c13086ec03a575063769d9"
      },
      "web": {
        "user": "https://www.kickstarter.com/profile/2023634798"
      }
    }
  },
  "currency": "USD",
  "currency_symbol": "$",
  "currency_trailing_code": true,
  "deadline": 1398854700,
  "disable_communication": false,
  "goal": 25000.0,
  "id": 1016211179,
  "launched_at": 1395055687,
  "location": {
    "country": "US",
    "displayable_name": "Cambridge, MA",
    "id": 2373572,
    "is_root": false,
    "name": "Cambridge",
    "short_name": "Cambridge, MA",
    "slug": "cambridge-ma",
    "state": "MA",
    "type": "Town",
    "urls": {
      "api": {
        "nearby_projects": "https://api.kickstarter.com/v1/discover?signature=1488653676.dd68314d52e350c825fb155ef8ab11a3e50a22e4&woe_id=2373572"
      },
      "web": {
        "discover": "https://www.kickstarter.com/discover/places/cambridge-ma",
        "location": "https://www.kickstarter.com/locations/cambridge-ma"
      }
    }
  },
  "name": "ScratchJr: Coding for Young Kids",
  "photo": {
    "1024x576": "https://ksr-ugc.imgix.net/assets/011/637/191/81ed6110194b3f8b82f44599c8743869_original.jpg?w=1024&h=576&fit=fill&bg=FFFFFF&v=1463686048&auto=format&q=92&s=2ceb9e6de9ee7ac4f9057dbf8cc182b6",
    "1536x864": "https://ksr-ugc.imgix.net/assets/011/637/191/81ed6110194b3f8b82f44599c8743869_original.jpg?w=1536&h=864&fit=fill&bg=FFFFFF&v=1463686048&auto=format&q=92&s=c7ede87eca23c149bdf7af58f6315653",
    "ed": "https://ksr-ugc.imgix.net/assets/011/637/191/81ed6110194b3f8b82f44599c8743869_original.jpg?w=338&h=190&fit=fill&bg=FFFFFF&v=1463686048&auto=format&q=92&s=cff140018ceb98b419e9b2afa2056ec7",
    "full": "https://ksr-ugc.imgix.net/assets/011/637/191/81ed6110194b3f8b82f44599c8743869_original.jpg?w=560&h=315&fit=fill&bg=FFFFFF&v=1463686048&auto=format&q=92&s=26e7cf6e2e68fd23b82220cec44ae660",
    "key": "assets/011/637/191/81ed6110194b3f8b82f44599c8743869_original.jpg",
    "little": "https://ksr-ugc.imgix.net/assets/011/637/191/81ed6110194b3f8b82f44599c8743869_original.jpg?w=200&h=112&fit=fill&bg=FFFFFF&v=1463686048&auto=format&q=92&s=59fab560b741b6acd48c9ff0798ab607",
    "med": "https://ksr-ugc.imgix.net/assets/011/637/191/81ed6110194b3f8b82f44599c8743869_original.jpg?w=266&h=150&fit=fill&bg=FFFFFF&v=1463686048&auto=format&q=92&s=e6360f9f672a729f2b0279bf2f52068c",
    "small": "https://ksr-ugc.imgix.net/assets/011/637/191/81ed6110194b3f8b82f44599c8743869_original.jpg?w=160&h=90&fit=fill&bg=FFFFFF&v=1463686048&auto=format&q=92&s=1cbb688051b69f7fae1eaecb8cb2be86",
    "thumb": "https://ksr-ugc.imgix.net/assets/011/637/191/81ed6110194b3f8b82f44599c8743869_original.jpg?w=40&h=22&fit=fill&bg=FFFFFF&v=1463686048&auto=format&q=92&s=3ce01087ffe70c95f870e24c9a411dcb"
  },
  "pledged": 77474.74,
  "profile": {
    "background_color": "",
    "background_image_opacity": 0.8,
    "blurb": "Coding is the new literacy. With ScratchJr, young children (ages 5-7) learn to program their own interactive stories and games. Want to download the app? See scratchjr.org",
    "feature_image_attributes": {
      "image_urls": {
        "baseball_card": "https://ksr-ugc.imgix.net/assets/011/637/191/81ed6110194b3f8b82f44599c8743869_original.jpg?w=1552&h=873&fit=fill&bg=FFFFFF&v=1463686048&auto=format&q=92&s=cddbe5a3b4f90dbf08c5f890dc8ac966",
        "default": "https://ksr-ugc.imgix.net/assets/011/637/191/81ed6110194b3f8b82f44599c8743869_original.jpg?w=1552&h=873&fit=fill&bg=FFFFFF&v=1463686048&auto=format&q=92&s=cddbe5a3b4f90dbf08c5f890dc8ac966"
      }
    },
    "id": 852868,
    "link_background_color": "",
    "link_text": "Follow along!",
    "link_text_color": "",
    "link_url": "",
    "name": "ScratchJr: Coding for Young Kids",
    "project_id": 852868,
    "should_show_feature_image_section": true,
    "show_feature_image": false,
    "state": "active",
    "state_changed_at": 1427816202,
    "text_color": ""
  },
  "slug": "scratchjr-coding-for-young-kids",
  "spotlight": true,
  "staff_pick": true,
  "state": "successful",
  "state_changed_at": 1398854713,
  "static_usd_rate": 1.0,
  "urls": {
    "web": {
      "project": "https://www.kickstarter.com/projects/2023634798/scratchjr-coding-for-young-kids?ref=category_most_funded",
      "rewards": "https://www.kickstarter.com/projects/2023634798/scratchjr-coding-for-young-kids/rewards"
    }
  },
  "usd_pledged": "77474.74"
}