{
  "backers_count": 0,
  "blurb": "Aplicaci\u00f3n de control parental orientado a dispositivos m\u00f3viles, totalmente preparada para hacer frente a las nuevas amenazas de la red",
  "category": {
    "color": 6526716,
    "id": 51,
    "name": "Software",
    "parent_id": 16,
    "position": 11,
    "slug": "technology/software",
    "urls": {
      "web": {
        "discover": "http://www.kickstarter.com/discover/categories/technology/software"
      }
    }
  },
  "country": "MX",
  "created_at": 1479182454,
  "creator": {
    "avatar": {
      "medium": "https://ksr-ugc.imgix.net/assets/014/519/748/6e289478532a202572985db5a07b46b3_original.png?w=160&h=160&fit=crop&v=1479185868&auto=format&q=92&s=c8def2b83d0f5061fd2b722738ecc31d",
      "small": "https://ksr-ugc.imgix.net/assets/014/519/748/6e289478532a202572985db5a07b46b3_original.png?w=160&h=160&fit=crop&v=1479185868&auto=format&q=92&s=c8def2b83d0f5061fd2b722738ecc31d",
      "thumb": "https://ksr-ugc.imgix.net/assets/014/519/748/6e289478532a202572985db5a07b46b3_original.png?w=40&h=40&fit=crop&v=1479185868&auto=format&q=92&s=6e91e4781e6c148271ba43c17ff2a6e7"
    },
    "id": 2144385984,
    "name": "angel Judath",
    "urls": {
      "api": {
        "user": "https://api.kickstarter.com/v1/users/2144385984?signature=1488680394.a4be129fdbb27bf41129bc7b7678a347ca9641b5"
      },
      "web": {
        "user": "https://www.kickstarter.com/profile/2144385984"
      }
    }
  },
  "currency": "MXN",
  "currency_symbol": "$",
  "currency_trailing_code": true,
  "deadline": 1482022423,
  "disable_communication": false,
  "goal": 1850000.0,
  "id": 1016002984,
  "launched_at": 1479430423,
  "location": {
    "country": "MX",
    "displayable_name": "Apan, Mexico",
    "id": 112224,
    "is_root": false,
    "name": "Apan",
    "short_name": "Apan, Mexico",
    "slug": "apan-mx",
    "state": "Hidalgo",
    "type": "Town",
    "urls": {
      "api": {
        "nearby_projects": "https://api.kickstarter.com/v1/discover?signature=1488680394.a47301b3aec72cc4d0bd566ec8c56b8c2dae75ce&woe_id=112224"
      },
      "web": {
        "discover": "https://www.kickstarter.com/discover/places/apan-mx",
        "location": "https://www.kickstarter.com/locations/apan-mx"
      }
    }
  },
  "name": "PFSecurity",
  "photo": {
    "1024x576": "https://ksr-ugc.imgix.net/assets/014/519/168/47778f4d707aab829a9ed3c9209d260e_original.PNG?w=1024&h=576&fit=fill&bg=000000&v=1479182487&auto=format&q=92&s=dfabf5ff1ed4ba499bfef6c7d6556887",
    "1536x864": "https://ksr-ugc.imgix.net/assets/014/519/168/47778f4d707aab829a9ed3c9209d260e_original.PNG?w=1536&h=864&fit=fill&bg=000000&v=1479182487&auto=format&q=92&s=5af21d44b034e5fca0aa8ad50805b368",
    "ed": "https://ksr-ugc.imgix.net/assets/014/519/168/47778f4d707aab829a9ed3c9209d260e_original.PNG?w=338&h=190&fit=fill&bg=000000&v=1479182487&auto=format&q=92&s=0196e21ef0419e9dea31a8235f20d328",
    "full": "https://ksr-ugc.imgix.net/assets/014/519/168/47778f4d707aab829a9ed3c9209d260e_original.PNG?w=560&h=315&fit=fill&bg=000000&v=1479182487&auto=format&q=92&s=cbc7caaaebd98579746769dd9e7a578f",
    "key": "assets/014/519/168/47778f4d707aab829a9ed3c9209d260e_original.PNG",
    "little": "https://ksr-ugc.imgix.net/assets/014/519/168/47778f4d707aab829a9ed3c9209d260e_original.PNG?w=200&h=112&fit=fill&bg=000000&v=1479182487&auto=format&q=92&s=cf9d6c01e3efee22bdc168bde50b1600",
    "med": "https://ksr-ugc.imgix.net/assets/014/519/168/47778f4d707aab829a9ed3c9209d260e_original.PNG?w=266&h=150&fit=fill&bg=000000&v=1479182487&auto=format&q=92&s=e23d8a7a50f2bfeb2c4d11449a02e428",
    "small": "https://ksr-ugc.imgix.net/assets/014/519/168/47778f4d707aab829a9ed3c9209d260e_original.PNG?w=160&h=90&fit=fill&bg=000000&v=1479182487&auto=format&q=92&s=e620f6743b70a2ff73747bf0c830366f",
    "thumb": "https://ksr-ugc.imgix.net/assets/014/519/168/47778f4d707aab829a9ed3c9209d260e_original.PNG?w=40&h=22&fit=fill&bg=000000&v=1479182487&auto=format&q=92&s=dd646718abcd0c2a60c58148b392d1d1"
  },
  "pledged": 0.0,
  "profile": {
    "background_color": null,
    "background_image_opacity": 0.8,
    "blurb": null,
    "feature_image_attributes": {
      "image_urls": {
        "baseball_card": "https://ksr-ugc.imgix.net/assets/014/519/168/47778f4d707aab829a9ed3c9209d260e_original.PNG?w=1552&h=873&fit=fill&bg=000000&v=1479182487&auto=format&q=92&s=6343f546da7ebfb4c5d1dd65578d9219",
        "default": "https://ksr-ugc.imgix.net/assets/014/519/168/47778f4d707aab829a9ed3c9209d260e_original.PNG?w=1552&h=873&fit=fill&bg=000000&v=1479182487&auto=format&q=92&s=6343f546da7ebfb4c5d1dd65578d9219"
      }
    },
    "id": 2759994,
    "link_background_color": null,
    "link_text": null,
    "link_text_color": null,
    "link_url": null,
    "name": null,
    "project_id": 2759994,
    "should_show_feature_image_section": true,
    "show_feature_image": false,
    "state": "inactive",
    "state_changed_at": 1479182454,
    "text_color": null
  },
  "slug": "pfsecurity",
  "spotlight": false,
  "staff_pick": false,
  "state": "failed",
  "state_changed_at": 1482022423,
  "static_usd_rate": 0.04904543,
  "urls": {
    "web": {
      "project": "https://www.kickstarter.com/projects/2144385984/pfsecurity?ref=category_newest",
      "rewards": "https://www.kickstarter.com/projects/2144385984/pfsecurity/rewards"
    }
  },
  "usd_pledged": "0.0"
}