{
  "backers_count": 4,
  "blurb": "I am attempting to create an innovative social networking app that will link people together in an entirely different way.",
  "category": {
    "color": 6526716,
    "id": 332,
    "name": "Apps",
    "parent_id": 16,
    "position": 2,
    "slug": "technology/apps",
    "urls": {
      "web": {
        "discover": "http://www.kickstarter.com/discover/categories/technology/apps"
      }
    }
  },
  "country": "US",
  "created_at": 1422921183,
  "creator": {
    "avatar": {
      "medium": "https://ksr-ugc.imgix.net/assets/009/527/209/aafea0d9918862f4b520ae59ce884750_original.jpeg?w=160&h=160&fit=crop&v=1461601094&auto=format&q=92&s=4973b74104d7851c533f3687a76dc56d",
      "small": "https://ksr-ugc.imgix.net/assets/009/527/209/aafea0d9918862f4b520ae59ce884750_original.jpeg?w=160&h=160&fit=crop&v=1461601094&auto=format&q=92&s=4973b74104d7851c533f3687a76dc56d",
      "thumb": "https://ksr-ugc.imgix.net/assets/009/527/209/aafea0d9918862f4b520ae59ce884750_original.jpeg?w=40&h=40&fit=crop&v=1461601094&auto=format&q=92&s=0d0de5bf526a040b5b5a1717db302d28"
    },
    "id": 1194186460,
    "name": "Kevin",
    "urls": {
      "api": {
        "user": "https://api.kickstarter.com/v1/users/1194186460?signature=1488678978.4ff3f6a3636a517faf273daa2850664c6641db81"
      },
      "web": {
        "user": "https://www.kickstarter.com/profile/1194186460"
      }
    }
  },
  "currency": "USD",
  "currency_symbol": "$",
  "currency_trailing_code": true,
  "deadline": 1430153966,
  "disable_communication": false,
  "goal": 10000.0,
  "id": 101682275,
  "launched_at": 1424973566,
  "location": {
    "country": "US",
    "displayable_name": "Westampton, NJ",
    "id": 26342926,
    "is_root": false,
    "name": "Westampton",
    "short_name": "Westampton, NJ",
    "slug": "westampton-nj",
    "state": "NJ",
    "type": "Town",
    "urls": {
      "api": {
        "nearby_projects": "https://api.kickstarter.com/v1/discover?signature=1488671515.8d76b521135a6e34e763e938b1f3f0f73e5b2eb0&woe_id=26342926"
      },
      "web": {
        "discover": "https://www.kickstarter.com/discover/places/westampton-nj",
        "location": "https://www.kickstarter.com/locations/westampton-nj"
      }
    }
  },
  "name": "HI",
  "photo": {
    "1024x576": "https://ksr-ugc.imgix.net/assets/012/023/501/3503f2f67a6e3a85cbe46240c9ef16da_original.png?w=1024&h=576&fit=fill&bg=000000&v=1463724950&auto=format&q=92&s=a3e26af601faae7926b10884012de3d7",
    "1536x864": "https://ksr-ugc.imgix.net/assets/012/023/501/3503f2f67a6e3a85cbe46240c9ef16da_original.png?w=1536&h=864&fit=fill&bg=000000&v=1463724950&auto=format&q=92&s=a7d377436d744b999fab986e70098517",
    "ed": "https://ksr-ugc.imgix.net/assets/012/023/501/3503f2f67a6e3a85cbe46240c9ef16da_original.png?w=338&h=190&fit=fill&bg=000000&v=1463724950&auto=format&q=92&s=c0a66a3acfb3e1e93c38272a3e600afb",
    "full": "https://ksr-ugc.imgix.net/assets/012/023/501/3503f2f67a6e3a85cbe46240c9ef16da_original.png?w=560&h=315&fit=fill&bg=000000&v=1463724950&auto=format&q=92&s=d968540edd26b209fb9335ffe3ec1b10",
    "key": "assets/012/023/501/3503f2f67a6e3a85cbe46240c9ef16da_original.png",
    "little": "https://ksr-ugc.imgix.net/assets/012/023/501/3503f2f67a6e3a85cbe46240c9ef16da_original.png?w=200&h=112&fit=fill&bg=000000&v=1463724950&auto=format&q=92&s=becb8ff6d0b583147b0ef39e295497e3",
    "med": "https://ksr-ugc.imgix.net/assets/012/023/501/3503f2f67a6e3a85cbe46240c9ef16da_original.png?w=266&h=150&fit=fill&bg=000000&v=1463724950&auto=format&q=92&s=cbc3372edfd97853f1eeda09db064edb",
    "small": "https://ksr-ugc.imgix.net/assets/012/023/501/3503f2f67a6e3a85cbe46240c9ef16da_original.png?w=160&h=90&fit=fill&bg=000000&v=1463724950&auto=format&q=92&s=59ba7091bd194b9e178bc2e42a2597fe",
    "thumb": "https://ksr-ugc.imgix.net/assets/012/023/501/3503f2f67a6e3a85cbe46240c9ef16da_original.png?w=40&h=22&fit=fill&bg=000000&v=1463724950&auto=format&q=92&s=e1a7649ffb44e16b1596b8b1a8e0dda8"
  },
  "pledged": 70.0,
  "profile": {
    "background_color": null,
    "background_image_opacity": 0.8,
    "blurb": null,
    "feature_image_attributes": {
      "image_urls": {
        "baseball_card": "https://ksr-ugc.imgix.net/assets/012/023/501/3503f2f67a6e3a85cbe46240c9ef16da_original.png?w=1552&h=873&fit=fill&bg=000000&v=1463724950&auto=format&q=92&s=d8fe1417626bb5d5acc6d0ed93c6d20a",
        "default": "https://ksr-ugc.imgix.net/assets/012/023/501/3503f2f67a6e3a85cbe46240c9ef16da_original.png?w=1552&h=873&fit=fill&bg=000000&v=1463724950&auto=format&q=92&s=d8fe1417626bb5d5acc6d0ed93c6d20a"
      }
    },
    "id": 1678298,
    "link_background_color": null,
    "link_text": null,
    "link_text_color": null,
    "link_url": null,
    "name": null,
    "project_id": 1678298,
    "should_show_feature_image_section": true,
    "show_feature_image": false,
    "state": "inactive",
    "state_changed_at": 1425915892,
    "text_color": null
  },
  "slug": "hi-0",
  "spotlight": false,
  "staff_pick": false,
  "state": "failed",
  "state_changed_at": 1430154012,
  "static_usd_rate": 1.0,
  "urls": {
    "web": {
      "project": "https://www.kickstarter.com/projects/1194186460/hi-0?ref=category_newest",
      "rewards": "https://www.kickstarter.com/projects/1194186460/hi-0/rewards"
    }
  },
  "usd_pledged": "70.0"
}