{
  "backers_count": 4,
  "blurb": "Connecting the most skilled college students with industry jobs and other geniuses in college to help change the cyber world.",
  "category": {
    "color": 6526716,
    "id": 362,
    "name": "Makerspaces",
    "parent_id": 16,
    "position": 9,
    "slug": "technology/makerspaces",
    "urls": {
      "web": {
        "discover": "http://www.kickstarter.com/discover/categories/technology/makerspaces"
      }
    }
  },
  "country": "US",
  "created_at": 1451328731,
  "creator": {
    "avatar": {
      "medium": "https://ksr-ugc.imgix.net/missing_user_avatar.png?w=160&h=160&fit=crop&v=&auto=format&q=92&s=c40e6ddb23a144ee8beca514ec2d6e58",
      "small": "https://ksr-ugc.imgix.net/missing_user_avatar.png?w=160&h=160&fit=crop&v=&auto=format&q=92&s=c40e6ddb23a144ee8beca514ec2d6e58",
      "thumb": "https://ksr-ugc.imgix.net/missing_user_avatar.png?w=40&h=40&fit=crop&v=&auto=format&q=92&s=8c0db61c92692000c2678b375fc31714"
    },
    "id": 1351727280,
    "name": "Simeon Blatchley (deleted)",
    "urls": {
      "api": {
        "user": "https://api.kickstarter.com/v1/users/1351727280?signature=1488680084.5a50aca948179202fbec6099f31bc6db48cbc7ba"
      },
      "web": {
        "user": "https://www.kickstarter.com/profile/1351727280"
      }
    }
  },
  "currency": "USD",
  "currency_symbol": "$",
  "currency_trailing_code": true,
  "deadline": 1458482650,
  "disable_communication": false,
  "goal": 100000.0,
  "id": 1016635916,
  "launched_at": 1453302250,
  "location": {
    "country": "US",
    "displayable_name": "Denver, CO",
    "id": 2391279,
    "is_root": false,
    "name": "Denver",
    "short_name": "Denver, CO",
    "slug": "denver-co",
    "state": "CO",
    "type": "Town",
    "urls": {
      "api": {
        "nearby_projects": "https://api.kickstarter.com/v1/discover?signature=1488668418.1a669877a14ebd6293ed81d721acbd408d45cb9f&woe_id=2391279"
      },
      "web": {
        "discover": "https://www.kickstarter.com/discover/places/denver-co",
        "location": "https://www.kickstarter.com/locations/denver-co"
      }
    }
  },
  "name": "LinkX - students hiring students",
  "photo": {
    "1024x576": "https://ksr-ugc.imgix.net/assets/012/340/874/be879b108624163a4325765aa06fb2f0_original.png?w=1024&h=576&fit=fill&bg=000000&v=1463756029&auto=format&q=92&s=60bca87dd09e34ef8253f169e1c5ad4d",
    "1536x864": "https://ksr-ugc.imgix.net/assets/012/340/874/be879b108624163a4325765aa06fb2f0_original.png?w=1536&h=864&fit=fill&bg=000000&v=1463756029&auto=format&q=92&s=63fad69b3e28fa3d18c85802cee8f521",
    "ed": "https://ksr-ugc.imgix.net/assets/012/340/874/be879b108624163a4325765aa06fb2f0_original.png?w=338&h=190&fit=fill&bg=000000&v=1463756029&auto=format&q=92&s=d17389ca2a1f17c42b415faab70f496c",
    "full": "https://ksr-ugc.imgix.net/assets/012/340/874/be879b108624163a4325765aa06fb2f0_original.png?w=560&h=315&fit=fill&bg=000000&v=1463756029&auto=format&q=92&s=54f264b5c73802a23b038d7989568501",
    "key": "assets/012/340/874/be879b108624163a4325765aa06fb2f0_original.png",
    "little": "https://ksr-ugc.imgix.net/assets/012/340/874/be879b108624163a4325765aa06fb2f0_original.png?w=200&h=112&fit=fill&bg=000000&v=1463756029&auto=format&q=92&s=ebe02293704cd01b2029350dcea40f97",
    "med": "https://ksr-ugc.imgix.net/assets/012/340/874/be879b108624163a4325765aa06fb2f0_original.png?w=266&h=150&fit=fill&bg=000000&v=1463756029&auto=format&q=92&s=b1f83baca9607a649ee2838b9a201f63",
    "small": "https://ksr-ugc.imgix.net/assets/012/340/874/be879b108624163a4325765aa06fb2f0_original.png?w=160&h=90&fit=fill&bg=000000&v=1463756029&auto=format&q=92&s=50335a5a7aa15bb4d57a21f136480d96",
    "thumb": "https://ksr-ugc.imgix.net/assets/012/340/874/be879b108624163a4325765aa06fb2f0_original.png?w=40&h=22&fit=fill&bg=000000&v=1463756029&auto=format&q=92&s=64382256e7f444adfc78c4e316de0a05"
  },
  "pledged": 31.0,
  "profile": {
    "background_color": null,
    "background_image_opacity": 0.8,
    "blurb": null,
    "feature_image_attributes": {
      "image_urls": {
        "baseball_card": "https://ksr-ugc.imgix.net/assets/012/340/874/be879b108624163a4325765aa06fb2f0_original.png?w=1552&h=873&fit=fill&bg=000000&v=1463756029&auto=format&q=92&s=6edff6def751986180bbcbf6fb4a71d0",
        "default": "https://ksr-ugc.imgix.net/assets/012/340/874/be879b108624163a4325765aa06fb2f0_original.png?w=1552&h=873&fit=fill&bg=000000&v=1463756029&auto=format&q=92&s=6edff6def751986180bbcbf6fb4a71d0"
      }
    },
    "id": 2295036,
    "link_background_color": null,
    "link_text": null,
    "link_text_color": null,
    "link_url": null,
    "name": null,
    "project_id": 2295036,
    "should_show_feature_image_section": true,
    "show_feature_image": false,
    "state": "inactive",
    "state_changed_at": 1451328731,
    "text_color": null
  },
  "slug": "linkx-rdp",
  "spotlight": false,
  "staff_pick": false,
  "state": "failed",
  "state_changed_at": 1458482651,
  "static_usd_rate": 1.0,
  "urls": {
    "web": {
      "project": "https://www.kickstarter.com/projects/1351727280/linkx-rdp?ref=category_newest",
      "rewards": "https://www.kickstarter.com/projects/1351727280/linkx-rdp/rewards"
    }
  },
  "usd_pledged": "31.0"
}