{
  "backers_count": 6,
  "blurb": "The combustion engine of today.",
  "category": {
    "color": 6526716,
    "id": 335,
    "name": "Fabrication Tools",
    "parent_id": 16,
    "position": 5,
    "slug": "technology/fabrication tools",
    "urls": {
      "web": {
        "discover": "http://www.kickstarter.com/discover/categories/technology/fabrication%20tools"
      }
    }
  },
  "country": "US",
  "created_at": 1458605191,
  "creator": {
    "avatar": {
      "medium": "https://ksr-ugc.imgix.net/assets/010/949/386/5a3fe6f98fe69bb4ae1e35e95575bc4d_original.jpeg?w=160&h=160&fit=crop&v=1461722388&auto=format&q=92&s=35ef38483ec25ae0bc63510000f41ec9",
      "small": "https://ksr-ugc.imgix.net/assets/010/949/386/5a3fe6f98fe69bb4ae1e35e95575bc4d_original.jpeg?w=160&h=160&fit=crop&v=1461722388&auto=format&q=92&s=35ef38483ec25ae0bc63510000f41ec9",
      "thumb": "https://ksr-ugc.imgix.net/assets/010/949/386/5a3fe6f98fe69bb4ae1e35e95575bc4d_original.jpeg?w=40&h=40&fit=crop&v=1461722388&auto=format&q=92&s=493bf7ce2348e74659242c73e25bd409"
    },
    "id": 1325629308,
    "name": "Magdi Elsherbini",
    "urls": {
      "api": {
        "user": "https://api.kickstarter.com/v1/users/1325629308?signature=1488679390.0cb801e9127818d16e45cc31bb490090acad7a14"
      },
      "web": {
        "user": "https://www.kickstarter.com/profile/1325629308"
      }
    }
  },
  "currency": "USD",
  "currency_symbol": "$",
  "currency_trailing_code": true,
  "deadline": 1464125968,
  "disable_communication": false,
  "goal": 17000.0,
  "id": 1016995738,
  "launched_at": 1458941968,
  "location": {
    "country": "US",
    "displayable_name": "East Hemet, CA",
    "id": 23417211,
    "is_root": false,
    "name": "East Hemet",
    "short_name": "East Hemet, CA",
    "slug": "east-hemet-ca",
    "state": "CA",
    "type": "Town",
    "urls": {
      "api": {
        "nearby_projects": "https://api.kickstarter.com/v1/discover?signature=1488668478.cb033ef7b2f415e4c8cbafe93a9c6c41f6538724&woe_id=23417211"
      },
      "web": {
        "discover": "https://www.kickstarter.com/discover/places/east-hemet-ca",
        "location": "https://www.kickstarter.com/locations/east-hemet-ca"
      }
    }
  },
  "name": "Rotary combustion engine",
  "photo": {
    "1024x576": "https://ksr-ugc.imgix.net/assets/012/411/507/0868b33b8d5b287fea07107b34268b53_original.JPG?w=1024&h=576&fit=fill&bg=FFFFFF&v=1463759937&auto=format&q=92&s=76e63cd77e22e21e950e014c2580ab61",
    "1536x864": "https://ksr-ugc.imgix.net/assets/012/411/507/0868b33b8d5b287fea07107b34268b53_original.JPG?w=1536&h=864&fit=fill&bg=FFFFFF&v=1463759937&auto=format&q=92&s=9ab86423a55a596617ec27fe5df4eebd",
    "ed": "https://ksr-ugc.imgix.net/assets/012/411/507/0868b33b8d5b287fea07107b34268b53_original.JPG?w=338&h=190&fit=fill&bg=FFFFFF&v=1463759937&auto=format&q=92&s=5373e830486e86028c355d23b21acec8",
    "full": "https://ksr-ugc.imgix.net/assets/012/411/507/0868b33b8d5b287fea07107b34268b53_original.JPG?w=560&h=315&fit=fill&bg=FFFFFF&v=1463759937&auto=format&q=92&s=e713f962c2f92af28c7a32c56fae6e07",
    "key": "assets/012/411/507/0868b33b8d5b287fea07107b34268b53_original.JPG",
    "little": "https://ksr-ugc.imgix.net/assets/012/411/507/0868b33b8d5b287fea07107b34268b53_original.JPG?w=200&h=112&fit=fill&bg=FFFFFF&v=1463759937&auto=format&q=92&s=119f67fa10401dcda1002e073bcdbd48",
    "med": "https://ksr-ugc.imgix.net/assets/012/411/507/0868b33b8d5b287fea07107b34268b53_original.JPG?w=266&h=150&fit=fill&bg=FFFFFF&v=1463759937&auto=format&q=92&s=dd14db40b48358bee1ef2e4abaa33a7d",
    "small": "https://ksr-ugc.imgix.net/assets/012/411/507/0868b33b8d5b287fea07107b34268b53_original.JPG?w=160&h=90&fit=fill&bg=FFFFFF&v=1463759937&auto=format&q=92&s=5c358608167982dc49c9788fd41be907",
    "thumb": "https://ksr-ugc.imgix.net/assets/012/411/507/0868b33b8d5b287fea07107b34268b53_original.JPG?w=40&h=22&fit=fill&bg=FFFFFF&v=1463759937&auto=format&q=92&s=600fe05b2a1c4db1e8097f0c5907583d"
  },
  "pledged": 115.0,
  "profile": {
    "background_color": null,
    "background_image_opacity": 0.8,
    "blurb": null,
    "feature_image_attributes": {
      "image_urls": {
        "baseball_card": "https://ksr-ugc.imgix.net/assets/012/411/507/0868b33b8d5b287fea07107b34268b53_original.JPG?w=1552&h=873&fit=fill&bg=FFFFFF&v=1463759937&auto=format&q=92&s=21adc563e09ec9fe977e331fb2fae30f",
        "default": "https://ksr-ugc.imgix.net/assets/012/411/507/0868b33b8d5b287fea07107b34268b53_original.JPG?w=1552&h=873&fit=fill&bg=FFFFFF&v=1463759937&auto=format&q=92&s=21adc563e09ec9fe977e331fb2fae30f"
      }
    },
    "id": 2434401,
    "link_background_color": null,
    "link_text": null,
    "link_text_color": null,
    "link_url": null,
    "name": null,
    "project_id": 2434401,
    "should_show_feature_image_section": true,
    "show_feature_image": false,
    "state": "inactive",
    "state_changed_at": 1458605191,
    "text_color": null
  },
  "slug": "rotary-combustion-engine",
  "spotlight": false,
  "staff_pick": false,
  "state": "failed",
  "state_changed_at": 1464125969,
  "static_usd_rate": 1.0,
  "urls": {
    "web": {
      "project": "https://www.kickstarter.com/projects/1325629308/rotary-combustion-engine?ref=category_newest",
      "rewards": "https://www.kickstarter.com/projects/1325629308/rotary-combustion-engine/rewards"
    }
  },
  "usd_pledged": "115.0"
}