{
  "backers_count": 0,
  "blurb": "When you open the Sexy Suitcase, you'll be able to store all of your important documents and bust out some tunes at any given time!",
  "category": {
    "color": 6526716,
    "id": 339,
    "name": "Sound",
    "parent_id": 16,
    "position": 12,
    "slug": "technology/sound",
    "urls": {
      "web": {
        "discover": "http://www.kickstarter.com/discover/categories/technology/sound"
      }
    }
  },
  "country": "AU",
  "created_at": 1431167435,
  "creator": {
    "avatar": {
      "medium": "https://ksr-ugc.imgix.net/assets/009/880/760/56155a8bad657ca2ff372b19488dfdcd_original.png?w=160&h=160&fit=crop&v=1461640720&auto=format&q=92&s=44ba8e6a954dbad035e9cb60d839c62e",
      "small": "https://ksr-ugc.imgix.net/assets/009/880/760/56155a8bad657ca2ff372b19488dfdcd_original.png?w=160&h=160&fit=crop&v=1461640720&auto=format&q=92&s=44ba8e6a954dbad035e9cb60d839c62e",
      "thumb": "https://ksr-ugc.imgix.net/assets/009/880/760/56155a8bad657ca2ff372b19488dfdcd_original.png?w=40&h=40&fit=crop&v=1461640720&auto=format&q=92&s=4ac4648474b099e30482c1f7794f777b"
    },
    "id": 1377133544,
    "name": "Sam",
    "urls": {
      "api": {
        "user": "https://api.kickstarter.com/v1/users/1377133544?signature=1488680479.1d9777303b9849e04727f71b2aeb91f398e89245"
      },
      "web": {
        "user": "https://www.kickstarter.com/profile/1377133544"
      }
    }
  },
  "currency": "AUD",
  "currency_symbol": "$",
  "currency_trailing_code": true,
  "deadline": 1433762946,
  "disable_communication": false,
  "goal": 2000.0,
  "id": 1017909964,
  "launched_at": 1431170946,
  "location": {
    "country": "AU",
    "displayable_name": "Newcastle, AU",
    "id": 1104584,
    "is_root": false,
    "name": "Newcastle",
    "short_name": "Newcastle, AU",
    "slug": "newcastle-au",
    "state": "NSW",
    "type": "Town",
    "urls": {
      "api": {
        "nearby_projects": "https://api.kickstarter.com/v1/discover?signature=1488668434.71d345ac61389e937b814be6532c4ebf4d19d86d&woe_id=1104584"
      },
      "web": {
        "discover": "https://www.kickstarter.com/discover/places/newcastle-au",
        "location": "https://www.kickstarter.com/locations/newcastle-au"
      }
    }
  },
  "name": "Sexy Suitcase",
  "photo": {
    "1024x576": "https://ksr-ugc.imgix.net/assets/012/132/746/17fef8fc062470ceee1a59f784ddaeed_original.jpg?w=1024&h=576&fit=fill&bg=000000&v=1463738165&auto=format&q=92&s=5e977730f6ce71f44bc3303cca1e78d6",
    "1536x864": "https://ksr-ugc.imgix.net/assets/012/132/746/17fef8fc062470ceee1a59f784ddaeed_original.jpg?w=1536&h=864&fit=fill&bg=000000&v=1463738165&auto=format&q=92&s=e50f1b089f8bc2eaace5e8abaee3297b",
    "ed": "https://ksr-ugc.imgix.net/assets/012/132/746/17fef8fc062470ceee1a59f784ddaeed_original.jpg?w=338&h=190&fit=fill&bg=000000&v=1463738165&auto=format&q=92&s=a08cd27513307e4c6018252b85b79ee7",
    "full": "https://ksr-ugc.imgix.net/assets/012/132/746/17fef8fc062470ceee1a59f784ddaeed_original.jpg?w=560&h=315&fit=fill&bg=000000&v=1463738165&auto=format&q=92&s=92ca97db18757702c0ef96f621404c5b",
    "key": "assets/012/132/746/17fef8fc062470ceee1a59f784ddaeed_original.jpg",
    "little": "https://ksr-ugc.imgix.net/assets/012/132/746/17fef8fc062470ceee1a59f784ddaeed_original.jpg?w=200&h=112&fit=fill&bg=000000&v=1463738165&auto=format&q=92&s=f5d77f832b5ee798c0328298cea6cdf1",
    "med": "https://ksr-ugc.imgix.net/assets/012/132/746/17fef8fc062470ceee1a59f784ddaeed_original.jpg?w=266&h=150&fit=fill&bg=000000&v=1463738165&auto=format&q=92&s=bc9abffcd6e2d33ae710fb5b6a0a566c",
    "small": "https://ksr-ugc.imgix.net/assets/012/132/746/17fef8fc062470ceee1a59f784ddaeed_original.jpg?w=160&h=90&fit=fill&bg=000000&v=1463738165&auto=format&q=92&s=d10ca6236f44746010a907374a6b02a5",
    "thumb": "https://ksr-ugc.imgix.net/assets/012/132/746/17fef8fc062470ceee1a59f784ddaeed_original.jpg?w=40&h=22&fit=fill&bg=000000&v=1463738165&auto=format&q=92&s=3d5e8eac1a511da6fdbab62aeb9179f7"
  },
  "pledged": 0.0,
  "profile": {
    "background_color": null,
    "background_image_opacity": 0.8,
    "blurb": null,
    "feature_image_attributes": {
      "image_urls": {
        "baseball_card": "https://ksr-ugc.imgix.net/assets/012/132/746/17fef8fc062470ceee1a59f784ddaeed_original.jpg?w=1552&h=873&fit=fill&bg=000000&v=1463738165&auto=format&q=92&s=a8d5e6f92d1014191e69519c10e8098d",
        "default": "https://ksr-ugc.imgix.net/assets/012/132/746/17fef8fc062470ceee1a59f784ddaeed_original.jpg?w=1552&h=873&fit=fill&bg=000000&v=1463738165&auto=format&q=92&s=a8d5e6f92d1014191e69519c10e8098d"
      }
    },
    "id": 1888942,
    "link_background_color": null,
    "link_text": null,
    "link_text_color": null,
    "link_url": null,
    "name": null,
    "project_id": 1888942,
    "should_show_feature_image_section": true,
    "show_feature_image": false,
    "state": "inactive",
    "state_changed_at": 1431167435,
    "text_color": null
  },
  "slug": "sexy-suitcase",
  "spotlight": false,
  "staff_pick": false,
  "state": "failed",
  "state_changed_at": 1433762950,
  "static_usd_rate": 0.78848683,
  "urls": {
    "web": {
      "project": "https://www.kickstarter.com/projects/1377133544/sexy-suitcase?ref=category_newest",
      "rewards": "https://www.kickstarter.com/projects/1377133544/sexy-suitcase/rewards"
    }
  },
  "usd_pledged": "0.0"
}