{
  "backers_count": 9,
  "blurb": "Stand out at festivals, get people talking and support our latest campaign to augment your style with the latest LED technology.",
  "category": {
    "color": 6526716,
    "id": 341,
    "name": "Wearables",
    "parent_id": 16,
    "position": 14,
    "slug": "technology/wearables",
    "urls": {
      "web": {
        "discover": "http://www.kickstarter.com/discover/categories/technology/wearables"
      }
    }
  },
  "country": "GB",
  "created_at": 1402481617,
  "creator": {
    "avatar": {
      "medium": "https://ksr-ugc.imgix.net/assets/007/481/487/4d0c901ded780189faa3a9f2492208ce_original.jpg?w=160&h=160&fit=crop&v=1461459971&auto=format&q=92&s=049a000756cc2d352a006c900e80980b",
      "small": "https://ksr-ugc.imgix.net/assets/007/481/487/4d0c901ded780189faa3a9f2492208ce_original.jpg?w=160&h=160&fit=crop&v=1461459971&auto=format&q=92&s=049a000756cc2d352a006c900e80980b",
      "thumb": "https://ksr-ugc.imgix.net/assets/007/481/487/4d0c901ded780189faa3a9f2492208ce_original.jpg?w=40&h=40&fit=crop&v=1461459971&auto=format&q=92&s=6858f77d1041693aeac312fc11761179"
    },
    "id": 763706693,
    "name": "Frederick Thomas Ford",
    "urls": {
      "api": {
        "user": "https://api.kickstarter.com/v1/users/763706693?signature=1488680629.d8171a3cec6d0944c6ddab12b401197e12df9a0e"
      },
      "web": {
        "user": "https://www.kickstarter.com/profile/763706693"
      }
    }
  },
  "currency": "GBP",
  "currency_symbol": "\u00a3",
  "currency_trailing_code": false,
  "deadline": 1405094400,
  "disable_communication": false,
  "goal": 5800.0,
  "id": 1017217801,
  "launched_at": 1403810965,
  "location": {
    "country": "GB",
    "displayable_name": "London, UK",
    "id": 44418,
    "is_root": false,
    "name": "London",
    "short_name": "London, UK",
    "slug": "london-gb",
    "state": "England",
    "type": "Town",
    "urls": {
      "api": {
        "nearby_projects": "https://api.kickstarter.com/v1/discover?signature=1488668416.b722aeee49187b0362a5f49f63b05fba1954673c&woe_id=44418"
      },
      "web": {
        "discover": "https://www.kickstarter.com/discover/places/london-gb",
        "location": "https://www.kickstarter.com/locations/london-gb"
      }
    }
  },
  "name": "Pixel Shades by R A V E Z (Canceled)",
  "photo": {
    "1024x576": "https://ksr-ugc.imgix.net/assets/011/723/351/db11dbedc192258b19e9dd3a911f8de9_original.png?w=1024&h=576&fit=fill&bg=000000&v=1463687321&auto=format&q=92&s=a21178d99e003ba26de3bb899c80a496",
    "1536x864": "https://ksr-ugc.imgix.net/assets/011/723/351/db11dbedc192258b19e9dd3a911f8de9_original.png?w=1536&h=864&fit=fill&bg=000000&v=1463687321&auto=format&q=92&s=4dbe513d4a539a19caf09a6e04cc3068",
    "ed": "https://ksr-ugc.imgix.net/assets/011/723/351/db11dbedc192258b19e9dd3a911f8de9_original.png?w=338&h=190&fit=fill&bg=000000&v=1463687321&auto=format&q=92&s=0ac21b2e228d88f2081605dc0a33fc6c",
    "full": "https://ksr-ugc.imgix.net/assets/011/723/351/db11dbedc192258b19e9dd3a911f8de9_original.png?w=560&h=315&fit=fill&bg=000000&v=1463687321&auto=format&q=92&s=0b90109359861233ecd8781b9634c38e",
    "key": "assets/011/723/351/db11dbedc192258b19e9dd3a911f8de9_original.png",
    "little": "https://ksr-ugc.imgix.net/assets/011/723/351/db11dbedc192258b19e9dd3a911f8de9_original.png?w=200&h=112&fit=fill&bg=000000&v=1463687321&auto=format&q=92&s=9dc5c824f11815392d55a46fca9a795c",
    "med": "https://ksr-ugc.imgix.net/assets/011/723/351/db11dbedc192258b19e9dd3a911f8de9_original.png?w=266&h=150&fit=fill&bg=000000&v=1463687321&auto=format&q=92&s=e0b6f45b6dcd88aae8ecfa4eaf5cfd03",
    "small": "https://ksr-ugc.imgix.net/assets/011/723/351/db11dbedc192258b19e9dd3a911f8de9_original.png?w=160&h=90&fit=fill&bg=000000&v=1463687321&auto=format&q=92&s=466b700bf9a4995fe61900e8fc769e8d",
    "thumb": "https://ksr-ugc.imgix.net/assets/011/723/351/db11dbedc192258b19e9dd3a911f8de9_original.png?w=40&h=22&fit=fill&bg=000000&v=1463687321&auto=format&q=92&s=21c6d792ec24905a3786d194d976d393"
  },
  "pledged": 876.0,
  "profile": {
    "background_color": null,
    "background_image_opacity": 0.8,
    "blurb": null,
    "feature_image_attributes": {
      "image_urls": {
        "baseball_card": "https://ksr-ugc.imgix.net/assets/011/723/351/db11dbedc192258b19e9dd3a911f8de9_original.png?w=1552&h=873&fit=fill&bg=000000&v=1463687321&auto=format&q=92&s=e7dacc3a17939c4f47156d357fe7bb17",
        "default": "https://ksr-ugc.imgix.net/assets/011/723/351/db11dbedc192258b19e9dd3a911f8de9_original.png?w=1552&h=873&fit=fill&bg=000000&v=1463687321&auto=format&q=92&s=e7dacc3a17939c4f47156d357fe7bb17"
      }
    },
    "id": 1063651,
    "link_background_color": null,
    "link_text": null,
    "link_text_color": null,
    "link_url": null,
    "name": null,
    "project_id": 1063651,
    "should_show_feature_image_section": true,
    "show_feature_image": false,
    "state": "inactive",
    "state_changed_at": 1425915859,
    "text_color": null
  },
  "slug": "pixel-shades-by-r-a-v-e-z",
  "spotlight": false,
  "staff_pick": false,
  "state": "canceled",
  "state_changed_at": 1404374538,
  "static_usd_rate": 1.69754789,
  "urls": {
    "web": {
      "project": "https://www.kickstarter.com/projects/763706693/pixel-shades-by-r-a-v-e-z?ref=category_newest",
      "rewards": "https://www.kickstarter.com/projects/763706693/pixel-shades-by-r-a-v-e-z/rewards"
    }
  },
  "usd_pledged": "1487.05195164"
}