{
  "backers_count": 1537,
  "blurb": "The Mule Light V2 - the most innovative flashlight features new hybrid mode, spotlight, task light, black light, and two power options",
  "category": {
    "color": 6526716,
    "id": 16,
    "name": "Technology",
    "position": 14,
    "slug": "technology",
    "urls": {
      "web": {
        "discover": "http://www.kickstarter.com/discover/categories/technology"
      }
    }
  },
  "country": "US",
  "created_at": 1451333957,
  "creator": {
    "avatar": {
      "medium": "https://ksr-ugc.imgix.net/assets/008/407/041/6e474429c6c54dc3502ffa6a1793b716_original.jpg?w=160&h=160&fit=crop&v=1461522232&auto=format&q=92&s=00493c5c7ad1b90c39bd36b6f4d4e722",
      "small": "https://ksr-ugc.imgix.net/assets/008/407/041/6e474429c6c54dc3502ffa6a1793b716_original.jpg?w=160&h=160&fit=crop&v=1461522232&auto=format&q=92&s=00493c5c7ad1b90c39bd36b6f4d4e722",
      "thumb": "https://ksr-ugc.imgix.net/assets/008/407/041/6e474429c6c54dc3502ffa6a1793b716_original.jpg?w=40&h=40&fit=crop&v=1461522232&auto=format&q=92&s=3f0403d9126356cf2a964ea36521786e"
    },
    "id": 1343637804,
    "name": "UV Paqlite",
    "slug": "theorb",
    "urls": {
      "api": {
        "user": "https://api.kickstarter.com/v1/users/1343637804?signature=1488662890.bd4789577fd822991dd53b81b2239178b915e11c"
      },
      "web": {
        "user": "https://www.kickstarter.com/profile/theorb"
      }
    }
  },
  "currency": "USD",
  "currency_symbol": "$",
  "currency_trailing_code": true,
  "deadline": 1460911828,
  "disable_communication": false,
  "goal": 150000.0,
  "id": 1017833625,
  "launched_at": 1458060628,
  "location": {
    "country": "US",
    "displayable_name": "Las Vegas, NV",
    "id": 2436704,
    "is_root": false,
    "name": "Las Vegas",
    "short_name": "Las Vegas, NV",
    "slug": "las-vegas-nv",
    "state": "NV",
    "type": "Town",
    "urls": {
      "api": {
        "nearby_projects": "https://api.kickstarter.com/v1/discover?signature=1488653683.157e0d443bf17191f8d1294ea564ef078c402b8a&woe_id=2436704"
      },
      "web": {
        "discover": "https://www.kickstarter.com/discover/places/las-vegas-nv",
        "location": "https://www.kickstarter.com/locations/las-vegas-nv"
      }
    }
  },
  "name": "Mule Light V2 - The Only Flashlight You Will Ever Need",
  "photo": {
    "1024x576": "https://ksr-ugc.imgix.net/assets/012/340/934/15172d7c5c6c0310451cf2184f16c450_original.jpg?w=1024&h=576&fit=fill&bg=FFFFFF&v=1463756030&auto=format&q=92&s=4bb2893f6fc414c427f9a8f64e23c77b",
    "1536x864": "https://ksr-ugc.imgix.net/assets/012/340/934/15172d7c5c6c0310451cf2184f16c450_original.jpg?w=1536&h=864&fit=fill&bg=FFFFFF&v=1463756030&auto=format&q=92&s=df9f687b230a35b281d54dda52124a19",
    "ed": "https://ksr-ugc.imgix.net/assets/012/340/934/15172d7c5c6c0310451cf2184f16c450_original.jpg?w=338&h=190&fit=fill&bg=FFFFFF&v=1463756030&auto=format&q=92&s=002ef38028894ace3b1d366d03ab2cf9",
    "full": "https://ksr-ugc.imgix.net/assets/012/340/934/15172d7c5c6c0310451cf2184f16c450_original.jpg?w=560&h=315&fit=fill&bg=FFFFFF&v=1463756030&auto=format&q=92&s=187eb3688befd3f959371eeca83cf332",
    "key": "assets/012/340/934/15172d7c5c6c0310451cf2184f16c450_original.jpg",
    "little": "https://ksr-ugc.imgix.net/assets/012/340/934/15172d7c5c6c0310451cf2184f16c450_original.jpg?w=200&h=112&fit=fill&bg=FFFFFF&v=1463756030&auto=format&q=92&s=90c07d3ef0b49e3c1bdb1ef21d15ba77",
    "med": "https://ksr-ugc.imgix.net/assets/012/340/934/15172d7c5c6c0310451cf2184f16c450_original.jpg?w=266&h=150&fit=fill&bg=FFFFFF&v=1463756030&auto=format&q=92&s=f99e2f6564dbd0148bab55cd0deef196",
    "small": "https://ksr-ugc.imgix.net/assets/012/340/934/15172d7c5c6c0310451cf2184f16c450_original.jpg?w=160&h=90&fit=fill&bg=FFFFFF&v=1463756030&auto=format&q=92&s=40a081b3b075fe5e407a14a177d8fb9b",
    "thumb": "https://ksr-ugc.imgix.net/assets/012/340/934/15172d7c5c6c0310451cf2184f16c450_original.jpg?w=40&h=22&fit=fill&bg=FFFFFF&v=1463756030&auto=format&q=92&s=636c763878eb689f496b84eb802679fd"
  },
  "pledged": 158455.0,
  "profile": {
    "background_color": "",
    "background_image_opacity": 0.8,
    "blurb": "The Mule Light V2 - the most innovative flashlight features new hybrid mode, spotlight, task light, black light, and two power options",
    "feature_image_attributes": {
      "image_urls": {
        "baseball_card": "https://ksr-ugc.imgix.net/assets/012/340/934/15172d7c5c6c0310451cf2184f16c450_original.jpg?w=1552&h=873&fit=fill&bg=FFFFFF&v=1463756030&auto=format&q=92&s=521d174d04b19ec8d0d8c0d37cd18188",
        "default": "https://ksr-ugc.imgix.net/assets/012/340/934/15172d7c5c6c0310451cf2184f16c450_original.jpg?w=1552&h=873&fit=fill&bg=FFFFFF&v=1463756030&auto=format&q=92&s=521d174d04b19ec8d0d8c0d37cd18188"
      }
    },
    "id": 2295160,
    "link_background_color": "",
    "link_text": "Follow along!",
    "link_text_color": "",
    "link_url": "https://www.uvpaqlite.com/mule-light.html",
    "name": "Mule Light V2 - The Only Flashlight You Will Ever Need",
    "project_id": 2295160,
    "should_show_feature_image_section": true,
    "show_feature_image": false,
    "state": "active",
    "state_changed_at": 1461252478,
    "text_color": ""
  },
  "slug": "mule-light-v2-the-only-flashlight-you-will-ever-ne",
  "spotlight": true,
  "staff_pick": false,
  "state": "successful",
  "state_changed_at": 1460911833,
  "static_usd_rate": 1.0,
  "urls": {
    "web": {
      "project": "https://www.kickstarter.com/projects/theorb/mule-light-v2-the-only-flashlight-you-will-ever-ne?ref=category_most_funded",
      "rewards": "https://www.kickstarter.com/projects/theorb/mule-light-v2-the-only-flashlight-you-will-ever-ne/rewards"
    }
  },
  "usd_pledged": "158455.0"
}