{
  "backers_count": 57,
  "blurb": "A 100% natural way to strengthen your pelvic floor. Regain control over your bladder after childbirth, during exercise or other moments",
  "category": {
    "color": 6526716,
    "id": 341,
    "name": "Wearables",
    "parent_id": 16,
    "position": 14,
    "slug": "technology/wearables",
    "urls": {
      "web": {
        "discover": "http://www.kickstarter.com/discover/categories/technology/wearables"
      }
    }
  },
  "country": "NL",
  "created_at": 1463561545,
  "creator": {
    "avatar": {
      "medium": "https://ksr-ugc.imgix.net/assets/011/245/128/94e2d85056f63ed88e25c46187b8b861_original.jpg?w=160&h=160&fit=crop&v=1463588979&auto=format&q=92&s=c9c250d7cf8ff5ce7a5d7bcf370ea10f",
      "small": "https://ksr-ugc.imgix.net/assets/011/245/128/94e2d85056f63ed88e25c46187b8b861_original.jpg?w=160&h=160&fit=crop&v=1463588979&auto=format&q=92&s=c9c250d7cf8ff5ce7a5d7bcf370ea10f",
      "thumb": "https://ksr-ugc.imgix.net/assets/011/245/128/94e2d85056f63ed88e25c46187b8b861_original.jpg?w=40&h=40&fit=crop&v=1463588979&auto=format&q=92&s=510dd59cc318ac75ef82230f7a0fb6a2"
    },
    "id": 1206914470,
    "name": "LifeSense",
    "urls": {
      "api": {
        "user": "https://api.kickstarter.com/v1/users/1206914470?signature=1488680567.8ad8dd7cf45ded61f984278b26b6daa99b35fa01"
      },
      "web": {
        "user": "https://www.kickstarter.com/profile/1206914470"
      }
    }
  },
  "currency": "EUR",
  "currency_symbol": "\u20ac",
  "currency_trailing_code": false,
  "deadline": 1467205373,
  "disable_communication": false,
  "goal": 15000.0,
  "id": 1017986810,
  "launched_at": 1464008573,
  "location": {
    "country": "NL",
    "displayable_name": "Eindhoven, Netherlands",
    "id": 729028,
    "is_root": false,
    "name": "Eindhoven",
    "short_name": "Eindhoven, Netherlands",
    "slug": "eindhoven-nl",
    "state": "North Brabant",
    "type": "Town",
    "urls": {
      "api": {
        "nearby_projects": "https://api.kickstarter.com/v1/discover?signature=1488668425.29ef29ba9353876a7a015d7ff6bfea9d5f6b4e45&woe_id=729028"
      },
      "web": {
        "discover": "https://www.kickstarter.com/discover/places/eindhoven-nl",
        "location": "https://www.kickstarter.com/locations/eindhoven-nl"
      }
    }
  },
  "name": "Carin Wear: No more leaks - control your bladder again",
  "photo": {
    "1024x576": "https://ksr-ugc.imgix.net/assets/012/454/694/06e4f326e4cfe53a6244df16863e4a87_original.jpg?w=1024&h=576&fit=fill&bg=EEEEEE&v=1463761884&auto=format&q=92&s=73f234dce08d5f33a4b01ae63c97a225",
    "1536x864": "https://ksr-ugc.imgix.net/assets/012/454/694/06e4f326e4cfe53a6244df16863e4a87_original.jpg?w=1536&h=864&fit=fill&bg=EEEEEE&v=1463761884&auto=format&q=92&s=6753fa40ad29631be76565317212b459",
    "ed": "https://ksr-ugc.imgix.net/assets/012/454/694/06e4f326e4cfe53a6244df16863e4a87_original.jpg?w=338&h=190&fit=fill&bg=EEEEEE&v=1463761884&auto=format&q=92&s=510afaf69156dbb0ccb3b5d95080c477",
    "full": "https://ksr-ugc.imgix.net/assets/012/454/694/06e4f326e4cfe53a6244df16863e4a87_original.jpg?w=560&h=315&fit=fill&bg=EEEEEE&v=1463761884&auto=format&q=92&s=9508ab723373d9c00877e3528ae40841",
    "key": "assets/012/454/694/06e4f326e4cfe53a6244df16863e4a87_original.jpg",
    "little": "https://ksr-ugc.imgix.net/assets/012/454/694/06e4f326e4cfe53a6244df16863e4a87_original.jpg?w=200&h=112&fit=fill&bg=EEEEEE&v=1463761884&auto=format&q=92&s=8c6dedc3561dbf134b87cf6e9e17697a",
    "med": "https://ksr-ugc.imgix.net/assets/012/454/694/06e4f326e4cfe53a6244df16863e4a87_original.jpg?w=266&h=150&fit=fill&bg=EEEEEE&v=1463761884&auto=format&q=92&s=b941122ca01593eb6ad9fe1e945e4146",
    "small": "https://ksr-ugc.imgix.net/assets/012/454/694/06e4f326e4cfe53a6244df16863e4a87_original.jpg?w=160&h=90&fit=fill&bg=EEEEEE&v=1463761884&auto=format&q=92&s=1f1457c8c325362301f2e2051d962ee9",
    "thumb": "https://ksr-ugc.imgix.net/assets/012/454/694/06e4f326e4cfe53a6244df16863e4a87_original.jpg?w=40&h=22&fit=fill&bg=EEEEEE&v=1463761884&auto=format&q=92&s=2946e0e922e534312da1429fbccf8fe0"
  },
  "pledged": 16087.0,
  "profile": {
    "background_color": null,
    "background_image_opacity": 0.8,
    "blurb": null,
    "feature_image_attributes": {
      "image_urls": {
        "baseball_card": "https://ksr-ugc.imgix.net/assets/012/454/694/06e4f326e4cfe53a6244df16863e4a87_original.jpg?w=1552&h=873&fit=fill&bg=EEEEEE&v=1463761884&auto=format&q=92&s=fd057338a01a0f74dcdc44d80af3cb05",
        "default": "https://ksr-ugc.imgix.net/assets/012/454/694/06e4f326e4cfe53a6244df16863e4a87_original.jpg?w=1552&h=873&fit=fill&bg=EEEEEE&v=1463761884&auto=format&q=92&s=fd057338a01a0f74dcdc44d80af3cb05"
      }
    },
    "id": 2520945,
    "link_background_color": null,
    "link_text": null,
    "link_text_color": null,
    "link_url": null,
    "name": null,
    "project_id": 2520945,
    "should_show_feature_image_section": true,
    "show_feature_image": false,
    "state": "inactive",
    "state_changed_at": 1463561545,
    "text_color": null
  },
  "slug": "carinwear-no-more-leaks-control-your-bladder-again",
  "spotlight": true,
  "staff_pick": true,
  "state": "successful",
  "state_changed_at": 1467205373,
  "static_usd_rate": 1.12224125,
  "urls": {
    "web": {
      "project": "https://www.kickstarter.com/projects/1206914470/carinwear-no-more-leaks-control-your-bladder-again?ref=category_newest",
      "rewards": "https://www.kickstarter.com/projects/1206914470/carinwear-no-more-leaks-control-your-bladder-again/rewards"
    }
  },
  "usd_pledged": "18053.49498875"
}