{
  "backers_count": 0,
  "blurb": "The new level of memes! Let's build a new social where find the new, best, fresh memes!",
  "category": {
    "color": 6526716,
    "id": 342,
    "name": "Web",
    "parent_id": 16,
    "position": 15,
    "slug": "technology/web",
    "urls": {
      "web": {
        "discover": "http://www.kickstarter.com/discover/categories/technology/web"
      }
    }
  },
  "country": "IT",
  "created_at": 1476538639,
  "creator": {
    "avatar": {
      "medium": "https://ksr-ugc.imgix.net/assets/010/869/677/1ecd891082b0d4f395d6e9d8625ac79a_original.jpeg?w=160&h=160&fit=crop&v=1461717419&auto=format&q=92&s=761c033d04a49b7c2d64472cc0d37364",
      "small": "https://ksr-ugc.imgix.net/assets/010/869/677/1ecd891082b0d4f395d6e9d8625ac79a_original.jpeg?w=160&h=160&fit=crop&v=1461717419&auto=format&q=92&s=761c033d04a49b7c2d64472cc0d37364",
      "thumb": "https://ksr-ugc.imgix.net/assets/010/869/677/1ecd891082b0d4f395d6e9d8625ac79a_original.jpeg?w=40&h=40&fit=crop&v=1461717419&auto=format&q=92&s=afc05f33226664cb0943bacce2960330"
    },
    "id": 219547684,
    "name": "Ferdinando Bonsegna",
    "urls": {
      "api": {
        "user": "https://api.kickstarter.com/v1/users/219547684?signature=1488681024.7439367f7fc081f9093d42737afd65fd96fd16b8"
      },
      "web": {
        "user": "https://www.kickstarter.com/profile/219547684"
      }
    }
  },
  "currency": "EUR",
  "currency_symbol": "\u20ac",
  "currency_trailing_code": false,
  "deadline": 1479313226,
  "disable_communication": false,
  "goal": 20250.0,
  "id": 1017563394,
  "launched_at": 1476717626,
  "location": {
    "country": "IT",
    "displayable_name": "Europa, Italy",
    "id": 29340220,
    "is_root": false,
    "name": "Europa",
    "short_name": "Europa, Italy",
    "slug": "europa-it",
    "state": "Calabria",
    "type": "Town",
    "urls": {
      "api": {
        "nearby_projects": "https://api.kickstarter.com/v1/discover?signature=1488668490.c92b78a0b24a9bd2645fbace2d4881a1ed48bbb6&woe_id=29340220"
      },
      "web": {
        "discover": "https://www.kickstarter.com/discover/places/europa-it",
        "location": "https://www.kickstarter.com/locations/europa-it"
      }
    }
  },
  "name": "Stoofer - Meme Social Network (Canceled)",
  "photo": {
    "1024x576": "https://ksr-ugc.imgix.net/assets/014/120/770/bcfcd5c352072168cee5c88b31c1307c_original.jpg?w=1024&h=576&fit=fill&bg=000000&v=1476539561&auto=format&q=92&s=ed7137701fa77ed6c9ec9b35a541fb60",
    "1536x864": "https://ksr-ugc.imgix.net/assets/014/120/770/bcfcd5c352072168cee5c88b31c1307c_original.jpg?w=1536&h=864&fit=fill&bg=000000&v=1476539561&auto=format&q=92&s=e0d3dd9b8c55350c273a0de7c57afe52",
    "ed": "https://ksr-ugc.imgix.net/assets/014/120/770/bcfcd5c352072168cee5c88b31c1307c_original.jpg?w=338&h=190&fit=fill&bg=000000&v=1476539561&auto=format&q=92&s=223eabe9942b4089b57e987fc4fa0c90",
    "full": "https://ksr-ugc.imgix.net/assets/014/120/770/bcfcd5c352072168cee5c88b31c1307c_original.jpg?w=560&h=315&fit=fill&bg=000000&v=1476539561&auto=format&q=92&s=977165f7a37a05af8e2170ecae215010",
    "key": "assets/014/120/770/bcfcd5c352072168cee5c88b31c1307c_original.jpg",
    "little": "https://ksr-ugc.imgix.net/assets/014/120/770/bcfcd5c352072168cee5c88b31c1307c_original.jpg?w=200&h=112&fit=fill&bg=000000&v=1476539561&auto=format&q=92&s=92363909f04a59ae4c3da52214f45fe4",
    "med": "https://ksr-ugc.imgix.net/assets/014/120/770/bcfcd5c352072168cee5c88b31c1307c_original.jpg?w=266&h=150&fit=fill&bg=000000&v=1476539561&auto=format&q=92&s=ce4a5fcdac5024ad8b512a82a50ab550",
    "small": "https://ksr-ugc.imgix.net/assets/014/120/770/bcfcd5c352072168cee5c88b31c1307c_original.jpg?w=160&h=90&fit=fill&bg=000000&v=1476539561&auto=format&q=92&s=a08a614d663058eb4b21b5e02d34ab03",
    "thumb": "https://ksr-ugc.imgix.net/assets/014/120/770/bcfcd5c352072168cee5c88b31c1307c_original.jpg?w=40&h=22&fit=fill&bg=000000&v=1476539561&auto=format&q=92&s=5c8dc9cea9e0d5744707510bd01cc381"
  },
  "pledged": 0.0,
  "profile": {
    "background_color": null,
    "background_image_opacity": 0.8,
    "blurb": null,
    "feature_image_attributes": {
      "image_urls": {
        "baseball_card": "https://ksr-ugc.imgix.net/assets/014/120/770/bcfcd5c352072168cee5c88b31c1307c_original.jpg?w=1552&h=873&fit=fill&bg=000000&v=1476539561&auto=format&q=92&s=a7c6d1c3ac83861384e9b8363223838e",
        "default": "https://ksr-ugc.imgix.net/assets/014/120/770/bcfcd5c352072168cee5c88b31c1307c_original.jpg?w=1552&h=873&fit=fill&bg=000000&v=1476539561&auto=format&q=92&s=a7c6d1c3ac83861384e9b8363223838e"
      }
    },
    "id": 2719875,
    "link_background_color": null,
    "link_text": null,
    "link_text_color": null,
    "link_url": null,
    "name": null,
    "project_id": 2719875,
    "should_show_feature_image_section": true,
    "show_feature_image": false,
    "state": "inactive",
    "state_changed_at": 1476538639,
    "text_color": null
  },
  "slug": "stoofer-meme-social-network",
  "spotlight": false,
  "staff_pick": false,
  "state": "canceled",
  "state_changed_at": 1478105996,
  "static_usd_rate": 1.09727328,
  "urls": {
    "web": {
      "project": "https://www.kickstarter.com/projects/219547684/stoofer-meme-social-network?ref=category_newest",
      "rewards": "https://www.kickstarter.com/projects/219547684/stoofer-meme-social-network/rewards"
    }
  },
  "usd_pledged": "0.0"
}