{
  "backers_count": 68,
  "blurb": "The Photon is a solar self charging boombox scooter with integrated speakers built on a solar pod with bluetooth and USB charging port.",
  "category": {
    "color": 6526716,
    "id": 52,
    "name": "Hardware",
    "parent_id": 16,
    "position": 8,
    "slug": "technology/hardware",
    "urls": {
      "web": {
        "discover": "http://www.kickstarter.com/discover/categories/technology/hardware"
      }
    }
  },
  "country": "CA",
  "created_at": 1432834493,
  "creator": {
    "avatar": {
      "medium": "https://ksr-ugc.imgix.net/assets/008/815/639/8aa397347e807647e41365d4c08a8583_original.jpg?w=160&h=160&fit=crop&v=1461544995&auto=format&q=92&s=cd52961746a32eebddb16095cb8e98aa",
      "small": "https://ksr-ugc.imgix.net/assets/008/815/639/8aa397347e807647e41365d4c08a8583_original.jpg?w=160&h=160&fit=crop&v=1461544995&auto=format&q=92&s=cd52961746a32eebddb16095cb8e98aa",
      "thumb": "https://ksr-ugc.imgix.net/assets/008/815/639/8aa397347e807647e41365d4c08a8583_original.jpg?w=40&h=40&fit=crop&v=1461544995&auto=format&q=92&s=b6bc076c610a6b6f3fa83d2325c7bd63"
    },
    "id": 867054068,
    "name": "Daymak Inc.",
    "urls": {
      "api": {
        "user": "https://api.kickstarter.com/v1/users/867054068?signature=1488679799.60be22a49228583a8e41cade4a3adb0dcdd24962"
      },
      "web": {
        "user": "https://www.kickstarter.com/profile/867054068"
      }
    }
  },
  "currency": "CAD",
  "currency_symbol": "$",
  "currency_trailing_code": true,
  "deadline": 1438013403,
  "disable_communication": false,
  "goal": 30000.0,
  "id": 1018486946,
  "launched_at": 1434643803,
  "location": {
    "country": "CA",
    "displayable_name": "Toronto, Canada",
    "id": 4118,
    "is_root": false,
    "name": "Toronto",
    "short_name": "Toronto, Canada",
    "slug": "toronto-on-ca",
    "state": "ON",
    "type": "Town",
    "urls": {
      "api": {
        "nearby_projects": "https://api.kickstarter.com/v1/discover?signature=1488668420.6cf3cba43c384a6530561e4c2f027f089e49c3ee&woe_id=4118"
      },
      "web": {
        "discover": "https://www.kickstarter.com/discover/places/toronto-on-ca",
        "location": "https://www.kickstarter.com/locations/toronto-on-ca"
      }
    }
  },
  "name": "Daymak Photon Scooter",
  "photo": {
    "1024x576": "https://ksr-ugc.imgix.net/assets/012/151/573/db02890129d7b2eb0f68b46d5580d88a_original.jpg?w=1024&h=576&fit=fill&bg=000000&v=1463738769&auto=format&q=92&s=28362ea2a289e921c2c257144ef19fb6",
    "1536x864": "https://ksr-ugc.imgix.net/assets/012/151/573/db02890129d7b2eb0f68b46d5580d88a_original.jpg?w=1536&h=864&fit=fill&bg=000000&v=1463738769&auto=format&q=92&s=5114360fa19d8ba6a4bf98193f5a63fa",
    "ed": "https://ksr-ugc.imgix.net/assets/012/151/573/db02890129d7b2eb0f68b46d5580d88a_original.jpg?w=338&h=190&fit=fill&bg=000000&v=1463738769&auto=format&q=92&s=16b70f24fe9f90a441e54e6e00e72e42",
    "full": "https://ksr-ugc.imgix.net/assets/012/151/573/db02890129d7b2eb0f68b46d5580d88a_original.jpg?w=560&h=315&fit=fill&bg=000000&v=1463738769&auto=format&q=92&s=6c132839c345fea25057874519f47a81",
    "key": "assets/012/151/573/db02890129d7b2eb0f68b46d5580d88a_original.jpg",
    "little": "https://ksr-ugc.imgix.net/assets/012/151/573/db02890129d7b2eb0f68b46d5580d88a_original.jpg?w=200&h=112&fit=fill&bg=000000&v=1463738769&auto=format&q=92&s=c589e6575d9e8a15d301f22f10f941b6",
    "med": "https://ksr-ugc.imgix.net/assets/012/151/573/db02890129d7b2eb0f68b46d5580d88a_original.jpg?w=266&h=150&fit=fill&bg=000000&v=1463738769&auto=format&q=92&s=a552196fe05aa29a52eabab51fde234c",
    "small": "https://ksr-ugc.imgix.net/assets/012/151/573/db02890129d7b2eb0f68b46d5580d88a_original.jpg?w=160&h=90&fit=fill&bg=000000&v=1463738769&auto=format&q=92&s=bd06634ed2c6be5b33472223425f5743",
    "thumb": "https://ksr-ugc.imgix.net/assets/012/151/573/db02890129d7b2eb0f68b46d5580d88a_original.jpg?w=40&h=22&fit=fill&bg=000000&v=1463738769&auto=format&q=92&s=e7aeb39293521c5a4b95f37821471298"
  },
  "pledged": 35288.5,
  "profile": {
    "background_color": null,
    "background_image_opacity": 0.8,
    "blurb": null,
    "feature_image_attributes": {
      "image_urls": {
        "baseball_card": "https://ksr-ugc.imgix.net/assets/012/151/573/db02890129d7b2eb0f68b46d5580d88a_original.jpg?w=1552&h=873&fit=fill&bg=000000&v=1463738769&auto=format&q=92&s=2f54ddec900f3dd3bb6394b8544dd5c7",
        "default": "https://ksr-ugc.imgix.net/assets/012/151/573/db02890129d7b2eb0f68b46d5580d88a_original.jpg?w=1552&h=873&fit=fill&bg=000000&v=1463738769&auto=format&q=92&s=2f54ddec900f3dd3bb6394b8544dd5c7"
      }
    },
    "id": 1926497,
    "link_background_color": null,
    "link_text": null,
    "link_text_color": null,
    "link_url": null,
    "name": null,
    "project_id": 1926497,
    "should_show_feature_image_section": true,
    "show_feature_image": false,
    "state": "inactive",
    "state_changed_at": 1432834493,
    "text_color": null
  },
  "slug": "daymak-photon-scooter",
  "spotlight": true,
  "staff_pick": false,
  "state": "successful",
  "state_changed_at": 1438013403,
  "static_usd_rate": 0.81296186,
  "urls": {
    "web": {
      "project": "https://www.kickstarter.com/projects/867054068/daymak-photon-scooter?ref=category_newest",
      "rewards": "https://www.kickstarter.com/projects/867054068/daymak-photon-scooter/rewards"
    }
  },
  "usd_pledged": "28688.20459661"
}