{
  "backers_count": 215,
  "blurb": "The Ultimate Men's Underwear that's made of LINEN.  Let your body cool itself with linen fabric.  At Maqoo we innovate better fabrics.",
  "category": {
    "color": 6526716,
    "id": 341,
    "name": "Wearables",
    "parent_id": 16,
    "position": 14,
    "slug": "technology/wearables",
    "urls": {
      "web": {
        "discover": "http://www.kickstarter.com/discover/categories/technology/wearables"
      }
    }
  },
  "country": "US",
  "created_at": 1433755233,
  "creator": {
    "avatar": {
      "medium": "https://ksr-ugc.imgix.net/assets/009/438/791/ec50283961a351aabf4908fc5fb4c448_original.jpg?w=160&h=160&fit=crop&v=1464854843&auto=format&q=92&s=b28d5055dc0778b9218ecacd4b0230c3",
      "small": "https://ksr-ugc.imgix.net/assets/009/438/791/ec50283961a351aabf4908fc5fb4c448_original.jpg?w=160&h=160&fit=crop&v=1464854843&auto=format&q=92&s=b28d5055dc0778b9218ecacd4b0230c3",
      "thumb": "https://ksr-ugc.imgix.net/assets/009/438/791/ec50283961a351aabf4908fc5fb4c448_original.jpg?w=40&h=40&fit=crop&v=1464854843&auto=format&q=92&s=cfd43919271499b49d1e7e5cf0d1a503"
    },
    "id": 1766500189,
    "name": "Maqoo LLC",
    "slug": "maqoo",
    "urls": {
      "api": {
        "user": "https://api.kickstarter.com/v1/users/1766500189?signature=1488680555.f43d1f9a49811f24f074ad96fa4ab019cc1c8dd4"
      },
      "web": {
        "user": "https://www.kickstarter.com/profile/maqoo"
      }
    }
  },
  "currency": "USD",
  "currency_symbol": "$",
  "currency_trailing_code": true,
  "deadline": 1440680476,
  "disable_communication": false,
  "goal": 10000.0,
  "id": 1018159305,
  "launched_at": 1438002076,
  "location": {
    "country": "US",
    "displayable_name": "Los Angeles, CA",
    "id": 2442047,
    "is_root": false,
    "name": "Los Angeles",
    "short_name": "Los Angeles, CA",
    "slug": "los-angeles-ca",
    "state": "CA",
    "type": "Town",
    "urls": {
      "api": {
        "nearby_projects": "https://api.kickstarter.com/v1/discover?signature=1488668418.2de3dd8b85798392a2853b73be0e5dca0bc529fa&woe_id=2442047"
      },
      "web": {
        "discover": "https://www.kickstarter.com/discover/places/los-angeles-ca",
        "location": "https://www.kickstarter.com/locations/los-angeles-ca"
      }
    }
  },
  "name": "Maqoo ||  Underwear Revolution",
  "photo": {
    "1024x576": "https://ksr-ugc.imgix.net/assets/012/161/379/57d5aa39c69c1c42c36112cd8d60e2b5_original.jpg?w=1024&h=576&fit=fill&bg=000000&v=1463739066&auto=format&q=92&s=750a0983da145466e6000fa33afeb75c",
    "1536x864": "https://ksr-ugc.imgix.net/assets/012/161/379/57d5aa39c69c1c42c36112cd8d60e2b5_original.jpg?w=1536&h=864&fit=fill&bg=000000&v=1463739066&auto=format&q=92&s=18bf0f43b6553a72139f5da17f382b8a",
    "ed": "https://ksr-ugc.imgix.net/assets/012/161/379/57d5aa39c69c1c42c36112cd8d60e2b5_original.jpg?w=338&h=190&fit=fill&bg=000000&v=1463739066&auto=format&q=92&s=49d8b7365b74dbb85860c45e9bceb4cf",
    "full": "https://ksr-ugc.imgix.net/assets/012/161/379/57d5aa39c69c1c42c36112cd8d60e2b5_original.jpg?w=560&h=315&fit=fill&bg=000000&v=1463739066&auto=format&q=92&s=ebcec5d52764a37bea80e17f84ab927b",
    "key": "assets/012/161/379/57d5aa39c69c1c42c36112cd8d60e2b5_original.jpg",
    "little": "https://ksr-ugc.imgix.net/assets/012/161/379/57d5aa39c69c1c42c36112cd8d60e2b5_original.jpg?w=200&h=112&fit=fill&bg=000000&v=1463739066&auto=format&q=92&s=701bb7447897c6e1a84b913dcb547139",
    "med": "https://ksr-ugc.imgix.net/assets/012/161/379/57d5aa39c69c1c42c36112cd8d60e2b5_original.jpg?w=266&h=150&fit=fill&bg=000000&v=1463739066&auto=format&q=92&s=2e3ccdfc5db3eda622f403a8927d1cf8",
    "small": "https://ksr-ugc.imgix.net/assets/012/161/379/57d5aa39c69c1c42c36112cd8d60e2b5_original.jpg?w=160&h=90&fit=fill&bg=000000&v=1463739066&auto=format&q=92&s=f56910e72fb3c676fad98eaa57ec4f53",
    "thumb": "https://ksr-ugc.imgix.net/assets/012/161/379/57d5aa39c69c1c42c36112cd8d60e2b5_original.jpg?w=40&h=22&fit=fill&bg=000000&v=1463739066&auto=format&q=92&s=c99301b6f1bc81911bd47cbdf9ef9ce6"
  },
  "pledged": 20848.0,
  "profile": {
    "background_color": "ffffff",
    "background_image_opacity": 0.8,
    "blurb": "The Ultimate Men's Underwear that's made of LINEN.  Let your body cool itself with linen fabric.  At Maqoo we innovate better fabrics.",
    "feature_image_attributes": {
      "image_urls": {
        "baseball_card": "https://ksr-ugc.imgix.net/assets/012/161/379/57d5aa39c69c1c42c36112cd8d60e2b5_original.jpg?w=1552&h=873&fit=fill&bg=000000&v=1463739066&auto=format&q=92&s=8f465df99d68863e1822727bbc250074",
        "default": "https://ksr-ugc.imgix.net/assets/012/161/379/57d5aa39c69c1c42c36112cd8d60e2b5_original.jpg?w=1552&h=873&fit=fill&bg=000000&v=1463739066&auto=format&q=92&s=8f465df99d68863e1822727bbc250074"
      }
    },
    "id": 1945845,
    "link_background_color": "",
    "link_text": "www.maqoo.com",
    "link_text_color": "",
    "link_url": "http://www.maqoo.com",
    "name": "Maqoo ||  Underwear Revolution",
    "project_id": 1945845,
    "should_show_feature_image_section": true,
    "show_feature_image": false,
    "state": "active",
    "state_changed_at": 1440681423,
    "text_color": "000000"
  },
  "slug": "a-mens-underwear-revolution-maqoo",
  "spotlight": true,
  "staff_pick": false,
  "state": "successful",
  "state_changed_at": 1440680476,
  "static_usd_rate": 1.0,
  "urls": {
    "web": {
      "project": "https://www.kickstarter.com/projects/maqoo/a-mens-underwear-revolution-maqoo?ref=category_newest",
      "rewards": "https://www.kickstarter.com/projects/maqoo/a-mens-underwear-revolution-maqoo/rewards"
    }
  },
  "usd_pledged": "20848.0"
}