{
  "backers_count": 7,
  "blurb": "A safe way for moms to find moms who can swap their time to watch each other's children for free. Not your typical baby sitter website.",
  "category": {
    "color": 6526716,
    "id": 342,
    "name": "Web",
    "parent_id": 16,
    "position": 15,
    "slug": "technology/web",
    "urls": {
      "web": {
        "discover": "http://www.kickstarter.com/discover/categories/technology/web"
      }
    }
  },
  "country": "US",
  "created_at": 1423324060,
  "creator": {
    "avatar": {
      "medium": "https://ksr-ugc.imgix.net/assets/009/544/861/f0d21d84f381ca6f4a58e4d20ed44f6f_original.JPG?w=160&h=160&fit=crop&v=1461602292&auto=format&q=92&s=28a6a801a7a2689d663ea81885e119c8",
      "small": "https://ksr-ugc.imgix.net/assets/009/544/861/f0d21d84f381ca6f4a58e4d20ed44f6f_original.JPG?w=160&h=160&fit=crop&v=1461602292&auto=format&q=92&s=28a6a801a7a2689d663ea81885e119c8",
      "thumb": "https://ksr-ugc.imgix.net/assets/009/544/861/f0d21d84f381ca6f4a58e4d20ed44f6f_original.JPG?w=40&h=40&fit=crop&v=1461602292&auto=format&q=92&s=323dfb32d257d913d28b67aa866dff7d"
    },
    "id": 750175022,
    "name": "Thema Frangias & Wesly Delva",
    "urls": {
      "api": {
        "user": "https://api.kickstarter.com/v1/users/750175022?signature=1488680794.919dc552abb583c83276861d433321531ffacce8"
      },
      "web": {
        "user": "https://www.kickstarter.com/profile/750175022"
      }
    }
  },
  "currency": "USD",
  "currency_symbol": "$",
  "currency_trailing_code": true,
  "deadline": 1427727056,
  "disable_communication": false,
  "goal": 10000.0,
  "id": 1018424356,
  "launched_at": 1425484256,
  "location": {
    "country": "US",
    "displayable_name": "Buffalo, NY",
    "id": 2371464,
    "is_root": false,
    "name": "Buffalo",
    "short_name": "Buffalo, NY",
    "slug": "buffalo-ny",
    "state": "NY",
    "type": "Town",
    "urls": {
      "api": {
        "nearby_projects": "https://api.kickstarter.com/v1/discover?signature=1488668419.3d593ffe6e9a5bc19fccbe149e6ffce8853392f0&woe_id=2371464"
      },
      "web": {
        "discover": "https://www.kickstarter.com/discover/places/buffalo-ny",
        "location": "https://www.kickstarter.com/locations/buffalo-ny"
      }
    }
  },
  "name": "MommySwap.com (A Unique Childcare Solution)",
  "photo": {
    "1024x576": "https://ksr-ugc.imgix.net/assets/012/029/031/7a22570efe4efc467c7f1d1b8acaf38e_original.png?w=1024&h=576&fit=fill&bg=000000&v=1463725442&auto=format&q=92&s=55c29b83132c4c3e5f99bd52072284a4",
    "1536x864": "https://ksr-ugc.imgix.net/assets/012/029/031/7a22570efe4efc467c7f1d1b8acaf38e_original.png?w=1536&h=864&fit=fill&bg=000000&v=1463725442&auto=format&q=92&s=05bb46a5d385e2d8046d1ccb45ca3e63",
    "ed": "https://ksr-ugc.imgix.net/assets/012/029/031/7a22570efe4efc467c7f1d1b8acaf38e_original.png?w=338&h=190&fit=fill&bg=000000&v=1463725442&auto=format&q=92&s=8a20796d7556069ae686b4c8b4ea0179",
    "full": "https://ksr-ugc.imgix.net/assets/012/029/031/7a22570efe4efc467c7f1d1b8acaf38e_original.png?w=560&h=315&fit=fill&bg=000000&v=1463725442&auto=format&q=92&s=111324e082d224366e522362f34e0292",
    "key": "assets/012/029/031/7a22570efe4efc467c7f1d1b8acaf38e_original.png",
    "little": "https://ksr-ugc.imgix.net/assets/012/029/031/7a22570efe4efc467c7f1d1b8acaf38e_original.png?w=200&h=112&fit=fill&bg=000000&v=1463725442&auto=format&q=92&s=2cc6ea724640f5f24f06e68ae2d053e3",
    "med": "https://ksr-ugc.imgix.net/assets/012/029/031/7a22570efe4efc467c7f1d1b8acaf38e_original.png?w=266&h=150&fit=fill&bg=000000&v=1463725442&auto=format&q=92&s=7dce100552b12b90ddf0afcc491f77c6",
    "small": "https://ksr-ugc.imgix.net/assets/012/029/031/7a22570efe4efc467c7f1d1b8acaf38e_original.png?w=160&h=90&fit=fill&bg=000000&v=1463725442&auto=format&q=92&s=259c13db4b6be2280d5f9d0d821dbb11",
    "thumb": "https://ksr-ugc.imgix.net/assets/012/029/031/7a22570efe4efc467c7f1d1b8acaf38e_original.png?w=40&h=22&fit=fill&bg=000000&v=1463725442&auto=format&q=92&s=a0659359c1ba42f293d5a918aea921e9"
  },
  "pledged": 200.0,
  "profile": {
    "background_color": null,
    "background_image_opacity": 0.8,
    "blurb": null,
    "feature_image_attributes": {
      "image_urls": {
        "baseball_card": "https://ksr-ugc.imgix.net/assets/012/029/031/7a22570efe4efc467c7f1d1b8acaf38e_original.png?w=1552&h=873&fit=fill&bg=000000&v=1463725442&auto=format&q=92&s=d1cde054c5db409bb84566adacb016e9",
        "default": "https://ksr-ugc.imgix.net/assets/012/029/031/7a22570efe4efc467c7f1d1b8acaf38e_original.png?w=1552&h=873&fit=fill&bg=000000&v=1463725442&auto=format&q=92&s=d1cde054c5db409bb84566adacb016e9"
      }
    },
    "id": 1689614,
    "link_background_color": null,
    "link_text": null,
    "link_text_color": null,
    "link_url": null,
    "name": null,
    "project_id": 1689614,
    "should_show_feature_image_section": true,
    "show_feature_image": false,
    "state": "inactive",
    "state_changed_at": 1425915893,
    "text_color": null
  },
  "slug": "mommyswapcom-a-unique-childcare-solution",
  "spotlight": false,
  "staff_pick": false,
  "state": "failed",
  "state_changed_at": 1427727058,
  "static_usd_rate": 1.0,
  "urls": {
    "web": {
      "project": "https://www.kickstarter.com/projects/750175022/mommyswapcom-a-unique-childcare-solution?ref=category_newest",
      "rewards": "https://www.kickstarter.com/projects/750175022/mommyswapcom-a-unique-childcare-solution/rewards"
    }
  },
  "usd_pledged": "200.0"
}