{
  "backers_count": 2,
  "blurb": "NEVER LOSE OR DROP YOUR PHONE!\nSTRONG RETRACTABLE 20in CORD.\nADJUSTABLE TO ALL PHONES UP to 8.5cm WIDE.\nGO TO youtube VIDEO link ==>",
  "category": {
    "color": 6526716,
    "id": 52,
    "name": "Hardware",
    "parent_id": 16,
    "position": 8,
    "slug": "technology/hardware",
    "urls": {
      "web": {
        "discover": "http://www.kickstarter.com/discover/categories/technology/hardware"
      }
    }
  },
  "country": "US",
  "created_at": 1458246160,
  "creator": {
    "avatar": {
      "medium": "https://ksr-ugc.imgix.net/missing_user_avatar.png?w=160&h=160&fit=crop&v=&auto=format&q=92&s=c40e6ddb23a144ee8beca514ec2d6e58",
      "small": "https://ksr-ugc.imgix.net/missing_user_avatar.png?w=160&h=160&fit=crop&v=&auto=format&q=92&s=c40e6ddb23a144ee8beca514ec2d6e58",
      "thumb": "https://ksr-ugc.imgix.net/missing_user_avatar.png?w=40&h=40&fit=crop&v=&auto=format&q=92&s=8c0db61c92692000c2678b375fc31714"
    },
    "id": 77418867,
    "name": "Marcel Choueiry (deleted)",
    "urls": {
      "api": {
        "user": "https://api.kickstarter.com/v1/users/77418867?signature=1488680056.5d065eef1ad9f486f5f09362bf2c7a19835185cc"
      },
      "web": {
        "user": "https://www.kickstarter.com/profile/77418867"
      }
    }
  },
  "currency": "USD",
  "currency_symbol": "$",
  "currency_trailing_code": true,
  "deadline": 1463905045,
  "disable_communication": false,
  "goal": 10000.0,
  "id": 1018080814,
  "launched_at": 1458721045,
  "location": {
    "country": "US",
    "displayable_name": "Naples, FL",
    "id": 2457027,
    "is_root": false,
    "name": "Naples",
    "short_name": "Naples, FL",
    "slug": "naples-fl",
    "state": "FL",
    "type": "Town",
    "urls": {
      "api": {
        "nearby_projects": "https://api.kickstarter.com/v1/discover?signature=1488668423.9eed42acc75acfc07b9f3dda1b80a468eee7abb1&woe_id=2457027"
      },
      "web": {
        "discover": "https://www.kickstarter.com/discover/places/naples-fl",
        "location": "https://www.kickstarter.com/locations/naples-fl"
      }
    }
  },
  "name": "UNIVERSAL PHONE LEASH (Canceled)",
  "photo": {
    "1024x576": "https://ksr-ugc.imgix.net/assets/012/408/439/7759c7bd5ac960ee4f64e7503594b632_original.jpg?w=1024&h=576&fit=fill&bg=C6D3E3&v=1463759784&auto=format&q=92&s=8ff5c5e5a0fd172e5160b22ba6128df6",
    "1536x864": "https://ksr-ugc.imgix.net/assets/012/408/439/7759c7bd5ac960ee4f64e7503594b632_original.jpg?w=1536&h=864&fit=fill&bg=C6D3E3&v=1463759784&auto=format&q=92&s=6775b5e83700ba0027e6e09491cf88d4",
    "ed": "https://ksr-ugc.imgix.net/assets/012/408/439/7759c7bd5ac960ee4f64e7503594b632_original.jpg?w=338&h=190&fit=fill&bg=C6D3E3&v=1463759784&auto=format&q=92&s=15dfaf227a1b6fcabb8f5a71bb8ba98c",
    "full": "https://ksr-ugc.imgix.net/assets/012/408/439/7759c7bd5ac960ee4f64e7503594b632_original.jpg?w=560&h=315&fit=fill&bg=C6D3E3&v=1463759784&auto=format&q=92&s=2bd0794f2f66040645ef0b977039aaf6",
    "key": "assets/012/408/439/7759c7bd5ac960ee4f64e7503594b632_original.jpg",
    "little": "https://ksr-ugc.imgix.net/assets/012/408/439/7759c7bd5ac960ee4f64e7503594b632_original.jpg?w=200&h=112&fit=fill&bg=C6D3E3&v=1463759784&auto=format&q=92&s=db5c276ecdf426390d084f51f8fa7b76",
    "med": "https://ksr-ugc.imgix.net/assets/012/408/439/7759c7bd5ac960ee4f64e7503594b632_original.jpg?w=266&h=150&fit=fill&bg=C6D3E3&v=1463759784&auto=format&q=92&s=3dbfab24e3a9317241b1bc6249f39bb9",
    "small": "https://ksr-ugc.imgix.net/assets/012/408/439/7759c7bd5ac960ee4f64e7503594b632_original.jpg?w=160&h=90&fit=fill&bg=C6D3E3&v=1463759784&auto=format&q=92&s=1c5af2aa9eb0c306f1cdce70f6a115fd",
    "thumb": "https://ksr-ugc.imgix.net/assets/012/408/439/7759c7bd5ac960ee4f64e7503594b632_original.jpg?w=40&h=22&fit=fill&bg=C6D3E3&v=1463759784&auto=format&q=92&s=cba4c5bee49053227c9f84488e11cd8d"
  },
  "pledged": 6.0,
  "profile": {
    "background_color": null,
    "background_image_opacity": 0.8,
    "blurb": null,
    "feature_image_attributes": {
      "image_urls": {
        "baseball_card": "https://ksr-ugc.imgix.net/assets/012/408/439/7759c7bd5ac960ee4f64e7503594b632_original.jpg?w=1552&h=873&fit=fill&bg=C6D3E3&v=1463759784&auto=format&q=92&s=2e1d178c4943276fb238c1fedcff810d",
        "default": "https://ksr-ugc.imgix.net/assets/012/408/439/7759c7bd5ac960ee4f64e7503594b632_original.jpg?w=1552&h=873&fit=fill&bg=C6D3E3&v=1463759784&auto=format&q=92&s=2e1d178c4943276fb238c1fedcff810d"
      }
    },
    "id": 2428201,
    "link_background_color": null,
    "link_text": null,
    "link_text_color": null,
    "link_url": null,
    "name": null,
    "project_id": 2428201,
    "should_show_feature_image_section": true,
    "show_feature_image": false,
    "state": "inactive",
    "state_changed_at": 1458246160,
    "text_color": null
  },
  "slug": "universal-phone-leash",
  "spotlight": false,
  "staff_pick": false,
  "state": "canceled",
  "state_changed_at": 1460501832,
  "static_usd_rate": 1.0,
  "urls": {
    "web": {
      "project": "https://www.kickstarter.com/projects/77418867/universal-phone-leash?ref=category_newest",
      "rewards": "https://www.kickstarter.com/projects/77418867/universal-phone-leash/rewards"
    }
  },
  "usd_pledged": "6.0"
}