{
  "backers_count": 1,
  "blurb": "Ocutask is the platform whereby customers and service providers exchange real-time information and updates about projects.",
  "category": {
    "color": 6526716,
    "id": 332,
    "name": "Apps",
    "parent_id": 16,
    "position": 2,
    "slug": "technology/apps",
    "urls": {
      "web": {
        "discover": "http://www.kickstarter.com/discover/categories/technology/apps"
      }
    }
  },
  "country": "US",
  "created_at": 1438102377,
  "creator": {
    "avatar": {
      "medium": "https://ksr-ugc.imgix.net/assets/010/179/741/78aca28e1aa715753c3dc78f71785509_original.jpg?w=160&h=160&fit=crop&v=1461672090&auto=format&q=92&s=85f5804712826f09c2415912b8a62fcf",
      "small": "https://ksr-ugc.imgix.net/assets/010/179/741/78aca28e1aa715753c3dc78f71785509_original.jpg?w=160&h=160&fit=crop&v=1461672090&auto=format&q=92&s=85f5804712826f09c2415912b8a62fcf",
      "thumb": "https://ksr-ugc.imgix.net/assets/010/179/741/78aca28e1aa715753c3dc78f71785509_original.jpg?w=40&h=40&fit=crop&v=1461672090&auto=format&q=92&s=e3c15580901671226e735ca4c87c0352"
    },
    "id": 1077483226,
    "name": "Robert Hammer",
    "urls": {
      "api": {
        "user": "https://api.kickstarter.com/v1/users/1077483226?signature=1488679071.20e6dbfcfcdb0da4084635e6490e165305e6548c"
      },
      "web": {
        "user": "https://www.kickstarter.com/profile/1077483226"
      }
    }
  },
  "currency": "USD",
  "currency_symbol": "$",
  "currency_trailing_code": true,
  "deadline": 1441486800,
  "disable_communication": false,
  "goal": 25000.0,
  "id": 101894167,
  "launched_at": 1438615691,
  "location": {
    "country": "US",
    "displayable_name": "Red Bank, NJ",
    "id": 2479212,
    "is_root": false,
    "name": "Red Bank",
    "short_name": "Red Bank, NJ",
    "slug": "red-bank-nj",
    "state": "NJ",
    "type": "Town",
    "urls": {
      "api": {
        "nearby_projects": "https://api.kickstarter.com/v1/discover?signature=1488668446.71ff6e5542e0a4f61f86fce5b9a706b694651ab5&woe_id=2479212"
      },
      "web": {
        "discover": "https://www.kickstarter.com/discover/places/red-bank-nj",
        "location": "https://www.kickstarter.com/locations/red-bank-nj"
      }
    }
  },
  "name": "Ocutask | Real Projects, Real Time.",
  "photo": {
    "1024x576": "https://ksr-ugc.imgix.net/assets/012/209/889/8db62fdcfb8caae6ac950ad10d0ba475_original.jpg?w=1024&h=576&fit=fill&bg=000000&v=1463742373&auto=format&q=92&s=136dcddd11f279accf190e961c5690bf",
    "1536x864": "https://ksr-ugc.imgix.net/assets/012/209/889/8db62fdcfb8caae6ac950ad10d0ba475_original.jpg?w=1536&h=864&fit=fill&bg=000000&v=1463742373&auto=format&q=92&s=d2269446012481978086e4bd07ed450f",
    "ed": "https://ksr-ugc.imgix.net/assets/012/209/889/8db62fdcfb8caae6ac950ad10d0ba475_original.jpg?w=338&h=190&fit=fill&bg=000000&v=1463742373&auto=format&q=92&s=f7af6412e3bec6ffdd23e8bfb9da0075",
    "full": "https://ksr-ugc.imgix.net/assets/012/209/889/8db62fdcfb8caae6ac950ad10d0ba475_original.jpg?w=560&h=315&fit=fill&bg=000000&v=1463742373&auto=format&q=92&s=51f29fd4ab471ec184bb9207c6868b48",
    "key": "assets/012/209/889/8db62fdcfb8caae6ac950ad10d0ba475_original.jpg",
    "little": "https://ksr-ugc.imgix.net/assets/012/209/889/8db62fdcfb8caae6ac950ad10d0ba475_original.jpg?w=200&h=112&fit=fill&bg=000000&v=1463742373&auto=format&q=92&s=da9d4cac4831f65768437c3012acf261",
    "med": "https://ksr-ugc.imgix.net/assets/012/209/889/8db62fdcfb8caae6ac950ad10d0ba475_original.jpg?w=266&h=150&fit=fill&bg=000000&v=1463742373&auto=format&q=92&s=e664eb248de1776001e3ed5bc998fdff",
    "small": "https://ksr-ugc.imgix.net/assets/012/209/889/8db62fdcfb8caae6ac950ad10d0ba475_original.jpg?w=160&h=90&fit=fill&bg=000000&v=1463742373&auto=format&q=92&s=67798efe0caf5b10a3ab45c1e3427e2b",
    "thumb": "https://ksr-ugc.imgix.net/assets/012/209/889/8db62fdcfb8caae6ac950ad10d0ba475_original.jpg?w=40&h=22&fit=fill&bg=000000&v=1463742373&auto=format&q=92&s=ab5538e959e88291091b36c7d51a760b"
  },
  "pledged": 500.0,
  "profile": {
    "background_color": null,
    "background_image_opacity": 0.8,
    "blurb": null,
    "feature_image_attributes": {
      "image_urls": {
        "baseball_card": "https://ksr-ugc.imgix.net/assets/012/209/889/8db62fdcfb8caae6ac950ad10d0ba475_original.jpg?w=1552&h=873&fit=fill&bg=000000&v=1463742373&auto=format&q=92&s=e7019e842c54e7e880ef709dfc3aad54",
        "default": "https://ksr-ugc.imgix.net/assets/012/209/889/8db62fdcfb8caae6ac950ad10d0ba475_original.jpg?w=1552&h=873&fit=fill&bg=000000&v=1463742373&auto=format&q=92&s=e7019e842c54e7e880ef709dfc3aad54"
      }
    },
    "id": 2038686,
    "link_background_color": null,
    "link_text": null,
    "link_text_color": null,
    "link_url": null,
    "name": null,
    "project_id": 2038686,
    "should_show_feature_image_section": true,
    "show_feature_image": false,
    "state": "inactive",
    "state_changed_at": 1438102377,
    "text_color": null
  },
  "slug": "ocutask-real-projects-real-time",
  "spotlight": false,
  "staff_pick": false,
  "state": "failed",
  "state_changed_at": 1441486813,
  "static_usd_rate": 1.0,
  "urls": {
    "web": {
      "project": "https://www.kickstarter.com/projects/1077483226/ocutask-real-projects-real-time?ref=category_newest",
      "rewards": "https://www.kickstarter.com/projects/1077483226/ocutask-real-projects-real-time/rewards"
    }
  },
  "usd_pledged": "500.0"
}