{
  "backers_count": 7,
  "blurb": "s i e m l e s s is a cloud security monitoring service with a freemium operating model - Community, Monitoring, Intelligence",
  "category": {
    "color": 6526716,
    "id": 342,
    "name": "Web",
    "parent_id": 16,
    "position": 15,
    "slug": "technology/web",
    "urls": {
      "web": {
        "discover": "http://www.kickstarter.com/discover/categories/technology/web"
      }
    }
  },
  "country": "GB",
  "created_at": 1414266859,
  "creator": {
    "avatar": {
      "medium": "https://ksr-ugc.imgix.net/assets/008/299/720/51de7929987a0747c2faecb6aa09e0c7_original.gif?w=160&h=160&fit=crop&v=1461515814&auto=format&frame=1&q=92&s=df611f4bc8816e6af046cf5b0b9e1dd5",
      "small": "https://ksr-ugc.imgix.net/assets/008/299/720/51de7929987a0747c2faecb6aa09e0c7_original.gif?w=160&h=160&fit=crop&v=1461515814&auto=format&frame=1&q=92&s=df611f4bc8816e6af046cf5b0b9e1dd5",
      "thumb": "https://ksr-ugc.imgix.net/assets/008/299/720/51de7929987a0747c2faecb6aa09e0c7_original.gif?w=40&h=40&fit=crop&v=1461515814&auto=format&frame=1&q=92&s=8bcb0edd701a21bc4f7fc910fc791aa9"
    },
    "id": 1077852969,
    "name": "s i e m l e s s team",
    "urls": {
      "api": {
        "user": "https://api.kickstarter.com/v1/users/1077852969?signature=1488680828.d17d58918c7c78b2a2836263e2782f22e6fba1e2"
      },
      "web": {
        "user": "https://www.kickstarter.com/profile/1077852969"
      }
    }
  },
  "currency": "GBP",
  "currency_symbol": "\u00a3",
  "currency_trailing_code": false,
  "deadline": 1434829451,
  "disable_communication": false,
  "goal": 5000.0,
  "id": 1018738674,
  "launched_at": 1432237451,
  "location": {
    "country": "GB",
    "displayable_name": "London, UK",
    "id": 44418,
    "is_root": false,
    "name": "London",
    "short_name": "London, UK",
    "slug": "london-gb",
    "state": "England",
    "type": "Town",
    "urls": {
      "api": {
        "nearby_projects": "https://api.kickstarter.com/v1/discover?signature=1488668416.b722aeee49187b0362a5f49f63b05fba1954673c&woe_id=44418"
      },
      "web": {
        "discover": "https://www.kickstarter.com/discover/places/london-gb",
        "location": "https://www.kickstarter.com/locations/london-gb"
      }
    }
  },
  "name": "siemless",
  "photo": {
    "1024x576": "https://ksr-ugc.imgix.net/assets/011/922/242/2d6c120496d3776c4801b3b5d70887c7_original.png?w=1024&h=576&fit=fill&bg=000000&v=1463715347&auto=format&q=92&s=d8423b80b7b490bbf3477bc0255bb03d",
    "1536x864": "https://ksr-ugc.imgix.net/assets/011/922/242/2d6c120496d3776c4801b3b5d70887c7_original.png?w=1536&h=864&fit=fill&bg=000000&v=1463715347&auto=format&q=92&s=e7d2d7d36e4171fbe76778e25a111fe0",
    "ed": "https://ksr-ugc.imgix.net/assets/011/922/242/2d6c120496d3776c4801b3b5d70887c7_original.png?w=338&h=190&fit=fill&bg=000000&v=1463715347&auto=format&q=92&s=8c29aae722f0c84c575155aeb325c336",
    "full": "https://ksr-ugc.imgix.net/assets/011/922/242/2d6c120496d3776c4801b3b5d70887c7_original.png?w=560&h=315&fit=fill&bg=000000&v=1463715347&auto=format&q=92&s=00d7b7ec3fa1435ca62b7306f1303c40",
    "key": "assets/011/922/242/2d6c120496d3776c4801b3b5d70887c7_original.png",
    "little": "https://ksr-ugc.imgix.net/assets/011/922/242/2d6c120496d3776c4801b3b5d70887c7_original.png?w=200&h=112&fit=fill&bg=000000&v=1463715347&auto=format&q=92&s=8e81a274cfa21aafe5de86e2de4b3f6a",
    "med": "https://ksr-ugc.imgix.net/assets/011/922/242/2d6c120496d3776c4801b3b5d70887c7_original.png?w=266&h=150&fit=fill&bg=000000&v=1463715347&auto=format&q=92&s=f8177b7b6c77c32f7d8cb0c2d96cb988",
    "small": "https://ksr-ugc.imgix.net/assets/011/922/242/2d6c120496d3776c4801b3b5d70887c7_original.png?w=160&h=90&fit=fill&bg=000000&v=1463715347&auto=format&q=92&s=c114f7776d34440d8a983f3aaae4c5a1",
    "thumb": "https://ksr-ugc.imgix.net/assets/011/922/242/2d6c120496d3776c4801b3b5d70887c7_original.png?w=40&h=22&fit=fill&bg=000000&v=1463715347&auto=format&q=92&s=c1765a2ac76696227b4ab072c42d2fd5"
  },
  "pledged": 610.0,
  "profile": {
    "background_color": null,
    "background_image_opacity": 0.8,
    "blurb": null,
    "feature_image_attributes": {
      "image_urls": {
        "baseball_card": "https://ksr-ugc.imgix.net/assets/011/922/242/2d6c120496d3776c4801b3b5d70887c7_original.png?w=1552&h=873&fit=fill&bg=000000&v=1463715347&auto=format&q=92&s=302b6102bc6e125ad2dcdb790c9824f2",
        "default": "https://ksr-ugc.imgix.net/assets/011/922/242/2d6c120496d3776c4801b3b5d70887c7_original.png?w=1552&h=873&fit=fill&bg=000000&v=1463715347&auto=format&q=92&s=302b6102bc6e125ad2dcdb790c9824f2"
      }
    },
    "id": 1468256,
    "link_background_color": null,
    "link_text": null,
    "link_text_color": null,
    "link_url": null,
    "name": null,
    "project_id": 1468256,
    "should_show_feature_image_section": true,
    "show_feature_image": false,
    "state": "inactive",
    "state_changed_at": 1425915881,
    "text_color": null
  },
  "slug": "siemless",
  "spotlight": false,
  "staff_pick": false,
  "state": "failed",
  "state_changed_at": 1434829455,
  "static_usd_rate": 1.5520937,
  "urls": {
    "web": {
      "project": "https://www.kickstarter.com/projects/1077852969/siemless?ref=category_newest",
      "rewards": "https://www.kickstarter.com/projects/1077852969/siemless/rewards"
    }
  },
  "usd_pledged": "946.777157"
}