{
  "backers_count": 0,
  "blurb": "The helpful web! In a world technology based, let's make a web site really useful for everyone, where you can find (or give) help!",
  "category": {
    "color": 6526716,
    "id": 342,
    "name": "Web",
    "parent_id": 16,
    "position": 15,
    "slug": "technology/web",
    "urls": {
      "web": {
        "discover": "http://www.kickstarter.com/discover/categories/technology/web"
      }
    }
  },
  "country": "IT",
  "created_at": 1446805184,
  "creator": {
    "avatar": {
      "medium": "https://ksr-ugc.imgix.net/assets/010/520/231/4f281c266304edb7234790dcf3d31f1c_original.jpg?w=160&h=160&fit=crop&v=1461695265&auto=format&q=92&s=12a24749500120c010465f632ce0017c",
      "small": "https://ksr-ugc.imgix.net/assets/010/520/231/4f281c266304edb7234790dcf3d31f1c_original.jpg?w=160&h=160&fit=crop&v=1461695265&auto=format&q=92&s=12a24749500120c010465f632ce0017c",
      "thumb": "https://ksr-ugc.imgix.net/assets/010/520/231/4f281c266304edb7234790dcf3d31f1c_original.jpg?w=40&h=40&fit=crop&v=1461695265&auto=format&q=92&s=1af68ef30c2efc9853b5ab9ae11017f1"
    },
    "id": 1735674724,
    "name": "Silvia Fortuna",
    "urls": {
      "api": {
        "user": "https://api.kickstarter.com/v1/users/1735674724?signature=1488680884.3e0a3baeeda3da5ca77a5289c540858359467472"
      },
      "web": {
        "user": "https://www.kickstarter.com/profile/1735674724"
      }
    }
  },
  "currency": "EUR",
  "currency_symbol": "\u20ac",
  "currency_trailing_code": false,
  "deadline": 1450627685,
  "disable_communication": false,
  "goal": 60000.0,
  "id": 1018024241,
  "launched_at": 1447171685,
  "location": {
    "country": "IT",
    "displayable_name": "Italia, Italy",
    "id": 20150549,
    "is_root": false,
    "name": "Italia",
    "short_name": "Italia, Italy",
    "slug": "italia-turin-it",
    "state": "Piedmont",
    "type": "Suburb",
    "urls": {
      "api": {
        "nearby_projects": "https://api.kickstarter.com/v1/discover?signature=1488668431.2783e4e99df6705efcf1b3f7c336cbea482d9916&woe_id=20150549"
      },
      "web": {
        "discover": "https://www.kickstarter.com/discover/places/italia-turin-it",
        "location": "https://www.kickstarter.com/locations/italia-turin-it"
      }
    }
  },
  "name": "Socialize",
  "photo": {
    "1024x576": "https://ksr-ugc.imgix.net/assets/012/299/534/5720377854fee19080d095e0bddf150f_original.jpg?w=1024&h=576&fit=fill&bg=000000&v=1463752917&auto=format&q=92&s=34338d122197a618e0b255f9fc9b4474",
    "1536x864": "https://ksr-ugc.imgix.net/assets/012/299/534/5720377854fee19080d095e0bddf150f_original.jpg?w=1536&h=864&fit=fill&bg=000000&v=1463752917&auto=format&q=92&s=1806b99f6d774c8d28991f9e011e4604",
    "ed": "https://ksr-ugc.imgix.net/assets/012/299/534/5720377854fee19080d095e0bddf150f_original.jpg?w=338&h=190&fit=fill&bg=000000&v=1463752917&auto=format&q=92&s=9bbbac4a30f8b2b0e1398bebf7eff2b1",
    "full": "https://ksr-ugc.imgix.net/assets/012/299/534/5720377854fee19080d095e0bddf150f_original.jpg?w=560&h=315&fit=fill&bg=000000&v=1463752917&auto=format&q=92&s=a443420e3bfdf14ca7782eef50918710",
    "key": "assets/012/299/534/5720377854fee19080d095e0bddf150f_original.jpg",
    "little": "https://ksr-ugc.imgix.net/assets/012/299/534/5720377854fee19080d095e0bddf150f_original.jpg?w=200&h=112&fit=fill&bg=000000&v=1463752917&auto=format&q=92&s=3c75295a2262336dbf7a3b281fc018ef",
    "med": "https://ksr-ugc.imgix.net/assets/012/299/534/5720377854fee19080d095e0bddf150f_original.jpg?w=266&h=150&fit=fill&bg=000000&v=1463752917&auto=format&q=92&s=6f331489131985b071f3d7c59fe6e0e8",
    "small": "https://ksr-ugc.imgix.net/assets/012/299/534/5720377854fee19080d095e0bddf150f_original.jpg?w=160&h=90&fit=fill&bg=000000&v=1463752917&auto=format&q=92&s=f1702ea925d8123b3ff48fee8db03e11",
    "thumb": "https://ksr-ugc.imgix.net/assets/012/299/534/5720377854fee19080d095e0bddf150f_original.jpg?w=40&h=22&fit=fill&bg=000000&v=1463752917&auto=format&q=92&s=654edfe1ac0b00580041bb27e0a783e3"
  },
  "pledged": 0.0,
  "profile": {
    "background_color": null,
    "background_image_opacity": 0.8,
    "blurb": null,
    "feature_image_attributes": {
      "image_urls": {
        "baseball_card": "https://ksr-ugc.imgix.net/assets/012/299/534/5720377854fee19080d095e0bddf150f_original.jpg?w=1552&h=873&fit=fill&bg=000000&v=1463752917&auto=format&q=92&s=842e4569da7e392da9fbc47459fe1991",
        "default": "https://ksr-ugc.imgix.net/assets/012/299/534/5720377854fee19080d095e0bddf150f_original.jpg?w=1552&h=873&fit=fill&bg=000000&v=1463752917&auto=format&q=92&s=842e4569da7e392da9fbc47459fe1991"
      }
    },
    "id": 2213567,
    "link_background_color": null,
    "link_text": null,
    "link_text_color": null,
    "link_url": null,
    "name": null,
    "project_id": 2213567,
    "should_show_feature_image_section": true,
    "show_feature_image": false,
    "state": "inactive",
    "state_changed_at": 1446805184,
    "text_color": null
  },
  "slug": "socialize",
  "spotlight": false,
  "staff_pick": false,
  "state": "failed",
  "state_changed_at": 1450627685,
  "static_usd_rate": 1.07664414,
  "urls": {
    "web": {
      "project": "https://www.kickstarter.com/projects/1735674724/socialize?ref=category_newest",
      "rewards": "https://www.kickstarter.com/projects/1735674724/socialize/rewards"
    }
  },
  "usd_pledged": "0.0"
}