{
  "backers_count": 3,
  "blurb": "PORTABLE, INEXPENSIVE, EASY TO ASSEMBLE, ALTERNATIVE ENERGY FOOD STORAGE REFRIGERATOR AVOIDING CARBON FUELS AND/OR THE ELECTRIC GRID.",
  "category": {
    "color": 6526716,
    "id": 52,
    "name": "Hardware",
    "parent_id": 16,
    "position": 8,
    "slug": "technology/hardware",
    "urls": {
      "web": {
        "discover": "http://www.kickstarter.com/discover/categories/technology/hardware"
      }
    }
  },
  "country": "US",
  "created_at": 1381418202,
  "creator": {
    "avatar": {
      "medium": "https://ksr-ugc.imgix.net/assets/006/593/688/c74776f1a3f62441442c0fa472c3e345_original.jpg?w=160&h=160&fit=crop&v=1461397731&auto=format&q=92&s=60ab6e84699654fd17c5f1d104d00399",
      "small": "https://ksr-ugc.imgix.net/assets/006/593/688/c74776f1a3f62441442c0fa472c3e345_original.jpg?w=160&h=160&fit=crop&v=1461397731&auto=format&q=92&s=60ab6e84699654fd17c5f1d104d00399",
      "thumb": "https://ksr-ugc.imgix.net/assets/006/593/688/c74776f1a3f62441442c0fa472c3e345_original.jpg?w=40&h=40&fit=crop&v=1461397731&auto=format&q=92&s=d939a9f37b25897f150937d37f360e51"
    },
    "id": 1315145533,
    "name": "sam speranza",
    "urls": {
      "api": {
        "user": "https://api.kickstarter.com/v1/users/1315145533?signature=1488680028.943577e0b9a1e0fb1f2294efafbdd32505a0f3be"
      },
      "web": {
        "user": "https://www.kickstarter.com/profile/1315145533"
      }
    }
  },
  "currency": "USD",
  "currency_symbol": "$",
  "currency_trailing_code": true,
  "deadline": 1388794698,
  "disable_communication": false,
  "goal": 101000.0,
  "id": 101958051,
  "launched_at": 1384906698,
  "location": {
    "country": "US",
    "displayable_name": "Los Angeles, CA",
    "id": 2442047,
    "is_root": false,
    "name": "Los Angeles",
    "short_name": "Los Angeles, CA",
    "slug": "los-angeles-ca",
    "state": "CA",
    "type": "Town",
    "urls": {
      "api": {
        "nearby_projects": "https://api.kickstarter.com/v1/discover?signature=1488668418.2de3dd8b85798392a2853b73be0e5dca0bc529fa&woe_id=2442047"
      },
      "web": {
        "discover": "https://www.kickstarter.com/discover/places/los-angeles-ca",
        "location": "https://www.kickstarter.com/locations/los-angeles-ca"
      }
    }
  },
  "name": "ECO~FRIG (Canceled)",
  "photo": {
    "1024x576": "https://ksr-ugc.imgix.net/assets/011/589/549/c74776f1a3f62441442c0fa472c3e345_original.jpg?w=1024&h=576&fit=fill&bg=000000&v=1463684897&auto=format&q=92&s=47984f3e19c4cb4e125b3f61ca853538",
    "1536x864": "https://ksr-ugc.imgix.net/assets/011/589/549/c74776f1a3f62441442c0fa472c3e345_original.jpg?w=1536&h=864&fit=fill&bg=000000&v=1463684897&auto=format&q=92&s=2a4f037a4edf09d2557fca94732c9a89",
    "ed": "https://ksr-ugc.imgix.net/assets/011/589/549/c74776f1a3f62441442c0fa472c3e345_original.jpg?w=338&h=190&fit=fill&bg=000000&v=1463684897&auto=format&q=92&s=6f7bbf5c16df64212c72bda811a2ed10",
    "full": "https://ksr-ugc.imgix.net/assets/011/589/549/c74776f1a3f62441442c0fa472c3e345_original.jpg?w=560&h=315&fit=fill&bg=000000&v=1463684897&auto=format&q=92&s=14973140a68d7780b0c856af9d5dbdcd",
    "key": "assets/011/589/549/c74776f1a3f62441442c0fa472c3e345_original.jpg",
    "little": "https://ksr-ugc.imgix.net/assets/011/589/549/c74776f1a3f62441442c0fa472c3e345_original.jpg?w=200&h=112&fit=fill&bg=000000&v=1463684897&auto=format&q=92&s=6976ea9a77e967c30a245af2db5b385f",
    "med": "https://ksr-ugc.imgix.net/assets/011/589/549/c74776f1a3f62441442c0fa472c3e345_original.jpg?w=266&h=150&fit=fill&bg=000000&v=1463684897&auto=format&q=92&s=770756419e677660b6d9c6e9ae2402f1",
    "small": "https://ksr-ugc.imgix.net/assets/011/589/549/c74776f1a3f62441442c0fa472c3e345_original.jpg?w=160&h=90&fit=fill&bg=000000&v=1463684897&auto=format&q=92&s=0a562481307301fc23a11e0be780f6ef",
    "thumb": "https://ksr-ugc.imgix.net/assets/011/589/549/c74776f1a3f62441442c0fa472c3e345_original.jpg?w=40&h=22&fit=fill&bg=000000&v=1463684897&auto=format&q=92&s=de073291883eb4f024572edfe5859584"
  },
  "pledged": 115.0,
  "profile": {
    "background_color": null,
    "background_image_opacity": 0.8,
    "blurb": null,
    "feature_image_attributes": {
      "image_urls": {
        "baseball_card": "https://ksr-ugc.imgix.net/assets/011/589/549/c74776f1a3f62441442c0fa472c3e345_original.jpg?w=1552&h=873&fit=fill&bg=000000&v=1463684897&auto=format&q=92&s=d2291667ba7b275ef2694f8f1434bc64",
        "default": "https://ksr-ugc.imgix.net/assets/011/589/549/c74776f1a3f62441442c0fa472c3e345_original.jpg?w=1552&h=873&fit=fill&bg=000000&v=1463684897&auto=format&q=92&s=d2291667ba7b275ef2694f8f1434bc64"
      }
    },
    "id": 730023,
    "link_background_color": null,
    "link_text": null,
    "link_text_color": null,
    "link_url": null,
    "name": null,
    "project_id": 730023,
    "should_show_feature_image_section": true,
    "show_feature_image": false,
    "state": "inactive",
    "state_changed_at": 1425915840,
    "text_color": null
  },
  "slug": "eco-frig",
  "spotlight": false,
  "staff_pick": false,
  "state": "canceled",
  "state_changed_at": 1386882825,
  "static_usd_rate": 1.0,
  "urls": {
    "web": {
      "project": "https://www.kickstarter.com/projects/1315145533/eco-frig?ref=category_newest",
      "rewards": "https://www.kickstarter.com/projects/1315145533/eco-frig/rewards"
    }
  },
  "usd_pledged": "115.0"
}