{
  "backers_count": 14,
  "blurb": "Compact Rugged, Modular iPhone Case - Uses GoPro mounts, iPro lenses & thousands of off-the-shelf 1/4\"-20 & #8-32 threaded accessories.",
  "category": {
    "color": 6526716,
    "id": 333,
    "name": "Camera Equipment",
    "parent_id": 16,
    "position": 3,
    "slug": "technology/camera equipment",
    "urls": {
      "web": {
        "discover": "http://www.kickstarter.com/discover/categories/technology/camera%20equipment"
      }
    }
  },
  "country": "US",
  "created_at": 1400251416,
  "creator": {
    "avatar": {
      "medium": "https://ksr-ugc.imgix.net/assets/008/242/101/4b57860b198c3c58fe468d0ee1d1e433_original.png?w=160&h=160&fit=crop&v=1461512101&auto=format&q=92&s=89be0a1cbda4ad830260039f60af2665",
      "small": "https://ksr-ugc.imgix.net/assets/008/242/101/4b57860b198c3c58fe468d0ee1d1e433_original.png?w=160&h=160&fit=crop&v=1461512101&auto=format&q=92&s=89be0a1cbda4ad830260039f60af2665",
      "thumb": "https://ksr-ugc.imgix.net/assets/008/242/101/4b57860b198c3c58fe468d0ee1d1e433_original.png?w=40&h=40&fit=crop&v=1461512101&auto=format&q=92&s=79bcb326c0667f57d5168c3414c976fc"
    },
    "id": 1827872015,
    "name": "Ted Vornbrock",
    "urls": {
      "api": {
        "user": "https://api.kickstarter.com/v1/users/1827872015?signature=1488679266.0b2a91c65371806659eeac2206ef4f5a57be9e2b"
      },
      "web": {
        "user": "https://www.kickstarter.com/profile/1827872015"
      }
    }
  },
  "currency": "USD",
  "currency_symbol": "$",
  "currency_trailing_code": true,
  "deadline": 1403791380,
  "disable_communication": false,
  "goal": 30000.0,
  "id": 1019003966,
  "launched_at": 1401199380,
  "location": {
    "country": "US",
    "displayable_name": "Stevensville, MD",
    "id": 2499775,
    "is_root": false,
    "name": "Stevensville",
    "short_name": "Stevensville, MD",
    "slug": "stevensville-md",
    "state": "MD",
    "type": "Town",
    "urls": {
      "api": {
        "nearby_projects": "https://api.kickstarter.com/v1/discover?signature=1488669043.0afc51fd6e58b22143db88b1a34802a7fcef71b7&woe_id=2499775"
      },
      "web": {
        "discover": "https://www.kickstarter.com/discover/places/stevensville-md",
        "location": "https://www.kickstarter.com/locations/stevensville-md"
      }
    }
  },
  "name": "CrITR 5i Modular Protective Case for iPhone",
  "photo": {
    "1024x576": "https://ksr-ugc.imgix.net/assets/011/706/766/9ccfcc58fe8243e1be2d9ea09cb93e57_original.png?w=1024&h=576&fit=fill&bg=000000&v=1463687051&auto=format&q=92&s=1547acc1ce06515913f285cbd58a0518",
    "1536x864": "https://ksr-ugc.imgix.net/assets/011/706/766/9ccfcc58fe8243e1be2d9ea09cb93e57_original.png?w=1536&h=864&fit=fill&bg=000000&v=1463687051&auto=format&q=92&s=1233dd4068b7924d06a71a6c1de3f872",
    "ed": "https://ksr-ugc.imgix.net/assets/011/706/766/9ccfcc58fe8243e1be2d9ea09cb93e57_original.png?w=338&h=190&fit=fill&bg=000000&v=1463687051&auto=format&q=92&s=a2002d141ce9932767c07472bc25e39d",
    "full": "https://ksr-ugc.imgix.net/assets/011/706/766/9ccfcc58fe8243e1be2d9ea09cb93e57_original.png?w=560&h=315&fit=fill&bg=000000&v=1463687051&auto=format&q=92&s=d9d0cb5844bdb91c736897d3461af0b5",
    "key": "assets/011/706/766/9ccfcc58fe8243e1be2d9ea09cb93e57_original.png",
    "little": "https://ksr-ugc.imgix.net/assets/011/706/766/9ccfcc58fe8243e1be2d9ea09cb93e57_original.png?w=200&h=112&fit=fill&bg=000000&v=1463687051&auto=format&q=92&s=71897ece70e060f7af82c901759e58f4",
    "med": "https://ksr-ugc.imgix.net/assets/011/706/766/9ccfcc58fe8243e1be2d9ea09cb93e57_original.png?w=266&h=150&fit=fill&bg=000000&v=1463687051&auto=format&q=92&s=95f1cede8225f0c35ab87a4deb3596b1",
    "small": "https://ksr-ugc.imgix.net/assets/011/706/766/9ccfcc58fe8243e1be2d9ea09cb93e57_original.png?w=160&h=90&fit=fill&bg=000000&v=1463687051&auto=format&q=92&s=6aff8eeeac5cbe9a0d3cf9092021e1fb",
    "thumb": "https://ksr-ugc.imgix.net/assets/011/706/766/9ccfcc58fe8243e1be2d9ea09cb93e57_original.png?w=40&h=22&fit=fill&bg=000000&v=1463687051&auto=format&q=92&s=d52bc46d7f73ac018b1beea8b0978275"
  },
  "pledged": 1116.0,
  "profile": {
    "background_color": null,
    "background_image_opacity": 0.8,
    "blurb": null,
    "feature_image_attributes": {
      "image_urls": {
        "baseball_card": "https://ksr-ugc.imgix.net/assets/011/706/766/9ccfcc58fe8243e1be2d9ea09cb93e57_original.png?w=1552&h=873&fit=fill&bg=000000&v=1463687051&auto=format&q=92&s=18d193f436acefd09d686dca047bd2ec",
        "default": "https://ksr-ugc.imgix.net/assets/011/706/766/9ccfcc58fe8243e1be2d9ea09cb93e57_original.png?w=1552&h=873&fit=fill&bg=000000&v=1463687051&auto=format&q=92&s=18d193f436acefd09d686dca047bd2ec"
      }
    },
    "id": 1026060,
    "link_background_color": null,
    "link_text": null,
    "link_text_color": null,
    "link_url": null,
    "name": null,
    "project_id": 1026060,
    "should_show_feature_image_section": true,
    "show_feature_image": false,
    "state": "inactive",
    "state_changed_at": 1425915857,
    "text_color": null
  },
  "slug": "critr-5i-modular-lenses-and-accessories-case-for-i",
  "spotlight": false,
  "staff_pick": false,
  "state": "failed",
  "state_changed_at": 1403791380,
  "static_usd_rate": 1.0,
  "urls": {
    "web": {
      "project": "https://www.kickstarter.com/projects/1827872015/critr-5i-modular-lenses-and-accessories-case-for-i?ref=category_newest",
      "rewards": "https://www.kickstarter.com/projects/1827872015/critr-5i-modular-lenses-and-accessories-case-for-i/rewards"
    }
  },
  "usd_pledged": "1116.0"
}