{
  "backers_count": 44,
  "blurb": "Open source elections for America. Provably secure and built on commodity hardware.",
  "category": {
    "color": 6526716,
    "id": 51,
    "name": "Software",
    "parent_id": 16,
    "position": 11,
    "slug": "technology/software",
    "urls": {
      "web": {
        "discover": "http://www.kickstarter.com/discover/categories/technology/software"
      }
    }
  },
  "country": "US",
  "created_at": 1464201080,
  "creator": {
    "avatar": {
      "medium": "https://ksr-ugc.imgix.net/assets/012/666/914/6a52ff0c31f9a340396c93eb62cda6c9_original.jpg?w=160&h=160&fit=crop&v=1465311657&auto=format&q=92&s=ffcc0108860c3470a8d43b5e311ae671",
      "small": "https://ksr-ugc.imgix.net/assets/012/666/914/6a52ff0c31f9a340396c93eb62cda6c9_original.jpg?w=160&h=160&fit=crop&v=1465311657&auto=format&q=92&s=ffcc0108860c3470a8d43b5e311ae671",
      "thumb": "https://ksr-ugc.imgix.net/assets/012/666/914/6a52ff0c31f9a340396c93eb62cda6c9_original.jpg?w=40&h=40&fit=crop&v=1465311657&auto=format&q=92&s=1fc7e849439739788b30dda2e8d2b4d5"
    },
    "id": 1500620457,
    "name": "Inno.vote",
    "urls": {
      "api": {
        "user": "https://api.kickstarter.com/v1/users/1500620457?signature=1488680438.52d960e5d1418b75f8ed045bc5a96a8a9d1edd3e"
      },
      "web": {
        "user": "https://www.kickstarter.com/profile/1500620457"
      }
    }
  },
  "currency": "USD",
  "currency_symbol": "$",
  "currency_trailing_code": true,
  "deadline": 1468095664,
  "disable_communication": false,
  "goal": 50000.0,
  "id": 1019756278,
  "launched_at": 1465503664,
  "location": {
    "country": "US",
    "displayable_name": "Washington, DC",
    "id": 2514815,
    "is_root": false,
    "name": "Washington",
    "short_name": "Washington, DC",
    "slug": "washington-dc",
    "state": "DC",
    "type": "Town",
    "urls": {
      "api": {
        "nearby_projects": "https://api.kickstarter.com/v1/discover?signature=1488668420.21ef010b8295b00578f0dc7a9bd653a2955b3766&woe_id=2514815"
      },
      "web": {
        "discover": "https://www.kickstarter.com/discover/places/washington-dc",
        "location": "https://www.kickstarter.com/locations/washington-dc"
      }
    }
  },
  "name": "Inno.vote - Secure Mobile Voting for America (Canceled)",
  "photo": {
    "1024x576": "https://ksr-ugc.imgix.net/assets/012/523/368/312f956a28a0d4dc2484afeda87f9c33_original.png?w=1024&h=576&fit=fill&bg=FFFFFF&v=1464209748&auto=format&q=92&s=bc5b9c695c06e7551fa8033c06b4a132",
    "1536x864": "https://ksr-ugc.imgix.net/assets/012/523/368/312f956a28a0d4dc2484afeda87f9c33_original.png?w=1536&h=864&fit=fill&bg=FFFFFF&v=1464209748&auto=format&q=92&s=46f17a7217e130b940c30f850308ecfd",
    "ed": "https://ksr-ugc.imgix.net/assets/012/523/368/312f956a28a0d4dc2484afeda87f9c33_original.png?w=338&h=190&fit=fill&bg=FFFFFF&v=1464209748&auto=format&q=92&s=98f76c53c5853543af1f63296e73a665",
    "full": "https://ksr-ugc.imgix.net/assets/012/523/368/312f956a28a0d4dc2484afeda87f9c33_original.png?w=560&h=315&fit=fill&bg=FFFFFF&v=1464209748&auto=format&q=92&s=0696a238ce3f7a841a966964e2f0efc3",
    "key": "assets/012/523/368/312f956a28a0d4dc2484afeda87f9c33_original.png",
    "little": "https://ksr-ugc.imgix.net/assets/012/523/368/312f956a28a0d4dc2484afeda87f9c33_original.png?w=200&h=112&fit=fill&bg=FFFFFF&v=1464209748&auto=format&q=92&s=5b784325a87fcab716fa54440f17f60f",
    "med": "https://ksr-ugc.imgix.net/assets/012/523/368/312f956a28a0d4dc2484afeda87f9c33_original.png?w=266&h=150&fit=fill&bg=FFFFFF&v=1464209748&auto=format&q=92&s=610de13c401f60389a1eead93ca87063",
    "small": "https://ksr-ugc.imgix.net/assets/012/523/368/312f956a28a0d4dc2484afeda87f9c33_original.png?w=160&h=90&fit=fill&bg=FFFFFF&v=1464209748&auto=format&q=92&s=19355458777d29c20aebf1a41401a4eb",
    "thumb": "https://ksr-ugc.imgix.net/assets/012/523/368/312f956a28a0d4dc2484afeda87f9c33_original.png?w=40&h=22&fit=fill&bg=FFFFFF&v=1464209748&auto=format&q=92&s=c5110c2676825e6eb27eb9c7207da6a7"
  },
  "pledged": 3646.0,
  "profile": {
    "background_color": null,
    "background_image_opacity": 0.8,
    "blurb": null,
    "feature_image_attributes": {
      "image_urls": {
        "baseball_card": "https://ksr-ugc.imgix.net/assets/012/523/368/312f956a28a0d4dc2484afeda87f9c33_original.png?w=1552&h=873&fit=fill&bg=FFFFFF&v=1464209748&auto=format&q=92&s=94e650d18da3e3e068f2d7a6cd5305f3",
        "default": "https://ksr-ugc.imgix.net/assets/012/523/368/312f956a28a0d4dc2484afeda87f9c33_original.png?w=1552&h=873&fit=fill&bg=FFFFFF&v=1464209748&auto=format&q=92&s=94e650d18da3e3e068f2d7a6cd5305f3"
      }
    },
    "id": 2531789,
    "link_background_color": null,
    "link_text": null,
    "link_text_color": null,
    "link_url": null,
    "name": null,
    "project_id": 2531789,
    "should_show_feature_image_section": true,
    "show_feature_image": false,
    "state": "inactive",
    "state_changed_at": 1464201080,
    "text_color": null
  },
  "slug": "innovote-secure-mobile-voting-for-america",
  "spotlight": false,
  "staff_pick": false,
  "state": "canceled",
  "state_changed_at": 1467829041,
  "static_usd_rate": 1.0,
  "urls": {
    "web": {
      "project": "https://www.kickstarter.com/projects/1500620457/innovote-secure-mobile-voting-for-america?ref=category_newest",
      "rewards": "https://www.kickstarter.com/projects/1500620457/innovote-secure-mobile-voting-for-america/rewards"
    }
  },
  "usd_pledged": "3646.0"
}