{
  "backers_count": 5,
  "blurb": "Team 6040 has 4 weeks left to build a remotely operated vehicle for the FIRST Robotics National Competition and we need your help!",
  "category": {
    "color": 6526716,
    "id": 338,
    "name": "Robots",
    "parent_id": 16,
    "position": 10,
    "slug": "technology/robots",
    "urls": {
      "web": {
        "discover": "http://www.kickstarter.com/discover/categories/technology/robots"
      }
    }
  },
  "country": "CA",
  "created_at": 1454527496,
  "creator": {
    "avatar": {
      "medium": "https://ksr-ugc.imgix.net/assets/010/776/283/f4d145f48e7d19355d66c83a1c5015ae_original.jpg?w=160&h=160&fit=crop&v=1461711767&auto=format&q=92&s=defcf518fea976a162989eb1a5742e30",
      "small": "https://ksr-ugc.imgix.net/assets/010/776/283/f4d145f48e7d19355d66c83a1c5015ae_original.jpg?w=160&h=160&fit=crop&v=1461711767&auto=format&q=92&s=defcf518fea976a162989eb1a5742e30",
      "thumb": "https://ksr-ugc.imgix.net/assets/010/776/283/f4d145f48e7d19355d66c83a1c5015ae_original.jpg?w=40&h=40&fit=crop&v=1461711767&auto=format&q=92&s=d1f826d259891a0c953e840bbb793c02"
    },
    "id": 957507812,
    "name": "Team 6040:Getobotics",
    "urls": {
      "api": {
        "user": "https://api.kickstarter.com/v1/users/957507812?signature=1488680111.358db98d6f57f8902d523be60783c60aa45e8d56"
      },
      "web": {
        "user": "https://www.kickstarter.com/profile/957507812"
      }
    }
  },
  "currency": "CAD",
  "currency_symbol": "$",
  "currency_trailing_code": true,
  "deadline": 1456773840,
  "disable_communication": false,
  "goal": 500.0,
  "id": 1019770517,
  "launched_at": 1454622904,
  "location": {
    "country": "CA",
    "displayable_name": "Montreal, Canada",
    "id": 3534,
    "is_root": false,
    "name": "Montreal",
    "short_name": "Montreal, Canada",
    "slug": "montreal-ca",
    "state": "QC",
    "type": "Town",
    "urls": {
      "api": {
        "nearby_projects": "https://api.kickstarter.com/v1/discover?signature=1488668419.083ed7df0c33c9600e9b6c2409e34687e1b82527&woe_id=3534"
      },
      "web": {
        "discover": "https://www.kickstarter.com/discover/places/montreal-ca",
        "location": "https://www.kickstarter.com/locations/montreal-ca"
      }
    }
  },
  "name": "Team 6040: GetoBotics",
  "photo": {
    "1024x576": "https://ksr-ugc.imgix.net/assets/012/371/350/f4d145f48e7d19355d66c83a1c5015ae_original.jpg?w=1024&h=576&fit=fill&bg=000000&v=1463757508&auto=format&q=92&s=6feeca2599967a6a7348eef53bb63049",
    "1536x864": "https://ksr-ugc.imgix.net/assets/012/371/350/f4d145f48e7d19355d66c83a1c5015ae_original.jpg?w=1536&h=864&fit=fill&bg=000000&v=1463757508&auto=format&q=92&s=ccea7355024bc4e8c991cd049db0acc8",
    "ed": "https://ksr-ugc.imgix.net/assets/012/371/350/f4d145f48e7d19355d66c83a1c5015ae_original.jpg?w=338&h=190&fit=fill&bg=000000&v=1463757508&auto=format&q=92&s=438b0451540299423f562c1c0ddbde75",
    "full": "https://ksr-ugc.imgix.net/assets/012/371/350/f4d145f48e7d19355d66c83a1c5015ae_original.jpg?w=560&h=315&fit=fill&bg=000000&v=1463757508&auto=format&q=92&s=017cbe0de9a7d116ad7356fdadcb2292",
    "key": "assets/012/371/350/f4d145f48e7d19355d66c83a1c5015ae_original.jpg",
    "little": "https://ksr-ugc.imgix.net/assets/012/371/350/f4d145f48e7d19355d66c83a1c5015ae_original.jpg?w=200&h=112&fit=fill&bg=000000&v=1463757508&auto=format&q=92&s=ebb2a0b59b19a953d319a5ba63d0cf3b",
    "med": "https://ksr-ugc.imgix.net/assets/012/371/350/f4d145f48e7d19355d66c83a1c5015ae_original.jpg?w=266&h=150&fit=fill&bg=000000&v=1463757508&auto=format&q=92&s=0895c676fcbfd4733f5533b5e734f441",
    "small": "https://ksr-ugc.imgix.net/assets/012/371/350/f4d145f48e7d19355d66c83a1c5015ae_original.jpg?w=160&h=90&fit=fill&bg=000000&v=1463757508&auto=format&q=92&s=76facc562825ecf57991a21ca5c56a5d",
    "thumb": "https://ksr-ugc.imgix.net/assets/012/371/350/f4d145f48e7d19355d66c83a1c5015ae_original.jpg?w=40&h=22&fit=fill&bg=000000&v=1463757508&auto=format&q=92&s=c60c6cc3c7e39a2acfcb5f92e879d1d1"
  },
  "pledged": 591.0,
  "profile": {
    "background_color": null,
    "background_image_opacity": 0.8,
    "blurb": null,
    "feature_image_attributes": {
      "image_urls": {
        "baseball_card": "https://ksr-ugc.imgix.net/assets/012/371/350/f4d145f48e7d19355d66c83a1c5015ae_original.jpg?w=1552&h=873&fit=fill&bg=000000&v=1463757508&auto=format&q=92&s=d1b84f5179e352473b9f6ffa090061b7",
        "default": "https://ksr-ugc.imgix.net/assets/012/371/350/f4d145f48e7d19355d66c83a1c5015ae_original.jpg?w=1552&h=873&fit=fill&bg=000000&v=1463757508&auto=format&q=92&s=d1b84f5179e352473b9f6ffa090061b7"
      }
    },
    "id": 2355471,
    "link_background_color": null,
    "link_text": null,
    "link_text_color": null,
    "link_url": null,
    "name": null,
    "project_id": 2355471,
    "should_show_feature_image_section": true,
    "show_feature_image": false,
    "state": "inactive",
    "state_changed_at": 1454527496,
    "text_color": null
  },
  "slug": "team-6040-getobotics-0",
  "spotlight": true,
  "staff_pick": false,
  "state": "successful",
  "state_changed_at": 1456773840,
  "static_usd_rate": 0.71051289,
  "urls": {
    "web": {
      "project": "https://www.kickstarter.com/projects/957507812/team-6040-getobotics-0?ref=category_newest",
      "rewards": "https://www.kickstarter.com/projects/957507812/team-6040-getobotics-0/rewards"
    }
  },
  "usd_pledged": "419.91311799"
}