{
  "backers_count": 32,
  "blurb": "By backing SpaceBunker you will be supporting a young entrepreneur in his quest to raise awareness of the beauty in the universe.",
  "category": {
    "color": 6526716,
    "id": 340,
    "name": "Space Exploration",
    "parent_id": 16,
    "position": 13,
    "slug": "technology/space exploration",
    "urls": {
      "web": {
        "discover": "http://www.kickstarter.com/discover/categories/technology/space%20exploration"
      }
    }
  },
  "country": "GB",
  "created_at": 1424544742,
  "creator": {
    "avatar": {
      "medium": "https://ksr-ugc.imgix.net/assets/009/265/446/c244c9479ba468041b57aeb3533aa644_original.jpg?w=160&h=160&fit=crop&v=1461569933&auto=format&q=92&s=6edef3c263d8eb45dc6e74258b283938",
      "small": "https://ksr-ugc.imgix.net/assets/009/265/446/c244c9479ba468041b57aeb3533aa644_original.jpg?w=160&h=160&fit=crop&v=1461569933&auto=format&q=92&s=6edef3c263d8eb45dc6e74258b283938",
      "thumb": "https://ksr-ugc.imgix.net/assets/009/265/446/c244c9479ba468041b57aeb3533aa644_original.jpg?w=40&h=40&fit=crop&v=1461569933&auto=format&q=92&s=cf6b411d39001fa024e4e36c31d2d3d8"
    },
    "id": 762570340,
    "name": "SpaceBunker",
    "urls": {
      "api": {
        "user": "https://api.kickstarter.com/v1/users/762570340?signature=1488680525.ab6e408179b4783e7f0c2513db30e9b014d08878"
      },
      "web": {
        "user": "https://www.kickstarter.com/profile/762570340"
      }
    }
  },
  "currency": "GBP",
  "currency_symbol": "\u00a3",
  "currency_trailing_code": false,
  "deadline": 1428515754,
  "disable_communication": false,
  "goal": 1400.0,
  "id": 1019438475,
  "launched_at": 1425923754,
  "location": {
    "country": "GB",
    "displayable_name": "Cambridgeshire, UK",
    "id": 12602140,
    "is_root": false,
    "name": "Cambridgeshire",
    "short_name": "Cambridgeshire, UK",
    "slug": "cambridgeshire-gb",
    "state": "England",
    "type": "County",
    "urls": {
      "api": {
        "nearby_projects": "https://api.kickstarter.com/v1/discover?signature=1488668422.d1e184b9c12c17a2eb3e9322800ff39cd66ad126&woe_id=12602140"
      },
      "web": {
        "discover": "https://www.kickstarter.com/discover/places/cambridgeshire-gb",
        "location": "https://www.kickstarter.com/locations/cambridgeshire-gb"
      }
    }
  },
  "name": "The SpaceBunker Project - space, science, maths, STEM",
  "photo": {
    "1024x576": "https://ksr-ugc.imgix.net/assets/012/045/034/9eb8295095232f9c576b33ed4828e4d5_original.jpg?w=1024&h=576&fit=fill&bg=000000&v=1463726928&auto=format&q=92&s=579fe7e0d8b9e32fb908c8779bb9733c",
    "1536x864": "https://ksr-ugc.imgix.net/assets/012/045/034/9eb8295095232f9c576b33ed4828e4d5_original.jpg?w=1536&h=864&fit=fill&bg=000000&v=1463726928&auto=format&q=92&s=87babb55d11316213d9593601187307d",
    "ed": "https://ksr-ugc.imgix.net/assets/012/045/034/9eb8295095232f9c576b33ed4828e4d5_original.jpg?w=338&h=190&fit=fill&bg=000000&v=1463726928&auto=format&q=92&s=b1a0e74f7870123fd0d938abea57ef5e",
    "full": "https://ksr-ugc.imgix.net/assets/012/045/034/9eb8295095232f9c576b33ed4828e4d5_original.jpg?w=560&h=315&fit=fill&bg=000000&v=1463726928&auto=format&q=92&s=e0f1ef036405bcfccab981bf4da7c7e6",
    "key": "assets/012/045/034/9eb8295095232f9c576b33ed4828e4d5_original.jpg",
    "little": "https://ksr-ugc.imgix.net/assets/012/045/034/9eb8295095232f9c576b33ed4828e4d5_original.jpg?w=200&h=112&fit=fill&bg=000000&v=1463726928&auto=format&q=92&s=897beec05960aad39233113ac8edc920",
    "med": "https://ksr-ugc.imgix.net/assets/012/045/034/9eb8295095232f9c576b33ed4828e4d5_original.jpg?w=266&h=150&fit=fill&bg=000000&v=1463726928&auto=format&q=92&s=7b235c22da428ea984bd747406eb6a31",
    "small": "https://ksr-ugc.imgix.net/assets/012/045/034/9eb8295095232f9c576b33ed4828e4d5_original.jpg?w=160&h=90&fit=fill&bg=000000&v=1463726928&auto=format&q=92&s=f714ad77162e14bcd02ec34624a7905c",
    "thumb": "https://ksr-ugc.imgix.net/assets/012/045/034/9eb8295095232f9c576b33ed4828e4d5_original.jpg?w=40&h=22&fit=fill&bg=000000&v=1463726928&auto=format&q=92&s=08946c587891e2ee744d1d442a8e466e"
  },
  "pledged": 945.0,
  "profile": {
    "background_color": null,
    "background_image_opacity": 0.8,
    "blurb": null,
    "feature_image_attributes": {
      "image_urls": {
        "baseball_card": "https://ksr-ugc.imgix.net/assets/012/045/034/9eb8295095232f9c576b33ed4828e4d5_original.jpg?w=1552&h=873&fit=fill&bg=000000&v=1463726928&auto=format&q=92&s=75cac6d625d47460897fe1fb8050cf11",
        "default": "https://ksr-ugc.imgix.net/assets/012/045/034/9eb8295095232f9c576b33ed4828e4d5_original.jpg?w=1552&h=873&fit=fill&bg=000000&v=1463726928&auto=format&q=92&s=75cac6d625d47460897fe1fb8050cf11"
      }
    },
    "id": 1721468,
    "link_background_color": null,
    "link_text": null,
    "link_text_color": null,
    "link_url": null,
    "name": null,
    "project_id": 1721468,
    "should_show_feature_image_section": true,
    "show_feature_image": false,
    "state": "inactive",
    "state_changed_at": 1425915894,
    "text_color": null
  },
  "slug": "the-spacebunker-project",
  "spotlight": false,
  "staff_pick": false,
  "state": "failed",
  "state_changed_at": 1428515756,
  "static_usd_rate": 1.50383176,
  "urls": {
    "web": {
      "project": "https://www.kickstarter.com/projects/762570340/the-spacebunker-project?ref=category_newest",
      "rewards": "https://www.kickstarter.com/projects/762570340/the-spacebunker-project/rewards"
    }
  },
  "usd_pledged": "1421.1210132"
}