{
  "backers_count": 1,
  "blurb": "Open source  audio DSP development platform with audio feedback prevention alogrithm.",
  "category": {
    "color": 6526716,
    "id": 339,
    "name": "Sound",
    "parent_id": 16,
    "position": 12,
    "slug": "technology/sound",
    "urls": {
      "web": {
        "discover": "http://www.kickstarter.com/discover/categories/technology/sound"
      }
    }
  },
  "country": "US",
  "created_at": 1400612315,
  "creator": {
    "avatar": {
      "medium": "https://ksr-ugc.imgix.net/assets/008/111/463/1af555a889a59b09f4694f6888b54490_original.jpg?w=160&h=160&fit=crop&v=1461503373&auto=format&q=92&s=655c47ccc606e156463b3a141b53707f",
      "small": "https://ksr-ugc.imgix.net/assets/008/111/463/1af555a889a59b09f4694f6888b54490_original.jpg?w=160&h=160&fit=crop&v=1461503373&auto=format&q=92&s=655c47ccc606e156463b3a141b53707f",
      "thumb": "https://ksr-ugc.imgix.net/assets/008/111/463/1af555a889a59b09f4694f6888b54490_original.jpg?w=40&h=40&fit=crop&v=1461503373&auto=format&q=92&s=e8fa41b8ad6ea36498e2575e516ced4e"
    },
    "id": 1472566256,
    "name": "Fred Pulver, Matrix Microsystems Inc.",
    "urls": {
      "api": {
        "user": "https://api.kickstarter.com/v1/users/1472566256?signature=1488680470.eed8d4c69e0d5acaa07524f16f0c18b38fe1c295"
      },
      "web": {
        "user": "https://www.kickstarter.com/profile/1472566256"
      }
    }
  },
  "currency": "USD",
  "currency_symbol": "$",
  "currency_trailing_code": true,
  "deadline": 1404400297,
  "disable_communication": false,
  "goal": 15000.0,
  "id": 1019334728,
  "launched_at": 1401808297,
  "location": {
    "country": "US",
    "displayable_name": "Northport, NY",
    "id": 2461986,
    "is_root": false,
    "name": "Northport",
    "short_name": "Northport, NY",
    "slug": "northport-ny",
    "state": "NY",
    "type": "Town",
    "urls": {
      "api": {
        "nearby_projects": "https://api.kickstarter.com/v1/discover?signature=1488670321.40a1a98e8a3c8c98d45d30e91cb139ecea1a742d&woe_id=2461986"
      },
      "web": {
        "discover": "https://www.kickstarter.com/discover/places/northport-ny",
        "location": "https://www.kickstarter.com/locations/northport-ny"
      }
    }
  },
  "name": "OpenAudioPal",
  "photo": {
    "1024x576": "https://ksr-ugc.imgix.net/assets/011/709/276/80edeeefaed8d196a71b580bdeee398b_original.jpg?w=1024&h=576&fit=fill&bg=000000&v=1463687084&auto=format&q=92&s=463af2e327de8b8c07de181cd31dde29",
    "1536x864": "https://ksr-ugc.imgix.net/assets/011/709/276/80edeeefaed8d196a71b580bdeee398b_original.jpg?w=1536&h=864&fit=fill&bg=000000&v=1463687084&auto=format&q=92&s=e43c9f221226cb808a108f8f4bd19294",
    "ed": "https://ksr-ugc.imgix.net/assets/011/709/276/80edeeefaed8d196a71b580bdeee398b_original.jpg?w=338&h=190&fit=fill&bg=000000&v=1463687084&auto=format&q=92&s=41716a7c3ceeec62c6af611b397e4e76",
    "full": "https://ksr-ugc.imgix.net/assets/011/709/276/80edeeefaed8d196a71b580bdeee398b_original.jpg?w=560&h=315&fit=fill&bg=000000&v=1463687084&auto=format&q=92&s=b15f1cf73c2e5b4f266a2a89cbc2431c",
    "key": "assets/011/709/276/80edeeefaed8d196a71b580bdeee398b_original.jpg",
    "little": "https://ksr-ugc.imgix.net/assets/011/709/276/80edeeefaed8d196a71b580bdeee398b_original.jpg?w=200&h=112&fit=fill&bg=000000&v=1463687084&auto=format&q=92&s=632b6782e0a2c1ff5e807aa5477b9c40",
    "med": "https://ksr-ugc.imgix.net/assets/011/709/276/80edeeefaed8d196a71b580bdeee398b_original.jpg?w=266&h=150&fit=fill&bg=000000&v=1463687084&auto=format&q=92&s=432fe4b4e25514bef5a890869886d598",
    "small": "https://ksr-ugc.imgix.net/assets/011/709/276/80edeeefaed8d196a71b580bdeee398b_original.jpg?w=160&h=90&fit=fill&bg=000000&v=1463687084&auto=format&q=92&s=a1193e4d67f7b7bc31e84921b7546b12",
    "thumb": "https://ksr-ugc.imgix.net/assets/011/709/276/80edeeefaed8d196a71b580bdeee398b_original.jpg?w=40&h=22&fit=fill&bg=000000&v=1463687084&auto=format&q=92&s=b9dea9461d43f5c9684afb1398e19402"
  },
  "pledged": 150.0,
  "profile": {
    "background_color": null,
    "background_image_opacity": 0.8,
    "blurb": null,
    "feature_image_attributes": {
      "image_urls": {
        "baseball_card": "https://ksr-ugc.imgix.net/assets/011/709/276/80edeeefaed8d196a71b580bdeee398b_original.jpg?w=1552&h=873&fit=fill&bg=000000&v=1463687084&auto=format&q=92&s=e807843c1e5fe27e17660cdd0d4ab0cc",
        "default": "https://ksr-ugc.imgix.net/assets/011/709/276/80edeeefaed8d196a71b580bdeee398b_original.jpg?w=1552&h=873&fit=fill&bg=000000&v=1463687084&auto=format&q=92&s=e807843c1e5fe27e17660cdd0d4ab0cc"
      }
    },
    "id": 1031813,
    "link_background_color": null,
    "link_text": null,
    "link_text_color": null,
    "link_url": null,
    "name": null,
    "project_id": 1031813,
    "should_show_feature_image_section": true,
    "show_feature_image": false,
    "state": "inactive",
    "state_changed_at": 1425915857,
    "text_color": null
  },
  "slug": "openaudiopal",
  "spotlight": false,
  "staff_pick": false,
  "state": "failed",
  "state_changed_at": 1404400297,
  "static_usd_rate": 1.0,
  "urls": {
    "web": {
      "project": "https://www.kickstarter.com/projects/1472566256/openaudiopal?ref=category_newest",
      "rewards": "https://www.kickstarter.com/projects/1472566256/openaudiopal/rewards"
    }
  },
  "usd_pledged": "150.0"
}