{
  "backers_count": 51,
  "blurb": "CLASS - Crowdsourced Learning Academic Scholastic System with additional Spin wheel and periodic table of learning methods.",
  "category": {
    "color": 6526716,
    "id": 338,
    "name": "Robots",
    "parent_id": 16,
    "position": 10,
    "slug": "technology/robots",
    "urls": {
      "web": {
        "discover": "http://www.kickstarter.com/discover/categories/technology/robots"
      }
    }
  },
  "country": "US",
  "created_at": 1369623683,
  "creator": {
    "avatar": {
      "medium": "https://ksr-ugc.imgix.net/assets/007/620/165/468380af4f20a666c9013e8b46d983f6_original.jpg?w=160&h=160&fit=crop&v=1461468057&auto=format&q=92&s=78fd33fd8fe771566e9280cb0550d540",
      "small": "https://ksr-ugc.imgix.net/assets/007/620/165/468380af4f20a666c9013e8b46d983f6_original.jpg?w=160&h=160&fit=crop&v=1461468057&auto=format&q=92&s=78fd33fd8fe771566e9280cb0550d540",
      "thumb": "https://ksr-ugc.imgix.net/assets/007/620/165/468380af4f20a666c9013e8b46d983f6_original.jpg?w=40&h=40&fit=crop&v=1461468057&auto=format&q=92&s=41a10afadf4554836ac12e556e5c95dd"
    },
    "id": 973427317,
    "name": "Nano Ninjas",
    "urls": {
      "api": {
        "user": "https://api.kickstarter.com/v1/users/973427317?signature=1488680105.dd05599d97d5ca1153e40124626cb6b635005077"
      },
      "web": {
        "user": "https://www.kickstarter.com/profile/973427317"
      }
    }
  },
  "currency": "USD",
  "currency_symbol": "$",
  "currency_trailing_code": true,
  "deadline": 1421395140,
  "disable_communication": false,
  "goal": 500.0,
  "id": 101909427,
  "launched_at": 1416251574,
  "location": {
    "country": "US",
    "displayable_name": "Portland, OR",
    "id": 2475687,
    "is_root": false,
    "name": "Portland",
    "short_name": "Portland, OR",
    "slug": "portland-or",
    "state": "OR",
    "type": "Town",
    "urls": {
      "api": {
        "nearby_projects": "https://api.kickstarter.com/v1/discover?signature=1488668417.c6e7a5508a1d283c299e485dbfaef8ef820f6a4c&woe_id=2475687"
      },
      "web": {
        "discover": "https://www.kickstarter.com/discover/places/portland-or",
        "location": "https://www.kickstarter.com/locations/portland-or"
      }
    }
  },
  "name": "Nano Ninjas CLASS - FLL Project",
  "photo": {
    "1024x576": "https://ksr-ugc.imgix.net/assets/011/528/997/4dc5075718df0289bffc58c27901043d_original.jpg?w=1024&h=576&fit=fill&bg=CD0C0D&v=1463684046&auto=format&q=92&s=c8c8cd5ab9db03935f5115fb0acc198c",
    "1536x864": "https://ksr-ugc.imgix.net/assets/011/528/997/4dc5075718df0289bffc58c27901043d_original.jpg?w=1536&h=864&fit=fill&bg=CD0C0D&v=1463684046&auto=format&q=92&s=8e9407114849eebc96d73cbd9d6c07e5",
    "ed": "https://ksr-ugc.imgix.net/assets/011/528/997/4dc5075718df0289bffc58c27901043d_original.jpg?w=338&h=190&fit=fill&bg=CD0C0D&v=1463684046&auto=format&q=92&s=d49b28c1fff665520fa066af56b13221",
    "full": "https://ksr-ugc.imgix.net/assets/011/528/997/4dc5075718df0289bffc58c27901043d_original.jpg?w=560&h=315&fit=fill&bg=CD0C0D&v=1463684046&auto=format&q=92&s=a74dcaa3ea391424a46c664633471d5f",
    "key": "assets/011/528/997/4dc5075718df0289bffc58c27901043d_original.jpg",
    "little": "https://ksr-ugc.imgix.net/assets/011/528/997/4dc5075718df0289bffc58c27901043d_original.jpg?w=200&h=112&fit=fill&bg=CD0C0D&v=1463684046&auto=format&q=92&s=d204ec29c45175fc733609bf83c085cb",
    "med": "https://ksr-ugc.imgix.net/assets/011/528/997/4dc5075718df0289bffc58c27901043d_original.jpg?w=266&h=150&fit=fill&bg=CD0C0D&v=1463684046&auto=format&q=92&s=a3ccb27882f54a4b64633815d17f705f",
    "small": "https://ksr-ugc.imgix.net/assets/011/528/997/4dc5075718df0289bffc58c27901043d_original.jpg?w=160&h=90&fit=fill&bg=CD0C0D&v=1463684046&auto=format&q=92&s=3068becaadb94aeced9af4f2fb8be43b",
    "thumb": "https://ksr-ugc.imgix.net/assets/011/528/997/4dc5075718df0289bffc58c27901043d_original.jpg?w=40&h=22&fit=fill&bg=CD0C0D&v=1463684046&auto=format&q=92&s=99b840f7faf349eee4fcd7f087eb2bd8"
  },
  "pledged": 1304.0,
  "profile": {
    "background_color": null,
    "background_image_opacity": 0.8,
    "blurb": null,
    "feature_image_attributes": {
      "image_urls": {
        "baseball_card": "https://ksr-ugc.imgix.net/assets/011/528/997/4dc5075718df0289bffc58c27901043d_original.jpg?w=1552&h=873&fit=fill&bg=CD0C0D&v=1463684046&auto=format&q=92&s=5e660f519d0319e44cd3583f699975d2",
        "default": "https://ksr-ugc.imgix.net/assets/011/528/997/4dc5075718df0289bffc58c27901043d_original.jpg?w=1552&h=873&fit=fill&bg=CD0C0D&v=1463684046&auto=format&q=92&s=5e660f519d0319e44cd3583f699975d2"
      }
    },
    "id": 583211,
    "link_background_color": null,
    "link_text": null,
    "link_text_color": null,
    "link_url": null,
    "name": null,
    "project_id": 583211,
    "should_show_feature_image_section": true,
    "show_feature_image": false,
    "state": "inactive",
    "state_changed_at": 1425915831,
    "text_color": null
  },
  "slug": "nano-ninjas-class",
  "spotlight": true,
  "staff_pick": false,
  "state": "successful",
  "state_changed_at": 1421395140,
  "static_usd_rate": 1.0,
  "urls": {
    "web": {
      "project": "https://www.kickstarter.com/projects/973427317/nano-ninjas-class?ref=category_newest",
      "rewards": "https://www.kickstarter.com/projects/973427317/nano-ninjas-class/rewards"
    }
  },
  "usd_pledged": "1304.0"
}