{
  "backers_count": 36,
  "blurb": "BRAVE is an app that helps users build confidence and create a fearless version of themselves.",
  "category": {
    "color": 6526716,
    "id": 332,
    "name": "Apps",
    "parent_id": 16,
    "position": 2,
    "slug": "technology/apps",
    "urls": {
      "web": {
        "discover": "http://www.kickstarter.com/discover/categories/technology/apps"
      }
    }
  },
  "country": "US",
  "created_at": 1485020692,
  "creator": {
    "avatar": {
      "medium": "https://ksr-ugc.imgix.net/assets/015/335/957/9c238b7ef94bf6600f8b61450c3ccccd_original.jpg?w=160&h=160&fit=crop&v=1485791781&auto=format&q=92&s=b9dfff7cb6263d6b8e3b601f5dc09647",
      "small": "https://ksr-ugc.imgix.net/assets/015/335/957/9c238b7ef94bf6600f8b61450c3ccccd_original.jpg?w=160&h=160&fit=crop&v=1485791781&auto=format&q=92&s=b9dfff7cb6263d6b8e3b601f5dc09647",
      "thumb": "https://ksr-ugc.imgix.net/assets/015/335/957/9c238b7ef94bf6600f8b61450c3ccccd_original.jpg?w=40&h=40&fit=crop&v=1485791781&auto=format&q=92&s=17d88d1224cd36939f9170c162a4e1b9"
    },
    "id": 206848770,
    "name": "David Bidler",
    "urls": {
      "api": {
        "user": "https://api.kickstarter.com/v1/users/206848770?signature=1488678807.353ad269f38f0f4fc613d6fc2f02d7d2670890cc"
      },
      "web": {
        "user": "https://www.kickstarter.com/profile/206848770"
      }
    }
  },
  "currency": "USD",
  "currency_symbol": "$",
  "currency_trailing_code": true,
  "deadline": 1490301113,
  "disable_communication": false,
  "goal": 25000.0,
  "id": 1020825218,
  "launched_at": 1486762313,
  "location": {
    "country": "US",
    "displayable_name": "Portland, ME",
    "id": 2475688,
    "is_root": false,
    "name": "Portland",
    "short_name": "Portland, ME",
    "slug": "portland-me",
    "state": "ME",
    "type": "Town",
    "urls": {
      "api": {
        "nearby_projects": "https://api.kickstarter.com/v1/discover?signature=1488668433.a084efb4a970d4bd06d15a2a2c39d95efa804f89&woe_id=2475688"
      },
      "web": {
        "discover": "https://www.kickstarter.com/discover/places/portland-me",
        "location": "https://www.kickstarter.com/locations/portland-me"
      }
    }
  },
  "name": "BRAVE: A Guide to Fearlessness",
  "photo": {
    "1024x576": "https://ksr-ugc.imgix.net/assets/015/242/702/04506ebdf441057975ebe98c79051122_original.JPG?w=1024&h=576&fit=fill&bg=000000&v=1485020849&auto=format&q=92&s=c78823130b8dfca0e4b2f84cb642bf9f",
    "1536x864": "https://ksr-ugc.imgix.net/assets/015/242/702/04506ebdf441057975ebe98c79051122_original.JPG?w=1536&h=864&fit=fill&bg=000000&v=1485020849&auto=format&q=92&s=7f9cf6b74eaa25d6f4ed64b014a6b96f",
    "ed": "https://ksr-ugc.imgix.net/assets/015/242/702/04506ebdf441057975ebe98c79051122_original.JPG?w=338&h=190&fit=fill&bg=000000&v=1485020849&auto=format&q=92&s=07b13feb8c5ef0deeeb60cef90bfeea4",
    "full": "https://ksr-ugc.imgix.net/assets/015/242/702/04506ebdf441057975ebe98c79051122_original.JPG?w=560&h=315&fit=fill&bg=000000&v=1485020849&auto=format&q=92&s=c5cc8d866d7ce60c7a89a643ff76026b",
    "key": "assets/015/242/702/04506ebdf441057975ebe98c79051122_original.JPG",
    "little": "https://ksr-ugc.imgix.net/assets/015/242/702/04506ebdf441057975ebe98c79051122_original.JPG?w=200&h=112&fit=fill&bg=000000&v=1485020849&auto=format&q=92&s=7c5eae0ed2243c972452987c45380066",
    "med": "https://ksr-ugc.imgix.net/assets/015/242/702/04506ebdf441057975ebe98c79051122_original.JPG?w=266&h=150&fit=fill&bg=000000&v=1485020849&auto=format&q=92&s=a9c8529535f941c5ddf60ba6d1edfe7d",
    "small": "https://ksr-ugc.imgix.net/assets/015/242/702/04506ebdf441057975ebe98c79051122_original.JPG?w=160&h=90&fit=fill&bg=000000&v=1485020849&auto=format&q=92&s=fef78c23167236258d9057e02b7da0e9",
    "thumb": "https://ksr-ugc.imgix.net/assets/015/242/702/04506ebdf441057975ebe98c79051122_original.JPG?w=40&h=22&fit=fill&bg=000000&v=1485020849&auto=format&q=92&s=3689448f7ea77caec2bd64ddc60f8b96"
  },
  "pledged": 4605.0,
  "profile": {
    "background_color": null,
    "background_image_opacity": 0.8,
    "blurb": null,
    "feature_image_attributes": {
      "image_urls": {
        "baseball_card": "https://ksr-ugc.imgix.net/assets/015/242/702/04506ebdf441057975ebe98c79051122_original.JPG?w=1552&h=873&fit=fill&bg=000000&v=1485020849&auto=format&q=92&s=8bdf5756c946de8da8b29e61955beeac",
        "default": "https://ksr-ugc.imgix.net/assets/015/242/702/04506ebdf441057975ebe98c79051122_original.JPG?w=1552&h=873&fit=fill&bg=000000&v=1485020849&auto=format&q=92&s=8bdf5756c946de8da8b29e61955beeac"
      }
    },
    "id": 2845730,
    "link_background_color": null,
    "link_text": null,
    "link_text_color": null,
    "link_url": null,
    "name": null,
    "project_id": 2845730,
    "should_show_feature_image_section": true,
    "show_feature_image": false,
    "state": "inactive",
    "state_changed_at": 1485020692,
    "text_color": null
  },
  "slug": "brave-a-guide-to-fearlessness",
  "spotlight": false,
  "staff_pick": false,
  "state": "live",
  "state_changed_at": 1486762314,
  "static_usd_rate": 1.0,
  "urls": {
    "web": {
      "project": "https://www.kickstarter.com/projects/206848770/brave-a-guide-to-fearlessness?ref=category_newest",
      "rewards": "https://www.kickstarter.com/projects/206848770/brave-a-guide-to-fearlessness/rewards"
    }
  },
  "usd_pledged": "4605.0"
}