{
  "backers_count": 213,
  "blurb": "International student team creating an unmanned aerial vehicle system to combat African rhino poaching and illicit wildlife trafficking",
  "category": {
    "color": 6526716,
    "id": 336,
    "name": "Flight",
    "parent_id": 16,
    "position": 6,
    "slug": "technology/flight",
    "urls": {
      "web": {
        "discover": "http://www.kickstarter.com/discover/categories/technology/flight"
      }
    }
  },
  "country": "US",
  "created_at": 1390868418,
  "creator": {
    "avatar": {
      "medium": "https://ksr-ugc.imgix.net/assets/008/364/104/67a24f8df4b3e573f35065115610a017_original.?w=160&h=160&fit=crop&v=1461519689&auto=format&q=92&s=bf9f95431bfdf3071fd8cac8ac6eee69",
      "small": "https://ksr-ugc.imgix.net/assets/008/364/104/67a24f8df4b3e573f35065115610a017_original.?w=160&h=160&fit=crop&v=1461519689&auto=format&q=92&s=bf9f95431bfdf3071fd8cac8ac6eee69",
      "thumb": "https://ksr-ugc.imgix.net/assets/008/364/104/67a24f8df4b3e573f35065115610a017_original.?w=40&h=40&fit=crop&v=1461519689&auto=format&q=92&s=33ed2802e5a32d72631cf9c301d0c8c8"
    },
    "id": 846841162,
    "name": "Eric Schmidt",
    "urls": {
      "api": {
        "user": "https://api.kickstarter.com/v1/users/846841162?signature=1488679401.d5205c9619d4dd73ab751a8cdbbac76da2ec54be"
      },
      "web": {
        "user": "https://www.kickstarter.com/profile/846841162"
      }
    }
  },
  "currency": "USD",
  "currency_symbol": "$",
  "currency_trailing_code": true,
  "deadline": 1396211195,
  "disable_communication": false,
  "goal": 20000.0,
  "id": 1020357088,
  "launched_at": 1393622795,
  "location": {
    "country": "US",
    "displayable_name": "Boulder, CO",
    "id": 2367231,
    "is_root": false,
    "name": "Boulder",
    "short_name": "Boulder, CO",
    "slug": "boulder-co",
    "state": "CO",
    "type": "Town",
    "urls": {
      "api": {
        "nearby_projects": "https://api.kickstarter.com/v1/discover?signature=1488668426.016aa70fe1104938337cc9e93ed7638965c8f3a5&woe_id=2367231"
      },
      "web": {
        "discover": "https://www.kickstarter.com/discover/places/boulder-co",
        "location": "https://www.kickstarter.com/locations/boulder-co"
      }
    }
  },
  "name": "Team AREND Wildlife Conservation UAV",
  "photo": {
    "1024x576": "https://ksr-ugc.imgix.net/assets/011/642/655/830a89783f0760ef9799fd801673f8ba_original.jpg?w=1024&h=576&fit=fill&bg=DBDAD8&v=1463686125&auto=format&q=92&s=73b2c7ef079118ad19016e77562e1c30",
    "1536x864": "https://ksr-ugc.imgix.net/assets/011/642/655/830a89783f0760ef9799fd801673f8ba_original.jpg?w=1536&h=864&fit=fill&bg=DBDAD8&v=1463686125&auto=format&q=92&s=7f5078ce3efa9fe415142c7c510cbd30",
    "ed": "https://ksr-ugc.imgix.net/assets/011/642/655/830a89783f0760ef9799fd801673f8ba_original.jpg?w=338&h=190&fit=fill&bg=DBDAD8&v=1463686125&auto=format&q=92&s=afa0e29ccdae80a2976d487c6c43b088",
    "full": "https://ksr-ugc.imgix.net/assets/011/642/655/830a89783f0760ef9799fd801673f8ba_original.jpg?w=560&h=315&fit=fill&bg=DBDAD8&v=1463686125&auto=format&q=92&s=413e5151003677c581f5b07d415e558e",
    "key": "assets/011/642/655/830a89783f0760ef9799fd801673f8ba_original.jpg",
    "little": "https://ksr-ugc.imgix.net/assets/011/642/655/830a89783f0760ef9799fd801673f8ba_original.jpg?w=200&h=112&fit=fill&bg=DBDAD8&v=1463686125&auto=format&q=92&s=72d2e1e7b81dd95ca1bbe284dbc32a65",
    "med": "https://ksr-ugc.imgix.net/assets/011/642/655/830a89783f0760ef9799fd801673f8ba_original.jpg?w=266&h=150&fit=fill&bg=DBDAD8&v=1463686125&auto=format&q=92&s=c90148fa002a14c117fa7310901813f9",
    "small": "https://ksr-ugc.imgix.net/assets/011/642/655/830a89783f0760ef9799fd801673f8ba_original.jpg?w=160&h=90&fit=fill&bg=DBDAD8&v=1463686125&auto=format&q=92&s=3c0dc03b3a17485e62324005e52a9a49",
    "thumb": "https://ksr-ugc.imgix.net/assets/011/642/655/830a89783f0760ef9799fd801673f8ba_original.jpg?w=40&h=22&fit=fill&bg=DBDAD8&v=1463686125&auto=format&q=92&s=d28eedbbf4bb58f51adc3f4a05ffdfb3"
  },
  "pledged": 22403.0,
  "profile": {
    "background_color": null,
    "background_image_opacity": 0.8,
    "blurb": null,
    "feature_image_attributes": {
      "image_urls": {
        "baseball_card": "https://ksr-ugc.imgix.net/assets/011/642/655/830a89783f0760ef9799fd801673f8ba_original.jpg?w=1552&h=873&fit=fill&bg=DBDAD8&v=1463686125&auto=format&q=92&s=0dc750d7083e1db3bffac4579d98fc74",
        "default": "https://ksr-ugc.imgix.net/assets/011/642/655/830a89783f0760ef9799fd801673f8ba_original.jpg?w=1552&h=873&fit=fill&bg=DBDAD8&v=1463686125&auto=format&q=92&s=0dc750d7083e1db3bffac4579d98fc74"
      }
    },
    "id": 866810,
    "link_background_color": null,
    "link_text": null,
    "link_text_color": null,
    "link_url": null,
    "name": null,
    "project_id": 866810,
    "should_show_feature_image_section": true,
    "show_feature_image": false,
    "state": "inactive",
    "state_changed_at": 1425915847,
    "text_color": null
  },
  "slug": "team-arend-wildlife-conservation-uav",
  "spotlight": true,
  "staff_pick": true,
  "state": "successful",
  "state_changed_at": 1396211195,
  "static_usd_rate": 1.0,
  "urls": {
    "web": {
      "project": "https://www.kickstarter.com/projects/846841162/team-arend-wildlife-conservation-uav?ref=category_newest",
      "rewards": "https://www.kickstarter.com/projects/846841162/team-arend-wildlife-conservation-uav/rewards"
    }
  },
  "usd_pledged": "22403.0"
}