{
  "backers_count": 18,
  "blurb": "Bringing Christmas Trees to the 21st Century",
  "category": {
    "color": 6526716,
    "id": 342,
    "name": "Web",
    "parent_id": 16,
    "position": 15,
    "slug": "technology/web",
    "urls": {
      "web": {
        "discover": "http://www.kickstarter.com/discover/categories/technology/web"
      }
    }
  },
  "country": "US",
  "created_at": 1460364115,
  "creator": {
    "avatar": {
      "medium": "https://ksr-ugc.imgix.net/assets/011/033/455/d76ad7c8269ad7f8010368535138b4c8_original.jpeg?w=160&h=160&fit=crop&v=1461835120&auto=format&q=92&s=babf291c52189fe3d0c517d9d2767144",
      "small": "https://ksr-ugc.imgix.net/assets/011/033/455/d76ad7c8269ad7f8010368535138b4c8_original.jpeg?w=160&h=160&fit=crop&v=1461835120&auto=format&q=92&s=babf291c52189fe3d0c517d9d2767144",
      "thumb": "https://ksr-ugc.imgix.net/assets/011/033/455/d76ad7c8269ad7f8010368535138b4c8_original.jpeg?w=40&h=40&fit=crop&v=1461835120&auto=format&q=92&s=9c9f469565e63b0c8fe1708c8d716f96"
    },
    "id": 1437305354,
    "name": "Burt Chutkan + Kristin Harper",
    "urls": {
      "api": {
        "user": "https://api.kickstarter.com/v1/users/1437305354?signature=1488680925.68c6b968b61bde7765ec373d20bcff4010941611"
      },
      "web": {
        "user": "https://www.kickstarter.com/profile/1437305354"
      }
    }
  },
  "currency": "USD",
  "currency_symbol": "$",
  "currency_trailing_code": true,
  "deadline": 1464790058,
  "disable_communication": false,
  "goal": 65000.0,
  "id": 1020778618,
  "launched_at": 1462198058,
  "location": {
    "country": "US",
    "displayable_name": "Orlando, FL",
    "id": 2466256,
    "is_root": false,
    "name": "Orlando",
    "short_name": "Orlando, FL",
    "slug": "orlando-fl",
    "state": "FL",
    "type": "Town",
    "urls": {
      "api": {
        "nearby_projects": "https://api.kickstarter.com/v1/discover?signature=1488668421.c3bb572356706a8f8cece96981c62898d558d5df&woe_id=2466256"
      },
      "web": {
        "discover": "https://www.kickstarter.com/discover/places/orlando-fl",
        "location": "https://www.kickstarter.com/locations/orlando-fl"
      }
    }
  },
  "name": "OH Christmas Trees",
  "photo": {
    "1024x576": "https://ksr-ugc.imgix.net/assets/012/427/028/96b330ef168f3e5d3cfeb235e407b927_original.jpg?w=1024&h=576&fit=fill&bg=2D241D&v=1463760632&auto=format&q=92&s=9a349cd67fb34ed6fd224a4a926a0aeb",
    "1536x864": "https://ksr-ugc.imgix.net/assets/012/427/028/96b330ef168f3e5d3cfeb235e407b927_original.jpg?w=1536&h=864&fit=fill&bg=2D241D&v=1463760632&auto=format&q=92&s=4bf1a9863df67b1d5946448780ea702d",
    "ed": "https://ksr-ugc.imgix.net/assets/012/427/028/96b330ef168f3e5d3cfeb235e407b927_original.jpg?w=338&h=190&fit=fill&bg=2D241D&v=1463760632&auto=format&q=92&s=90be1a7818c8671847c0b3a1f2969243",
    "full": "https://ksr-ugc.imgix.net/assets/012/427/028/96b330ef168f3e5d3cfeb235e407b927_original.jpg?w=560&h=315&fit=fill&bg=2D241D&v=1463760632&auto=format&q=92&s=a72e9dc61f5bd551fd198ebb7827316c",
    "key": "assets/012/427/028/96b330ef168f3e5d3cfeb235e407b927_original.jpg",
    "little": "https://ksr-ugc.imgix.net/assets/012/427/028/96b330ef168f3e5d3cfeb235e407b927_original.jpg?w=200&h=112&fit=fill&bg=2D241D&v=1463760632&auto=format&q=92&s=18103fe3d9913a1bad9720ea723c02bc",
    "med": "https://ksr-ugc.imgix.net/assets/012/427/028/96b330ef168f3e5d3cfeb235e407b927_original.jpg?w=266&h=150&fit=fill&bg=2D241D&v=1463760632&auto=format&q=92&s=df196342858f6da4566d0694503edf16",
    "small": "https://ksr-ugc.imgix.net/assets/012/427/028/96b330ef168f3e5d3cfeb235e407b927_original.jpg?w=160&h=90&fit=fill&bg=2D241D&v=1463760632&auto=format&q=92&s=341eafebf14b5864b6e8cdd0ebe00880",
    "thumb": "https://ksr-ugc.imgix.net/assets/012/427/028/96b330ef168f3e5d3cfeb235e407b927_original.jpg?w=40&h=22&fit=fill&bg=2D241D&v=1463760632&auto=format&q=92&s=a1fd570977fd6f772904f4a6011dc28a"
  },
  "pledged": 1256.0,
  "profile": {
    "background_color": null,
    "background_image_opacity": 0.8,
    "blurb": null,
    "feature_image_attributes": {
      "image_urls": {
        "baseball_card": "https://ksr-ugc.imgix.net/assets/012/427/028/96b330ef168f3e5d3cfeb235e407b927_original.jpg?w=1552&h=873&fit=fill&bg=2D241D&v=1463760632&auto=format&q=92&s=9dbaa1b590855957e9d204a07b00f497",
        "default": "https://ksr-ugc.imgix.net/assets/012/427/028/96b330ef168f3e5d3cfeb235e407b927_original.jpg?w=1552&h=873&fit=fill&bg=2D241D&v=1463760632&auto=format&q=92&s=9dbaa1b590855957e9d204a07b00f497"
      }
    },
    "id": 2465070,
    "link_background_color": null,
    "link_text": null,
    "link_text_color": null,
    "link_url": null,
    "name": null,
    "project_id": 2465070,
    "should_show_feature_image_section": true,
    "show_feature_image": false,
    "state": "inactive",
    "state_changed_at": 1460364115,
    "text_color": null
  },
  "slug": "oh-christmas-trees",
  "spotlight": false,
  "staff_pick": false,
  "state": "failed",
  "state_changed_at": 1464790058,
  "static_usd_rate": 1.0,
  "urls": {
    "web": {
      "project": "https://www.kickstarter.com/projects/1437305354/oh-christmas-trees?ref=category_newest",
      "rewards": "https://www.kickstarter.com/projects/1437305354/oh-christmas-trees/rewards"
    }
  },
  "usd_pledged": "1256.0"
}