{
  "backers_count": 0,
  "blurb": "Ich m\u00f6chte eine Platform in Form einer App und als Website erstellen, in der jeder Tutorien und Tutorials anbieten und wahrnehmen kann.",
  "category": {
    "color": 6526716,
    "id": 332,
    "name": "Apps",
    "parent_id": 16,
    "position": 2,
    "slug": "technology/apps",
    "urls": {
      "web": {
        "discover": "http://www.kickstarter.com/discover/categories/technology/apps"
      }
    }
  },
  "country": "DE",
  "created_at": 1436913997,
  "creator": {
    "avatar": {
      "medium": "https://ksr-ugc.imgix.net/assets/010/119/118/fc3e89bfa86614986bb4d3e040aa8c26_original.png?w=160&h=160&fit=crop&v=1461668504&auto=format&q=92&s=610c54f4048c4ecf4de6b24491640a6f",
      "small": "https://ksr-ugc.imgix.net/assets/010/119/118/fc3e89bfa86614986bb4d3e040aa8c26_original.png?w=160&h=160&fit=crop&v=1461668504&auto=format&q=92&s=610c54f4048c4ecf4de6b24491640a6f",
      "thumb": "https://ksr-ugc.imgix.net/assets/010/119/118/fc3e89bfa86614986bb4d3e040aa8c26_original.png?w=40&h=40&fit=crop&v=1461668504&auto=format&q=92&s=52118fcfbafb16912aef224c154e7017"
    },
    "id": 1471331251,
    "name": "Roni Cakar",
    "urls": {
      "api": {
        "user": "https://api.kickstarter.com/v1/users/1471331251?signature=1488679064.1d393f51f3d9dfeaf3238520f5d7ca9de9e881a0"
      },
      "web": {
        "user": "https://www.kickstarter.com/profile/1471331251"
      }
    }
  },
  "currency": "EUR",
  "currency_symbol": "\u20ac",
  "currency_trailing_code": false,
  "deadline": 1440092350,
  "disable_communication": false,
  "goal": 12000.0,
  "id": 1020221466,
  "launched_at": 1437500350,
  "location": {
    "country": "DE",
    "displayable_name": "Aachen, Germany",
    "id": 633175,
    "is_root": false,
    "name": "Aachen",
    "short_name": "Aachen, Germany",
    "slug": "aachen-de",
    "state": "North Rhine-Westphalia",
    "type": "Town",
    "urls": {
      "api": {
        "nearby_projects": "https://api.kickstarter.com/v1/discover?signature=1488668537.8966f9e365ee80b5274aa0002f79ceb0247fcc84&woe_id=633175"
      },
      "web": {
        "discover": "https://www.kickstarter.com/discover/places/aachen-de",
        "location": "https://www.kickstarter.com/locations/aachen-de"
      }
    }
  },
  "name": "TutYourSelf - Eine Plattform f\u00fcr Tutorien und Tutorials",
  "photo": {
    "1024x576": "https://ksr-ugc.imgix.net/assets/012/197/319/d28d1e9b370c582bfcf78ac5e5caa464_original.png?w=1024&h=576&fit=fill&bg=000000&v=1463741103&auto=format&q=92&s=dd2c3781c2340f1a2e525e3d313b4dea",
    "1536x864": "https://ksr-ugc.imgix.net/assets/012/197/319/d28d1e9b370c582bfcf78ac5e5caa464_original.png?w=1536&h=864&fit=fill&bg=000000&v=1463741103&auto=format&q=92&s=193ba383dbedcfd28f160371f8a8927c",
    "ed": "https://ksr-ugc.imgix.net/assets/012/197/319/d28d1e9b370c582bfcf78ac5e5caa464_original.png?w=338&h=190&fit=fill&bg=000000&v=1463741103&auto=format&q=92&s=b0c32993915c9ca06965d0ea360279f3",
    "full": "https://ksr-ugc.imgix.net/assets/012/197/319/d28d1e9b370c582bfcf78ac5e5caa464_original.png?w=560&h=315&fit=fill&bg=000000&v=1463741103&auto=format&q=92&s=cd0f5f8b54413928c20d6cf33e5d72c3",
    "key": "assets/012/197/319/d28d1e9b370c582bfcf78ac5e5caa464_original.png",
    "little": "https://ksr-ugc.imgix.net/assets/012/197/319/d28d1e9b370c582bfcf78ac5e5caa464_original.png?w=200&h=112&fit=fill&bg=000000&v=1463741103&auto=format&q=92&s=8973847c7397303b628565191b40feee",
    "med": "https://ksr-ugc.imgix.net/assets/012/197/319/d28d1e9b370c582bfcf78ac5e5caa464_original.png?w=266&h=150&fit=fill&bg=000000&v=1463741103&auto=format&q=92&s=23665c03fd35841109383893104c6614",
    "small": "https://ksr-ugc.imgix.net/assets/012/197/319/d28d1e9b370c582bfcf78ac5e5caa464_original.png?w=160&h=90&fit=fill&bg=000000&v=1463741103&auto=format&q=92&s=57f6dba168df02a39a3d113394276a7e",
    "thumb": "https://ksr-ugc.imgix.net/assets/012/197/319/d28d1e9b370c582bfcf78ac5e5caa464_original.png?w=40&h=22&fit=fill&bg=000000&v=1463741103&auto=format&q=92&s=9b06d4625a219a23654ca1fe786ecfdf"
  },
  "pledged": 0.0,
  "profile": {
    "background_color": null,
    "background_image_opacity": 0.8,
    "blurb": null,
    "feature_image_attributes": {
      "image_urls": {
        "baseball_card": "https://ksr-ugc.imgix.net/assets/012/197/319/d28d1e9b370c582bfcf78ac5e5caa464_original.png?w=1552&h=873&fit=fill&bg=000000&v=1463741103&auto=format&q=92&s=9d29b386d7e1170cba296dababa32994",
        "default": "https://ksr-ugc.imgix.net/assets/012/197/319/d28d1e9b370c582bfcf78ac5e5caa464_original.png?w=1552&h=873&fit=fill&bg=000000&v=1463741103&auto=format&q=92&s=9d29b386d7e1170cba296dababa32994"
      }
    },
    "id": 2015089,
    "link_background_color": null,
    "link_text": null,
    "link_text_color": null,
    "link_url": null,
    "name": null,
    "project_id": 2015089,
    "should_show_feature_image_section": true,
    "show_feature_image": false,
    "state": "inactive",
    "state_changed_at": 1436913997,
    "text_color": null
  },
  "slug": "tutyourself-eine-plattform-fur-tutorien-und-tutori",
  "spotlight": false,
  "staff_pick": false,
  "state": "failed",
  "state_changed_at": 1440092350,
  "static_usd_rate": 1.08252992,
  "urls": {
    "web": {
      "project": "https://www.kickstarter.com/projects/1471331251/tutyourself-eine-plattform-fur-tutorien-und-tutori?ref=category_newest",
      "rewards": "https://www.kickstarter.com/projects/1471331251/tutyourself-eine-plattform-fur-tutorien-und-tutori/rewards"
    }
  },
  "usd_pledged": "0.0"
}