{
  "backers_count": 192,
  "blurb": "1000 lumen USB rechargeable lantern flashlight with 4000mAh USB battery backup and 360 bike mount. Charge any device, iPhone, Pebble.",
  "category": {
    "color": 6526716,
    "id": 16,
    "name": "Technology",
    "position": 14,
    "slug": "technology",
    "urls": {
      "web": {
        "discover": "http://www.kickstarter.com/discover/categories/technology"
      }
    }
  },
  "country": "CA",
  "created_at": 1457384173,
  "creator": {
    "avatar": {
      "medium": "https://ksr-ugc.imgix.net/assets/006/128/182/2bcf66edf758e7f077caeda169d10c1f_original.jpg?w=160&h=160&fit=crop&v=1463608897&auto=format&q=92&s=f97df820847943b5a34396ef32bb4eaf",
      "small": "https://ksr-ugc.imgix.net/assets/006/128/182/2bcf66edf758e7f077caeda169d10c1f_original.jpg?w=160&h=160&fit=crop&v=1463608897&auto=format&q=92&s=f97df820847943b5a34396ef32bb4eaf",
      "thumb": "https://ksr-ugc.imgix.net/assets/006/128/182/2bcf66edf758e7f077caeda169d10c1f_original.jpg?w=40&h=40&fit=crop&v=1463608897&auto=format&q=92&s=ec03c2db77fd3a7e78bfe8530b602b4b"
    },
    "id": 1002636270,
    "name": "Rolling Enterprises Inc.",
    "slug": "lantern",
    "urls": {
      "api": {
        "user": "https://api.kickstarter.com/v1/users/1002636270?signature=1488663115.b5579695c1bbb59c2f34d0c2c2afb4517c8570aa"
      },
      "web": {
        "user": "https://www.kickstarter.com/profile/lantern"
      }
    }
  },
  "currency": "CAD",
  "currency_symbol": "$",
  "currency_trailing_code": true,
  "deadline": 1466785426,
  "disable_communication": false,
  "goal": 30000.0,
  "id": 1020255788,
  "launched_at": 1464193426,
  "location": {
    "country": "CA",
    "displayable_name": "Calgary, Canada",
    "id": 8775,
    "is_root": false,
    "name": "Calgary",
    "short_name": "Calgary, Canada",
    "slug": "calgary-ca",
    "state": "AB",
    "type": "Town",
    "urls": {
      "api": {
        "nearby_projects": "https://api.kickstarter.com/v1/discover?signature=1488653697.10e455c8bfc03b5b20e7e568bb6892c4b17859d2&woe_id=8775"
      },
      "web": {
        "discover": "https://www.kickstarter.com/discover/places/calgary-ca",
        "location": "https://www.kickstarter.com/locations/calgary-ca"
      }
    }
  },
  "name": "LANTERN: The Ultimate Multifunctional Light!",
  "photo": {
    "1024x576": "https://ksr-ugc.imgix.net/assets/012/400/158/ce36933c6fa3ac267fb10b4bdcd3110a_original.jpg?w=1024&h=576&fit=fill&bg=FFFFFF&v=1466691002&auto=format&q=92&s=7d87c5c8d6b11ba09dfc7ecdd07b44ed",
    "1536x864": "https://ksr-ugc.imgix.net/assets/012/400/158/ce36933c6fa3ac267fb10b4bdcd3110a_original.jpg?w=1536&h=864&fit=fill&bg=FFFFFF&v=1466691002&auto=format&q=92&s=b1b8cfa8fec28ba8ca1511e529c07e77",
    "ed": "https://ksr-ugc.imgix.net/assets/012/400/158/ce36933c6fa3ac267fb10b4bdcd3110a_original.jpg?w=338&h=190&fit=fill&bg=FFFFFF&v=1466691002&auto=format&q=92&s=e9573a96ce1e11b6577c432ba7a57575",
    "full": "https://ksr-ugc.imgix.net/assets/012/400/158/ce36933c6fa3ac267fb10b4bdcd3110a_original.jpg?w=560&h=315&fit=fill&bg=FFFFFF&v=1466691002&auto=format&q=92&s=ded0587a510c01e5d5765a0e5d1655f0",
    "key": "assets/012/400/158/ce36933c6fa3ac267fb10b4bdcd3110a_original.jpg",
    "little": "https://ksr-ugc.imgix.net/assets/012/400/158/ce36933c6fa3ac267fb10b4bdcd3110a_original.jpg?w=200&h=112&fit=fill&bg=FFFFFF&v=1466691002&auto=format&q=92&s=df4b0e855013e21abc94fcca55532183",
    "med": "https://ksr-ugc.imgix.net/assets/012/400/158/ce36933c6fa3ac267fb10b4bdcd3110a_original.jpg?w=266&h=150&fit=fill&bg=FFFFFF&v=1466691002&auto=format&q=92&s=3e1bd27caffb3c3e515bbad41d9d3b19",
    "small": "https://ksr-ugc.imgix.net/assets/012/400/158/ce36933c6fa3ac267fb10b4bdcd3110a_original.jpg?w=160&h=90&fit=fill&bg=FFFFFF&v=1466691002&auto=format&q=92&s=3153fae9e628c6e45a3a790a979a5c10",
    "thumb": "https://ksr-ugc.imgix.net/assets/012/400/158/ce36933c6fa3ac267fb10b4bdcd3110a_original.jpg?w=40&h=22&fit=fill&bg=FFFFFF&v=1466691002&auto=format&q=92&s=b76d6a9faf4366920817090e667df06c"
  },
  "pledged": 30628.6,
  "profile": {
    "background_color": "",
    "background_image_opacity": 0.8,
    "blurb": "1000 lumen USB rechargeable lantern flashlight with 4000mAh USB battery backup and 360 bike mount. Charge any device, iPhone, Pebble.",
    "feature_image_attributes": {
      "image_urls": {
        "baseball_card": "https://ksr-ugc.imgix.net/assets/012/400/158/ce36933c6fa3ac267fb10b4bdcd3110a_original.jpg?w=1552&h=873&fit=fill&bg=FFFFFF&v=1466691002&auto=format&q=92&s=44c7e6f376eca5215547ae7b9d7012fd",
        "default": "https://ksr-ugc.imgix.net/assets/012/400/158/ce36933c6fa3ac267fb10b4bdcd3110a_original.jpg?w=1552&h=873&fit=fill&bg=FFFFFF&v=1466691002&auto=format&q=92&s=44c7e6f376eca5215547ae7b9d7012fd"
      }
    },
    "id": 2411707,
    "link_background_color": "4cbe47",
    "link_text": "Buy Now",
    "link_text_color": "",
    "link_url": "https://www.lanternlight.ca",
    "name": "LANTERN: The Ultimate Multifunctional Light!",
    "project_id": 2411707,
    "should_show_feature_image_section": true,
    "show_feature_image": false,
    "state": "active",
    "state_changed_at": 1466824738,
    "text_color": ""
  },
  "slug": "lantern-1000-lumen-flashlight-with-usb-battery-bac",
  "spotlight": true,
  "staff_pick": false,
  "state": "successful",
  "state_changed_at": 1466785426,
  "static_usd_rate": 0.76048808,
  "urls": {
    "web": {
      "project": "https://www.kickstarter.com/projects/lantern/lantern-1000-lumen-flashlight-with-usb-battery-bac?ref=category_most_funded",
      "rewards": "https://www.kickstarter.com/projects/lantern/lantern-1000-lumen-flashlight-with-usb-battery-bac/rewards"
    }
  },
  "usd_pledged": "23292.685207088"
}