{
  "backers_count": 1739,
  "blurb": "Please support SnotBot: Join Patrick Stewart and give us the tools to help save whales, our oceans and ultimately humanity.",
  "category": {
    "color": 6526716,
    "id": 338,
    "name": "Robots",
    "parent_id": 16,
    "position": 10,
    "slug": "technology/robots",
    "urls": {
      "web": {
        "discover": "http://www.kickstarter.com/discover/categories/technology/robots"
      }
    }
  },
  "country": "US",
  "created_at": 1434118352,
  "creator": {
    "avatar": {
      "medium": "https://ksr-ugc.imgix.net/assets/010/013/486/d667d7f07bd202403882d4e3539128ac_original.jpg?w=160&h=160&fit=crop&v=1461661307&auto=format&q=92&s=e858cc9708ecae8d6fb2d82222c607a6",
      "small": "https://ksr-ugc.imgix.net/assets/010/013/486/d667d7f07bd202403882d4e3539128ac_original.jpg?w=160&h=160&fit=crop&v=1461661307&auto=format&q=92&s=e858cc9708ecae8d6fb2d82222c607a6",
      "thumb": "https://ksr-ugc.imgix.net/assets/010/013/486/d667d7f07bd202403882d4e3539128ac_original.jpg?w=40&h=40&fit=crop&v=1461661307&auto=format&q=92&s=6bd9f7b4bf8d199e44184ab48ef62383"
    },
    "id": 1317974451,
    "name": "Ocean Alliance",
    "slug": "snotbot",
    "urls": {
      "api": {
        "user": "https://api.kickstarter.com/v1/users/1317974451?signature=1488680109.cccd698111875dc0786019d2326fc29c5d404ed3"
      },
      "web": {
        "user": "https://www.kickstarter.com/profile/snotbot"
      }
    }
  },
  "currency": "USD",
  "currency_symbol": "$",
  "currency_trailing_code": true,
  "deadline": 1440544239,
  "disable_communication": false,
  "goal": 225000.0,
  "id": 102057914,
  "launched_at": 1437088239,
  "location": {
    "country": "US",
    "displayable_name": "Gloucester, MA",
    "id": 2411521,
    "is_root": false,
    "name": "Gloucester",
    "short_name": "Gloucester, MA",
    "slug": "gloucester-ma",
    "state": "MA",
    "type": "Town",
    "urls": {
      "api": {
        "nearby_projects": "https://api.kickstarter.com/v1/discover?signature=1488668428.9d85aa556da8ed0bc3cbb0f1f602d5dccfcaa73d&woe_id=2411521"
      },
      "web": {
        "discover": "https://www.kickstarter.com/discover/places/gloucester-ma",
        "location": "https://www.kickstarter.com/locations/gloucester-ma"
      }
    }
  },
  "name": "Snotbot: Help fund critical whale research with drones.",
  "photo": {
    "1024x576": "https://ksr-ugc.imgix.net/assets/012/165/593/7daded2e6ecd15d1c8a38284f76e1cb1_original.jpg?w=1024&h=576&fit=fill&bg=000000&v=1463739192&auto=format&q=92&s=944e895a5a871a1bbf348678c8bdf2ee",
    "1536x864": "https://ksr-ugc.imgix.net/assets/012/165/593/7daded2e6ecd15d1c8a38284f76e1cb1_original.jpg?w=1536&h=864&fit=fill&bg=000000&v=1463739192&auto=format&q=92&s=d735cbb52404b9ad2608aa9078f3bc02",
    "ed": "https://ksr-ugc.imgix.net/assets/012/165/593/7daded2e6ecd15d1c8a38284f76e1cb1_original.jpg?w=338&h=190&fit=fill&bg=000000&v=1463739192&auto=format&q=92&s=0e6e8478a12b203b34ed86f2591e2dc8",
    "full": "https://ksr-ugc.imgix.net/assets/012/165/593/7daded2e6ecd15d1c8a38284f76e1cb1_original.jpg?w=560&h=315&fit=fill&bg=000000&v=1463739192&auto=format&q=92&s=ceb642ecd3e16d3eeb1c4f5455244c8c",
    "key": "assets/012/165/593/7daded2e6ecd15d1c8a38284f76e1cb1_original.jpg",
    "little": "https://ksr-ugc.imgix.net/assets/012/165/593/7daded2e6ecd15d1c8a38284f76e1cb1_original.jpg?w=200&h=112&fit=fill&bg=000000&v=1463739192&auto=format&q=92&s=d1b226242f45fbd9c4a00743985d5592",
    "med": "https://ksr-ugc.imgix.net/assets/012/165/593/7daded2e6ecd15d1c8a38284f76e1cb1_original.jpg?w=266&h=150&fit=fill&bg=000000&v=1463739192&auto=format&q=92&s=a3c45c7ece4bd71e26cf8356f86cbfd6",
    "small": "https://ksr-ugc.imgix.net/assets/012/165/593/7daded2e6ecd15d1c8a38284f76e1cb1_original.jpg?w=160&h=90&fit=fill&bg=000000&v=1463739192&auto=format&q=92&s=f84e56c536aff738d28c93d3af623b58",
    "thumb": "https://ksr-ugc.imgix.net/assets/012/165/593/7daded2e6ecd15d1c8a38284f76e1cb1_original.jpg?w=40&h=22&fit=fill&bg=000000&v=1463739192&auto=format&q=92&s=c99b166ce52b6344c9e266007f05717a"
  },
  "pledged": 229819.91,
  "profile": {
    "background_color": null,
    "background_image_opacity": 0.8,
    "blurb": null,
    "feature_image_attributes": {
      "image_urls": {
        "baseball_card": "https://ksr-ugc.imgix.net/assets/012/165/593/7daded2e6ecd15d1c8a38284f76e1cb1_original.jpg?w=1552&h=873&fit=fill&bg=000000&v=1463739192&auto=format&q=92&s=7bde5da81ddd218cabd06dc56878968b",
        "default": "https://ksr-ugc.imgix.net/assets/012/165/593/7daded2e6ecd15d1c8a38284f76e1cb1_original.jpg?w=1552&h=873&fit=fill&bg=000000&v=1463739192&auto=format&q=92&s=7bde5da81ddd218cabd06dc56878968b"
      }
    },
    "id": 1954307,
    "link_background_color": null,
    "link_text": null,
    "link_text_color": null,
    "link_url": null,
    "name": null,
    "project_id": 1954307,
    "should_show_feature_image_section": true,
    "show_feature_image": false,
    "state": "inactive",
    "state_changed_at": 1434118352,
    "text_color": null
  },
  "slug": "snotbot-pushing-the-frontiers-of-whale-research-wi",
  "spotlight": true,
  "staff_pick": true,
  "state": "successful",
  "state_changed_at": 1440544239,
  "static_usd_rate": 1.0,
  "urls": {
    "web": {
      "project": "https://www.kickstarter.com/projects/snotbot/snotbot-pushing-the-frontiers-of-whale-research-wi?ref=category_newest",
      "rewards": "https://www.kickstarter.com/projects/snotbot/snotbot-pushing-the-frontiers-of-whale-research-wi/rewards"
    }
  },
  "usd_pledged": "229819.91"
}