{
  "backers_count": 0,
  "blurb": "Once the user completes a quiz the app would list all similar careers based on your answers so they could have a better understanding",
  "category": {
    "color": 6526716,
    "id": 332,
    "name": "Apps",
    "parent_id": 16,
    "position": 2,
    "slug": "technology/apps",
    "urls": {
      "web": {
        "discover": "http://www.kickstarter.com/discover/categories/technology/apps"
      }
    }
  },
  "country": "CA",
  "created_at": 1443919627,
  "creator": {
    "avatar": {
      "medium": "https://ksr-ugc.imgix.net/assets/010/404/318/a5ac171c9b282a95c62fb4c082f244a6_original.jpeg?w=160&h=160&fit=crop&v=1461687467&auto=format&q=92&s=6928fde218612f81a90b4d083c94938f",
      "small": "https://ksr-ugc.imgix.net/assets/010/404/318/a5ac171c9b282a95c62fb4c082f244a6_original.jpeg?w=160&h=160&fit=crop&v=1461687467&auto=format&q=92&s=6928fde218612f81a90b4d083c94938f",
      "thumb": "https://ksr-ugc.imgix.net/assets/010/404/318/a5ac171c9b282a95c62fb4c082f244a6_original.jpeg?w=40&h=40&fit=crop&v=1461687467&auto=format&q=92&s=8c88d06a7d0b581287b68e2317763b15"
    },
    "id": 252887313,
    "name": "Shane Vogelgesang",
    "urls": {
      "api": {
        "user": "https://api.kickstarter.com/v1/users/252887313?signature=1488679104.4e809c81eb1c3b1536fde8648cb9d19aa80640fc"
      },
      "web": {
        "user": "https://www.kickstarter.com/profile/252887313"
      }
    }
  },
  "currency": "CAD",
  "currency_symbol": "$",
  "currency_trailing_code": true,
  "deadline": 1447124785,
  "disable_communication": false,
  "goal": 50000.0,
  "id": 1020328630,
  "launched_at": 1444097185,
  "location": {
    "country": "CA",
    "displayable_name": "Calgary, Canada",
    "id": 8775,
    "is_root": false,
    "name": "Calgary",
    "short_name": "Calgary, Canada",
    "slug": "calgary-ca",
    "state": "AB",
    "type": "Town",
    "urls": {
      "api": {
        "nearby_projects": "https://api.kickstarter.com/v1/discover?signature=1488668430.8fbd9afb3f1a6a50b3ae7eda999c96510b2b34e0&woe_id=8775"
      },
      "web": {
        "discover": "https://www.kickstarter.com/discover/places/calgary-ca",
        "location": "https://www.kickstarter.com/locations/calgary-ca"
      }
    }
  },
  "name": "Career Matchmaker & Job Searching app",
  "photo": {
    "1024x576": "https://ksr-ugc.imgix.net/assets/012/270/494/052435569e3883dd63821d49100ba489_original.png?w=1024&h=576&fit=fill&bg=000000&v=1463748967&auto=format&q=92&s=ea920ebf5fb1daf5918ef8caa7a1d97b",
    "1536x864": "https://ksr-ugc.imgix.net/assets/012/270/494/052435569e3883dd63821d49100ba489_original.png?w=1536&h=864&fit=fill&bg=000000&v=1463748967&auto=format&q=92&s=6b4bbbb34f0b4d22cf5f80d4a4d98e91",
    "ed": "https://ksr-ugc.imgix.net/assets/012/270/494/052435569e3883dd63821d49100ba489_original.png?w=338&h=190&fit=fill&bg=000000&v=1463748967&auto=format&q=92&s=28bddbf1f99e59887a13be928a88f50e",
    "full": "https://ksr-ugc.imgix.net/assets/012/270/494/052435569e3883dd63821d49100ba489_original.png?w=560&h=315&fit=fill&bg=000000&v=1463748967&auto=format&q=92&s=55423020b0f53af9c5e32f74606b97af",
    "key": "assets/012/270/494/052435569e3883dd63821d49100ba489_original.png",
    "little": "https://ksr-ugc.imgix.net/assets/012/270/494/052435569e3883dd63821d49100ba489_original.png?w=200&h=112&fit=fill&bg=000000&v=1463748967&auto=format&q=92&s=c3dffd5b2a74dd4c5a7627928700f932",
    "med": "https://ksr-ugc.imgix.net/assets/012/270/494/052435569e3883dd63821d49100ba489_original.png?w=266&h=150&fit=fill&bg=000000&v=1463748967&auto=format&q=92&s=a77253e8fe69c30a0988678cd09b298e",
    "small": "https://ksr-ugc.imgix.net/assets/012/270/494/052435569e3883dd63821d49100ba489_original.png?w=160&h=90&fit=fill&bg=000000&v=1463748967&auto=format&q=92&s=7d6374227ea80d68188ee4cd7e29aa9e",
    "thumb": "https://ksr-ugc.imgix.net/assets/012/270/494/052435569e3883dd63821d49100ba489_original.png?w=40&h=22&fit=fill&bg=000000&v=1463748967&auto=format&q=92&s=c2eec60d5d86b9f83ab23ecacde58fcd"
  },
  "pledged": 0.0,
  "profile": {
    "background_color": null,
    "background_image_opacity": 0.8,
    "blurb": null,
    "feature_image_attributes": {
      "image_urls": {
        "baseball_card": "https://ksr-ugc.imgix.net/assets/012/270/494/052435569e3883dd63821d49100ba489_original.png?w=1552&h=873&fit=fill&bg=000000&v=1463748967&auto=format&q=92&s=1c509f91c861da4dce6cb99565b464e5",
        "default": "https://ksr-ugc.imgix.net/assets/012/270/494/052435569e3883dd63821d49100ba489_original.png?w=1552&h=873&fit=fill&bg=000000&v=1463748967&auto=format&q=92&s=1c509f91c861da4dce6cb99565b464e5"
      }
    },
    "id": 2156470,
    "link_background_color": null,
    "link_text": null,
    "link_text_color": null,
    "link_url": null,
    "name": null,
    "project_id": 2156470,
    "should_show_feature_image_section": true,
    "show_feature_image": false,
    "state": "inactive",
    "state_changed_at": 1443919627,
    "text_color": null
  },
  "slug": "career-matchmaker-and-job-searching-app",
  "spotlight": false,
  "staff_pick": false,
  "state": "failed",
  "state_changed_at": 1447124785,
  "static_usd_rate": 0.76028861,
  "urls": {
    "web": {
      "project": "https://www.kickstarter.com/projects/252887313/career-matchmaker-and-job-searching-app?ref=category_newest",
      "rewards": "https://www.kickstarter.com/projects/252887313/career-matchmaker-and-job-searching-app/rewards"
    }
  },
  "usd_pledged": "0.0"
}