{
  "backers_count": 4,
  "blurb": "No scroll email is a custom email application that only accepts email messages which can be read without having to use a scroll bar.",
  "category": {
    "color": 6526716,
    "id": 51,
    "name": "Software",
    "parent_id": 16,
    "position": 11,
    "slug": "technology/software",
    "urls": {
      "web": {
        "discover": "http://www.kickstarter.com/discover/categories/technology/software"
      }
    }
  },
  "country": "US",
  "created_at": 1243391830,
  "creator": {
    "avatar": {
      "medium": "https://ksr-ugc.imgix.net/assets/005/763/026/8cb48effe9ff1b3806fd4cf675ede388_original.gif?w=160&h=160&fit=crop&v=1461084027&auto=format&frame=1&q=92&s=c5952b194a924d1082171c01e302ca68",
      "small": "https://ksr-ugc.imgix.net/assets/005/763/026/8cb48effe9ff1b3806fd4cf675ede388_original.gif?w=160&h=160&fit=crop&v=1461084027&auto=format&frame=1&q=92&s=c5952b194a924d1082171c01e302ca68",
      "thumb": "https://ksr-ugc.imgix.net/assets/005/763/026/8cb48effe9ff1b3806fd4cf675ede388_original.gif?w=40&h=40&fit=crop&v=1461084027&auto=format&frame=1&q=92&s=135d22f5c0addef718e0f465143fb382"
    },
    "id": 95036037,
    "name": "Evan Roth",
    "slug": "evanroth",
    "urls": {
      "api": {
        "user": "https://api.kickstarter.com/v1/users/95036037?signature=1488680191.bee7cc4e607dcd8dea5effe9ba337872e076e7a2"
      },
      "web": {
        "user": "https://www.kickstarter.com/profile/evanroth"
      }
    }
  },
  "currency": "USD",
  "currency_symbol": "$",
  "currency_trailing_code": true,
  "deadline": 1251945420,
  "disable_communication": false,
  "goal": 4500.0,
  "id": 1020928451,
  "launched_at": 1244445758,
  "name": "No Scroll Email (Custom Timesaving Email Application)",
  "photo": {
    "1024x576": "https://ksr-ugc.imgix.net/assets/011/257/471/043cae7b7e22d92d579dbd68f782824f_original.jpg?w=1024&h=576&fit=fill&bg=000000&v=1463673676&auto=format&q=92&s=2e2f7a4f64a48fbe7359a0dc4d9ec834",
    "1536x864": "https://ksr-ugc.imgix.net/assets/011/257/471/043cae7b7e22d92d579dbd68f782824f_original.jpg?w=1536&h=864&fit=fill&bg=000000&v=1463673676&auto=format&q=92&s=d9846b5b7ee8b583afe1fa371b01a64c",
    "ed": "https://ksr-ugc.imgix.net/assets/011/257/471/043cae7b7e22d92d579dbd68f782824f_original.jpg?w=338&h=190&fit=fill&bg=000000&v=1463673676&auto=format&q=92&s=d7ff4ee9eab8dc1224e9ba300548ec4b",
    "full": "https://ksr-ugc.imgix.net/assets/011/257/471/043cae7b7e22d92d579dbd68f782824f_original.jpg?w=560&h=315&fit=fill&bg=000000&v=1463673676&auto=format&q=92&s=185b3f961a8f4c43afa6e4ed16534210",
    "key": "assets/011/257/471/043cae7b7e22d92d579dbd68f782824f_original.jpg",
    "little": "https://ksr-ugc.imgix.net/assets/011/257/471/043cae7b7e22d92d579dbd68f782824f_original.jpg?w=200&h=112&fit=fill&bg=000000&v=1463673676&auto=format&q=92&s=bbe3e41facab85c1bcf03595617eee2d",
    "med": "https://ksr-ugc.imgix.net/assets/011/257/471/043cae7b7e22d92d579dbd68f782824f_original.jpg?w=266&h=150&fit=fill&bg=000000&v=1463673676&auto=format&q=92&s=4172f60fb232e1d27e13bb72fa9a4a44",
    "small": "https://ksr-ugc.imgix.net/assets/011/257/471/043cae7b7e22d92d579dbd68f782824f_original.jpg?w=160&h=90&fit=fill&bg=000000&v=1463673676&auto=format&q=92&s=c75107d2536b9f7124cfc19baad9e7d8",
    "thumb": "https://ksr-ugc.imgix.net/assets/011/257/471/043cae7b7e22d92d579dbd68f782824f_original.jpg?w=40&h=22&fit=fill&bg=000000&v=1463673676&auto=format&q=92&s=4d285e37ada24518c93ad8bf50677b90"
  },
  "pledged": 110.0,
  "profile": {
    "background_color": null,
    "background_image_opacity": 0.8,
    "blurb": null,
    "feature_image_attributes": {
      "image_urls": {
        "baseball_card": "https://ksr-ugc.imgix.net/assets/011/257/471/043cae7b7e22d92d579dbd68f782824f_original.jpg?w=1552&h=873&fit=fill&bg=000000&v=1463673676&auto=format&q=92&s=d9ce388ac520320f973222290e008a10",
        "default": "https://ksr-ugc.imgix.net/assets/011/257/471/043cae7b7e22d92d579dbd68f782824f_original.jpg?w=1552&h=873&fit=fill&bg=000000&v=1463673676&auto=format&q=92&s=d9ce388ac520320f973222290e008a10"
      }
    },
    "id": 222,
    "link_background_color": null,
    "link_text": null,
    "link_text_color": null,
    "link_url": null,
    "name": null,
    "project_id": 222,
    "should_show_feature_image_section": true,
    "show_feature_image": false,
    "state": "inactive",
    "state_changed_at": 1425915800,
    "text_color": null
  },
  "slug": "no-scroll-email-custom-timesaving-email-application",
  "spotlight": false,
  "staff_pick": false,
  "state": "failed",
  "state_changed_at": 1251945935,
  "static_usd_rate": 1.0,
  "urls": {
    "web": {
      "project": "https://www.kickstarter.com/projects/evanroth/no-scroll-email-custom-timesaving-email-application?ref=category_newest",
      "rewards": "https://www.kickstarter.com/projects/evanroth/no-scroll-email-custom-timesaving-email-application/rewards"
    }
  },
  "usd_pledged": "110.0"
}