{
  "backers_count": 0,
  "blurb": "I have build a online radio that will change the way we listen to music forever no more advertisement , no more paid membership.",
  "category": {
    "color": 6526716,
    "id": 342,
    "name": "Web",
    "parent_id": 16,
    "position": 15,
    "slug": "technology/web",
    "urls": {
      "web": {
        "discover": "http://www.kickstarter.com/discover/categories/technology/web"
      }
    }
  },
  "country": "US",
  "created_at": 1418692644,
  "creator": {
    "avatar": {
      "medium": "https://ksr-ugc.imgix.net/assets/009/400/032/7dcbe16048888d658829ac92921f0f4f_original.jpg?w=160&h=160&fit=crop&v=1461591161&auto=format&q=92&s=f56709c4824bea0f5abf3c5f1afd36be",
      "small": "https://ksr-ugc.imgix.net/assets/009/400/032/7dcbe16048888d658829ac92921f0f4f_original.jpg?w=160&h=160&fit=crop&v=1461591161&auto=format&q=92&s=f56709c4824bea0f5abf3c5f1afd36be",
      "thumb": "https://ksr-ugc.imgix.net/assets/009/400/032/7dcbe16048888d658829ac92921f0f4f_original.jpg?w=40&h=40&fit=crop&v=1461591161&auto=format&q=92&s=db3a4746174bfe4207ac15690a6199de"
    },
    "id": 262009593,
    "name": "Musik",
    "urls": {
      "api": {
        "user": "https://api.kickstarter.com/v1/users/262009593?signature=1488680764.1f91536f22d517094ed287f561a0291818c27709"
      },
      "web": {
        "user": "https://www.kickstarter.com/profile/262009593"
      }
    }
  },
  "currency": "USD",
  "currency_symbol": "$",
  "currency_trailing_code": true,
  "deadline": 1421859490,
  "disable_communication": false,
  "goal": 55000.0,
  "id": 1020900819,
  "launched_at": 1419267490,
  "location": {
    "country": "US",
    "displayable_name": "Miami, FL",
    "id": 2450022,
    "is_root": false,
    "name": "Miami",
    "short_name": "Miami, FL",
    "slug": "miami-fl",
    "state": "FL",
    "type": "Town",
    "urls": {
      "api": {
        "nearby_projects": "https://api.kickstarter.com/v1/discover?signature=1488668421.03bedfb1b8a85762dbdbb492bed48a1dba9211f1&woe_id=2450022"
      },
      "web": {
        "discover": "https://www.kickstarter.com/discover/places/miami-fl",
        "location": "https://www.kickstarter.com/locations/miami-fl"
      }
    }
  },
  "name": "Free internet Radio",
  "photo": {
    "1024x576": "https://ksr-ugc.imgix.net/assets/011/974/943/37d2d3c55de82ec7770b1a0574d257a1_original.png?w=1024&h=576&fit=fill&bg=000000&v=1463720672&auto=format&q=92&s=8c3a019039d73c4a92cf72c9a74162fc",
    "1536x864": "https://ksr-ugc.imgix.net/assets/011/974/943/37d2d3c55de82ec7770b1a0574d257a1_original.png?w=1536&h=864&fit=fill&bg=000000&v=1463720672&auto=format&q=92&s=fd2c3d11db0a0b35c001d0e1d3176c17",
    "ed": "https://ksr-ugc.imgix.net/assets/011/974/943/37d2d3c55de82ec7770b1a0574d257a1_original.png?w=338&h=190&fit=fill&bg=000000&v=1463720672&auto=format&q=92&s=93b9a70be588f11886ff1855dcf21af7",
    "full": "https://ksr-ugc.imgix.net/assets/011/974/943/37d2d3c55de82ec7770b1a0574d257a1_original.png?w=560&h=315&fit=fill&bg=000000&v=1463720672&auto=format&q=92&s=00d23a18cf632128e454a1d16cded624",
    "key": "assets/011/974/943/37d2d3c55de82ec7770b1a0574d257a1_original.png",
    "little": "https://ksr-ugc.imgix.net/assets/011/974/943/37d2d3c55de82ec7770b1a0574d257a1_original.png?w=200&h=112&fit=fill&bg=000000&v=1463720672&auto=format&q=92&s=2c2c5666fb4695fbc39b79bb2514705c",
    "med": "https://ksr-ugc.imgix.net/assets/011/974/943/37d2d3c55de82ec7770b1a0574d257a1_original.png?w=266&h=150&fit=fill&bg=000000&v=1463720672&auto=format&q=92&s=bb3e9d303f1b94a8791088587ecb8bec",
    "small": "https://ksr-ugc.imgix.net/assets/011/974/943/37d2d3c55de82ec7770b1a0574d257a1_original.png?w=160&h=90&fit=fill&bg=000000&v=1463720672&auto=format&q=92&s=b097e1eba8159139e6479902a4a05c0f",
    "thumb": "https://ksr-ugc.imgix.net/assets/011/974/943/37d2d3c55de82ec7770b1a0574d257a1_original.png?w=40&h=22&fit=fill&bg=000000&v=1463720672&auto=format&q=92&s=d074c8628f7f55b9a268c5943fe4938a"
  },
  "pledged": 0.0,
  "profile": {
    "background_color": null,
    "background_image_opacity": 0.8,
    "blurb": null,
    "feature_image_attributes": {
      "image_urls": {
        "baseball_card": "https://ksr-ugc.imgix.net/assets/011/974/943/37d2d3c55de82ec7770b1a0574d257a1_original.png?w=1552&h=873&fit=fill&bg=000000&v=1463720672&auto=format&q=92&s=cc1c51ddc2059e4263d0629fa707867d",
        "default": "https://ksr-ugc.imgix.net/assets/011/974/943/37d2d3c55de82ec7770b1a0574d257a1_original.png?w=1552&h=873&fit=fill&bg=000000&v=1463720672&auto=format&q=92&s=cc1c51ddc2059e4263d0629fa707867d"
      }
    },
    "id": 1579171,
    "link_background_color": null,
    "link_text": null,
    "link_text_color": null,
    "link_url": null,
    "name": null,
    "project_id": 1579171,
    "should_show_feature_image_section": true,
    "show_feature_image": false,
    "state": "inactive",
    "state_changed_at": 1425915886,
    "text_color": null
  },
  "slug": "free-internet-radio",
  "spotlight": false,
  "staff_pick": false,
  "state": "failed",
  "state_changed_at": 1421859490,
  "static_usd_rate": 1.0,
  "urls": {
    "web": {
      "project": "https://www.kickstarter.com/projects/262009593/free-internet-radio?ref=category_newest",
      "rewards": "https://www.kickstarter.com/projects/262009593/free-internet-radio/rewards"
    }
  },
  "usd_pledged": "0.0"
}