{
  "backers_count": 22,
  "blurb": "With Snoozy, everytime you hit the snooze button, your favorite charity will receive a small donation directly from your account.",
  "category": {
    "color": 6526716,
    "id": 332,
    "name": "Apps",
    "parent_id": 16,
    "position": 2,
    "slug": "technology/apps",
    "urls": {
      "web": {
        "discover": "http://www.kickstarter.com/discover/categories/technology/apps"
      }
    }
  },
  "country": "US",
  "created_at": 1421098161,
  "creator": {
    "avatar": {
      "medium": "https://ksr-ugc.imgix.net/assets/006/293/590/4f7e88e99340b52a2376c58cedff12bb_original.jpg?w=160&h=160&fit=crop&v=1461379048&auto=format&q=92&s=3afe94f3740e1c3f5c93efe82b04663f",
      "small": "https://ksr-ugc.imgix.net/assets/006/293/590/4f7e88e99340b52a2376c58cedff12bb_original.jpg?w=160&h=160&fit=crop&v=1461379048&auto=format&q=92&s=3afe94f3740e1c3f5c93efe82b04663f",
      "thumb": "https://ksr-ugc.imgix.net/assets/006/293/590/4f7e88e99340b52a2376c58cedff12bb_original.jpg?w=40&h=40&fit=crop&v=1461379048&auto=format&q=92&s=bf808eaec68ec2eaf6e6081e69ba9674"
    },
    "id": 1675776444,
    "name": "Ian Dahlinghaus",
    "urls": {
      "api": {
        "user": "https://api.kickstarter.com/v1/users/1675776444?signature=1488678975.1ceb272b90f4f1d5e5e105cdd3c6151a937564c6"
      },
      "web": {
        "user": "https://www.kickstarter.com/profile/1675776444"
      }
    }
  },
  "currency": "USD",
  "currency_symbol": "$",
  "currency_trailing_code": true,
  "deadline": 1427389800,
  "disable_communication": false,
  "goal": 7000.0,
  "id": 1020172151,
  "launched_at": 1424801400,
  "location": {
    "country": "US",
    "displayable_name": "Milwaukee, WI",
    "id": 2451822,
    "is_root": false,
    "name": "Milwaukee",
    "short_name": "Milwaukee, WI",
    "slug": "milwaukee-wi",
    "state": "WI",
    "type": "Town",
    "urls": {
      "api": {
        "nearby_projects": "https://api.kickstarter.com/v1/discover?signature=1488668421.bc2ab6d671bc197fce712430f9797b258aa7fdde&woe_id=2451822"
      },
      "web": {
        "discover": "https://www.kickstarter.com/discover/places/milwaukee-wi",
        "location": "https://www.kickstarter.com/locations/milwaukee-wi"
      }
    }
  },
  "name": "Snoozy - The Charity Alarm Clock App",
  "photo": {
    "1024x576": "https://ksr-ugc.imgix.net/assets/011/998/318/4d45536c8f144e8a55982309313b1cde_original.jpg?w=1024&h=576&fit=fill&bg=000000&v=1463722706&auto=format&q=92&s=cb94237761a78a2b4564b915fc737b75",
    "1536x864": "https://ksr-ugc.imgix.net/assets/011/998/318/4d45536c8f144e8a55982309313b1cde_original.jpg?w=1536&h=864&fit=fill&bg=000000&v=1463722706&auto=format&q=92&s=2053a97b619fd6ea5c2c9f297f4645da",
    "ed": "https://ksr-ugc.imgix.net/assets/011/998/318/4d45536c8f144e8a55982309313b1cde_original.jpg?w=338&h=190&fit=fill&bg=000000&v=1463722706&auto=format&q=92&s=cbb6b27619d6eca6760e401d471c2ac8",
    "full": "https://ksr-ugc.imgix.net/assets/011/998/318/4d45536c8f144e8a55982309313b1cde_original.jpg?w=560&h=315&fit=fill&bg=000000&v=1463722706&auto=format&q=92&s=64aefba698b27b37956e8769edb87bc0",
    "key": "assets/011/998/318/4d45536c8f144e8a55982309313b1cde_original.jpg",
    "little": "https://ksr-ugc.imgix.net/assets/011/998/318/4d45536c8f144e8a55982309313b1cde_original.jpg?w=200&h=112&fit=fill&bg=000000&v=1463722706&auto=format&q=92&s=d55c954d9f4f6ef4ab9c961452309991",
    "med": "https://ksr-ugc.imgix.net/assets/011/998/318/4d45536c8f144e8a55982309313b1cde_original.jpg?w=266&h=150&fit=fill&bg=000000&v=1463722706&auto=format&q=92&s=e5ba3b3ef84cd966e679e73b51c8f104",
    "small": "https://ksr-ugc.imgix.net/assets/011/998/318/4d45536c8f144e8a55982309313b1cde_original.jpg?w=160&h=90&fit=fill&bg=000000&v=1463722706&auto=format&q=92&s=520a953b136daa05d77e491a09e6d95e",
    "thumb": "https://ksr-ugc.imgix.net/assets/011/998/318/4d45536c8f144e8a55982309313b1cde_original.jpg?w=40&h=22&fit=fill&bg=000000&v=1463722706&auto=format&q=92&s=1c8a2418b4417d13c5db3c15c22c9ac1"
  },
  "pledged": 963.0,
  "profile": {
    "background_color": null,
    "background_image_opacity": 0.8,
    "blurb": null,
    "feature_image_attributes": {
      "image_urls": {
        "baseball_card": "https://ksr-ugc.imgix.net/assets/011/998/318/4d45536c8f144e8a55982309313b1cde_original.jpg?w=1552&h=873&fit=fill&bg=000000&v=1463722706&auto=format&q=92&s=90b9944a8ef6cf72f953729b5d240c4b",
        "default": "https://ksr-ugc.imgix.net/assets/011/998/318/4d45536c8f144e8a55982309313b1cde_original.jpg?w=1552&h=873&fit=fill&bg=000000&v=1463722706&auto=format&q=92&s=90b9944a8ef6cf72f953729b5d240c4b"
      }
    },
    "id": 1626923,
    "link_background_color": null,
    "link_text": null,
    "link_text_color": null,
    "link_url": null,
    "name": null,
    "project_id": 1626923,
    "should_show_feature_image_section": true,
    "show_feature_image": false,
    "state": "inactive",
    "state_changed_at": 1425915889,
    "text_color": null
  },
  "slug": "snoozy-the-charity-alarm-clock-app",
  "spotlight": false,
  "staff_pick": false,
  "state": "failed",
  "state_changed_at": 1427389803,
  "static_usd_rate": 1.0,
  "urls": {
    "web": {
      "project": "https://www.kickstarter.com/projects/1675776444/snoozy-the-charity-alarm-clock-app?ref=category_newest",
      "rewards": "https://www.kickstarter.com/projects/1675776444/snoozy-the-charity-alarm-clock-app/rewards"
    }
  },
  "usd_pledged": "963.0"
}