{
  "backers_count": 117,
  "blurb": "Join us in creating the PlantSnap mobile app! Snap a photo of a plant, flower, or tree, and PlantSnap tells you what it is!",
  "category": {
    "color": 6526716,
    "id": 332,
    "name": "Apps",
    "parent_id": 16,
    "position": 2,
    "slug": "technology/apps",
    "urls": {
      "web": {
        "discover": "http://www.kickstarter.com/discover/categories/technology/apps"
      }
    }
  },
  "country": "US",
  "created_at": 1461351228,
  "creator": {
    "avatar": {
      "medium": "https://ksr-ugc.imgix.net/assets/005/967/882/b9e5c53e5cb50d989c0ba39f6dedd832_original.jpg?w=160&h=160&fit=crop&v=1465339754&auto=format&q=92&s=2fd33e8e7d9e74f75040dde1a4fb8ff2",
      "small": "https://ksr-ugc.imgix.net/assets/005/967/882/b9e5c53e5cb50d989c0ba39f6dedd832_original.jpg?w=160&h=160&fit=crop&v=1465339754&auto=format&q=92&s=2fd33e8e7d9e74f75040dde1a4fb8ff2",
      "thumb": "https://ksr-ugc.imgix.net/assets/005/967/882/b9e5c53e5cb50d989c0ba39f6dedd832_original.jpg?w=40&h=40&fit=crop&v=1465339754&auto=format&q=92&s=422e416a944b0d7e9d6e7b8218955d39"
    },
    "id": 1740486345,
    "name": "GreenAtom.Earth",
    "slug": "plantsnap",
    "urls": {
      "api": {
        "user": "https://api.kickstarter.com/v1/users/1740486345?signature=1488679226.eb94db097fc6b3248f6374f3a2e67c9daaea79cf"
      },
      "web": {
        "user": "https://www.kickstarter.com/profile/plantsnap"
      }
    }
  },
  "currency": "USD",
  "currency_symbol": "$",
  "currency_trailing_code": true,
  "deadline": 1471889307,
  "disable_communication": false,
  "goal": 65000.0,
  "id": 1020693166,
  "launched_at": 1469297307,
  "location": {
    "country": "US",
    "displayable_name": "Telluride, CO",
    "id": 2504615,
    "is_root": false,
    "name": "Telluride",
    "short_name": "Telluride, CO",
    "slug": "telluride-co",
    "state": "CO",
    "type": "Town",
    "urls": {
      "api": {
        "nearby_projects": "https://api.kickstarter.com/v1/discover?signature=1488668430.96a9620333804ed4a283ed82abe816703152f393&woe_id=2504615"
      },
      "web": {
        "discover": "https://www.kickstarter.com/discover/places/telluride-co",
        "location": "https://www.kickstarter.com/locations/telluride-co"
      }
    }
  },
  "name": "PlantSnap: The App that Identifies Plants in an Instant",
  "photo": {
    "1024x576": "https://ksr-ugc.imgix.net/assets/012/436/153/9e45aa5c5279ea24ce45aceeb051e740_original.png?w=1024&h=576&fit=fill&bg=96CF54&v=1465253687&auto=format&q=92&s=9c17b91c6b00599451c43d5e78d2573b",
    "1536x864": "https://ksr-ugc.imgix.net/assets/012/436/153/9e45aa5c5279ea24ce45aceeb051e740_original.png?w=1536&h=864&fit=fill&bg=96CF54&v=1465253687&auto=format&q=92&s=ec9a68fab1404b2e25dc4e1e141301a2",
    "ed": "https://ksr-ugc.imgix.net/assets/012/436/153/9e45aa5c5279ea24ce45aceeb051e740_original.png?w=338&h=190&fit=fill&bg=96CF54&v=1465253687&auto=format&q=92&s=9ae8a1d1a1438a488d4d690b63967460",
    "full": "https://ksr-ugc.imgix.net/assets/012/436/153/9e45aa5c5279ea24ce45aceeb051e740_original.png?w=560&h=315&fit=fill&bg=96CF54&v=1465253687&auto=format&q=92&s=1d1fab42ec899a4155786e84d1835f77",
    "key": "assets/012/436/153/9e45aa5c5279ea24ce45aceeb051e740_original.png",
    "little": "https://ksr-ugc.imgix.net/assets/012/436/153/9e45aa5c5279ea24ce45aceeb051e740_original.png?w=200&h=112&fit=fill&bg=96CF54&v=1465253687&auto=format&q=92&s=b0c03e9dce2541ae04fa5103cafa97c8",
    "med": "https://ksr-ugc.imgix.net/assets/012/436/153/9e45aa5c5279ea24ce45aceeb051e740_original.png?w=266&h=150&fit=fill&bg=96CF54&v=1465253687&auto=format&q=92&s=466856c26882e7657f7725040ea9aa5d",
    "small": "https://ksr-ugc.imgix.net/assets/012/436/153/9e45aa5c5279ea24ce45aceeb051e740_original.png?w=160&h=90&fit=fill&bg=96CF54&v=1465253687&auto=format&q=92&s=aaa69e3287c050bbc9c90a887a1986fe",
    "thumb": "https://ksr-ugc.imgix.net/assets/012/436/153/9e45aa5c5279ea24ce45aceeb051e740_original.png?w=40&h=22&fit=fill&bg=96CF54&v=1465253687&auto=format&q=92&s=284e0bd112746b34bd838fe17b32dd81"
  },
  "pledged": 2386.0,
  "profile": {
    "background_color": null,
    "background_image_opacity": 0.8,
    "blurb": null,
    "feature_image_attributes": {
      "image_urls": {
        "baseball_card": "https://ksr-ugc.imgix.net/assets/012/436/153/9e45aa5c5279ea24ce45aceeb051e740_original.png?w=1552&h=873&fit=fill&bg=96CF54&v=1465253687&auto=format&q=92&s=017dada092c26da8fa666894596c7a89",
        "default": "https://ksr-ugc.imgix.net/assets/012/436/153/9e45aa5c5279ea24ce45aceeb051e740_original.png?w=1552&h=873&fit=fill&bg=96CF54&v=1465253687&auto=format&q=92&s=017dada092c26da8fa666894596c7a89"
      }
    },
    "id": 2483116,
    "link_background_color": null,
    "link_text": null,
    "link_text_color": null,
    "link_url": null,
    "name": null,
    "project_id": 2483116,
    "should_show_feature_image_section": true,
    "show_feature_image": false,
    "state": "inactive",
    "state_changed_at": 1461351228,
    "text_color": null
  },
  "slug": "plantsnap-the-app-that-identifies-plants-in-an-ins",
  "spotlight": false,
  "staff_pick": false,
  "state": "failed",
  "state_changed_at": 1471889307,
  "static_usd_rate": 1.0,
  "urls": {
    "web": {
      "project": "https://www.kickstarter.com/projects/plantsnap/plantsnap-the-app-that-identifies-plants-in-an-ins?ref=category_newest",
      "rewards": "https://www.kickstarter.com/projects/plantsnap/plantsnap-the-app-that-identifies-plants-in-an-ins/rewards"
    }
  },
  "usd_pledged": "2386.0"
}