{
  "backers_count": 1,
  "blurb": "Sell Safer, an e-commerce go to site for sellers.  It contains forums, latest industry news, safety alerts and a database of bad buyers",
  "category": {
    "color": 6526716,
    "id": 51,
    "name": "Software",
    "parent_id": 16,
    "position": 11,
    "slug": "technology/software",
    "urls": {
      "web": {
        "discover": "http://www.kickstarter.com/discover/categories/technology/software"
      }
    }
  },
  "country": "AU",
  "created_at": 1416726560,
  "creator": {
    "avatar": {
      "medium": "https://ksr-ugc.imgix.net/assets/008/311/704/86909cdcbb3aea083495676adaa88de9_original.jpg?w=160&h=160&fit=crop&v=1461516530&auto=format&q=92&s=1f56fd3635239a4f5a0d2fc7eb601ece",
      "small": "https://ksr-ugc.imgix.net/assets/008/311/704/86909cdcbb3aea083495676adaa88de9_original.jpg?w=160&h=160&fit=crop&v=1461516530&auto=format&q=92&s=1f56fd3635239a4f5a0d2fc7eb601ece",
      "thumb": "https://ksr-ugc.imgix.net/assets/008/311/704/86909cdcbb3aea083495676adaa88de9_original.jpg?w=40&h=40&fit=crop&v=1461516530&auto=format&q=92&s=60818ff2a4fd32010e14b9d52ae4637a"
    },
    "id": 28375957,
    "name": "Nicholas Grace",
    "urls": {
      "api": {
        "user": "https://api.kickstarter.com/v1/users/28375957?signature=1488680296.ae525aff5b8b9cc613f05285dc2b792e6a57a3b4"
      },
      "web": {
        "user": "https://www.kickstarter.com/profile/28375957"
      }
    }
  },
  "currency": "AUD",
  "currency_symbol": "$",
  "currency_trailing_code": true,
  "deadline": 1424998486,
  "disable_communication": false,
  "goal": 1200.0,
  "id": 1020566690,
  "launched_at": 1423270486,
  "location": {
    "country": "AU",
    "displayable_name": "Melbourne, AU",
    "id": 1103816,
    "is_root": false,
    "name": "Melbourne",
    "short_name": "Melbourne, AU",
    "slug": "melbourne-au",
    "state": "VIC",
    "type": "Town",
    "urls": {
      "api": {
        "nearby_projects": "https://api.kickstarter.com/v1/discover?signature=1488668422.88d4a38c0ee425f4d9b10f1ccedd62c94457a5bf&woe_id=1103816"
      },
      "web": {
        "discover": "https://www.kickstarter.com/discover/places/melbourne-au",
        "location": "https://www.kickstarter.com/locations/melbourne-au"
      }
    }
  },
  "name": "SellSafer",
  "photo": {
    "1024x576": "https://ksr-ugc.imgix.net/assets/011/953/826/dd23822ea6f3dafabd057cd5b1b2867c_original.png?w=1024&h=576&fit=fill&bg=000000&v=1463718930&auto=format&q=92&s=458ba8e3d03f3d675a6c27d13c955faf",
    "1536x864": "https://ksr-ugc.imgix.net/assets/011/953/826/dd23822ea6f3dafabd057cd5b1b2867c_original.png?w=1536&h=864&fit=fill&bg=000000&v=1463718930&auto=format&q=92&s=1171bd106c52e9b61ec3f0d9a3c09357",
    "ed": "https://ksr-ugc.imgix.net/assets/011/953/826/dd23822ea6f3dafabd057cd5b1b2867c_original.png?w=338&h=190&fit=fill&bg=000000&v=1463718930&auto=format&q=92&s=c0b88eb1a3ce682068f45a2fd5db3471",
    "full": "https://ksr-ugc.imgix.net/assets/011/953/826/dd23822ea6f3dafabd057cd5b1b2867c_original.png?w=560&h=315&fit=fill&bg=000000&v=1463718930&auto=format&q=92&s=32d7198c5d9aecc8aa6133af02940d58",
    "key": "assets/011/953/826/dd23822ea6f3dafabd057cd5b1b2867c_original.png",
    "little": "https://ksr-ugc.imgix.net/assets/011/953/826/dd23822ea6f3dafabd057cd5b1b2867c_original.png?w=200&h=112&fit=fill&bg=000000&v=1463718930&auto=format&q=92&s=8fbc4958c449a7bb4cdbb19998efab1c",
    "med": "https://ksr-ugc.imgix.net/assets/011/953/826/dd23822ea6f3dafabd057cd5b1b2867c_original.png?w=266&h=150&fit=fill&bg=000000&v=1463718930&auto=format&q=92&s=e96c0f2c5ab75b4d4aee9d439abda3f8",
    "small": "https://ksr-ugc.imgix.net/assets/011/953/826/dd23822ea6f3dafabd057cd5b1b2867c_original.png?w=160&h=90&fit=fill&bg=000000&v=1463718930&auto=format&q=92&s=45e5cd8d00948ce79b9bd1b46db205ab",
    "thumb": "https://ksr-ugc.imgix.net/assets/011/953/826/dd23822ea6f3dafabd057cd5b1b2867c_original.png?w=40&h=22&fit=fill&bg=000000&v=1463718930&auto=format&q=92&s=4d32ab22c55c23f98a6ce14a9cf69dc4"
  },
  "pledged": 1.0,
  "profile": {
    "background_color": null,
    "background_image_opacity": 0.8,
    "blurb": null,
    "feature_image_attributes": {
      "image_urls": {
        "baseball_card": "https://ksr-ugc.imgix.net/assets/011/953/826/dd23822ea6f3dafabd057cd5b1b2867c_original.png?w=1552&h=873&fit=fill&bg=000000&v=1463718930&auto=format&q=92&s=86fc6056839871bd50ad80692e214be4",
        "default": "https://ksr-ugc.imgix.net/assets/011/953/826/dd23822ea6f3dafabd057cd5b1b2867c_original.png?w=1552&h=873&fit=fill&bg=000000&v=1463718930&auto=format&q=92&s=86fc6056839871bd50ad80692e214be4"
      }
    },
    "id": 1533338,
    "link_background_color": null,
    "link_text": null,
    "link_text_color": null,
    "link_url": null,
    "name": null,
    "project_id": 1533338,
    "should_show_feature_image_section": true,
    "show_feature_image": false,
    "state": "inactive",
    "state_changed_at": 1425915884,
    "text_color": null
  },
  "slug": "sellsafer",
  "spotlight": false,
  "staff_pick": false,
  "state": "failed",
  "state_changed_at": 1424998489,
  "static_usd_rate": 0.77841063,
  "urls": {
    "web": {
      "project": "https://www.kickstarter.com/projects/28375957/sellsafer?ref=category_newest",
      "rewards": "https://www.kickstarter.com/projects/28375957/sellsafer/rewards"
    }
  },
  "usd_pledged": "0.77841063"
}