{
  "backers_count": 2,
  "blurb": "Phone usage in vehicles is killing 1000s of people every year.  Our goal is to save lives with our app by elimating distracted driving.",
  "category": {
    "color": 6526716,
    "id": 332,
    "name": "Apps",
    "parent_id": 16,
    "position": 2,
    "slug": "technology/apps",
    "urls": {
      "web": {
        "discover": "http://www.kickstarter.com/discover/categories/technology/apps"
      }
    }
  },
  "country": "US",
  "created_at": 1449666079,
  "creator": {
    "avatar": {
      "medium": "https://ksr-ugc.imgix.net/assets/009/051/089/5ba350a6f3b0162f03ae2cf4c5c035f4_original.jpg?w=160&h=160&fit=crop&v=1461555320&auto=format&q=92&s=ddf802c164cccf31d145b4ea1f848d34",
      "small": "https://ksr-ugc.imgix.net/assets/009/051/089/5ba350a6f3b0162f03ae2cf4c5c035f4_original.jpg?w=160&h=160&fit=crop&v=1461555320&auto=format&q=92&s=ddf802c164cccf31d145b4ea1f848d34",
      "thumb": "https://ksr-ugc.imgix.net/assets/009/051/089/5ba350a6f3b0162f03ae2cf4c5c035f4_original.jpg?w=40&h=40&fit=crop&v=1461555320&auto=format&q=92&s=f758415082296ac5e5fbbae63e943240"
    },
    "id": 1995211921,
    "name": "Shawn Fitzpatrick",
    "urls": {
      "api": {
        "user": "https://api.kickstarter.com/v1/users/1995211921?signature=1488679140.6885411a371a44c8155eb0899f2f79507e14a095"
      },
      "web": {
        "user": "https://www.kickstarter.com/profile/1995211921"
      }
    }
  },
  "currency": "USD",
  "currency_symbol": "$",
  "currency_trailing_code": true,
  "deadline": 1453939701,
  "disable_communication": false,
  "goal": 10000.0,
  "id": 1020674060,
  "launched_at": 1451347701,
  "location": {
    "country": "US",
    "displayable_name": "Nashville, TN",
    "id": 2457170,
    "is_root": false,
    "name": "Nashville",
    "short_name": "Nashville, TN",
    "slug": "nashville-tn",
    "state": "TN",
    "type": "Town",
    "urls": {
      "api": {
        "nearby_projects": "https://api.kickstarter.com/v1/discover?signature=1488668420.64789cd2532b8ea9b03f164ea48a56b00d445796&woe_id=2457170"
      },
      "web": {
        "discover": "https://www.kickstarter.com/discover/places/nashville-tn",
        "location": "https://www.kickstarter.com/locations/nashville-tn"
      }
    }
  },
  "name": "Don't Die Phone Blocker",
  "photo": {
    "1024x576": "https://ksr-ugc.imgix.net/assets/012/328/247/dd8bfa99d5e56e7863a077ee1d300695_original.jpg?w=1024&h=576&fit=fill&bg=000000&v=1463755762&auto=format&q=92&s=7a92c9735630796a66d628cfff7db538",
    "1536x864": "https://ksr-ugc.imgix.net/assets/012/328/247/dd8bfa99d5e56e7863a077ee1d300695_original.jpg?w=1536&h=864&fit=fill&bg=000000&v=1463755762&auto=format&q=92&s=60376b0bab2f1d732dba6d7a9622855c",
    "ed": "https://ksr-ugc.imgix.net/assets/012/328/247/dd8bfa99d5e56e7863a077ee1d300695_original.jpg?w=338&h=190&fit=fill&bg=000000&v=1463755762&auto=format&q=92&s=5667c4c2036d612bde1b957afc1ed758",
    "full": "https://ksr-ugc.imgix.net/assets/012/328/247/dd8bfa99d5e56e7863a077ee1d300695_original.jpg?w=560&h=315&fit=fill&bg=000000&v=1463755762&auto=format&q=92&s=111a55ad9e5fa081079f29f3ba0960fd",
    "key": "assets/012/328/247/dd8bfa99d5e56e7863a077ee1d300695_original.jpg",
    "little": "https://ksr-ugc.imgix.net/assets/012/328/247/dd8bfa99d5e56e7863a077ee1d300695_original.jpg?w=200&h=112&fit=fill&bg=000000&v=1463755762&auto=format&q=92&s=e1ba56a3886839f412608395b64d883a",
    "med": "https://ksr-ugc.imgix.net/assets/012/328/247/dd8bfa99d5e56e7863a077ee1d300695_original.jpg?w=266&h=150&fit=fill&bg=000000&v=1463755762&auto=format&q=92&s=f10979ec5f10325c13221825d06e5ea8",
    "small": "https://ksr-ugc.imgix.net/assets/012/328/247/dd8bfa99d5e56e7863a077ee1d300695_original.jpg?w=160&h=90&fit=fill&bg=000000&v=1463755762&auto=format&q=92&s=f87f34090938f11a3753f9e2cbd5f14c",
    "thumb": "https://ksr-ugc.imgix.net/assets/012/328/247/dd8bfa99d5e56e7863a077ee1d300695_original.jpg?w=40&h=22&fit=fill&bg=000000&v=1463755762&auto=format&q=92&s=6abb7e1321996148ca1bec57673f79cb"
  },
  "pledged": 50.0,
  "profile": {
    "background_color": null,
    "background_image_opacity": 0.8,
    "blurb": null,
    "feature_image_attributes": {
      "image_urls": {
        "baseball_card": "https://ksr-ugc.imgix.net/assets/012/328/247/dd8bfa99d5e56e7863a077ee1d300695_original.jpg?w=1552&h=873&fit=fill&bg=000000&v=1463755762&auto=format&q=92&s=12d5918dab9da37e8b1cb51201e2674e",
        "default": "https://ksr-ugc.imgix.net/assets/012/328/247/dd8bfa99d5e56e7863a077ee1d300695_original.jpg?w=1552&h=873&fit=fill&bg=000000&v=1463755762&auto=format&q=92&s=12d5918dab9da37e8b1cb51201e2674e"
      }
    },
    "id": 2269350,
    "link_background_color": null,
    "link_text": null,
    "link_text_color": null,
    "link_url": null,
    "name": null,
    "project_id": 2269350,
    "should_show_feature_image_section": true,
    "show_feature_image": false,
    "state": "inactive",
    "state_changed_at": 1449666079,
    "text_color": null
  },
  "slug": "dont-die-phone-blocker",
  "spotlight": false,
  "staff_pick": false,
  "state": "failed",
  "state_changed_at": 1453939703,
  "static_usd_rate": 1.0,
  "urls": {
    "web": {
      "project": "https://www.kickstarter.com/projects/1995211921/dont-die-phone-blocker?ref=category_newest",
      "rewards": "https://www.kickstarter.com/projects/1995211921/dont-die-phone-blocker/rewards"
    }
  },
  "usd_pledged": "50.0"
}