{
  "backers_count": 9,
  "blurb": "The MylaBox is an Arduino-compatible hardware development system that runs on Android.",
  "category": {
    "color": 6526716,
    "id": 52,
    "name": "Hardware",
    "parent_id": 16,
    "position": 8,
    "slug": "technology/hardware",
    "urls": {
      "web": {
        "discover": "http://www.kickstarter.com/discover/categories/technology/hardware"
      }
    }
  },
  "country": "US",
  "created_at": 1335883961,
  "creator": {
    "avatar": {
      "medium": "https://ksr-ugc.imgix.net/assets/006/574/651/d7385f40cfc4f138e16b2c733a68bfd4_original.JPG?w=160&h=160&fit=crop&v=1461396691&auto=format&q=92&s=8b3f6d7e7ecedd5c6af350d79b1a8f60",
      "small": "https://ksr-ugc.imgix.net/assets/006/574/651/d7385f40cfc4f138e16b2c733a68bfd4_original.JPG?w=160&h=160&fit=crop&v=1461396691&auto=format&q=92&s=8b3f6d7e7ecedd5c6af350d79b1a8f60",
      "thumb": "https://ksr-ugc.imgix.net/assets/006/574/651/d7385f40cfc4f138e16b2c733a68bfd4_original.JPG?w=40&h=40&fit=crop&v=1461396691&auto=format&q=92&s=567565f19491a2bdccd3809c5e16dbd9"
    },
    "id": 1776823111,
    "name": "Steve Maxwell",
    "slug": "stevemaxwell",
    "urls": {
      "api": {
        "user": "https://api.kickstarter.com/v1/users/1776823111?signature=1488679882.2e297ea24068c6228497abdd7abb803529ea8c69"
      },
      "web": {
        "user": "https://www.kickstarter.com/profile/stevemaxwell"
      }
    }
  },
  "currency": "USD",
  "currency_symbol": "$",
  "currency_trailing_code": true,
  "deadline": 1384489394,
  "disable_communication": false,
  "goal": 5000.0,
  "id": 1021894248,
  "launched_at": 1381029794,
  "location": {
    "country": "US",
    "displayable_name": "Sunnyvale, CA",
    "id": 2502265,
    "is_root": false,
    "name": "Sunnyvale",
    "short_name": "Sunnyvale, CA",
    "slug": "sunnyvale-ca",
    "state": "CA",
    "type": "Town",
    "urls": {
      "api": {
        "nearby_projects": "https://api.kickstarter.com/v1/discover?signature=1488668423.0994f4e118704c2e27e8bd2078872eefeaee43d4&woe_id=2502265"
      },
      "web": {
        "discover": "https://www.kickstarter.com/discover/places/sunnyvale-ca",
        "location": "https://www.kickstarter.com/locations/sunnyvale-ca"
      }
    }
  },
  "name": "MylaBox - A starting point for hardware projects",
  "photo": {
    "1024x576": "https://ksr-ugc.imgix.net/assets/011/356/516/6c24a087a9794757b83b4eb3795697d0_original.png?w=1024&h=576&fit=fill&bg=000000&v=1463681464&auto=format&q=92&s=7673eb77d7a90abf713c749b5bd155fe",
    "1536x864": "https://ksr-ugc.imgix.net/assets/011/356/516/6c24a087a9794757b83b4eb3795697d0_original.png?w=1536&h=864&fit=fill&bg=000000&v=1463681464&auto=format&q=92&s=e6ccb61ef6de3a300377dd2573154a55",
    "ed": "https://ksr-ugc.imgix.net/assets/011/356/516/6c24a087a9794757b83b4eb3795697d0_original.png?w=338&h=190&fit=fill&bg=000000&v=1463681464&auto=format&q=92&s=4ba9ae94428494213adc4f197fbfa31b",
    "full": "https://ksr-ugc.imgix.net/assets/011/356/516/6c24a087a9794757b83b4eb3795697d0_original.png?w=560&h=315&fit=fill&bg=000000&v=1463681464&auto=format&q=92&s=155b69c33d19e66c34dc3fceb2443787",
    "key": "assets/011/356/516/6c24a087a9794757b83b4eb3795697d0_original.png",
    "little": "https://ksr-ugc.imgix.net/assets/011/356/516/6c24a087a9794757b83b4eb3795697d0_original.png?w=200&h=112&fit=fill&bg=000000&v=1463681464&auto=format&q=92&s=1e5374c539d7630c9463717885578c2b",
    "med": "https://ksr-ugc.imgix.net/assets/011/356/516/6c24a087a9794757b83b4eb3795697d0_original.png?w=266&h=150&fit=fill&bg=000000&v=1463681464&auto=format&q=92&s=cf5ff75892f59818efe1a310776f640d",
    "small": "https://ksr-ugc.imgix.net/assets/011/356/516/6c24a087a9794757b83b4eb3795697d0_original.png?w=160&h=90&fit=fill&bg=000000&v=1463681464&auto=format&q=92&s=a04dd0152bfd5eaa985c27f80bde30a5",
    "thumb": "https://ksr-ugc.imgix.net/assets/011/356/516/6c24a087a9794757b83b4eb3795697d0_original.png?w=40&h=22&fit=fill&bg=000000&v=1463681464&auto=format&q=92&s=c9c29900aa1e6b60467478c98b4913a6"
  },
  "pledged": 686.0,
  "profile": {
    "background_color": null,
    "background_image_opacity": 0.8,
    "blurb": null,
    "feature_image_attributes": {
      "image_urls": {
        "baseball_card": "https://ksr-ugc.imgix.net/assets/011/356/516/6c24a087a9794757b83b4eb3795697d0_original.png?w=1552&h=873&fit=fill&bg=000000&v=1463681464&auto=format&q=92&s=9428f67fd3518c391ff960f7eb9c7057",
        "default": "https://ksr-ugc.imgix.net/assets/011/356/516/6c24a087a9794757b83b4eb3795697d0_original.png?w=1552&h=873&fit=fill&bg=000000&v=1463681464&auto=format&q=92&s=9428f67fd3518c391ff960f7eb9c7057"
      }
    },
    "id": 167692,
    "link_background_color": null,
    "link_text": null,
    "link_text_color": null,
    "link_url": null,
    "name": null,
    "project_id": 167692,
    "should_show_feature_image_section": true,
    "show_feature_image": false,
    "state": "inactive",
    "state_changed_at": 1425915809,
    "text_color": null
  },
  "slug": "mylabox-a-starting-point-for-hardware-projects",
  "spotlight": false,
  "staff_pick": false,
  "state": "failed",
  "state_changed_at": 1384489394,
  "static_usd_rate": 1.0,
  "urls": {
    "web": {
      "project": "https://www.kickstarter.com/projects/stevemaxwell/mylabox-a-starting-point-for-hardware-projects?ref=category_newest",
      "rewards": "https://www.kickstarter.com/projects/stevemaxwell/mylabox-a-starting-point-for-hardware-projects/rewards"
    }
  },
  "usd_pledged": "686.0"
}