{
  "backers_count": 3,
  "blurb": "Romeda is a free cloud based image manipulation platform and image delivery service.",
  "category": {
    "color": 6526716,
    "id": 342,
    "name": "Web",
    "parent_id": 16,
    "position": 15,
    "slug": "technology/web",
    "urls": {
      "web": {
        "discover": "http://www.kickstarter.com/discover/categories/technology/web"
      }
    }
  },
  "country": "CA",
  "created_at": 1403998309,
  "creator": {
    "avatar": {
      "medium": "https://ksr-ugc.imgix.net/assets/008/924/045/82043f7620505302342bd4c2e0a42fc8_original.jpg?w=160&h=160&fit=crop&v=1461550050&auto=format&q=92&s=edd942486f9d88f10c268956e637f423",
      "small": "https://ksr-ugc.imgix.net/assets/008/924/045/82043f7620505302342bd4c2e0a42fc8_original.jpg?w=160&h=160&fit=crop&v=1461550050&auto=format&q=92&s=edd942486f9d88f10c268956e637f423",
      "thumb": "https://ksr-ugc.imgix.net/assets/008/924/045/82043f7620505302342bd4c2e0a42fc8_original.jpg?w=40&h=40&fit=crop&v=1461550050&auto=format&q=92&s=fca12bdba862ff0afa3e2d75e5d6aa74"
    },
    "id": 740649861,
    "name": "Redpoint Development",
    "urls": {
      "api": {
        "user": "https://api.kickstarter.com/v1/users/740649861?signature=1488680973.7631f2772fdb1c89daa98a461956dedf716d8454"
      },
      "web": {
        "user": "https://www.kickstarter.com/profile/740649861"
      }
    }
  },
  "currency": "CAD",
  "currency_symbol": "$",
  "currency_trailing_code": true,
  "deadline": 1407017044,
  "disable_communication": false,
  "goal": 10000.0,
  "id": 102192933,
  "launched_at": 1404425044,
  "location": {
    "country": "CA",
    "displayable_name": "Toronto, Canada",
    "id": 4118,
    "is_root": false,
    "name": "Toronto",
    "short_name": "Toronto, Canada",
    "slug": "toronto-on-ca",
    "state": "ON",
    "type": "Town",
    "urls": {
      "api": {
        "nearby_projects": "https://api.kickstarter.com/v1/discover?signature=1488668420.6cf3cba43c384a6530561e4c2f027f089e49c3ee&woe_id=4118"
      },
      "web": {
        "discover": "https://www.kickstarter.com/discover/places/toronto-on-ca",
        "location": "https://www.kickstarter.com/locations/toronto-on-ca"
      }
    }
  },
  "name": "Romeda: image processing on the cloud (Canceled)",
  "photo": {
    "1024x576": "https://ksr-ugc.imgix.net/assets/011/735/049/2f821f1f2c9320660ce943919c3265e3_original.jpg?w=1024&h=576&fit=fill&bg=000000&v=1463687645&auto=format&q=92&s=3bb39aa3bb05c963162841c9e08c27ee",
    "1536x864": "https://ksr-ugc.imgix.net/assets/011/735/049/2f821f1f2c9320660ce943919c3265e3_original.jpg?w=1536&h=864&fit=fill&bg=000000&v=1463687645&auto=format&q=92&s=d862d5234ef197a69691f5cd2a5ab125",
    "ed": "https://ksr-ugc.imgix.net/assets/011/735/049/2f821f1f2c9320660ce943919c3265e3_original.jpg?w=338&h=190&fit=fill&bg=000000&v=1463687645&auto=format&q=92&s=730155e9e2498162b0881b960d61fbc8",
    "full": "https://ksr-ugc.imgix.net/assets/011/735/049/2f821f1f2c9320660ce943919c3265e3_original.jpg?w=560&h=315&fit=fill&bg=000000&v=1463687645&auto=format&q=92&s=ae028a3c954518e7e86e5c5aeade01dd",
    "key": "assets/011/735/049/2f821f1f2c9320660ce943919c3265e3_original.jpg",
    "little": "https://ksr-ugc.imgix.net/assets/011/735/049/2f821f1f2c9320660ce943919c3265e3_original.jpg?w=200&h=112&fit=fill&bg=000000&v=1463687645&auto=format&q=92&s=efb21aaab38e6f541a3dd9ccd6fb0726",
    "med": "https://ksr-ugc.imgix.net/assets/011/735/049/2f821f1f2c9320660ce943919c3265e3_original.jpg?w=266&h=150&fit=fill&bg=000000&v=1463687645&auto=format&q=92&s=dfb8667f02bc9e53cee2b164b6e07b5d",
    "small": "https://ksr-ugc.imgix.net/assets/011/735/049/2f821f1f2c9320660ce943919c3265e3_original.jpg?w=160&h=90&fit=fill&bg=000000&v=1463687645&auto=format&q=92&s=19b7d2cc6989d0572eca8edf4e2314a2",
    "thumb": "https://ksr-ugc.imgix.net/assets/011/735/049/2f821f1f2c9320660ce943919c3265e3_original.jpg?w=40&h=22&fit=fill&bg=000000&v=1463687645&auto=format&q=92&s=8b14c1bb38b79657dd9d3ea25da04a7d"
  },
  "pledged": 12.0,
  "profile": {
    "background_color": null,
    "background_image_opacity": 0.8,
    "blurb": null,
    "feature_image_attributes": {
      "image_urls": {
        "baseball_card": "https://ksr-ugc.imgix.net/assets/011/735/049/2f821f1f2c9320660ce943919c3265e3_original.jpg?w=1552&h=873&fit=fill&bg=000000&v=1463687645&auto=format&q=92&s=7d3b7e076ac0af525151181343ff8afa",
        "default": "https://ksr-ugc.imgix.net/assets/011/735/049/2f821f1f2c9320660ce943919c3265e3_original.jpg?w=1552&h=873&fit=fill&bg=000000&v=1463687645&auto=format&q=92&s=7d3b7e076ac0af525151181343ff8afa"
      }
    },
    "id": 1089383,
    "link_background_color": null,
    "link_text": null,
    "link_text_color": null,
    "link_url": null,
    "name": null,
    "project_id": 1089383,
    "should_show_feature_image_section": true,
    "show_feature_image": false,
    "state": "inactive",
    "state_changed_at": 1425915860,
    "text_color": null
  },
  "slug": "romeda-image-processing-on-the-cloud",
  "spotlight": false,
  "staff_pick": false,
  "state": "canceled",
  "state_changed_at": 1406069470,
  "static_usd_rate": 0.93948496,
  "urls": {
    "web": {
      "project": "https://www.kickstarter.com/projects/740649861/romeda-image-processing-on-the-cloud?ref=category_newest",
      "rewards": "https://www.kickstarter.com/projects/740649861/romeda-image-processing-on-the-cloud/rewards"
    }
  },
  "usd_pledged": "11.27381952"
}