{
  "backers_count": 2,
  "blurb": "It Is A Marketplace Of Intangibles Where People Can Request, Share, Sell And Buy Information And Knowledge.",
  "category": {
    "color": 6526716,
    "id": 51,
    "name": "Software",
    "parent_id": 16,
    "position": 11,
    "slug": "technology/software",
    "urls": {
      "web": {
        "discover": "http://www.kickstarter.com/discover/categories/technology/software"
      }
    }
  },
  "country": "ES",
  "created_at": 1476357526,
  "creator": {
    "avatar": {
      "medium": "https://ksr-ugc.imgix.net/assets/014/782/309/e5477c1b86639a9f5d8c4a3aa657c98f_original.png?w=160&h=160&fit=crop&v=1480977326&auto=format&q=92&s=725d110acdc5c1de6a38aac5f6cd0def",
      "small": "https://ksr-ugc.imgix.net/assets/014/782/309/e5477c1b86639a9f5d8c4a3aa657c98f_original.png?w=160&h=160&fit=crop&v=1480977326&auto=format&q=92&s=725d110acdc5c1de6a38aac5f6cd0def",
      "thumb": "https://ksr-ugc.imgix.net/assets/014/782/309/e5477c1b86639a9f5d8c4a3aa657c98f_original.png?w=40&h=40&fit=crop&v=1480977326&auto=format&q=92&s=114398e80cb0998a0aa32387eebc688e"
    },
    "id": 1981202253,
    "name": "GastonRey",
    "urls": {
      "api": {
        "user": "https://api.kickstarter.com/v1/users/1981202253?signature=1488680396.8ce1d6b9fbfa1f129ef5c21c58dced4b2509e1ba"
      },
      "web": {
        "user": "https://www.kickstarter.com/profile/1981202253"
      }
    }
  },
  "currency": "EUR",
  "currency_symbol": "\u20ac",
  "currency_trailing_code": false,
  "deadline": 1484506636,
  "disable_communication": false,
  "goal": 50000.0,
  "id": 1021504282,
  "launched_at": 1481050636,
  "location": {
    "country": "ES",
    "displayable_name": "Argentina, Spain",
    "id": 20220607,
    "is_root": false,
    "name": "Argentina",
    "short_name": "Argentina, Spain",
    "slug": "argentina-es",
    "state": "Castille and Leon",
    "type": "Town",
    "urls": {
      "api": {
        "nearby_projects": "https://api.kickstarter.com/v1/discover?signature=1488680396.ffe8ec3d9705a08e2a490ec68cdbf77f57398f7d&woe_id=20220607"
      },
      "web": {
        "discover": "https://www.kickstarter.com/discover/places/argentina-es",
        "location": "https://www.kickstarter.com/locations/argentina-es"
      }
    }
  },
  "name": "SolDataBank .\u00b7. The Marketplace Of Information And Knowledge",
  "photo": {
    "1024x576": "https://ksr-ugc.imgix.net/assets/014/098/459/22addddf5c9bb9305b358322cce430b1_original.jpg?w=1024&h=576&fit=fill&bg=000000&v=1476381765&auto=format&q=92&s=4ea5a6fd2df82d488cb9c8069ce1209a",
    "1536x864": "https://ksr-ugc.imgix.net/assets/014/098/459/22addddf5c9bb9305b358322cce430b1_original.jpg?w=1536&h=864&fit=fill&bg=000000&v=1476381765&auto=format&q=92&s=20976ea27f4a922c621d22930bd24705",
    "ed": "https://ksr-ugc.imgix.net/assets/014/098/459/22addddf5c9bb9305b358322cce430b1_original.jpg?w=338&h=190&fit=fill&bg=000000&v=1476381765&auto=format&q=92&s=5dd382a4ba93993ac13701c59b065277",
    "full": "https://ksr-ugc.imgix.net/assets/014/098/459/22addddf5c9bb9305b358322cce430b1_original.jpg?w=560&h=315&fit=fill&bg=000000&v=1476381765&auto=format&q=92&s=b5fd684965b047436b2ecfa6de691c22",
    "key": "assets/014/098/459/22addddf5c9bb9305b358322cce430b1_original.jpg",
    "little": "https://ksr-ugc.imgix.net/assets/014/098/459/22addddf5c9bb9305b358322cce430b1_original.jpg?w=200&h=112&fit=fill&bg=000000&v=1476381765&auto=format&q=92&s=d47e3aa6465d6f9b830db4bbc3e70af0",
    "med": "https://ksr-ugc.imgix.net/assets/014/098/459/22addddf5c9bb9305b358322cce430b1_original.jpg?w=266&h=150&fit=fill&bg=000000&v=1476381765&auto=format&q=92&s=ad0dfd42a0f9658f3fef419b6503261c",
    "small": "https://ksr-ugc.imgix.net/assets/014/098/459/22addddf5c9bb9305b358322cce430b1_original.jpg?w=160&h=90&fit=fill&bg=000000&v=1476381765&auto=format&q=92&s=35f9bd97280e22c7eb5c7dafff987597",
    "thumb": "https://ksr-ugc.imgix.net/assets/014/098/459/22addddf5c9bb9305b358322cce430b1_original.jpg?w=40&h=22&fit=fill&bg=000000&v=1476381765&auto=format&q=92&s=90719eb4d0215316fbef774e551e03b5"
  },
  "pledged": 11.0,
  "profile": {
    "background_color": null,
    "background_image_opacity": 0.8,
    "blurb": null,
    "feature_image_attributes": {
      "image_urls": {
        "baseball_card": "https://ksr-ugc.imgix.net/assets/014/098/459/22addddf5c9bb9305b358322cce430b1_original.jpg?w=1552&h=873&fit=fill&bg=000000&v=1476381765&auto=format&q=92&s=1d913097d3b3e6478790e41220cac0b0",
        "default": "https://ksr-ugc.imgix.net/assets/014/098/459/22addddf5c9bb9305b358322cce430b1_original.jpg?w=1552&h=873&fit=fill&bg=000000&v=1476381765&auto=format&q=92&s=1d913097d3b3e6478790e41220cac0b0"
      }
    },
    "id": 2717264,
    "link_background_color": null,
    "link_text": null,
    "link_text_color": null,
    "link_url": null,
    "name": null,
    "project_id": 2717264,
    "should_show_feature_image_section": true,
    "show_feature_image": false,
    "state": "inactive",
    "state_changed_at": 1476357526,
    "text_color": null
  },
  "slug": "soldatabank-the-marketplace-of-information-and-kno",
  "spotlight": false,
  "staff_pick": false,
  "state": "failed",
  "state_changed_at": 1484506636,
  "static_usd_rate": 1.05479669,
  "urls": {
    "web": {
      "project": "https://www.kickstarter.com/projects/1981202253/soldatabank-the-marketplace-of-information-and-kno?ref=category_newest",
      "rewards": "https://www.kickstarter.com/projects/1981202253/soldatabank-the-marketplace-of-information-and-kno/rewards"
    }
  },
  "usd_pledged": "11.60276359"
}