{
  "backers_count": 5,
  "blurb": "This app technology will help the transportation industry ship hazardous materials safely.",
  "category": {
    "color": 6526716,
    "id": 332,
    "name": "Apps",
    "parent_id": 16,
    "position": 2,
    "slug": "technology/apps",
    "urls": {
      "web": {
        "discover": "http://www.kickstarter.com/discover/categories/technology/apps"
      }
    }
  },
  "country": "US",
  "created_at": 1449578781,
  "creator": {
    "avatar": {
      "medium": "https://ksr-ugc.imgix.net/assets/010/593/847/66cfe80b774f8567cca81034eea71369_original.png?w=160&h=160&fit=crop&v=1461700229&auto=format&q=92&s=4d7c2ff58b0281c6736fd8eacf02583a",
      "small": "https://ksr-ugc.imgix.net/assets/010/593/847/66cfe80b774f8567cca81034eea71369_original.png?w=160&h=160&fit=crop&v=1461700229&auto=format&q=92&s=4d7c2ff58b0281c6736fd8eacf02583a",
      "thumb": "https://ksr-ugc.imgix.net/assets/010/593/847/66cfe80b774f8567cca81034eea71369_original.png?w=40&h=40&fit=crop&v=1461700229&auto=format&q=92&s=a8007b0c3b13d5598eb8d291fb2c6029"
    },
    "id": 832337632,
    "name": "Joseph Mitchell",
    "urls": {
      "api": {
        "user": "https://api.kickstarter.com/v1/users/832337632?signature=1488679131.5d281cd0e428d40ac093153d57642da4f64c43fa"
      },
      "web": {
        "user": "https://www.kickstarter.com/profile/832337632"
      }
    }
  },
  "currency": "USD",
  "currency_symbol": "$",
  "currency_trailing_code": true,
  "deadline": 1452276405,
  "disable_communication": false,
  "goal": 100000.0,
  "id": 10218804,
  "launched_at": 1449684405,
  "location": {
    "country": "US",
    "displayable_name": "Lancaster, PA",
    "id": 2436076,
    "is_root": false,
    "name": "Lancaster",
    "short_name": "Lancaster, PA",
    "slug": "lancaster-lancaster-pa",
    "state": "PA",
    "type": "Town",
    "urls": {
      "api": {
        "nearby_projects": "https://api.kickstarter.com/v1/discover?signature=1488668421.ffdd6d9191cf11e3ede7ba2d6f33eb27f1b0896d&woe_id=2436076"
      },
      "web": {
        "discover": "https://www.kickstarter.com/discover/places/lancaster-lancaster-pa",
        "location": "https://www.kickstarter.com/locations/lancaster-lancaster-pa"
      }
    }
  },
  "name": "Bring Back Hazmat Hero",
  "photo": {
    "1024x576": "https://ksr-ugc.imgix.net/assets/012/327/339/20c986b7271133707f5c6f687de6285a_original.png?w=1024&h=576&fit=fill&bg=000000&v=1463755747&auto=format&q=92&s=013ce6f572f70d0fd1b1ee281fff0062",
    "1536x864": "https://ksr-ugc.imgix.net/assets/012/327/339/20c986b7271133707f5c6f687de6285a_original.png?w=1536&h=864&fit=fill&bg=000000&v=1463755747&auto=format&q=92&s=60a5eff984836fe1ddf0cebe788f3734",
    "ed": "https://ksr-ugc.imgix.net/assets/012/327/339/20c986b7271133707f5c6f687de6285a_original.png?w=338&h=190&fit=fill&bg=000000&v=1463755747&auto=format&q=92&s=7725203cb9238ebecaf117a3ac412743",
    "full": "https://ksr-ugc.imgix.net/assets/012/327/339/20c986b7271133707f5c6f687de6285a_original.png?w=560&h=315&fit=fill&bg=000000&v=1463755747&auto=format&q=92&s=9ba1d5a3c9e4a1c097f520bccd4f778e",
    "key": "assets/012/327/339/20c986b7271133707f5c6f687de6285a_original.png",
    "little": "https://ksr-ugc.imgix.net/assets/012/327/339/20c986b7271133707f5c6f687de6285a_original.png?w=200&h=112&fit=fill&bg=000000&v=1463755747&auto=format&q=92&s=90aac68f774f59e6e8a179ec6baf7041",
    "med": "https://ksr-ugc.imgix.net/assets/012/327/339/20c986b7271133707f5c6f687de6285a_original.png?w=266&h=150&fit=fill&bg=000000&v=1463755747&auto=format&q=92&s=59527ead66db287d03ed12628a56f451",
    "small": "https://ksr-ugc.imgix.net/assets/012/327/339/20c986b7271133707f5c6f687de6285a_original.png?w=160&h=90&fit=fill&bg=000000&v=1463755747&auto=format&q=92&s=7c98540d1e13aec535212194ab93861b",
    "thumb": "https://ksr-ugc.imgix.net/assets/012/327/339/20c986b7271133707f5c6f687de6285a_original.png?w=40&h=22&fit=fill&bg=000000&v=1463755747&auto=format&q=92&s=2dfb9d83664b0b1c1e7a1eeb21f8252a"
  },
  "pledged": 77.0,
  "profile": {
    "background_color": null,
    "background_image_opacity": 0.8,
    "blurb": null,
    "feature_image_attributes": {
      "image_urls": {
        "baseball_card": "https://ksr-ugc.imgix.net/assets/012/327/339/20c986b7271133707f5c6f687de6285a_original.png?w=1552&h=873&fit=fill&bg=000000&v=1463755747&auto=format&q=92&s=666f6e72e01e322881c76137be1e2f35",
        "default": "https://ksr-ugc.imgix.net/assets/012/327/339/20c986b7271133707f5c6f687de6285a_original.png?w=1552&h=873&fit=fill&bg=000000&v=1463755747&auto=format&q=92&s=666f6e72e01e322881c76137be1e2f35"
      }
    },
    "id": 2267571,
    "link_background_color": null,
    "link_text": null,
    "link_text_color": null,
    "link_url": null,
    "name": null,
    "project_id": 2267571,
    "should_show_feature_image_section": true,
    "show_feature_image": false,
    "state": "inactive",
    "state_changed_at": 1449578781,
    "text_color": null
  },
  "slug": "bring-back-hazmat-hero",
  "spotlight": false,
  "staff_pick": false,
  "state": "failed",
  "state_changed_at": 1452276405,
  "static_usd_rate": 1.0,
  "urls": {
    "web": {
      "project": "https://www.kickstarter.com/projects/832337632/bring-back-hazmat-hero?ref=category_newest",
      "rewards": "https://www.kickstarter.com/projects/832337632/bring-back-hazmat-hero/rewards"
    }
  },
  "usd_pledged": "77.0"
}