{
  "backers_count": 1,
  "blurb": "Careerbook is a veteran owned tech startup firm focused on providing instant \"access\" to employers and veterans/jobseekers.",
  "category": {
    "color": 6526716,
    "id": 51,
    "name": "Software",
    "parent_id": 16,
    "position": 11,
    "slug": "technology/software",
    "urls": {
      "web": {
        "discover": "http://www.kickstarter.com/discover/categories/technology/software"
      }
    }
  },
  "country": "US",
  "created_at": 1441399399,
  "creator": {
    "avatar": {
      "medium": "https://ksr-ugc.imgix.net/assets/009/770/694/a8e19eb274ce9c1f86a182afc1b93471_original.JPG?w=160&h=160&fit=crop&v=1461627172&auto=format&q=92&s=6edd6ef743eaf9792f5c9f9ef71d9b20",
      "small": "https://ksr-ugc.imgix.net/assets/009/770/694/a8e19eb274ce9c1f86a182afc1b93471_original.JPG?w=160&h=160&fit=crop&v=1461627172&auto=format&q=92&s=6edd6ef743eaf9792f5c9f9ef71d9b20",
      "thumb": "https://ksr-ugc.imgix.net/assets/009/770/694/a8e19eb274ce9c1f86a182afc1b93471_original.JPG?w=40&h=40&fit=crop&v=1461627172&auto=format&q=92&s=9fb47babcf2670a34b7978c9ef59c6ae"
    },
    "id": 669837918,
    "name": "John Damico",
    "urls": {
      "api": {
        "user": "https://api.kickstarter.com/v1/users/669837918?signature=1488680338.1d4074d6534efddddc65a5b46e8cc3547b4774d9"
      },
      "web": {
        "user": "https://www.kickstarter.com/profile/669837918"
      }
    }
  },
  "currency": "USD",
  "currency_symbol": "$",
  "currency_trailing_code": true,
  "deadline": 1445166425,
  "disable_communication": false,
  "goal": 250000.0,
  "id": 1021453299,
  "launched_at": 1442574425,
  "location": {
    "country": "US",
    "displayable_name": "Orlando, FL",
    "id": 2466256,
    "is_root": false,
    "name": "Orlando",
    "short_name": "Orlando, FL",
    "slug": "orlando-fl",
    "state": "FL",
    "type": "Town",
    "urls": {
      "api": {
        "nearby_projects": "https://api.kickstarter.com/v1/discover?signature=1488668421.c3bb572356706a8f8cece96981c62898d558d5df&woe_id=2466256"
      },
      "web": {
        "discover": "https://www.kickstarter.com/discover/places/orlando-fl",
        "location": "https://www.kickstarter.com/locations/orlando-fl"
      }
    }
  },
  "name": "CareerBook- Connecting Veterans With Top Employers And More",
  "photo": {
    "1024x576": "https://ksr-ugc.imgix.net/assets/012/243/085/4159576fe2abb2e49838a4d175386c7f_original.png?w=1024&h=576&fit=fill&bg=000000&v=1463745716&auto=format&q=92&s=3c4d71bc68105f01452e0bf3fbe20063",
    "1536x864": "https://ksr-ugc.imgix.net/assets/012/243/085/4159576fe2abb2e49838a4d175386c7f_original.png?w=1536&h=864&fit=fill&bg=000000&v=1463745716&auto=format&q=92&s=3cff50be98b5f890d2915b93a066bd99",
    "ed": "https://ksr-ugc.imgix.net/assets/012/243/085/4159576fe2abb2e49838a4d175386c7f_original.png?w=338&h=190&fit=fill&bg=000000&v=1463745716&auto=format&q=92&s=7202f66d8b63eb4c480212f2b8c755bc",
    "full": "https://ksr-ugc.imgix.net/assets/012/243/085/4159576fe2abb2e49838a4d175386c7f_original.png?w=560&h=315&fit=fill&bg=000000&v=1463745716&auto=format&q=92&s=1f04f357249a0d1cea69284f14bcce62",
    "key": "assets/012/243/085/4159576fe2abb2e49838a4d175386c7f_original.png",
    "little": "https://ksr-ugc.imgix.net/assets/012/243/085/4159576fe2abb2e49838a4d175386c7f_original.png?w=200&h=112&fit=fill&bg=000000&v=1463745716&auto=format&q=92&s=d6458d8047ee1b51f3a8ccec4186e1db",
    "med": "https://ksr-ugc.imgix.net/assets/012/243/085/4159576fe2abb2e49838a4d175386c7f_original.png?w=266&h=150&fit=fill&bg=000000&v=1463745716&auto=format&q=92&s=face7f7a6231a34d50d6099749a941ec",
    "small": "https://ksr-ugc.imgix.net/assets/012/243/085/4159576fe2abb2e49838a4d175386c7f_original.png?w=160&h=90&fit=fill&bg=000000&v=1463745716&auto=format&q=92&s=6c076818d0c95459d4a7e7f83da42363",
    "thumb": "https://ksr-ugc.imgix.net/assets/012/243/085/4159576fe2abb2e49838a4d175386c7f_original.png?w=40&h=22&fit=fill&bg=000000&v=1463745716&auto=format&q=92&s=f589bc71e98d1f886016b6d867df89d8"
  },
  "pledged": 1.0,
  "profile": {
    "background_color": null,
    "background_image_opacity": 0.8,
    "blurb": null,
    "feature_image_attributes": {
      "image_urls": {
        "baseball_card": "https://ksr-ugc.imgix.net/assets/012/243/085/4159576fe2abb2e49838a4d175386c7f_original.png?w=1552&h=873&fit=fill&bg=000000&v=1463745716&auto=format&q=92&s=ceaaaa5feb0a84b376c9b267b7b5b096",
        "default": "https://ksr-ugc.imgix.net/assets/012/243/085/4159576fe2abb2e49838a4d175386c7f_original.png?w=1552&h=873&fit=fill&bg=000000&v=1463745716&auto=format&q=92&s=ceaaaa5feb0a84b376c9b267b7b5b096"
      }
    },
    "id": 2103496,
    "link_background_color": null,
    "link_text": null,
    "link_text_color": null,
    "link_url": null,
    "name": null,
    "project_id": 2103496,
    "should_show_feature_image_section": true,
    "show_feature_image": false,
    "state": "inactive",
    "state_changed_at": 1441399399,
    "text_color": null
  },
  "slug": "careerbook-the-google-of-talent-aquistion-for-vete",
  "spotlight": false,
  "staff_pick": false,
  "state": "failed",
  "state_changed_at": 1445166426,
  "static_usd_rate": 1.0,
  "urls": {
    "web": {
      "project": "https://www.kickstarter.com/projects/669837918/careerbook-the-google-of-talent-aquistion-for-vete?ref=category_newest",
      "rewards": "https://www.kickstarter.com/projects/669837918/careerbook-the-google-of-talent-aquistion-for-vete/rewards"
    }
  },
  "usd_pledged": "1.0"
}