{
  "backers_count": 13,
  "blurb": "The Cigar Throttle is a patent pending device that allows motorcycle riders to smoke a cigar while riding.",
  "category": {
    "color": 6526716,
    "id": 337,
    "name": "Gadgets",
    "parent_id": 16,
    "position": 7,
    "slug": "technology/gadgets",
    "urls": {
      "web": {
        "discover": "http://www.kickstarter.com/discover/categories/technology/gadgets"
      }
    }
  },
  "country": "US",
  "created_at": 1390242481,
  "creator": {
    "avatar": {
      "medium": "https://ksr-ugc.imgix.net/assets/007/990/395/356a68047c2b0a61c8dd40b04779bdbe_original.jpg?w=160&h=160&fit=crop&v=1461495795&auto=format&q=92&s=96bb5bb8a92d4dd9de33b5660dd42ea9",
      "small": "https://ksr-ugc.imgix.net/assets/007/990/395/356a68047c2b0a61c8dd40b04779bdbe_original.jpg?w=160&h=160&fit=crop&v=1461495795&auto=format&q=92&s=96bb5bb8a92d4dd9de33b5660dd42ea9",
      "thumb": "https://ksr-ugc.imgix.net/assets/007/990/395/356a68047c2b0a61c8dd40b04779bdbe_original.jpg?w=40&h=40&fit=crop&v=1461495795&auto=format&q=92&s=5e5a36e1d821e815873c612f0b4d91de"
    },
    "id": 1959675457,
    "name": "trace@cigarthrottle.com",
    "urls": {
      "api": {
        "user": "https://api.kickstarter.com/v1/users/1959675457?signature=1488679531.a893e33919e8d4596a12e4368ca371cb0cbd6e57"
      },
      "web": {
        "user": "https://www.kickstarter.com/profile/1959675457"
      }
    }
  },
  "currency": "USD",
  "currency_symbol": "$",
  "currency_trailing_code": true,
  "deadline": 1410367412,
  "disable_communication": false,
  "goal": 13000.0,
  "id": 1021151231,
  "launched_at": 1407775412,
  "location": {
    "country": "US",
    "displayable_name": "Mesa, AZ",
    "id": 2449808,
    "is_root": false,
    "name": "Mesa",
    "short_name": "Mesa, AZ",
    "slug": "mesa-az",
    "state": "AZ",
    "type": "Town",
    "urls": {
      "api": {
        "nearby_projects": "https://api.kickstarter.com/v1/discover?signature=1488668421.b3a1f2e21df2caf153be148bb73183ba512703a4&woe_id=2449808"
      },
      "web": {
        "discover": "https://www.kickstarter.com/discover/places/mesa-az",
        "location": "https://www.kickstarter.com/locations/mesa-az"
      }
    }
  },
  "name": "Cigar Throttle: Smoke a Cigar While Riding Your Motorcycle.",
  "photo": {
    "1024x576": "https://ksr-ugc.imgix.net/assets/011/638/807/641fca2d73539b9660bf96244a2d3454_original.jpg?w=1024&h=576&fit=fill&bg=000000&v=1463686070&auto=format&q=92&s=4e11d09996cb3d06b851411f7d55a4c7",
    "1536x864": "https://ksr-ugc.imgix.net/assets/011/638/807/641fca2d73539b9660bf96244a2d3454_original.jpg?w=1536&h=864&fit=fill&bg=000000&v=1463686070&auto=format&q=92&s=6ffe362603ad21e6f0464d27c3070a52",
    "ed": "https://ksr-ugc.imgix.net/assets/011/638/807/641fca2d73539b9660bf96244a2d3454_original.jpg?w=338&h=190&fit=fill&bg=000000&v=1463686070&auto=format&q=92&s=23aab119e691fb18d025b4a6f82d38e7",
    "full": "https://ksr-ugc.imgix.net/assets/011/638/807/641fca2d73539b9660bf96244a2d3454_original.jpg?w=560&h=315&fit=fill&bg=000000&v=1463686070&auto=format&q=92&s=53a30b0d6e87817fae430493f209d553",
    "key": "assets/011/638/807/641fca2d73539b9660bf96244a2d3454_original.jpg",
    "little": "https://ksr-ugc.imgix.net/assets/011/638/807/641fca2d73539b9660bf96244a2d3454_original.jpg?w=200&h=112&fit=fill&bg=000000&v=1463686070&auto=format&q=92&s=f49c7727a7c53b7e35e367cfd79a4456",
    "med": "https://ksr-ugc.imgix.net/assets/011/638/807/641fca2d73539b9660bf96244a2d3454_original.jpg?w=266&h=150&fit=fill&bg=000000&v=1463686070&auto=format&q=92&s=8be4c960e9e0997761c3731514debd84",
    "small": "https://ksr-ugc.imgix.net/assets/011/638/807/641fca2d73539b9660bf96244a2d3454_original.jpg?w=160&h=90&fit=fill&bg=000000&v=1463686070&auto=format&q=92&s=34cc009f04814d853718caa01c0e8ecb",
    "thumb": "https://ksr-ugc.imgix.net/assets/011/638/807/641fca2d73539b9660bf96244a2d3454_original.jpg?w=40&h=22&fit=fill&bg=000000&v=1463686070&auto=format&q=92&s=7e2d6d98cb9b8165a9d3cee5cdb951c2"
  },
  "pledged": 925.0,
  "profile": {
    "background_color": null,
    "background_image_opacity": 0.8,
    "blurb": null,
    "feature_image_attributes": {
      "image_urls": {
        "baseball_card": "https://ksr-ugc.imgix.net/assets/011/638/807/641fca2d73539b9660bf96244a2d3454_original.jpg?w=1552&h=873&fit=fill&bg=000000&v=1463686070&auto=format&q=92&s=0bbe764eac9b1c40fca15ad72923d01a",
        "default": "https://ksr-ugc.imgix.net/assets/011/638/807/641fca2d73539b9660bf96244a2d3454_original.jpg?w=1552&h=873&fit=fill&bg=000000&v=1463686070&auto=format&q=92&s=0bbe764eac9b1c40fca15ad72923d01a"
      }
    },
    "id": 856974,
    "link_background_color": null,
    "link_text": null,
    "link_text_color": null,
    "link_url": null,
    "name": null,
    "project_id": 856974,
    "should_show_feature_image_section": true,
    "show_feature_image": false,
    "state": "inactive",
    "state_changed_at": 1425915847,
    "text_color": null
  },
  "slug": "cigar-throttle-smoke-a-cigar-while-riding-your-mot",
  "spotlight": false,
  "staff_pick": false,
  "state": "failed",
  "state_changed_at": 1410367412,
  "static_usd_rate": 1.0,
  "urls": {
    "web": {
      "project": "https://www.kickstarter.com/projects/1959675457/cigar-throttle-smoke-a-cigar-while-riding-your-mot?ref=category_newest",
      "rewards": "https://www.kickstarter.com/projects/1959675457/cigar-throttle-smoke-a-cigar-while-riding-your-mot/rewards"
    }
  },
  "usd_pledged": "925.0"
}