{
  "backers_count": 2,
  "blurb": "Manage your employee schedules, time and attendance and more!",
  "category": {
    "color": 6526716,
    "id": 51,
    "name": "Software",
    "parent_id": 16,
    "position": 11,
    "slug": "technology/software",
    "urls": {
      "web": {
        "discover": "http://www.kickstarter.com/discover/categories/technology/software"
      }
    }
  },
  "country": "US",
  "created_at": 1482892269,
  "creator": {
    "avatar": {
      "medium": "https://ksr-ugc.imgix.net/assets/015/007/191/0d8c4fd1d9671cb2e17fbecd40f217e5_original.jpg?w=160&h=160&fit=crop&v=1482971080&auto=format&q=92&s=226ce04375f8e2c83822331feb987078",
      "small": "https://ksr-ugc.imgix.net/assets/015/007/191/0d8c4fd1d9671cb2e17fbecd40f217e5_original.jpg?w=160&h=160&fit=crop&v=1482971080&auto=format&q=92&s=226ce04375f8e2c83822331feb987078",
      "thumb": "https://ksr-ugc.imgix.net/assets/015/007/191/0d8c4fd1d9671cb2e17fbecd40f217e5_original.jpg?w=40&h=40&fit=crop&v=1482971080&auto=format&q=92&s=e9b28a3065e3bd273c698c6c7550a164"
    },
    "id": 234501395,
    "name": "Cohen's Innovative Studios",
    "urls": {
      "api": {
        "user": "https://api.kickstarter.com/v1/users/234501395?signature=1488680398.6e164b77fcc8713c473b80e8bf980ef460cf40e9"
      },
      "web": {
        "user": "https://www.kickstarter.com/profile/234501395"
      }
    }
  },
  "currency": "USD",
  "currency_symbol": "$",
  "currency_trailing_code": true,
  "deadline": 1488216544,
  "disable_communication": false,
  "goal": 20000.0,
  "id": 1021881749,
  "launched_at": 1483032544,
  "location": {
    "country": "US",
    "displayable_name": "Queens, NY",
    "id": 12589352,
    "is_root": false,
    "name": "Queens",
    "short_name": "Queens, NY",
    "slug": "queens-ny",
    "state": "NY",
    "type": "County",
    "urls": {
      "api": {
        "nearby_projects": "https://api.kickstarter.com/v1/discover?signature=1488668424.84b7c8260fafe5ccb6dbdf47f086b7445b7cd54f&woe_id=12589352"
      },
      "web": {
        "discover": "https://www.kickstarter.com/discover/places/queens-ny",
        "location": "https://www.kickstarter.com/locations/queens-ny"
      }
    }
  },
  "name": "Time Clock Software",
  "photo": {
    "1024x576": "https://ksr-ugc.imgix.net/assets/014/999/973/59c246e5266ac1c5ee0d26e1ae0044b5_original.PNG?w=1024&h=576&fit=fill&bg=000000&v=1485563592&auto=format&q=92&s=85d4c1873d014ebccf80e0b6c7d81d8c",
    "1536x864": "https://ksr-ugc.imgix.net/assets/014/999/973/59c246e5266ac1c5ee0d26e1ae0044b5_original.PNG?w=1536&h=864&fit=fill&bg=000000&v=1485563592&auto=format&q=92&s=9fc669b95a8801f4e163fbc85945ee50",
    "ed": "https://ksr-ugc.imgix.net/assets/014/999/973/59c246e5266ac1c5ee0d26e1ae0044b5_original.PNG?w=338&h=190&fit=fill&bg=000000&v=1485563592&auto=format&q=92&s=585e9010179371d2ab98b1cc182e3281",
    "full": "https://ksr-ugc.imgix.net/assets/014/999/973/59c246e5266ac1c5ee0d26e1ae0044b5_original.PNG?w=560&h=315&fit=fill&bg=000000&v=1485563592&auto=format&q=92&s=803fe091d7be3d83365508dfcc97d458",
    "key": "assets/014/999/973/59c246e5266ac1c5ee0d26e1ae0044b5_original.PNG",
    "little": "https://ksr-ugc.imgix.net/assets/014/999/973/59c246e5266ac1c5ee0d26e1ae0044b5_original.PNG?w=200&h=112&fit=fill&bg=000000&v=1485563592&auto=format&q=92&s=8239e0cb9eecebfdf96c7108ebc764b1",
    "med": "https://ksr-ugc.imgix.net/assets/014/999/973/59c246e5266ac1c5ee0d26e1ae0044b5_original.PNG?w=266&h=150&fit=fill&bg=000000&v=1485563592&auto=format&q=92&s=0ca7f7bd7f18b0ac3230656932c0675e",
    "small": "https://ksr-ugc.imgix.net/assets/014/999/973/59c246e5266ac1c5ee0d26e1ae0044b5_original.PNG?w=160&h=90&fit=fill&bg=000000&v=1485563592&auto=format&q=92&s=980cdc0ff43c16647fdb4bfdda67e895",
    "thumb": "https://ksr-ugc.imgix.net/assets/014/999/973/59c246e5266ac1c5ee0d26e1ae0044b5_original.PNG?w=40&h=22&fit=fill&bg=000000&v=1485563592&auto=format&q=92&s=4f3fe3f35150cf3d404a5cfb512e15b6"
  },
  "pledged": 11.0,
  "profile": {
    "background_color": null,
    "background_image_opacity": 0.8,
    "blurb": null,
    "feature_image_attributes": {
      "image_urls": {
        "baseball_card": "https://ksr-ugc.imgix.net/assets/014/999/973/59c246e5266ac1c5ee0d26e1ae0044b5_original.PNG?w=1552&h=873&fit=fill&bg=000000&v=1485563592&auto=format&q=92&s=d984cc9818efcf7cdb2aa1608dbefced",
        "default": "https://ksr-ugc.imgix.net/assets/014/999/973/59c246e5266ac1c5ee0d26e1ae0044b5_original.PNG?w=1552&h=873&fit=fill&bg=000000&v=1485563592&auto=format&q=92&s=d984cc9818efcf7cdb2aa1608dbefced"
      }
    },
    "id": 2812729,
    "link_background_color": null,
    "link_text": null,
    "link_text_color": null,
    "link_url": null,
    "name": null,
    "project_id": 2812729,
    "should_show_feature_image_section": true,
    "show_feature_image": false,
    "state": "inactive",
    "state_changed_at": 1482892269,
    "text_color": null
  },
  "slug": "universal-time-and-attendance-solution",
  "spotlight": false,
  "staff_pick": false,
  "state": "failed",
  "state_changed_at": 1488216545,
  "static_usd_rate": 1.0,
  "urls": {
    "web": {
      "project": "https://www.kickstarter.com/projects/234501395/universal-time-and-attendance-solution?ref=category_newest",
      "rewards": "https://www.kickstarter.com/projects/234501395/universal-time-and-attendance-solution/rewards"
    }
  },
  "usd_pledged": "11.0"
}