{
  "backers_count": 10,
  "blurb": "A company based around the idea of only supplying you with the parts you can't 3D print.",
  "category": {
    "color": 6526716,
    "id": 331,
    "name": "3D Printing",
    "parent_id": 16,
    "position": 1,
    "slug": "technology/3d printing",
    "urls": {
      "web": {
        "discover": "http://www.kickstarter.com/discover/categories/technology/3d%20printing"
      }
    }
  },
  "country": "US",
  "created_at": 1413777157,
  "creator": {
    "avatar": {
      "medium": "https://ksr-ugc.imgix.net/assets/009/321/351/ab96f54590294f16867e8c0b96f7a579_original.jpg?w=160&h=160&fit=crop&v=1461579712&auto=format&q=92&s=9b14595b8196ced876d68877cfe7f775",
      "small": "https://ksr-ugc.imgix.net/assets/009/321/351/ab96f54590294f16867e8c0b96f7a579_original.jpg?w=160&h=160&fit=crop&v=1461579712&auto=format&q=92&s=9b14595b8196ced876d68877cfe7f775",
      "thumb": "https://ksr-ugc.imgix.net/assets/009/321/351/ab96f54590294f16867e8c0b96f7a579_original.jpg?w=40&h=40&fit=crop&v=1461579712&auto=format&q=92&s=57b2b588c99a6ab16c256b15faeff171"
    },
    "id": 464595537,
    "name": "Mario Pirrello",
    "urls": {
      "api": {
        "user": "https://api.kickstarter.com/v1/users/464595537?signature=1488678764.d83958acbc19538da7eea21587a64727b79ae411"
      },
      "web": {
        "user": "https://www.kickstarter.com/profile/464595537"
      }
    }
  },
  "currency": "USD",
  "currency_symbol": "$",
  "currency_trailing_code": true,
  "deadline": 1419299721,
  "disable_communication": false,
  "goal": 30000.0,
  "id": 1021426548,
  "launched_at": 1414112121,
  "location": {
    "country": "US",
    "displayable_name": "Morgantown, WV",
    "id": 2454113,
    "is_root": false,
    "name": "Morgantown",
    "short_name": "Morgantown, WV",
    "slug": "morgantown-wv",
    "state": "WV",
    "type": "Town",
    "urls": {
      "api": {
        "nearby_projects": "https://api.kickstarter.com/v1/discover?signature=1488668453.c152d97188416d1416b0de3ebc84746db0b7a0a7&woe_id=2454113"
      },
      "web": {
        "discover": "https://www.kickstarter.com/discover/places/morgantown-wv",
        "location": "https://www.kickstarter.com/locations/morgantown-wv"
      }
    }
  },
  "name": "3D Print - N - Pack",
  "photo": {
    "1024x576": "https://ksr-ugc.imgix.net/assets/011/915/219/89a6e2ace7b3bd1743c93f2417f74e28_original.jpg?w=1024&h=576&fit=fill&bg=000000&v=1463714474&auto=format&q=92&s=64fc980f57e28c7e4d21e25915e5d453",
    "1536x864": "https://ksr-ugc.imgix.net/assets/011/915/219/89a6e2ace7b3bd1743c93f2417f74e28_original.jpg?w=1536&h=864&fit=fill&bg=000000&v=1463714474&auto=format&q=92&s=73bb2f89042c1297dd5361b96feee46f",
    "ed": "https://ksr-ugc.imgix.net/assets/011/915/219/89a6e2ace7b3bd1743c93f2417f74e28_original.jpg?w=338&h=190&fit=fill&bg=000000&v=1463714474&auto=format&q=92&s=82bd70bd3b0d2b380c4558fef7fc5473",
    "full": "https://ksr-ugc.imgix.net/assets/011/915/219/89a6e2ace7b3bd1743c93f2417f74e28_original.jpg?w=560&h=315&fit=fill&bg=000000&v=1463714474&auto=format&q=92&s=d71a98e615502e753b1428c98f5a550a",
    "key": "assets/011/915/219/89a6e2ace7b3bd1743c93f2417f74e28_original.jpg",
    "little": "https://ksr-ugc.imgix.net/assets/011/915/219/89a6e2ace7b3bd1743c93f2417f74e28_original.jpg?w=200&h=112&fit=fill&bg=000000&v=1463714474&auto=format&q=92&s=a2c6227702f4c6c93b4d5282e4312418",
    "med": "https://ksr-ugc.imgix.net/assets/011/915/219/89a6e2ace7b3bd1743c93f2417f74e28_original.jpg?w=266&h=150&fit=fill&bg=000000&v=1463714474&auto=format&q=92&s=d442487994179954f7f7573d578da105",
    "small": "https://ksr-ugc.imgix.net/assets/011/915/219/89a6e2ace7b3bd1743c93f2417f74e28_original.jpg?w=160&h=90&fit=fill&bg=000000&v=1463714474&auto=format&q=92&s=38fb100c402f2d7e43bafdcf00a6467d",
    "thumb": "https://ksr-ugc.imgix.net/assets/011/915/219/89a6e2ace7b3bd1743c93f2417f74e28_original.jpg?w=40&h=22&fit=fill&bg=000000&v=1463714474&auto=format&q=92&s=5fd9fcf88d818bef8aa06487b344ab15"
  },
  "pledged": 1163.0,
  "profile": {
    "background_color": null,
    "background_image_opacity": 0.8,
    "blurb": null,
    "feature_image_attributes": {
      "image_urls": {
        "baseball_card": "https://ksr-ugc.imgix.net/assets/011/915/219/89a6e2ace7b3bd1743c93f2417f74e28_original.jpg?w=1552&h=873&fit=fill&bg=000000&v=1463714474&auto=format&q=92&s=756e711b894170430cfd3cfff1e1d3c0",
        "default": "https://ksr-ugc.imgix.net/assets/011/915/219/89a6e2ace7b3bd1743c93f2417f74e28_original.jpg?w=1552&h=873&fit=fill&bg=000000&v=1463714474&auto=format&q=92&s=756e711b894170430cfd3cfff1e1d3c0"
      }
    },
    "id": 1453605,
    "link_background_color": null,
    "link_text": null,
    "link_text_color": null,
    "link_url": null,
    "name": null,
    "project_id": 1453605,
    "should_show_feature_image_section": true,
    "show_feature_image": false,
    "state": "inactive",
    "state_changed_at": 1425915880,
    "text_color": null
  },
  "slug": "3d-print-n-pack",
  "spotlight": false,
  "staff_pick": false,
  "state": "failed",
  "state_changed_at": 1419299723,
  "static_usd_rate": 1.0,
  "urls": {
    "web": {
      "project": "https://www.kickstarter.com/projects/464595537/3d-print-n-pack?ref=category_newest",
      "rewards": "https://www.kickstarter.com/projects/464595537/3d-print-n-pack/rewards"
    }
  },
  "usd_pledged": "1163.0"
}