{
  "backers_count": 154,
  "blurb": "Voice Kite allows you to create your digital legacy and permanently share the sights and sounds of your memories with your loved ones.",
  "category": {
    "color": 6526716,
    "id": 51,
    "name": "Software",
    "parent_id": 16,
    "position": 11,
    "slug": "technology/software",
    "urls": {
      "web": {
        "discover": "http://www.kickstarter.com/discover/categories/technology/software"
      }
    }
  },
  "country": "US",
  "created_at": 1410397284,
  "creator": {
    "avatar": {
      "medium": "https://ksr-ugc.imgix.net/assets/009/262/458/f6f7cf0f04a943cd74ce907405ecde96_original.jpg?w=160&h=160&fit=crop&v=1461569511&auto=format&q=92&s=7c580a3b17faad31d2a58283af304435",
      "small": "https://ksr-ugc.imgix.net/assets/009/262/458/f6f7cf0f04a943cd74ce907405ecde96_original.jpg?w=160&h=160&fit=crop&v=1461569511&auto=format&q=92&s=7c580a3b17faad31d2a58283af304435",
      "thumb": "https://ksr-ugc.imgix.net/assets/009/262/458/f6f7cf0f04a943cd74ce907405ecde96_original.jpg?w=40&h=40&fit=crop&v=1461569511&auto=format&q=92&s=59d158aab8ee56bdd5e19476dcfc962b"
    },
    "id": 75693128,
    "name": "Pamela Castrucci",
    "slug": "voicekite",
    "urls": {
      "api": {
        "user": "https://api.kickstarter.com/v1/users/75693128?signature=1488680176.2a67458e1b7db9709f4844f955eaa3daa27196c8"
      },
      "web": {
        "user": "https://www.kickstarter.com/profile/voicekite"
      }
    }
  },
  "currency": "USD",
  "currency_symbol": "$",
  "currency_trailing_code": true,
  "deadline": 1418427382,
  "disable_communication": false,
  "goal": 10000.0,
  "id": 1021063280,
  "launched_at": 1415835382,
  "location": {
    "country": "US",
    "displayable_name": "Gorham, ME",
    "id": 2412335,
    "is_root": false,
    "name": "Gorham",
    "short_name": "Gorham, ME",
    "slug": "gorham-me",
    "state": "ME",
    "type": "Town",
    "urls": {
      "api": {
        "nearby_projects": "https://api.kickstarter.com/v1/discover?signature=1488669136.848220aff5bfcea1cfa4c1914eca3d3b82704588&woe_id=2412335"
      },
      "web": {
        "discover": "https://www.kickstarter.com/discover/places/gorham-me",
        "location": "https://www.kickstarter.com/locations/gorham-me"
      }
    }
  },
  "name": "Voice Kite: Photo & Voice Legacy Preservation System",
  "photo": {
    "1024x576": "https://ksr-ugc.imgix.net/assets/011/865/544/9ce7862088db5b5a39f38ce1ec614158_original.jpg?w=1024&h=576&fit=fill&bg=000000&v=1463706487&auto=format&q=92&s=769f8455ce238c1877899f1b110750ac",
    "1536x864": "https://ksr-ugc.imgix.net/assets/011/865/544/9ce7862088db5b5a39f38ce1ec614158_original.jpg?w=1536&h=864&fit=fill&bg=000000&v=1463706487&auto=format&q=92&s=140e312dbf30926df7d7cd91a68ff776",
    "ed": "https://ksr-ugc.imgix.net/assets/011/865/544/9ce7862088db5b5a39f38ce1ec614158_original.jpg?w=338&h=190&fit=fill&bg=000000&v=1463706487&auto=format&q=92&s=1f3ba48ccbf79d650fe1cb9c9f68d17d",
    "full": "https://ksr-ugc.imgix.net/assets/011/865/544/9ce7862088db5b5a39f38ce1ec614158_original.jpg?w=560&h=315&fit=fill&bg=000000&v=1463706487&auto=format&q=92&s=badb367bdad571daf3fe29b7aa60fd34",
    "key": "assets/011/865/544/9ce7862088db5b5a39f38ce1ec614158_original.jpg",
    "little": "https://ksr-ugc.imgix.net/assets/011/865/544/9ce7862088db5b5a39f38ce1ec614158_original.jpg?w=200&h=112&fit=fill&bg=000000&v=1463706487&auto=format&q=92&s=ae07a69a67ae22657c430d0a43c38779",
    "med": "https://ksr-ugc.imgix.net/assets/011/865/544/9ce7862088db5b5a39f38ce1ec614158_original.jpg?w=266&h=150&fit=fill&bg=000000&v=1463706487&auto=format&q=92&s=8d7bd4269f7c53f678b43a5710f31c56",
    "small": "https://ksr-ugc.imgix.net/assets/011/865/544/9ce7862088db5b5a39f38ce1ec614158_original.jpg?w=160&h=90&fit=fill&bg=000000&v=1463706487&auto=format&q=92&s=d6dc056376919140b3dd35bc7fd7f79b",
    "thumb": "https://ksr-ugc.imgix.net/assets/011/865/544/9ce7862088db5b5a39f38ce1ec614158_original.jpg?w=40&h=22&fit=fill&bg=000000&v=1463706487&auto=format&q=92&s=8222a99fec1bcf9daba60e076d08ef19"
  },
  "pledged": 11018.0,
  "profile": {
    "background_color": null,
    "background_image_opacity": 0.8,
    "blurb": null,
    "feature_image_attributes": {
      "image_urls": {
        "baseball_card": "https://ksr-ugc.imgix.net/assets/011/865/544/9ce7862088db5b5a39f38ce1ec614158_original.jpg?w=1552&h=873&fit=fill&bg=000000&v=1463706487&auto=format&q=92&s=bc068c4a8f3555cfe794532500ea5189",
        "default": "https://ksr-ugc.imgix.net/assets/011/865/544/9ce7862088db5b5a39f38ce1ec614158_original.jpg?w=1552&h=873&fit=fill&bg=000000&v=1463706487&auto=format&q=92&s=bc068c4a8f3555cfe794532500ea5189"
      }
    },
    "id": 1351602,
    "link_background_color": null,
    "link_text": null,
    "link_text_color": null,
    "link_url": null,
    "name": null,
    "project_id": 1351602,
    "should_show_feature_image_section": true,
    "show_feature_image": false,
    "state": "inactive",
    "state_changed_at": 1425915875,
    "text_color": null
  },
  "slug": "voice-kite-photo-and-voice-legacy-preservation-sys",
  "spotlight": true,
  "staff_pick": false,
  "state": "successful",
  "state_changed_at": 1418427382,
  "static_usd_rate": 1.0,
  "urls": {
    "web": {
      "project": "https://www.kickstarter.com/projects/voicekite/voice-kite-photo-and-voice-legacy-preservation-sys?ref=category_newest",
      "rewards": "https://www.kickstarter.com/projects/voicekite/voice-kite-photo-and-voice-legacy-preservation-sys/rewards"
    }
  },
  "usd_pledged": "11018.0"
}