{
  "backers_count": 3,
  "blurb": "Discover what is happening nearby on the new social network based on google maps geolocation tracking.",
  "category": {
    "color": 6526716,
    "id": 342,
    "name": "Web",
    "parent_id": 16,
    "position": 15,
    "slug": "technology/web",
    "urls": {
      "web": {
        "discover": "http://www.kickstarter.com/discover/categories/technology/web"
      }
    }
  },
  "country": "GB",
  "created_at": 1474114202,
  "creator": {
    "avatar": {
      "medium": "https://ksr-ugc.imgix.net/assets/010/286/015/73d494aac4ff530d87c5464953fd8d80_original.jpg?w=160&h=160&fit=crop&v=1481541631&auto=format&q=92&s=e8d04c4e65aaedb5034fc79c2a63084f",
      "small": "https://ksr-ugc.imgix.net/assets/010/286/015/73d494aac4ff530d87c5464953fd8d80_original.jpg?w=160&h=160&fit=crop&v=1481541631&auto=format&q=92&s=e8d04c4e65aaedb5034fc79c2a63084f",
      "thumb": "https://ksr-ugc.imgix.net/assets/010/286/015/73d494aac4ff530d87c5464953fd8d80_original.jpg?w=40&h=40&fit=crop&v=1481541631&auto=format&q=92&s=eaf540fa245668ef3fa25f2df2f71e9c"
    },
    "id": 541888438,
    "name": "Tomas Vohradnik",
    "slug": "nearber",
    "urls": {
      "api": {
        "user": "https://api.kickstarter.com/v1/users/541888438?signature=1488680964.af4e8e8d02c5871097781de11f40c35ff13d4aea"
      },
      "web": {
        "user": "https://www.kickstarter.com/profile/nearber"
      }
    }
  },
  "currency": "GBP",
  "currency_symbol": "\u00a3",
  "currency_trailing_code": false,
  "deadline": 1487089025,
  "disable_communication": false,
  "goal": 3000.0,
  "id": 1021350302,
  "launched_at": 1481905025,
  "location": {
    "country": "GB",
    "displayable_name": "London, UK",
    "id": 44418,
    "is_root": false,
    "name": "London",
    "short_name": "London, UK",
    "slug": "london-gb",
    "state": "England",
    "type": "Town",
    "urls": {
      "api": {
        "nearby_projects": "https://api.kickstarter.com/v1/discover?signature=1488668416.b722aeee49187b0362a5f49f63b05fba1954673c&woe_id=44418"
      },
      "web": {
        "discover": "https://www.kickstarter.com/discover/places/london-gb",
        "location": "https://www.kickstarter.com/locations/london-gb"
      }
    }
  },
  "name": "Nearber - Social Network for People Nearby",
  "photo": {
    "1024x576": "https://ksr-ugc.imgix.net/assets/013/770/888/99527326e5a397144773997b03fbd27f_original.jpg?w=1024&h=576&fit=fill&bg=000000&v=1481505706&auto=format&q=92&s=c3ca16cf80e59ab93e366e195d8536b3",
    "1536x864": "https://ksr-ugc.imgix.net/assets/013/770/888/99527326e5a397144773997b03fbd27f_original.jpg?w=1536&h=864&fit=fill&bg=000000&v=1481505706&auto=format&q=92&s=18408b90656429253a181784b89d7b35",
    "ed": "https://ksr-ugc.imgix.net/assets/013/770/888/99527326e5a397144773997b03fbd27f_original.jpg?w=338&h=190&fit=fill&bg=000000&v=1481505706&auto=format&q=92&s=c7f73e64b199dd1856af6ee3d3b8f266",
    "full": "https://ksr-ugc.imgix.net/assets/013/770/888/99527326e5a397144773997b03fbd27f_original.jpg?w=560&h=315&fit=fill&bg=000000&v=1481505706&auto=format&q=92&s=db5c700b94bb7de1e6e1e3184fb74375",
    "key": "assets/013/770/888/99527326e5a397144773997b03fbd27f_original.jpg",
    "little": "https://ksr-ugc.imgix.net/assets/013/770/888/99527326e5a397144773997b03fbd27f_original.jpg?w=200&h=112&fit=fill&bg=000000&v=1481505706&auto=format&q=92&s=ecc86ef5136175b1597cb14f26329cdb",
    "med": "https://ksr-ugc.imgix.net/assets/013/770/888/99527326e5a397144773997b03fbd27f_original.jpg?w=266&h=150&fit=fill&bg=000000&v=1481505706&auto=format&q=92&s=f0789a703c251d62b974d0bfbcf15139",
    "small": "https://ksr-ugc.imgix.net/assets/013/770/888/99527326e5a397144773997b03fbd27f_original.jpg?w=160&h=90&fit=fill&bg=000000&v=1481505706&auto=format&q=92&s=7126f6448ac0050036136611c9c27dce",
    "thumb": "https://ksr-ugc.imgix.net/assets/013/770/888/99527326e5a397144773997b03fbd27f_original.jpg?w=40&h=22&fit=fill&bg=000000&v=1481505706&auto=format&q=92&s=a8b79867a2112d22969d792d7f4fdd98"
  },
  "pledged": 130.0,
  "profile": {
    "background_color": null,
    "background_image_opacity": 0.8,
    "blurb": null,
    "feature_image_attributes": {
      "image_urls": {
        "baseball_card": "https://ksr-ugc.imgix.net/assets/013/770/888/99527326e5a397144773997b03fbd27f_original.jpg?w=1552&h=873&fit=fill&bg=000000&v=1481505706&auto=format&q=92&s=df55be0a321c882ea26ec72b2d8fef3d",
        "default": "https://ksr-ugc.imgix.net/assets/013/770/888/99527326e5a397144773997b03fbd27f_original.jpg?w=1552&h=873&fit=fill&bg=000000&v=1481505706&auto=format&q=92&s=df55be0a321c882ea26ec72b2d8fef3d"
      }
    },
    "id": 2683120,
    "link_background_color": null,
    "link_text": null,
    "link_text_color": null,
    "link_url": null,
    "name": null,
    "project_id": 2683120,
    "should_show_feature_image_section": true,
    "show_feature_image": false,
    "state": "inactive",
    "state_changed_at": 1474114202,
    "text_color": null
  },
  "slug": "social-network-for-people-nearby",
  "spotlight": false,
  "staff_pick": false,
  "state": "failed",
  "state_changed_at": 1487089026,
  "static_usd_rate": 1.25414967,
  "urls": {
    "web": {
      "project": "https://www.kickstarter.com/projects/nearber/social-network-for-people-nearby?ref=category_newest",
      "rewards": "https://www.kickstarter.com/projects/nearber/social-network-for-people-nearby/rewards"
    }
  },
  "usd_pledged": "163.0394571"
}