{
  "backers_count": 1945,
  "blurb": "Multi-power charging that is smarter, stylish and designed for you.",
  "category": {
    "color": 6526716,
    "id": 52,
    "name": "Hardware",
    "parent_id": 16,
    "position": 8,
    "slug": "technology/hardware",
    "urls": {
      "web": {
        "discover": "http://www.kickstarter.com/discover/categories/technology/hardware"
      }
    }
  },
  "country": "DE",
  "created_at": 1452853397,
  "creator": {
    "avatar": {
      "medium": "https://ksr-ugc.imgix.net/assets/010/732/338/364840345a75df6ff02e8c1f3e226db5_original.jpg?w=160&h=160&fit=crop&v=1461709049&auto=format&q=92&s=e9ea23082bc40497f34071dfb92d4331",
      "small": "https://ksr-ugc.imgix.net/assets/010/732/338/364840345a75df6ff02e8c1f3e226db5_original.jpg?w=160&h=160&fit=crop&v=1461709049&auto=format&q=92&s=e9ea23082bc40497f34071dfb92d4331",
      "thumb": "https://ksr-ugc.imgix.net/assets/010/732/338/364840345a75df6ff02e8c1f3e226db5_original.jpg?w=40&h=40&fit=crop&v=1461709049&auto=format&q=92&s=c9a9a89a149ac38b2446347e1f8144fb"
    },
    "id": 1300499319,
    "name": "Good Gadgets",
    "urls": {
      "api": {
        "user": "https://api.kickstarter.com/v1/users/1300499319?signature=1488679817.1abf8bbae7f0dd48a080a39d578f3b50aedc1d01"
      },
      "web": {
        "user": "https://www.kickstarter.com/profile/1300499319"
      }
    }
  },
  "currency": "EUR",
  "currency_symbol": "\u20ac",
  "currency_trailing_code": false,
  "deadline": 1459684862,
  "disable_communication": false,
  "goal": 50000.0,
  "id": 1021260036,
  "launched_at": 1456232462,
  "location": {
    "country": "DE",
    "displayable_name": "Munich, Germany",
    "id": 676757,
    "is_root": false,
    "name": "Munich",
    "short_name": "Munich, Germany",
    "slug": "munich-de",
    "state": "Bavaria",
    "type": "Town",
    "urls": {
      "api": {
        "nearby_projects": "https://api.kickstarter.com/v1/discover?signature=1488668426.085dc7e24acfab4185d5210e1fad5a792ba4371b&woe_id=676757"
      },
      "web": {
        "discover": "https://www.kickstarter.com/discover/places/munich-de",
        "location": "https://www.kickstarter.com/locations/munich-de"
      }
    }
  },
  "name": "YOUMO - Your Smart Modular Power Strip",
  "photo": {
    "1024x576": "https://ksr-ugc.imgix.net/assets/012/354/686/987c9cca65a646cbd91b7a67e4f79c29_original.JPG?w=1024&h=576&fit=fill&bg=CFCED4&v=1463756391&auto=format&q=92&s=3827dc3a008025f7a08694562b1c847f",
    "1536x864": "https://ksr-ugc.imgix.net/assets/012/354/686/987c9cca65a646cbd91b7a67e4f79c29_original.JPG?w=1536&h=864&fit=fill&bg=CFCED4&v=1463756391&auto=format&q=92&s=bfb19c11c4fc8533c4dc5bc102156130",
    "ed": "https://ksr-ugc.imgix.net/assets/012/354/686/987c9cca65a646cbd91b7a67e4f79c29_original.JPG?w=338&h=190&fit=fill&bg=CFCED4&v=1463756391&auto=format&q=92&s=7c7ff06961d94513fe4a3f0a67a15fde",
    "full": "https://ksr-ugc.imgix.net/assets/012/354/686/987c9cca65a646cbd91b7a67e4f79c29_original.JPG?w=560&h=315&fit=fill&bg=CFCED4&v=1463756391&auto=format&q=92&s=c6ef86e435778e7e8c1c1431cefba27a",
    "key": "assets/012/354/686/987c9cca65a646cbd91b7a67e4f79c29_original.JPG",
    "little": "https://ksr-ugc.imgix.net/assets/012/354/686/987c9cca65a646cbd91b7a67e4f79c29_original.JPG?w=200&h=112&fit=fill&bg=CFCED4&v=1463756391&auto=format&q=92&s=a45c65ce10845e873eee69f16350ff61",
    "med": "https://ksr-ugc.imgix.net/assets/012/354/686/987c9cca65a646cbd91b7a67e4f79c29_original.JPG?w=266&h=150&fit=fill&bg=CFCED4&v=1463756391&auto=format&q=92&s=fdc29e57e7868868d25ccb9f5b2cd614",
    "small": "https://ksr-ugc.imgix.net/assets/012/354/686/987c9cca65a646cbd91b7a67e4f79c29_original.JPG?w=160&h=90&fit=fill&bg=CFCED4&v=1463756391&auto=format&q=92&s=f8aba6c228b98bac553e216fa4e59f8d",
    "thumb": "https://ksr-ugc.imgix.net/assets/012/354/686/987c9cca65a646cbd91b7a67e4f79c29_original.JPG?w=40&h=22&fit=fill&bg=CFCED4&v=1463756391&auto=format&q=92&s=353a4050001926b4fc3dbd94e0cf1087"
  },
  "pledged": 177412.01,
  "profile": {
    "background_color": "",
    "background_image_opacity": 0.8,
    "blurb": "Multi-power charging that is smarter, stylish and designed for you.",
    "feature_image_attributes": {
      "image_urls": {
        "baseball_card": "https://ksr-ugc.imgix.net/assets/012/354/686/987c9cca65a646cbd91b7a67e4f79c29_original.JPG?w=1552&h=873&fit=fill&bg=CFCED4&v=1463756391&auto=format&q=92&s=c446175bfa85b7c2a1e9bbb7ac0c29cf",
        "default": "https://ksr-ugc.imgix.net/assets/012/354/686/987c9cca65a646cbd91b7a67e4f79c29_original.JPG?w=1552&h=873&fit=fill&bg=CFCED4&v=1463756391&auto=format&q=92&s=c446175bfa85b7c2a1e9bbb7ac0c29cf"
      }
    },
    "id": 2322842,
    "link_background_color": "",
    "link_text": "Follow along!",
    "link_text_color": "",
    "link_url": "http://www.youmo-power.com/",
    "name": "YOUMO - Your Smart Modular Power Strip",
    "project_id": 2322842,
    "should_show_feature_image_section": true,
    "show_feature_image": false,
    "state": "active",
    "state_changed_at": 1459762737,
    "text_color": ""
  },
  "slug": "youmo-your-smart-modular-power-strip",
  "spotlight": true,
  "staff_pick": true,
  "state": "successful",
  "state_changed_at": 1459684866,
  "static_usd_rate": 1.11120371,
  "urls": {
    "web": {
      "project": "https://www.kickstarter.com/projects/1300499319/youmo-your-smart-modular-power-strip?ref=category_newest",
      "rewards": "https://www.kickstarter.com/projects/1300499319/youmo-your-smart-modular-power-strip/rewards"
    }
  },
  "usd_pledged": "197140.8837105571"
}