{
  "backers_count": 1,
  "blurb": "Free app urging people to moan about anything and everything; the idea is that moans will build up into e-books that can be downloaded.",
  "category": {
    "color": 6526716,
    "id": 332,
    "name": "Apps",
    "parent_id": 16,
    "position": 2,
    "slug": "technology/apps",
    "urls": {
      "web": {
        "discover": "http://www.kickstarter.com/discover/categories/technology/apps"
      }
    }
  },
  "country": "GB",
  "created_at": 1423567349,
  "creator": {
    "avatar": {
      "medium": "https://ksr-ugc.imgix.net/assets/009/554/442/7ca576e12f86f40e208851a73121490c_original.png?w=160&h=160&fit=crop&v=1461602860&auto=format&q=92&s=3015ee230bc3980a363c0d60ba00145b",
      "small": "https://ksr-ugc.imgix.net/assets/009/554/442/7ca576e12f86f40e208851a73121490c_original.png?w=160&h=160&fit=crop&v=1461602860&auto=format&q=92&s=3015ee230bc3980a363c0d60ba00145b",
      "thumb": "https://ksr-ugc.imgix.net/assets/009/554/442/7ca576e12f86f40e208851a73121490c_original.png?w=40&h=40&fit=crop&v=1461602860&auto=format&q=92&s=22150eef3139c9349e42f7178868a5c7"
    },
    "id": 1832972374,
    "name": "Regina Avancini",
    "urls": {
      "api": {
        "user": "https://api.kickstarter.com/v1/users/1832972374?signature=1488678973.fe9ba8737170a4cf2a7d3b3555b25878bdbdc5cb"
      },
      "web": {
        "user": "https://www.kickstarter.com/profile/1832972374"
      }
    }
  },
  "currency": "GBP",
  "currency_symbol": "\u00a3",
  "currency_trailing_code": false,
  "deadline": 1425559711,
  "disable_communication": false,
  "goal": 1000.0,
  "id": 1022204726,
  "launched_at": 1424263711,
  "location": {
    "country": "GB",
    "displayable_name": "London, UK",
    "id": 44418,
    "is_root": false,
    "name": "London",
    "short_name": "London, UK",
    "slug": "london-gb",
    "state": "England",
    "type": "Town",
    "urls": {
      "api": {
        "nearby_projects": "https://api.kickstarter.com/v1/discover?signature=1488668416.b722aeee49187b0362a5f49f63b05fba1954673c&woe_id=44418"
      },
      "web": {
        "discover": "https://www.kickstarter.com/discover/places/london-gb",
        "location": "https://www.kickstarter.com/locations/london-gb"
      }
    }
  },
  "name": "Moanoir",
  "photo": {
    "1024x576": "https://ksr-ugc.imgix.net/assets/012/032/290/7ca576e12f86f40e208851a73121490c_original.png?w=1024&h=576&fit=fill&bg=000000&v=1463725721&auto=format&q=92&s=20c22cd1c84af88bd9f5cf7f9fa35924",
    "1536x864": "https://ksr-ugc.imgix.net/assets/012/032/290/7ca576e12f86f40e208851a73121490c_original.png?w=1536&h=864&fit=fill&bg=000000&v=1463725721&auto=format&q=92&s=37800233af371f7012296326d2598b8a",
    "ed": "https://ksr-ugc.imgix.net/assets/012/032/290/7ca576e12f86f40e208851a73121490c_original.png?w=338&h=190&fit=fill&bg=000000&v=1463725721&auto=format&q=92&s=4f49161e358261e223f424878d565794",
    "full": "https://ksr-ugc.imgix.net/assets/012/032/290/7ca576e12f86f40e208851a73121490c_original.png?w=560&h=315&fit=fill&bg=000000&v=1463725721&auto=format&q=92&s=33eebe56d6ac5addf93e34867cc4e26e",
    "key": "assets/012/032/290/7ca576e12f86f40e208851a73121490c_original.png",
    "little": "https://ksr-ugc.imgix.net/assets/012/032/290/7ca576e12f86f40e208851a73121490c_original.png?w=200&h=112&fit=fill&bg=000000&v=1463725721&auto=format&q=92&s=234dc813548b2659129d0d673305e404",
    "med": "https://ksr-ugc.imgix.net/assets/012/032/290/7ca576e12f86f40e208851a73121490c_original.png?w=266&h=150&fit=fill&bg=000000&v=1463725721&auto=format&q=92&s=1ee98f069a5193488f75fa07a6c9b62b",
    "small": "https://ksr-ugc.imgix.net/assets/012/032/290/7ca576e12f86f40e208851a73121490c_original.png?w=160&h=90&fit=fill&bg=000000&v=1463725721&auto=format&q=92&s=fb784e302c87862c0f5ae539c7ebfc73",
    "thumb": "https://ksr-ugc.imgix.net/assets/012/032/290/7ca576e12f86f40e208851a73121490c_original.png?w=40&h=22&fit=fill&bg=000000&v=1463725721&auto=format&q=92&s=97d42c573669b22aece8a3847772f893"
  },
  "pledged": 1.0,
  "profile": {
    "background_color": null,
    "background_image_opacity": 0.8,
    "blurb": null,
    "feature_image_attributes": {
      "image_urls": {
        "baseball_card": "https://ksr-ugc.imgix.net/assets/012/032/290/7ca576e12f86f40e208851a73121490c_original.png?w=1552&h=873&fit=fill&bg=000000&v=1463725721&auto=format&q=92&s=314ed1dd9161febcd54594b21626adeb",
        "default": "https://ksr-ugc.imgix.net/assets/012/032/290/7ca576e12f86f40e208851a73121490c_original.png?w=1552&h=873&fit=fill&bg=000000&v=1463725721&auto=format&q=92&s=314ed1dd9161febcd54594b21626adeb"
      }
    },
    "id": 1696046,
    "link_background_color": null,
    "link_text": null,
    "link_text_color": null,
    "link_url": null,
    "name": null,
    "project_id": 1696046,
    "should_show_feature_image_section": true,
    "show_feature_image": false,
    "state": "inactive",
    "state_changed_at": 1425915893,
    "text_color": null
  },
  "slug": "moanoir",
  "spotlight": false,
  "staff_pick": false,
  "state": "failed",
  "state_changed_at": 1425559714,
  "static_usd_rate": 1.53720576,
  "urls": {
    "web": {
      "project": "https://www.kickstarter.com/projects/1832972374/moanoir?ref=category_newest",
      "rewards": "https://www.kickstarter.com/projects/1832972374/moanoir/rewards"
    }
  },
  "usd_pledged": "1.53720576"
}