{
  "backers_count": 27,
  "blurb": "Slackbot bot is a talking robot that obeys basic Slack commands, plays music, gives high-fives, and more.",
  "category": {
    "color": 6526716,
    "id": 338,
    "name": "Robots",
    "parent_id": 16,
    "position": 10,
    "slug": "technology/robots",
    "urls": {
      "web": {
        "discover": "http://www.kickstarter.com/discover/categories/technology/robots"
      }
    }
  },
  "country": "US",
  "created_at": 1421863990,
  "creator": {
    "avatar": {
      "medium": "https://ksr-ugc.imgix.net/assets/005/764/155/9af6ad569603ebb506e779acc4fe8249_original.jpg?w=160&h=160&fit=crop&v=1461084076&auto=format&q=92&s=ae92a41775ee38ccdea8bd58e4b4b7a6",
      "small": "https://ksr-ugc.imgix.net/assets/005/764/155/9af6ad569603ebb506e779acc4fe8249_original.jpg?w=160&h=160&fit=crop&v=1461084076&auto=format&q=92&s=ae92a41775ee38ccdea8bd58e4b4b7a6",
      "thumb": "https://ksr-ugc.imgix.net/assets/005/764/155/9af6ad569603ebb506e779acc4fe8249_original.jpg?w=40&h=40&fit=crop&v=1461084076&auto=format&q=92&s=7d17941814f350c751a05bec33d18395"
    },
    "id": 775411466,
    "name": "jon arnold",
    "urls": {
      "api": {
        "user": "https://api.kickstarter.com/v1/users/775411466?signature=1488680124.27d80275aafeca0c611fe51511a2d20b743bcf30"
      },
      "web": {
        "user": "https://www.kickstarter.com/profile/775411466"
      }
    }
  },
  "currency": "USD",
  "currency_symbol": "$",
  "currency_trailing_code": true,
  "deadline": 1424990008,
  "disable_communication": false,
  "goal": 150000.0,
  "id": 1022534317,
  "launched_at": 1422398008,
  "location": {
    "country": "US",
    "displayable_name": "Nashville, TN",
    "id": 2457170,
    "is_root": false,
    "name": "Nashville",
    "short_name": "Nashville, TN",
    "slug": "nashville-tn",
    "state": "TN",
    "type": "Town",
    "urls": {
      "api": {
        "nearby_projects": "https://api.kickstarter.com/v1/discover?signature=1488668420.64789cd2532b8ea9b03f164ea48a56b00d445796&woe_id=2457170"
      },
      "web": {
        "discover": "https://www.kickstarter.com/discover/places/nashville-tn",
        "location": "https://www.kickstarter.com/locations/nashville-tn"
      }
    }
  },
  "name": "Bring Slackbot to Life with Slackbot Bot!",
  "photo": {
    "1024x576": "https://ksr-ugc.imgix.net/assets/012/008/221/eefabdf4604ac5880648263d9aacc299_original.png?w=1024&h=576&fit=fill&bg=000000&v=1463723627&auto=format&q=92&s=9b9a2999a2227e854df105789be73f8e",
    "1536x864": "https://ksr-ugc.imgix.net/assets/012/008/221/eefabdf4604ac5880648263d9aacc299_original.png?w=1536&h=864&fit=fill&bg=000000&v=1463723627&auto=format&q=92&s=0cadad045c3212067262e8f4b6e01497",
    "ed": "https://ksr-ugc.imgix.net/assets/012/008/221/eefabdf4604ac5880648263d9aacc299_original.png?w=338&h=190&fit=fill&bg=000000&v=1463723627&auto=format&q=92&s=8ea67ce1e9a8102204fc0dfb0a7d4048",
    "full": "https://ksr-ugc.imgix.net/assets/012/008/221/eefabdf4604ac5880648263d9aacc299_original.png?w=560&h=315&fit=fill&bg=000000&v=1463723627&auto=format&q=92&s=e2e136655318d07b7623d5e0dd92b172",
    "key": "assets/012/008/221/eefabdf4604ac5880648263d9aacc299_original.png",
    "little": "https://ksr-ugc.imgix.net/assets/012/008/221/eefabdf4604ac5880648263d9aacc299_original.png?w=200&h=112&fit=fill&bg=000000&v=1463723627&auto=format&q=92&s=613f75d6015d0242953b677b0b452258",
    "med": "https://ksr-ugc.imgix.net/assets/012/008/221/eefabdf4604ac5880648263d9aacc299_original.png?w=266&h=150&fit=fill&bg=000000&v=1463723627&auto=format&q=92&s=c0b0300d84bd6236d6ea85aa708911f3",
    "small": "https://ksr-ugc.imgix.net/assets/012/008/221/eefabdf4604ac5880648263d9aacc299_original.png?w=160&h=90&fit=fill&bg=000000&v=1463723627&auto=format&q=92&s=6af3ec0d5552ffd5b11e8eed463dcc24",
    "thumb": "https://ksr-ugc.imgix.net/assets/012/008/221/eefabdf4604ac5880648263d9aacc299_original.png?w=40&h=22&fit=fill&bg=000000&v=1463723627&auto=format&q=92&s=cc5266be23faf6da9f92b30c8425abc8"
  },
  "pledged": 760.0,
  "profile": {
    "background_color": null,
    "background_image_opacity": 0.8,
    "blurb": null,
    "feature_image_attributes": {
      "image_urls": {
        "baseball_card": "https://ksr-ugc.imgix.net/assets/012/008/221/eefabdf4604ac5880648263d9aacc299_original.png?w=1552&h=873&fit=fill&bg=000000&v=1463723627&auto=format&q=92&s=e0dec94f93a59e6c3b4d0bf750b17b7f",
        "default": "https://ksr-ugc.imgix.net/assets/012/008/221/eefabdf4604ac5880648263d9aacc299_original.png?w=1552&h=873&fit=fill&bg=000000&v=1463723627&auto=format&q=92&s=e0dec94f93a59e6c3b4d0bf750b17b7f"
      }
    },
    "id": 1646982,
    "link_background_color": null,
    "link_text": null,
    "link_text_color": null,
    "link_url": null,
    "name": null,
    "project_id": 1646982,
    "should_show_feature_image_section": true,
    "show_feature_image": false,
    "state": "inactive",
    "state_changed_at": 1425915890,
    "text_color": null
  },
  "slug": "bring-slackbot-to-life-with-slackbot-bot",
  "spotlight": false,
  "staff_pick": false,
  "state": "failed",
  "state_changed_at": 1424990009,
  "static_usd_rate": 1.0,
  "urls": {
    "web": {
      "project": "https://www.kickstarter.com/projects/775411466/bring-slackbot-to-life-with-slackbot-bot?ref=category_newest",
      "rewards": "https://www.kickstarter.com/projects/775411466/bring-slackbot-to-life-with-slackbot-bot/rewards"
    }
  },
  "usd_pledged": "760.0"
}