{
  "backers_count": 55,
  "blurb": "3D Printed hobbyist hand kit with endless possibilities!  Learn about microcontrollers, programming and hardware.",
  "category": {
    "color": 6526716,
    "id": 331,
    "name": "3D Printing",
    "parent_id": 16,
    "position": 1,
    "slug": "technology/3d printing",
    "urls": {
      "web": {
        "discover": "http://www.kickstarter.com/discover/categories/technology/3d%20printing"
      }
    }
  },
  "country": "US",
  "created_at": 1446838636,
  "creator": {
    "avatar": {
      "medium": "https://ksr-ugc.imgix.net/assets/009/952/197/ddc30b04091aef279d0dbb4093dd1a38_original.png?w=160&h=160&fit=crop&v=1468546263&auto=format&q=92&s=2ba98e3f934905d2748f012220577d82",
      "small": "https://ksr-ugc.imgix.net/assets/009/952/197/ddc30b04091aef279d0dbb4093dd1a38_original.png?w=160&h=160&fit=crop&v=1468546263&auto=format&q=92&s=2ba98e3f934905d2748f012220577d82",
      "thumb": "https://ksr-ugc.imgix.net/assets/009/952/197/ddc30b04091aef279d0dbb4093dd1a38_original.png?w=40&h=40&fit=crop&v=1468546263&auto=format&q=92&s=bcb6fbeff3b11218d77e7a78006ee6f0"
    },
    "id": 916469652,
    "name": "Biomechanical Robotics Group Inc.",
    "slug": "biomechrg",
    "urls": {
      "api": {
        "user": "https://api.kickstarter.com/v1/users/916469652?signature=1488678779.a9595dc37ebedb58e7ae813a405af8e23e67ea89"
      },
      "web": {
        "user": "https://www.kickstarter.com/profile/biomechrg"
      }
    }
  },
  "currency": "USD",
  "currency_symbol": "$",
  "currency_trailing_code": true,
  "deadline": 1455295656,
  "disable_communication": false,
  "goal": 30000.0,
  "id": 1022185493,
  "launched_at": 1451407656,
  "location": {
    "country": "US",
    "displayable_name": "Iowa City, IA",
    "id": 2427422,
    "is_root": false,
    "name": "Iowa City",
    "short_name": "Iowa City, IA",
    "slug": "iowa-city-ia",
    "state": "IA",
    "type": "Town",
    "urls": {
      "api": {
        "nearby_projects": "https://api.kickstarter.com/v1/discover?signature=1488668484.6e1b63153b437bc62dbccff3732f344c88d38fdd&woe_id=2427422"
      },
      "web": {
        "discover": "https://www.kickstarter.com/discover/places/iowa-city-ia",
        "location": "https://www.kickstarter.com/locations/iowa-city-ia"
      }
    }
  },
  "name": "Hobby Hand",
  "photo": {
    "1024x576": "https://ksr-ugc.imgix.net/assets/012/299/933/4d68228d43a04fe97c0b17a38388b2a1_original.jpg?w=1024&h=576&fit=fill&bg=000000&v=1463752996&auto=format&q=92&s=c6181374261de0ea1d99f2077fdd87fd",
    "1536x864": "https://ksr-ugc.imgix.net/assets/012/299/933/4d68228d43a04fe97c0b17a38388b2a1_original.jpg?w=1536&h=864&fit=fill&bg=000000&v=1463752996&auto=format&q=92&s=c74dc245206b3179995e2a6882d51d08",
    "ed": "https://ksr-ugc.imgix.net/assets/012/299/933/4d68228d43a04fe97c0b17a38388b2a1_original.jpg?w=338&h=190&fit=fill&bg=000000&v=1463752996&auto=format&q=92&s=6585aeac3163e0e8c1db1e8ce06efb1b",
    "full": "https://ksr-ugc.imgix.net/assets/012/299/933/4d68228d43a04fe97c0b17a38388b2a1_original.jpg?w=560&h=315&fit=fill&bg=000000&v=1463752996&auto=format&q=92&s=b84ae5608dec7e6e556550b3bd8619e6",
    "key": "assets/012/299/933/4d68228d43a04fe97c0b17a38388b2a1_original.jpg",
    "little": "https://ksr-ugc.imgix.net/assets/012/299/933/4d68228d43a04fe97c0b17a38388b2a1_original.jpg?w=200&h=112&fit=fill&bg=000000&v=1463752996&auto=format&q=92&s=a639c0ba5e0bfb26d9118b3fbcfc4f42",
    "med": "https://ksr-ugc.imgix.net/assets/012/299/933/4d68228d43a04fe97c0b17a38388b2a1_original.jpg?w=266&h=150&fit=fill&bg=000000&v=1463752996&auto=format&q=92&s=3465b11fcb2d802ff2bfa038735e7d99",
    "small": "https://ksr-ugc.imgix.net/assets/012/299/933/4d68228d43a04fe97c0b17a38388b2a1_original.jpg?w=160&h=90&fit=fill&bg=000000&v=1463752996&auto=format&q=92&s=43a93859118f1a82c51fe50cbdd581f6",
    "thumb": "https://ksr-ugc.imgix.net/assets/012/299/933/4d68228d43a04fe97c0b17a38388b2a1_original.jpg?w=40&h=22&fit=fill&bg=000000&v=1463752996&auto=format&q=92&s=6c556eaa25b90c6ceb88128871efca1d"
  },
  "pledged": 7072.0,
  "profile": {
    "background_color": null,
    "background_image_opacity": 0.8,
    "blurb": null,
    "feature_image_attributes": {
      "image_urls": {
        "baseball_card": "https://ksr-ugc.imgix.net/assets/012/299/933/4d68228d43a04fe97c0b17a38388b2a1_original.jpg?w=1552&h=873&fit=fill&bg=000000&v=1463752996&auto=format&q=92&s=2218e447d3bb430de319955f25ea01c1",
        "default": "https://ksr-ugc.imgix.net/assets/012/299/933/4d68228d43a04fe97c0b17a38388b2a1_original.jpg?w=1552&h=873&fit=fill&bg=000000&v=1463752996&auto=format&q=92&s=2218e447d3bb430de319955f25ea01c1"
      }
    },
    "id": 2214327,
    "link_background_color": null,
    "link_text": null,
    "link_text_color": null,
    "link_url": null,
    "name": null,
    "project_id": 2214327,
    "should_show_feature_image_section": true,
    "show_feature_image": false,
    "state": "inactive",
    "state_changed_at": 1446838636,
    "text_color": null
  },
  "slug": "hobby-hand",
  "spotlight": false,
  "staff_pick": true,
  "state": "failed",
  "state_changed_at": 1455295656,
  "static_usd_rate": 1.0,
  "urls": {
    "web": {
      "project": "https://www.kickstarter.com/projects/biomechrg/hobby-hand?ref=category_newest",
      "rewards": "https://www.kickstarter.com/projects/biomechrg/hobby-hand/rewards"
    }
  },
  "usd_pledged": "7072.0"
}