{
  "backers_count": 610,
  "blurb": "A new, technologically innovative screw design which solves many of the age old problems related to poor screw performance.",
  "category": {
    "color": 6526716,
    "id": 16,
    "name": "Technology",
    "position": 14,
    "slug": "technology",
    "urls": {
      "web": {
        "discover": "http://www.kickstarter.com/discover/categories/technology"
      }
    }
  },
  "country": "US",
  "created_at": 1356804602,
  "creator": {
    "avatar": {
      "medium": "https://ksr-ugc.imgix.net/assets/007/149/610/fe0c975279786bbb79aaa2507d4ca80d_original.jpg?w=160&h=160&fit=crop&v=1461439229&auto=format&q=92&s=5c951da28f5d5f76ef8a171b78f1a98d",
      "small": "https://ksr-ugc.imgix.net/assets/007/149/610/fe0c975279786bbb79aaa2507d4ca80d_original.jpg?w=160&h=160&fit=crop&v=1461439229&auto=format&q=92&s=5c951da28f5d5f76ef8a171b78f1a98d",
      "thumb": "https://ksr-ugc.imgix.net/assets/007/149/610/fe0c975279786bbb79aaa2507d4ca80d_original.jpg?w=40&h=40&fit=crop&v=1461439229&auto=format&q=92&s=e2e0e1ad092efba383aa7b25a1816694"
    },
    "id": 97258600,
    "name": "Outlaw Fasteners",
    "slug": "outlawfasteners",
    "urls": {
      "api": {
        "user": "https://api.kickstarter.com/v1/users/97258600?signature=1488678088.1f356332700fa054b1a9ef06684c94265be3f81a"
      },
      "web": {
        "user": "https://www.kickstarter.com/profile/outlawfasteners"
      }
    }
  },
  "currency": "USD",
  "currency_symbol": "$",
  "currency_trailing_code": true,
  "deadline": 1383191940,
  "disable_communication": false,
  "goal": 100000.0,
  "id": 1022046093,
  "launched_at": 1380565409,
  "location": {
    "country": "US",
    "displayable_name": "Charlotte, NC",
    "id": 2378426,
    "is_root": false,
    "name": "Charlotte",
    "short_name": "Charlotte, NC",
    "slug": "charlotte-nc",
    "state": "NC",
    "type": "Town",
    "urls": {
      "api": {
        "nearby_projects": "https://api.kickstarter.com/v1/discover?signature=1488668430.c871b209a8cb4ce6be55cba1525594e38cc6c38e&woe_id=2378426"
      },
      "web": {
        "discover": "https://www.kickstarter.com/discover/places/charlotte-nc",
        "location": "https://www.kickstarter.com/locations/charlotte-nc"
      }
    }
  },
  "name": "Screwing Reinvented: The World's Best Deck Screw",
  "photo": {
    "1024x576": "https://ksr-ugc.imgix.net/assets/011/464/125/8c42e4fb77dc02563d4776bc22c7b512_original.jpg?w=1024&h=576&fit=fill&bg=000000&v=1463683072&auto=format&q=92&s=b98478b7db6cef4690720b4c8315236d",
    "1536x864": "https://ksr-ugc.imgix.net/assets/011/464/125/8c42e4fb77dc02563d4776bc22c7b512_original.jpg?w=1536&h=864&fit=fill&bg=000000&v=1463683072&auto=format&q=92&s=6a86da03aa2ee9496eae331a7990e546",
    "ed": "https://ksr-ugc.imgix.net/assets/011/464/125/8c42e4fb77dc02563d4776bc22c7b512_original.jpg?w=338&h=190&fit=fill&bg=000000&v=1463683072&auto=format&q=92&s=de4bf17c0b2712c1344709389b8a2b3b",
    "full": "https://ksr-ugc.imgix.net/assets/011/464/125/8c42e4fb77dc02563d4776bc22c7b512_original.jpg?w=560&h=315&fit=fill&bg=000000&v=1463683072&auto=format&q=92&s=eaafe5a6581c2952d0bbdf6691f8d598",
    "key": "assets/011/464/125/8c42e4fb77dc02563d4776bc22c7b512_original.jpg",
    "little": "https://ksr-ugc.imgix.net/assets/011/464/125/8c42e4fb77dc02563d4776bc22c7b512_original.jpg?w=200&h=112&fit=fill&bg=000000&v=1463683072&auto=format&q=92&s=de7a1f634a6d140aca8b5a6512d47363",
    "med": "https://ksr-ugc.imgix.net/assets/011/464/125/8c42e4fb77dc02563d4776bc22c7b512_original.jpg?w=266&h=150&fit=fill&bg=000000&v=1463683072&auto=format&q=92&s=527ad16765d6b07e7f93f3de912f2bac",
    "small": "https://ksr-ugc.imgix.net/assets/011/464/125/8c42e4fb77dc02563d4776bc22c7b512_original.jpg?w=160&h=90&fit=fill&bg=000000&v=1463683072&auto=format&q=92&s=d42298e7de77b4141ad3fbf69c715e91",
    "thumb": "https://ksr-ugc.imgix.net/assets/011/464/125/8c42e4fb77dc02563d4776bc22c7b512_original.jpg?w=40&h=22&fit=fill&bg=000000&v=1463683072&auto=format&q=92&s=bf6ccb4c3326653bf5822baf9341fcfd"
  },
  "pledged": 109926.5,
  "profile": {
    "background_color": null,
    "background_image_opacity": 0.8,
    "blurb": null,
    "feature_image_attributes": {
      "image_urls": {
        "baseball_card": "https://ksr-ugc.imgix.net/assets/011/464/125/8c42e4fb77dc02563d4776bc22c7b512_original.jpg?w=1552&h=873&fit=fill&bg=000000&v=1463683072&auto=format&q=92&s=46423bf73e6addacc3da16a9da022c85",
        "default": "https://ksr-ugc.imgix.net/assets/011/464/125/8c42e4fb77dc02563d4776bc22c7b512_original.jpg?w=1552&h=873&fit=fill&bg=000000&v=1463683072&auto=format&q=92&s=46423bf73e6addacc3da16a9da022c85"
      }
    },
    "id": 431942,
    "link_background_color": null,
    "link_text": null,
    "link_text_color": null,
    "link_url": null,
    "name": null,
    "project_id": 431942,
    "should_show_feature_image_section": true,
    "show_feature_image": false,
    "state": "inactive",
    "state_changed_at": 1425915823,
    "text_color": null
  },
  "slug": "screwing-reinvented-the-worlds-best-deck-screw",
  "spotlight": true,
  "staff_pick": false,
  "state": "successful",
  "state_changed_at": 1383191940,
  "static_usd_rate": 1.0,
  "urls": {
    "web": {
      "project": "https://www.kickstarter.com/projects/outlawfasteners/screwing-reinvented-the-worlds-best-deck-screw?ref=category_most_funded",
      "rewards": "https://www.kickstarter.com/projects/outlawfasteners/screwing-reinvented-the-worlds-best-deck-screw/rewards"
    }
  },
  "usd_pledged": "109926.5"
}