{
  "backers_count": 393,
  "blurb": "Tired of losing your messy and uninspired phone chargers? RABBIT charger is the inspired charger you've been waiting for!",
  "category": {
    "color": 6526716,
    "id": 52,
    "name": "Hardware",
    "parent_id": 16,
    "position": 8,
    "slug": "technology/hardware",
    "urls": {
      "web": {
        "discover": "http://www.kickstarter.com/discover/categories/technology/hardware"
      }
    }
  },
  "country": "US",
  "created_at": 1443062842,
  "creator": {
    "avatar": {
      "medium": "https://ksr-ugc.imgix.net/assets/010/196/558/6727b0c9ab4b002b5a514cb2a8134445_original.png?w=160&h=160&fit=crop&v=1461673234&auto=format&q=92&s=2e1d50ce69da24f32cb8d3dfd1ba7162",
      "small": "https://ksr-ugc.imgix.net/assets/010/196/558/6727b0c9ab4b002b5a514cb2a8134445_original.png?w=160&h=160&fit=crop&v=1461673234&auto=format&q=92&s=2e1d50ce69da24f32cb8d3dfd1ba7162",
      "thumb": "https://ksr-ugc.imgix.net/assets/010/196/558/6727b0c9ab4b002b5a514cb2a8134445_original.png?w=40&h=40&fit=crop&v=1461673234&auto=format&q=92&s=ed8c25bc2d5a94956a498b2f35802c57"
    },
    "id": 823747277,
    "name": "RABBITcharger",
    "urls": {
      "api": {
        "user": "https://api.kickstarter.com/v1/users/823747277?signature=1488679822.2fa498896713ce8804819e980931566395ca9d47"
      },
      "web": {
        "user": "https://www.kickstarter.com/profile/823747277"
      }
    }
  },
  "currency": "USD",
  "currency_symbol": "$",
  "currency_trailing_code": true,
  "deadline": 1467334800,
  "disable_communication": false,
  "goal": 35000.0,
  "id": 102220300,
  "launched_at": 1463481087,
  "location": {
    "country": "US",
    "displayable_name": "St. Louis, MO",
    "id": 2486982,
    "is_root": false,
    "name": "St. Louis",
    "short_name": "St. Louis, MO",
    "slug": "st-louis-mo",
    "state": "MO",
    "type": "Town",
    "urls": {
      "api": {
        "nearby_projects": "https://api.kickstarter.com/v1/discover?signature=1488668423.ddba37d6bbe898a7fd19c5c8eb27439937e7af2d&woe_id=2486982"
      },
      "web": {
        "discover": "https://www.kickstarter.com/discover/places/st-louis-mo",
        "location": "https://www.kickstarter.com/locations/st-louis-mo"
      }
    }
  },
  "name": "RABBITcharger: The inspired charger you've always needed.",
  "photo": {
    "1024x576": "https://ksr-ugc.imgix.net/assets/012/261/978/a34e7adf93245f702f8a42313e58afb6_original.jpg?w=1024&h=576&fit=fill&bg=DBDBD9&v=1466654722&auto=format&q=92&s=0f84612566a85ca039373cc7f7beb39c",
    "1536x864": "https://ksr-ugc.imgix.net/assets/012/261/978/a34e7adf93245f702f8a42313e58afb6_original.jpg?w=1536&h=864&fit=fill&bg=DBDBD9&v=1466654722&auto=format&q=92&s=bc2696bd15d9630b9f7ea296d685b749",
    "ed": "https://ksr-ugc.imgix.net/assets/012/261/978/a34e7adf93245f702f8a42313e58afb6_original.jpg?w=338&h=190&fit=fill&bg=DBDBD9&v=1466654722&auto=format&q=92&s=bc95c459d14738debe33353afc4f247d",
    "full": "https://ksr-ugc.imgix.net/assets/012/261/978/a34e7adf93245f702f8a42313e58afb6_original.jpg?w=560&h=315&fit=fill&bg=DBDBD9&v=1466654722&auto=format&q=92&s=d701516b0b122014a245720d7ee21b9a",
    "key": "assets/012/261/978/a34e7adf93245f702f8a42313e58afb6_original.jpg",
    "little": "https://ksr-ugc.imgix.net/assets/012/261/978/a34e7adf93245f702f8a42313e58afb6_original.jpg?w=200&h=112&fit=fill&bg=DBDBD9&v=1466654722&auto=format&q=92&s=efa69cc75982f10847746d5cd7a558e7",
    "med": "https://ksr-ugc.imgix.net/assets/012/261/978/a34e7adf93245f702f8a42313e58afb6_original.jpg?w=266&h=150&fit=fill&bg=DBDBD9&v=1466654722&auto=format&q=92&s=2ff7e35e789f187710e90fd96fd53c66",
    "small": "https://ksr-ugc.imgix.net/assets/012/261/978/a34e7adf93245f702f8a42313e58afb6_original.jpg?w=160&h=90&fit=fill&bg=DBDBD9&v=1466654722&auto=format&q=92&s=b3df2db74ea8de260010be34520ed227",
    "thumb": "https://ksr-ugc.imgix.net/assets/012/261/978/a34e7adf93245f702f8a42313e58afb6_original.jpg?w=40&h=22&fit=fill&bg=DBDBD9&v=1466654722&auto=format&q=92&s=f1ef71ecf144c95639afea7f10384820"
  },
  "pledged": 36587.72,
  "profile": {
    "background_color": null,
    "background_image_opacity": 0.8,
    "blurb": null,
    "feature_image_attributes": {
      "image_urls": {
        "baseball_card": "https://ksr-ugc.imgix.net/assets/012/261/978/a34e7adf93245f702f8a42313e58afb6_original.jpg?w=1552&h=873&fit=fill&bg=DBDBD9&v=1466654722&auto=format&q=92&s=42ba0d56d22eafe65293985acad5936b",
        "default": "https://ksr-ugc.imgix.net/assets/012/261/978/a34e7adf93245f702f8a42313e58afb6_original.jpg?w=1552&h=873&fit=fill&bg=DBDBD9&v=1466654722&auto=format&q=92&s=42ba0d56d22eafe65293985acad5936b"
      }
    },
    "id": 2139756,
    "link_background_color": null,
    "link_text": null,
    "link_text_color": null,
    "link_url": null,
    "name": null,
    "project_id": 2139756,
    "should_show_feature_image_section": true,
    "show_feature_image": false,
    "state": "inactive",
    "state_changed_at": 1443062842,
    "text_color": null
  },
  "slug": "rabbitcharger",
  "spotlight": true,
  "staff_pick": false,
  "state": "successful",
  "state_changed_at": 1467334800,
  "static_usd_rate": 1.0,
  "urls": {
    "web": {
      "project": "https://www.kickstarter.com/projects/823747277/rabbitcharger?ref=category_newest",
      "rewards": "https://www.kickstarter.com/projects/823747277/rabbitcharger/rewards"
    }
  },
  "usd_pledged": "36587.72"
}