{
  "backers_count": 35,
  "blurb": "The Magzor Design Platform simplifies robotic design by automatically configuring hardware and software.",
  "category": {
    "color": 6526716,
    "id": 334,
    "name": "DIY Electronics",
    "parent_id": 16,
    "position": 4,
    "slug": "technology/diy electronics",
    "urls": {
      "web": {
        "discover": "http://www.kickstarter.com/discover/categories/technology/diy%20electronics"
      }
    }
  },
  "country": "US",
  "created_at": 1460586595,
  "creator": {
    "avatar": {
      "medium": "https://ksr-ugc.imgix.net/assets/007/929/774/f1f6e1a7771f2f2c24b38ffd79618a27_original.png?w=160&h=160&fit=crop&v=1461491803&auto=format&q=92&s=2f22a326d501783d438bcd5270959bca",
      "small": "https://ksr-ugc.imgix.net/assets/007/929/774/f1f6e1a7771f2f2c24b38ffd79618a27_original.png?w=160&h=160&fit=crop&v=1461491803&auto=format&q=92&s=2f22a326d501783d438bcd5270959bca",
      "thumb": "https://ksr-ugc.imgix.net/assets/007/929/774/f1f6e1a7771f2f2c24b38ffd79618a27_original.png?w=40&h=40&fit=crop&v=1461491803&auto=format&q=92&s=9ab558210fb596894ce7ed86943163c3"
    },
    "id": 1327924934,
    "name": "Magzor",
    "slug": "magzor",
    "urls": {
      "api": {
        "user": "https://api.kickstarter.com/v1/users/1327924934?signature=1488679355.d6c561193f389098c34eae26a61439d0866e2f8e"
      },
      "web": {
        "user": "https://www.kickstarter.com/profile/magzor"
      }
    }
  },
  "currency": "USD",
  "currency_symbol": "$",
  "currency_trailing_code": true,
  "deadline": 1464191452,
  "disable_communication": false,
  "goal": 10000.0,
  "id": 1023984566,
  "launched_at": 1461599452,
  "location": {
    "country": "US",
    "displayable_name": "Westlake Village, CA",
    "id": 2518288,
    "is_root": false,
    "name": "Westlake Village",
    "short_name": "Westlake Village, CA",
    "slug": "westlake-village-ca",
    "state": "CA",
    "type": "Town",
    "urls": {
      "api": {
        "nearby_projects": "https://api.kickstarter.com/v1/discover?signature=1488668428.4f98eda87a089f3e582dbcbf8a92b91a87a1be71&woe_id=2518288"
      },
      "web": {
        "discover": "https://www.kickstarter.com/discover/places/westlake-village-ca",
        "location": "https://www.kickstarter.com/locations/westlake-village-ca"
      }
    }
  },
  "name": "Open Robotics Design Platform",
  "photo": {
    "1024x576": "https://ksr-ugc.imgix.net/assets/012/429/501/d04113da4d7d7d69adf3664a474d987f_original.png?w=1024&h=576&fit=fill&bg=56173D&v=1463760735&auto=format&q=92&s=d7ea29ab420664c9c11085e50c970bbe",
    "1536x864": "https://ksr-ugc.imgix.net/assets/012/429/501/d04113da4d7d7d69adf3664a474d987f_original.png?w=1536&h=864&fit=fill&bg=56173D&v=1463760735&auto=format&q=92&s=be72270e6a75cbb7e4cc37fabed09507",
    "ed": "https://ksr-ugc.imgix.net/assets/012/429/501/d04113da4d7d7d69adf3664a474d987f_original.png?w=338&h=190&fit=fill&bg=56173D&v=1463760735&auto=format&q=92&s=e9ea4f200f544b79721a7b10551a2573",
    "full": "https://ksr-ugc.imgix.net/assets/012/429/501/d04113da4d7d7d69adf3664a474d987f_original.png?w=560&h=315&fit=fill&bg=56173D&v=1463760735&auto=format&q=92&s=c0290ac001282e7fc90dbb0ef659a3e7",
    "key": "assets/012/429/501/d04113da4d7d7d69adf3664a474d987f_original.png",
    "little": "https://ksr-ugc.imgix.net/assets/012/429/501/d04113da4d7d7d69adf3664a474d987f_original.png?w=200&h=112&fit=fill&bg=56173D&v=1463760735&auto=format&q=92&s=d33c767e394b23dfd0dc56692280bd47",
    "med": "https://ksr-ugc.imgix.net/assets/012/429/501/d04113da4d7d7d69adf3664a474d987f_original.png?w=266&h=150&fit=fill&bg=56173D&v=1463760735&auto=format&q=92&s=2e7ef8f67e70704d2f74112f76d1bcb7",
    "small": "https://ksr-ugc.imgix.net/assets/012/429/501/d04113da4d7d7d69adf3664a474d987f_original.png?w=160&h=90&fit=fill&bg=56173D&v=1463760735&auto=format&q=92&s=214d11c8391c9e876376a72417c15273",
    "thumb": "https://ksr-ugc.imgix.net/assets/012/429/501/d04113da4d7d7d69adf3664a474d987f_original.png?w=40&h=22&fit=fill&bg=56173D&v=1463760735&auto=format&q=92&s=baf2a230b37754b19255bfec69c70e05"
  },
  "pledged": 2253.0,
  "profile": {
    "background_color": null,
    "background_image_opacity": 0.8,
    "blurb": null,
    "feature_image_attributes": {
      "image_urls": {
        "baseball_card": "https://ksr-ugc.imgix.net/assets/012/429/501/d04113da4d7d7d69adf3664a474d987f_original.png?w=1552&h=873&fit=fill&bg=56173D&v=1463760735&auto=format&q=92&s=605491a9f904ff2556af8f2135f6ba4f",
        "default": "https://ksr-ugc.imgix.net/assets/012/429/501/d04113da4d7d7d69adf3664a474d987f_original.png?w=1552&h=873&fit=fill&bg=56173D&v=1463760735&auto=format&q=92&s=605491a9f904ff2556af8f2135f6ba4f"
      }
    },
    "id": 2469859,
    "link_background_color": null,
    "link_text": null,
    "link_text_color": null,
    "link_url": null,
    "name": null,
    "project_id": 2469859,
    "should_show_feature_image_section": true,
    "show_feature_image": false,
    "state": "inactive",
    "state_changed_at": 1460586595,
    "text_color": null
  },
  "slug": "open-robotics-design-platform",
  "spotlight": false,
  "staff_pick": false,
  "state": "failed",
  "state_changed_at": 1464191452,
  "static_usd_rate": 1.0,
  "urls": {
    "web": {
      "project": "https://www.kickstarter.com/projects/magzor/open-robotics-design-platform?ref=category_newest",
      "rewards": "https://www.kickstarter.com/projects/magzor/open-robotics-design-platform/rewards"
    }
  },
  "usd_pledged": "2253.0"
}