{
  "backers_count": 5,
  "blurb": "Despite using old technology and no sponsor support, we beat 24 better-equipped teams to advance to the state finals. Please help us!",
  "category": {
    "color": 6526716,
    "id": 338,
    "name": "Robots",
    "parent_id": 16,
    "position": 10,
    "slug": "technology/robots",
    "urls": {
      "web": {
        "discover": "http://www.kickstarter.com/discover/categories/technology/robots"
      }
    }
  },
  "country": "US",
  "created_at": 1416768247,
  "creator": {
    "avatar": {
      "medium": "https://ksr-ugc.imgix.net/assets/009/373/073/a4612e7885fc993bf9c8ed04a491f598_original.jpg?w=160&h=160&fit=crop&v=1461587303&auto=format&q=92&s=1cc98302958a32c18e506438b41b7462",
      "small": "https://ksr-ugc.imgix.net/assets/009/373/073/a4612e7885fc993bf9c8ed04a491f598_original.jpg?w=160&h=160&fit=crop&v=1461587303&auto=format&q=92&s=1cc98302958a32c18e506438b41b7462",
      "thumb": "https://ksr-ugc.imgix.net/assets/009/373/073/a4612e7885fc993bf9c8ed04a491f598_original.jpg?w=40&h=40&fit=crop&v=1461587303&auto=format&q=92&s=01c1bd5ede8fd98e4e474b1010fc401a"
    },
    "id": 1246604364,
    "name": "Marshmallow Mavericks",
    "urls": {
      "api": {
        "user": "https://api.kickstarter.com/v1/users/1246604364?signature=1488680122.ee6eabeb07d3b4723b9e67b5cf2382c1e295bcce"
      },
      "web": {
        "user": "https://www.kickstarter.com/profile/1246604364"
      }
    }
  },
  "currency": "USD",
  "currency_symbol": "$",
  "currency_trailing_code": true,
  "deadline": 1420425977,
  "disable_communication": false,
  "goal": 4300.0,
  "id": 102363843,
  "launched_at": 1417833977,
  "location": {
    "country": "US",
    "displayable_name": "High Point, NC",
    "id": 2421250,
    "is_root": false,
    "name": "High Point",
    "short_name": "High Point, NC",
    "slug": "high-point-nc",
    "state": "NC",
    "type": "Town",
    "urls": {
      "api": {
        "nearby_projects": "https://api.kickstarter.com/v1/discover?signature=1488668422.8dd4107d7aa53c8db5d9150471af3da6d50bd8ad&woe_id=2421250"
      },
      "web": {
        "discover": "https://www.kickstarter.com/discover/places/high-point-nc",
        "location": "https://www.kickstarter.com/locations/high-point-nc"
      }
    }
  },
  "name": "Marshmallow Mavericks",
  "photo": {
    "1024x576": "https://ksr-ugc.imgix.net/assets/011/954/141/a4612e7885fc993bf9c8ed04a491f598_original.jpg?w=1024&h=576&fit=fill&bg=000000&v=1463718960&auto=format&q=92&s=d457b2e0a43f949318103792fcc5f5d2",
    "1536x864": "https://ksr-ugc.imgix.net/assets/011/954/141/a4612e7885fc993bf9c8ed04a491f598_original.jpg?w=1536&h=864&fit=fill&bg=000000&v=1463718960&auto=format&q=92&s=d0a5e261ca07c90063f8a9a537b65876",
    "ed": "https://ksr-ugc.imgix.net/assets/011/954/141/a4612e7885fc993bf9c8ed04a491f598_original.jpg?w=338&h=190&fit=fill&bg=000000&v=1463718960&auto=format&q=92&s=dcb370dba20aa72e3ce57cf61bb652c0",
    "full": "https://ksr-ugc.imgix.net/assets/011/954/141/a4612e7885fc993bf9c8ed04a491f598_original.jpg?w=560&h=315&fit=fill&bg=000000&v=1463718960&auto=format&q=92&s=bc058cf3c416b4254473a912f684c838",
    "key": "assets/011/954/141/a4612e7885fc993bf9c8ed04a491f598_original.jpg",
    "little": "https://ksr-ugc.imgix.net/assets/011/954/141/a4612e7885fc993bf9c8ed04a491f598_original.jpg?w=200&h=112&fit=fill&bg=000000&v=1463718960&auto=format&q=92&s=c64523627ed92686d88b6999c7585ad9",
    "med": "https://ksr-ugc.imgix.net/assets/011/954/141/a4612e7885fc993bf9c8ed04a491f598_original.jpg?w=266&h=150&fit=fill&bg=000000&v=1463718960&auto=format&q=92&s=ebc043bbd1c4d2d40e9272767f1fcbfe",
    "small": "https://ksr-ugc.imgix.net/assets/011/954/141/a4612e7885fc993bf9c8ed04a491f598_original.jpg?w=160&h=90&fit=fill&bg=000000&v=1463718960&auto=format&q=92&s=a76655e0ca5434a8b795d82b888d067b",
    "thumb": "https://ksr-ugc.imgix.net/assets/011/954/141/a4612e7885fc993bf9c8ed04a491f598_original.jpg?w=40&h=22&fit=fill&bg=000000&v=1463718960&auto=format&q=92&s=989a5e77518c4ad13ff05b9de6e6ebc1"
  },
  "pledged": 287.0,
  "profile": {
    "background_color": null,
    "background_image_opacity": 0.8,
    "blurb": null,
    "feature_image_attributes": {
      "image_urls": {
        "baseball_card": "https://ksr-ugc.imgix.net/assets/011/954/141/a4612e7885fc993bf9c8ed04a491f598_original.jpg?w=1552&h=873&fit=fill&bg=000000&v=1463718960&auto=format&q=92&s=5434580cb95be41ab9f3c21c877add8a",
        "default": "https://ksr-ugc.imgix.net/assets/011/954/141/a4612e7885fc993bf9c8ed04a491f598_original.jpg?w=1552&h=873&fit=fill&bg=000000&v=1463718960&auto=format&q=92&s=5434580cb95be41ab9f3c21c877add8a"
      }
    },
    "id": 1534029,
    "link_background_color": null,
    "link_text": null,
    "link_text_color": null,
    "link_url": null,
    "name": null,
    "project_id": 1534029,
    "should_show_feature_image_section": true,
    "show_feature_image": false,
    "state": "inactive",
    "state_changed_at": 1425915884,
    "text_color": null
  },
  "slug": "marshmallow-mavericks",
  "spotlight": false,
  "staff_pick": false,
  "state": "failed",
  "state_changed_at": 1420425977,
  "static_usd_rate": 1.0,
  "urls": {
    "web": {
      "project": "https://www.kickstarter.com/projects/1246604364/marshmallow-mavericks?ref=category_newest",
      "rewards": "https://www.kickstarter.com/projects/1246604364/marshmallow-mavericks/rewards"
    }
  },
  "usd_pledged": "287.0"
}