{
  "backers_count": 13,
  "blurb": "Helps you model scrum stories realistically, and graphs the minimum number of sprints required to complete them.",
  "category": {
    "color": 6526716,
    "id": 342,
    "name": "Web",
    "parent_id": 16,
    "position": 15,
    "slug": "technology/web",
    "urls": {
      "web": {
        "discover": "http://www.kickstarter.com/discover/categories/technology/web"
      }
    }
  },
  "country": "US",
  "created_at": 1406643843,
  "creator": {
    "avatar": {
      "medium": "https://ksr-ugc.imgix.net/assets/009/131/461/f281c1799e4d53147514da33a0991c7a_original.jpg?w=160&h=160&fit=crop&v=1461559736&auto=format&q=92&s=c2c337016f55deaf6c08081355a3bbc4",
      "small": "https://ksr-ugc.imgix.net/assets/009/131/461/f281c1799e4d53147514da33a0991c7a_original.jpg?w=160&h=160&fit=crop&v=1461559736&auto=format&q=92&s=c2c337016f55deaf6c08081355a3bbc4",
      "thumb": "https://ksr-ugc.imgix.net/assets/009/131/461/f281c1799e4d53147514da33a0991c7a_original.jpg?w=40&h=40&fit=crop&v=1461559736&auto=format&q=92&s=4b3a3d5c87afaab69c27e6c42a51dbb0"
    },
    "id": 1020691701,
    "name": "Lynn Elaine Jepsen",
    "urls": {
      "api": {
        "user": "https://api.kickstarter.com/v1/users/1020691701?signature=1488680714.43e51e9ac9554ca9bec67bcf257430272ae2f72b"
      },
      "web": {
        "user": "https://www.kickstarter.com/profile/1020691701"
      }
    }
  },
  "currency": "USD",
  "currency_symbol": "$",
  "currency_trailing_code": true,
  "deadline": 1410030936,
  "disable_communication": false,
  "goal": 13000.0,
  "id": 1023311842,
  "launched_at": 1407438936,
  "location": {
    "country": "US",
    "displayable_name": "Mountain View, CA",
    "id": 2455920,
    "is_root": false,
    "name": "Mountain View",
    "short_name": "Mountain View, CA",
    "slug": "mountain-view-santa-clara-ca",
    "state": "CA",
    "type": "Town",
    "urls": {
      "api": {
        "nearby_projects": "https://api.kickstarter.com/v1/discover?signature=1488668427.cc65ca2ee895b9ae613437ad26f64a92b2f7ecda&woe_id=2455920"
      },
      "web": {
        "discover": "https://www.kickstarter.com/discover/places/mountain-view-santa-clara-ca",
        "location": "https://www.kickstarter.com/locations/mountain-view-santa-clara-ca"
      }
    }
  },
  "name": "Hybrid Waterfall-Agile Scrum Planning",
  "photo": {
    "1024x576": "https://ksr-ugc.imgix.net/assets/011/811/797/b0409fec36a04ac53a864660c5e41f69_original.jpg?w=1024&h=576&fit=fill&bg=000000&v=1463698132&auto=format&q=92&s=dab4581620d58c1d7c2017bb7d0218f3",
    "1536x864": "https://ksr-ugc.imgix.net/assets/011/811/797/b0409fec36a04ac53a864660c5e41f69_original.jpg?w=1536&h=864&fit=fill&bg=000000&v=1463698132&auto=format&q=92&s=ca2df1b8111152cd3eceed6ff6ff3115",
    "ed": "https://ksr-ugc.imgix.net/assets/011/811/797/b0409fec36a04ac53a864660c5e41f69_original.jpg?w=338&h=190&fit=fill&bg=000000&v=1463698132&auto=format&q=92&s=198e785a278d22e4eb40a1124c9757b2",
    "full": "https://ksr-ugc.imgix.net/assets/011/811/797/b0409fec36a04ac53a864660c5e41f69_original.jpg?w=560&h=315&fit=fill&bg=000000&v=1463698132&auto=format&q=92&s=743b79aedaa9614fd1767a5c9a536d4d",
    "key": "assets/011/811/797/b0409fec36a04ac53a864660c5e41f69_original.jpg",
    "little": "https://ksr-ugc.imgix.net/assets/011/811/797/b0409fec36a04ac53a864660c5e41f69_original.jpg?w=200&h=112&fit=fill&bg=000000&v=1463698132&auto=format&q=92&s=4a9862f5ff55e3f0575e407eef9379c3",
    "med": "https://ksr-ugc.imgix.net/assets/011/811/797/b0409fec36a04ac53a864660c5e41f69_original.jpg?w=266&h=150&fit=fill&bg=000000&v=1463698132&auto=format&q=92&s=1f16ee4bfc44876e16e7acf3cfcdb7d1",
    "small": "https://ksr-ugc.imgix.net/assets/011/811/797/b0409fec36a04ac53a864660c5e41f69_original.jpg?w=160&h=90&fit=fill&bg=000000&v=1463698132&auto=format&q=92&s=46e2ef9b0cc2def9bb68f7e6e8ad69be",
    "thumb": "https://ksr-ugc.imgix.net/assets/011/811/797/b0409fec36a04ac53a864660c5e41f69_original.jpg?w=40&h=22&fit=fill&bg=000000&v=1463698132&auto=format&q=92&s=2f9070aaffea3fe0a053ecd910f9121b"
  },
  "pledged": 955.0,
  "profile": {
    "background_color": null,
    "background_image_opacity": 0.8,
    "blurb": null,
    "feature_image_attributes": {
      "image_urls": {
        "baseball_card": "https://ksr-ugc.imgix.net/assets/011/811/797/b0409fec36a04ac53a864660c5e41f69_original.jpg?w=1552&h=873&fit=fill&bg=000000&v=1463698132&auto=format&q=92&s=d57eb8100d0bf3c1557b7fcdbf44d663",
        "default": "https://ksr-ugc.imgix.net/assets/011/811/797/b0409fec36a04ac53a864660c5e41f69_original.jpg?w=1552&h=873&fit=fill&bg=000000&v=1463698132&auto=format&q=92&s=d57eb8100d0bf3c1557b7fcdbf44d663"
      }
    },
    "id": 1239084,
    "link_background_color": null,
    "link_text": null,
    "link_text_color": null,
    "link_url": null,
    "name": null,
    "project_id": 1239084,
    "should_show_feature_image_section": true,
    "show_feature_image": false,
    "state": "inactive",
    "state_changed_at": 1425915869,
    "text_color": null
  },
  "slug": "hybrid-waterfall-agile-scrum-planning",
  "spotlight": false,
  "staff_pick": false,
  "state": "failed",
  "state_changed_at": 1410030936,
  "static_usd_rate": 1.0,
  "urls": {
    "web": {
      "project": "https://www.kickstarter.com/projects/1020691701/hybrid-waterfall-agile-scrum-planning?ref=category_newest",
      "rewards": "https://www.kickstarter.com/projects/1020691701/hybrid-waterfall-agile-scrum-planning/rewards"
    }
  },
  "usd_pledged": "955.0"
}