{
  "backers_count": 315,
  "blurb": "Next generation, leather wallet designed with built-in Bluetooth BLE & GPS tracker, and a 1000 mAh battery for charging on the go.",
  "category": {
    "color": 6526716,
    "id": 52,
    "name": "Hardware",
    "parent_id": 16,
    "position": 8,
    "slug": "technology/hardware",
    "urls": {
      "web": {
        "discover": "http://www.kickstarter.com/discover/categories/technology/hardware"
      }
    }
  },
  "country": "US",
  "created_at": 1390925698,
  "creator": {
    "avatar": {
      "medium": "https://ksr-ugc.imgix.net/assets/008/365/764/247d4fbc1a843c83b46538663aa70b89_original.jpg?w=160&h=160&fit=crop&v=1461519802&auto=format&q=92&s=b9aee9b60dcd7986b16fd7ca26701dbb",
      "small": "https://ksr-ugc.imgix.net/assets/008/365/764/247d4fbc1a843c83b46538663aa70b89_original.jpg?w=160&h=160&fit=crop&v=1461519802&auto=format&q=92&s=b9aee9b60dcd7986b16fd7ca26701dbb",
      "thumb": "https://ksr-ugc.imgix.net/assets/008/365/764/247d4fbc1a843c83b46538663aa70b89_original.jpg?w=40&h=40&fit=crop&v=1461519802&auto=format&q=92&s=b39f34e18b3ea34697bb49b3d05096bd"
    },
    "id": 1361917084,
    "name": "StreetSmart Brand",
    "urls": {
      "api": {
        "user": "https://api.kickstarter.com/v1/users/1361917084?signature=1488679777.5f4fa4de69b189c634880c8c520a87ca669d045d"
      },
      "web": {
        "user": "https://www.kickstarter.com/profile/1361917084"
      }
    }
  },
  "currency": "USD",
  "currency_symbol": "$",
  "currency_trailing_code": true,
  "deadline": 1410141791,
  "disable_communication": false,
  "goal": 35000.0,
  "id": 1023770351,
  "launched_at": 1407290591,
  "location": {
    "country": "US",
    "displayable_name": "Boston, MA",
    "id": 2367105,
    "is_root": false,
    "name": "Boston",
    "short_name": "Boston, MA",
    "slug": "boston-ma",
    "state": "MA",
    "type": "Town",
    "urls": {
      "api": {
        "nearby_projects": "https://api.kickstarter.com/v1/discover?signature=1488668420.9055e4addaba42362cc2bab4d4e8a8bac27eb16c&woe_id=2367105"
      },
      "web": {
        "discover": "https://www.kickstarter.com/discover/places/boston-ma",
        "location": "https://www.kickstarter.com/locations/boston-ma"
      }
    }
  },
  "name": "Smart Wallet: Locator & Charger a Fashionable Tech Accessory",
  "photo": {
    "1024x576": "https://ksr-ugc.imgix.net/assets/011/642/974/77ab0c483969ba14fdb22df298e4aea3_original.jpg?w=1024&h=576&fit=fill&bg=14100F&v=1463686129&auto=format&q=92&s=bf88b6145e8242b427e4c1a6d9d063ab",
    "1536x864": "https://ksr-ugc.imgix.net/assets/011/642/974/77ab0c483969ba14fdb22df298e4aea3_original.jpg?w=1536&h=864&fit=fill&bg=14100F&v=1463686129&auto=format&q=92&s=e6ee4eca79d6ec349a61d8d757607db9",
    "ed": "https://ksr-ugc.imgix.net/assets/011/642/974/77ab0c483969ba14fdb22df298e4aea3_original.jpg?w=338&h=190&fit=fill&bg=14100F&v=1463686129&auto=format&q=92&s=b96ee881db17985f0c3796383e01dc3f",
    "full": "https://ksr-ugc.imgix.net/assets/011/642/974/77ab0c483969ba14fdb22df298e4aea3_original.jpg?w=560&h=315&fit=fill&bg=14100F&v=1463686129&auto=format&q=92&s=b856f798cecc8bfca1a1861030a02885",
    "key": "assets/011/642/974/77ab0c483969ba14fdb22df298e4aea3_original.jpg",
    "little": "https://ksr-ugc.imgix.net/assets/011/642/974/77ab0c483969ba14fdb22df298e4aea3_original.jpg?w=200&h=112&fit=fill&bg=14100F&v=1463686129&auto=format&q=92&s=4bb583e77daa4e61fe29abeb5d63fb99",
    "med": "https://ksr-ugc.imgix.net/assets/011/642/974/77ab0c483969ba14fdb22df298e4aea3_original.jpg?w=266&h=150&fit=fill&bg=14100F&v=1463686129&auto=format&q=92&s=e6350d94a81b70a2c1b0209bb05619c8",
    "small": "https://ksr-ugc.imgix.net/assets/011/642/974/77ab0c483969ba14fdb22df298e4aea3_original.jpg?w=160&h=90&fit=fill&bg=14100F&v=1463686129&auto=format&q=92&s=49fd7c08804f791ede8ec26e68ff4e4d",
    "thumb": "https://ksr-ugc.imgix.net/assets/011/642/974/77ab0c483969ba14fdb22df298e4aea3_original.jpg?w=40&h=22&fit=fill&bg=14100F&v=1463686129&auto=format&q=92&s=c84806df9990c46ed408458083608b08"
  },
  "pledged": 36237.0,
  "profile": {
    "background_color": null,
    "background_image_opacity": 0.8,
    "blurb": null,
    "feature_image_attributes": {
      "image_urls": {
        "baseball_card": "https://ksr-ugc.imgix.net/assets/011/642/974/77ab0c483969ba14fdb22df298e4aea3_original.jpg?w=1552&h=873&fit=fill&bg=14100F&v=1463686129&auto=format&q=92&s=21118b171708adc1a881164c6d3fa9fb",
        "default": "https://ksr-ugc.imgix.net/assets/011/642/974/77ab0c483969ba14fdb22df298e4aea3_original.jpg?w=1552&h=873&fit=fill&bg=14100F&v=1463686129&auto=format&q=92&s=21118b171708adc1a881164c6d3fa9fb"
      }
    },
    "id": 867646,
    "link_background_color": null,
    "link_text": null,
    "link_text_color": null,
    "link_url": null,
    "name": null,
    "project_id": 867646,
    "should_show_feature_image_section": true,
    "show_feature_image": false,
    "state": "inactive",
    "state_changed_at": 1425915847,
    "text_color": null
  },
  "slug": "smartwallet-tracker-and-battery-in-a-high-fashion",
  "spotlight": true,
  "staff_pick": false,
  "state": "successful",
  "state_changed_at": 1410141792,
  "static_usd_rate": 1.0,
  "urls": {
    "web": {
      "project": "https://www.kickstarter.com/projects/1361917084/smartwallet-tracker-and-battery-in-a-high-fashion?ref=category_newest",
      "rewards": "https://www.kickstarter.com/projects/1361917084/smartwallet-tracker-and-battery-in-a-high-fashion/rewards"
    }
  },
  "usd_pledged": "36237.0"
}