{
  "backers_count": 192,
  "blurb": "A game-changing new solar car design in a 3000km solar marathon across Australia. Support Cambridge University Eco Racing.",
  "category": {
    "color": 6526716,
    "id": 16,
    "name": "Technology",
    "position": 14,
    "slug": "technology",
    "urls": {
      "web": {
        "discover": "http://www.kickstarter.com/discover/categories/technology"
      }
    }
  },
  "country": "GB",
  "created_at": 1353367422,
  "creator": {
    "avatar": {
      "medium": "https://ksr-ugc.imgix.net/assets/007/088/668/92ed0ddd9eea4ba16c8a4aa5bb96b3fe_original.jpg?w=160&h=160&fit=crop&v=1461433831&auto=format&q=92&s=bf228efffd990097b20763b9ea130dba",
      "small": "https://ksr-ugc.imgix.net/assets/007/088/668/92ed0ddd9eea4ba16c8a4aa5bb96b3fe_original.jpg?w=160&h=160&fit=crop&v=1461433831&auto=format&q=92&s=bf228efffd990097b20763b9ea130dba",
      "thumb": "https://ksr-ugc.imgix.net/assets/007/088/668/92ed0ddd9eea4ba16c8a4aa5bb96b3fe_original.jpg?w=40&h=40&fit=crop&v=1461433831&auto=format&q=92&s=d3a0e8311b51b66c1b2e419a1876ddbd"
    },
    "id": 704143762,
    "name": "CUER",
    "urls": {
      "api": {
        "user": "https://api.kickstarter.com/v1/users/704143762?signature=1488678156.60d3912786edc67edf1e3bd6619d29d8c5c3f46e"
      },
      "web": {
        "user": "https://www.kickstarter.com/profile/704143762"
      }
    }
  },
  "currency": "GBP",
  "currency_symbol": "\u00a3",
  "currency_trailing_code": false,
  "deadline": 1357430400,
  "disable_communication": false,
  "goal": 10000.0,
  "id": 1023720141,
  "launched_at": 1354059725,
  "location": {
    "country": "GB",
    "displayable_name": "Cambridge, UK",
    "id": 14979,
    "is_root": false,
    "name": "Cambridge",
    "short_name": "Cambridge, UK",
    "slug": "cambridge-cambridge-city-gb",
    "state": "England",
    "type": "Town",
    "urls": {
      "api": {
        "nearby_projects": "https://api.kickstarter.com/v1/discover?signature=1488668423.19027d3c675ec51a9370fb1a8ee45ad68dabaa61&woe_id=14979"
      },
      "web": {
        "discover": "https://www.kickstarter.com/discover/places/cambridge-cambridge-city-gb",
        "location": "https://www.kickstarter.com/locations/cambridge-cambridge-city-gb"
      }
    }
  },
  "name": "CUER: the UK's number one solar car team",
  "photo": {
    "1024x576": "https://ksr-ugc.imgix.net/assets/011/452/476/ba42fce0604905e907003b7204db6332_original.jpg?w=1024&h=576&fit=fill&bg=000000&v=1463682926&auto=format&q=92&s=151d521b636dd8069d70b671923f1d43",
    "1536x864": "https://ksr-ugc.imgix.net/assets/011/452/476/ba42fce0604905e907003b7204db6332_original.jpg?w=1536&h=864&fit=fill&bg=000000&v=1463682926&auto=format&q=92&s=59ceb209a23e1b026e896a1cb5cd1ba1",
    "ed": "https://ksr-ugc.imgix.net/assets/011/452/476/ba42fce0604905e907003b7204db6332_original.jpg?w=338&h=190&fit=fill&bg=000000&v=1463682926&auto=format&q=92&s=52bf4cc3a958d11827bf30d01a7f3cff",
    "full": "https://ksr-ugc.imgix.net/assets/011/452/476/ba42fce0604905e907003b7204db6332_original.jpg?w=560&h=315&fit=fill&bg=000000&v=1463682926&auto=format&q=92&s=1f14512fb119256ac7a0d71878b8ba6a",
    "key": "assets/011/452/476/ba42fce0604905e907003b7204db6332_original.jpg",
    "little": "https://ksr-ugc.imgix.net/assets/011/452/476/ba42fce0604905e907003b7204db6332_original.jpg?w=200&h=112&fit=fill&bg=000000&v=1463682926&auto=format&q=92&s=85dffb81440cd64d787ba9ff907ca648",
    "med": "https://ksr-ugc.imgix.net/assets/011/452/476/ba42fce0604905e907003b7204db6332_original.jpg?w=266&h=150&fit=fill&bg=000000&v=1463682926&auto=format&q=92&s=1cb80128283d040a4631c741efadb7f5",
    "small": "https://ksr-ugc.imgix.net/assets/011/452/476/ba42fce0604905e907003b7204db6332_original.jpg?w=160&h=90&fit=fill&bg=000000&v=1463682926&auto=format&q=92&s=e749c7ccf1472979af509fb0ece8a9d0",
    "thumb": "https://ksr-ugc.imgix.net/assets/011/452/476/ba42fce0604905e907003b7204db6332_original.jpg?w=40&h=22&fit=fill&bg=000000&v=1463682926&auto=format&q=92&s=2b35a832750cb34764ec2bc779a162af"
  },
  "pledged": 10524.1,
  "profile": {
    "background_color": null,
    "background_image_opacity": 0.8,
    "blurb": null,
    "feature_image_attributes": {
      "image_urls": {
        "baseball_card": "https://ksr-ugc.imgix.net/assets/011/452/476/ba42fce0604905e907003b7204db6332_original.jpg?w=1552&h=873&fit=fill&bg=000000&v=1463682926&auto=format&q=92&s=a9e9ab32ced796cb0a2e01632ebb3db6",
        "default": "https://ksr-ugc.imgix.net/assets/011/452/476/ba42fce0604905e907003b7204db6332_original.jpg?w=1552&h=873&fit=fill&bg=000000&v=1463682926&auto=format&q=92&s=a9e9ab32ced796cb0a2e01632ebb3db6"
      }
    },
    "id": 404785,
    "link_background_color": null,
    "link_text": null,
    "link_text_color": null,
    "link_url": null,
    "name": null,
    "project_id": 404785,
    "should_show_feature_image_section": true,
    "show_feature_image": false,
    "state": "inactive",
    "state_changed_at": 1425915822,
    "text_color": null
  },
  "slug": "cuer-the-uks-number-one-solar-car-team",
  "spotlight": true,
  "staff_pick": false,
  "state": "successful",
  "state_changed_at": 1357430431,
  "static_usd_rate": 1.60229449,
  "urls": {
    "web": {
      "project": "https://www.kickstarter.com/projects/704143762/cuer-the-uks-number-one-solar-car-team?ref=category_most_funded",
      "rewards": "https://www.kickstarter.com/projects/704143762/cuer-the-uks-number-one-solar-car-team/rewards"
    }
  },
  "usd_pledged": "16862.707442209"
}