{
  "backers_count": 0,
  "blurb": "Do not miss nothing of your trip ... I just have a smartphone ... www.paesechevai.org the journey begin.",
  "category": {
    "color": 6526716,
    "id": 342,
    "name": "Web",
    "parent_id": 16,
    "position": 15,
    "slug": "technology/web",
    "urls": {
      "web": {
        "discover": "http://www.kickstarter.com/discover/categories/technology/web"
      }
    }
  },
  "country": "IT",
  "created_at": 1486151201,
  "creator": {
    "avatar": {
      "medium": "https://ksr-ugc.imgix.net/assets/015/397/667/00efd68b1518d5fd55088f74636f6c9a_original.jpg?w=160&h=160&fit=crop&v=1486251523&auto=format&q=92&s=daa36571f2da194c601f4b102ff01228",
      "small": "https://ksr-ugc.imgix.net/assets/015/397/667/00efd68b1518d5fd55088f74636f6c9a_original.jpg?w=160&h=160&fit=crop&v=1486251523&auto=format&q=92&s=daa36571f2da194c601f4b102ff01228",
      "thumb": "https://ksr-ugc.imgix.net/assets/015/397/667/00efd68b1518d5fd55088f74636f6c9a_original.jpg?w=40&h=40&fit=crop&v=1486251523&auto=format&q=92&s=3a690e2b3b951e2c401a530506f952a2"
    },
    "id": 1599313514,
    "name": "Roberto Salis",
    "urls": {
      "api": {
        "user": "https://api.kickstarter.com/v1/users/1599313514?signature=1488680657.d36e45925748c31583d6f89e8d37d83e842062c2"
      },
      "web": {
        "user": "https://www.kickstarter.com/profile/1599313514"
      }
    }
  },
  "currency": "EUR",
  "currency_symbol": "\u20ac",
  "currency_trailing_code": false,
  "deadline": 1491672696,
  "disable_communication": false,
  "goal": 5000.0,
  "id": 1024979956,
  "launched_at": 1486492296,
  "location": {
    "country": "IT",
    "displayable_name": "Italia, Italy",
    "id": 20150549,
    "is_root": false,
    "name": "Italia",
    "short_name": "Italia, Italy",
    "slug": "italia-turin-it",
    "state": "Piedmont",
    "type": "Suburb",
    "urls": {
      "api": {
        "nearby_projects": "https://api.kickstarter.com/v1/discover?signature=1488668431.2783e4e99df6705efcf1b3f7c336cbea482d9916&woe_id=20150549"
      },
      "web": {
        "discover": "https://www.kickstarter.com/discover/places/italia-turin-it",
        "location": "https://www.kickstarter.com/locations/italia-turin-it"
      }
    }
  },
  "name": "PAESECHEVAI THE WEB SITE AND THE APP",
  "photo": {
    "1024x576": "https://ksr-ugc.imgix.net/assets/015/387/628/2f60113c4dbed3511458f0b3b20a7dd9_original.jpg?w=1024&h=576&fit=fill&bg=000000&v=1486151219&auto=format&q=92&s=4b74a5774917c87face5c8fea33cd352",
    "1536x864": "https://ksr-ugc.imgix.net/assets/015/387/628/2f60113c4dbed3511458f0b3b20a7dd9_original.jpg?w=1536&h=864&fit=fill&bg=000000&v=1486151219&auto=format&q=92&s=60f0379a84e100763952446307caf0c8",
    "ed": "https://ksr-ugc.imgix.net/assets/015/387/628/2f60113c4dbed3511458f0b3b20a7dd9_original.jpg?w=338&h=190&fit=fill&bg=000000&v=1486151219&auto=format&q=92&s=06cdf7a3bdbd6ac1a2c9332a0e9bb4fc",
    "full": "https://ksr-ugc.imgix.net/assets/015/387/628/2f60113c4dbed3511458f0b3b20a7dd9_original.jpg?w=560&h=315&fit=fill&bg=000000&v=1486151219&auto=format&q=92&s=c57fbd4de96e7773b674ae05c9677cc9",
    "key": "assets/015/387/628/2f60113c4dbed3511458f0b3b20a7dd9_original.jpg",
    "little": "https://ksr-ugc.imgix.net/assets/015/387/628/2f60113c4dbed3511458f0b3b20a7dd9_original.jpg?w=200&h=112&fit=fill&bg=000000&v=1486151219&auto=format&q=92&s=90491aefc3bd16fd6de50c711659210f",
    "med": "https://ksr-ugc.imgix.net/assets/015/387/628/2f60113c4dbed3511458f0b3b20a7dd9_original.jpg?w=266&h=150&fit=fill&bg=000000&v=1486151219&auto=format&q=92&s=8becc4b1bb27116a19000bd1f1e16f01",
    "small": "https://ksr-ugc.imgix.net/assets/015/387/628/2f60113c4dbed3511458f0b3b20a7dd9_original.jpg?w=160&h=90&fit=fill&bg=000000&v=1486151219&auto=format&q=92&s=7c0f085bdc6aa8bfdd881a0511e430b3",
    "thumb": "https://ksr-ugc.imgix.net/assets/015/387/628/2f60113c4dbed3511458f0b3b20a7dd9_original.jpg?w=40&h=22&fit=fill&bg=000000&v=1486151219&auto=format&q=92&s=ba2098bd003a0b9635d4eac95ebe4025"
  },
  "pledged": 0.0,
  "profile": {
    "background_color": null,
    "background_image_opacity": 0.8,
    "blurb": null,
    "feature_image_attributes": {
      "image_urls": {
        "baseball_card": "https://ksr-ugc.imgix.net/assets/015/387/628/2f60113c4dbed3511458f0b3b20a7dd9_original.jpg?w=1552&h=873&fit=fill&bg=000000&v=1486151219&auto=format&q=92&s=f86a8ac947dff5bf010fe6d38b5eb698",
        "default": "https://ksr-ugc.imgix.net/assets/015/387/628/2f60113c4dbed3511458f0b3b20a7dd9_original.jpg?w=1552&h=873&fit=fill&bg=000000&v=1486151219&auto=format&q=92&s=f86a8ac947dff5bf010fe6d38b5eb698"
      }
    },
    "id": 2864236,
    "link_background_color": null,
    "link_text": null,
    "link_text_color": null,
    "link_url": null,
    "name": null,
    "project_id": 2864236,
    "should_show_feature_image_section": true,
    "show_feature_image": false,
    "state": "inactive",
    "state_changed_at": 1486151201,
    "text_color": null
  },
  "slug": "paesechevai-the-web-site-and-the-app",
  "spotlight": false,
  "staff_pick": false,
  "state": "live",
  "state_changed_at": 1486492296,
  "static_usd_rate": 1.07754441,
  "urls": {
    "web": {
      "project": "https://www.kickstarter.com/projects/1599313514/paesechevai-the-web-site-and-the-app?ref=category_newest",
      "rewards": "https://www.kickstarter.com/projects/1599313514/paesechevai-the-web-site-and-the-app/rewards"
    }
  },
  "usd_pledged": "0.0"
}