{
  "backers_count": 4,
  "blurb": "A membership supported facility for Makers, Techies, Inventors, and Craftspeople in Edmonton Alberta.  Learn, Explore, Create.",
  "category": {
    "color": 6526716,
    "id": 362,
    "name": "Makerspaces",
    "parent_id": 16,
    "position": 9,
    "slug": "technology/makerspaces",
    "urls": {
      "web": {
        "discover": "http://www.kickstarter.com/discover/categories/technology/makerspaces"
      }
    }
  },
  "country": "CA",
  "created_at": 1425103521,
  "creator": {
    "avatar": {
      "medium": "https://ksr-ugc.imgix.net/assets/009/633/798/ba1df7531b625c9d59c1aba6d1640878_original.jpg?w=160&h=160&fit=crop&v=1461609098&auto=format&q=92&s=733f2be74551cf68145bc0532adfc14c",
      "small": "https://ksr-ugc.imgix.net/assets/009/633/798/ba1df7531b625c9d59c1aba6d1640878_original.jpg?w=160&h=160&fit=crop&v=1461609098&auto=format&q=92&s=733f2be74551cf68145bc0532adfc14c",
      "thumb": "https://ksr-ugc.imgix.net/assets/009/633/798/ba1df7531b625c9d59c1aba6d1640878_original.jpg?w=40&h=40&fit=crop&v=1461609098&auto=format&q=92&s=06cbfcee800feb5bc3f3556a43724271"
    },
    "id": 732606080,
    "name": "William Steed",
    "urls": {
      "api": {
        "user": "https://api.kickstarter.com/v1/users/732606080?signature=1488680080.810ea93fb02f8823f88194490f85bbe454f2db69"
      },
      "web": {
        "user": "https://www.kickstarter.com/profile/732606080"
      }
    }
  },
  "currency": "CAD",
  "currency_symbol": "$",
  "currency_trailing_code": true,
  "deadline": 1427925264,
  "disable_communication": false,
  "goal": 100000.0,
  "id": 1024059270,
  "launched_at": 1425336864,
  "location": {
    "country": "CA",
    "displayable_name": "Edmonton, Canada",
    "id": 8676,
    "is_root": false,
    "name": "Edmonton",
    "short_name": "Edmonton, Canada",
    "slug": "edmonton-ca",
    "state": "AB",
    "type": "Town",
    "urls": {
      "api": {
        "nearby_projects": "https://api.kickstarter.com/v1/discover?signature=1488668422.f79970eb8e3ee5bee7cd2167fb8f8aa83aa6315e&woe_id=8676"
      },
      "web": {
        "discover": "https://www.kickstarter.com/discover/places/edmonton-ca",
        "location": "https://www.kickstarter.com/locations/edmonton-ca"
      }
    }
  },
  "name": "Imagination Studio",
  "photo": {
    "1024x576": "https://ksr-ugc.imgix.net/assets/012/053/264/8b4873129f2293dde5609ef9c487367b_original.jpg?w=1024&h=576&fit=fill&bg=000000&v=1463727663&auto=format&q=92&s=fcf6e97619b527bd3dd7e24b03a54e58",
    "1536x864": "https://ksr-ugc.imgix.net/assets/012/053/264/8b4873129f2293dde5609ef9c487367b_original.jpg?w=1536&h=864&fit=fill&bg=000000&v=1463727663&auto=format&q=92&s=8628dac67bc04d3f6d46a83021cd68bd",
    "ed": "https://ksr-ugc.imgix.net/assets/012/053/264/8b4873129f2293dde5609ef9c487367b_original.jpg?w=338&h=190&fit=fill&bg=000000&v=1463727663&auto=format&q=92&s=7766a3d2636e56cec3c9ceaed178b0a4",
    "full": "https://ksr-ugc.imgix.net/assets/012/053/264/8b4873129f2293dde5609ef9c487367b_original.jpg?w=560&h=315&fit=fill&bg=000000&v=1463727663&auto=format&q=92&s=03c588567d62a3185efb176544de5633",
    "key": "assets/012/053/264/8b4873129f2293dde5609ef9c487367b_original.jpg",
    "little": "https://ksr-ugc.imgix.net/assets/012/053/264/8b4873129f2293dde5609ef9c487367b_original.jpg?w=200&h=112&fit=fill&bg=000000&v=1463727663&auto=format&q=92&s=482f151446da785ebbae0098359bba98",
    "med": "https://ksr-ugc.imgix.net/assets/012/053/264/8b4873129f2293dde5609ef9c487367b_original.jpg?w=266&h=150&fit=fill&bg=000000&v=1463727663&auto=format&q=92&s=952c69ea59f4ce0d2238c2b9ff592c2d",
    "small": "https://ksr-ugc.imgix.net/assets/012/053/264/8b4873129f2293dde5609ef9c487367b_original.jpg?w=160&h=90&fit=fill&bg=000000&v=1463727663&auto=format&q=92&s=1d03fe65390e03d653a8c5a4a0f17c80",
    "thumb": "https://ksr-ugc.imgix.net/assets/012/053/264/8b4873129f2293dde5609ef9c487367b_original.jpg?w=40&h=22&fit=fill&bg=000000&v=1463727663&auto=format&q=92&s=334551f8800493c290a73976c8ff1981"
  },
  "pledged": 256.0,
  "profile": {
    "background_color": null,
    "background_image_opacity": 0.8,
    "blurb": null,
    "feature_image_attributes": {
      "image_urls": {
        "baseball_card": "https://ksr-ugc.imgix.net/assets/012/053/264/8b4873129f2293dde5609ef9c487367b_original.jpg?w=1552&h=873&fit=fill&bg=000000&v=1463727663&auto=format&q=92&s=3a98820a112c62ec67a247f067d0fd59",
        "default": "https://ksr-ugc.imgix.net/assets/012/053/264/8b4873129f2293dde5609ef9c487367b_original.jpg?w=1552&h=873&fit=fill&bg=000000&v=1463727663&auto=format&q=92&s=3a98820a112c62ec67a247f067d0fd59"
      }
    },
    "id": 1737976,
    "link_background_color": null,
    "link_text": null,
    "link_text_color": null,
    "link_url": null,
    "name": null,
    "project_id": 1737976,
    "should_show_feature_image_section": true,
    "show_feature_image": false,
    "state": "inactive",
    "state_changed_at": 1425915895,
    "text_color": null
  },
  "slug": "imagination-studio",
  "spotlight": false,
  "staff_pick": false,
  "state": "failed",
  "state_changed_at": 1427925267,
  "static_usd_rate": 0.79937329,
  "urls": {
    "web": {
      "project": "https://www.kickstarter.com/projects/732606080/imagination-studio?ref=category_newest",
      "rewards": "https://www.kickstarter.com/projects/732606080/imagination-studio/rewards"
    }
  },
  "usd_pledged": "204.63956224"
}