{
  "backers_count": 3,
  "blurb": "Original 3d scanner for scanning any objects and converting them to any popular formats (.3ds, .3dm, .obj, .blend, .c4d)",
  "category": {
    "color": 6526716,
    "id": 331,
    "name": "3D Printing",
    "parent_id": 16,
    "position": 1,
    "slug": "technology/3d printing",
    "urls": {
      "web": {
        "discover": "http://www.kickstarter.com/discover/categories/technology/3d%20printing"
      }
    }
  },
  "country": "US",
  "created_at": 1432564010,
  "creator": {
    "avatar": {
      "medium": "https://ksr-ugc.imgix.net/assets/009/926/288/61cd9a43748f75b94541da63b3a1b6ae_original.png?w=160&h=160&fit=crop&v=1461653304&auto=format&q=92&s=3a797fdfb310e73be0b21f43d90c8492",
      "small": "https://ksr-ugc.imgix.net/assets/009/926/288/61cd9a43748f75b94541da63b3a1b6ae_original.png?w=160&h=160&fit=crop&v=1461653304&auto=format&q=92&s=3a797fdfb310e73be0b21f43d90c8492",
      "thumb": "https://ksr-ugc.imgix.net/assets/009/926/288/61cd9a43748f75b94541da63b3a1b6ae_original.png?w=40&h=40&fit=crop&v=1461653304&auto=format&q=92&s=f9b2e753ef052a5a11ae2f271cb305de"
    },
    "id": 322296539,
    "name": "Zippo",
    "slug": "armata",
    "urls": {
      "api": {
        "user": "https://api.kickstarter.com/v1/users/322296539?signature=1488678772.c0da0f232100c6050876521e54360fd23dee5862"
      },
      "web": {
        "user": "https://www.kickstarter.com/profile/armata"
      }
    }
  },
  "currency": "USD",
  "currency_symbol": "$",
  "currency_trailing_code": true,
  "deadline": 1439546215,
  "disable_communication": false,
  "goal": 110000.0,
  "id": 1024321283,
  "launched_at": 1434362215,
  "location": {
    "country": "RU",
    "displayable_name": "Moscow, Russia",
    "id": 2122265,
    "is_root": false,
    "name": "Moscow",
    "short_name": "Moscow, Russia",
    "slug": "moscow-ru",
    "state": "Moscow Federal City",
    "type": "Town",
    "urls": {
      "api": {
        "nearby_projects": "https://api.kickstarter.com/v1/discover?signature=1488668423.d23ec52485b4778ebd6a28ecc5b0069a0f213342&woe_id=2122265"
      },
      "web": {
        "discover": "https://www.kickstarter.com/discover/places/moscow-ru",
        "location": "https://www.kickstarter.com/locations/moscow-ru"
      }
    }
  },
  "name": "3D scanner",
  "photo": {
    "1024x576": "https://ksr-ugc.imgix.net/assets/012/148/341/a2287a5cf34e5fbe2afe961e15a6f932_original.jpg?w=1024&h=576&fit=fill&bg=000000&v=1463738664&auto=format&q=92&s=9ff7c7721847094a5b278eabf0465aba",
    "1536x864": "https://ksr-ugc.imgix.net/assets/012/148/341/a2287a5cf34e5fbe2afe961e15a6f932_original.jpg?w=1536&h=864&fit=fill&bg=000000&v=1463738664&auto=format&q=92&s=918f4def877dce3867252876c53d59da",
    "ed": "https://ksr-ugc.imgix.net/assets/012/148/341/a2287a5cf34e5fbe2afe961e15a6f932_original.jpg?w=338&h=190&fit=fill&bg=000000&v=1463738664&auto=format&q=92&s=aa4b6a69ddd2642d101042ace3975462",
    "full": "https://ksr-ugc.imgix.net/assets/012/148/341/a2287a5cf34e5fbe2afe961e15a6f932_original.jpg?w=560&h=315&fit=fill&bg=000000&v=1463738664&auto=format&q=92&s=9f3a5def2ea3fc0c9387958ba3d7e088",
    "key": "assets/012/148/341/a2287a5cf34e5fbe2afe961e15a6f932_original.jpg",
    "little": "https://ksr-ugc.imgix.net/assets/012/148/341/a2287a5cf34e5fbe2afe961e15a6f932_original.jpg?w=200&h=112&fit=fill&bg=000000&v=1463738664&auto=format&q=92&s=32091acdf8008af015bf2c358e09d7b8",
    "med": "https://ksr-ugc.imgix.net/assets/012/148/341/a2287a5cf34e5fbe2afe961e15a6f932_original.jpg?w=266&h=150&fit=fill&bg=000000&v=1463738664&auto=format&q=92&s=14b0995f10dbb4de09d11d39c3af4750",
    "small": "https://ksr-ugc.imgix.net/assets/012/148/341/a2287a5cf34e5fbe2afe961e15a6f932_original.jpg?w=160&h=90&fit=fill&bg=000000&v=1463738664&auto=format&q=92&s=4d7b80456cc8221597b74e870a0811e5",
    "thumb": "https://ksr-ugc.imgix.net/assets/012/148/341/a2287a5cf34e5fbe2afe961e15a6f932_original.jpg?w=40&h=22&fit=fill&bg=000000&v=1463738664&auto=format&q=92&s=47f28ec6fe18f90a03e643b7d8b73620"
  },
  "pledged": 16.0,
  "profile": {
    "background_color": null,
    "background_image_opacity": 0.8,
    "blurb": null,
    "feature_image_attributes": {
      "image_urls": {
        "baseball_card": "https://ksr-ugc.imgix.net/assets/012/148/341/a2287a5cf34e5fbe2afe961e15a6f932_original.jpg?w=1552&h=873&fit=fill&bg=000000&v=1463738664&auto=format&q=92&s=1043a7609bea11c0cd1c3eb13cceeed8",
        "default": "https://ksr-ugc.imgix.net/assets/012/148/341/a2287a5cf34e5fbe2afe961e15a6f932_original.jpg?w=1552&h=873&fit=fill&bg=000000&v=1463738664&auto=format&q=92&s=1043a7609bea11c0cd1c3eb13cceeed8"
      }
    },
    "id": 1920110,
    "link_background_color": null,
    "link_text": null,
    "link_text_color": null,
    "link_url": null,
    "name": null,
    "project_id": 1920110,
    "should_show_feature_image_section": true,
    "show_feature_image": false,
    "state": "inactive",
    "state_changed_at": 1432564010,
    "text_color": null
  },
  "slug": "3d-scanner-from-russia",
  "spotlight": false,
  "staff_pick": false,
  "state": "failed",
  "state_changed_at": 1439546215,
  "static_usd_rate": 1.0,
  "urls": {
    "web": {
      "project": "https://www.kickstarter.com/projects/armata/3d-scanner-from-russia?ref=category_newest",
      "rewards": "https://www.kickstarter.com/projects/armata/3d-scanner-from-russia/rewards"
    }
  },
  "usd_pledged": "16.0"
}