{
  "backers_count": 0,
  "blurb": "A FREE Computer app that will make real estate transactions safe, fun and EZ. Save thousands instantly.  So simple a child can do it!",
  "category": {
    "color": 6526716,
    "id": 332,
    "name": "Apps",
    "parent_id": 16,
    "position": 2,
    "slug": "technology/apps",
    "urls": {
      "web": {
        "discover": "http://www.kickstarter.com/discover/categories/technology/apps"
      }
    }
  },
  "country": "US",
  "created_at": 1407159826,
  "creator": {
    "avatar": {
      "medium": "https://ksr-ugc.imgix.net/assets/008/441/143/75e16ddd530f961df7902124bf6d23e2_original.jpeg?w=160&h=160&fit=crop&v=1461524231&auto=format&q=92&s=7f223e12b8cd516b9569ef73ad628c95",
      "small": "https://ksr-ugc.imgix.net/assets/008/441/143/75e16ddd530f961df7902124bf6d23e2_original.jpeg?w=160&h=160&fit=crop&v=1461524231&auto=format&q=92&s=7f223e12b8cd516b9569ef73ad628c95",
      "thumb": "https://ksr-ugc.imgix.net/assets/008/441/143/75e16ddd530f961df7902124bf6d23e2_original.jpeg?w=40&h=40&fit=crop&v=1461524231&auto=format&q=92&s=ed377f417d6cd9dc107d08bf4347dcc5"
    },
    "id": 1710952431,
    "name": "PATRIC N. SMITH",
    "slug": "realestatemadeez",
    "urls": {
      "api": {
        "user": "https://api.kickstarter.com/v1/users/1710952431?signature=1488678886.5904bfbf6058a6a78ea51f62307d1d0113a83c39"
      },
      "web": {
        "user": "https://www.kickstarter.com/profile/realestatemadeez"
      }
    }
  },
  "currency": "USD",
  "currency_symbol": "$",
  "currency_trailing_code": true,
  "deadline": 1411235100,
  "disable_communication": false,
  "goal": 4500.0,
  "id": 1024367910,
  "launched_at": 1408149655,
  "location": {
    "country": "US",
    "displayable_name": "Redford, MI",
    "id": 2479592,
    "is_root": false,
    "name": "Redford",
    "short_name": "Redford, MI",
    "slug": "redford-mi",
    "state": "MI",
    "type": "Town",
    "urls": {
      "api": {
        "nearby_projects": "https://api.kickstarter.com/v1/discover?signature=1488668492.96fc14daba66b97c177f4d2925013f6b05c1cb4d&woe_id=2479592"
      },
      "web": {
        "discover": "https://www.kickstarter.com/discover/places/redford-mi",
        "location": "https://www.kickstarter.com/locations/redford-mi"
      }
    }
  },
  "name": "Real Estate Made EZ",
  "photo": {
    "1024x576": "https://ksr-ugc.imgix.net/assets/011/820/811/002f6566c294780460b58b5da5ff68e6_original.jpg?w=1024&h=576&fit=fill&bg=000000&v=1463699325&auto=format&q=92&s=95f45258b352cd49a6c1230428677a40",
    "1536x864": "https://ksr-ugc.imgix.net/assets/011/820/811/002f6566c294780460b58b5da5ff68e6_original.jpg?w=1536&h=864&fit=fill&bg=000000&v=1463699325&auto=format&q=92&s=3769916bb46663e5f71f35359cb07e0c",
    "ed": "https://ksr-ugc.imgix.net/assets/011/820/811/002f6566c294780460b58b5da5ff68e6_original.jpg?w=338&h=190&fit=fill&bg=000000&v=1463699325&auto=format&q=92&s=183ad686844de2e666855f7c275c54a3",
    "full": "https://ksr-ugc.imgix.net/assets/011/820/811/002f6566c294780460b58b5da5ff68e6_original.jpg?w=560&h=315&fit=fill&bg=000000&v=1463699325&auto=format&q=92&s=080d6a613494651831449beb16cdec1b",
    "key": "assets/011/820/811/002f6566c294780460b58b5da5ff68e6_original.jpg",
    "little": "https://ksr-ugc.imgix.net/assets/011/820/811/002f6566c294780460b58b5da5ff68e6_original.jpg?w=200&h=112&fit=fill&bg=000000&v=1463699325&auto=format&q=92&s=95a324c9a77166aaccfddb44cdc28922",
    "med": "https://ksr-ugc.imgix.net/assets/011/820/811/002f6566c294780460b58b5da5ff68e6_original.jpg?w=266&h=150&fit=fill&bg=000000&v=1463699325&auto=format&q=92&s=b46733b66a9dad870858cf39cb1455e2",
    "small": "https://ksr-ugc.imgix.net/assets/011/820/811/002f6566c294780460b58b5da5ff68e6_original.jpg?w=160&h=90&fit=fill&bg=000000&v=1463699325&auto=format&q=92&s=af24db3b239515ba499061aad038e56d",
    "thumb": "https://ksr-ugc.imgix.net/assets/011/820/811/002f6566c294780460b58b5da5ff68e6_original.jpg?w=40&h=22&fit=fill&bg=000000&v=1463699325&auto=format&q=92&s=ccc782b201b3f9b2e63675858a179328"
  },
  "pledged": 0.0,
  "profile": {
    "background_color": null,
    "background_image_opacity": 0.8,
    "blurb": null,
    "feature_image_attributes": {
      "image_urls": {
        "baseball_card": "https://ksr-ugc.imgix.net/assets/011/820/811/002f6566c294780460b58b5da5ff68e6_original.jpg?w=1552&h=873&fit=fill&bg=000000&v=1463699325&auto=format&q=92&s=c5af273b267d66c2c56b605f61288c76",
        "default": "https://ksr-ugc.imgix.net/assets/011/820/811/002f6566c294780460b58b5da5ff68e6_original.jpg?w=1552&h=873&fit=fill&bg=000000&v=1463699325&auto=format&q=92&s=c5af273b267d66c2c56b605f61288c76"
      }
    },
    "id": 1257810,
    "link_background_color": null,
    "link_text": null,
    "link_text_color": null,
    "link_url": null,
    "name": null,
    "project_id": 1257810,
    "should_show_feature_image_section": true,
    "show_feature_image": false,
    "state": "inactive",
    "state_changed_at": 1425915870,
    "text_color": null
  },
  "slug": "real-estate-made-ez",
  "spotlight": false,
  "staff_pick": false,
  "state": "failed",
  "state_changed_at": 1411235110,
  "static_usd_rate": 1.0,
  "urls": {
    "web": {
      "project": "https://www.kickstarter.com/projects/realestatemadeez/real-estate-made-ez?ref=category_newest",
      "rewards": "https://www.kickstarter.com/projects/realestatemadeez/real-estate-made-ez/rewards"
    }
  },
  "usd_pledged": "0.0"
}