{
  "backers_count": 1,
  "blurb": "The most powerful force in the world is the people united. we are committed to uniting people through fundraising based on your ideas.",
  "category": {
    "color": 6526716,
    "id": 342,
    "name": "Web",
    "parent_id": 16,
    "position": 15,
    "slug": "technology/web",
    "urls": {
      "web": {
        "discover": "http://www.kickstarter.com/discover/categories/technology/web"
      }
    }
  },
  "country": "US",
  "created_at": 1460686581,
  "creator": {
    "avatar": {
      "medium": "https://ksr-ugc.imgix.net/assets/005/729/468/5f5f42906bd143f759a88e0d77624388_original.jpg?w=160&h=160&fit=crop&v=1460855657&auto=format&q=92&s=cceb442039eba5ac1907f638dc0d2763",
      "small": "https://ksr-ugc.imgix.net/assets/005/729/468/5f5f42906bd143f759a88e0d77624388_original.jpg?w=160&h=160&fit=crop&v=1460855657&auto=format&q=92&s=cceb442039eba5ac1907f638dc0d2763",
      "thumb": "https://ksr-ugc.imgix.net/assets/005/729/468/5f5f42906bd143f759a88e0d77624388_original.jpg?w=40&h=40&fit=crop&v=1460855657&auto=format&q=92&s=b50d26efc9b402178bd3585ad4e215bc"
    },
    "id": 253012459,
    "name": "Kyle Cary",
    "slug": "knowfuture",
    "urls": {
      "api": {
        "user": "https://api.kickstarter.com/v1/users/253012459?signature=1488680923.7e3f49a95a9292658d7c531f4626f8bb9cf3285b"
      },
      "web": {
        "user": "https://www.kickstarter.com/profile/knowfuture"
      }
    }
  },
  "currency": "USD",
  "currency_symbol": "$",
  "currency_trailing_code": true,
  "deadline": 1465181573,
  "disable_communication": false,
  "goal": 1500.0,
  "id": 102471272,
  "launched_at": 1461293573,
  "location": {
    "country": "US",
    "displayable_name": "New Orleans, LA",
    "id": 2458833,
    "is_root": false,
    "name": "New Orleans",
    "short_name": "New Orleans, LA",
    "slug": "new-orleans-la",
    "state": "LA",
    "type": "Town",
    "urls": {
      "api": {
        "nearby_projects": "https://api.kickstarter.com/v1/discover?signature=1488668421.01a5b69d397e00e7506edac5ba55fdc96a21dced&woe_id=2458833"
      },
      "web": {
        "discover": "https://www.kickstarter.com/discover/places/new-orleans-la",
        "location": "https://www.kickstarter.com/locations/new-orleans-la"
      }
    }
  },
  "name": "KnowFuture.org",
  "photo": {
    "1024x576": "https://ksr-ugc.imgix.net/assets/012/430/411/a1851dbd666837416bf7bc4c79ed88f8_original.jpg?w=1024&h=576&fit=fill&bg=FFFFFF&v=1463760778&auto=format&q=92&s=c28b995fa1b265442f2f8f59fb609735",
    "1536x864": "https://ksr-ugc.imgix.net/assets/012/430/411/a1851dbd666837416bf7bc4c79ed88f8_original.jpg?w=1536&h=864&fit=fill&bg=FFFFFF&v=1463760778&auto=format&q=92&s=6f2ed586c8f5585fb45c8fe7f7214b65",
    "ed": "https://ksr-ugc.imgix.net/assets/012/430/411/a1851dbd666837416bf7bc4c79ed88f8_original.jpg?w=338&h=190&fit=fill&bg=FFFFFF&v=1463760778&auto=format&q=92&s=64a7a0476f4bd4465859a523d7ab15b9",
    "full": "https://ksr-ugc.imgix.net/assets/012/430/411/a1851dbd666837416bf7bc4c79ed88f8_original.jpg?w=560&h=315&fit=fill&bg=FFFFFF&v=1463760778&auto=format&q=92&s=c87a28b6555a439966742949fe900159",
    "key": "assets/012/430/411/a1851dbd666837416bf7bc4c79ed88f8_original.jpg",
    "little": "https://ksr-ugc.imgix.net/assets/012/430/411/a1851dbd666837416bf7bc4c79ed88f8_original.jpg?w=200&h=112&fit=fill&bg=FFFFFF&v=1463760778&auto=format&q=92&s=242b6405d9c950e34e3a1cd5fef649c6",
    "med": "https://ksr-ugc.imgix.net/assets/012/430/411/a1851dbd666837416bf7bc4c79ed88f8_original.jpg?w=266&h=150&fit=fill&bg=FFFFFF&v=1463760778&auto=format&q=92&s=324305b7e5c1feed37896ddd17e711e8",
    "small": "https://ksr-ugc.imgix.net/assets/012/430/411/a1851dbd666837416bf7bc4c79ed88f8_original.jpg?w=160&h=90&fit=fill&bg=FFFFFF&v=1463760778&auto=format&q=92&s=82cf786fc8aab72ee8e88721e352989f",
    "thumb": "https://ksr-ugc.imgix.net/assets/012/430/411/a1851dbd666837416bf7bc4c79ed88f8_original.jpg?w=40&h=22&fit=fill&bg=FFFFFF&v=1463760778&auto=format&q=92&s=3cb1cc524e7b117da279d22442ddcb6e"
  },
  "pledged": 1.0,
  "profile": {
    "background_color": null,
    "background_image_opacity": 0.8,
    "blurb": null,
    "feature_image_attributes": {
      "image_urls": {
        "baseball_card": "https://ksr-ugc.imgix.net/assets/012/430/411/a1851dbd666837416bf7bc4c79ed88f8_original.jpg?w=1552&h=873&fit=fill&bg=FFFFFF&v=1463760778&auto=format&q=92&s=721c82ba0609a3015eadd473f2405116",
        "default": "https://ksr-ugc.imgix.net/assets/012/430/411/a1851dbd666837416bf7bc4c79ed88f8_original.jpg?w=1552&h=873&fit=fill&bg=FFFFFF&v=1463760778&auto=format&q=92&s=721c82ba0609a3015eadd473f2405116"
      }
    },
    "id": 2471753,
    "link_background_color": null,
    "link_text": null,
    "link_text_color": null,
    "link_url": null,
    "name": null,
    "project_id": 2471753,
    "should_show_feature_image_section": true,
    "show_feature_image": false,
    "state": "inactive",
    "state_changed_at": 1460686581,
    "text_color": null
  },
  "slug": "knowfutureorg",
  "spotlight": false,
  "staff_pick": false,
  "state": "failed",
  "state_changed_at": 1465181573,
  "static_usd_rate": 1.0,
  "urls": {
    "web": {
      "project": "https://www.kickstarter.com/projects/knowfuture/knowfutureorg?ref=category_newest",
      "rewards": "https://www.kickstarter.com/projects/knowfuture/knowfutureorg/rewards"
    }
  },
  "usd_pledged": "1.0"
}