{
  "backers_count": 1,
  "blurb": "i have an apps project to realize dedicated for the safety of all bikers on a ride.plus one about the search and find children missing.",
  "category": {
    "color": 6526716,
    "id": 332,
    "name": "Apps",
    "parent_id": 16,
    "position": 2,
    "slug": "technology/apps",
    "urls": {
      "web": {
        "discover": "http://www.kickstarter.com/discover/categories/technology/apps"
      }
    }
  },
  "country": "CA",
  "created_at": 1407246652,
  "creator": {
    "avatar": {
      "medium": "https://ksr-ugc.imgix.net/assets/009/162/093/135c6797d57de0d8c1165b6734ccbf33_original.JPG?w=160&h=160&fit=crop&v=1461561822&auto=format&q=92&s=8c42b4ab84d69fed6f30bb3d51dd8ab6",
      "small": "https://ksr-ugc.imgix.net/assets/009/162/093/135c6797d57de0d8c1165b6734ccbf33_original.JPG?w=160&h=160&fit=crop&v=1461561822&auto=format&q=92&s=8c42b4ab84d69fed6f30bb3d51dd8ab6",
      "thumb": "https://ksr-ugc.imgix.net/assets/009/162/093/135c6797d57de0d8c1165b6734ccbf33_original.JPG?w=40&h=40&fit=crop&v=1461561822&auto=format&q=92&s=6292f5996aa8161e4aa5ba3136a7b169"
    },
    "id": 930059817,
    "name": "sylvain green",
    "urls": {
      "api": {
        "user": "https://api.kickstarter.com/v1/users/930059817?signature=1488678882.b8e96b88e8bc0c3bd808b12d8adf46e2d61995c0"
      },
      "web": {
        "user": "https://www.kickstarter.com/profile/930059817"
      }
    }
  },
  "currency": "CAD",
  "currency_symbol": "$",
  "currency_trailing_code": true,
  "deadline": 1413064145,
  "disable_communication": false,
  "goal": 40000.0,
  "id": 1024858646,
  "launched_at": 1407880145,
  "location": {
    "country": "CA",
    "displayable_name": "Montreal, Canada",
    "id": 3534,
    "is_root": false,
    "name": "Montreal",
    "short_name": "Montreal, Canada",
    "slug": "montreal-ca",
    "state": "QC",
    "type": "Town",
    "urls": {
      "api": {
        "nearby_projects": "https://api.kickstarter.com/v1/discover?signature=1488668419.083ed7df0c33c9600e9b6c2409e34687e1b82527&woe_id=3534"
      },
      "web": {
        "discover": "https://www.kickstarter.com/discover/places/montreal-ca",
        "location": "https://www.kickstarter.com/locations/montreal-ca"
      }
    }
  },
  "name": "apps for android and google.safety first and very innovative",
  "photo": {
    "1024x576": "https://ksr-ugc.imgix.net/assets/011/822/708/21a6592ab2ae9d0daff30a892ec4ff5a_original.JPG?w=1024&h=576&fit=fill&bg=000000&v=1463699583&auto=format&q=92&s=28b106bb4d9f31f51d206dff78fcc6bf",
    "1536x864": "https://ksr-ugc.imgix.net/assets/011/822/708/21a6592ab2ae9d0daff30a892ec4ff5a_original.JPG?w=1536&h=864&fit=fill&bg=000000&v=1463699583&auto=format&q=92&s=d82c5445653afb802c8c221068830604",
    "ed": "https://ksr-ugc.imgix.net/assets/011/822/708/21a6592ab2ae9d0daff30a892ec4ff5a_original.JPG?w=338&h=190&fit=fill&bg=000000&v=1463699583&auto=format&q=92&s=0243458509760f32b94bcd0ad1f2c652",
    "full": "https://ksr-ugc.imgix.net/assets/011/822/708/21a6592ab2ae9d0daff30a892ec4ff5a_original.JPG?w=560&h=315&fit=fill&bg=000000&v=1463699583&auto=format&q=92&s=3a248204342f53d22b7901cc09571a9b",
    "key": "assets/011/822/708/21a6592ab2ae9d0daff30a892ec4ff5a_original.JPG",
    "little": "https://ksr-ugc.imgix.net/assets/011/822/708/21a6592ab2ae9d0daff30a892ec4ff5a_original.JPG?w=200&h=112&fit=fill&bg=000000&v=1463699583&auto=format&q=92&s=ff4d3eec04120213ceded2b51bf326e6",
    "med": "https://ksr-ugc.imgix.net/assets/011/822/708/21a6592ab2ae9d0daff30a892ec4ff5a_original.JPG?w=266&h=150&fit=fill&bg=000000&v=1463699583&auto=format&q=92&s=2ed6c3a20f65d79aee04ae263cd1993e",
    "small": "https://ksr-ugc.imgix.net/assets/011/822/708/21a6592ab2ae9d0daff30a892ec4ff5a_original.JPG?w=160&h=90&fit=fill&bg=000000&v=1463699583&auto=format&q=92&s=463ad003fa35cee3d065c3a9c74fc171",
    "thumb": "https://ksr-ugc.imgix.net/assets/011/822/708/21a6592ab2ae9d0daff30a892ec4ff5a_original.JPG?w=40&h=22&fit=fill&bg=000000&v=1463699583&auto=format&q=92&s=d3cd140c68a3103bbee52bb42b913c2d"
  },
  "pledged": 15.0,
  "profile": {
    "background_color": null,
    "background_image_opacity": 0.8,
    "blurb": null,
    "feature_image_attributes": {
      "image_urls": {
        "baseball_card": "https://ksr-ugc.imgix.net/assets/011/822/708/21a6592ab2ae9d0daff30a892ec4ff5a_original.JPG?w=1552&h=873&fit=fill&bg=000000&v=1463699583&auto=format&q=92&s=8db6144f51f97d2d2d4ac6379716f5a5",
        "default": "https://ksr-ugc.imgix.net/assets/011/822/708/21a6592ab2ae9d0daff30a892ec4ff5a_original.JPG?w=1552&h=873&fit=fill&bg=000000&v=1463699583&auto=format&q=92&s=8db6144f51f97d2d2d4ac6379716f5a5"
      }
    },
    "id": 1261882,
    "link_background_color": null,
    "link_text": null,
    "link_text_color": null,
    "link_url": null,
    "name": null,
    "project_id": 1261882,
    "should_show_feature_image_section": true,
    "show_feature_image": false,
    "state": "inactive",
    "state_changed_at": 1425915870,
    "text_color": null
  },
  "slug": "apps-for-android-and-googlesafety-first-and-very-i",
  "spotlight": false,
  "staff_pick": false,
  "state": "failed",
  "state_changed_at": 1413064145,
  "static_usd_rate": 0.91132531,
  "urls": {
    "web": {
      "project": "https://www.kickstarter.com/projects/930059817/apps-for-android-and-googlesafety-first-and-very-i?ref=category_newest",
      "rewards": "https://www.kickstarter.com/projects/930059817/apps-for-android-and-googlesafety-first-and-very-i/rewards"
    }
  },
  "usd_pledged": "13.66987965"
}