{
  "backers_count": 0,
  "blurb": "Rescue Net is a very simple yet sophisticated too. We are here to help locate lost individuals before they become truly missing.",
  "category": {
    "color": 6526716,
    "id": 332,
    "name": "Apps",
    "parent_id": 16,
    "position": 2,
    "slug": "technology/apps",
    "urls": {
      "web": {
        "discover": "http://www.kickstarter.com/discover/categories/technology/apps"
      }
    }
  },
  "country": "US",
  "created_at": 1444603025,
  "creator": {
    "avatar": {
      "medium": "https://ksr-ugc.imgix.net/assets/010/428/091/e56fdecc6294621ef80bd2514ffa5148_original.jpg?w=160&h=160&fit=crop&v=1461689288&auto=format&q=92&s=0e0b96734d25ce94c65fbf13e508a620",
      "small": "https://ksr-ugc.imgix.net/assets/010/428/091/e56fdecc6294621ef80bd2514ffa5148_original.jpg?w=160&h=160&fit=crop&v=1461689288&auto=format&q=92&s=0e0b96734d25ce94c65fbf13e508a620",
      "thumb": "https://ksr-ugc.imgix.net/assets/010/428/091/e56fdecc6294621ef80bd2514ffa5148_original.jpg?w=40&h=40&fit=crop&v=1461689288&auto=format&q=92&s=7fccd9f74ceb52885fa4651fc66cc087"
    },
    "id": 1417676099,
    "name": "Mark Lawless",
    "urls": {
      "api": {
        "user": "https://api.kickstarter.com/v1/users/1417676099?signature=1488679109.c7ca7152e854682b1aa97fae3c3e08e16655e9c0"
      },
      "web": {
        "user": "https://www.kickstarter.com/profile/1417676099"
      }
    }
  },
  "currency": "USD",
  "currency_symbol": "$",
  "currency_trailing_code": true,
  "deadline": 1447460340,
  "disable_communication": false,
  "goal": 300000.0,
  "id": 1024821286,
  "launched_at": 1445016527,
  "location": {
    "country": "US",
    "displayable_name": "Phoenix, AZ",
    "id": 2471390,
    "is_root": false,
    "name": "Phoenix",
    "short_name": "Phoenix, AZ",
    "slug": "phoenix-az",
    "state": "AZ",
    "type": "Town",
    "urls": {
      "api": {
        "nearby_projects": "https://api.kickstarter.com/v1/discover?signature=1488668421.b1ae16d8cb0acddf9f98e663dbbde7284e65890f&woe_id=2471390"
      },
      "web": {
        "discover": "https://www.kickstarter.com/discover/places/phoenix-az",
        "location": "https://www.kickstarter.com/locations/phoenix-az"
      }
    }
  },
  "name": "Rescue Net",
  "photo": {
    "1024x576": "https://ksr-ugc.imgix.net/assets/012/277/245/e56fdecc6294621ef80bd2514ffa5148_original.jpg?w=1024&h=576&fit=fill&bg=000000&v=1463749729&auto=format&q=92&s=621c489d99fe305c25c4a00c3e4a6cba",
    "1536x864": "https://ksr-ugc.imgix.net/assets/012/277/245/e56fdecc6294621ef80bd2514ffa5148_original.jpg?w=1536&h=864&fit=fill&bg=000000&v=1463749729&auto=format&q=92&s=c97c57f4186450ede81e0ceb2719ab20",
    "ed": "https://ksr-ugc.imgix.net/assets/012/277/245/e56fdecc6294621ef80bd2514ffa5148_original.jpg?w=338&h=190&fit=fill&bg=000000&v=1463749729&auto=format&q=92&s=7f94745d92a4008e2e265a84cf89c081",
    "full": "https://ksr-ugc.imgix.net/assets/012/277/245/e56fdecc6294621ef80bd2514ffa5148_original.jpg?w=560&h=315&fit=fill&bg=000000&v=1463749729&auto=format&q=92&s=2da7a5940ab8d1e81122628c79455418",
    "key": "assets/012/277/245/e56fdecc6294621ef80bd2514ffa5148_original.jpg",
    "little": "https://ksr-ugc.imgix.net/assets/012/277/245/e56fdecc6294621ef80bd2514ffa5148_original.jpg?w=200&h=112&fit=fill&bg=000000&v=1463749729&auto=format&q=92&s=4b5d4d6b9de3b10ca05fbf41598e2e17",
    "med": "https://ksr-ugc.imgix.net/assets/012/277/245/e56fdecc6294621ef80bd2514ffa5148_original.jpg?w=266&h=150&fit=fill&bg=000000&v=1463749729&auto=format&q=92&s=cff55beb2d0d95c3c660776de6a143b2",
    "small": "https://ksr-ugc.imgix.net/assets/012/277/245/e56fdecc6294621ef80bd2514ffa5148_original.jpg?w=160&h=90&fit=fill&bg=000000&v=1463749729&auto=format&q=92&s=788e89cac8274da934299512d3bf25ca",
    "thumb": "https://ksr-ugc.imgix.net/assets/012/277/245/e56fdecc6294621ef80bd2514ffa5148_original.jpg?w=40&h=22&fit=fill&bg=000000&v=1463749729&auto=format&q=92&s=8bb75a84a05aa60678dfb6bb3c39df58"
  },
  "pledged": 0.0,
  "profile": {
    "background_color": null,
    "background_image_opacity": 0.8,
    "blurb": null,
    "feature_image_attributes": {
      "image_urls": {
        "baseball_card": "https://ksr-ugc.imgix.net/assets/012/277/245/e56fdecc6294621ef80bd2514ffa5148_original.jpg?w=1552&h=873&fit=fill&bg=000000&v=1463749729&auto=format&q=92&s=8939eabaa0760f13c2528062ad7bffc3",
        "default": "https://ksr-ugc.imgix.net/assets/012/277/245/e56fdecc6294621ef80bd2514ffa5148_original.jpg?w=1552&h=873&fit=fill&bg=000000&v=1463749729&auto=format&q=92&s=8939eabaa0760f13c2528062ad7bffc3"
      }
    },
    "id": 2169617,
    "link_background_color": null,
    "link_text": null,
    "link_text_color": null,
    "link_url": null,
    "name": null,
    "project_id": 2169617,
    "should_show_feature_image_section": true,
    "show_feature_image": false,
    "state": "inactive",
    "state_changed_at": 1444603025,
    "text_color": null
  },
  "slug": "rescue-net",
  "spotlight": false,
  "staff_pick": false,
  "state": "failed",
  "state_changed_at": 1447460340,
  "static_usd_rate": 1.0,
  "urls": {
    "web": {
      "project": "https://www.kickstarter.com/projects/1417676099/rescue-net?ref=category_newest",
      "rewards": "https://www.kickstarter.com/projects/1417676099/rescue-net/rewards"
    }
  },
  "usd_pledged": "0.0"
}