{
  "backers_count": 2,
  "blurb": "An app that sheds light on senators and representatives true motivations by aggregating the peoples vote vs external pressures.",
  "category": {
    "color": 6526716,
    "id": 332,
    "name": "Apps",
    "parent_id": 16,
    "position": 2,
    "slug": "technology/apps",
    "urls": {
      "web": {
        "discover": "http://www.kickstarter.com/discover/categories/technology/apps"
      }
    }
  },
  "country": "US",
  "created_at": 1404351725,
  "creator": {
    "avatar": {
      "medium": "https://ksr-ugc.imgix.net/assets/008/941/176/4823a40dd64cab72790128169035548e_original.JPG?w=160&h=160&fit=crop&v=1461550887&auto=format&q=92&s=466f667c0396a02fa984a53acc037965",
      "small": "https://ksr-ugc.imgix.net/assets/008/941/176/4823a40dd64cab72790128169035548e_original.JPG?w=160&h=160&fit=crop&v=1461550887&auto=format&q=92&s=466f667c0396a02fa984a53acc037965",
      "thumb": "https://ksr-ugc.imgix.net/assets/008/941/176/4823a40dd64cab72790128169035548e_original.JPG?w=40&h=40&fit=crop&v=1461550887&auto=format&q=92&s=1673785946249d8c7e673949d0dd783a"
    },
    "id": 1386592009,
    "name": "Alex Ewing",
    "urls": {
      "api": {
        "user": "https://api.kickstarter.com/v1/users/1386592009?signature=1488678860.e1b24af9b201cdd5aecdfee8d133a21acea082d7"
      },
      "web": {
        "user": "https://www.kickstarter.com/profile/1386592009"
      }
    }
  },
  "currency": "USD",
  "currency_symbol": "$",
  "currency_trailing_code": true,
  "deadline": 1406977479,
  "disable_communication": false,
  "goal": 10000.0,
  "id": 1024206640,
  "launched_at": 1404385479,
  "location": {
    "country": "US",
    "displayable_name": "Washington, DC",
    "id": 2514815,
    "is_root": false,
    "name": "Washington",
    "short_name": "Washington, DC",
    "slug": "washington-dc",
    "state": "DC",
    "type": "Town",
    "urls": {
      "api": {
        "nearby_projects": "https://api.kickstarter.com/v1/discover?signature=1488668420.21ef010b8295b00578f0dc7a9bd653a2955b3766&woe_id=2514815"
      },
      "web": {
        "discover": "https://www.kickstarter.com/discover/places/washington-dc",
        "location": "https://www.kickstarter.com/locations/washington-dc"
      }
    }
  },
  "name": "okular",
  "photo": {
    "1024x576": "https://ksr-ugc.imgix.net/assets/011/737/966/964b04bd376b1f43f7a4f5419ea8251c_original.jpg?w=1024&h=576&fit=fill&bg=000000&v=1463688098&auto=format&q=92&s=efac688fa02487d58ea57ff2eabaa6f3",
    "1536x864": "https://ksr-ugc.imgix.net/assets/011/737/966/964b04bd376b1f43f7a4f5419ea8251c_original.jpg?w=1536&h=864&fit=fill&bg=000000&v=1463688098&auto=format&q=92&s=c689204c909478b691881288afe99536",
    "ed": "https://ksr-ugc.imgix.net/assets/011/737/966/964b04bd376b1f43f7a4f5419ea8251c_original.jpg?w=338&h=190&fit=fill&bg=000000&v=1463688098&auto=format&q=92&s=2d2f15830fb427eb860ecba5f783c037",
    "full": "https://ksr-ugc.imgix.net/assets/011/737/966/964b04bd376b1f43f7a4f5419ea8251c_original.jpg?w=560&h=315&fit=fill&bg=000000&v=1463688098&auto=format&q=92&s=259727df5b01d16797f473d83423bea8",
    "key": "assets/011/737/966/964b04bd376b1f43f7a4f5419ea8251c_original.jpg",
    "little": "https://ksr-ugc.imgix.net/assets/011/737/966/964b04bd376b1f43f7a4f5419ea8251c_original.jpg?w=200&h=112&fit=fill&bg=000000&v=1463688098&auto=format&q=92&s=08c6d176c47025a37656803de59ddc02",
    "med": "https://ksr-ugc.imgix.net/assets/011/737/966/964b04bd376b1f43f7a4f5419ea8251c_original.jpg?w=266&h=150&fit=fill&bg=000000&v=1463688098&auto=format&q=92&s=8d4ec558bffd0e45feb5e43cc4bee433",
    "small": "https://ksr-ugc.imgix.net/assets/011/737/966/964b04bd376b1f43f7a4f5419ea8251c_original.jpg?w=160&h=90&fit=fill&bg=000000&v=1463688098&auto=format&q=92&s=dc781d1b7b7849ea038f2cf549237120",
    "thumb": "https://ksr-ugc.imgix.net/assets/011/737/966/964b04bd376b1f43f7a4f5419ea8251c_original.jpg?w=40&h=22&fit=fill&bg=000000&v=1463688098&auto=format&q=92&s=5958e1e10d491f4c4e53053415c7caa1"
  },
  "pledged": 50.0,
  "profile": {
    "background_color": null,
    "background_image_opacity": 0.8,
    "blurb": null,
    "feature_image_attributes": {
      "image_urls": {
        "baseball_card": "https://ksr-ugc.imgix.net/assets/011/737/966/964b04bd376b1f43f7a4f5419ea8251c_original.jpg?w=1552&h=873&fit=fill&bg=000000&v=1463688098&auto=format&q=92&s=c7d5a3818c6609dbd94ed613c1731aeb",
        "default": "https://ksr-ugc.imgix.net/assets/011/737/966/964b04bd376b1f43f7a4f5419ea8251c_original.jpg?w=1552&h=873&fit=fill&bg=000000&v=1463688098&auto=format&q=92&s=c7d5a3818c6609dbd94ed613c1731aeb"
      }
    },
    "id": 1095491,
    "link_background_color": null,
    "link_text": null,
    "link_text_color": null,
    "link_url": null,
    "name": null,
    "project_id": 1095491,
    "should_show_feature_image_section": true,
    "show_feature_image": false,
    "state": "inactive",
    "state_changed_at": 1425915860,
    "text_color": null
  },
  "slug": "okular",
  "spotlight": false,
  "staff_pick": false,
  "state": "failed",
  "state_changed_at": 1406977479,
  "static_usd_rate": 1.0,
  "urls": {
    "web": {
      "project": "https://www.kickstarter.com/projects/1386592009/okular?ref=category_newest",
      "rewards": "https://www.kickstarter.com/projects/1386592009/okular/rewards"
    }
  },
  "usd_pledged": "50.0"
}