{
  "backers_count": 5,
  "blurb": "California's premier WWI scale fun fly event for ALL WWI models. Get up close & personal with some amazing airplanes & their builders.",
  "category": {
    "color": 6526716,
    "id": 336,
    "name": "Flight",
    "parent_id": 16,
    "position": 6,
    "slug": "technology/flight",
    "urls": {
      "web": {
        "discover": "http://www.kickstarter.com/discover/categories/technology/flight"
      }
    }
  },
  "country": "US",
  "created_at": 1400087763,
  "creator": {
    "avatar": {
      "medium": "https://ksr-ugc.imgix.net/assets/008/724/806/38fdea1b303c0a54de35418a5dee65c9_original.gif?w=160&h=160&fit=crop&v=1461540821&auto=format&frame=1&q=92&s=825fe18ec27bdc8dc859867654ef0510",
      "small": "https://ksr-ugc.imgix.net/assets/008/724/806/38fdea1b303c0a54de35418a5dee65c9_original.gif?w=160&h=160&fit=crop&v=1461540821&auto=format&frame=1&q=92&s=825fe18ec27bdc8dc859867654ef0510",
      "thumb": "https://ksr-ugc.imgix.net/assets/008/724/806/38fdea1b303c0a54de35418a5dee65c9_original.gif?w=40&h=40&fit=crop&v=1461540821&auto=format&frame=1&q=92&s=82f8e8a62a94e39ee72cc7059dd85351"
    },
    "id": 942961864,
    "name": "Eric Puchalski",
    "urls": {
      "api": {
        "user": "https://api.kickstarter.com/v1/users/942961864?signature=1488679408.aa937af76aadd535dca5b0336d492c664bd9d9f3"
      },
      "web": {
        "user": "https://www.kickstarter.com/profile/942961864"
      }
    }
  },
  "currency": "USD",
  "currency_symbol": "$",
  "currency_trailing_code": true,
  "deadline": 1410472432,
  "disable_communication": false,
  "goal": 1500.0,
  "id": 1024208,
  "launched_at": 1407880432,
  "location": {
    "country": "US",
    "displayable_name": "Irvine, CA",
    "id": 2427665,
    "is_root": false,
    "name": "Irvine",
    "short_name": "Irvine, CA",
    "slug": "irvine-ca",
    "state": "CA",
    "type": "Town",
    "urls": {
      "api": {
        "nearby_projects": "https://api.kickstarter.com/v1/discover?signature=1488668420.d258782ac2817e90984deb076c28bda6b912e3f5&woe_id=2427665"
      },
      "web": {
        "discover": "https://www.kickstarter.com/discover/places/irvine-ca",
        "location": "https://www.kickstarter.com/locations/irvine-ca"
      }
    }
  },
  "name": "2014 Black Star Dawn Patrol",
  "photo": {
    "1024x576": "https://ksr-ugc.imgix.net/assets/011/705/435/ccd900d060815b542b153f38dbfbaccd_original.jpg?w=1024&h=576&fit=fill&bg=000000&v=1463687034&auto=format&q=92&s=8c16827587f1b9f51bee675ba4eb188a",
    "1536x864": "https://ksr-ugc.imgix.net/assets/011/705/435/ccd900d060815b542b153f38dbfbaccd_original.jpg?w=1536&h=864&fit=fill&bg=000000&v=1463687034&auto=format&q=92&s=360cde6fd8e910ab3add6563c8e295ee",
    "ed": "https://ksr-ugc.imgix.net/assets/011/705/435/ccd900d060815b542b153f38dbfbaccd_original.jpg?w=338&h=190&fit=fill&bg=000000&v=1463687034&auto=format&q=92&s=f670fffae359cb47d9e1a297fcf04c79",
    "full": "https://ksr-ugc.imgix.net/assets/011/705/435/ccd900d060815b542b153f38dbfbaccd_original.jpg?w=560&h=315&fit=fill&bg=000000&v=1463687034&auto=format&q=92&s=99e28a3fcd22b3df7e2d88efeac4296a",
    "key": "assets/011/705/435/ccd900d060815b542b153f38dbfbaccd_original.jpg",
    "little": "https://ksr-ugc.imgix.net/assets/011/705/435/ccd900d060815b542b153f38dbfbaccd_original.jpg?w=200&h=112&fit=fill&bg=000000&v=1463687034&auto=format&q=92&s=7167695a46832b808f60f32553adee3e",
    "med": "https://ksr-ugc.imgix.net/assets/011/705/435/ccd900d060815b542b153f38dbfbaccd_original.jpg?w=266&h=150&fit=fill&bg=000000&v=1463687034&auto=format&q=92&s=7b53b8bb3aa7ab911533c6edbc4f6d9d",
    "small": "https://ksr-ugc.imgix.net/assets/011/705/435/ccd900d060815b542b153f38dbfbaccd_original.jpg?w=160&h=90&fit=fill&bg=000000&v=1463687034&auto=format&q=92&s=95edb7aa57b70e457883a2a6ca111d8a",
    "thumb": "https://ksr-ugc.imgix.net/assets/011/705/435/ccd900d060815b542b153f38dbfbaccd_original.jpg?w=40&h=22&fit=fill&bg=000000&v=1463687034&auto=format&q=92&s=09ed1224319c59c5b234132abbe38dab"
  },
  "pledged": 150.0,
  "profile": {
    "background_color": null,
    "background_image_opacity": 0.8,
    "blurb": null,
    "feature_image_attributes": {
      "image_urls": {
        "baseball_card": "https://ksr-ugc.imgix.net/assets/011/705/435/ccd900d060815b542b153f38dbfbaccd_original.jpg?w=1552&h=873&fit=fill&bg=000000&v=1463687034&auto=format&q=92&s=32dac2bdf3dd7eb031d0e6826631f453",
        "default": "https://ksr-ugc.imgix.net/assets/011/705/435/ccd900d060815b542b153f38dbfbaccd_original.jpg?w=1552&h=873&fit=fill&bg=000000&v=1463687034&auto=format&q=92&s=32dac2bdf3dd7eb031d0e6826631f453"
      }
    },
    "id": 1022982,
    "link_background_color": null,
    "link_text": null,
    "link_text_color": null,
    "link_url": null,
    "name": null,
    "project_id": 1022982,
    "should_show_feature_image_section": true,
    "show_feature_image": false,
    "state": "inactive",
    "state_changed_at": 1425915857,
    "text_color": null
  },
  "slug": "2014-black-star-dawn-patrol",
  "spotlight": false,
  "staff_pick": false,
  "state": "failed",
  "state_changed_at": 1410472432,
  "static_usd_rate": 1.0,
  "urls": {
    "web": {
      "project": "https://www.kickstarter.com/projects/942961864/2014-black-star-dawn-patrol?ref=category_newest",
      "rewards": "https://www.kickstarter.com/projects/942961864/2014-black-star-dawn-patrol/rewards"
    }
  },
  "usd_pledged": "150.0"
}