{
  "backers_count": 15,
  "blurb": "Bitzong's rClock is the world's first robot alarm clock that can effectively wake the user without disturbing others around them.",
  "category": {
    "color": 6526716,
    "id": 338,
    "name": "Robots",
    "parent_id": 16,
    "position": 10,
    "slug": "technology/robots",
    "urls": {
      "web": {
        "discover": "http://www.kickstarter.com/discover/categories/technology/robots"
      }
    }
  },
  "country": "AU",
  "created_at": 1411875128,
  "creator": {
    "avatar": {
      "medium": "https://ksr-ugc.imgix.net/assets/009/285/698/cc38552e742733cb57bc2ad3d602d18a_original.png?w=160&h=160&fit=crop&v=1461574032&auto=format&q=92&s=0aed701570dff0df79f24b58b1c172cd",
      "small": "https://ksr-ugc.imgix.net/assets/009/285/698/cc38552e742733cb57bc2ad3d602d18a_original.png?w=160&h=160&fit=crop&v=1461574032&auto=format&q=92&s=0aed701570dff0df79f24b58b1c172cd",
      "thumb": "https://ksr-ugc.imgix.net/assets/009/285/698/cc38552e742733cb57bc2ad3d602d18a_original.png?w=40&h=40&fit=crop&v=1461574032&auto=format&q=92&s=89df48c9c87417a2899be90ff4c6819a"
    },
    "id": 2027853280,
    "name": "Bitzong",
    "urls": {
      "api": {
        "user": "https://api.kickstarter.com/v1/users/2027853280?signature=1488680142.817cd50911a024132b400017a874f921f437b138"
      },
      "web": {
        "user": "https://www.kickstarter.com/profile/2027853280"
      }
    }
  },
  "currency": "AUD",
  "currency_symbol": "$",
  "currency_trailing_code": true,
  "deadline": 1415991892,
  "disable_communication": false,
  "goal": 30000.0,
  "id": 1025731988,
  "launched_at": 1412532292,
  "location": {
    "country": "AU",
    "displayable_name": "Adelaide, AU",
    "id": 1099805,
    "is_root": false,
    "name": "Adelaide",
    "short_name": "Adelaide, AU",
    "slug": "adelaide-sa-au",
    "state": "SA",
    "type": "Town",
    "urls": {
      "api": {
        "nearby_projects": "https://api.kickstarter.com/v1/discover?signature=1488668421.77bccb9d208bc526bb0db3743da55b65c8c25a6f&woe_id=1099805"
      },
      "web": {
        "discover": "https://www.kickstarter.com/discover/places/adelaide-sa-au",
        "location": "https://www.kickstarter.com/locations/adelaide-sa-au"
      }
    }
  },
  "name": "rClock: An affordable, useful robot alarm clock (Canceled)",
  "photo": {
    "1024x576": "https://ksr-ugc.imgix.net/assets/011/884/993/ac0385c10e496d5ef61ce054b9846dc1_original.PNG?w=1024&h=576&fit=fill&bg=000000&v=1463710156&auto=format&q=92&s=92613b92028b9dd23641b0c5d9c97033",
    "1536x864": "https://ksr-ugc.imgix.net/assets/011/884/993/ac0385c10e496d5ef61ce054b9846dc1_original.PNG?w=1536&h=864&fit=fill&bg=000000&v=1463710156&auto=format&q=92&s=1842202f97774407cda68820bf7c18ef",
    "ed": "https://ksr-ugc.imgix.net/assets/011/884/993/ac0385c10e496d5ef61ce054b9846dc1_original.PNG?w=338&h=190&fit=fill&bg=000000&v=1463710156&auto=format&q=92&s=d8352ab6691166ca801136009a00c391",
    "full": "https://ksr-ugc.imgix.net/assets/011/884/993/ac0385c10e496d5ef61ce054b9846dc1_original.PNG?w=560&h=315&fit=fill&bg=000000&v=1463710156&auto=format&q=92&s=5faa8e3f22e7e1bfab84b43998fd0c36",
    "key": "assets/011/884/993/ac0385c10e496d5ef61ce054b9846dc1_original.PNG",
    "little": "https://ksr-ugc.imgix.net/assets/011/884/993/ac0385c10e496d5ef61ce054b9846dc1_original.PNG?w=200&h=112&fit=fill&bg=000000&v=1463710156&auto=format&q=92&s=44d8e60279518bf1e9604b7ac3f88d89",
    "med": "https://ksr-ugc.imgix.net/assets/011/884/993/ac0385c10e496d5ef61ce054b9846dc1_original.PNG?w=266&h=150&fit=fill&bg=000000&v=1463710156&auto=format&q=92&s=b42c1e2e865d86fe0ce1dcb2c0eeeac8",
    "small": "https://ksr-ugc.imgix.net/assets/011/884/993/ac0385c10e496d5ef61ce054b9846dc1_original.PNG?w=160&h=90&fit=fill&bg=000000&v=1463710156&auto=format&q=92&s=2e8ad6c1a8e983887e04b8cec1693fb4",
    "thumb": "https://ksr-ugc.imgix.net/assets/011/884/993/ac0385c10e496d5ef61ce054b9846dc1_original.PNG?w=40&h=22&fit=fill&bg=000000&v=1463710156&auto=format&q=92&s=95896c2d1eef06ae8bbed0827b7d596a"
  },
  "pledged": 4199.0,
  "profile": {
    "background_color": null,
    "background_image_opacity": 0.8,
    "blurb": null,
    "feature_image_attributes": {
      "image_urls": {
        "baseball_card": "https://ksr-ugc.imgix.net/assets/011/884/993/ac0385c10e496d5ef61ce054b9846dc1_original.PNG?w=1552&h=873&fit=fill&bg=000000&v=1463710156&auto=format&q=92&s=a2941a3006755e4c4afe6eff890ef757",
        "default": "https://ksr-ugc.imgix.net/assets/011/884/993/ac0385c10e496d5ef61ce054b9846dc1_original.PNG?w=1552&h=873&fit=fill&bg=000000&v=1463710156&auto=format&q=92&s=a2941a3006755e4c4afe6eff890ef757"
      }
    },
    "id": 1391962,
    "link_background_color": null,
    "link_text": null,
    "link_text_color": null,
    "link_url": null,
    "name": null,
    "project_id": 1391962,
    "should_show_feature_image_section": true,
    "show_feature_image": false,
    "state": "inactive",
    "state_changed_at": 1425915877,
    "text_color": null
  },
  "slug": "rclock-an-affordable-useful-robot-alarm-clock",
  "spotlight": false,
  "staff_pick": false,
  "state": "canceled",
  "state_changed_at": 1415793715,
  "static_usd_rate": 0.86752089,
  "urls": {
    "web": {
      "project": "https://www.kickstarter.com/projects/2027853280/rclock-an-affordable-useful-robot-alarm-clock?ref=category_newest",
      "rewards": "https://www.kickstarter.com/projects/2027853280/rclock-an-affordable-useful-robot-alarm-clock/rewards"
    }
  },
  "usd_pledged": "3642.72021711"
}