{
  "backers_count": 200,
  "blurb": "An App for those seeking guidance and mindfulness. Come connect with Bobby and each other",
  "category": {
    "color": 6526716,
    "id": 332,
    "name": "Apps",
    "parent_id": 16,
    "position": 2,
    "slug": "technology/apps",
    "urls": {
      "web": {
        "discover": "http://www.kickstarter.com/discover/categories/technology/apps"
      }
    }
  },
  "country": "GB",
  "created_at": 1442840450,
  "creator": {
    "avatar": {
      "medium": "https://ksr-ugc.imgix.net/assets/010/362/176/33e84f3d3f13a46c75919328a487eff8_original.jpg?w=160&h=160&fit=crop&v=1461684293&auto=format&q=92&s=d7be8f0d12cb4c588540d8eac14a2d1e",
      "small": "https://ksr-ugc.imgix.net/assets/010/362/176/33e84f3d3f13a46c75919328a487eff8_original.jpg?w=160&h=160&fit=crop&v=1461684293&auto=format&q=92&s=d7be8f0d12cb4c588540d8eac14a2d1e",
      "thumb": "https://ksr-ugc.imgix.net/assets/010/362/176/33e84f3d3f13a46c75919328a487eff8_original.jpg?w=40&h=40&fit=crop&v=1461684293&auto=format&q=92&s=eec9219f3fab25363dbe5e429664b932"
    },
    "id": 2127883355,
    "name": "Bobby Klein",
    "urls": {
      "api": {
        "user": "https://api.kickstarter.com/v1/users/2127883355?signature=1488678833.2e5ff8f4a61bcc557c37f52c1e69c8da0cc145c0"
      },
      "web": {
        "user": "https://www.kickstarter.com/profile/2127883355"
      }
    }
  },
  "currency": "GBP",
  "currency_symbol": "\u00a3",
  "currency_trailing_code": false,
  "deadline": 1449057600,
  "disable_communication": false,
  "goal": 20000.0,
  "id": 102593615,
  "launched_at": 1446060942,
  "location": {
    "country": "MX",
    "displayable_name": "Tulum, Mexico",
    "id": 150215,
    "is_root": false,
    "name": "Tulum",
    "short_name": "Tulum, Mexico",
    "slug": "tulum-mx",
    "state": "Quintana Roo",
    "type": "Town",
    "urls": {
      "api": {
        "nearby_projects": "https://api.kickstarter.com/v1/discover?signature=1488669493.a9b3c0b3030c9a58af253d8048dc95df86973bba&woe_id=150215"
      },
      "web": {
        "discover": "https://www.kickstarter.com/discover/places/tulum-mx",
        "location": "https://www.kickstarter.com/locations/tulum-mx"
      }
    }
  },
  "name": "REAL - A Guide for Living - more than just a meditation app",
  "photo": {
    "1024x576": "https://ksr-ugc.imgix.net/assets/012/259/167/f86e1da60b25fda9d2ba469a7283fea8_original.jpg?w=1024&h=576&fit=fill&bg=000000&v=1463747360&auto=format&q=92&s=091a64671afdcf00d9f471fda5f357f6",
    "1536x864": "https://ksr-ugc.imgix.net/assets/012/259/167/f86e1da60b25fda9d2ba469a7283fea8_original.jpg?w=1536&h=864&fit=fill&bg=000000&v=1463747360&auto=format&q=92&s=ef63cbf5c48c6181007396bfeb904bd0",
    "ed": "https://ksr-ugc.imgix.net/assets/012/259/167/f86e1da60b25fda9d2ba469a7283fea8_original.jpg?w=338&h=190&fit=fill&bg=000000&v=1463747360&auto=format&q=92&s=db8e7a01f08f0d5deb1cac29dbeeff3c",
    "full": "https://ksr-ugc.imgix.net/assets/012/259/167/f86e1da60b25fda9d2ba469a7283fea8_original.jpg?w=560&h=315&fit=fill&bg=000000&v=1463747360&auto=format&q=92&s=8f568ce62d39c42de1d6d1d643aa493f",
    "key": "assets/012/259/167/f86e1da60b25fda9d2ba469a7283fea8_original.jpg",
    "little": "https://ksr-ugc.imgix.net/assets/012/259/167/f86e1da60b25fda9d2ba469a7283fea8_original.jpg?w=200&h=112&fit=fill&bg=000000&v=1463747360&auto=format&q=92&s=7e4a5f44074731e8fb963e40a911423e",
    "med": "https://ksr-ugc.imgix.net/assets/012/259/167/f86e1da60b25fda9d2ba469a7283fea8_original.jpg?w=266&h=150&fit=fill&bg=000000&v=1463747360&auto=format&q=92&s=f6910b101e0ffe160394d2b3da0b5efd",
    "small": "https://ksr-ugc.imgix.net/assets/012/259/167/f86e1da60b25fda9d2ba469a7283fea8_original.jpg?w=160&h=90&fit=fill&bg=000000&v=1463747360&auto=format&q=92&s=ea029c57129fc3b15b5ae5259039ca6b",
    "thumb": "https://ksr-ugc.imgix.net/assets/012/259/167/f86e1da60b25fda9d2ba469a7283fea8_original.jpg?w=40&h=22&fit=fill&bg=000000&v=1463747360&auto=format&q=92&s=f9b04332aaac4bde1cdbc135b052c620"
  },
  "pledged": 20151.0,
  "profile": {
    "background_color": null,
    "background_image_opacity": 0.8,
    "blurb": null,
    "feature_image_attributes": {
      "image_urls": {
        "baseball_card": "https://ksr-ugc.imgix.net/assets/012/259/167/f86e1da60b25fda9d2ba469a7283fea8_original.jpg?w=1552&h=873&fit=fill&bg=000000&v=1463747360&auto=format&q=92&s=61740988328fcf78faaf6f11af3aefe0",
        "default": "https://ksr-ugc.imgix.net/assets/012/259/167/f86e1da60b25fda9d2ba469a7283fea8_original.jpg?w=1552&h=873&fit=fill&bg=000000&v=1463747360&auto=format&q=92&s=61740988328fcf78faaf6f11af3aefe0"
      }
    },
    "id": 2134339,
    "link_background_color": null,
    "link_text": null,
    "link_text_color": null,
    "link_url": null,
    "name": null,
    "project_id": 2134339,
    "should_show_feature_image_section": true,
    "show_feature_image": false,
    "state": "inactive",
    "state_changed_at": 1442840450,
    "text_color": null
  },
  "slug": "real-a-guide-for-living-more-than-just-a-meditatio",
  "spotlight": true,
  "staff_pick": true,
  "state": "successful",
  "state_changed_at": 1449057601,
  "static_usd_rate": 1.53529175,
  "urls": {
    "web": {
      "project": "https://www.kickstarter.com/projects/2127883355/real-a-guide-for-living-more-than-just-a-meditatio?ref=category_newest",
      "rewards": "https://www.kickstarter.com/projects/2127883355/real-a-guide-for-living-more-than-just-a-meditatio/rewards"
    }
  },
  "usd_pledged": "30937.66405425"
}