{
  "backers_count": 2,
  "blurb": "A new simpler way to find and advertise jobs near you. Open JobMap, click a pin on the map, click apply.",
  "category": {
    "color": 6526716,
    "id": 332,
    "name": "Apps",
    "parent_id": 16,
    "position": 2,
    "slug": "technology/apps",
    "urls": {
      "web": {
        "discover": "http://www.kickstarter.com/discover/categories/technology/apps"
      }
    }
  },
  "country": "US",
  "created_at": 1457101209,
  "creator": {
    "avatar": {
      "medium": "https://ksr-ugc.imgix.net/assets/010/068/058/37bef93f30a24b8602d89218d36483d2_original.jpeg?w=160&h=160&fit=crop&v=1461665352&auto=format&q=92&s=9b56c97e5d71e1a6cbb1c725beb42159",
      "small": "https://ksr-ugc.imgix.net/assets/010/068/058/37bef93f30a24b8602d89218d36483d2_original.jpeg?w=160&h=160&fit=crop&v=1461665352&auto=format&q=92&s=9b56c97e5d71e1a6cbb1c725beb42159",
      "thumb": "https://ksr-ugc.imgix.net/assets/010/068/058/37bef93f30a24b8602d89218d36483d2_original.jpeg?w=40&h=40&fit=crop&v=1461665352&auto=format&q=92&s=90ca62ff8c198d6840f8c32baa086ee8"
    },
    "id": 884088116,
    "name": "Julio Gomes",
    "urls": {
      "api": {
        "user": "https://api.kickstarter.com/v1/users/884088116?signature=1488679169.3c928c87b800336f193d7014474203e05f2aa0e3"
      },
      "web": {
        "user": "https://www.kickstarter.com/profile/884088116"
      }
    }
  },
  "currency": "USD",
  "currency_symbol": "$",
  "currency_trailing_code": true,
  "deadline": 1462550312,
  "disable_communication": false,
  "goal": 60000.0,
  "id": 1025801831,
  "launched_at": 1457369912,
  "location": {
    "country": "US",
    "displayable_name": "Woonsocket, RI",
    "id": 2523921,
    "is_root": false,
    "name": "Woonsocket",
    "short_name": "Woonsocket, RI",
    "slug": "woonsocket-ri",
    "state": "RI",
    "type": "Town",
    "urls": {
      "api": {
        "nearby_projects": "https://api.kickstarter.com/v1/discover?signature=1488669149.a20e6ac77c89846d7210b81f9648b0e3572115d4&woe_id=2523921"
      },
      "web": {
        "discover": "https://www.kickstarter.com/discover/places/woonsocket-ri",
        "location": "https://www.kickstarter.com/locations/woonsocket-ri"
      }
    }
  },
  "name": "JobMap",
  "photo": {
    "1024x576": "https://ksr-ugc.imgix.net/assets/012/397/589/878042d0b3563a7ba6ca463a3d444039_original.jpeg?w=1024&h=576&fit=fill&bg=FFFFFF&v=1463759055&auto=format&q=92&s=a38b5ed9b580388fe7f01ee3b329330d",
    "1536x864": "https://ksr-ugc.imgix.net/assets/012/397/589/878042d0b3563a7ba6ca463a3d444039_original.jpeg?w=1536&h=864&fit=fill&bg=FFFFFF&v=1463759055&auto=format&q=92&s=e1c2ad33d7c2883c19f84c1ab4ffb3a2",
    "ed": "https://ksr-ugc.imgix.net/assets/012/397/589/878042d0b3563a7ba6ca463a3d444039_original.jpeg?w=338&h=190&fit=fill&bg=FFFFFF&v=1463759055&auto=format&q=92&s=385f46479fde4e65a2cb7cc19371af3a",
    "full": "https://ksr-ugc.imgix.net/assets/012/397/589/878042d0b3563a7ba6ca463a3d444039_original.jpeg?w=560&h=315&fit=fill&bg=FFFFFF&v=1463759055&auto=format&q=92&s=665d7034ba991801c82034ab9a57df7d",
    "key": "assets/012/397/589/878042d0b3563a7ba6ca463a3d444039_original.jpeg",
    "little": "https://ksr-ugc.imgix.net/assets/012/397/589/878042d0b3563a7ba6ca463a3d444039_original.jpeg?w=200&h=112&fit=fill&bg=FFFFFF&v=1463759055&auto=format&q=92&s=512913d7014b116e650bb5714e80ecfa",
    "med": "https://ksr-ugc.imgix.net/assets/012/397/589/878042d0b3563a7ba6ca463a3d444039_original.jpeg?w=266&h=150&fit=fill&bg=FFFFFF&v=1463759055&auto=format&q=92&s=0b0f5859ee701244529c0b3d78e6f763",
    "small": "https://ksr-ugc.imgix.net/assets/012/397/589/878042d0b3563a7ba6ca463a3d444039_original.jpeg?w=160&h=90&fit=fill&bg=FFFFFF&v=1463759055&auto=format&q=92&s=ba70706a1b4db20b0958a586cbf5d380",
    "thumb": "https://ksr-ugc.imgix.net/assets/012/397/589/878042d0b3563a7ba6ca463a3d444039_original.jpeg?w=40&h=22&fit=fill&bg=FFFFFF&v=1463759055&auto=format&q=92&s=7d2ee0f92151fe9be5646f2546f67350"
  },
  "pledged": 4.0,
  "profile": {
    "background_color": null,
    "background_image_opacity": 0.8,
    "blurb": null,
    "feature_image_attributes": {
      "image_urls": {
        "baseball_card": "https://ksr-ugc.imgix.net/assets/012/397/589/878042d0b3563a7ba6ca463a3d444039_original.jpeg?w=1552&h=873&fit=fill&bg=FFFFFF&v=1463759055&auto=format&q=92&s=777059d3745fa868093b3daca937ab34",
        "default": "https://ksr-ugc.imgix.net/assets/012/397/589/878042d0b3563a7ba6ca463a3d444039_original.jpeg?w=1552&h=873&fit=fill&bg=FFFFFF&v=1463759055&auto=format&q=92&s=777059d3745fa868093b3daca937ab34"
      }
    },
    "id": 2406633,
    "link_background_color": null,
    "link_text": null,
    "link_text_color": null,
    "link_url": null,
    "name": null,
    "project_id": 2406633,
    "should_show_feature_image_section": true,
    "show_feature_image": false,
    "state": "inactive",
    "state_changed_at": 1457101209,
    "text_color": null
  },
  "slug": "jobmap",
  "spotlight": false,
  "staff_pick": false,
  "state": "failed",
  "state_changed_at": 1462550312,
  "static_usd_rate": 1.0,
  "urls": {
    "web": {
      "project": "https://www.kickstarter.com/projects/884088116/jobmap?ref=category_newest",
      "rewards": "https://www.kickstarter.com/projects/884088116/jobmap/rewards"
    }
  },
  "usd_pledged": "4.0"
}