{
  "backers_count": 18,
  "blurb": "The 'Pinch' automatically turns devices on only when the user is around to care. \"If you're not using it --- why's it still on?\"",
  "category": {
    "color": 6526716,
    "id": 52,
    "name": "Hardware",
    "parent_id": 16,
    "position": 8,
    "slug": "technology/hardware",
    "urls": {
      "web": {
        "discover": "http://www.kickstarter.com/discover/categories/technology/hardware"
      }
    }
  },
  "country": "US",
  "created_at": 1360859559,
  "creator": {
    "avatar": {
      "medium": "https://ksr-ugc.imgix.net/assets/007/243/042/dc8952d898dd5c7589dc43dbfa561b6b_original.JPG?w=160&h=160&fit=crop&v=1461446057&auto=format&q=92&s=2b308008fee19c7ea7db13119fc2586f",
      "small": "https://ksr-ugc.imgix.net/assets/007/243/042/dc8952d898dd5c7589dc43dbfa561b6b_original.JPG?w=160&h=160&fit=crop&v=1461446057&auto=format&q=92&s=2b308008fee19c7ea7db13119fc2586f",
      "thumb": "https://ksr-ugc.imgix.net/assets/007/243/042/dc8952d898dd5c7589dc43dbfa561b6b_original.JPG?w=40&h=40&fit=crop&v=1461446057&auto=format&q=92&s=ef61eae52285ddce75755bf966884ed6"
    },
    "id": 370497449,
    "name": "Birkeland Current",
    "urls": {
      "api": {
        "user": "https://api.kickstarter.com/v1/users/370497449?signature=1488679878.0c2b18c34b98725f0c088f1db46ba8c0cf9ae028"
      },
      "web": {
        "user": "https://www.kickstarter.com/profile/370497449"
      }
    }
  },
  "currency": "USD",
  "currency_symbol": "$",
  "currency_trailing_code": true,
  "deadline": 1379702755,
  "disable_communication": false,
  "goal": 50000.0,
  "id": 1025123590,
  "launched_at": 1377110755,
  "location": {
    "country": "US",
    "displayable_name": "Waco, TX",
    "id": 2512937,
    "is_root": false,
    "name": "Waco",
    "short_name": "Waco, TX",
    "slug": "waco-tx",
    "state": "TX",
    "type": "Town",
    "urls": {
      "api": {
        "nearby_projects": "https://api.kickstarter.com/v1/discover?signature=1488668437.3699dc83535c2c12c6b16c9763dda40bc94c3685&woe_id=2512937"
      },
      "web": {
        "discover": "https://www.kickstarter.com/discover/places/waco-tx",
        "location": "https://www.kickstarter.com/locations/waco-tx"
      }
    }
  },
  "name": "The Pinch: An easy way to conserve up to 35% of energy use",
  "photo": {
    "1024x576": "https://ksr-ugc.imgix.net/assets/011/481/751/f1b6f47cc9fbfca09229f18deace464e_original.jpg?w=1024&h=576&fit=fill&bg=000000&v=1463683335&auto=format&q=92&s=114c64d75f42c0bd6802260e4daaf7eb",
    "1536x864": "https://ksr-ugc.imgix.net/assets/011/481/751/f1b6f47cc9fbfca09229f18deace464e_original.jpg?w=1536&h=864&fit=fill&bg=000000&v=1463683335&auto=format&q=92&s=2bb13a7ad14cf2279d57583bdee12bbd",
    "ed": "https://ksr-ugc.imgix.net/assets/011/481/751/f1b6f47cc9fbfca09229f18deace464e_original.jpg?w=338&h=190&fit=fill&bg=000000&v=1463683335&auto=format&q=92&s=4cd181ce7c2d19df402dd5288aef5560",
    "full": "https://ksr-ugc.imgix.net/assets/011/481/751/f1b6f47cc9fbfca09229f18deace464e_original.jpg?w=560&h=315&fit=fill&bg=000000&v=1463683335&auto=format&q=92&s=cb628054860b9a2038aaebf9b518a5aa",
    "key": "assets/011/481/751/f1b6f47cc9fbfca09229f18deace464e_original.jpg",
    "little": "https://ksr-ugc.imgix.net/assets/011/481/751/f1b6f47cc9fbfca09229f18deace464e_original.jpg?w=200&h=112&fit=fill&bg=000000&v=1463683335&auto=format&q=92&s=d5c9dcb7a68c90a686b5922cd18e4aa6",
    "med": "https://ksr-ugc.imgix.net/assets/011/481/751/f1b6f47cc9fbfca09229f18deace464e_original.jpg?w=266&h=150&fit=fill&bg=000000&v=1463683335&auto=format&q=92&s=8e84886400dd2a0d6a227bd828ba06df",
    "small": "https://ksr-ugc.imgix.net/assets/011/481/751/f1b6f47cc9fbfca09229f18deace464e_original.jpg?w=160&h=90&fit=fill&bg=000000&v=1463683335&auto=format&q=92&s=1122ce41e4bec518db50ed0cc103f449",
    "thumb": "https://ksr-ugc.imgix.net/assets/011/481/751/f1b6f47cc9fbfca09229f18deace464e_original.jpg?w=40&h=22&fit=fill&bg=000000&v=1463683335&auto=format&q=92&s=e891b533ba477c9f802c7e986ab9c4ef"
  },
  "pledged": 3208.0,
  "profile": {
    "background_color": null,
    "background_image_opacity": 0.8,
    "blurb": null,
    "feature_image_attributes": {
      "image_urls": {
        "baseball_card": "https://ksr-ugc.imgix.net/assets/011/481/751/f1b6f47cc9fbfca09229f18deace464e_original.jpg?w=1552&h=873&fit=fill&bg=000000&v=1463683335&auto=format&q=92&s=e33ec0aab1ca6e27bec32c6a82620bf6",
        "default": "https://ksr-ugc.imgix.net/assets/011/481/751/f1b6f47cc9fbfca09229f18deace464e_original.jpg?w=1552&h=873&fit=fill&bg=000000&v=1463683335&auto=format&q=92&s=e33ec0aab1ca6e27bec32c6a82620bf6"
      }
    },
    "id": 473307,
    "link_background_color": null,
    "link_text": null,
    "link_text_color": null,
    "link_url": null,
    "name": null,
    "project_id": 473307,
    "should_show_feature_image_section": true,
    "show_feature_image": false,
    "state": "inactive",
    "state_changed_at": 1425915826,
    "text_color": null
  },
  "slug": "birkeland-current-pinch-proximity-based-energy-sav",
  "spotlight": false,
  "staff_pick": false,
  "state": "failed",
  "state_changed_at": 1379702755,
  "static_usd_rate": 1.0,
  "urls": {
    "web": {
      "project": "https://www.kickstarter.com/projects/370497449/birkeland-current-pinch-proximity-based-energy-sav?ref=category_newest",
      "rewards": "https://www.kickstarter.com/projects/370497449/birkeland-current-pinch-proximity-based-energy-sav/rewards"
    }
  },
  "usd_pledged": "3208.0"
}