{
  "backers_count": 4420,
  "blurb": "It's affordable, small, lightweight, and unique.  It's a 3D printer in a class all its own!",
  "category": {
    "color": 6526716,
    "id": 331,
    "name": "3D Printing",
    "parent_id": 16,
    "position": 1,
    "slug": "technology/3d printing",
    "urls": {
      "web": {
        "discover": "http://www.kickstarter.com/discover/categories/technology/3d%20printing"
      }
    }
  },
  "country": "CA",
  "created_at": 1375932774,
  "creator": {
    "avatar": {
      "medium": "https://ksr-ugc.imgix.net/assets/007/295/764/75fd0ca63c6f18036037e5ee7a0f19e9_original.jpg?w=160&h=160&fit=crop&v=1461448588&auto=format&q=92&s=3235fc6d65f3a13c25e4be030071d718",
      "small": "https://ksr-ugc.imgix.net/assets/007/295/764/75fd0ca63c6f18036037e5ee7a0f19e9_original.jpg?w=160&h=160&fit=crop&v=1461448588&auto=format&q=92&s=3235fc6d65f3a13c25e4be030071d718",
      "thumb": "https://ksr-ugc.imgix.net/assets/007/295/764/75fd0ca63c6f18036037e5ee7a0f19e9_original.jpg?w=40&h=40&fit=crop&v=1461448588&auto=format&q=92&s=551660dec2ffd08d3568ffd25afedab9"
    },
    "id": 117421627,
    "name": "Rinnovated Design",
    "urls": {
      "api": {
        "user": "https://api.kickstarter.com/v1/users/117421627?signature=1488678702.86471a978adf737197d91dc017bfa4263a9ff17e"
      },
      "web": {
        "user": "https://www.kickstarter.com/profile/117421627"
      }
    }
  },
  "currency": "CAD",
  "currency_symbol": "$",
  "currency_trailing_code": true,
  "deadline": 1382304074,
  "disable_communication": false,
  "goal": 50000.0,
  "id": 1025701043,
  "launched_at": 1379712074,
  "location": {
    "country": "CA",
    "displayable_name": "Saskatchewan, Canada",
    "id": 29373382,
    "is_root": false,
    "name": "Saskatchewan",
    "short_name": "Saskatchewan, Canada",
    "slug": "saskatchewan-ca",
    "state": "MB",
    "type": "Town",
    "urls": {
      "api": {
        "nearby_projects": "https://api.kickstarter.com/v1/discover?signature=1488668454.962cc9ce22b8fd7e40e4e27940212a5566964a28&woe_id=29373382"
      },
      "web": {
        "discover": "https://www.kickstarter.com/discover/places/saskatchewan-ca",
        "location": "https://www.kickstarter.com/locations/saskatchewan-ca"
      }
    }
  },
  "name": "The Peachy Printer - The First $100 3D Printer & Scanner!",
  "photo": {
    "1024x576": "https://ksr-ugc.imgix.net/assets/011/560/986/3431d7970ac43bfce77cef44e8a39237_original.jpg?w=1024&h=576&fit=fill&bg=FFFFFF&v=1463684494&auto=format&q=92&s=042b769e75e2e7d9e9d39199c19136dd",
    "1536x864": "https://ksr-ugc.imgix.net/assets/011/560/986/3431d7970ac43bfce77cef44e8a39237_original.jpg?w=1536&h=864&fit=fill&bg=FFFFFF&v=1463684494&auto=format&q=92&s=dbf98c638f08c0b4f24b8f1b070fd618",
    "ed": "https://ksr-ugc.imgix.net/assets/011/560/986/3431d7970ac43bfce77cef44e8a39237_original.jpg?w=338&h=190&fit=fill&bg=FFFFFF&v=1463684494&auto=format&q=92&s=131a7c7b02026e2dd7d19eb7f7eb1a3b",
    "full": "https://ksr-ugc.imgix.net/assets/011/560/986/3431d7970ac43bfce77cef44e8a39237_original.jpg?w=560&h=315&fit=fill&bg=FFFFFF&v=1463684494&auto=format&q=92&s=518fa5d87d710e4415dd94f853601f2c",
    "key": "assets/011/560/986/3431d7970ac43bfce77cef44e8a39237_original.jpg",
    "little": "https://ksr-ugc.imgix.net/assets/011/560/986/3431d7970ac43bfce77cef44e8a39237_original.jpg?w=200&h=112&fit=fill&bg=FFFFFF&v=1463684494&auto=format&q=92&s=9b82b6b55f782d98bf62c7aa1faa950b",
    "med": "https://ksr-ugc.imgix.net/assets/011/560/986/3431d7970ac43bfce77cef44e8a39237_original.jpg?w=266&h=150&fit=fill&bg=FFFFFF&v=1463684494&auto=format&q=92&s=ec061a2e4da3e2e3eea282b95c6ceca6",
    "small": "https://ksr-ugc.imgix.net/assets/011/560/986/3431d7970ac43bfce77cef44e8a39237_original.jpg?w=160&h=90&fit=fill&bg=FFFFFF&v=1463684494&auto=format&q=92&s=baf310c77c52bd8ca8b5c359224b8beb",
    "thumb": "https://ksr-ugc.imgix.net/assets/011/560/986/3431d7970ac43bfce77cef44e8a39237_original.jpg?w=40&h=22&fit=fill&bg=FFFFFF&v=1463684494&auto=format&q=92&s=1088c3771fcea64543b61259bdac8050"
  },
  "pledged": 651091.16,
  "profile": {
    "background_color": "",
    "background_image_opacity": 0.8,
    "blurb": "The world's most affordable 3D printer.",
    "feature_image_attributes": {
      "id": 3869514,
      "image_urls": {
        "baseball_card": "https://ksr-ugc.imgix.net/assets/003/869/514/9342628847eeecc070c657b3c15ed12f_original.jpg?w=700&fit=max&v=1432745600&auto=format&q=92&s=8e6191a993dfa23440e5fac8bd9180f2",
        "default": "https://ksr-ugc.imgix.net/assets/003/869/514/9342628847eeecc070c657b3c15ed12f_original.jpg?w=700&fit=max&v=1432745600&auto=format&q=92&s=8e6191a993dfa23440e5fac8bd9180f2"
      }
    },
    "id": 658088,
    "link_background_color": "",
    "link_text": "Learn More...",
    "link_text_color": "",
    "link_url": "http://www.peachyprinter.com/#!peachy-printer-kit/c1uoo",
    "name": "The Peachy Printer - The First $100 3D Printer & Scanner!",
    "project_id": 658088,
    "should_show_feature_image_section": true,
    "show_feature_image": true,
    "state": "active",
    "state_changed_at": 1430283639,
    "text_color": ""
  },
  "slug": "the-peachy-printer-the-first-100-3d-printer-and-sc",
  "spotlight": true,
  "staff_pick": false,
  "state": "successful",
  "state_changed_at": 1382304074,
  "static_usd_rate": 0.97759356,
  "urls": {
    "web": {
      "project": "https://www.kickstarter.com/projects/117421627/the-peachy-printer-the-first-100-3d-printer-and-sc?ref=category_newest",
      "rewards": "https://www.kickstarter.com/projects/117421627/the-peachy-printer-the-first-100-3d-printer-and-sc/rewards"
    }
  },
  "usd_pledged": "636502.5249889296"
}