{
  "backers_count": 1,
  "blurb": "Mobil App receives a digital audio signal via wireless router to your phone/tablet from audio console. Eliminates bad audio at events.",
  "category": {
    "color": 6526716,
    "id": 332,
    "name": "Apps",
    "parent_id": 16,
    "position": 2,
    "slug": "technology/apps",
    "urls": {
      "web": {
        "discover": "http://www.kickstarter.com/discover/categories/technology/apps"
      }
    }
  },
  "country": "US",
  "created_at": 1449360474,
  "creator": {
    "avatar": {
      "medium": "https://ksr-ugc.imgix.net/assets/010/626/476/0936b9404e1c0610d9ea8a5fed7e3cdf_original.jpg?w=160&h=160&fit=crop&v=1461702468&auto=format&q=92&s=b7bd1e6df801b983a61f9f8db293b2ed",
      "small": "https://ksr-ugc.imgix.net/assets/010/626/476/0936b9404e1c0610d9ea8a5fed7e3cdf_original.jpg?w=160&h=160&fit=crop&v=1461702468&auto=format&q=92&s=b7bd1e6df801b983a61f9f8db293b2ed",
      "thumb": "https://ksr-ugc.imgix.net/assets/010/626/476/0936b9404e1c0610d9ea8a5fed7e3cdf_original.jpg?w=40&h=40&fit=crop&v=1461702468&auto=format&q=92&s=55ad1debdcaf7eaef25e509c694db55b"
    },
    "id": 1090588887,
    "name": "Bash Productions",
    "urls": {
      "api": {
        "user": "https://api.kickstarter.com/v1/users/1090588887?signature=1488679205.f7ed15c3b28aea9e987943e5d78c956ea8bafa58"
      },
      "web": {
        "user": "https://www.kickstarter.com/profile/1090588887"
      }
    }
  },
  "currency": "USD",
  "currency_symbol": "$",
  "currency_trailing_code": true,
  "deadline": 1467338400,
  "disable_communication": false,
  "goal": 125000.0,
  "id": 1025208802,
  "launched_at": 1464244880,
  "location": {
    "country": "US",
    "displayable_name": "San Jose, CA",
    "id": 2488042,
    "is_root": false,
    "name": "San Jose",
    "short_name": "San Jose, CA",
    "slug": "san-jose-ca",
    "state": "CA",
    "type": "Town",
    "urls": {
      "api": {
        "nearby_projects": "https://api.kickstarter.com/v1/discover?signature=1488668425.7c37d778ad21556251d1efc9efba3b84d76c31b4&woe_id=2488042"
      },
      "web": {
        "discover": "https://www.kickstarter.com/discover/places/san-jose-ca",
        "location": "https://www.kickstarter.com/locations/san-jose-ca"
      }
    }
  },
  "name": "\"MyMix\" live audio app. No more bad audio at any event.",
  "photo": {
    "1024x576": "https://ksr-ugc.imgix.net/assets/012/325/321/adc6645f0e31fb42b2aaadfd90e426df_original.jpg?w=1024&h=576&fit=fill&bg=D7D7D7&v=1463755705&auto=format&q=92&s=c6399b2c6c9436d2c8749948f70541ca",
    "1536x864": "https://ksr-ugc.imgix.net/assets/012/325/321/adc6645f0e31fb42b2aaadfd90e426df_original.jpg?w=1536&h=864&fit=fill&bg=D7D7D7&v=1463755705&auto=format&q=92&s=91aed13835fcd37c4b7f3225fb04ad03",
    "ed": "https://ksr-ugc.imgix.net/assets/012/325/321/adc6645f0e31fb42b2aaadfd90e426df_original.jpg?w=338&h=190&fit=fill&bg=D7D7D7&v=1463755705&auto=format&q=92&s=23d700df6c17e6d18d56ef0baa6cabbc",
    "full": "https://ksr-ugc.imgix.net/assets/012/325/321/adc6645f0e31fb42b2aaadfd90e426df_original.jpg?w=560&h=315&fit=fill&bg=D7D7D7&v=1463755705&auto=format&q=92&s=5e4c5f906a2325c6576961ed569f706c",
    "key": "assets/012/325/321/adc6645f0e31fb42b2aaadfd90e426df_original.jpg",
    "little": "https://ksr-ugc.imgix.net/assets/012/325/321/adc6645f0e31fb42b2aaadfd90e426df_original.jpg?w=200&h=112&fit=fill&bg=D7D7D7&v=1463755705&auto=format&q=92&s=bd3e835179cd4a50de8f2b4f176ce34c",
    "med": "https://ksr-ugc.imgix.net/assets/012/325/321/adc6645f0e31fb42b2aaadfd90e426df_original.jpg?w=266&h=150&fit=fill&bg=D7D7D7&v=1463755705&auto=format&q=92&s=8a013564eb0731c679cf3289c88a550c",
    "small": "https://ksr-ugc.imgix.net/assets/012/325/321/adc6645f0e31fb42b2aaadfd90e426df_original.jpg?w=160&h=90&fit=fill&bg=D7D7D7&v=1463755705&auto=format&q=92&s=4f656091f89c65c6086ed4e93ab6e866",
    "thumb": "https://ksr-ugc.imgix.net/assets/012/325/321/adc6645f0e31fb42b2aaadfd90e426df_original.jpg?w=40&h=22&fit=fill&bg=D7D7D7&v=1463755705&auto=format&q=92&s=489c9ec0897a4f84e4d9e31624452d3a"
  },
  "pledged": 20.0,
  "profile": {
    "background_color": null,
    "background_image_opacity": 0.8,
    "blurb": null,
    "feature_image_attributes": {
      "image_urls": {
        "baseball_card": "https://ksr-ugc.imgix.net/assets/012/325/321/adc6645f0e31fb42b2aaadfd90e426df_original.jpg?w=1552&h=873&fit=fill&bg=D7D7D7&v=1463755705&auto=format&q=92&s=3e6b04304e82238739561c72ed76f7ac",
        "default": "https://ksr-ugc.imgix.net/assets/012/325/321/adc6645f0e31fb42b2aaadfd90e426df_original.jpg?w=1552&h=873&fit=fill&bg=D7D7D7&v=1463755705&auto=format&q=92&s=3e6b04304e82238739561c72ed76f7ac"
      }
    },
    "id": 2263588,
    "link_background_color": null,
    "link_text": null,
    "link_text_color": null,
    "link_url": null,
    "name": null,
    "project_id": 2263588,
    "should_show_feature_image_section": true,
    "show_feature_image": false,
    "state": "inactive",
    "state_changed_at": 1449360474,
    "text_color": null
  },
  "slug": "mymix-live-audio-app-no-more-bad-audio-at-any-even",
  "spotlight": false,
  "staff_pick": false,
  "state": "failed",
  "state_changed_at": 1467338400,
  "static_usd_rate": 1.0,
  "urls": {
    "web": {
      "project": "https://www.kickstarter.com/projects/1090588887/mymix-live-audio-app-no-more-bad-audio-at-any-even?ref=category_newest",
      "rewards": "https://www.kickstarter.com/projects/1090588887/mymix-live-audio-app-no-more-bad-audio-at-any-even/rewards"
    }
  },
  "usd_pledged": "20.0"
}