{
  "backers_count": 16,
  "blurb": "At Leadership Prep School, we are learning about computers and hard drives by building them; then giving them to backers and Goodwill.",
  "category": {
    "color": 6526716,
    "id": 52,
    "name": "Hardware",
    "parent_id": 16,
    "position": 8,
    "slug": "technology/hardware",
    "urls": {
      "web": {
        "discover": "http://www.kickstarter.com/discover/categories/technology/hardware"
      }
    }
  },
  "country": "US",
  "created_at": 1483982372,
  "creator": {
    "avatar": {
      "medium": "https://ksr-ugc.imgix.net/assets/015/110/998/ba742fae3039b345a86f40ef3911874c_original.PNG?w=160&h=160&fit=crop&v=1483983398&auto=format&q=92&s=1223c0e11852f59ea8a43976d880a66d",
      "small": "https://ksr-ugc.imgix.net/assets/015/110/998/ba742fae3039b345a86f40ef3911874c_original.PNG?w=160&h=160&fit=crop&v=1483983398&auto=format&q=92&s=1223c0e11852f59ea8a43976d880a66d",
      "thumb": "https://ksr-ugc.imgix.net/assets/015/110/998/ba742fae3039b345a86f40ef3911874c_original.PNG?w=40&h=40&fit=crop&v=1483983398&auto=format&q=92&s=97f35036765a198df781fb002f3689fe"
    },
    "id": 288115225,
    "name": "IT Class at Leadership Prep School",
    "urls": {
      "api": {
        "user": "https://api.kickstarter.com/v1/users/288115225?signature=1488679836.30266b25c512b6f838260009682a7dc9d66b11ef"
      },
      "web": {
        "user": "https://www.kickstarter.com/profile/288115225"
      }
    }
  },
  "currency": "USD",
  "currency_symbol": "$",
  "currency_trailing_code": true,
  "deadline": 1487617897,
  "disable_communication": false,
  "goal": 1500.0,
  "id": 102529987,
  "launched_at": 1485889897,
  "location": {
    "country": "US",
    "displayable_name": "Frisco, TX",
    "id": 2407781,
    "is_root": false,
    "name": "Frisco",
    "short_name": "Frisco, TX",
    "slug": "frisco-tx",
    "state": "TX",
    "type": "Town",
    "urls": {
      "api": {
        "nearby_projects": "https://api.kickstarter.com/v1/discover?signature=1488668478.645034619921ad7ad9767e4ed8889efc3c614ed3&woe_id=2407781"
      },
      "web": {
        "discover": "https://www.kickstarter.com/discover/places/frisco-tx",
        "location": "https://www.kickstarter.com/locations/frisco-tx"
      }
    }
  },
  "name": "Leadership Prep School Learning About Computers by Building",
  "photo": {
    "1024x576": "https://ksr-ugc.imgix.net/assets/015/110/905/ba742fae3039b345a86f40ef3911874c_original.PNG?w=1024&h=576&fit=fill&bg=000000&v=1483982799&auto=format&q=92&s=9d3ef429e1979fcee46a3953cc23fe77",
    "1536x864": "https://ksr-ugc.imgix.net/assets/015/110/905/ba742fae3039b345a86f40ef3911874c_original.PNG?w=1536&h=864&fit=fill&bg=000000&v=1483982799&auto=format&q=92&s=3ade680b7eeb2dfe0726f29ac72153ef",
    "ed": "https://ksr-ugc.imgix.net/assets/015/110/905/ba742fae3039b345a86f40ef3911874c_original.PNG?w=338&h=190&fit=fill&bg=000000&v=1483982799&auto=format&q=92&s=1479d6e2ad2556e438650af26fe2bf25",
    "full": "https://ksr-ugc.imgix.net/assets/015/110/905/ba742fae3039b345a86f40ef3911874c_original.PNG?w=560&h=315&fit=fill&bg=000000&v=1483982799&auto=format&q=92&s=877ac78e923d935a123b27466d6be71d",
    "key": "assets/015/110/905/ba742fae3039b345a86f40ef3911874c_original.PNG",
    "little": "https://ksr-ugc.imgix.net/assets/015/110/905/ba742fae3039b345a86f40ef3911874c_original.PNG?w=200&h=112&fit=fill&bg=000000&v=1483982799&auto=format&q=92&s=72e78f82aee4da4de4a96defd36f7c94",
    "med": "https://ksr-ugc.imgix.net/assets/015/110/905/ba742fae3039b345a86f40ef3911874c_original.PNG?w=266&h=150&fit=fill&bg=000000&v=1483982799&auto=format&q=92&s=5c6e724a087050de2df724b8241a4c2b",
    "small": "https://ksr-ugc.imgix.net/assets/015/110/905/ba742fae3039b345a86f40ef3911874c_original.PNG?w=160&h=90&fit=fill&bg=000000&v=1483982799&auto=format&q=92&s=c8783879266db9b9907ccf064bf9b17a",
    "thumb": "https://ksr-ugc.imgix.net/assets/015/110/905/ba742fae3039b345a86f40ef3911874c_original.PNG?w=40&h=22&fit=fill&bg=000000&v=1483982799&auto=format&q=92&s=5aa362b9e80404659d73d7e4114ecdf2"
  },
  "pledged": 1605.0,
  "profile": {
    "background_color": null,
    "background_image_opacity": 0.8,
    "blurb": null,
    "feature_image_attributes": {
      "image_urls": {
        "baseball_card": "https://ksr-ugc.imgix.net/assets/015/110/905/ba742fae3039b345a86f40ef3911874c_original.PNG?w=1552&h=873&fit=fill&bg=000000&v=1483982799&auto=format&q=92&s=9c45741e27ffb36b6284e20aaa5dd92e",
        "default": "https://ksr-ugc.imgix.net/assets/015/110/905/ba742fae3039b345a86f40ef3911874c_original.PNG?w=1552&h=873&fit=fill&bg=000000&v=1483982799&auto=format&q=92&s=9c45741e27ffb36b6284e20aaa5dd92e"
      }
    },
    "id": 2828419,
    "link_background_color": null,
    "link_text": null,
    "link_text_color": null,
    "link_url": null,
    "name": null,
    "project_id": 2828419,
    "should_show_feature_image_section": true,
    "show_feature_image": false,
    "state": "inactive",
    "state_changed_at": 1483982372,
    "text_color": null
  },
  "slug": "leadership-prep-school-learning-about-computers-by",
  "spotlight": true,
  "staff_pick": false,
  "state": "successful",
  "state_changed_at": 1487617898,
  "static_usd_rate": 1.0,
  "urls": {
    "web": {
      "project": "https://www.kickstarter.com/projects/288115225/leadership-prep-school-learning-about-computers-by?ref=category_newest",
      "rewards": "https://www.kickstarter.com/projects/288115225/leadership-prep-school-learning-about-computers-by/rewards"
    }
  },
  "usd_pledged": "1605.0"
}