{
  "backers_count": 0,
  "blurb": "I am a soon to start university student who has an aspiration of creating useful and visually appealing apps/games for everyone!",
  "category": {
    "color": 6526716,
    "id": 337,
    "name": "Gadgets",
    "parent_id": 16,
    "position": 7,
    "slug": "technology/gadgets",
    "urls": {
      "web": {
        "discover": "http://www.kickstarter.com/discover/categories/technology/gadgets"
      }
    }
  },
  "country": "GB",
  "created_at": 1404857415,
  "creator": {
    "avatar": {
      "medium": "https://ksr-ugc.imgix.net/assets/008/980/213/ff6ddc2fdcf3a8e4d06805b6c2b45c2f_original.jpg?w=160&h=160&fit=crop&v=1461552449&auto=format&q=92&s=28d8cb6817eedb9db102986d638faa60",
      "small": "https://ksr-ugc.imgix.net/assets/008/980/213/ff6ddc2fdcf3a8e4d06805b6c2b45c2f_original.jpg?w=160&h=160&fit=crop&v=1461552449&auto=format&q=92&s=28d8cb6817eedb9db102986d638faa60",
      "thumb": "https://ksr-ugc.imgix.net/assets/008/980/213/ff6ddc2fdcf3a8e4d06805b6c2b45c2f_original.jpg?w=40&h=40&fit=crop&v=1461552449&auto=format&q=92&s=d1a4dad1a7dab8d57d68a3c2101da00c"
    },
    "id": 997280129,
    "name": "Hasan Tariq",
    "urls": {
      "api": {
        "user": "https://api.kickstarter.com/v1/users/997280129?signature=1488679526.e8aa8bbb3b26f63d8f1156cd485927701baf2c3f"
      },
      "web": {
        "user": "https://www.kickstarter.com/profile/997280129"
      }
    }
  },
  "currency": "GBP",
  "currency_symbol": "\u00a3",
  "currency_trailing_code": false,
  "deadline": 1407512230,
  "disable_communication": false,
  "goal": 750.0,
  "id": 102679287,
  "launched_at": 1404920230,
  "location": {
    "country": "GB",
    "displayable_name": "Birmingham, UK",
    "id": 12723,
    "is_root": false,
    "name": "Birmingham",
    "short_name": "Birmingham, UK",
    "slug": "birmingham-gb",
    "state": "England",
    "type": "Town",
    "urls": {
      "api": {
        "nearby_projects": "https://api.kickstarter.com/v1/discover?signature=1488668422.e407f7f07999cf27941538c1ed5f8f3d11daefb8&woe_id=12723"
      },
      "web": {
        "discover": "https://www.kickstarter.com/discover/places/birmingham-gb",
        "location": "https://www.kickstarter.com/locations/birmingham-gb"
      }
    }
  },
  "name": "New laptop for future app/game making",
  "photo": {
    "1024x576": "https://ksr-ugc.imgix.net/assets/011/756/326/e0bb0cb3de9173718bd0b6d7ea29bc0f_original.jpg?w=1024&h=576&fit=fill&bg=000000&v=1463690375&auto=format&q=92&s=1b937fad369a4086ec37bf4ab70619b0",
    "1536x864": "https://ksr-ugc.imgix.net/assets/011/756/326/e0bb0cb3de9173718bd0b6d7ea29bc0f_original.jpg?w=1536&h=864&fit=fill&bg=000000&v=1463690375&auto=format&q=92&s=ae7d5d4786beccd0cb04f239d96d4312",
    "ed": "https://ksr-ugc.imgix.net/assets/011/756/326/e0bb0cb3de9173718bd0b6d7ea29bc0f_original.jpg?w=338&h=190&fit=fill&bg=000000&v=1463690375&auto=format&q=92&s=c014c5b8c8680c40200093681ea3a24c",
    "full": "https://ksr-ugc.imgix.net/assets/011/756/326/e0bb0cb3de9173718bd0b6d7ea29bc0f_original.jpg?w=560&h=315&fit=fill&bg=000000&v=1463690375&auto=format&q=92&s=ade3c957657be44d889328aff7cc4ff0",
    "key": "assets/011/756/326/e0bb0cb3de9173718bd0b6d7ea29bc0f_original.jpg",
    "little": "https://ksr-ugc.imgix.net/assets/011/756/326/e0bb0cb3de9173718bd0b6d7ea29bc0f_original.jpg?w=200&h=112&fit=fill&bg=000000&v=1463690375&auto=format&q=92&s=f6edff8c57d23303452d8998284e386e",
    "med": "https://ksr-ugc.imgix.net/assets/011/756/326/e0bb0cb3de9173718bd0b6d7ea29bc0f_original.jpg?w=266&h=150&fit=fill&bg=000000&v=1463690375&auto=format&q=92&s=95588c8b8188349d998c7f3f7eb2557e",
    "small": "https://ksr-ugc.imgix.net/assets/011/756/326/e0bb0cb3de9173718bd0b6d7ea29bc0f_original.jpg?w=160&h=90&fit=fill&bg=000000&v=1463690375&auto=format&q=92&s=ab2a6e64a70de2505a858097ea2bc6db",
    "thumb": "https://ksr-ugc.imgix.net/assets/011/756/326/e0bb0cb3de9173718bd0b6d7ea29bc0f_original.jpg?w=40&h=22&fit=fill&bg=000000&v=1463690375&auto=format&q=92&s=e810219c6a8e209990295d30b34f0309"
  },
  "pledged": 0.0,
  "profile": {
    "background_color": null,
    "background_image_opacity": 0.8,
    "blurb": null,
    "feature_image_attributes": {
      "image_urls": {
        "baseball_card": "https://ksr-ugc.imgix.net/assets/011/756/326/e0bb0cb3de9173718bd0b6d7ea29bc0f_original.jpg?w=1552&h=873&fit=fill&bg=000000&v=1463690375&auto=format&q=92&s=5f020115e65163aaade7cff6f924314d",
        "default": "https://ksr-ugc.imgix.net/assets/011/756/326/e0bb0cb3de9173718bd0b6d7ea29bc0f_original.jpg?w=1552&h=873&fit=fill&bg=000000&v=1463690375&auto=format&q=92&s=5f020115e65163aaade7cff6f924314d"
      }
    },
    "id": 1130400,
    "link_background_color": null,
    "link_text": null,
    "link_text_color": null,
    "link_url": null,
    "name": null,
    "project_id": 1130400,
    "should_show_feature_image_section": true,
    "show_feature_image": false,
    "state": "inactive",
    "state_changed_at": 1425915862,
    "text_color": null
  },
  "slug": "new-laptop-for-future-app-game-making",
  "spotlight": false,
  "staff_pick": false,
  "state": "failed",
  "state_changed_at": 1407512230,
  "static_usd_rate": 1.71337029,
  "urls": {
    "web": {
      "project": "https://www.kickstarter.com/projects/997280129/new-laptop-for-future-app-game-making?ref=category_newest",
      "rewards": "https://www.kickstarter.com/projects/997280129/new-laptop-for-future-app-game-making/rewards"
    }
  },
  "usd_pledged": "0.0"
}