{
  "backers_count": 2,
  "blurb": "CleverShare is a public file-sharing platform which also incorporates a range of elements from social media\nplatforms.",
  "category": {
    "color": 6526716,
    "id": 342,
    "name": "Web",
    "parent_id": 16,
    "position": 15,
    "slug": "technology/web",
    "urls": {
      "web": {
        "discover": "http://www.kickstarter.com/discover/categories/technology/web"
      }
    }
  },
  "country": "DE",
  "created_at": 1477403081,
  "creator": {
    "avatar": {
      "medium": "https://ksr-ugc.imgix.net/assets/013/903/199/5a310289ce136edf675ca7b126ac5c9e_original.png?w=160&h=160&fit=crop&v=1475073953&auto=format&q=92&s=51f2b0357b581ddfcafb6716c8d83e36",
      "small": "https://ksr-ugc.imgix.net/assets/013/903/199/5a310289ce136edf675ca7b126ac5c9e_original.png?w=160&h=160&fit=crop&v=1475073953&auto=format&q=92&s=51f2b0357b581ddfcafb6716c8d83e36",
      "thumb": "https://ksr-ugc.imgix.net/assets/013/903/199/5a310289ce136edf675ca7b126ac5c9e_original.png?w=40&h=40&fit=crop&v=1475073953&auto=format&q=92&s=ef02d5c013f1c0022310576c2217b06a"
    },
    "id": 1400461245,
    "name": "ITholics GmbH",
    "urls": {
      "api": {
        "user": "https://api.kickstarter.com/v1/users/1400461245?signature=1488680957.71268157fb3f647ba1be1bef1bc126781b926507"
      },
      "web": {
        "user": "https://www.kickstarter.com/profile/1400461245"
      }
    }
  },
  "currency": "EUR",
  "currency_symbol": "\u20ac",
  "currency_trailing_code": false,
  "deadline": 1481268754,
  "disable_communication": false,
  "goal": 30000.0,
  "id": 102682359,
  "launched_at": 1478676754,
  "location": {
    "country": "DE",
    "displayable_name": "Kempten, Germany",
    "id": 665483,
    "is_root": false,
    "name": "Kempten",
    "short_name": "Kempten, Germany",
    "slug": "kempten-bavaria-de",
    "state": "Bavaria",
    "type": "Town",
    "urls": {
      "api": {
        "nearby_projects": "https://api.kickstarter.com/v1/discover?signature=1488670825.94ad94007c432dafa002c5f994fa4ff15f13823e&woe_id=665483"
      },
      "web": {
        "discover": "https://www.kickstarter.com/discover/places/kempten-bavaria-de",
        "location": "https://www.kickstarter.com/locations/kempten-bavaria-de"
      }
    }
  },
  "name": "CleverShare",
  "photo": {
    "1024x576": "https://ksr-ugc.imgix.net/assets/014/254/665/f14cb9e3be62798118ad00cb8fc90408_original.PNG?w=1024&h=576&fit=fill&bg=000000&v=1477404324&auto=format&q=92&s=41d92600b1fd3c4cd32ed036d3fe8852",
    "1536x864": "https://ksr-ugc.imgix.net/assets/014/254/665/f14cb9e3be62798118ad00cb8fc90408_original.PNG?w=1536&h=864&fit=fill&bg=000000&v=1477404324&auto=format&q=92&s=7c195d56a6735f822b384f6429e6531a",
    "ed": "https://ksr-ugc.imgix.net/assets/014/254/665/f14cb9e3be62798118ad00cb8fc90408_original.PNG?w=338&h=190&fit=fill&bg=000000&v=1477404324&auto=format&q=92&s=da19998f826a42bea05364b8f18535c1",
    "full": "https://ksr-ugc.imgix.net/assets/014/254/665/f14cb9e3be62798118ad00cb8fc90408_original.PNG?w=560&h=315&fit=fill&bg=000000&v=1477404324&auto=format&q=92&s=3be861aa1c241b4935abd6880e5c7f6d",
    "key": "assets/014/254/665/f14cb9e3be62798118ad00cb8fc90408_original.PNG",
    "little": "https://ksr-ugc.imgix.net/assets/014/254/665/f14cb9e3be62798118ad00cb8fc90408_original.PNG?w=200&h=112&fit=fill&bg=000000&v=1477404324&auto=format&q=92&s=279a5da5455bbe7459f583f61b2c11de",
    "med": "https://ksr-ugc.imgix.net/assets/014/254/665/f14cb9e3be62798118ad00cb8fc90408_original.PNG?w=266&h=150&fit=fill&bg=000000&v=1477404324&auto=format&q=92&s=69370ba606a10cc046cbbe7697db8dd5",
    "small": "https://ksr-ugc.imgix.net/assets/014/254/665/f14cb9e3be62798118ad00cb8fc90408_original.PNG?w=160&h=90&fit=fill&bg=000000&v=1477404324&auto=format&q=92&s=354c7eb5d8fac13c1f7c3274a8ae42d1",
    "thumb": "https://ksr-ugc.imgix.net/assets/014/254/665/f14cb9e3be62798118ad00cb8fc90408_original.PNG?w=40&h=22&fit=fill&bg=000000&v=1477404324&auto=format&q=92&s=20f00d0aa0d20e1e1d34a90040987a6a"
  },
  "pledged": 101.0,
  "profile": {
    "background_color": null,
    "background_image_opacity": 0.8,
    "blurb": null,
    "feature_image_attributes": {
      "image_urls": {
        "baseball_card": "https://ksr-ugc.imgix.net/assets/014/254/665/f14cb9e3be62798118ad00cb8fc90408_original.PNG?w=1552&h=873&fit=fill&bg=000000&v=1477404324&auto=format&q=92&s=f69cd83bd1aac6daa82e40777ab94055",
        "default": "https://ksr-ugc.imgix.net/assets/014/254/665/f14cb9e3be62798118ad00cb8fc90408_original.PNG?w=1552&h=873&fit=fill&bg=000000&v=1477404324&auto=format&q=92&s=f69cd83bd1aac6daa82e40777ab94055"
      }
    },
    "id": 2733128,
    "link_background_color": null,
    "link_text": null,
    "link_text_color": null,
    "link_url": null,
    "name": null,
    "project_id": 2733128,
    "should_show_feature_image_section": true,
    "show_feature_image": false,
    "state": "inactive",
    "state_changed_at": 1477403081,
    "text_color": null
  },
  "slug": "clevershare",
  "spotlight": false,
  "staff_pick": false,
  "state": "failed",
  "state_changed_at": 1481268754,
  "static_usd_rate": 1.10417932,
  "urls": {
    "web": {
      "project": "https://www.kickstarter.com/projects/1400461245/clevershare?ref=category_newest",
      "rewards": "https://www.kickstarter.com/projects/1400461245/clevershare/rewards"
    }
  },
  "usd_pledged": "111.52211132"
}