{
  "backers_count": 2,
  "blurb": "NoteLion is a multi-platform service which allows students the capability to effortlessly view and share classroom notes.",
  "category": {
    "color": 6526716,
    "id": 342,
    "name": "Web",
    "parent_id": 16,
    "position": 15,
    "slug": "technology/web",
    "urls": {
      "web": {
        "discover": "http://www.kickstarter.com/discover/categories/technology/web"
      }
    }
  },
  "country": "US",
  "created_at": 1456125933,
  "creator": {
    "avatar": {
      "medium": "https://ksr-ugc.imgix.net/assets/007/332/671/2801945e902567436679fd1227f9a539_original.jpg?w=160&h=160&fit=crop&v=1461450829&auto=format&q=92&s=63d135860ec05ea31fe0039fe78cace3",
      "small": "https://ksr-ugc.imgix.net/assets/007/332/671/2801945e902567436679fd1227f9a539_original.jpg?w=160&h=160&fit=crop&v=1461450829&auto=format&q=92&s=63d135860ec05ea31fe0039fe78cace3",
      "thumb": "https://ksr-ugc.imgix.net/assets/007/332/671/2801945e902567436679fd1227f9a539_original.jpg?w=40&h=40&fit=crop&v=1461450829&auto=format&q=92&s=c6b3f5b0273a36b88671e1aa4368522c"
    },
    "id": 170086559,
    "name": "Wesley Brower",
    "slug": "notelion",
    "urls": {
      "api": {
        "user": "https://api.kickstarter.com/v1/users/170086559?signature=1488680909.a647fc88afc4a581970c1c7fbd446a1f640584df"
      },
      "web": {
        "user": "https://www.kickstarter.com/profile/notelion"
      }
    }
  },
  "currency": "USD",
  "currency_symbol": "$",
  "currency_trailing_code": true,
  "deadline": 1459273616,
  "disable_communication": false,
  "goal": 29000.0,
  "id": 1026323805,
  "launched_at": 1456685216,
  "location": {
    "country": "US",
    "displayable_name": "Camarillo, CA",
    "id": 2373505,
    "is_root": false,
    "name": "Camarillo",
    "short_name": "Camarillo, CA",
    "slug": "camarillo-ca",
    "state": "CA",
    "type": "Town",
    "urls": {
      "api": {
        "nearby_projects": "https://api.kickstarter.com/v1/discover?signature=1488668487.69918cbbcb37ffae15f53ee6e8431b36f0f09f11&woe_id=2373505"
      },
      "web": {
        "discover": "https://www.kickstarter.com/discover/places/camarillo-ca",
        "location": "https://www.kickstarter.com/locations/camarillo-ca"
      }
    }
  },
  "name": "Notelion - Notes You Can ReLION",
  "photo": {
    "1024x576": "https://ksr-ugc.imgix.net/assets/012/387/466/2801945e902567436679fd1227f9a539_original.jpg?w=1024&h=576&fit=fill&bg=000000&v=1463758434&auto=format&q=92&s=f4fc2f057269a513859860e008517cd2",
    "1536x864": "https://ksr-ugc.imgix.net/assets/012/387/466/2801945e902567436679fd1227f9a539_original.jpg?w=1536&h=864&fit=fill&bg=000000&v=1463758434&auto=format&q=92&s=0cadb021628e156b23f92af19a3100ec",
    "ed": "https://ksr-ugc.imgix.net/assets/012/387/466/2801945e902567436679fd1227f9a539_original.jpg?w=338&h=190&fit=fill&bg=000000&v=1463758434&auto=format&q=92&s=5002ff3dded455146501f1ab47453cc5",
    "full": "https://ksr-ugc.imgix.net/assets/012/387/466/2801945e902567436679fd1227f9a539_original.jpg?w=560&h=315&fit=fill&bg=000000&v=1463758434&auto=format&q=92&s=b6509ab9cf5f298a368889326d7a7da4",
    "key": "assets/012/387/466/2801945e902567436679fd1227f9a539_original.jpg",
    "little": "https://ksr-ugc.imgix.net/assets/012/387/466/2801945e902567436679fd1227f9a539_original.jpg?w=200&h=112&fit=fill&bg=000000&v=1463758434&auto=format&q=92&s=b70fda4b1472df38e6c08f739d708741",
    "med": "https://ksr-ugc.imgix.net/assets/012/387/466/2801945e902567436679fd1227f9a539_original.jpg?w=266&h=150&fit=fill&bg=000000&v=1463758434&auto=format&q=92&s=436eb47ab826bb54fa40589e90290840",
    "small": "https://ksr-ugc.imgix.net/assets/012/387/466/2801945e902567436679fd1227f9a539_original.jpg?w=160&h=90&fit=fill&bg=000000&v=1463758434&auto=format&q=92&s=d0b0b37fae128538f5e2cf2ff07d25b7",
    "thumb": "https://ksr-ugc.imgix.net/assets/012/387/466/2801945e902567436679fd1227f9a539_original.jpg?w=40&h=22&fit=fill&bg=000000&v=1463758434&auto=format&q=92&s=358fb6373c7534d395c9aa8169a2d80d"
  },
  "pledged": 2.0,
  "profile": {
    "background_color": null,
    "background_image_opacity": 0.8,
    "blurb": null,
    "feature_image_attributes": {
      "image_urls": {
        "baseball_card": "https://ksr-ugc.imgix.net/assets/012/387/466/2801945e902567436679fd1227f9a539_original.jpg?w=1552&h=873&fit=fill&bg=000000&v=1463758434&auto=format&q=92&s=d9dd64feb2c42e928c37d31a490ca972",
        "default": "https://ksr-ugc.imgix.net/assets/012/387/466/2801945e902567436679fd1227f9a539_original.jpg?w=1552&h=873&fit=fill&bg=000000&v=1463758434&auto=format&q=92&s=d9dd64feb2c42e928c37d31a490ca972"
      }
    },
    "id": 2387059,
    "link_background_color": null,
    "link_text": null,
    "link_text_color": null,
    "link_url": null,
    "name": null,
    "project_id": 2387059,
    "should_show_feature_image_section": true,
    "show_feature_image": false,
    "state": "inactive",
    "state_changed_at": 1456125933,
    "text_color": null
  },
  "slug": "notelion-notes-you-can-relion-0",
  "spotlight": false,
  "staff_pick": false,
  "state": "failed",
  "state_changed_at": 1459273616,
  "static_usd_rate": 1.0,
  "urls": {
    "web": {
      "project": "https://www.kickstarter.com/projects/notelion/notelion-notes-you-can-relion-0?ref=category_newest",
      "rewards": "https://www.kickstarter.com/projects/notelion/notelion-notes-you-can-relion-0/rewards"
    }
  },
  "usd_pledged": "2.0"
}