{
  "backers_count": 0,
  "blurb": "It\u2019s a compact, simple to use, garden and tree watering system designed for myself but one I would like to produce and sell to others.",
  "category": {
    "color": 6526716,
    "id": 337,
    "name": "Gadgets",
    "parent_id": 16,
    "position": 7,
    "slug": "technology/gadgets",
    "urls": {
      "web": {
        "discover": "http://www.kickstarter.com/discover/categories/technology/gadgets"
      }
    }
  },
  "country": "US",
  "created_at": 1473386798,
  "creator": {
    "avatar": {
      "medium": "https://ksr-ugc.imgix.net/assets/013/781/944/ca80556c6158d7d0c17e87cd3485079b_original.JPG?w=160&h=160&fit=crop&v=1474218405&auto=format&q=92&s=df95c2b363c0e191201485578863a0c8",
      "small": "https://ksr-ugc.imgix.net/assets/013/781/944/ca80556c6158d7d0c17e87cd3485079b_original.JPG?w=160&h=160&fit=crop&v=1474218405&auto=format&q=92&s=df95c2b363c0e191201485578863a0c8",
      "thumb": "https://ksr-ugc.imgix.net/assets/013/781/944/ca80556c6158d7d0c17e87cd3485079b_original.JPG?w=40&h=40&fit=crop&v=1474218405&auto=format&q=92&s=e175d4b1e21231abe4eec00041f439bb"
    },
    "id": 870447864,
    "name": "Wesley Benefield",
    "slug": "wesleyb",
    "urls": {
      "api": {
        "user": "https://api.kickstarter.com/v1/users/870447864?signature=1488679644.96cfe907bac36b8ed819e1424ca8995ea7541112"
      },
      "web": {
        "user": "https://www.kickstarter.com/profile/wesleyb"
      }
    }
  },
  "currency": "USD",
  "currency_symbol": "$",
  "currency_trailing_code": true,
  "deadline": 1479739667,
  "disable_communication": false,
  "goal": 8000.0,
  "id": 1026811270,
  "launched_at": 1477144067,
  "location": {
    "country": "US",
    "displayable_name": "Birmingham, AL",
    "id": 2364559,
    "is_root": false,
    "name": "Birmingham",
    "short_name": "Birmingham, AL",
    "slug": "birmingham-al",
    "state": "AL",
    "type": "Town",
    "urls": {
      "api": {
        "nearby_projects": "https://api.kickstarter.com/v1/discover?signature=1488668422.b39d5173791f7ccf57ccf1d7b302cb435b12346a&woe_id=2364559"
      },
      "web": {
        "discover": "https://www.kickstarter.com/discover/places/birmingham-al",
        "location": "https://www.kickstarter.com/locations/birmingham-al"
      }
    }
  },
  "name": "Garden Harvest Portable Water Timer",
  "photo": {
    "1024x576": "https://ksr-ugc.imgix.net/assets/013/775/924/6697c83e005a39aea4a560114717217b_original.JPG?w=1024&h=576&fit=fill&bg=000000&v=1474224837&auto=format&q=92&s=0bd4d8fb31f2bf4e7288d8e910b10803",
    "1536x864": "https://ksr-ugc.imgix.net/assets/013/775/924/6697c83e005a39aea4a560114717217b_original.JPG?w=1536&h=864&fit=fill&bg=000000&v=1474224837&auto=format&q=92&s=5150b2086cef8376358a4f9d5e304c2f",
    "ed": "https://ksr-ugc.imgix.net/assets/013/775/924/6697c83e005a39aea4a560114717217b_original.JPG?w=338&h=190&fit=fill&bg=000000&v=1474224837&auto=format&q=92&s=13b49811e8e3940d391098ddf7511b6b",
    "full": "https://ksr-ugc.imgix.net/assets/013/775/924/6697c83e005a39aea4a560114717217b_original.JPG?w=560&h=315&fit=fill&bg=000000&v=1474224837&auto=format&q=92&s=649f9c8cd4d6daff592319e15ef77ccf",
    "key": "assets/013/775/924/6697c83e005a39aea4a560114717217b_original.JPG",
    "little": "https://ksr-ugc.imgix.net/assets/013/775/924/6697c83e005a39aea4a560114717217b_original.JPG?w=200&h=112&fit=fill&bg=000000&v=1474224837&auto=format&q=92&s=ceec8a3f835943e8a5d27ada428a5702",
    "med": "https://ksr-ugc.imgix.net/assets/013/775/924/6697c83e005a39aea4a560114717217b_original.JPG?w=266&h=150&fit=fill&bg=000000&v=1474224837&auto=format&q=92&s=84e61757c99af76b0909c52048fb6cc3",
    "small": "https://ksr-ugc.imgix.net/assets/013/775/924/6697c83e005a39aea4a560114717217b_original.JPG?w=160&h=90&fit=fill&bg=000000&v=1474224837&auto=format&q=92&s=533d789853dcf8c8b1f90653d79b6eea",
    "thumb": "https://ksr-ugc.imgix.net/assets/013/775/924/6697c83e005a39aea4a560114717217b_original.JPG?w=40&h=22&fit=fill&bg=000000&v=1474224837&auto=format&q=92&s=dc31eda4eba636d753011926c9388e85"
  },
  "pledged": 0.0,
  "profile": {
    "background_color": null,
    "background_image_opacity": 0.8,
    "blurb": null,
    "feature_image_attributes": {
      "image_urls": {
        "baseball_card": "https://ksr-ugc.imgix.net/assets/013/775/924/6697c83e005a39aea4a560114717217b_original.JPG?w=1552&h=873&fit=fill&bg=000000&v=1474224837&auto=format&q=92&s=fdfe8d26e342e79da155dec3a81e92b2",
        "default": "https://ksr-ugc.imgix.net/assets/013/775/924/6697c83e005a39aea4a560114717217b_original.JPG?w=1552&h=873&fit=fill&bg=000000&v=1474224837&auto=format&q=92&s=fdfe8d26e342e79da155dec3a81e92b2"
      }
    },
    "id": 2671578,
    "link_background_color": null,
    "link_text": null,
    "link_text_color": null,
    "link_url": null,
    "name": null,
    "project_id": 2671578,
    "should_show_feature_image_section": true,
    "show_feature_image": false,
    "state": "inactive",
    "state_changed_at": 1473386798,
    "text_color": null
  },
  "slug": "garden-harvest-portable-water-timer",
  "spotlight": false,
  "staff_pick": false,
  "state": "failed",
  "state_changed_at": 1479739667,
  "static_usd_rate": 1.0,
  "urls": {
    "web": {
      "project": "https://www.kickstarter.com/projects/wesleyb/garden-harvest-portable-water-timer?ref=category_newest",
      "rewards": "https://www.kickstarter.com/projects/wesleyb/garden-harvest-portable-water-timer/rewards"
    }
  },
  "usd_pledged": "0.0"
}