{
  "backers_count": 1,
  "blurb": "Putting college basketball on mobile phones for every major college basketball team.",
  "category": {
    "color": 6526716,
    "id": 51,
    "name": "Software",
    "parent_id": 16,
    "position": 11,
    "slug": "technology/software",
    "urls": {
      "web": {
        "discover": "http://www.kickstarter.com/discover/categories/technology/software"
      }
    }
  },
  "country": "US",
  "created_at": 1348868841,
  "creator": {
    "avatar": {
      "medium": "https://ksr-ugc.imgix.net/assets/006/979/723/969fd1a451440f4475dfc4705982a2d8_original.jpg?w=160&h=160&fit=crop&v=1461425614&auto=format&q=92&s=c3beb197082e51370d62b7e869b33784",
      "small": "https://ksr-ugc.imgix.net/assets/006/979/723/969fd1a451440f4475dfc4705982a2d8_original.jpg?w=160&h=160&fit=crop&v=1461425614&auto=format&q=92&s=c3beb197082e51370d62b7e869b33784",
      "thumb": "https://ksr-ugc.imgix.net/assets/006/979/723/969fd1a451440f4475dfc4705982a2d8_original.jpg?w=40&h=40&fit=crop&v=1461425614&auto=format&q=92&s=33b9be4019296c5b2c3e6e1973ef4f11"
    },
    "id": 1168069859,
    "name": "David VanBergen",
    "urls": {
      "api": {
        "user": "https://api.kickstarter.com/v1/users/1168069859?signature=1488680219.5b6e88922f0e6692f20a05cd58e7ad71d9ed351c"
      },
      "web": {
        "user": "https://www.kickstarter.com/profile/1168069859"
      }
    }
  },
  "currency": "USD",
  "currency_symbol": "$",
  "currency_trailing_code": true,
  "deadline": 1353208386,
  "disable_communication": false,
  "goal": 1000.0,
  "id": 1026651481,
  "launched_at": 1350612786,
  "location": {
    "country": "US",
    "displayable_name": "Wichita Falls, TX",
    "id": 2520100,
    "is_root": false,
    "name": "Wichita Falls",
    "short_name": "Wichita Falls, TX",
    "slug": "wichita-falls-tx",
    "state": "TX",
    "type": "Town",
    "urls": {
      "api": {
        "nearby_projects": "https://api.kickstarter.com/v1/discover?signature=1488668469.7acef04da7d7f5fa0ebd690abd04649f821d8f5c&woe_id=2520100"
      },
      "web": {
        "discover": "https://www.kickstarter.com/discover/places/wichita-falls-tx",
        "location": "https://www.kickstarter.com/locations/wichita-falls-tx"
      }
    }
  },
  "name": "College Basketball Mobile Phone App Project",
  "photo": {
    "1024x576": "https://ksr-ugc.imgix.net/assets/011/433/240/0b7d8b60d4169e8ee6d5464966306ceb_original.png?w=1024&h=576&fit=fill&bg=000000&v=1463682658&auto=format&q=92&s=2ce3ed5298802f761b3522b91639e04e",
    "1536x864": "https://ksr-ugc.imgix.net/assets/011/433/240/0b7d8b60d4169e8ee6d5464966306ceb_original.png?w=1536&h=864&fit=fill&bg=000000&v=1463682658&auto=format&q=92&s=bdfe4790ea1ea9739c39ad098f1fd7e9",
    "ed": "https://ksr-ugc.imgix.net/assets/011/433/240/0b7d8b60d4169e8ee6d5464966306ceb_original.png?w=338&h=190&fit=fill&bg=000000&v=1463682658&auto=format&q=92&s=582888fed58226cb836b83459905a9bf",
    "full": "https://ksr-ugc.imgix.net/assets/011/433/240/0b7d8b60d4169e8ee6d5464966306ceb_original.png?w=560&h=315&fit=fill&bg=000000&v=1463682658&auto=format&q=92&s=66bc87897f9f80df452d325cba72a32e",
    "key": "assets/011/433/240/0b7d8b60d4169e8ee6d5464966306ceb_original.png",
    "little": "https://ksr-ugc.imgix.net/assets/011/433/240/0b7d8b60d4169e8ee6d5464966306ceb_original.png?w=200&h=112&fit=fill&bg=000000&v=1463682658&auto=format&q=92&s=fa50f78c56093010062c52eaee8d78c5",
    "med": "https://ksr-ugc.imgix.net/assets/011/433/240/0b7d8b60d4169e8ee6d5464966306ceb_original.png?w=266&h=150&fit=fill&bg=000000&v=1463682658&auto=format&q=92&s=4be718a1459dabaad3a97b62d89061ef",
    "small": "https://ksr-ugc.imgix.net/assets/011/433/240/0b7d8b60d4169e8ee6d5464966306ceb_original.png?w=160&h=90&fit=fill&bg=000000&v=1463682658&auto=format&q=92&s=691cc2a77cbf0346f49e955c286d0206",
    "thumb": "https://ksr-ugc.imgix.net/assets/011/433/240/0b7d8b60d4169e8ee6d5464966306ceb_original.png?w=40&h=22&fit=fill&bg=000000&v=1463682658&auto=format&q=92&s=e00fb53976c471b9bbc24ed5a92fa122"
  },
  "pledged": 50.0,
  "profile": {
    "background_color": null,
    "background_image_opacity": 0.8,
    "blurb": null,
    "feature_image_attributes": {
      "image_urls": {
        "baseball_card": "https://ksr-ugc.imgix.net/assets/011/433/240/0b7d8b60d4169e8ee6d5464966306ceb_original.png?w=1552&h=873&fit=fill&bg=000000&v=1463682658&auto=format&q=92&s=24d289af6291f1f7027c985438e07b9b",
        "default": "https://ksr-ugc.imgix.net/assets/011/433/240/0b7d8b60d4169e8ee6d5464966306ceb_original.png?w=1552&h=873&fit=fill&bg=000000&v=1463682658&auto=format&q=92&s=24d289af6291f1f7027c985438e07b9b"
      }
    },
    "id": 358783,
    "link_background_color": null,
    "link_text": null,
    "link_text_color": null,
    "link_url": null,
    "name": null,
    "project_id": 358783,
    "should_show_feature_image_section": true,
    "show_feature_image": false,
    "state": "inactive",
    "state_changed_at": 1425915819,
    "text_color": null
  },
  "slug": "college-basketball-mobile-phone-app-project",
  "spotlight": false,
  "staff_pick": false,
  "state": "failed",
  "state_changed_at": 1353208386,
  "static_usd_rate": 1.0,
  "urls": {
    "web": {
      "project": "https://www.kickstarter.com/projects/1168069859/college-basketball-mobile-phone-app-project?ref=category_newest",
      "rewards": "https://www.kickstarter.com/projects/1168069859/college-basketball-mobile-phone-app-project/rewards"
    }
  },
  "usd_pledged": "50.0"
}