{
  "backers_count": 4,
  "blurb": "OpenTapp helps self-distributing alcohol manufacturers handle orders, gain contracts, and get their products to retail establishments.",
  "category": {
    "color": 6526716,
    "id": 332,
    "name": "Apps",
    "parent_id": 16,
    "position": 2,
    "slug": "technology/apps",
    "urls": {
      "web": {
        "discover": "http://www.kickstarter.com/discover/categories/technology/apps"
      }
    }
  },
  "country": "US",
  "created_at": 1443559638,
  "creator": {
    "avatar": {
      "medium": "https://ksr-ugc.imgix.net/assets/010/388/919/199b34969363ac714ec02e7b966eb4a3_original.JPG?w=160&h=160&fit=crop&v=1461686414&auto=format&q=92&s=f2fef03d094f36a71a45b90707a820bf",
      "small": "https://ksr-ugc.imgix.net/assets/010/388/919/199b34969363ac714ec02e7b966eb4a3_original.JPG?w=160&h=160&fit=crop&v=1461686414&auto=format&q=92&s=f2fef03d094f36a71a45b90707a820bf",
      "thumb": "https://ksr-ugc.imgix.net/assets/010/388/919/199b34969363ac714ec02e7b966eb4a3_original.JPG?w=40&h=40&fit=crop&v=1461686414&auto=format&q=92&s=a4a8a2c239ca815cd73cff9297bfd330"
    },
    "id": 1164543602,
    "name": "Scott Perry",
    "urls": {
      "api": {
        "user": "https://api.kickstarter.com/v1/users/1164543602?signature=1488679142.17ed0253ae74f5e263703fee124dad253590cb7c"
      },
      "web": {
        "user": "https://www.kickstarter.com/profile/1164543602"
      }
    }
  },
  "currency": "USD",
  "currency_symbol": "$",
  "currency_trailing_code": true,
  "deadline": 1457354721,
  "disable_communication": false,
  "goal": 60000.0,
  "id": 1026969816,
  "launched_at": 1452170721,
  "location": {
    "country": "US",
    "displayable_name": "Virginia Beach Town Center, Virginia Beach, VA",
    "id": 55806039,
    "is_root": false,
    "name": "Virginia Beach Town Center",
    "short_name": "Virginia Beach Town Center, VA",
    "slug": "virginia-beach-town-center-virginia-beach-va",
    "state": "VA",
    "type": "Suburb",
    "urls": {
      "api": {
        "nearby_projects": "https://api.kickstarter.com/v1/discover?signature=1488679142.b0f0c46ec69b63b48ab04c31b202b89d5551f243&woe_id=55806039"
      },
      "web": {
        "discover": "https://www.kickstarter.com/discover/places/virginia-beach-town-center-virginia-beach-va",
        "location": "https://www.kickstarter.com/locations/virginia-beach-town-center-virginia-beach-va"
      }
    }
  },
  "name": "OpenTapp Alcohol Distribution App",
  "photo": {
    "1024x576": "https://ksr-ugc.imgix.net/assets/012/266/909/aa99551e07ebb79c39c12958b53e9df2_original.jpg?w=1024&h=576&fit=fill&bg=000000&v=1463748498&auto=format&q=92&s=487dc98056ffd1b5a824e764825504d1",
    "1536x864": "https://ksr-ugc.imgix.net/assets/012/266/909/aa99551e07ebb79c39c12958b53e9df2_original.jpg?w=1536&h=864&fit=fill&bg=000000&v=1463748498&auto=format&q=92&s=fde4c02f9e7bf31b04b3a44f806e4f15",
    "ed": "https://ksr-ugc.imgix.net/assets/012/266/909/aa99551e07ebb79c39c12958b53e9df2_original.jpg?w=338&h=190&fit=fill&bg=000000&v=1463748498&auto=format&q=92&s=48f9f77e69db8fcc34204052c34c0dc3",
    "full": "https://ksr-ugc.imgix.net/assets/012/266/909/aa99551e07ebb79c39c12958b53e9df2_original.jpg?w=560&h=315&fit=fill&bg=000000&v=1463748498&auto=format&q=92&s=7fd1ba34ce0b0c37049c9b1fdb250192",
    "key": "assets/012/266/909/aa99551e07ebb79c39c12958b53e9df2_original.jpg",
    "little": "https://ksr-ugc.imgix.net/assets/012/266/909/aa99551e07ebb79c39c12958b53e9df2_original.jpg?w=200&h=112&fit=fill&bg=000000&v=1463748498&auto=format&q=92&s=8c656b1af047970d211423f067d96452",
    "med": "https://ksr-ugc.imgix.net/assets/012/266/909/aa99551e07ebb79c39c12958b53e9df2_original.jpg?w=266&h=150&fit=fill&bg=000000&v=1463748498&auto=format&q=92&s=3ddc0e522c367126469028cfe1a871d9",
    "small": "https://ksr-ugc.imgix.net/assets/012/266/909/aa99551e07ebb79c39c12958b53e9df2_original.jpg?w=160&h=90&fit=fill&bg=000000&v=1463748498&auto=format&q=92&s=3c97756adb535c3a48c07955410fd190",
    "thumb": "https://ksr-ugc.imgix.net/assets/012/266/909/aa99551e07ebb79c39c12958b53e9df2_original.jpg?w=40&h=22&fit=fill&bg=000000&v=1463748498&auto=format&q=92&s=261014cbf1a99f572b06aa8d6aeaf63d"
  },
  "pledged": 23.0,
  "profile": {
    "background_color": null,
    "background_image_opacity": 0.8,
    "blurb": null,
    "feature_image_attributes": {
      "image_urls": {
        "baseball_card": "https://ksr-ugc.imgix.net/assets/012/266/909/aa99551e07ebb79c39c12958b53e9df2_original.jpg?w=1552&h=873&fit=fill&bg=000000&v=1463748498&auto=format&q=92&s=1794d62e2e6f64989c45df35ce6eb3be",
        "default": "https://ksr-ugc.imgix.net/assets/012/266/909/aa99551e07ebb79c39c12958b53e9df2_original.jpg?w=1552&h=873&fit=fill&bg=000000&v=1463748498&auto=format&q=92&s=1794d62e2e6f64989c45df35ce6eb3be"
      }
    },
    "id": 2149348,
    "link_background_color": null,
    "link_text": null,
    "link_text_color": null,
    "link_url": null,
    "name": null,
    "project_id": 2149348,
    "should_show_feature_image_section": true,
    "show_feature_image": false,
    "state": "inactive",
    "state_changed_at": 1443559638,
    "text_color": null
  },
  "slug": "opentapp-alcohol-distribution-app",
  "spotlight": false,
  "staff_pick": false,
  "state": "failed",
  "state_changed_at": 1457354723,
  "static_usd_rate": 1.0,
  "urls": {
    "web": {
      "project": "https://www.kickstarter.com/projects/1164543602/opentapp-alcohol-distribution-app?ref=category_newest",
      "rewards": "https://www.kickstarter.com/projects/1164543602/opentapp-alcohol-distribution-app/rewards"
    }
  },
  "usd_pledged": "23.0"
}