{
  "backers_count": 1,
  "blurb": "Are you tired of not knowing who has access to your data? I'm building a small scale personal solution to help using OwnCloud",
  "category": {
    "color": 6526716,
    "id": 342,
    "name": "Web",
    "parent_id": 16,
    "position": 15,
    "slug": "technology/web",
    "urls": {
      "web": {
        "discover": "http://www.kickstarter.com/discover/categories/technology/web"
      }
    }
  },
  "country": "US",
  "created_at": 1405034692,
  "creator": {
    "avatar": {
      "medium": "https://ksr-ugc.imgix.net/assets/006/971/924/cac769322ff47cc20d6d26af58e6870d_original.jpg?w=160&h=160&fit=crop&v=1461424994&auto=format&q=92&s=fd734e308cd1ea32aaf6e8ae5a0e7c28",
      "small": "https://ksr-ugc.imgix.net/assets/006/971/924/cac769322ff47cc20d6d26af58e6870d_original.jpg?w=160&h=160&fit=crop&v=1461424994&auto=format&q=92&s=fd734e308cd1ea32aaf6e8ae5a0e7c28",
      "thumb": "https://ksr-ugc.imgix.net/assets/006/971/924/cac769322ff47cc20d6d26af58e6870d_original.jpg?w=40&h=40&fit=crop&v=1461424994&auto=format&q=92&s=c21a4a80aff96e5003afc3e3aeb8f41c"
    },
    "id": 760186668,
    "name": "Rob Chaney",
    "urls": {
      "api": {
        "user": "https://api.kickstarter.com/v1/users/760186668?signature=1488680695.dd05b7992423fac7eff0a10d78108c6ee4767f75"
      },
      "web": {
        "user": "https://www.kickstarter.com/profile/760186668"
      }
    }
  },
  "currency": "USD",
  "currency_symbol": "$",
  "currency_trailing_code": true,
  "deadline": 1407700926,
  "disable_communication": false,
  "goal": 50.0,
  "id": 1026976892,
  "launched_at": 1405108926,
  "location": {
    "country": "US",
    "displayable_name": "Delaware, OH",
    "id": 2390774,
    "is_root": false,
    "name": "Delaware",
    "short_name": "Delaware, OH",
    "slug": "delaware-oh",
    "state": "OH",
    "type": "Town",
    "urls": {
      "api": {
        "nearby_projects": "https://api.kickstarter.com/v1/discover?signature=1488668465.62ec8bfb50fea6b1955a3fea8a103aed667d67e1&woe_id=2390774"
      },
      "web": {
        "discover": "https://www.kickstarter.com/discover/places/delaware-oh",
        "location": "https://www.kickstarter.com/locations/delaware-oh"
      }
    }
  },
  "name": "Your personal version of Drop Box you Control!",
  "photo": {
    "1024x576": "https://ksr-ugc.imgix.net/assets/011/772/348/7fde48f47236808bb7780342959eda00_original.png?w=1024&h=576&fit=fill&bg=000000&v=1463692493&auto=format&q=92&s=7b2fb9391330a4f02ffb17260e1828b4",
    "1536x864": "https://ksr-ugc.imgix.net/assets/011/772/348/7fde48f47236808bb7780342959eda00_original.png?w=1536&h=864&fit=fill&bg=000000&v=1463692493&auto=format&q=92&s=01f6cf96790c4a351de0ccc0668da83f",
    "ed": "https://ksr-ugc.imgix.net/assets/011/772/348/7fde48f47236808bb7780342959eda00_original.png?w=338&h=190&fit=fill&bg=000000&v=1463692493&auto=format&q=92&s=ad9c8b1358594682e408042f1c0ed637",
    "full": "https://ksr-ugc.imgix.net/assets/011/772/348/7fde48f47236808bb7780342959eda00_original.png?w=560&h=315&fit=fill&bg=000000&v=1463692493&auto=format&q=92&s=76b70ca79bfe8cbaf68ea204e80f49d3",
    "key": "assets/011/772/348/7fde48f47236808bb7780342959eda00_original.png",
    "little": "https://ksr-ugc.imgix.net/assets/011/772/348/7fde48f47236808bb7780342959eda00_original.png?w=200&h=112&fit=fill&bg=000000&v=1463692493&auto=format&q=92&s=7e3c9743928cbda12faf9dc86c3a9116",
    "med": "https://ksr-ugc.imgix.net/assets/011/772/348/7fde48f47236808bb7780342959eda00_original.png?w=266&h=150&fit=fill&bg=000000&v=1463692493&auto=format&q=92&s=6c4bfdf2b5f8a6955d3183b6dd2b3f52",
    "small": "https://ksr-ugc.imgix.net/assets/011/772/348/7fde48f47236808bb7780342959eda00_original.png?w=160&h=90&fit=fill&bg=000000&v=1463692493&auto=format&q=92&s=fd513f319bb9e2f0eada77e90cdfe4f1",
    "thumb": "https://ksr-ugc.imgix.net/assets/011/772/348/7fde48f47236808bb7780342959eda00_original.png?w=40&h=22&fit=fill&bg=000000&v=1463692493&auto=format&q=92&s=d066562ee140df7fea2599e970583b63"
  },
  "pledged": 1.0,
  "profile": {
    "background_color": null,
    "background_image_opacity": 0.8,
    "blurb": null,
    "feature_image_attributes": {
      "image_urls": {
        "baseball_card": "https://ksr-ugc.imgix.net/assets/011/772/348/7fde48f47236808bb7780342959eda00_original.png?w=1552&h=873&fit=fill&bg=000000&v=1463692493&auto=format&q=92&s=fcd648399f25a6a07152a617faf7c6db",
        "default": "https://ksr-ugc.imgix.net/assets/011/772/348/7fde48f47236808bb7780342959eda00_original.png?w=1552&h=873&fit=fill&bg=000000&v=1463692493&auto=format&q=92&s=fcd648399f25a6a07152a617faf7c6db"
      }
    },
    "id": 1160282,
    "link_background_color": null,
    "link_text": null,
    "link_text_color": null,
    "link_url": null,
    "name": null,
    "project_id": 1160282,
    "should_show_feature_image_section": true,
    "show_feature_image": false,
    "state": "inactive",
    "state_changed_at": 1425915864,
    "text_color": null
  },
  "slug": "your-personal-version-of-drop-box-you-control",
  "spotlight": false,
  "staff_pick": false,
  "state": "failed",
  "state_changed_at": 1407700926,
  "static_usd_rate": 1.0,
  "urls": {
    "web": {
      "project": "https://www.kickstarter.com/projects/760186668/your-personal-version-of-drop-box-you-control?ref=category_newest",
      "rewards": "https://www.kickstarter.com/projects/760186668/your-personal-version-of-drop-box-you-control/rewards"
    }
  },
  "usd_pledged": "1.0"
}