{
  "backers_count": 5,
  "blurb": "2LOW is a PLUG and PLAY accessory for 4 wheel drive trucks that gives you 2 wheel drive low range at the push of a button.",
  "category": {
    "color": 6526716,
    "id": 337,
    "name": "Gadgets",
    "parent_id": 16,
    "position": 7,
    "slug": "technology/gadgets",
    "urls": {
      "web": {
        "discover": "http://www.kickstarter.com/discover/categories/technology/gadgets"
      }
    }
  },
  "country": "CA",
  "created_at": 1449604683,
  "creator": {
    "avatar": {
      "medium": "https://ksr-ugc.imgix.net/assets/010/634/491/c4f08b6ac7fa15652e584849aab27eb0_original.jpg?w=160&h=160&fit=crop&v=1461703057&auto=format&q=92&s=0264b51e7a19553485b935532c08d710",
      "small": "https://ksr-ugc.imgix.net/assets/010/634/491/c4f08b6ac7fa15652e584849aab27eb0_original.jpg?w=160&h=160&fit=crop&v=1461703057&auto=format&q=92&s=0264b51e7a19553485b935532c08d710",
      "thumb": "https://ksr-ugc.imgix.net/assets/010/634/491/c4f08b6ac7fa15652e584849aab27eb0_original.jpg?w=40&h=40&fit=crop&v=1461703057&auto=format&q=92&s=2b784543967dd0c17aac0acfe136673c"
    },
    "id": 162120444,
    "name": "John and Tony Ferguson",
    "slug": "2low",
    "urls": {
      "api": {
        "user": "https://api.kickstarter.com/v1/users/162120444?signature=1488679615.97f6f7735854cce2020c20dc18186e337d2841f4"
      },
      "web": {
        "user": "https://www.kickstarter.com/profile/2low"
      }
    }
  },
  "currency": "CAD",
  "currency_symbol": "$",
  "currency_trailing_code": true,
  "deadline": 1458943283,
  "disable_communication": false,
  "goal": 30000.0,
  "id": 1026275631,
  "launched_at": 1456354883,
  "location": {
    "country": "CA",
    "displayable_name": "Lombardy, Canada",
    "id": 23397208,
    "is_root": false,
    "name": "Lombardy",
    "short_name": "Lombardy, Canada",
    "slug": "lombardy-ca",
    "state": "ON",
    "type": "Town",
    "urls": {
      "api": {
        "nearby_projects": "https://api.kickstarter.com/v1/discover?signature=1488668537.3dc356dc6b2cc76a808b2830c1bbfe5da2608882&woe_id=23397208"
      },
      "web": {
        "discover": "https://www.kickstarter.com/discover/places/lombardy-ca",
        "location": "https://www.kickstarter.com/locations/lombardy-ca"
      }
    }
  },
  "name": "2LOW gives you 2 wheel drive low range at a push of a button",
  "photo": {
    "1024x576": "https://ksr-ugc.imgix.net/assets/012/327/655/9036d6efd592608b3ef9ece3b5823a13_original.jpg?w=1024&h=576&fit=fill&bg=000000&v=1463755752&auto=format&q=92&s=b7fa0ee3614187e0b258118dd26fb8c7",
    "1536x864": "https://ksr-ugc.imgix.net/assets/012/327/655/9036d6efd592608b3ef9ece3b5823a13_original.jpg?w=1536&h=864&fit=fill&bg=000000&v=1463755752&auto=format&q=92&s=0d52a80a6bd0c5b9eced87a346b59d0d",
    "ed": "https://ksr-ugc.imgix.net/assets/012/327/655/9036d6efd592608b3ef9ece3b5823a13_original.jpg?w=338&h=190&fit=fill&bg=000000&v=1463755752&auto=format&q=92&s=24b69bc3a3dde6267762533ed1515c63",
    "full": "https://ksr-ugc.imgix.net/assets/012/327/655/9036d6efd592608b3ef9ece3b5823a13_original.jpg?w=560&h=315&fit=fill&bg=000000&v=1463755752&auto=format&q=92&s=be5c9517aa882a078dba4ae3a241a317",
    "key": "assets/012/327/655/9036d6efd592608b3ef9ece3b5823a13_original.jpg",
    "little": "https://ksr-ugc.imgix.net/assets/012/327/655/9036d6efd592608b3ef9ece3b5823a13_original.jpg?w=200&h=112&fit=fill&bg=000000&v=1463755752&auto=format&q=92&s=30e4f6b861e4fbebe411526644ca9dd6",
    "med": "https://ksr-ugc.imgix.net/assets/012/327/655/9036d6efd592608b3ef9ece3b5823a13_original.jpg?w=266&h=150&fit=fill&bg=000000&v=1463755752&auto=format&q=92&s=e564018972c0bbf71f653c31f59cbc27",
    "small": "https://ksr-ugc.imgix.net/assets/012/327/655/9036d6efd592608b3ef9ece3b5823a13_original.jpg?w=160&h=90&fit=fill&bg=000000&v=1463755752&auto=format&q=92&s=d1f1c6d9ad7164d33744b0aa61203628",
    "thumb": "https://ksr-ugc.imgix.net/assets/012/327/655/9036d6efd592608b3ef9ece3b5823a13_original.jpg?w=40&h=22&fit=fill&bg=000000&v=1463755752&auto=format&q=92&s=68899accfedabdbc16490412f20ba42a"
  },
  "pledged": 511.0,
  "profile": {
    "background_color": null,
    "background_image_opacity": 0.8,
    "blurb": null,
    "feature_image_attributes": {
      "image_urls": {
        "baseball_card": "https://ksr-ugc.imgix.net/assets/012/327/655/9036d6efd592608b3ef9ece3b5823a13_original.jpg?w=1552&h=873&fit=fill&bg=000000&v=1463755752&auto=format&q=92&s=e16d1eac093885acebe17af43868ee56",
        "default": "https://ksr-ugc.imgix.net/assets/012/327/655/9036d6efd592608b3ef9ece3b5823a13_original.jpg?w=1552&h=873&fit=fill&bg=000000&v=1463755752&auto=format&q=92&s=e16d1eac093885acebe17af43868ee56"
      }
    },
    "id": 2268197,
    "link_background_color": null,
    "link_text": null,
    "link_text_color": null,
    "link_url": null,
    "name": null,
    "project_id": 2268197,
    "should_show_feature_image_section": true,
    "show_feature_image": false,
    "state": "inactive",
    "state_changed_at": 1449604683,
    "text_color": null
  },
  "slug": "2low-gives-you-2-wheel-drive-low-range-at-a-push-o",
  "spotlight": false,
  "staff_pick": false,
  "state": "failed",
  "state_changed_at": 1458943284,
  "static_usd_rate": 0.72864364,
  "urls": {
    "web": {
      "project": "https://www.kickstarter.com/projects/2low/2low-gives-you-2-wheel-drive-low-range-at-a-push-o?ref=category_newest",
      "rewards": "https://www.kickstarter.com/projects/2low/2low-gives-you-2-wheel-drive-low-range-at-a-push-o/rewards"
    }
  },
  "usd_pledged": "372.33690004"
}