{
  "backers_count": 4,
  "blurb": "HoverBars is a hoverboard accessory that allows you to hold on while you hover & has safety wheels that steady you before a fall.",
  "category": {
    "color": 6526716,
    "id": 337,
    "name": "Gadgets",
    "parent_id": 16,
    "position": 7,
    "slug": "technology/gadgets",
    "urls": {
      "web": {
        "discover": "http://www.kickstarter.com/discover/categories/technology/gadgets"
      }
    }
  },
  "country": "US",
  "created_at": 1466427115,
  "creator": {
    "avatar": {
      "medium": "https://ksr-ugc.imgix.net/assets/009/606/185/b6b65c99d758476fcad3e40c2513ad45_original.png?w=160&h=160&fit=crop&v=1461606204&auto=format&q=92&s=69fea42ce89c3100fcae7cfdfde47bb0",
      "small": "https://ksr-ugc.imgix.net/assets/009/606/185/b6b65c99d758476fcad3e40c2513ad45_original.png?w=160&h=160&fit=crop&v=1461606204&auto=format&q=92&s=69fea42ce89c3100fcae7cfdfde47bb0",
      "thumb": "https://ksr-ugc.imgix.net/assets/009/606/185/b6b65c99d758476fcad3e40c2513ad45_original.png?w=40&h=40&fit=crop&v=1461606204&auto=format&q=92&s=dc24182e2d570994af9de790f3a0c014"
    },
    "id": 2021372049,
    "name": "HoverBars",
    "slug": "hoverbars",
    "urls": {
      "api": {
        "user": "https://api.kickstarter.com/v1/users/2021372049?signature=1488679688.1380cc378940cfcb186e7fb5d70274da912653c2"
      },
      "web": {
        "user": "https://www.kickstarter.com/profile/hoverbars"
      }
    }
  },
  "currency": "USD",
  "currency_symbol": "$",
  "currency_trailing_code": true,
  "deadline": 1469296813,
  "disable_communication": false,
  "goal": 275000.0,
  "id": 1026799920,
  "launched_at": 1466704813,
  "location": {
    "country": "US",
    "displayable_name": "Georgetown, SC",
    "id": 2409677,
    "is_root": false,
    "name": "Georgetown",
    "short_name": "Georgetown, SC",
    "slug": "georgetown-georgetown-sc",
    "state": "SC",
    "type": "Town",
    "urls": {
      "api": {
        "nearby_projects": "https://api.kickstarter.com/v1/discover?signature=1488671085.73781b93e5e3240f672d3fd80ef12b52279f1d63&woe_id=2409677"
      },
      "web": {
        "discover": "https://www.kickstarter.com/discover/places/georgetown-georgetown-sc",
        "location": "https://www.kickstarter.com/locations/georgetown-georgetown-sc"
      }
    }
  },
  "name": "HoverBars - We Don't Make Hoverboards, We Make Them Safer.",
  "photo": {
    "1024x576": "https://ksr-ugc.imgix.net/assets/012/798/829/d99908b83047af7053e47db9bb10cab1_original.png?w=1024&h=576&fit=fill&bg=000000&v=1466427986&auto=format&q=92&s=60f67f1aca34ee4032657731084c35fd",
    "1536x864": "https://ksr-ugc.imgix.net/assets/012/798/829/d99908b83047af7053e47db9bb10cab1_original.png?w=1536&h=864&fit=fill&bg=000000&v=1466427986&auto=format&q=92&s=61072eb080d75c776ee951d3a64da5c3",
    "ed": "https://ksr-ugc.imgix.net/assets/012/798/829/d99908b83047af7053e47db9bb10cab1_original.png?w=338&h=190&fit=fill&bg=000000&v=1466427986&auto=format&q=92&s=804bbb5da8e8f833b0ab557764407d7f",
    "full": "https://ksr-ugc.imgix.net/assets/012/798/829/d99908b83047af7053e47db9bb10cab1_original.png?w=560&h=315&fit=fill&bg=000000&v=1466427986&auto=format&q=92&s=e00195788fb7fc8a89bc40a2896a7432",
    "key": "assets/012/798/829/d99908b83047af7053e47db9bb10cab1_original.png",
    "little": "https://ksr-ugc.imgix.net/assets/012/798/829/d99908b83047af7053e47db9bb10cab1_original.png?w=200&h=112&fit=fill&bg=000000&v=1466427986&auto=format&q=92&s=a3e5382062b437827d16d710a22027cf",
    "med": "https://ksr-ugc.imgix.net/assets/012/798/829/d99908b83047af7053e47db9bb10cab1_original.png?w=266&h=150&fit=fill&bg=000000&v=1466427986&auto=format&q=92&s=5b28049940662e8b6d98448eaecad2de",
    "small": "https://ksr-ugc.imgix.net/assets/012/798/829/d99908b83047af7053e47db9bb10cab1_original.png?w=160&h=90&fit=fill&bg=000000&v=1466427986&auto=format&q=92&s=afa747df46e94c76227d670f62b8a761",
    "thumb": "https://ksr-ugc.imgix.net/assets/012/798/829/d99908b83047af7053e47db9bb10cab1_original.png?w=40&h=22&fit=fill&bg=000000&v=1466427986&auto=format&q=92&s=afb0896e1ce2535b95989e419c18414c"
  },
  "pledged": 480.0,
  "profile": {
    "background_color": null,
    "background_image_opacity": 0.8,
    "blurb": null,
    "feature_image_attributes": {
      "image_urls": {
        "baseball_card": "https://ksr-ugc.imgix.net/assets/012/798/829/d99908b83047af7053e47db9bb10cab1_original.png?w=1552&h=873&fit=fill&bg=000000&v=1466427986&auto=format&q=92&s=219f17efe6539611c798e12a1fd60e8d",
        "default": "https://ksr-ugc.imgix.net/assets/012/798/829/d99908b83047af7053e47db9bb10cab1_original.png?w=1552&h=873&fit=fill&bg=000000&v=1466427986&auto=format&q=92&s=219f17efe6539611c798e12a1fd60e8d"
      }
    },
    "id": 2567342,
    "link_background_color": null,
    "link_text": null,
    "link_text_color": null,
    "link_url": null,
    "name": null,
    "project_id": 2567342,
    "should_show_feature_image_section": true,
    "show_feature_image": false,
    "state": "inactive",
    "state_changed_at": 1466427115,
    "text_color": null
  },
  "slug": "hoverbars-we-dont-make-hoverboards-we-make-them-sa",
  "spotlight": false,
  "staff_pick": false,
  "state": "canceled",
  "state_changed_at": 1469035740,
  "static_usd_rate": 1.0,
  "urls": {
    "web": {
      "project": "https://www.kickstarter.com/projects/hoverbars/hoverbars-we-dont-make-hoverboards-we-make-them-sa?ref=category_newest",
      "rewards": "https://www.kickstarter.com/projects/hoverbars/hoverbars-we-dont-make-hoverboards-we-make-them-sa/rewards"
    }
  },
  "usd_pledged": "480.0"
}