{
  "backers_count": 220,
  "blurb": "The Smallest and Lightest Bluetooth Speaker and Hands Free Speaker Phone for iPhone and all other Smart Phones.",
  "category": {
    "color": 6526716,
    "id": 16,
    "name": "Technology",
    "position": 14,
    "slug": "technology",
    "urls": {
      "web": {
        "discover": "http://www.kickstarter.com/discover/categories/technology"
      }
    }
  },
  "country": "US",
  "created_at": 1383342842,
  "creator": {
    "avatar": {
      "medium": "https://ksr-ugc.imgix.net/assets/007/867/337/df9e10e12efd82fdc495a0286a844743_original.jpg?w=160&h=160&fit=crop&v=1461484854&auto=format&q=92&s=aec13ee1b389bf80897feedc136ea372",
      "small": "https://ksr-ugc.imgix.net/assets/007/867/337/df9e10e12efd82fdc495a0286a844743_original.jpg?w=160&h=160&fit=crop&v=1461484854&auto=format&q=92&s=aec13ee1b389bf80897feedc136ea372",
      "thumb": "https://ksr-ugc.imgix.net/assets/007/867/337/df9e10e12efd82fdc495a0286a844743_original.jpg?w=40&h=40&fit=crop&v=1461484854&auto=format&q=92&s=e7641d59e92f179901517e461444004c"
    },
    "id": 1784085898,
    "name": "inCync",
    "urls": {
      "api": {
        "user": "https://api.kickstarter.com/v1/users/1784085898?signature=1488663117.adb77b6ffad61992b8ef3e2bef66a8bf68d1aa5b"
      },
      "web": {
        "user": "https://www.kickstarter.com/profile/1784085898"
      }
    }
  },
  "currency": "USD",
  "currency_symbol": "$",
  "currency_trailing_code": true,
  "deadline": 1392908463,
  "disable_communication": false,
  "goal": 20000.0,
  "id": 1026200929,
  "launched_at": 1390316463,
  "location": {
    "country": "US",
    "displayable_name": "Grass Valley, CA",
    "id": 2413262,
    "is_root": false,
    "name": "Grass Valley",
    "short_name": "Grass Valley, CA",
    "slug": "grass-valley-ca",
    "state": "CA",
    "type": "Town",
    "urls": {
      "api": {
        "nearby_projects": "https://api.kickstarter.com/v1/discover?signature=1488653905.ccb2f968c2efa5b3ee30d9076da47b2f57cc1ca9&woe_id=2413262"
      },
      "web": {
        "discover": "https://www.kickstarter.com/discover/places/grass-valley-ca",
        "location": "https://www.kickstarter.com/locations/grass-valley-ca"
      }
    }
  },
  "name": "inCync - The Bluetooth Speaker that Goes With You Anywhere.",
  "photo": {
    "1024x576": "https://ksr-ugc.imgix.net/assets/011/600/877/8be27c97c346eb624f3f09274ddeea21_original.png?w=1024&h=576&fit=fill&bg=000000&v=1463685170&auto=format&q=92&s=2e3150a795d696ad8569256d5777eb98",
    "1536x864": "https://ksr-ugc.imgix.net/assets/011/600/877/8be27c97c346eb624f3f09274ddeea21_original.png?w=1536&h=864&fit=fill&bg=000000&v=1463685170&auto=format&q=92&s=7d2f002a4f55c7bce0298ecbb1fcf2e3",
    "ed": "https://ksr-ugc.imgix.net/assets/011/600/877/8be27c97c346eb624f3f09274ddeea21_original.png?w=338&h=190&fit=fill&bg=000000&v=1463685170&auto=format&q=92&s=45761d4e2870c21ce224ce893d2f1ea9",
    "full": "https://ksr-ugc.imgix.net/assets/011/600/877/8be27c97c346eb624f3f09274ddeea21_original.png?w=560&h=315&fit=fill&bg=000000&v=1463685170&auto=format&q=92&s=3a4d9646408505c60479b2d831d3a3cd",
    "key": "assets/011/600/877/8be27c97c346eb624f3f09274ddeea21_original.png",
    "little": "https://ksr-ugc.imgix.net/assets/011/600/877/8be27c97c346eb624f3f09274ddeea21_original.png?w=200&h=112&fit=fill&bg=000000&v=1463685170&auto=format&q=92&s=5f42ec4d2a000fe7b06fca02532d791f",
    "med": "https://ksr-ugc.imgix.net/assets/011/600/877/8be27c97c346eb624f3f09274ddeea21_original.png?w=266&h=150&fit=fill&bg=000000&v=1463685170&auto=format&q=92&s=381a2e133186ded34e974933ca194f3a",
    "small": "https://ksr-ugc.imgix.net/assets/011/600/877/8be27c97c346eb624f3f09274ddeea21_original.png?w=160&h=90&fit=fill&bg=000000&v=1463685170&auto=format&q=92&s=23817ebad137b4e02d4f1cc6a0eba8db",
    "thumb": "https://ksr-ugc.imgix.net/assets/011/600/877/8be27c97c346eb624f3f09274ddeea21_original.png?w=40&h=22&fit=fill&bg=000000&v=1463685170&auto=format&q=92&s=6f0469c26be448124bb329ee9d58b171"
  },
  "pledged": 23459.0,
  "profile": {
    "background_color": null,
    "background_image_opacity": 0.8,
    "blurb": null,
    "feature_image_attributes": {
      "image_urls": {
        "baseball_card": "https://ksr-ugc.imgix.net/assets/011/600/877/8be27c97c346eb624f3f09274ddeea21_original.png?w=1552&h=873&fit=fill&bg=000000&v=1463685170&auto=format&q=92&s=7e1cc525c6fe507de3316b78be8ec250",
        "default": "https://ksr-ugc.imgix.net/assets/011/600/877/8be27c97c346eb624f3f09274ddeea21_original.png?w=1552&h=873&fit=fill&bg=000000&v=1463685170&auto=format&q=92&s=7e1cc525c6fe507de3316b78be8ec250"
      }
    },
    "id": 760195,
    "link_background_color": null,
    "link_text": null,
    "link_text_color": null,
    "link_url": null,
    "name": null,
    "project_id": 760195,
    "should_show_feature_image_section": true,
    "show_feature_image": false,
    "state": "inactive",
    "state_changed_at": 1425915841,
    "text_color": null
  },
  "slug": "incync-the-bluetooth-speaker-that-goes-with-you-an",
  "spotlight": true,
  "staff_pick": false,
  "state": "successful",
  "state_changed_at": 1392908463,
  "static_usd_rate": 1.0,
  "urls": {
    "web": {
      "project": "https://www.kickstarter.com/projects/1784085898/incync-the-bluetooth-speaker-that-goes-with-you-an?ref=category_most_funded",
      "rewards": "https://www.kickstarter.com/projects/1784085898/incync-the-bluetooth-speaker-that-goes-with-you-an/rewards"
    }
  },
  "usd_pledged": "23459.0"
}