{
  "backers_count": 1,
  "blurb": "DELETE THIS PROJECT PLEASE",
  "category": {
    "color": 6526716,
    "id": 52,
    "name": "Hardware",
    "parent_id": 16,
    "position": 8,
    "slug": "technology/hardware",
    "urls": {
      "web": {
        "discover": "http://www.kickstarter.com/discover/categories/technology/hardware"
      }
    }
  },
  "country": "BE",
  "created_at": 1463339854,
  "creator": {
    "avatar": {
      "medium": "https://ksr-ugc.imgix.net/assets/011/216/667/1990ea7ed4f14d0624861b5a8c47bf76_original.png?w=160&h=160&fit=crop&v=1465897571&auto=format&q=92&s=fc6206682e8a2fe43823a0e72fe1d40b",
      "small": "https://ksr-ugc.imgix.net/assets/011/216/667/1990ea7ed4f14d0624861b5a8c47bf76_original.png?w=160&h=160&fit=crop&v=1465897571&auto=format&q=92&s=fc6206682e8a2fe43823a0e72fe1d40b",
      "thumb": "https://ksr-ugc.imgix.net/assets/011/216/667/1990ea7ed4f14d0624861b5a8c47bf76_original.png?w=40&h=40&fit=crop&v=1465897571&auto=format&q=92&s=c990cb92dfe39152bc313c8fdd0adc30"
    },
    "id": 421946708,
    "name": "Jordi Thijsman (deleted)",
    "urls": {
      "api": {
        "user": "https://api.kickstarter.com/v1/users/421946708?signature=1488680058.dc85156a3669648d509d7e30379e2ddc6d7f84b0"
      },
      "web": {
        "user": "https://www.kickstarter.com/profile/421946708"
      }
    }
  },
  "currency": "EUR",
  "currency_symbol": "\u20ac",
  "currency_trailing_code": false,
  "deadline": 1468470372,
  "disable_communication": false,
  "goal": 5000.0,
  "id": 102626873,
  "launched_at": 1465878372,
  "location": {
    "country": "BE",
    "displayable_name": "Brussels, Belgium",
    "id": 968019,
    "is_root": false,
    "name": "Brussels",
    "short_name": "Brussels, Belgium",
    "slug": "brussels-be",
    "state": "Capital Region of Brussels",
    "type": "Town",
    "urls": {
      "api": {
        "nearby_projects": "https://api.kickstarter.com/v1/discover?signature=1488668422.6cec356f56da662aff332dab7a876f2e83a03d7a&woe_id=968019"
      },
      "web": {
        "discover": "https://www.kickstarter.com/discover/places/brussels-be",
        "location": "https://www.kickstarter.com/locations/brussels-be"
      }
    }
  },
  "name": "DELETE THIS PROJECT PLEASE (Canceled)",
  "photo": {
    "1024x576": "https://ksr-ugc.imgix.net/assets/012/452/719/ee3823b8bfac6d580aab2baa7d255a52_original.png?w=1024&h=576&fit=fill&bg=000000&v=1463761812&auto=format&q=92&s=ef6bb899eae15d45ae6cf51126ca71e5",
    "1536x864": "https://ksr-ugc.imgix.net/assets/012/452/719/ee3823b8bfac6d580aab2baa7d255a52_original.png?w=1536&h=864&fit=fill&bg=000000&v=1463761812&auto=format&q=92&s=1960117569178e1c130b0d30f84d79e2",
    "ed": "https://ksr-ugc.imgix.net/assets/012/452/719/ee3823b8bfac6d580aab2baa7d255a52_original.png?w=338&h=190&fit=fill&bg=000000&v=1463761812&auto=format&q=92&s=1b965cb2ee349dd4f931933ebd4d37df",
    "full": "https://ksr-ugc.imgix.net/assets/012/452/719/ee3823b8bfac6d580aab2baa7d255a52_original.png?w=560&h=315&fit=fill&bg=000000&v=1463761812&auto=format&q=92&s=eceac1f642fa356d72dd99e0521f1b5f",
    "key": "assets/012/452/719/ee3823b8bfac6d580aab2baa7d255a52_original.png",
    "little": "https://ksr-ugc.imgix.net/assets/012/452/719/ee3823b8bfac6d580aab2baa7d255a52_original.png?w=200&h=112&fit=fill&bg=000000&v=1463761812&auto=format&q=92&s=c4182fbf4f5edc5100f17f937d516f50",
    "med": "https://ksr-ugc.imgix.net/assets/012/452/719/ee3823b8bfac6d580aab2baa7d255a52_original.png?w=266&h=150&fit=fill&bg=000000&v=1463761812&auto=format&q=92&s=255bfc1a1cf365bd02f2576d87b77d91",
    "small": "https://ksr-ugc.imgix.net/assets/012/452/719/ee3823b8bfac6d580aab2baa7d255a52_original.png?w=160&h=90&fit=fill&bg=000000&v=1463761812&auto=format&q=92&s=402cc063c96746fd75c91c675a163e92",
    "thumb": "https://ksr-ugc.imgix.net/assets/012/452/719/ee3823b8bfac6d580aab2baa7d255a52_original.png?w=40&h=22&fit=fill&bg=000000&v=1463761812&auto=format&q=92&s=1fbb5047d5e0c0352b05667cf18573bc"
  },
  "pledged": 5.0,
  "profile": {
    "background_color": null,
    "background_image_opacity": 0.8,
    "blurb": null,
    "feature_image_attributes": {
      "image_urls": {
        "baseball_card": "https://ksr-ugc.imgix.net/assets/012/452/719/ee3823b8bfac6d580aab2baa7d255a52_original.png?w=1552&h=873&fit=fill&bg=000000&v=1463761812&auto=format&q=92&s=9c7aa7fd6e0e5afaf144a953b9241bc5",
        "default": "https://ksr-ugc.imgix.net/assets/012/452/719/ee3823b8bfac6d580aab2baa7d255a52_original.png?w=1552&h=873&fit=fill&bg=000000&v=1463761812&auto=format&q=92&s=9c7aa7fd6e0e5afaf144a953b9241bc5"
      }
    },
    "id": 2516703,
    "link_background_color": null,
    "link_text": null,
    "link_text_color": null,
    "link_url": null,
    "name": null,
    "project_id": 2516703,
    "should_show_feature_image_section": true,
    "show_feature_image": false,
    "state": "inactive",
    "state_changed_at": 1463339854,
    "text_color": null
  },
  "slug": "genesis-revolutionary-computer-cooling-by-alpha",
  "spotlight": false,
  "staff_pick": false,
  "state": "canceled",
  "state_changed_at": 1465931257,
  "static_usd_rate": 1.12474173,
  "urls": {
    "web": {
      "project": "https://www.kickstarter.com/projects/421946708/genesis-revolutionary-computer-cooling-by-alpha?ref=category_newest",
      "rewards": "https://www.kickstarter.com/projects/421946708/genesis-revolutionary-computer-cooling-by-alpha/rewards"
    }
  },
  "usd_pledged": "5.62370865"
}