{
  "backers_count": 1,
  "blurb": "Make carrying several cellphones a thing of the past! Sviper combines the power of cloud & gives you one handset, multiple smartphones!",
  "category": {
    "color": 6526716,
    "id": 332,
    "name": "Apps",
    "parent_id": 16,
    "position": 2,
    "slug": "technology/apps",
    "urls": {
      "web": {
        "discover": "http://www.kickstarter.com/discover/categories/technology/apps"
      }
    }
  },
  "country": "US",
  "created_at": 1401952635,
  "creator": {
    "avatar": {
      "medium": "https://ksr-ugc.imgix.net/assets/008/828/625/5713241f651871eb455538247e630727_original.jpg?w=160&h=160&fit=crop&v=1461545577&auto=format&q=92&s=3e1b7fb11b8f230ec0825edea2c1403f",
      "small": "https://ksr-ugc.imgix.net/assets/008/828/625/5713241f651871eb455538247e630727_original.jpg?w=160&h=160&fit=crop&v=1461545577&auto=format&q=92&s=3e1b7fb11b8f230ec0825edea2c1403f",
      "thumb": "https://ksr-ugc.imgix.net/assets/008/828/625/5713241f651871eb455538247e630727_original.jpg?w=40&h=40&fit=crop&v=1461545577&auto=format&q=92&s=eacb9d99b6a60b7513fe3575a7dff259"
    },
    "id": 644734749,
    "name": "Sviper Development Team",
    "urls": {
      "api": {
        "user": "https://api.kickstarter.com/v1/users/644734749?signature=1488678853.fa23b4d72a797645106665fb783a2432ebfa49d6"
      },
      "web": {
        "user": "https://www.kickstarter.com/profile/644734749"
      }
    }
  },
  "currency": "USD",
  "currency_symbol": "$",
  "currency_trailing_code": true,
  "deadline": 1405316345,
  "disable_communication": false,
  "goal": 50000.0,
  "id": 1026388130,
  "launched_at": 1402724345,
  "location": {
    "country": "US",
    "displayable_name": "Los Angeles, CA",
    "id": 2442047,
    "is_root": false,
    "name": "Los Angeles",
    "short_name": "Los Angeles, CA",
    "slug": "los-angeles-ca",
    "state": "CA",
    "type": "Town",
    "urls": {
      "api": {
        "nearby_projects": "https://api.kickstarter.com/v1/discover?signature=1488668418.2de3dd8b85798392a2853b73be0e5dca0bc529fa&woe_id=2442047"
      },
      "web": {
        "discover": "https://www.kickstarter.com/discover/places/los-angeles-ca",
        "location": "https://www.kickstarter.com/locations/los-angeles-ca"
      }
    }
  },
  "name": "Sviper - One Handset / Multiple Smartphones",
  "photo": {
    "1024x576": "https://ksr-ugc.imgix.net/assets/011/719/605/5713241f651871eb455538247e630727_original.jpg?w=1024&h=576&fit=fill&bg=000000&v=1463687264&auto=format&q=92&s=a4dad8295b1a97ba607387aab09a3726",
    "1536x864": "https://ksr-ugc.imgix.net/assets/011/719/605/5713241f651871eb455538247e630727_original.jpg?w=1536&h=864&fit=fill&bg=000000&v=1463687264&auto=format&q=92&s=f65ff4bb51a2e89c6147564e09547530",
    "ed": "https://ksr-ugc.imgix.net/assets/011/719/605/5713241f651871eb455538247e630727_original.jpg?w=338&h=190&fit=fill&bg=000000&v=1463687264&auto=format&q=92&s=cf354a23a36a5e3e2321b12151ce6b07",
    "full": "https://ksr-ugc.imgix.net/assets/011/719/605/5713241f651871eb455538247e630727_original.jpg?w=560&h=315&fit=fill&bg=000000&v=1463687264&auto=format&q=92&s=9a6562bf480e56996d73634e92c3f383",
    "key": "assets/011/719/605/5713241f651871eb455538247e630727_original.jpg",
    "little": "https://ksr-ugc.imgix.net/assets/011/719/605/5713241f651871eb455538247e630727_original.jpg?w=200&h=112&fit=fill&bg=000000&v=1463687264&auto=format&q=92&s=7913b80942284a8962a026c145922cff",
    "med": "https://ksr-ugc.imgix.net/assets/011/719/605/5713241f651871eb455538247e630727_original.jpg?w=266&h=150&fit=fill&bg=000000&v=1463687264&auto=format&q=92&s=cd491ea7d1a454cff200b5df013b4b38",
    "small": "https://ksr-ugc.imgix.net/assets/011/719/605/5713241f651871eb455538247e630727_original.jpg?w=160&h=90&fit=fill&bg=000000&v=1463687264&auto=format&q=92&s=9a2b38733844c03bc609e4d1638f40ed",
    "thumb": "https://ksr-ugc.imgix.net/assets/011/719/605/5713241f651871eb455538247e630727_original.jpg?w=40&h=22&fit=fill&bg=000000&v=1463687264&auto=format&q=92&s=aabbbab02b3a036a73ce5d9fd938c08c"
  },
  "pledged": 5.0,
  "profile": {
    "background_color": null,
    "background_image_opacity": 0.8,
    "blurb": null,
    "feature_image_attributes": {
      "image_urls": {
        "baseball_card": "https://ksr-ugc.imgix.net/assets/011/719/605/5713241f651871eb455538247e630727_original.jpg?w=1552&h=873&fit=fill&bg=000000&v=1463687264&auto=format&q=92&s=652fe01bfc589d386aea5dcb12252eb4",
        "default": "https://ksr-ugc.imgix.net/assets/011/719/605/5713241f651871eb455538247e630727_original.jpg?w=1552&h=873&fit=fill&bg=000000&v=1463687264&auto=format&q=92&s=652fe01bfc589d386aea5dcb12252eb4"
      }
    },
    "id": 1055350,
    "link_background_color": null,
    "link_text": null,
    "link_text_color": null,
    "link_url": null,
    "name": null,
    "project_id": 1055350,
    "should_show_feature_image_section": true,
    "show_feature_image": false,
    "state": "inactive",
    "state_changed_at": 1425915858,
    "text_color": null
  },
  "slug": "sviper-one-handset-multiple-smartphones",
  "spotlight": false,
  "staff_pick": false,
  "state": "failed",
  "state_changed_at": 1405316345,
  "static_usd_rate": 1.0,
  "urls": {
    "web": {
      "project": "https://www.kickstarter.com/projects/644734749/sviper-one-handset-multiple-smartphones?ref=category_newest",
      "rewards": "https://www.kickstarter.com/projects/644734749/sviper-one-handset-multiple-smartphones/rewards"
    }
  },
  "usd_pledged": "5.0"
}