{
  "backers_count": 16,
  "blurb": "The automated, clip-free grocery coupon app that lets you save money automatically at the checkout.",
  "category": {
    "color": 6526716,
    "id": 332,
    "name": "Apps",
    "parent_id": 16,
    "position": 2,
    "slug": "technology/apps",
    "urls": {
      "web": {
        "discover": "http://www.kickstarter.com/discover/categories/technology/apps"
      }
    }
  },
  "country": "US",
  "created_at": 1424412160,
  "creator": {
    "avatar": {
      "medium": "https://ksr-ugc.imgix.net/assets/006/625/996/ec8d63773d96d7e77e49c7e6e875502a_original.jpg?w=160&h=160&fit=crop&v=1461400861&auto=format&q=92&s=3b466c4139bf4238f42523800c7eca3c",
      "small": "https://ksr-ugc.imgix.net/assets/006/625/996/ec8d63773d96d7e77e49c7e6e875502a_original.jpg?w=160&h=160&fit=crop&v=1461400861&auto=format&q=92&s=3b466c4139bf4238f42523800c7eca3c",
      "thumb": "https://ksr-ugc.imgix.net/assets/006/625/996/ec8d63773d96d7e77e49c7e6e875502a_original.jpg?w=40&h=40&fit=crop&v=1461400861&auto=format&q=92&s=677469d9e7359ca339a7d8cead96f553"
    },
    "id": 78812434,
    "name": "RedBottle Design",
    "slug": "redbottledesign",
    "urls": {
      "api": {
        "user": "https://api.kickstarter.com/v1/users/78812434?signature=1488678993.36161fdbb27105fe9f9a9f4620ece078b626f0d0"
      },
      "web": {
        "user": "https://www.kickstarter.com/profile/redbottledesign"
      }
    }
  },
  "currency": "USD",
  "currency_symbol": "$",
  "currency_trailing_code": true,
  "deadline": 1430970780,
  "disable_communication": false,
  "goal": 75000.0,
  "id": 1026093958,
  "launched_at": 1427082780,
  "location": {
    "country": "US",
    "displayable_name": "Rochester, NY",
    "id": 2482949,
    "is_root": false,
    "name": "Rochester",
    "short_name": "Rochester, NY",
    "slug": "rochester-monroe-ny",
    "state": "NY",
    "type": "Town",
    "urls": {
      "api": {
        "nearby_projects": "https://api.kickstarter.com/v1/discover?signature=1488668421.2ab0d22f6dfdc13b83659dc18350815b7e8a440f&woe_id=2482949"
      },
      "web": {
        "discover": "https://www.kickstarter.com/discover/places/rochester-monroe-ny",
        "location": "https://www.kickstarter.com/locations/rochester-monroe-ny"
      }
    }
  },
  "name": "Zazu Wallet: Grocery Coupons on Autopilot",
  "photo": {
    "1024x576": "https://ksr-ugc.imgix.net/assets/012/043/491/dcf6df632e039bac35ae7a102b95a702_original.jpg?w=1024&h=576&fit=fill&bg=000000&v=1463726783&auto=format&q=92&s=1ae5af18db90c50819277acfcaa88928",
    "1536x864": "https://ksr-ugc.imgix.net/assets/012/043/491/dcf6df632e039bac35ae7a102b95a702_original.jpg?w=1536&h=864&fit=fill&bg=000000&v=1463726783&auto=format&q=92&s=9984e0e8de700616743a7d60d6861091",
    "ed": "https://ksr-ugc.imgix.net/assets/012/043/491/dcf6df632e039bac35ae7a102b95a702_original.jpg?w=338&h=190&fit=fill&bg=000000&v=1463726783&auto=format&q=92&s=17653a2340a16723f3fd54f7d1259018",
    "full": "https://ksr-ugc.imgix.net/assets/012/043/491/dcf6df632e039bac35ae7a102b95a702_original.jpg?w=560&h=315&fit=fill&bg=000000&v=1463726783&auto=format&q=92&s=21cfa72f4f2cb5e3d68eec70ce6d9b17",
    "key": "assets/012/043/491/dcf6df632e039bac35ae7a102b95a702_original.jpg",
    "little": "https://ksr-ugc.imgix.net/assets/012/043/491/dcf6df632e039bac35ae7a102b95a702_original.jpg?w=200&h=112&fit=fill&bg=000000&v=1463726783&auto=format&q=92&s=bd4da02de8e0f90e071096a09fd1fc74",
    "med": "https://ksr-ugc.imgix.net/assets/012/043/491/dcf6df632e039bac35ae7a102b95a702_original.jpg?w=266&h=150&fit=fill&bg=000000&v=1463726783&auto=format&q=92&s=d1cf4baab856ce7969f3867f7e1841fa",
    "small": "https://ksr-ugc.imgix.net/assets/012/043/491/dcf6df632e039bac35ae7a102b95a702_original.jpg?w=160&h=90&fit=fill&bg=000000&v=1463726783&auto=format&q=92&s=bae035b8b226915ae5a69f72feb25fae",
    "thumb": "https://ksr-ugc.imgix.net/assets/012/043/491/dcf6df632e039bac35ae7a102b95a702_original.jpg?w=40&h=22&fit=fill&bg=000000&v=1463726783&auto=format&q=92&s=ae53042e063385aeb4b1c4ad3a865221"
  },
  "pledged": 448.0,
  "profile": {
    "background_color": null,
    "background_image_opacity": 0.8,
    "blurb": null,
    "feature_image_attributes": {
      "image_urls": {
        "baseball_card": "https://ksr-ugc.imgix.net/assets/012/043/491/dcf6df632e039bac35ae7a102b95a702_original.jpg?w=1552&h=873&fit=fill&bg=000000&v=1463726783&auto=format&q=92&s=e9ef10c78fda75d2ee61dc59d8a53f00",
        "default": "https://ksr-ugc.imgix.net/assets/012/043/491/dcf6df632e039bac35ae7a102b95a702_original.jpg?w=1552&h=873&fit=fill&bg=000000&v=1463726783&auto=format&q=92&s=e9ef10c78fda75d2ee61dc59d8a53f00"
      }
    },
    "id": 1718308,
    "link_background_color": null,
    "link_text": null,
    "link_text_color": null,
    "link_url": null,
    "name": null,
    "project_id": 1718308,
    "should_show_feature_image_section": true,
    "show_feature_image": false,
    "state": "inactive",
    "state_changed_at": 1425915894,
    "text_color": null
  },
  "slug": "zazu-wallet-grocery-coupons-on-auto-pilot",
  "spotlight": false,
  "staff_pick": false,
  "state": "failed",
  "state_changed_at": 1430970783,
  "static_usd_rate": 1.0,
  "urls": {
    "web": {
      "project": "https://www.kickstarter.com/projects/redbottledesign/zazu-wallet-grocery-coupons-on-auto-pilot?ref=category_newest",
      "rewards": "https://www.kickstarter.com/projects/redbottledesign/zazu-wallet-grocery-coupons-on-auto-pilot/rewards"
    }
  },
  "usd_pledged": "448.0"
}