{
  "backers_count": 8,
  "blurb": "Solve your input confusion at the push of a button with a learning remote that syncs your TV, cable box, HDMI & other A/V components!",
  "category": {
    "color": 6526716,
    "id": 337,
    "name": "Gadgets",
    "parent_id": 16,
    "position": 7,
    "slug": "technology/gadgets",
    "urls": {
      "web": {
        "discover": "http://www.kickstarter.com/discover/categories/technology/gadgets"
      }
    }
  },
  "country": "US",
  "created_at": 1466457910,
  "creator": {
    "avatar": {
      "medium": "https://ksr-ugc.imgix.net/assets/012/888/316/43f7fbd73ef2caa9956901953f2e9a96_original.jpg?w=160&h=160&fit=crop&v=1467129714&auto=format&q=92&s=e22454345ac1a70b0c5e8c0aa2532ff8",
      "small": "https://ksr-ugc.imgix.net/assets/012/888/316/43f7fbd73ef2caa9956901953f2e9a96_original.jpg?w=160&h=160&fit=crop&v=1467129714&auto=format&q=92&s=e22454345ac1a70b0c5e8c0aa2532ff8",
      "thumb": "https://ksr-ugc.imgix.net/assets/012/888/316/43f7fbd73ef2caa9956901953f2e9a96_original.jpg?w=40&h=40&fit=crop&v=1467129714&auto=format&q=92&s=7ae3d8951d264d28c6f58c93c6ea337b"
    },
    "id": 5877985,
    "name": "Ron Mocogni",
    "urls": {
      "api": {
        "user": "https://api.kickstarter.com/v1/users/5877985?signature=1488679632.3a0d4087a634d7e7d7294bd7396b0096b95e4b91"
      },
      "web": {
        "user": "https://www.kickstarter.com/profile/5877985"
      }
    }
  },
  "currency": "USD",
  "currency_symbol": "$",
  "currency_trailing_code": true,
  "deadline": 1470016800,
  "disable_communication": false,
  "goal": 75000.0,
  "id": 10278585,
  "launched_at": 1467322668,
  "location": {
    "country": "US",
    "displayable_name": "Jupiter, FL",
    "id": 2430365,
    "is_root": false,
    "name": "Jupiter",
    "short_name": "Jupiter, FL",
    "slug": "jupiter-fl",
    "state": "FL",
    "type": "Town",
    "urls": {
      "api": {
        "nearby_projects": "https://api.kickstarter.com/v1/discover?signature=1488668439.01234cf44ad83d5bec4cd47ae681cbc768ed3175&woe_id=2430365"
      },
      "web": {
        "discover": "https://www.kickstarter.com/discover/places/jupiter-fl",
        "location": "https://www.kickstarter.com/locations/jupiter-fl"
      }
    }
  },
  "name": "iRMimic - Making TV Simple Again!",
  "photo": {
    "1024x576": "https://ksr-ugc.imgix.net/assets/012/804/343/ad53887f8fed11107156aa0a538643d3_original.jpg?w=1024&h=576&fit=fill&bg=000000&v=1467934950&auto=format&q=92&s=3e2163003754308dfc9e33939d13086f",
    "1536x864": "https://ksr-ugc.imgix.net/assets/012/804/343/ad53887f8fed11107156aa0a538643d3_original.jpg?w=1536&h=864&fit=fill&bg=000000&v=1467934950&auto=format&q=92&s=e1fe4089ece2b3d7665693b6e00def50",
    "ed": "https://ksr-ugc.imgix.net/assets/012/804/343/ad53887f8fed11107156aa0a538643d3_original.jpg?w=338&h=190&fit=fill&bg=000000&v=1467934950&auto=format&q=92&s=77ff6525dcc490df82f5b1557c45d4ec",
    "full": "https://ksr-ugc.imgix.net/assets/012/804/343/ad53887f8fed11107156aa0a538643d3_original.jpg?w=560&h=315&fit=fill&bg=000000&v=1467934950&auto=format&q=92&s=970948178e5eda36ad054223a973385b",
    "key": "assets/012/804/343/ad53887f8fed11107156aa0a538643d3_original.jpg",
    "little": "https://ksr-ugc.imgix.net/assets/012/804/343/ad53887f8fed11107156aa0a538643d3_original.jpg?w=200&h=112&fit=fill&bg=000000&v=1467934950&auto=format&q=92&s=62e163aa578e53d7b5ec51f498b7dec0",
    "med": "https://ksr-ugc.imgix.net/assets/012/804/343/ad53887f8fed11107156aa0a538643d3_original.jpg?w=266&h=150&fit=fill&bg=000000&v=1467934950&auto=format&q=92&s=5c6774dd322ecad35196817e3ab23d4e",
    "small": "https://ksr-ugc.imgix.net/assets/012/804/343/ad53887f8fed11107156aa0a538643d3_original.jpg?w=160&h=90&fit=fill&bg=000000&v=1467934950&auto=format&q=92&s=870546d647445514747a520d037f6c4b",
    "thumb": "https://ksr-ugc.imgix.net/assets/012/804/343/ad53887f8fed11107156aa0a538643d3_original.jpg?w=40&h=22&fit=fill&bg=000000&v=1467934950&auto=format&q=92&s=e111bb0d5571f571586aaf9b66c69827"
  },
  "pledged": 1350.0,
  "profile": {
    "background_color": null,
    "background_image_opacity": 0.8,
    "blurb": null,
    "feature_image_attributes": {
      "image_urls": {
        "baseball_card": "https://ksr-ugc.imgix.net/assets/012/804/343/ad53887f8fed11107156aa0a538643d3_original.jpg?w=1552&h=873&fit=fill&bg=000000&v=1467934950&auto=format&q=92&s=a0982fe9607cf17e93b3ff702d993136",
        "default": "https://ksr-ugc.imgix.net/assets/012/804/343/ad53887f8fed11107156aa0a538643d3_original.jpg?w=1552&h=873&fit=fill&bg=000000&v=1467934950&auto=format&q=92&s=a0982fe9607cf17e93b3ff702d993136"
      }
    },
    "id": 2568012,
    "link_background_color": null,
    "link_text": null,
    "link_text_color": null,
    "link_url": null,
    "name": null,
    "project_id": 2568012,
    "should_show_feature_image_section": true,
    "show_feature_image": false,
    "state": "inactive",
    "state_changed_at": 1466457910,
    "text_color": null
  },
  "slug": "irmimic-making-tv-simple-again",
  "spotlight": false,
  "staff_pick": false,
  "state": "failed",
  "state_changed_at": 1470016800,
  "static_usd_rate": 1.0,
  "urls": {
    "web": {
      "project": "https://www.kickstarter.com/projects/5877985/irmimic-making-tv-simple-again?ref=category_newest",
      "rewards": "https://www.kickstarter.com/projects/5877985/irmimic-making-tv-simple-again/rewards"
    }
  },
  "usd_pledged": "1350.0"
}