{
  "backers_count": 62,
  "blurb": "Freedom to be online safely and securely. A computer that lets anyone protect their identity, information and location online.",
  "category": {
    "color": 6526716,
    "id": 51,
    "name": "Software",
    "parent_id": 16,
    "position": 11,
    "slug": "technology/software",
    "urls": {
      "web": {
        "discover": "http://www.kickstarter.com/discover/categories/technology/software"
      }
    }
  },
  "country": "GB",
  "created_at": 1460930267,
  "creator": {
    "avatar": {
      "medium": "https://ksr-ugc.imgix.net/assets/005/742/987/2b9bbab4e2a744c05311de1065203741_original.png?w=160&h=160&fit=crop&v=1460935388&auto=format&q=92&s=0752a4f01821de50ae4f394d76c7872f",
      "small": "https://ksr-ugc.imgix.net/assets/005/742/987/2b9bbab4e2a744c05311de1065203741_original.png?w=160&h=160&fit=crop&v=1460935388&auto=format&q=92&s=0752a4f01821de50ae4f394d76c7872f",
      "thumb": "https://ksr-ugc.imgix.net/assets/005/742/987/2b9bbab4e2a744c05311de1065203741_original.png?w=40&h=40&fit=crop&v=1460935388&auto=format&q=92&s=83bc4e260327daf4b7cf7af6b5be583d"
    },
    "id": 562146716,
    "name": "Dyc Studio Ltd (deleted)",
    "urls": {
      "api": {
        "user": "https://api.kickstarter.com/v1/users/562146716?signature=1488680374.ebe1da5dc612c089caa5a52494a88328e0930e0c"
      },
      "web": {
        "user": "https://www.kickstarter.com/profile/562146716"
      }
    }
  },
  "currency": "GBP",
  "currency_symbol": "\u00a3",
  "currency_trailing_code": false,
  "deadline": 1466371662,
  "disable_communication": false,
  "goal": 20000.0,
  "id": 1027590221,
  "launched_at": 1463779662,
  "location": {
    "country": "GB",
    "displayable_name": "London, UK",
    "id": 44418,
    "is_root": false,
    "name": "London",
    "short_name": "London, UK",
    "slug": "london-gb",
    "state": "England",
    "type": "Town",
    "urls": {
      "api": {
        "nearby_projects": "https://api.kickstarter.com/v1/discover?signature=1488668416.b722aeee49187b0362a5f49f63b05fba1954673c&woe_id=44418"
      },
      "web": {
        "discover": "https://www.kickstarter.com/discover/places/london-gb",
        "location": "https://www.kickstarter.com/locations/london-gb"
      }
    }
  },
  "name": "Kiri - The Anonymous Computer",
  "photo": {
    "1024x576": "https://ksr-ugc.imgix.net/assets/012/432/208/482f1d784b894cd87a44b0a86a085416_original.jpg?w=1024&h=576&fit=fill&bg=262624&v=1463760864&auto=format&q=92&s=0b34d3d3f8cebd64a6f7d74d9131522d",
    "1536x864": "https://ksr-ugc.imgix.net/assets/012/432/208/482f1d784b894cd87a44b0a86a085416_original.jpg?w=1536&h=864&fit=fill&bg=262624&v=1463760864&auto=format&q=92&s=24ee4bb8927a39528f9d64595076e2f0",
    "ed": "https://ksr-ugc.imgix.net/assets/012/432/208/482f1d784b894cd87a44b0a86a085416_original.jpg?w=338&h=190&fit=fill&bg=262624&v=1463760864&auto=format&q=92&s=9a301cba4e4435cf39f7fb605004dbc4",
    "full": "https://ksr-ugc.imgix.net/assets/012/432/208/482f1d784b894cd87a44b0a86a085416_original.jpg?w=560&h=315&fit=fill&bg=262624&v=1463760864&auto=format&q=92&s=008cea5ebea1b9a11ac80ece7dcd65c3",
    "key": "assets/012/432/208/482f1d784b894cd87a44b0a86a085416_original.jpg",
    "little": "https://ksr-ugc.imgix.net/assets/012/432/208/482f1d784b894cd87a44b0a86a085416_original.jpg?w=200&h=112&fit=fill&bg=262624&v=1463760864&auto=format&q=92&s=f568f13997fdc338a9d8fa2c5d207c69",
    "med": "https://ksr-ugc.imgix.net/assets/012/432/208/482f1d784b894cd87a44b0a86a085416_original.jpg?w=266&h=150&fit=fill&bg=262624&v=1463760864&auto=format&q=92&s=944821ce4c823c5c1816baefa85101be",
    "small": "https://ksr-ugc.imgix.net/assets/012/432/208/482f1d784b894cd87a44b0a86a085416_original.jpg?w=160&h=90&fit=fill&bg=262624&v=1463760864&auto=format&q=92&s=a63920d763c63cc3d200fea29007b3c9",
    "thumb": "https://ksr-ugc.imgix.net/assets/012/432/208/482f1d784b894cd87a44b0a86a085416_original.jpg?w=40&h=22&fit=fill&bg=262624&v=1463760864&auto=format&q=92&s=73f80bcdc47ac186c963d868530e48d4"
  },
  "pledged": 2950.0,
  "profile": {
    "background_color": null,
    "background_image_opacity": 0.8,
    "blurb": null,
    "feature_image_attributes": {
      "image_urls": {
        "baseball_card": "https://ksr-ugc.imgix.net/assets/012/432/208/482f1d784b894cd87a44b0a86a085416_original.jpg?w=1552&h=873&fit=fill&bg=262624&v=1463760864&auto=format&q=92&s=a5e1077c20f378578733e21fe6a88d11",
        "default": "https://ksr-ugc.imgix.net/assets/012/432/208/482f1d784b894cd87a44b0a86a085416_original.jpg?w=1552&h=873&fit=fill&bg=262624&v=1463760864&auto=format&q=92&s=a5e1077c20f378578733e21fe6a88d11"
      }
    },
    "id": 2475339,
    "link_background_color": null,
    "link_text": null,
    "link_text_color": null,
    "link_url": null,
    "name": null,
    "project_id": 2475339,
    "should_show_feature_image_section": true,
    "show_feature_image": false,
    "state": "inactive",
    "state_changed_at": 1460930267,
    "text_color": null
  },
  "slug": "kiri-the-anonymous-computer",
  "spotlight": false,
  "staff_pick": false,
  "state": "failed",
  "state_changed_at": 1466371662,
  "static_usd_rate": 1.45244126,
  "urls": {
    "web": {
      "project": "https://www.kickstarter.com/projects/562146716/kiri-the-anonymous-computer?ref=category_newest",
      "rewards": "https://www.kickstarter.com/projects/562146716/kiri-the-anonymous-computer/rewards"
    }
  },
  "usd_pledged": "4284.701717"
}