{
  "backers_count": 1,
  "blurb": "With your help addicts will be able to get the support they need to get clean. Sponsorfinder is a site that connects sponsors & addicts",
  "category": {
    "color": 6526716,
    "id": 342,
    "name": "Web",
    "parent_id": 16,
    "position": 15,
    "slug": "technology/web",
    "urls": {
      "web": {
        "discover": "http://www.kickstarter.com/discover/categories/technology/web"
      }
    }
  },
  "country": "US",
  "created_at": 1436287127,
  "creator": {
    "avatar": {
      "medium": "https://ksr-ugc.imgix.net/assets/006/512/182/c08ce67e6998021030c4024dd07831c6_original.jpg?w=160&h=160&fit=crop&v=1461393145&auto=format&q=92&s=42ea3e8b47d92649065be5230966f066",
      "small": "https://ksr-ugc.imgix.net/assets/006/512/182/c08ce67e6998021030c4024dd07831c6_original.jpg?w=160&h=160&fit=crop&v=1461393145&auto=format&q=92&s=42ea3e8b47d92649065be5230966f066",
      "thumb": "https://ksr-ugc.imgix.net/assets/006/512/182/c08ce67e6998021030c4024dd07831c6_original.jpg?w=40&h=40&fit=crop&v=1461393145&auto=format&q=92&s=27a26a2b9b24ea761bb750a25d90c60a"
    },
    "id": 1430830240,
    "name": "James Ramsey",
    "slug": "jamesramsey",
    "urls": {
      "api": {
        "user": "https://api.kickstarter.com/v1/users/1430830240?signature=1488680846.88ea77d42a804fe204b2c20c2d27a5a9e700b186"
      },
      "web": {
        "user": "https://www.kickstarter.com/profile/jamesramsey"
      }
    }
  },
  "currency": "USD",
  "currency_symbol": "$",
  "currency_trailing_code": true,
  "deadline": 1438441464,
  "disable_communication": false,
  "goal": 20588.0,
  "id": 1027758812,
  "launched_at": 1436367864,
  "location": {
    "country": "US",
    "displayable_name": "Norfolk, VA",
    "id": 2460389,
    "is_root": false,
    "name": "Norfolk",
    "short_name": "Norfolk, VA",
    "slug": "norfolk-va",
    "state": "VA",
    "type": "Town",
    "urls": {
      "api": {
        "nearby_projects": "https://api.kickstarter.com/v1/discover?signature=1488668440.09aba38ca2819ad040a00aba16eb9287c611f884&woe_id=2460389"
      },
      "web": {
        "discover": "https://www.kickstarter.com/discover/places/norfolk-va",
        "location": "https://www.kickstarter.com/locations/norfolk-va"
      }
    }
  },
  "name": "Imagine a dating site for addicts & sponsors. Sponsorfinder",
  "photo": {
    "1024x576": "https://ksr-ugc.imgix.net/assets/012/190/078/f20bd1757931b32d04e20ced837b9c34_original.jpg?w=1024&h=576&fit=fill&bg=000000&v=1463740406&auto=format&q=92&s=864f420aef4fd93270e5c970525dc571",
    "1536x864": "https://ksr-ugc.imgix.net/assets/012/190/078/f20bd1757931b32d04e20ced837b9c34_original.jpg?w=1536&h=864&fit=fill&bg=000000&v=1463740406&auto=format&q=92&s=b0a0edc81a531fb59a7a093218ecbdce",
    "ed": "https://ksr-ugc.imgix.net/assets/012/190/078/f20bd1757931b32d04e20ced837b9c34_original.jpg?w=338&h=190&fit=fill&bg=000000&v=1463740406&auto=format&q=92&s=f9fd18375f3259986f05a201ee7ca98f",
    "full": "https://ksr-ugc.imgix.net/assets/012/190/078/f20bd1757931b32d04e20ced837b9c34_original.jpg?w=560&h=315&fit=fill&bg=000000&v=1463740406&auto=format&q=92&s=1c413776e8814995b0ca43915caa24a4",
    "key": "assets/012/190/078/f20bd1757931b32d04e20ced837b9c34_original.jpg",
    "little": "https://ksr-ugc.imgix.net/assets/012/190/078/f20bd1757931b32d04e20ced837b9c34_original.jpg?w=200&h=112&fit=fill&bg=000000&v=1463740406&auto=format&q=92&s=9eb992b757209cb5b26206711d3676cf",
    "med": "https://ksr-ugc.imgix.net/assets/012/190/078/f20bd1757931b32d04e20ced837b9c34_original.jpg?w=266&h=150&fit=fill&bg=000000&v=1463740406&auto=format&q=92&s=3b56a99e2ea5bc6416884548b85cff0d",
    "small": "https://ksr-ugc.imgix.net/assets/012/190/078/f20bd1757931b32d04e20ced837b9c34_original.jpg?w=160&h=90&fit=fill&bg=000000&v=1463740406&auto=format&q=92&s=1e0eefb4b3e3d684fbc26fe83a61d37f",
    "thumb": "https://ksr-ugc.imgix.net/assets/012/190/078/f20bd1757931b32d04e20ced837b9c34_original.jpg?w=40&h=22&fit=fill&bg=000000&v=1463740406&auto=format&q=92&s=f06e55c8842e2a0d8be7b03fe3adc24b"
  },
  "pledged": 5.0,
  "profile": {
    "background_color": null,
    "background_image_opacity": 0.8,
    "blurb": null,
    "feature_image_attributes": {
      "image_urls": {
        "baseball_card": "https://ksr-ugc.imgix.net/assets/012/190/078/f20bd1757931b32d04e20ced837b9c34_original.jpg?w=1552&h=873&fit=fill&bg=000000&v=1463740406&auto=format&q=92&s=2702bea56938b62616a73620dabb63b1",
        "default": "https://ksr-ugc.imgix.net/assets/012/190/078/f20bd1757931b32d04e20ced837b9c34_original.jpg?w=1552&h=873&fit=fill&bg=000000&v=1463740406&auto=format&q=92&s=2702bea56938b62616a73620dabb63b1"
      }
    },
    "id": 2001885,
    "link_background_color": null,
    "link_text": null,
    "link_text_color": null,
    "link_url": null,
    "name": null,
    "project_id": 2001885,
    "should_show_feature_image_section": true,
    "show_feature_image": false,
    "state": "inactive",
    "state_changed_at": 1436287127,
    "text_color": null
  },
  "slug": "imagine-a-dating-site-for-addicts-and-sponsors-spo",
  "spotlight": false,
  "staff_pick": false,
  "state": "failed",
  "state_changed_at": 1438441466,
  "static_usd_rate": 1.0,
  "urls": {
    "web": {
      "project": "https://www.kickstarter.com/projects/jamesramsey/imagine-a-dating-site-for-addicts-and-sponsors-spo?ref=category_newest",
      "rewards": "https://www.kickstarter.com/projects/jamesramsey/imagine-a-dating-site-for-addicts-and-sponsors-spo/rewards"
    }
  },
  "usd_pledged": "5.0"
}