{
  "backers_count": 13,
  "blurb": "The first fully compatible LPT hardware device for the Beaglebone Black. For hobbyists, developers, and designers!",
  "category": {
    "color": 6526716,
    "id": 52,
    "name": "Hardware",
    "parent_id": 16,
    "position": 8,
    "slug": "technology/hardware",
    "urls": {
      "web": {
        "discover": "http://www.kickstarter.com/discover/categories/technology/hardware"
      }
    }
  },
  "country": "US",
  "created_at": 1384299173,
  "creator": {
    "avatar": {
      "medium": "https://ksr-ugc.imgix.net/assets/008/151/314/bbe60c7ebd4c0f1195122962e96334fc_original.JPG?w=160&h=160&fit=crop&v=1461506039&auto=format&q=92&s=4406df30250e590eb93903de4f0ce339",
      "small": "https://ksr-ugc.imgix.net/assets/008/151/314/bbe60c7ebd4c0f1195122962e96334fc_original.JPG?w=160&h=160&fit=crop&v=1461506039&auto=format&q=92&s=4406df30250e590eb93903de4f0ce339",
      "thumb": "https://ksr-ugc.imgix.net/assets/008/151/314/bbe60c7ebd4c0f1195122962e96334fc_original.JPG?w=40&h=40&fit=crop&v=1461506039&auto=format&q=92&s=565b7a6141eee252ae18e5f9574acfbb"
    },
    "id": 1289576655,
    "name": "Justin Carlson",
    "urls": {
      "api": {
        "user": "https://api.kickstarter.com/v1/users/1289576655?signature=1488679889.56e255837729cb5af4adae4e18712959aee7ca26"
      },
      "web": {
        "user": "https://www.kickstarter.com/profile/1289576655"
      }
    }
  },
  "currency": "USD",
  "currency_symbol": "$",
  "currency_trailing_code": true,
  "deadline": 1388604617,
  "disable_communication": false,
  "goal": 7400.0,
  "id": 10270441,
  "launched_at": 1386012617,
  "location": {
    "country": "US",
    "displayable_name": "Phoenix, AZ",
    "id": 2471390,
    "is_root": false,
    "name": "Phoenix",
    "short_name": "Phoenix, AZ",
    "slug": "phoenix-az",
    "state": "AZ",
    "type": "Town",
    "urls": {
      "api": {
        "nearby_projects": "https://api.kickstarter.com/v1/discover?signature=1488668421.b1ae16d8cb0acddf9f98e663dbbde7284e65890f&woe_id=2471390"
      },
      "web": {
        "discover": "https://www.kickstarter.com/discover/places/phoenix-az",
        "location": "https://www.kickstarter.com/locations/phoenix-az"
      }
    }
  },
  "name": "Io-1 -  A True LPT Parallel Port Cape For The Beaglebone.",
  "photo": {
    "1024x576": "https://ksr-ugc.imgix.net/assets/011/606/837/240151ea272ef38b1bb3e3f90d0c6224_original.jpg?w=1024&h=576&fit=fill&bg=000000&v=1463685272&auto=format&q=92&s=79af2c4b6ba4d67684d19102c111f377",
    "1536x864": "https://ksr-ugc.imgix.net/assets/011/606/837/240151ea272ef38b1bb3e3f90d0c6224_original.jpg?w=1536&h=864&fit=fill&bg=000000&v=1463685272&auto=format&q=92&s=7e5ee70e48f9922943d545a3a133d54f",
    "ed": "https://ksr-ugc.imgix.net/assets/011/606/837/240151ea272ef38b1bb3e3f90d0c6224_original.jpg?w=338&h=190&fit=fill&bg=000000&v=1463685272&auto=format&q=92&s=75e97e21a2bf23b1a15c79b4eae183c1",
    "full": "https://ksr-ugc.imgix.net/assets/011/606/837/240151ea272ef38b1bb3e3f90d0c6224_original.jpg?w=560&h=315&fit=fill&bg=000000&v=1463685272&auto=format&q=92&s=f6b551c57b184d3f1ebdb98ffa7b91c4",
    "key": "assets/011/606/837/240151ea272ef38b1bb3e3f90d0c6224_original.jpg",
    "little": "https://ksr-ugc.imgix.net/assets/011/606/837/240151ea272ef38b1bb3e3f90d0c6224_original.jpg?w=200&h=112&fit=fill&bg=000000&v=1463685272&auto=format&q=92&s=16bea7dff04d35895fe7ba8f96fd07f3",
    "med": "https://ksr-ugc.imgix.net/assets/011/606/837/240151ea272ef38b1bb3e3f90d0c6224_original.jpg?w=266&h=150&fit=fill&bg=000000&v=1463685272&auto=format&q=92&s=761f4180c861886720778df29060871c",
    "small": "https://ksr-ugc.imgix.net/assets/011/606/837/240151ea272ef38b1bb3e3f90d0c6224_original.jpg?w=160&h=90&fit=fill&bg=000000&v=1463685272&auto=format&q=92&s=5194fccfb712051c726f60b79db43a07",
    "thumb": "https://ksr-ugc.imgix.net/assets/011/606/837/240151ea272ef38b1bb3e3f90d0c6224_original.jpg?w=40&h=22&fit=fill&bg=000000&v=1463685272&auto=format&q=92&s=9f378b89ac0cb181d0d59e18441ffe07"
  },
  "pledged": 836.0,
  "profile": {
    "background_color": null,
    "background_image_opacity": 0.8,
    "blurb": null,
    "feature_image_attributes": {
      "image_urls": {
        "baseball_card": "https://ksr-ugc.imgix.net/assets/011/606/837/240151ea272ef38b1bb3e3f90d0c6224_original.jpg?w=1552&h=873&fit=fill&bg=000000&v=1463685272&auto=format&q=92&s=7c3b94f779a4a1d2cc737593c7fefd25",
        "default": "https://ksr-ugc.imgix.net/assets/011/606/837/240151ea272ef38b1bb3e3f90d0c6224_original.jpg?w=1552&h=873&fit=fill&bg=000000&v=1463685272&auto=format&q=92&s=7c3b94f779a4a1d2cc737593c7fefd25"
      }
    },
    "id": 775017,
    "link_background_color": null,
    "link_text": null,
    "link_text_color": null,
    "link_url": null,
    "name": null,
    "project_id": 775017,
    "should_show_feature_image_section": true,
    "show_feature_image": false,
    "state": "inactive",
    "state_changed_at": 1425915842,
    "text_color": null
  },
  "slug": "io-1-a-true-lpt-parallel-port-cape-for-the-beagleb",
  "spotlight": false,
  "staff_pick": false,
  "state": "failed",
  "state_changed_at": 1388604617,
  "static_usd_rate": 1.0,
  "urls": {
    "web": {
      "project": "https://www.kickstarter.com/projects/1289576655/io-1-a-true-lpt-parallel-port-cape-for-the-beagleb?ref=category_newest",
      "rewards": "https://www.kickstarter.com/projects/1289576655/io-1-a-true-lpt-parallel-port-cape-for-the-beagleb/rewards"
    }
  },
  "usd_pledged": "836.0"
}