{
  "backers_count": 14,
  "blurb": "YoungBoard \u2014 A new transport for sustainable development by Center Young GmbH.  We are a new start up company and need your support!",
  "category": {
    "color": 6526716,
    "id": 334,
    "name": "DIY Electronics",
    "parent_id": 16,
    "position": 4,
    "slug": "technology/diy electronics",
    "urls": {
      "web": {
        "discover": "http://www.kickstarter.com/discover/categories/technology/diy%20electronics"
      }
    }
  },
  "country": "DE",
  "created_at": 1453213456,
  "creator": {
    "avatar": {
      "medium": "https://ksr-ugc.imgix.net/assets/010/588/216/c32a97f46a5a7d2876f21b12819f0862_original.PNG?w=160&h=160&fit=crop&v=1461699885&auto=format&q=92&s=ca265d730bc02e892a0d1f0e703128e3",
      "small": "https://ksr-ugc.imgix.net/assets/010/588/216/c32a97f46a5a7d2876f21b12819f0862_original.PNG?w=160&h=160&fit=crop&v=1461699885&auto=format&q=92&s=ca265d730bc02e892a0d1f0e703128e3",
      "thumb": "https://ksr-ugc.imgix.net/assets/010/588/216/c32a97f46a5a7d2876f21b12819f0862_original.PNG?w=40&h=40&fit=crop&v=1461699885&auto=format&q=92&s=e6d6fa847149c581558192cc93f56ded"
    },
    "id": 50537264,
    "name": "Center Young GmbH",
    "urls": {
      "api": {
        "user": "https://api.kickstarter.com/v1/users/50537264?signature=1488679324.ccdd88bc09c3b8ee5e5c242777ea8d31108288ae"
      },
      "web": {
        "user": "https://www.kickstarter.com/profile/50537264"
      }
    }
  },
  "currency": "EUR",
  "currency_symbol": "\u20ac",
  "currency_trailing_code": false,
  "deadline": 1467046326,
  "disable_communication": false,
  "goal": 25000.0,
  "id": 1027721189,
  "launched_at": 1464454326,
  "location": {
    "country": "DE",
    "displayable_name": "Duisburg, Germany",
    "id": 645877,
    "is_root": false,
    "name": "Duisburg",
    "short_name": "Duisburg, Germany",
    "slug": "duisburg-de",
    "state": "North Rhine-Westphalia",
    "type": "Town",
    "urls": {
      "api": {
        "nearby_projects": "https://api.kickstarter.com/v1/discover?signature=1488668449.f4d4a3485987665ae051e8b57bcd48db2214a682&woe_id=645877"
      },
      "web": {
        "discover": "https://www.kickstarter.com/discover/places/duisburg-de",
        "location": "https://www.kickstarter.com/locations/duisburg-de"
      }
    }
  },
  "name": "YoungBoard-The world\u2019s first real solar electric skateboard",
  "photo": {
    "1024x576": "https://ksr-ugc.imgix.net/assets/012/358/115/290f62e82af9201acd0691572347554a_original.jpg?w=1024&h=576&fit=fill&bg=000000&v=1464410444&auto=format&q=92&s=191ef3f0c1b72821a68dd40a0e0b251f",
    "1536x864": "https://ksr-ugc.imgix.net/assets/012/358/115/290f62e82af9201acd0691572347554a_original.jpg?w=1536&h=864&fit=fill&bg=000000&v=1464410444&auto=format&q=92&s=35381effab0c3c49dc1e8965ba3e6d29",
    "ed": "https://ksr-ugc.imgix.net/assets/012/358/115/290f62e82af9201acd0691572347554a_original.jpg?w=338&h=190&fit=fill&bg=000000&v=1464410444&auto=format&q=92&s=ad74a1b61d07481b51d65b558587fe66",
    "full": "https://ksr-ugc.imgix.net/assets/012/358/115/290f62e82af9201acd0691572347554a_original.jpg?w=560&h=315&fit=fill&bg=000000&v=1464410444&auto=format&q=92&s=41b17378f9105bfaa1ffdb5bcf1c38c2",
    "key": "assets/012/358/115/290f62e82af9201acd0691572347554a_original.jpg",
    "little": "https://ksr-ugc.imgix.net/assets/012/358/115/290f62e82af9201acd0691572347554a_original.jpg?w=200&h=112&fit=fill&bg=000000&v=1464410444&auto=format&q=92&s=ce33b9429e3b309a0d72a068be57c6d4",
    "med": "https://ksr-ugc.imgix.net/assets/012/358/115/290f62e82af9201acd0691572347554a_original.jpg?w=266&h=150&fit=fill&bg=000000&v=1464410444&auto=format&q=92&s=0c62023a9a951d504f8a9f40f7b9a4cb",
    "small": "https://ksr-ugc.imgix.net/assets/012/358/115/290f62e82af9201acd0691572347554a_original.jpg?w=160&h=90&fit=fill&bg=000000&v=1464410444&auto=format&q=92&s=875322fd301e6e8ff82384f31ab93e94",
    "thumb": "https://ksr-ugc.imgix.net/assets/012/358/115/290f62e82af9201acd0691572347554a_original.jpg?w=40&h=22&fit=fill&bg=000000&v=1464410444&auto=format&q=92&s=b7af2c92ad3adceb2851ef852d381df7"
  },
  "pledged": 25000.0,
  "profile": {
    "background_color": "",
    "background_image_opacity": 0.8,
    "blurb": "YoungBoard \u2014 A new transport for sustainable development by Center Young GmbH.  We are a new start up company and need your support!",
    "feature_image_attributes": {
      "image_urls": {
        "baseball_card": "https://ksr-ugc.imgix.net/assets/012/358/115/290f62e82af9201acd0691572347554a_original.jpg?w=1552&h=873&fit=fill&bg=000000&v=1464410444&auto=format&q=92&s=a57fbc0f09403dd3c6436e5c531c7bcc",
        "default": "https://ksr-ugc.imgix.net/assets/012/358/115/290f62e82af9201acd0691572347554a_original.jpg?w=1552&h=873&fit=fill&bg=000000&v=1464410444&auto=format&q=92&s=a57fbc0f09403dd3c6436e5c531c7bcc"
      }
    },
    "id": 2329570,
    "link_background_color": "",
    "link_text": "Follow along!",
    "link_text_color": "",
    "link_url": "https://twitter.com/yangchuanbin",
    "name": "YoungBoard-The world\u2019s first real solar electric skateboard",
    "project_id": 2329570,
    "should_show_feature_image_section": true,
    "show_feature_image": false,
    "state": "active",
    "state_changed_at": 1470039087,
    "text_color": ""
  },
  "slug": "youngboard-solar-electric-skateboard",
  "spotlight": true,
  "staff_pick": false,
  "state": "successful",
  "state_changed_at": 1467046326,
  "static_usd_rate": 1.11870838,
  "urls": {
    "web": {
      "project": "https://www.kickstarter.com/projects/50537264/youngboard-solar-electric-skateboard?ref=category_newest",
      "rewards": "https://www.kickstarter.com/projects/50537264/youngboard-solar-electric-skateboard/rewards"
    }
  },
  "usd_pledged": "27967.7095"
}