{
  "backers_count": 1,
  "blurb": "A free-for-everyone reference of data designed to reduce part of the 60%* of water usage in California..",
  "category": {
    "color": 6526716,
    "id": 51,
    "name": "Software",
    "parent_id": 16,
    "position": 11,
    "slug": "technology/software",
    "urls": {
      "web": {
        "discover": "http://www.kickstarter.com/discover/categories/technology/software"
      }
    }
  },
  "country": "US",
  "created_at": 1463455975,
  "creator": {
    "avatar": {
      "medium": "https://ksr-ugc.imgix.net/assets/012/472/415/69a67253212fee8ffc7cd175dbd2998a_original.jpg?w=160&h=160&fit=crop&v=1468211440&auto=format&q=92&s=8a33707c71ef4a92b8c439cb8cf313b3",
      "small": "https://ksr-ugc.imgix.net/assets/012/472/415/69a67253212fee8ffc7cd175dbd2998a_original.jpg?w=160&h=160&fit=crop&v=1468211440&auto=format&q=92&s=8a33707c71ef4a92b8c439cb8cf313b3",
      "thumb": "https://ksr-ugc.imgix.net/assets/012/472/415/69a67253212fee8ffc7cd175dbd2998a_original.jpg?w=40&h=40&fit=crop&v=1468211440&auto=format&q=92&s=962f7881377ccfba29f2fb4b23b99272"
    },
    "id": 1031510536,
    "name": "Brittany Bunk (deleted)",
    "slug": "britbunk",
    "urls": {
      "api": {
        "user": "https://api.kickstarter.com/v1/users/1031510536?signature=1488680374.f068e80613a729ea2d012c306ad7b49eef9c42b5"
      },
      "web": {
        "user": "https://www.kickstarter.com/profile/britbunk"
      }
    }
  },
  "currency": "USD",
  "currency_symbol": "$",
  "currency_trailing_code": true,
  "deadline": 1469366748,
  "disable_communication": false,
  "goal": 17000.0,
  "id": 1027263169,
  "launched_at": 1464182748,
  "location": {
    "country": "US",
    "displayable_name": "Rancho Cucamonga, CA",
    "id": 2478522,
    "is_root": false,
    "name": "Rancho Cucamonga",
    "short_name": "Rancho Cucamonga, CA",
    "slug": "rancho-cucamonga-ca",
    "state": "CA",
    "type": "Town",
    "urls": {
      "api": {
        "nearby_projects": "https://api.kickstarter.com/v1/discover?signature=1488668424.5bffdb89b491fa678aec5580dbfa1829135293eb&woe_id=2478522"
      },
      "web": {
        "discover": "https://www.kickstarter.com/discover/places/rancho-cucamonga-ca",
        "location": "https://www.kickstarter.com/locations/rancho-cucamonga-ca"
      }
    }
  },
  "name": "California Drought Solution Database",
  "photo": {
    "1024x576": "https://ksr-ugc.imgix.net/assets/012/453/855/1022c5b1e490f402e22ff438aabce950_original.bmp?w=1024&h=576&fit=fill&bg=FFFFFF&v=1463889843&auto=format&q=92&s=78820b4f266473ea027218473bbd871b",
    "1536x864": "https://ksr-ugc.imgix.net/assets/012/453/855/1022c5b1e490f402e22ff438aabce950_original.bmp?w=1536&h=864&fit=fill&bg=FFFFFF&v=1463889843&auto=format&q=92&s=9d5210db9fa2de9493b0a4da7c86de07",
    "ed": "https://ksr-ugc.imgix.net/assets/012/453/855/1022c5b1e490f402e22ff438aabce950_original.bmp?w=338&h=190&fit=fill&bg=FFFFFF&v=1463889843&auto=format&q=92&s=80ffe0747c15671ef66d09575fde5a9a",
    "full": "https://ksr-ugc.imgix.net/assets/012/453/855/1022c5b1e490f402e22ff438aabce950_original.bmp?w=560&h=315&fit=fill&bg=FFFFFF&v=1463889843&auto=format&q=92&s=925a971612dc639c8766090d5dfcc85a",
    "key": "assets/012/453/855/1022c5b1e490f402e22ff438aabce950_original.bmp",
    "little": "https://ksr-ugc.imgix.net/assets/012/453/855/1022c5b1e490f402e22ff438aabce950_original.bmp?w=200&h=112&fit=fill&bg=FFFFFF&v=1463889843&auto=format&q=92&s=32fcb5fe4910ec3454ca3bd5200e7801",
    "med": "https://ksr-ugc.imgix.net/assets/012/453/855/1022c5b1e490f402e22ff438aabce950_original.bmp?w=266&h=150&fit=fill&bg=FFFFFF&v=1463889843&auto=format&q=92&s=a0d34b30aa99f1af12c8d28b38b31010",
    "small": "https://ksr-ugc.imgix.net/assets/012/453/855/1022c5b1e490f402e22ff438aabce950_original.bmp?w=160&h=90&fit=fill&bg=FFFFFF&v=1463889843&auto=format&q=92&s=3157d1e99a59baaed62b55866fa621f9",
    "thumb": "https://ksr-ugc.imgix.net/assets/012/453/855/1022c5b1e490f402e22ff438aabce950_original.bmp?w=40&h=22&fit=fill&bg=FFFFFF&v=1463889843&auto=format&q=92&s=ff75b226d073f5d30ff3c9f750841a3d"
  },
  "pledged": 500.0,
  "profile": {
    "background_color": null,
    "background_image_opacity": 0.8,
    "blurb": null,
    "feature_image_attributes": {
      "image_urls": {
        "baseball_card": "https://ksr-ugc.imgix.net/assets/012/453/855/1022c5b1e490f402e22ff438aabce950_original.bmp?w=1552&h=873&fit=fill&bg=FFFFFF&v=1463889843&auto=format&q=92&s=9e63a90e4683b17005e024450de65d1c",
        "default": "https://ksr-ugc.imgix.net/assets/012/453/855/1022c5b1e490f402e22ff438aabce950_original.bmp?w=1552&h=873&fit=fill&bg=FFFFFF&v=1463889843&auto=format&q=92&s=9e63a90e4683b17005e024450de65d1c"
      }
    },
    "id": 2519050,
    "link_background_color": null,
    "link_text": null,
    "link_text_color": null,
    "link_url": null,
    "name": null,
    "project_id": 2519050,
    "should_show_feature_image_section": true,
    "show_feature_image": false,
    "state": "inactive",
    "state_changed_at": 1463455975,
    "text_color": null
  },
  "slug": "california-drought-solution-database",
  "spotlight": false,
  "staff_pick": false,
  "state": "failed",
  "state_changed_at": 1469366750,
  "static_usd_rate": 1.0,
  "urls": {
    "web": {
      "project": "https://www.kickstarter.com/projects/britbunk/california-drought-solution-database?ref=category_newest",
      "rewards": "https://www.kickstarter.com/projects/britbunk/california-drought-solution-database/rewards"
    }
  },
  "usd_pledged": "500.0"
}