{
  "backers_count": 1,
  "blurb": "Easy to install Smart Energy Saver and Generator by collecting your wasted energy",
  "category": {
    "color": 6526716,
    "id": 52,
    "name": "Hardware",
    "parent_id": 16,
    "position": 8,
    "slug": "technology/hardware",
    "urls": {
      "web": {
        "discover": "http://www.kickstarter.com/discover/categories/technology/hardware"
      }
    }
  },
  "country": "NL",
  "created_at": 1452768724,
  "creator": {
    "avatar": {
      "medium": "https://ksr-ugc.imgix.net/assets/010/729/826/4f5cfd876d5c0284a58d521ebd6f44f7_original.jpeg?w=160&h=160&fit=crop&v=1461708897&auto=format&q=92&s=e4c4b7d0d40324bfe0c7e0f5bef04220",
      "small": "https://ksr-ugc.imgix.net/assets/010/729/826/4f5cfd876d5c0284a58d521ebd6f44f7_original.jpeg?w=160&h=160&fit=crop&v=1461708897&auto=format&q=92&s=e4c4b7d0d40324bfe0c7e0f5bef04220",
      "thumb": "https://ksr-ugc.imgix.net/assets/010/729/826/4f5cfd876d5c0284a58d521ebd6f44f7_original.jpeg?w=40&h=40&fit=crop&v=1461708897&auto=format&q=92&s=3faf63d3602cdaa5105d987f61f4d1d5"
    },
    "id": 213473157,
    "name": "Sebastian Verheul",
    "urls": {
      "api": {
        "user": "https://api.kickstarter.com/v1/users/213473157?signature=1488679993.bf9edaa041aa9f53c5d30e1adbf8d9d60141f1a3"
      },
      "web": {
        "user": "https://www.kickstarter.com/profile/213473157"
      }
    }
  },
  "currency": "EUR",
  "currency_symbol": "\u20ac",
  "currency_trailing_code": false,
  "deadline": 1458856800,
  "disable_communication": false,
  "goal": 45000.0,
  "id": 1027265164,
  "launched_at": 1457450625,
  "location": {
    "country": "NL",
    "displayable_name": "Blaricum, Netherlands",
    "id": 727755,
    "is_root": false,
    "name": "Blaricum",
    "short_name": "Blaricum, Netherlands",
    "slug": "blaricum-nl",
    "state": "North Holland",
    "type": "Town",
    "urls": {
      "api": {
        "nearby_projects": "https://api.kickstarter.com/v1/discover?signature=1488674984.41d5631bcbdd36b8b8aff36ac5204b368d4b2eda&woe_id=727755"
      },
      "web": {
        "discover": "https://www.kickstarter.com/discover/places/blaricum-nl",
        "location": "https://www.kickstarter.com/locations/blaricum-nl"
      }
    }
  },
  "name": "Smart Home Energy Saver and Generator",
  "photo": {
    "1024x576": "https://ksr-ugc.imgix.net/assets/012/353/828/6b25079baf1031881192c582944b8452_original.gif?w=1024&h=576&fit=fill&bg=000000&v=1463756354&auto=format&frame=1&q=92&s=93d9d6030590df1fcc5f7d9e260638cd",
    "1536x864": "https://ksr-ugc.imgix.net/assets/012/353/828/6b25079baf1031881192c582944b8452_original.gif?w=1536&h=864&fit=fill&bg=000000&v=1463756354&auto=format&frame=1&q=92&s=955aaa1db45fe8de06534486def6fc6e",
    "ed": "https://ksr-ugc.imgix.net/assets/012/353/828/6b25079baf1031881192c582944b8452_original.gif?w=338&h=190&fit=fill&bg=000000&v=1463756354&auto=format&frame=1&q=92&s=02ca5bee2484c56130076a4964dd16b7",
    "full": "https://ksr-ugc.imgix.net/assets/012/353/828/6b25079baf1031881192c582944b8452_original.gif?w=560&h=315&fit=fill&bg=000000&v=1463756354&auto=format&frame=1&q=92&s=222436d6e47e964e20a4d2432294835b",
    "key": "assets/012/353/828/6b25079baf1031881192c582944b8452_original.gif",
    "little": "https://ksr-ugc.imgix.net/assets/012/353/828/6b25079baf1031881192c582944b8452_original.gif?w=200&h=112&fit=fill&bg=000000&v=1463756354&auto=format&frame=1&q=92&s=a54548cc3b93c1bf24bf86b0ffc4f019",
    "med": "https://ksr-ugc.imgix.net/assets/012/353/828/6b25079baf1031881192c582944b8452_original.gif?w=266&h=150&fit=fill&bg=000000&v=1463756354&auto=format&frame=1&q=92&s=71e52f55e817712b98e6921cc0ee6477",
    "small": "https://ksr-ugc.imgix.net/assets/012/353/828/6b25079baf1031881192c582944b8452_original.gif?w=160&h=90&fit=fill&bg=000000&v=1463756354&auto=format&frame=1&q=92&s=9713b208552a5ec8fb4477b3d100a82c",
    "thumb": "https://ksr-ugc.imgix.net/assets/012/353/828/6b25079baf1031881192c582944b8452_original.gif?w=40&h=22&fit=fill&bg=000000&v=1463756354&auto=format&frame=1&q=92&s=553c1470b1ed59bd7dfa40f51fc84454"
  },
  "pledged": 1.0,
  "profile": {
    "background_color": null,
    "background_image_opacity": 0.8,
    "blurb": null,
    "feature_image_attributes": {
      "image_urls": {
        "baseball_card": "https://ksr-ugc.imgix.net/assets/012/353/828/6b25079baf1031881192c582944b8452_original.gif?w=1552&h=873&fit=fill&bg=000000&v=1463756354&auto=format&frame=1&q=92&s=9c9c0853b0bd23527d54e18d8b0be1b1",
        "default": "https://ksr-ugc.imgix.net/assets/012/353/828/6b25079baf1031881192c582944b8452_original.gif?w=1552&h=873&fit=fill&bg=000000&v=1463756354&auto=format&frame=1&q=92&s=9c9c0853b0bd23527d54e18d8b0be1b1"
      }
    },
    "id": 2321153,
    "link_background_color": null,
    "link_text": null,
    "link_text_color": null,
    "link_url": null,
    "name": null,
    "project_id": 2321153,
    "should_show_feature_image_section": true,
    "show_feature_image": false,
    "state": "inactive",
    "state_changed_at": 1452768724,
    "text_color": null
  },
  "slug": "smart-home-energy-saver-and-generator",
  "spotlight": false,
  "staff_pick": false,
  "state": "failed",
  "state_changed_at": 1458856801,
  "static_usd_rate": 1.0989796,
  "urls": {
    "web": {
      "project": "https://www.kickstarter.com/projects/213473157/smart-home-energy-saver-and-generator?ref=category_newest",
      "rewards": "https://www.kickstarter.com/projects/213473157/smart-home-energy-saver-and-generator/rewards"
    }
  },
  "usd_pledged": "1.0989796"
}