{
  "backers_count": 24,
  "blurb": "The Robogaia 2D Robotic Obstacle is a tool that allows your robot to determine the distance to obstacles  and walls and to avoid them.",
  "category": {
    "color": 6526716,
    "id": 52,
    "name": "Hardware",
    "parent_id": 16,
    "position": 8,
    "slug": "technology/hardware",
    "urls": {
      "web": {
        "discover": "http://www.kickstarter.com/discover/categories/technology/hardware"
      }
    }
  },
  "country": "US",
  "created_at": 1353027844,
  "creator": {
    "avatar": {
      "medium": "https://ksr-ugc.imgix.net/assets/007/001/921/8bab8df07e15959ed53fcb31b5689122_original.png?w=160&h=160&fit=crop&v=1461427377&auto=format&q=92&s=25c8b910e525167d11b20500d87b68df",
      "small": "https://ksr-ugc.imgix.net/assets/007/001/921/8bab8df07e15959ed53fcb31b5689122_original.png?w=160&h=160&fit=crop&v=1461427377&auto=format&q=92&s=25c8b910e525167d11b20500d87b68df",
      "thumb": "https://ksr-ugc.imgix.net/assets/007/001/921/8bab8df07e15959ed53fcb31b5689122_original.png?w=40&h=40&fit=crop&v=1461427377&auto=format&q=92&s=b8d9828581ce0b3e62682e4dc0f84e2c"
    },
    "id": 1154457775,
    "name": "Robogaia Industries , LLC",
    "urls": {
      "api": {
        "user": "https://api.kickstarter.com/v1/users/1154457775?signature=1488679925.bbb30a90ad0b314164b81c24a9493c653c31fd50"
      },
      "web": {
        "user": "https://www.kickstarter.com/profile/1154457775"
      }
    }
  },
  "currency": "USD",
  "currency_symbol": "$",
  "currency_trailing_code": true,
  "deadline": 1412555786,
  "disable_communication": false,
  "goal": 39999.0,
  "id": 1027739962,
  "launched_at": 1409099786,
  "location": {
    "country": "US",
    "displayable_name": "North Royalton, OH",
    "id": 2461573,
    "is_root": false,
    "name": "North Royalton",
    "short_name": "North Royalton, OH",
    "slug": "north-royalton-oh",
    "state": "OH",
    "type": "Town",
    "urls": {
      "api": {
        "nearby_projects": "https://api.kickstarter.com/v1/discover?signature=1488668692.304c0acae74fb74706e7d6fc4b1c2d49e59e6ec5&woe_id=2461573"
      },
      "web": {
        "discover": "https://www.kickstarter.com/discover/places/north-royalton-oh",
        "location": "https://www.kickstarter.com/locations/north-royalton-oh"
      }
    }
  },
  "name": "Robogaia 2D Robotic Obstacle Detector",
  "photo": {
    "1024x576": "https://ksr-ugc.imgix.net/assets/011/451/257/111f5a5f1c29c2201b4d424467a29d76_original.jpg?w=1024&h=576&fit=fill&bg=000000&v=1463682911&auto=format&q=92&s=ecd86630856cdb355c79ceddffdc8f9d",
    "1536x864": "https://ksr-ugc.imgix.net/assets/011/451/257/111f5a5f1c29c2201b4d424467a29d76_original.jpg?w=1536&h=864&fit=fill&bg=000000&v=1463682911&auto=format&q=92&s=6ea35326723e3d3625c18446df808876",
    "ed": "https://ksr-ugc.imgix.net/assets/011/451/257/111f5a5f1c29c2201b4d424467a29d76_original.jpg?w=338&h=190&fit=fill&bg=000000&v=1463682911&auto=format&q=92&s=a5f712c87412a051189699776998d5c5",
    "full": "https://ksr-ugc.imgix.net/assets/011/451/257/111f5a5f1c29c2201b4d424467a29d76_original.jpg?w=560&h=315&fit=fill&bg=000000&v=1463682911&auto=format&q=92&s=f63f84d85306a183a0658a1489a1ed5e",
    "key": "assets/011/451/257/111f5a5f1c29c2201b4d424467a29d76_original.jpg",
    "little": "https://ksr-ugc.imgix.net/assets/011/451/257/111f5a5f1c29c2201b4d424467a29d76_original.jpg?w=200&h=112&fit=fill&bg=000000&v=1463682911&auto=format&q=92&s=2a9fc32d51f6f0ffd45e2d816c881787",
    "med": "https://ksr-ugc.imgix.net/assets/011/451/257/111f5a5f1c29c2201b4d424467a29d76_original.jpg?w=266&h=150&fit=fill&bg=000000&v=1463682911&auto=format&q=92&s=21ef646fe17793558edb98757da6e43d",
    "small": "https://ksr-ugc.imgix.net/assets/011/451/257/111f5a5f1c29c2201b4d424467a29d76_original.jpg?w=160&h=90&fit=fill&bg=000000&v=1463682911&auto=format&q=92&s=a3ab936a0378dd99fb26fec6a0148bdf",
    "thumb": "https://ksr-ugc.imgix.net/assets/011/451/257/111f5a5f1c29c2201b4d424467a29d76_original.jpg?w=40&h=22&fit=fill&bg=000000&v=1463682911&auto=format&q=92&s=c6ba27560c1c2c4ec5e31c64b3fd6346"
  },
  "pledged": 2456.0,
  "profile": {
    "background_color": null,
    "background_image_opacity": 0.8,
    "blurb": null,
    "feature_image_attributes": {
      "image_urls": {
        "baseball_card": "https://ksr-ugc.imgix.net/assets/011/451/257/111f5a5f1c29c2201b4d424467a29d76_original.jpg?w=1552&h=873&fit=fill&bg=000000&v=1463682911&auto=format&q=92&s=fd04e433f5fd0596a55b6584c12c67ea",
        "default": "https://ksr-ugc.imgix.net/assets/011/451/257/111f5a5f1c29c2201b4d424467a29d76_original.jpg?w=1552&h=873&fit=fill&bg=000000&v=1463682911&auto=format&q=92&s=fd04e433f5fd0596a55b6584c12c67ea"
      }
    },
    "id": 402017,
    "link_background_color": null,
    "link_text": null,
    "link_text_color": null,
    "link_url": null,
    "name": null,
    "project_id": 402017,
    "should_show_feature_image_section": true,
    "show_feature_image": false,
    "state": "inactive",
    "state_changed_at": 1425915822,
    "text_color": null
  },
  "slug": "robogaia-2d-robotic-obstacle-detector",
  "spotlight": false,
  "staff_pick": false,
  "state": "failed",
  "state_changed_at": 1412555788,
  "static_usd_rate": 1.0,
  "urls": {
    "web": {
      "project": "https://www.kickstarter.com/projects/1154457775/robogaia-2d-robotic-obstacle-detector?ref=category_newest",
      "rewards": "https://www.kickstarter.com/projects/1154457775/robogaia-2d-robotic-obstacle-detector/rewards"
    }
  },
  "usd_pledged": "2456.0"
}