{
  "backers_count": 10,
  "blurb": "The Mano-Matic is an extremely affordable, fully functional Bionic hand that was developed for those in need.",
  "category": {
    "color": 6526716,
    "id": 331,
    "name": "3D Printing",
    "parent_id": 16,
    "position": 1,
    "slug": "technology/3d printing",
    "urls": {
      "web": {
        "discover": "http://www.kickstarter.com/discover/categories/technology/3d%20printing"
      }
    }
  },
  "country": "US",
  "created_at": 1390172817,
  "creator": {
    "avatar": {
      "medium": "https://ksr-ugc.imgix.net/assets/008/340/888/dedca145f4e5cef8f8ccdb39a78265a8_original.JPG?w=160&h=160&fit=crop&v=1461518275&auto=format&q=92&s=dc7cffe1fc62a9184d9e401c17d1795e",
      "small": "https://ksr-ugc.imgix.net/assets/008/340/888/dedca145f4e5cef8f8ccdb39a78265a8_original.JPG?w=160&h=160&fit=crop&v=1461518275&auto=format&q=92&s=dc7cffe1fc62a9184d9e401c17d1795e",
      "thumb": "https://ksr-ugc.imgix.net/assets/008/340/888/dedca145f4e5cef8f8ccdb39a78265a8_original.JPG?w=40&h=40&fit=crop&v=1461518275&auto=format&q=92&s=0811dcd1ce3c2fd978a9bb32687f0856"
    },
    "id": 354249880,
    "name": "Lyman Connor",
    "urls": {
      "api": {
        "user": "https://api.kickstarter.com/v1/users/354249880?signature=1488678729.ca172b0240d088cbcf1f22e215e53d35bf8a4396"
      },
      "web": {
        "user": "https://www.kickstarter.com/profile/354249880"
      }
    }
  },
  "currency": "USD",
  "currency_symbol": "$",
  "currency_trailing_code": true,
  "deadline": 1412376300,
  "disable_communication": false,
  "goal": 5000.0,
  "id": 1027002147,
  "launched_at": 1407793753,
  "location": {
    "country": "US",
    "displayable_name": "Roanoke, VA",
    "id": 2482550,
    "is_root": false,
    "name": "Roanoke",
    "short_name": "Roanoke, VA",
    "slug": "roanoke-va",
    "state": "VA",
    "type": "Town",
    "urls": {
      "api": {
        "nearby_projects": "https://api.kickstarter.com/v1/discover?signature=1488668423.9c474f0bf98cf7fcb1f5817a9385797b4768fff2&woe_id=2482550"
      },
      "web": {
        "discover": "https://www.kickstarter.com/discover/places/roanoke-va",
        "location": "https://www.kickstarter.com/locations/roanoke-va"
      }
    }
  },
  "name": "The \"Mano-Matic\" 3D printed Bionic Hand",
  "photo": {
    "1024x576": "https://ksr-ugc.imgix.net/assets/011/638/437/4b1a4f9fabe4c170c966ffa1a62ad03e_original.jpg?w=1024&h=576&fit=fill&bg=000000&v=1463686065&auto=format&q=92&s=05f0eb1730cd84fab080096c32b97ae6",
    "1536x864": "https://ksr-ugc.imgix.net/assets/011/638/437/4b1a4f9fabe4c170c966ffa1a62ad03e_original.jpg?w=1536&h=864&fit=fill&bg=000000&v=1463686065&auto=format&q=92&s=c334589f4af792d063fed9fd470e0f0a",
    "ed": "https://ksr-ugc.imgix.net/assets/011/638/437/4b1a4f9fabe4c170c966ffa1a62ad03e_original.jpg?w=338&h=190&fit=fill&bg=000000&v=1463686065&auto=format&q=92&s=8fb14f4dc798b6f95468929c85242409",
    "full": "https://ksr-ugc.imgix.net/assets/011/638/437/4b1a4f9fabe4c170c966ffa1a62ad03e_original.jpg?w=560&h=315&fit=fill&bg=000000&v=1463686065&auto=format&q=92&s=fa18fd3a52dea4db12d1154a26eeb5df",
    "key": "assets/011/638/437/4b1a4f9fabe4c170c966ffa1a62ad03e_original.jpg",
    "little": "https://ksr-ugc.imgix.net/assets/011/638/437/4b1a4f9fabe4c170c966ffa1a62ad03e_original.jpg?w=200&h=112&fit=fill&bg=000000&v=1463686065&auto=format&q=92&s=24d5220c94621f0a6e501f648bdc012c",
    "med": "https://ksr-ugc.imgix.net/assets/011/638/437/4b1a4f9fabe4c170c966ffa1a62ad03e_original.jpg?w=266&h=150&fit=fill&bg=000000&v=1463686065&auto=format&q=92&s=e91a89d634526ece1e118647d3222247",
    "small": "https://ksr-ugc.imgix.net/assets/011/638/437/4b1a4f9fabe4c170c966ffa1a62ad03e_original.jpg?w=160&h=90&fit=fill&bg=000000&v=1463686065&auto=format&q=92&s=7020919441c342fc486d188bc114715c",
    "thumb": "https://ksr-ugc.imgix.net/assets/011/638/437/4b1a4f9fabe4c170c966ffa1a62ad03e_original.jpg?w=40&h=22&fit=fill&bg=000000&v=1463686065&auto=format&q=92&s=72c202fa474c70162582cec128ac1199"
  },
  "pledged": 586.0,
  "profile": {
    "background_color": null,
    "background_image_opacity": 0.8,
    "blurb": null,
    "feature_image_attributes": {
      "image_urls": {
        "baseball_card": "https://ksr-ugc.imgix.net/assets/011/638/437/4b1a4f9fabe4c170c966ffa1a62ad03e_original.jpg?w=1552&h=873&fit=fill&bg=000000&v=1463686065&auto=format&q=92&s=f1fd04904cd36f0ab2b9a1f99eb4aa4e",
        "default": "https://ksr-ugc.imgix.net/assets/011/638/437/4b1a4f9fabe4c170c966ffa1a62ad03e_original.jpg?w=1552&h=873&fit=fill&bg=000000&v=1463686065&auto=format&q=92&s=f1fd04904cd36f0ab2b9a1f99eb4aa4e"
      }
    },
    "id": 856014,
    "link_background_color": null,
    "link_text": null,
    "link_text_color": null,
    "link_url": null,
    "name": null,
    "project_id": 856014,
    "should_show_feature_image_section": true,
    "show_feature_image": false,
    "state": "inactive",
    "state_changed_at": 1425915847,
    "text_color": null
  },
  "slug": "the-mano-matic-3d-printed-bionic-hand",
  "spotlight": false,
  "staff_pick": false,
  "state": "failed",
  "state_changed_at": 1412376310,
  "static_usd_rate": 1.0,
  "urls": {
    "web": {
      "project": "https://www.kickstarter.com/projects/354249880/the-mano-matic-3d-printed-bionic-hand?ref=category_newest",
      "rewards": "https://www.kickstarter.com/projects/354249880/the-mano-matic-3d-printed-bionic-hand/rewards"
    }
  },
  "usd_pledged": "586.0"
}