{
  "backers_count": 0,
  "blurb": "Can you afford to have your website, app, or api down? Sitenel.com is a realtime monitoring service built for humans.",
  "category": {
    "color": 6526716,
    "id": 342,
    "name": "Web",
    "parent_id": 16,
    "position": 15,
    "slug": "technology/web",
    "urls": {
      "web": {
        "discover": "http://www.kickstarter.com/discover/categories/technology/web"
      }
    }
  },
  "country": "US",
  "created_at": 1454961014,
  "creator": {
    "avatar": {
      "medium": "https://ksr-ugc.imgix.net/assets/009/355/068/b7f3fb096dc4ffcae77a1c6c85417205_original.png?w=160&h=160&fit=crop&v=1461584539&auto=format&q=92&s=8c856e202dba94c1cb48ddaf4a83ab2f",
      "small": "https://ksr-ugc.imgix.net/assets/009/355/068/b7f3fb096dc4ffcae77a1c6c85417205_original.png?w=160&h=160&fit=crop&v=1461584539&auto=format&q=92&s=8c856e202dba94c1cb48ddaf4a83ab2f",
      "thumb": "https://ksr-ugc.imgix.net/assets/009/355/068/b7f3fb096dc4ffcae77a1c6c85417205_original.png?w=40&h=40&fit=crop&v=1461584539&auto=format&q=92&s=815ea384677ec11b1a00ed8d8012b15b"
    },
    "id": 1129772761,
    "name": "Excellent InGenuity LLC",
    "urls": {
      "api": {
        "user": "https://api.kickstarter.com/v1/users/1129772761?signature=1488681015.8a3982f00e6e9f871fa57f461abc115b1ab112b6"
      },
      "web": {
        "user": "https://www.kickstarter.com/profile/1129772761"
      }
    }
  },
  "currency": "USD",
  "currency_symbol": "$",
  "currency_trailing_code": true,
  "deadline": 1457645233,
  "disable_communication": false,
  "goal": 8500.0,
  "id": 1028176650,
  "launched_at": 1455053233,
  "location": {
    "country": "US",
    "displayable_name": "Greenville, SC",
    "id": 2414583,
    "is_root": false,
    "name": "Greenville",
    "short_name": "Greenville, SC",
    "slug": "greenville-sc",
    "state": "SC",
    "type": "Town",
    "urls": {
      "api": {
        "nearby_projects": "https://api.kickstarter.com/v1/discover?signature=1488668421.57e80b8c4359e9b913de6d8ab36d3dce68c93126&woe_id=2414583"
      },
      "web": {
        "discover": "https://www.kickstarter.com/discover/places/greenville-sc",
        "location": "https://www.kickstarter.com/locations/greenville-sc"
      }
    }
  },
  "name": "Sitenel.com - Real Time Monitoring (Canceled)",
  "photo": {
    "1024x576": "https://ksr-ugc.imgix.net/assets/012/375/724/9d4f85d511acfc131a5a84dd6f03f1bf_original.png?w=1024&h=576&fit=fill&bg=000000&v=1463757747&auto=format&q=92&s=93643a6e508e90d1e308c5afd81d40cd",
    "1536x864": "https://ksr-ugc.imgix.net/assets/012/375/724/9d4f85d511acfc131a5a84dd6f03f1bf_original.png?w=1536&h=864&fit=fill&bg=000000&v=1463757747&auto=format&q=92&s=6344f1ac69c14d9e6f85eff5808ca24b",
    "ed": "https://ksr-ugc.imgix.net/assets/012/375/724/9d4f85d511acfc131a5a84dd6f03f1bf_original.png?w=338&h=190&fit=fill&bg=000000&v=1463757747&auto=format&q=92&s=f11378ab1a05b9dde8ecd6313526e526",
    "full": "https://ksr-ugc.imgix.net/assets/012/375/724/9d4f85d511acfc131a5a84dd6f03f1bf_original.png?w=560&h=315&fit=fill&bg=000000&v=1463757747&auto=format&q=92&s=e5cc48ed844c3a09bcbd89adc92ab00a",
    "key": "assets/012/375/724/9d4f85d511acfc131a5a84dd6f03f1bf_original.png",
    "little": "https://ksr-ugc.imgix.net/assets/012/375/724/9d4f85d511acfc131a5a84dd6f03f1bf_original.png?w=200&h=112&fit=fill&bg=000000&v=1463757747&auto=format&q=92&s=75d9e80c0990d8ef419f2fc1126c1677",
    "med": "https://ksr-ugc.imgix.net/assets/012/375/724/9d4f85d511acfc131a5a84dd6f03f1bf_original.png?w=266&h=150&fit=fill&bg=000000&v=1463757747&auto=format&q=92&s=cd8a1b8c0e50b0d7edaaf419fee1c751",
    "small": "https://ksr-ugc.imgix.net/assets/012/375/724/9d4f85d511acfc131a5a84dd6f03f1bf_original.png?w=160&h=90&fit=fill&bg=000000&v=1463757747&auto=format&q=92&s=29d368ef0c41c7a83b1246dd5e5e35f1",
    "thumb": "https://ksr-ugc.imgix.net/assets/012/375/724/9d4f85d511acfc131a5a84dd6f03f1bf_original.png?w=40&h=22&fit=fill&bg=000000&v=1463757747&auto=format&q=92&s=5cbd9e4e7f04d2efdb980c9b83934ebf"
  },
  "pledged": 0.0,
  "profile": {
    "background_color": null,
    "background_image_opacity": 0.8,
    "blurb": null,
    "feature_image_attributes": {
      "image_urls": {
        "baseball_card": "https://ksr-ugc.imgix.net/assets/012/375/724/9d4f85d511acfc131a5a84dd6f03f1bf_original.png?w=1552&h=873&fit=fill&bg=000000&v=1463757747&auto=format&q=92&s=75552ae6c52fa8fedfa8c8da3a7d88e6",
        "default": "https://ksr-ugc.imgix.net/assets/012/375/724/9d4f85d511acfc131a5a84dd6f03f1bf_original.png?w=1552&h=873&fit=fill&bg=000000&v=1463757747&auto=format&q=92&s=75552ae6c52fa8fedfa8c8da3a7d88e6"
      }
    },
    "id": 2364148,
    "link_background_color": null,
    "link_text": null,
    "link_text_color": null,
    "link_url": null,
    "name": null,
    "project_id": 2364148,
    "should_show_feature_image_section": true,
    "show_feature_image": false,
    "state": "inactive",
    "state_changed_at": 1454961014,
    "text_color": null
  },
  "slug": "sitenel-real-time-monitoring",
  "spotlight": false,
  "staff_pick": false,
  "state": "canceled",
  "state_changed_at": 1456593202,
  "static_usd_rate": 1.0,
  "urls": {
    "web": {
      "project": "https://www.kickstarter.com/projects/1129772761/sitenel-real-time-monitoring?ref=category_newest",
      "rewards": "https://www.kickstarter.com/projects/1129772761/sitenel-real-time-monitoring/rewards"
    }
  },
  "usd_pledged": "0.0"
}