{
  "backers_count": 380,
  "blurb": "An intelligent diabetic journal application for iPhone + iPod that tracks your blood glucose levels, meals, activities and medication.",
  "category": {
    "color": 6526716,
    "id": 16,
    "name": "Technology",
    "position": 14,
    "slug": "technology",
    "urls": {
      "web": {
        "discover": "http://www.kickstarter.com/discover/categories/technology"
      }
    }
  },
  "country": "GB",
  "created_at": 1357587911,
  "creator": {
    "avatar": {
      "medium": "https://ksr-ugc.imgix.net/assets/006/007/397/819079aa7de1987940ec06275d58210f_original.jpg?w=160&h=160&fit=crop&v=1461360510&auto=format&q=92&s=e3e3101401f36ada830eb22922ea0f56",
      "small": "https://ksr-ugc.imgix.net/assets/006/007/397/819079aa7de1987940ec06275d58210f_original.jpg?w=160&h=160&fit=crop&v=1461360510&auto=format&q=92&s=e3e3101401f36ada830eb22922ea0f56",
      "thumb": "https://ksr-ugc.imgix.net/assets/006/007/397/819079aa7de1987940ec06275d58210f_original.jpg?w=40&h=40&fit=crop&v=1461360510&auto=format&q=92&s=ca6d899838fde738902a6c7d0b5dc03c"
    },
    "id": 422142938,
    "name": "Nial Giacomelli",
    "slug": "nialg",
    "urls": {
      "api": {
        "user": "https://api.kickstarter.com/v1/users/422142938?signature=1488663197.0504bf47eac25e938f443b9a805fa059da8a4dad"
      },
      "web": {
        "user": "https://www.kickstarter.com/profile/nialg"
      }
    }
  },
  "currency": "GBP",
  "currency_symbol": "\u00a3",
  "currency_trailing_code": false,
  "deadline": 1360680308,
  "disable_communication": false,
  "goal": 7500.0,
  "id": 102860361,
  "launched_at": 1358088308,
  "location": {
    "country": "GB",
    "displayable_name": "Emsworth, UK",
    "id": 19601,
    "is_root": false,
    "name": "Emsworth",
    "short_name": "Emsworth, UK",
    "slug": "emsworth-gb",
    "state": "England",
    "type": "Town",
    "urls": {
      "api": {
        "nearby_projects": "https://api.kickstarter.com/v1/discover?signature=1488653804.2506ab3f742b132633a7e2a43637d8bfd1e289fb&woe_id=19601"
      },
      "web": {
        "discover": "https://www.kickstarter.com/discover/places/emsworth-gb",
        "location": "https://www.kickstarter.com/locations/emsworth-gb"
      }
    }
  },
  "name": "The Diabetic Journal",
  "photo": {
    "1024x576": "https://ksr-ugc.imgix.net/assets/011/466/821/8b2af6c8f65b067f69e5388f48835a12_original.png?w=1024&h=576&fit=fill&bg=000000&v=1463683103&auto=format&q=92&s=1afe45cf02f0f0d583544f45f25532f4",
    "1536x864": "https://ksr-ugc.imgix.net/assets/011/466/821/8b2af6c8f65b067f69e5388f48835a12_original.png?w=1536&h=864&fit=fill&bg=000000&v=1463683103&auto=format&q=92&s=05d78611259bafa4b01d3f04d6b308e7",
    "ed": "https://ksr-ugc.imgix.net/assets/011/466/821/8b2af6c8f65b067f69e5388f48835a12_original.png?w=338&h=190&fit=fill&bg=000000&v=1463683103&auto=format&q=92&s=b7e9a3a76fd2bbebb145823ba3667563",
    "full": "https://ksr-ugc.imgix.net/assets/011/466/821/8b2af6c8f65b067f69e5388f48835a12_original.png?w=560&h=315&fit=fill&bg=000000&v=1463683103&auto=format&q=92&s=fb0b3b1a623a6cc0132e988eacb01d45",
    "key": "assets/011/466/821/8b2af6c8f65b067f69e5388f48835a12_original.png",
    "little": "https://ksr-ugc.imgix.net/assets/011/466/821/8b2af6c8f65b067f69e5388f48835a12_original.png?w=200&h=112&fit=fill&bg=000000&v=1463683103&auto=format&q=92&s=eb53dde98cf54f17d5a5cca48998336a",
    "med": "https://ksr-ugc.imgix.net/assets/011/466/821/8b2af6c8f65b067f69e5388f48835a12_original.png?w=266&h=150&fit=fill&bg=000000&v=1463683103&auto=format&q=92&s=b4500e2a24d8680c19deff667e92e692",
    "small": "https://ksr-ugc.imgix.net/assets/011/466/821/8b2af6c8f65b067f69e5388f48835a12_original.png?w=160&h=90&fit=fill&bg=000000&v=1463683103&auto=format&q=92&s=898d6d9a6d845f425cded8ba70c2e365",
    "thumb": "https://ksr-ugc.imgix.net/assets/011/466/821/8b2af6c8f65b067f69e5388f48835a12_original.png?w=40&h=22&fit=fill&bg=000000&v=1463683103&auto=format&q=92&s=3776e8236cd0a493baa40a014190338d"
  },
  "pledged": 7743.32,
  "profile": {
    "background_color": null,
    "background_image_opacity": 0.8,
    "blurb": null,
    "feature_image_attributes": {
      "image_urls": {
        "baseball_card": "https://ksr-ugc.imgix.net/assets/011/466/821/8b2af6c8f65b067f69e5388f48835a12_original.png?w=1552&h=873&fit=fill&bg=000000&v=1463683103&auto=format&q=92&s=1ffee80468abed59d3668a1eb29e1b2c",
        "default": "https://ksr-ugc.imgix.net/assets/011/466/821/8b2af6c8f65b067f69e5388f48835a12_original.png?w=1552&h=873&fit=fill&bg=000000&v=1463683103&auto=format&q=92&s=1ffee80468abed59d3668a1eb29e1b2c"
      }
    },
    "id": 438363,
    "link_background_color": null,
    "link_text": null,
    "link_text_color": null,
    "link_url": null,
    "name": null,
    "project_id": 438363,
    "should_show_feature_image_section": true,
    "show_feature_image": false,
    "state": "inactive",
    "state_changed_at": 1425915824,
    "text_color": null
  },
  "slug": "the-diabetic-journal",
  "spotlight": true,
  "staff_pick": false,
  "state": "successful",
  "state_changed_at": 1360680335,
  "static_usd_rate": 1.61355385,
  "urls": {
    "web": {
      "project": "https://www.kickstarter.com/projects/nialg/the-diabetic-journal?ref=category_most_funded",
      "rewards": "https://www.kickstarter.com/projects/nialg/the-diabetic-journal/rewards"
    }
  },
  "usd_pledged": "12494.263797782"
}