{
  "backers_count": 16,
  "blurb": "Struggle picking out clothes to wear or when you're out shopping? Can't decide between two things? Steyelr is the app for you!",
  "category": {
    "color": 6526716,
    "id": 332,
    "name": "Apps",
    "parent_id": 16,
    "position": 2,
    "slug": "technology/apps",
    "urls": {
      "web": {
        "discover": "http://www.kickstarter.com/discover/categories/technology/apps"
      }
    }
  },
  "country": "US",
  "created_at": 1415567389,
  "creator": {
    "avatar": {
      "medium": "https://ksr-ugc.imgix.net/assets/009/338/511/f9ffbf034a55141d263d8fa967d6f692_original.png?w=160&h=160&fit=crop&v=1461582123&auto=format&q=92&s=cfe9799e3f995a17c6319e45ca4833d4",
      "small": "https://ksr-ugc.imgix.net/assets/009/338/511/f9ffbf034a55141d263d8fa967d6f692_original.png?w=160&h=160&fit=crop&v=1461582123&auto=format&q=92&s=cfe9799e3f995a17c6319e45ca4833d4",
      "thumb": "https://ksr-ugc.imgix.net/assets/009/338/511/f9ffbf034a55141d263d8fa967d6f692_original.png?w=40&h=40&fit=crop&v=1461582123&auto=format&q=92&s=0095e959063ee9783b5b681480a9308a"
    },
    "id": 442770792,
    "name": "Brennan Orlando",
    "urls": {
      "api": {
        "user": "https://api.kickstarter.com/v1/users/442770792?signature=1488678946.c8075bac3b4e4a9830220c586cd73b7d9f6d763a"
      },
      "web": {
        "user": "https://www.kickstarter.com/profile/442770792"
      }
    }
  },
  "currency": "USD",
  "currency_symbol": "$",
  "currency_trailing_code": true,
  "deadline": 1422550825,
  "disable_communication": false,
  "goal": 24000.0,
  "id": 1028052051,
  "launched_at": 1419613225,
  "location": {
    "country": "US",
    "displayable_name": "Baltimore, MD",
    "id": 2358820,
    "is_root": false,
    "name": "Baltimore",
    "short_name": "Baltimore, MD",
    "slug": "baltimore-md",
    "state": "MD",
    "type": "Town",
    "urls": {
      "api": {
        "nearby_projects": "https://api.kickstarter.com/v1/discover?signature=1488668420.02db3ac0d364fc530f56864ef27c8ee67259bd1b&woe_id=2358820"
      },
      "web": {
        "discover": "https://www.kickstarter.com/discover/places/baltimore-md",
        "location": "https://www.kickstarter.com/locations/baltimore-md"
      }
    }
  },
  "name": "Steyelr, dress better.",
  "photo": {
    "1024x576": "https://ksr-ugc.imgix.net/assets/011/939/351/9dcd3764c1a060cd62ecfad0534f7b59_original.png?w=1024&h=576&fit=fill&bg=000000&v=1463718356&auto=format&q=92&s=04dbb10f83417b2ba924301fe6d74e1b",
    "1536x864": "https://ksr-ugc.imgix.net/assets/011/939/351/9dcd3764c1a060cd62ecfad0534f7b59_original.png?w=1536&h=864&fit=fill&bg=000000&v=1463718356&auto=format&q=92&s=c67ef805192de57755efc4409236e56f",
    "ed": "https://ksr-ugc.imgix.net/assets/011/939/351/9dcd3764c1a060cd62ecfad0534f7b59_original.png?w=338&h=190&fit=fill&bg=000000&v=1463718356&auto=format&q=92&s=b22c0ac88a636b616ac6a3613977914f",
    "full": "https://ksr-ugc.imgix.net/assets/011/939/351/9dcd3764c1a060cd62ecfad0534f7b59_original.png?w=560&h=315&fit=fill&bg=000000&v=1463718356&auto=format&q=92&s=923e44f93b0a61d532ba4a6cc53bf784",
    "key": "assets/011/939/351/9dcd3764c1a060cd62ecfad0534f7b59_original.png",
    "little": "https://ksr-ugc.imgix.net/assets/011/939/351/9dcd3764c1a060cd62ecfad0534f7b59_original.png?w=200&h=112&fit=fill&bg=000000&v=1463718356&auto=format&q=92&s=36780a46957ab6de209559ef69d4e905",
    "med": "https://ksr-ugc.imgix.net/assets/011/939/351/9dcd3764c1a060cd62ecfad0534f7b59_original.png?w=266&h=150&fit=fill&bg=000000&v=1463718356&auto=format&q=92&s=3c73a21c65069d2137fb32f17e3dac10",
    "small": "https://ksr-ugc.imgix.net/assets/011/939/351/9dcd3764c1a060cd62ecfad0534f7b59_original.png?w=160&h=90&fit=fill&bg=000000&v=1463718356&auto=format&q=92&s=a68ba4c75dcf51aadc10f449b0bd5305",
    "thumb": "https://ksr-ugc.imgix.net/assets/011/939/351/9dcd3764c1a060cd62ecfad0534f7b59_original.png?w=40&h=22&fit=fill&bg=000000&v=1463718356&auto=format&q=92&s=6240c9aed72095b47c8eec4d5986eeb6"
  },
  "pledged": 937.0,
  "profile": {
    "background_color": null,
    "background_image_opacity": 0.8,
    "blurb": null,
    "feature_image_attributes": {
      "image_urls": {
        "baseball_card": "https://ksr-ugc.imgix.net/assets/011/939/351/9dcd3764c1a060cd62ecfad0534f7b59_original.png?w=1552&h=873&fit=fill&bg=000000&v=1463718356&auto=format&q=92&s=ea82c54cf7d279ca839725a6216893b3",
        "default": "https://ksr-ugc.imgix.net/assets/011/939/351/9dcd3764c1a060cd62ecfad0534f7b59_original.png?w=1552&h=873&fit=fill&bg=000000&v=1463718356&auto=format&q=92&s=ea82c54cf7d279ca839725a6216893b3"
      }
    },
    "id": 1503171,
    "link_background_color": null,
    "link_text": null,
    "link_text_color": null,
    "link_url": null,
    "name": null,
    "project_id": 1503171,
    "should_show_feature_image_section": true,
    "show_feature_image": false,
    "state": "inactive",
    "state_changed_at": 1425915882,
    "text_color": null
  },
  "slug": "steyelr-dress-better",
  "spotlight": false,
  "staff_pick": false,
  "state": "failed",
  "state_changed_at": 1422550825,
  "static_usd_rate": 1.0,
  "urls": {
    "web": {
      "project": "https://www.kickstarter.com/projects/442770792/steyelr-dress-better?ref=category_newest",
      "rewards": "https://www.kickstarter.com/projects/442770792/steyelr-dress-better/rewards"
    }
  },
  "usd_pledged": "937.0"
}