{
  "backers_count": 2,
  "blurb": "52 weeks, 52 Tweeters: Sharing a different Cheltenham voice each week for a year. Year 1 was fab - we want to make Year 2 even better!",
  "category": {
    "color": 6526716,
    "id": 342,
    "name": "Web",
    "parent_id": 16,
    "position": 15,
    "slug": "technology/web",
    "urls": {
      "web": {
        "discover": "http://www.kickstarter.com/discover/categories/technology/web"
      }
    }
  },
  "country": "GB",
  "created_at": 1413973949,
  "creator": {
    "avatar": {
      "medium": "https://ksr-ugc.imgix.net/assets/009/324/963/aa8c08288e58af08b0735874b2f613f0_original.JPG?w=160&h=160&fit=crop&v=1461580189&auto=format&q=92&s=7bbcc0517c0f491f6ab405bea50ac749",
      "small": "https://ksr-ugc.imgix.net/assets/009/324/963/aa8c08288e58af08b0735874b2f613f0_original.JPG?w=160&h=160&fit=crop&v=1461580189&auto=format&q=92&s=7bbcc0517c0f491f6ab405bea50ac749",
      "thumb": "https://ksr-ugc.imgix.net/assets/009/324/963/aa8c08288e58af08b0735874b2f613f0_original.JPG?w=40&h=40&fit=crop&v=1461580189&auto=format&q=92&s=bbd5328e5f5f477bd56df68cfc744d29"
    },
    "id": 1111916963,
    "name": "@Chelt52",
    "urls": {
      "api": {
        "user": "https://api.kickstarter.com/v1/users/1111916963?signature=1488680984.a8157c3525a37dedf7479d782d3c6e5c5a88f224"
      },
      "web": {
        "user": "https://www.kickstarter.com/profile/1111916963"
      }
    }
  },
  "currency": "GBP",
  "currency_symbol": "\u00a3",
  "currency_trailing_code": false,
  "deadline": 1419112800,
  "disable_communication": false,
  "goal": 700.0,
  "id": 1028439016,
  "launched_at": 1416348719,
  "location": {
    "country": "GB",
    "displayable_name": "Cheltenham, UK",
    "id": 15790,
    "is_root": false,
    "name": "Cheltenham",
    "short_name": "Cheltenham, UK",
    "slug": "cheltenham-gb",
    "state": "England",
    "type": "Town",
    "urls": {
      "api": {
        "nearby_projects": "https://api.kickstarter.com/v1/discover?signature=1488668423.62d7c08a83a99c976c3702c56cb7d32e53a154f4&woe_id=15790"
      },
      "web": {
        "discover": "https://www.kickstarter.com/discover/places/cheltenham-gb",
        "location": "https://www.kickstarter.com/locations/cheltenham-gb"
      }
    }
  },
  "name": "@Chelt52 - Year 2! (Canceled)",
  "photo": {
    "1024x576": "https://ksr-ugc.imgix.net/assets/011/918/096/29b5c9af9ce3a49689ab058c94e16082_original.jpg?w=1024&h=576&fit=fill&bg=000000&v=1463714733&auto=format&q=92&s=1c8cd68cb4e5efa8ca512d537534b389",
    "1536x864": "https://ksr-ugc.imgix.net/assets/011/918/096/29b5c9af9ce3a49689ab058c94e16082_original.jpg?w=1536&h=864&fit=fill&bg=000000&v=1463714733&auto=format&q=92&s=83f1b57e660d2f794dbf1a41adc5c766",
    "ed": "https://ksr-ugc.imgix.net/assets/011/918/096/29b5c9af9ce3a49689ab058c94e16082_original.jpg?w=338&h=190&fit=fill&bg=000000&v=1463714733&auto=format&q=92&s=738b044b6a13baf9706686e72b4ecf7f",
    "full": "https://ksr-ugc.imgix.net/assets/011/918/096/29b5c9af9ce3a49689ab058c94e16082_original.jpg?w=560&h=315&fit=fill&bg=000000&v=1463714733&auto=format&q=92&s=0312b4c397190cb11d54aac1931a2c2c",
    "key": "assets/011/918/096/29b5c9af9ce3a49689ab058c94e16082_original.jpg",
    "little": "https://ksr-ugc.imgix.net/assets/011/918/096/29b5c9af9ce3a49689ab058c94e16082_original.jpg?w=200&h=112&fit=fill&bg=000000&v=1463714733&auto=format&q=92&s=afca370029afb3ce96ec53de52680045",
    "med": "https://ksr-ugc.imgix.net/assets/011/918/096/29b5c9af9ce3a49689ab058c94e16082_original.jpg?w=266&h=150&fit=fill&bg=000000&v=1463714733&auto=format&q=92&s=67c81a7645fd02f098a2c3bc81ef4fd8",
    "small": "https://ksr-ugc.imgix.net/assets/011/918/096/29b5c9af9ce3a49689ab058c94e16082_original.jpg?w=160&h=90&fit=fill&bg=000000&v=1463714733&auto=format&q=92&s=232a67402689933e01726ee886263162",
    "thumb": "https://ksr-ugc.imgix.net/assets/011/918/096/29b5c9af9ce3a49689ab058c94e16082_original.jpg?w=40&h=22&fit=fill&bg=000000&v=1463714733&auto=format&q=92&s=b802197f4269ae381487c39df030f9d7"
  },
  "pledged": 30.0,
  "profile": {
    "background_color": null,
    "background_image_opacity": 0.8,
    "blurb": null,
    "feature_image_attributes": {
      "image_urls": {
        "baseball_card": "https://ksr-ugc.imgix.net/assets/011/918/096/29b5c9af9ce3a49689ab058c94e16082_original.jpg?w=1552&h=873&fit=fill&bg=000000&v=1463714733&auto=format&q=92&s=2c1558bdf9e80972780b8a3aa5c580d6",
        "default": "https://ksr-ugc.imgix.net/assets/011/918/096/29b5c9af9ce3a49689ab058c94e16082_original.jpg?w=1552&h=873&fit=fill&bg=000000&v=1463714733&auto=format&q=92&s=2c1558bdf9e80972780b8a3aa5c580d6"
      }
    },
    "id": 1459689,
    "link_background_color": null,
    "link_text": null,
    "link_text_color": null,
    "link_url": null,
    "name": null,
    "project_id": 1459689,
    "should_show_feature_image_section": true,
    "show_feature_image": false,
    "state": "inactive",
    "state_changed_at": 1425915880,
    "text_color": null
  },
  "slug": "chelt52-year-2",
  "spotlight": false,
  "staff_pick": false,
  "state": "canceled",
  "state_changed_at": 1418209935,
  "static_usd_rate": 1.57201066,
  "urls": {
    "web": {
      "project": "https://www.kickstarter.com/projects/1111916963/chelt52-year-2?ref=category_newest",
      "rewards": "https://www.kickstarter.com/projects/1111916963/chelt52-year-2/rewards"
    }
  },
  "usd_pledged": "47.1603198"
}