{
  "backers_count": 440,
  "blurb": "NanoBeam is an incredibly small, 5mm t-slot construction system used for building things like mini robots or electronic devices.",
  "category": {
    "color": 6526716,
    "id": 334,
    "name": "DIY Electronics",
    "parent_id": 16,
    "position": 4,
    "slug": "technology/diy electronics",
    "urls": {
      "web": {
        "discover": "http://www.kickstarter.com/discover/categories/technology/diy%20electronics"
      }
    }
  },
  "country": "US",
  "created_at": 1413157824,
  "creator": {
    "avatar": {
      "medium": "https://ksr-ugc.imgix.net/assets/005/981/906/e3a4c8206a59184b5bb593929ac08181_original.jpg?w=160&h=160&fit=crop&v=1461358813&auto=format&q=92&s=43fadb23581e19508e3ed273a36c3a28",
      "small": "https://ksr-ugc.imgix.net/assets/005/981/906/e3a4c8206a59184b5bb593929ac08181_original.jpg?w=160&h=160&fit=crop&v=1461358813&auto=format&q=92&s=43fadb23581e19508e3ed273a36c3a28",
      "thumb": "https://ksr-ugc.imgix.net/assets/005/981/906/e3a4c8206a59184b5bb593929ac08181_original.jpg?w=40&h=40&fit=crop&v=1461358813&auto=format&q=92&s=2f6cfa800092ab3db9bb2b8cf25e024f"
    },
    "id": 909867005,
    "name": "Hyrum Fairbanks PE",
    "slug": "bossgizmo",
    "urls": {
      "api": {
        "user": "https://api.kickstarter.com/v1/users/909867005?signature=1488679303.1db5ea9606e9a569e1ec542561ed10877432d7e1"
      },
      "web": {
        "user": "https://www.kickstarter.com/profile/bossgizmo"
      }
    }
  },
  "currency": "USD",
  "currency_symbol": "$",
  "currency_trailing_code": true,
  "deadline": 1417472800,
  "disable_communication": false,
  "goal": 12000.0,
  "id": 1028828516,
  "launched_at": 1413581200,
  "location": {
    "country": "US",
    "displayable_name": "Pleasant Hill, CA",
    "id": 2473909,
    "is_root": false,
    "name": "Pleasant Hill",
    "short_name": "Pleasant Hill, CA",
    "slug": "pleasant-hill-ca-us",
    "state": "CA",
    "type": "Town",
    "urls": {
      "api": {
        "nearby_projects": "https://api.kickstarter.com/v1/discover?signature=1488668504.f00182ee812efeff0f784ea097955bde53f27462&woe_id=2473909"
      },
      "web": {
        "discover": "https://www.kickstarter.com/discover/places/pleasant-hill-ca-us",
        "location": "https://www.kickstarter.com/locations/pleasant-hill-ca-us"
      }
    }
  },
  "name": "NanoBeam: helping makers build the smallest things",
  "photo": {
    "1024x576": "https://ksr-ugc.imgix.net/assets/011/905/766/be6b0a01dfe132b6a7031207b4a61302_original.jpg?w=1024&h=576&fit=fill&bg=000000&v=1463713205&auto=format&q=92&s=21cd133e3bc72b35c71c03e5354f2acd",
    "1536x864": "https://ksr-ugc.imgix.net/assets/011/905/766/be6b0a01dfe132b6a7031207b4a61302_original.jpg?w=1536&h=864&fit=fill&bg=000000&v=1463713205&auto=format&q=92&s=4fbdf02b3409f4130139caaf9ca02954",
    "ed": "https://ksr-ugc.imgix.net/assets/011/905/766/be6b0a01dfe132b6a7031207b4a61302_original.jpg?w=338&h=190&fit=fill&bg=000000&v=1463713205&auto=format&q=92&s=71bd4b05d3004a0e9632d2b8e0b6ea33",
    "full": "https://ksr-ugc.imgix.net/assets/011/905/766/be6b0a01dfe132b6a7031207b4a61302_original.jpg?w=560&h=315&fit=fill&bg=000000&v=1463713205&auto=format&q=92&s=e8b7542f2bd7b625ef52052ef3f58225",
    "key": "assets/011/905/766/be6b0a01dfe132b6a7031207b4a61302_original.jpg",
    "little": "https://ksr-ugc.imgix.net/assets/011/905/766/be6b0a01dfe132b6a7031207b4a61302_original.jpg?w=200&h=112&fit=fill&bg=000000&v=1463713205&auto=format&q=92&s=71b9583bc6651b08d6680096ee9d4521",
    "med": "https://ksr-ugc.imgix.net/assets/011/905/766/be6b0a01dfe132b6a7031207b4a61302_original.jpg?w=266&h=150&fit=fill&bg=000000&v=1463713205&auto=format&q=92&s=d4fb1f7cabd7a4e2661c29d63ec62d42",
    "small": "https://ksr-ugc.imgix.net/assets/011/905/766/be6b0a01dfe132b6a7031207b4a61302_original.jpg?w=160&h=90&fit=fill&bg=000000&v=1463713205&auto=format&q=92&s=5647bb4f788fe681e0d2f9bb34854b7a",
    "thumb": "https://ksr-ugc.imgix.net/assets/011/905/766/be6b0a01dfe132b6a7031207b4a61302_original.jpg?w=40&h=22&fit=fill&bg=000000&v=1463713205&auto=format&q=92&s=6c892321dad03a2d1b92767f9ed98697"
  },
  "pledged": 27242.0,
  "profile": {
    "background_color": "",
    "background_image_opacity": 0.8,
    "blurb": "NanoBeam is an incredibly small, 5mm t-slot construction system used for building things like mini robots or electronic devices.",
    "feature_image_attributes": {
      "image_urls": {
        "baseball_card": "https://ksr-ugc.imgix.net/assets/011/905/766/be6b0a01dfe132b6a7031207b4a61302_original.jpg?w=1552&h=873&fit=fill&bg=000000&v=1463713205&auto=format&q=92&s=025cc19dd34668cb8cac6d50754ce27b",
        "default": "https://ksr-ugc.imgix.net/assets/011/905/766/be6b0a01dfe132b6a7031207b4a61302_original.jpg?w=1552&h=873&fit=fill&bg=000000&v=1463713205&auto=format&q=92&s=025cc19dd34668cb8cac6d50754ce27b"
      }
    },
    "id": 1434602,
    "link_background_color": "",
    "link_text": "Buy Now!",
    "link_text_color": "",
    "link_url": "https://www.nanobeam.us",
    "name": "NanoBeam: helping makers build the smallest things",
    "project_id": 1434602,
    "should_show_feature_image_section": true,
    "show_feature_image": false,
    "state": "active",
    "state_changed_at": 1435604272,
    "text_color": ""
  },
  "slug": "nanobeam-helping-makers-build-the-smallest-things",
  "spotlight": true,
  "staff_pick": true,
  "state": "successful",
  "state_changed_at": 1417472801,
  "static_usd_rate": 1.0,
  "urls": {
    "web": {
      "project": "https://www.kickstarter.com/projects/bossgizmo/nanobeam-helping-makers-build-the-smallest-things?ref=category_newest",
      "rewards": "https://www.kickstarter.com/projects/bossgizmo/nanobeam-helping-makers-build-the-smallest-things/rewards"
    }
  },
  "usd_pledged": "27242.0"
}