{
  "backers_count": 35,
  "blurb": "The Easyhook Driver Bit (aka Cuphook Driver & Why-didn't-I-think-of-that-idea) is designed to install cuphooks at all angles with ease.",
  "category": {
    "color": 6526716,
    "id": 52,
    "name": "Hardware",
    "parent_id": 16,
    "position": 8,
    "slug": "technology/hardware",
    "urls": {
      "web": {
        "discover": "http://www.kickstarter.com/discover/categories/technology/hardware"
      }
    }
  },
  "country": "US",
  "created_at": 1406303616,
  "creator": {
    "avatar": {
      "medium": "https://ksr-ugc.imgix.net/assets/009/111/857/9ad7f5b18975fcb32e11616339657ef4_original.png?w=160&h=160&fit=crop&v=1461558695&auto=format&q=92&s=4ec4f87ed4a9594905b8e7127a081d60",
      "small": "https://ksr-ugc.imgix.net/assets/009/111/857/9ad7f5b18975fcb32e11616339657ef4_original.png?w=160&h=160&fit=crop&v=1461558695&auto=format&q=92&s=4ec4f87ed4a9594905b8e7127a081d60",
      "thumb": "https://ksr-ugc.imgix.net/assets/009/111/857/9ad7f5b18975fcb32e11616339657ef4_original.png?w=40&h=40&fit=crop&v=1461558695&auto=format&q=92&s=60677e34440c4b9df9b1fbc5eb7f3c30"
    },
    "id": 968851372,
    "name": "Peter Stonefield",
    "urls": {
      "api": {
        "user": "https://api.kickstarter.com/v1/users/968851372?signature=1488679921.6ebab49fd7a9aa7f87ce083a98dbb9abd4399b0a"
      },
      "web": {
        "user": "https://www.kickstarter.com/profile/968851372"
      }
    }
  },
  "currency": "USD",
  "currency_symbol": "$",
  "currency_trailing_code": true,
  "deadline": 1411863772,
  "disable_communication": false,
  "goal": 25000.0,
  "id": 1028998661,
  "launched_at": 1406679772,
  "location": {
    "country": "US",
    "displayable_name": "Charleston, SC",
    "id": 2378319,
    "is_root": false,
    "name": "Charleston",
    "short_name": "Charleston, SC",
    "slug": "charleston-sc",
    "state": "SC",
    "type": "Town",
    "urls": {
      "api": {
        "nearby_projects": "https://api.kickstarter.com/v1/discover?signature=1488668419.c49d391cdc7177bb8b17b3a27b7fa98b654ce501&woe_id=2378319"
      },
      "web": {
        "discover": "https://www.kickstarter.com/discover/places/charleston-sc",
        "location": "https://www.kickstarter.com/locations/charleston-sc"
      }
    }
  },
  "name": "The Easyhook Driver Bit; Cuphook Installation Made Easy",
  "photo": {
    "1024x576": "https://ksr-ugc.imgix.net/assets/011/805/570/8d1147d993c9a7a248e79dc90be24ce1_original.jpg?w=1024&h=576&fit=fill&bg=000000&v=1463697196&auto=format&q=92&s=d27270cfbe9b8c2dbd9bd4403b0b6c33",
    "1536x864": "https://ksr-ugc.imgix.net/assets/011/805/570/8d1147d993c9a7a248e79dc90be24ce1_original.jpg?w=1536&h=864&fit=fill&bg=000000&v=1463697196&auto=format&q=92&s=78d18c5164d55af174d7f71de401b3e7",
    "ed": "https://ksr-ugc.imgix.net/assets/011/805/570/8d1147d993c9a7a248e79dc90be24ce1_original.jpg?w=338&h=190&fit=fill&bg=000000&v=1463697196&auto=format&q=92&s=9774085838a74629ade430906a2f45fa",
    "full": "https://ksr-ugc.imgix.net/assets/011/805/570/8d1147d993c9a7a248e79dc90be24ce1_original.jpg?w=560&h=315&fit=fill&bg=000000&v=1463697196&auto=format&q=92&s=eb50ac1a84f15c5f3e1246a63a4868b4",
    "key": "assets/011/805/570/8d1147d993c9a7a248e79dc90be24ce1_original.jpg",
    "little": "https://ksr-ugc.imgix.net/assets/011/805/570/8d1147d993c9a7a248e79dc90be24ce1_original.jpg?w=200&h=112&fit=fill&bg=000000&v=1463697196&auto=format&q=92&s=96c7c24032a54fd1284a199de07128f6",
    "med": "https://ksr-ugc.imgix.net/assets/011/805/570/8d1147d993c9a7a248e79dc90be24ce1_original.jpg?w=266&h=150&fit=fill&bg=000000&v=1463697196&auto=format&q=92&s=1928a5ed357856ef9ab529a5c3fbd768",
    "small": "https://ksr-ugc.imgix.net/assets/011/805/570/8d1147d993c9a7a248e79dc90be24ce1_original.jpg?w=160&h=90&fit=fill&bg=000000&v=1463697196&auto=format&q=92&s=5a75eae50a9913468118f03800bae679",
    "thumb": "https://ksr-ugc.imgix.net/assets/011/805/570/8d1147d993c9a7a248e79dc90be24ce1_original.jpg?w=40&h=22&fit=fill&bg=000000&v=1463697196&auto=format&q=92&s=782544dd69aaeb9cef6249bc9aa0756b"
  },
  "pledged": 590.0,
  "profile": {
    "background_color": null,
    "background_image_opacity": 0.8,
    "blurb": null,
    "feature_image_attributes": {
      "image_urls": {
        "baseball_card": "https://ksr-ugc.imgix.net/assets/011/805/570/8d1147d993c9a7a248e79dc90be24ce1_original.jpg?w=1552&h=873&fit=fill&bg=000000&v=1463697196&auto=format&q=92&s=dbca266da31d36beca24b4405dbe8659",
        "default": "https://ksr-ugc.imgix.net/assets/011/805/570/8d1147d993c9a7a248e79dc90be24ce1_original.jpg?w=1552&h=873&fit=fill&bg=000000&v=1463697196&auto=format&q=92&s=dbca266da31d36beca24b4405dbe8659"
      }
    },
    "id": 1226278,
    "link_background_color": null,
    "link_text": null,
    "link_text_color": null,
    "link_url": null,
    "name": null,
    "project_id": 1226278,
    "should_show_feature_image_section": true,
    "show_feature_image": false,
    "state": "inactive",
    "state_changed_at": 1425915868,
    "text_color": null
  },
  "slug": "the-easyhook-driver-bit-cuphook-installation-made",
  "spotlight": false,
  "staff_pick": false,
  "state": "failed",
  "state_changed_at": 1411863773,
  "static_usd_rate": 1.0,
  "urls": {
    "web": {
      "project": "https://www.kickstarter.com/projects/968851372/the-easyhook-driver-bit-cuphook-installation-made?ref=category_newest",
      "rewards": "https://www.kickstarter.com/projects/968851372/the-easyhook-driver-bit-cuphook-installation-made/rewards"
    }
  },
  "usd_pledged": "590.0"
}