{
  "backers_count": 7,
  "blurb": "Developing a free webmail to include All-In-One Emails, Social media, File sharing, Calendar, Contact list, and To do list.",
  "category": {
    "color": 6526716,
    "id": 342,
    "name": "Web",
    "parent_id": 16,
    "position": 15,
    "slug": "technology/web",
    "urls": {
      "web": {
        "discover": "http://www.kickstarter.com/discover/categories/technology/web"
      }
    }
  },
  "country": "CA",
  "created_at": 1414950169,
  "creator": {
    "avatar": {
      "medium": "https://ksr-ugc.imgix.net/assets/008/585/390/4e54d259ce48f646de42c26650447ec6_original.jpg?w=160&h=160&fit=crop&v=1461533114&auto=format&q=92&s=57a5fe222180d8c057578a2a41acf7d9",
      "small": "https://ksr-ugc.imgix.net/assets/008/585/390/4e54d259ce48f646de42c26650447ec6_original.jpg?w=160&h=160&fit=crop&v=1461533114&auto=format&q=92&s=57a5fe222180d8c057578a2a41acf7d9",
      "thumb": "https://ksr-ugc.imgix.net/assets/008/585/390/4e54d259ce48f646de42c26650447ec6_original.jpg?w=40&h=40&fit=crop&v=1461533114&auto=format&q=92&s=4459e65c1465ecd9d4a40464c0fce3f0"
    },
    "id": 600426823,
    "name": "Nili Canada",
    "urls": {
      "api": {
        "user": "https://api.kickstarter.com/v1/users/600426823?signature=1488680748.b8920e258522df45628764dd19bfa590265c399c"
      },
      "web": {
        "user": "https://www.kickstarter.com/profile/600426823"
      }
    }
  },
  "currency": "CAD",
  "currency_symbol": "$",
  "currency_trailing_code": true,
  "deadline": 1420232860,
  "disable_communication": false,
  "goal": 14250.0,
  "id": 1028026144,
  "launched_at": 1415048860,
  "location": {
    "country": "CA",
    "displayable_name": "Toronto, Canada",
    "id": 4118,
    "is_root": false,
    "name": "Toronto",
    "short_name": "Toronto, Canada",
    "slug": "toronto-on-ca",
    "state": "ON",
    "type": "Town",
    "urls": {
      "api": {
        "nearby_projects": "https://api.kickstarter.com/v1/discover?signature=1488668420.6cf3cba43c384a6530561e4c2f027f089e49c3ee&woe_id=4118"
      },
      "web": {
        "discover": "https://www.kickstarter.com/discover/places/toronto-on-ca",
        "location": "https://www.kickstarter.com/locations/toronto-on-ca"
      }
    }
  },
  "name": "Free All-In-One eMail, Social Media, File share inbox | Nili",
  "photo": {
    "1024x576": "https://ksr-ugc.imgix.net/assets/011/930/988/a7a57f033816c2460a1d3d5412e366d3_original.png?w=1024&h=576&fit=fill&bg=000000&v=1463716533&auto=format&q=92&s=eaa516e70d0d8f60ede506364519ce5b",
    "1536x864": "https://ksr-ugc.imgix.net/assets/011/930/988/a7a57f033816c2460a1d3d5412e366d3_original.png?w=1536&h=864&fit=fill&bg=000000&v=1463716533&auto=format&q=92&s=fbc99501ae57814241951416cc8c1e74",
    "ed": "https://ksr-ugc.imgix.net/assets/011/930/988/a7a57f033816c2460a1d3d5412e366d3_original.png?w=338&h=190&fit=fill&bg=000000&v=1463716533&auto=format&q=92&s=cc69462e7e5e5de99e4eb21d30d974bf",
    "full": "https://ksr-ugc.imgix.net/assets/011/930/988/a7a57f033816c2460a1d3d5412e366d3_original.png?w=560&h=315&fit=fill&bg=000000&v=1463716533&auto=format&q=92&s=a85b23eb8f819f80fecd2d207a19b1b3",
    "key": "assets/011/930/988/a7a57f033816c2460a1d3d5412e366d3_original.png",
    "little": "https://ksr-ugc.imgix.net/assets/011/930/988/a7a57f033816c2460a1d3d5412e366d3_original.png?w=200&h=112&fit=fill&bg=000000&v=1463716533&auto=format&q=92&s=326442479b2976184954b6139b5add20",
    "med": "https://ksr-ugc.imgix.net/assets/011/930/988/a7a57f033816c2460a1d3d5412e366d3_original.png?w=266&h=150&fit=fill&bg=000000&v=1463716533&auto=format&q=92&s=55d0bcf3207dfbedcb06de7284758725",
    "small": "https://ksr-ugc.imgix.net/assets/011/930/988/a7a57f033816c2460a1d3d5412e366d3_original.png?w=160&h=90&fit=fill&bg=000000&v=1463716533&auto=format&q=92&s=ff0e86f5dcd4557dec7ffcc33df6a0a7",
    "thumb": "https://ksr-ugc.imgix.net/assets/011/930/988/a7a57f033816c2460a1d3d5412e366d3_original.png?w=40&h=22&fit=fill&bg=000000&v=1463716533&auto=format&q=92&s=4518d8f8bce31edf12bbf59a9b3023c8"
  },
  "pledged": 2052.0,
  "profile": {
    "background_color": null,
    "background_image_opacity": 0.8,
    "blurb": null,
    "feature_image_attributes": {
      "image_urls": {
        "baseball_card": "https://ksr-ugc.imgix.net/assets/011/930/988/a7a57f033816c2460a1d3d5412e366d3_original.png?w=1552&h=873&fit=fill&bg=000000&v=1463716533&auto=format&q=92&s=dd1ba1f3cc831ca9e783a2f0ee438e1e",
        "default": "https://ksr-ugc.imgix.net/assets/011/930/988/a7a57f033816c2460a1d3d5412e366d3_original.png?w=1552&h=873&fit=fill&bg=000000&v=1463716533&auto=format&q=92&s=dd1ba1f3cc831ca9e783a2f0ee438e1e"
      }
    },
    "id": 1486080,
    "link_background_color": null,
    "link_text": null,
    "link_text_color": null,
    "link_url": null,
    "name": null,
    "project_id": 1486080,
    "should_show_feature_image_section": true,
    "show_feature_image": false,
    "state": "inactive",
    "state_changed_at": 1425915882,
    "text_color": null
  },
  "slug": "free-all-in-one-email-social-media-file-share-inbo",
  "spotlight": false,
  "staff_pick": false,
  "state": "failed",
  "state_changed_at": 1420232860,
  "static_usd_rate": 0.88781247,
  "urls": {
    "web": {
      "project": "https://www.kickstarter.com/projects/600426823/free-all-in-one-email-social-media-file-share-inbo?ref=category_newest",
      "rewards": "https://www.kickstarter.com/projects/600426823/free-all-in-one-email-social-media-file-share-inbo/rewards"
    }
  },
  "usd_pledged": "1821.79118844"
}