{
  "backers_count": 11,
  "blurb": "The Magniglass is a pair of electronic glasses that can magnify the image or video for better vision.",
  "category": {
    "color": 6526716,
    "id": 341,
    "name": "Wearables",
    "parent_id": 16,
    "position": 14,
    "slug": "technology/wearables",
    "urls": {
      "web": {
        "discover": "http://www.kickstarter.com/discover/categories/technology/wearables"
      }
    }
  },
  "country": "US",
  "created_at": 1409267219,
  "creator": {
    "avatar": {
      "medium": "https://ksr-ugc.imgix.net/assets/009/240/752/267fff250c408af3b8273efac2c5a4cc_original.JPG?w=160&h=160&fit=crop&v=1461567144&auto=format&q=92&s=aa04d8474dc39081d24836e975e0509b",
      "small": "https://ksr-ugc.imgix.net/assets/009/240/752/267fff250c408af3b8273efac2c5a4cc_original.JPG?w=160&h=160&fit=crop&v=1461567144&auto=format&q=92&s=aa04d8474dc39081d24836e975e0509b",
      "thumb": "https://ksr-ugc.imgix.net/assets/009/240/752/267fff250c408af3b8273efac2c5a4cc_original.JPG?w=40&h=40&fit=crop&v=1461567144&auto=format&q=92&s=20860f5cd14afce93c643d6e251bd751"
    },
    "id": 1545752253,
    "name": "Christopher Reekie",
    "urls": {
      "api": {
        "user": "https://api.kickstarter.com/v1/users/1545752253?signature=1488680544.73cb07e23612cacc1fd9cda915fcc069c6074842"
      },
      "web": {
        "user": "https://www.kickstarter.com/profile/1545752253"
      }
    }
  },
  "currency": "USD",
  "currency_symbol": "$",
  "currency_trailing_code": true,
  "deadline": 1414634532,
  "disable_communication": false,
  "goal": 4500.0,
  "id": 1028938536,
  "launched_at": 1412042532,
  "location": {
    "country": "US",
    "displayable_name": "Portland, OR",
    "id": 2475687,
    "is_root": false,
    "name": "Portland",
    "short_name": "Portland, OR",
    "slug": "portland-or",
    "state": "OR",
    "type": "Town",
    "urls": {
      "api": {
        "nearby_projects": "https://api.kickstarter.com/v1/discover?signature=1488668417.c6e7a5508a1d283c299e485dbfaef8ef820f6a4c&woe_id=2475687"
      },
      "web": {
        "discover": "https://www.kickstarter.com/discover/places/portland-or",
        "location": "https://www.kickstarter.com/locations/portland-or"
      }
    }
  },
  "name": "Magniglass: Electronic Glasses for Medical and Personal Use",
  "photo": {
    "1024x576": "https://ksr-ugc.imgix.net/assets/011/852/263/50a7419c6e6844e948d7e9531add629a_original.jpeg?w=1024&h=576&fit=fill&bg=000000&v=1463704148&auto=format&q=92&s=10edd4baa33d2d002937a881d2288db5",
    "1536x864": "https://ksr-ugc.imgix.net/assets/011/852/263/50a7419c6e6844e948d7e9531add629a_original.jpeg?w=1536&h=864&fit=fill&bg=000000&v=1463704148&auto=format&q=92&s=0574cd4c026628eca86cdaff76e178d3",
    "ed": "https://ksr-ugc.imgix.net/assets/011/852/263/50a7419c6e6844e948d7e9531add629a_original.jpeg?w=338&h=190&fit=fill&bg=000000&v=1463704148&auto=format&q=92&s=482705e1bd743bc965bf6f9aab795463",
    "full": "https://ksr-ugc.imgix.net/assets/011/852/263/50a7419c6e6844e948d7e9531add629a_original.jpeg?w=560&h=315&fit=fill&bg=000000&v=1463704148&auto=format&q=92&s=fd1bf7d07d14d5bc21b78eac57b63b4e",
    "key": "assets/011/852/263/50a7419c6e6844e948d7e9531add629a_original.jpeg",
    "little": "https://ksr-ugc.imgix.net/assets/011/852/263/50a7419c6e6844e948d7e9531add629a_original.jpeg?w=200&h=112&fit=fill&bg=000000&v=1463704148&auto=format&q=92&s=16a693274d363ad767be045969247e67",
    "med": "https://ksr-ugc.imgix.net/assets/011/852/263/50a7419c6e6844e948d7e9531add629a_original.jpeg?w=266&h=150&fit=fill&bg=000000&v=1463704148&auto=format&q=92&s=2a650071c9e29137c3740bacec625653",
    "small": "https://ksr-ugc.imgix.net/assets/011/852/263/50a7419c6e6844e948d7e9531add629a_original.jpeg?w=160&h=90&fit=fill&bg=000000&v=1463704148&auto=format&q=92&s=49aedf4d79d02ea3d0e299252124685a",
    "thumb": "https://ksr-ugc.imgix.net/assets/011/852/263/50a7419c6e6844e948d7e9531add629a_original.jpeg?w=40&h=22&fit=fill&bg=000000&v=1463704148&auto=format&q=92&s=5f3de3b7e7f6001598dbf4a7c78ac5d1"
  },
  "pledged": 4726.0,
  "profile": {
    "background_color": null,
    "background_image_opacity": 0.8,
    "blurb": null,
    "feature_image_attributes": {
      "image_urls": {
        "baseball_card": "https://ksr-ugc.imgix.net/assets/011/852/263/50a7419c6e6844e948d7e9531add629a_original.jpeg?w=1552&h=873&fit=fill&bg=000000&v=1463704148&auto=format&q=92&s=ce47afa12d5b4c28f4920fa680fd6352",
        "default": "https://ksr-ugc.imgix.net/assets/011/852/263/50a7419c6e6844e948d7e9531add629a_original.jpeg?w=1552&h=873&fit=fill&bg=000000&v=1463704148&auto=format&q=92&s=ce47afa12d5b4c28f4920fa680fd6352"
      }
    },
    "id": 1324122,
    "link_background_color": null,
    "link_text": null,
    "link_text_color": null,
    "link_url": null,
    "name": null,
    "project_id": 1324122,
    "should_show_feature_image_section": true,
    "show_feature_image": false,
    "state": "inactive",
    "state_changed_at": 1425915873,
    "text_color": null
  },
  "slug": "magniglass-electronic-glasses-for-medical-and-pers",
  "spotlight": true,
  "staff_pick": false,
  "state": "successful",
  "state_changed_at": 1414634532,
  "static_usd_rate": 1.0,
  "urls": {
    "web": {
      "project": "https://www.kickstarter.com/projects/1545752253/magniglass-electronic-glasses-for-medical-and-pers?ref=category_newest",
      "rewards": "https://www.kickstarter.com/projects/1545752253/magniglass-electronic-glasses-for-medical-and-pers/rewards"
    }
  },
  "usd_pledged": "4726.0"
}