{
  "backers_count": 0,
  "blurb": "The First Complete Drone Course That Will Turn You From A \"Noob\" To A Pro Drone Pilot. Taught By Pro Pilots, To Make You A Pro Pilot.",
  "category": {
    "color": 6526716,
    "id": 342,
    "name": "Web",
    "parent_id": 16,
    "position": 15,
    "slug": "technology/web",
    "urls": {
      "web": {
        "discover": "http://www.kickstarter.com/discover/categories/technology/web"
      }
    }
  },
  "country": "US",
  "created_at": 1471634034,
  "creator": {
    "avatar": {
      "medium": "https://ksr-ugc.imgix.net/assets/013/473/338/5e9a2b8ff11d2eea182d1c9d31071006_original.png?w=160&h=160&fit=crop&v=1471995406&auto=format&q=92&s=d505455479433d187f219d67bf6749f8",
      "small": "https://ksr-ugc.imgix.net/assets/013/473/338/5e9a2b8ff11d2eea182d1c9d31071006_original.png?w=160&h=160&fit=crop&v=1471995406&auto=format&q=92&s=d505455479433d187f219d67bf6749f8",
      "thumb": "https://ksr-ugc.imgix.net/assets/013/473/338/5e9a2b8ff11d2eea182d1c9d31071006_original.png?w=40&h=40&fit=crop&v=1471995406&auto=format&q=92&s=195ce4b25fec5c97c2555dba763c905b"
    },
    "id": 1303867070,
    "name": "TestingAlpha",
    "slug": "testingalpha",
    "urls": {
      "api": {
        "user": "https://api.kickstarter.com/v1/users/1303867070?signature=1488681024.dfe54241adeb65c0087a5b2ed7eb5b40be3d6bfc"
      },
      "web": {
        "user": "https://www.kickstarter.com/profile/testingalpha"
      }
    }
  },
  "currency": "USD",
  "currency_symbol": "$",
  "currency_trailing_code": true,
  "deadline": 1474665565,
  "disable_communication": false,
  "goal": 5000.0,
  "id": 1028578367,
  "launched_at": 1472073565,
  "location": {
    "country": "US",
    "displayable_name": "Washington, DC",
    "id": 2514815,
    "is_root": false,
    "name": "Washington",
    "short_name": "Washington, DC",
    "slug": "washington-dc",
    "state": "DC",
    "type": "Town",
    "urls": {
      "api": {
        "nearby_projects": "https://api.kickstarter.com/v1/discover?signature=1488668420.21ef010b8295b00578f0dc7a9bd653a2955b3766&woe_id=2514815"
      },
      "web": {
        "discover": "https://www.kickstarter.com/discover/places/washington-dc",
        "location": "https://www.kickstarter.com/locations/washington-dc"
      }
    }
  },
  "name": "The TestingAlpha \"Noob To Pro\" Drone Course (Canceled)",
  "photo": {
    "1024x576": "https://ksr-ugc.imgix.net/assets/013/473/240/929a7b7baecc192f936486f3f82aa4ec_original.png?w=1024&h=576&fit=fill&bg=000000&v=1471994662&auto=format&q=92&s=38aa1887a2d8c2ca929d1eb042897757",
    "1536x864": "https://ksr-ugc.imgix.net/assets/013/473/240/929a7b7baecc192f936486f3f82aa4ec_original.png?w=1536&h=864&fit=fill&bg=000000&v=1471994662&auto=format&q=92&s=a3a95d139b2966763c913a49ce5387ab",
    "ed": "https://ksr-ugc.imgix.net/assets/013/473/240/929a7b7baecc192f936486f3f82aa4ec_original.png?w=338&h=190&fit=fill&bg=000000&v=1471994662&auto=format&q=92&s=446ea9f767ad769a0fc67bf21b8edab3",
    "full": "https://ksr-ugc.imgix.net/assets/013/473/240/929a7b7baecc192f936486f3f82aa4ec_original.png?w=560&h=315&fit=fill&bg=000000&v=1471994662&auto=format&q=92&s=542ba62c12e74336279f69113e9bb5b7",
    "key": "assets/013/473/240/929a7b7baecc192f936486f3f82aa4ec_original.png",
    "little": "https://ksr-ugc.imgix.net/assets/013/473/240/929a7b7baecc192f936486f3f82aa4ec_original.png?w=200&h=112&fit=fill&bg=000000&v=1471994662&auto=format&q=92&s=50784326457fdec9a29b8d6370ff7473",
    "med": "https://ksr-ugc.imgix.net/assets/013/473/240/929a7b7baecc192f936486f3f82aa4ec_original.png?w=266&h=150&fit=fill&bg=000000&v=1471994662&auto=format&q=92&s=85c0eede1b5428aa5a5970f69ea48199",
    "small": "https://ksr-ugc.imgix.net/assets/013/473/240/929a7b7baecc192f936486f3f82aa4ec_original.png?w=160&h=90&fit=fill&bg=000000&v=1471994662&auto=format&q=92&s=752aabc8500e2efc1c70ca6db331954c",
    "thumb": "https://ksr-ugc.imgix.net/assets/013/473/240/929a7b7baecc192f936486f3f82aa4ec_original.png?w=40&h=22&fit=fill&bg=000000&v=1471994662&auto=format&q=92&s=a6566b4b7a144f8579abf99790605c64"
  },
  "pledged": 0.0,
  "profile": {
    "background_color": null,
    "background_image_opacity": 0.8,
    "blurb": null,
    "feature_image_attributes": {
      "image_urls": {
        "baseball_card": "https://ksr-ugc.imgix.net/assets/013/473/240/929a7b7baecc192f936486f3f82aa4ec_original.png?w=1552&h=873&fit=fill&bg=000000&v=1471994662&auto=format&q=92&s=f0d807b053dd46e6ecdbae1d7db803fa",
        "default": "https://ksr-ugc.imgix.net/assets/013/473/240/929a7b7baecc192f936486f3f82aa4ec_original.png?w=1552&h=873&fit=fill&bg=000000&v=1471994662&auto=format&q=92&s=f0d807b053dd46e6ecdbae1d7db803fa"
      }
    },
    "id": 2645202,
    "link_background_color": null,
    "link_text": null,
    "link_text_color": null,
    "link_url": null,
    "name": null,
    "project_id": 2645202,
    "should_show_feature_image_section": true,
    "show_feature_image": false,
    "state": "inactive",
    "state_changed_at": 1471634034,
    "text_color": null
  },
  "slug": "the-testingalpha-noob-to-pro-drone-course",
  "spotlight": false,
  "staff_pick": false,
  "state": "canceled",
  "state_changed_at": 1472145279,
  "static_usd_rate": 1.0,
  "urls": {
    "web": {
      "project": "https://www.kickstarter.com/projects/testingalpha/the-testingalpha-noob-to-pro-drone-course?ref=category_newest",
      "rewards": "https://www.kickstarter.com/projects/testingalpha/the-testingalpha-noob-to-pro-drone-course/rewards"
    }
  },
  "usd_pledged": "0.0"
}