{
  "backers_count": 7,
  "blurb": "Want to be the best there ever was? Phone battery just cant keep up with your poke-lifestyle. The Pok-Egg-o may be just what you need!",
  "category": {
    "color": 6526716,
    "id": 334,
    "name": "DIY Electronics",
    "parent_id": 16,
    "position": 4,
    "slug": "technology/diy electronics",
    "urls": {
      "web": {
        "discover": "http://www.kickstarter.com/discover/categories/technology/diy%20electronics"
      }
    }
  },
  "country": "CA",
  "created_at": 1473699831,
  "creator": {
    "avatar": {
      "medium": "https://ksr-ugc.imgix.net/assets/009/197/545/bb485e8562fee527a25dfcd277832fc6_original.jpg?w=160&h=160&fit=crop&v=1461563908&auto=format&q=92&s=ece5c0f24ce53bb890592ffac8189f12",
      "small": "https://ksr-ugc.imgix.net/assets/009/197/545/bb485e8562fee527a25dfcd277832fc6_original.jpg?w=160&h=160&fit=crop&v=1461563908&auto=format&q=92&s=ece5c0f24ce53bb890592ffac8189f12",
      "thumb": "https://ksr-ugc.imgix.net/assets/009/197/545/bb485e8562fee527a25dfcd277832fc6_original.jpg?w=40&h=40&fit=crop&v=1461563908&auto=format&q=92&s=5480db55d121bf8b0ab1742a9e1f13cc"
    },
    "id": 244148559,
    "name": "Calvin D.",
    "urls": {
      "api": {
        "user": "https://api.kickstarter.com/v1/users/244148559?signature=1488679360.f3596411e4798283ef48dd64312dc14cd78ae735"
      },
      "web": {
        "user": "https://www.kickstarter.com/profile/244148559"
      }
    }
  },
  "currency": "CAD",
  "currency_symbol": "$",
  "currency_trailing_code": true,
  "deadline": 1479071888,
  "disable_communication": false,
  "goal": 4000.0,
  "id": 1028224036,
  "launched_at": 1473884288,
  "location": {
    "country": "CA",
    "displayable_name": "Timmins, Canada",
    "id": 3160,
    "is_root": false,
    "name": "Timmins",
    "short_name": "Timmins, Canada",
    "slug": "timmins-ca",
    "state": "ON",
    "type": "Town",
    "urls": {
      "api": {
        "nearby_projects": "https://api.kickstarter.com/v1/discover?signature=1488670532.00409ff4273c3883929ef5fe69dd8907bc2e83f7&woe_id=3160"
      },
      "web": {
        "discover": "https://www.kickstarter.com/discover/places/timmins-ca",
        "location": "https://www.kickstarter.com/locations/timmins-ca"
      }
    }
  },
  "name": "Pok-Egg-o Usb Power packs",
  "photo": {
    "1024x576": "https://ksr-ugc.imgix.net/assets/013/708/004/9f3fbab64f28a5c9e44421b51fb5c72a_original.jpg?w=1024&h=576&fit=fill&bg=000000&v=1473713304&auto=format&q=92&s=e7a51183c0ad0d0dc8db6b8d0dd7eb14",
    "1536x864": "https://ksr-ugc.imgix.net/assets/013/708/004/9f3fbab64f28a5c9e44421b51fb5c72a_original.jpg?w=1536&h=864&fit=fill&bg=000000&v=1473713304&auto=format&q=92&s=a64836dd86fea21529326c342d053b4b",
    "ed": "https://ksr-ugc.imgix.net/assets/013/708/004/9f3fbab64f28a5c9e44421b51fb5c72a_original.jpg?w=338&h=190&fit=fill&bg=000000&v=1473713304&auto=format&q=92&s=a29a5b0971052115a92f3250e41d46f9",
    "full": "https://ksr-ugc.imgix.net/assets/013/708/004/9f3fbab64f28a5c9e44421b51fb5c72a_original.jpg?w=560&h=315&fit=fill&bg=000000&v=1473713304&auto=format&q=92&s=e4d7e3d105440147ce313b232fbe6091",
    "key": "assets/013/708/004/9f3fbab64f28a5c9e44421b51fb5c72a_original.jpg",
    "little": "https://ksr-ugc.imgix.net/assets/013/708/004/9f3fbab64f28a5c9e44421b51fb5c72a_original.jpg?w=200&h=112&fit=fill&bg=000000&v=1473713304&auto=format&q=92&s=e7eb66a8661dc7d174483fdbdd9a2d54",
    "med": "https://ksr-ugc.imgix.net/assets/013/708/004/9f3fbab64f28a5c9e44421b51fb5c72a_original.jpg?w=266&h=150&fit=fill&bg=000000&v=1473713304&auto=format&q=92&s=87f24123df0c70bc97223eb499496873",
    "small": "https://ksr-ugc.imgix.net/assets/013/708/004/9f3fbab64f28a5c9e44421b51fb5c72a_original.jpg?w=160&h=90&fit=fill&bg=000000&v=1473713304&auto=format&q=92&s=b657e8a5969cd54ebd8f754e0ac7ebf9",
    "thumb": "https://ksr-ugc.imgix.net/assets/013/708/004/9f3fbab64f28a5c9e44421b51fb5c72a_original.jpg?w=40&h=22&fit=fill&bg=000000&v=1473713304&auto=format&q=92&s=9fe18660a82a3a55677ed8bf55b9d906"
  },
  "pledged": 185.0,
  "profile": {
    "background_color": null,
    "background_image_opacity": 0.8,
    "blurb": null,
    "feature_image_attributes": {
      "image_urls": {
        "baseball_card": "https://ksr-ugc.imgix.net/assets/013/708/004/9f3fbab64f28a5c9e44421b51fb5c72a_original.jpg?w=1552&h=873&fit=fill&bg=000000&v=1473713304&auto=format&q=92&s=7e62cb599e71c304949d0a193fdc94ce",
        "default": "https://ksr-ugc.imgix.net/assets/013/708/004/9f3fbab64f28a5c9e44421b51fb5c72a_original.jpg?w=1552&h=873&fit=fill&bg=000000&v=1473713304&auto=format&q=92&s=7e62cb599e71c304949d0a193fdc94ce"
      }
    },
    "id": 2675837,
    "link_background_color": null,
    "link_text": null,
    "link_text_color": null,
    "link_url": null,
    "name": null,
    "project_id": 2675837,
    "should_show_feature_image_section": true,
    "show_feature_image": false,
    "state": "inactive",
    "state_changed_at": 1473699831,
    "text_color": null
  },
  "slug": "pok-egg-o-usb-power-packs",
  "spotlight": false,
  "staff_pick": false,
  "state": "failed",
  "state_changed_at": 1479071888,
  "static_usd_rate": 0.76589324,
  "urls": {
    "web": {
      "project": "https://www.kickstarter.com/projects/244148559/pok-egg-o-usb-power-packs?ref=category_newest",
      "rewards": "https://www.kickstarter.com/projects/244148559/pok-egg-o-usb-power-packs/rewards"
    }
  },
  "usd_pledged": "141.6902494"
}