{
  "backers_count": 2,
  "blurb": "uTenants is an online platform that helps renters from getting continually screwed by landlords.",
  "category": {
    "color": 6526716,
    "id": 51,
    "name": "Software",
    "parent_id": 16,
    "position": 11,
    "slug": "technology/software",
    "urls": {
      "web": {
        "discover": "http://www.kickstarter.com/discover/categories/technology/software"
      }
    }
  },
  "country": "US",
  "created_at": 1467405897,
  "creator": {
    "avatar": {
      "medium": "https://ksr-ugc.imgix.net/assets/012/929/036/c91eea8868c8ec2d8a7e7be57e6e32b9_original.jpg?w=160&h=160&fit=crop&v=1467406797&auto=format&q=92&s=f368349bd1bd88848b7d5a880f5a98be",
      "small": "https://ksr-ugc.imgix.net/assets/012/929/036/c91eea8868c8ec2d8a7e7be57e6e32b9_original.jpg?w=160&h=160&fit=crop&v=1467406797&auto=format&q=92&s=f368349bd1bd88848b7d5a880f5a98be",
      "thumb": "https://ksr-ugc.imgix.net/assets/012/929/036/c91eea8868c8ec2d8a7e7be57e6e32b9_original.jpg?w=40&h=40&fit=crop&v=1467406797&auto=format&q=92&s=9e3c5ad91478667345836f68ae93b190"
    },
    "id": 1514534619,
    "name": "Bobby Sitro",
    "urls": {
      "api": {
        "user": "https://api.kickstarter.com/v1/users/1514534619?signature=1488680380.846e57b215c87b61b96f8ed40db8c458be7c0920"
      },
      "web": {
        "user": "https://www.kickstarter.com/profile/1514534619"
      }
    }
  },
  "currency": "USD",
  "currency_symbol": "$",
  "currency_trailing_code": true,
  "deadline": 1470322240,
  "disable_communication": false,
  "goal": 100000.0,
  "id": 1029088354,
  "launched_at": 1467730240,
  "location": {
    "country": "US",
    "displayable_name": "Manhattan, NY",
    "id": 12589342,
    "is_root": false,
    "name": "Manhattan",
    "short_name": "Manhattan, NY",
    "slug": "manhattan-ny",
    "state": "NY",
    "type": "County",
    "urls": {
      "api": {
        "nearby_projects": "https://api.kickstarter.com/v1/discover?signature=1488668422.5f0e7684b894033e8eefc87456aa37a9101ef398&woe_id=12589342"
      },
      "web": {
        "discover": "https://www.kickstarter.com/discover/places/manhattan-ny",
        "location": "https://www.kickstarter.com/locations/manhattan-ny"
      }
    }
  },
  "name": "uTenants",
  "photo": {
    "1024x576": "https://ksr-ugc.imgix.net/assets/012/928/988/c79529ba3e2f5fe7133be8449ef5fba8_original.png?w=1024&h=576&fit=fill&bg=000000&v=1467406470&auto=format&q=92&s=e541c165086a42c1b000ba2acd1e2d7c",
    "1536x864": "https://ksr-ugc.imgix.net/assets/012/928/988/c79529ba3e2f5fe7133be8449ef5fba8_original.png?w=1536&h=864&fit=fill&bg=000000&v=1467406470&auto=format&q=92&s=eb7ee8f0c4c5c0f6920f03f29c97c512",
    "ed": "https://ksr-ugc.imgix.net/assets/012/928/988/c79529ba3e2f5fe7133be8449ef5fba8_original.png?w=338&h=190&fit=fill&bg=000000&v=1467406470&auto=format&q=92&s=5b3c276bb3dfaa27e14d0a8e2d3a01e7",
    "full": "https://ksr-ugc.imgix.net/assets/012/928/988/c79529ba3e2f5fe7133be8449ef5fba8_original.png?w=560&h=315&fit=fill&bg=000000&v=1467406470&auto=format&q=92&s=9391319e392714fe169a7763e3d20434",
    "key": "assets/012/928/988/c79529ba3e2f5fe7133be8449ef5fba8_original.png",
    "little": "https://ksr-ugc.imgix.net/assets/012/928/988/c79529ba3e2f5fe7133be8449ef5fba8_original.png?w=200&h=112&fit=fill&bg=000000&v=1467406470&auto=format&q=92&s=0602e004dae7d429e873f96e7984f328",
    "med": "https://ksr-ugc.imgix.net/assets/012/928/988/c79529ba3e2f5fe7133be8449ef5fba8_original.png?w=266&h=150&fit=fill&bg=000000&v=1467406470&auto=format&q=92&s=0c5d46410f15908c067be2621f88a953",
    "small": "https://ksr-ugc.imgix.net/assets/012/928/988/c79529ba3e2f5fe7133be8449ef5fba8_original.png?w=160&h=90&fit=fill&bg=000000&v=1467406470&auto=format&q=92&s=d45efbd6ca1c1911fb674b8c690afbd5",
    "thumb": "https://ksr-ugc.imgix.net/assets/012/928/988/c79529ba3e2f5fe7133be8449ef5fba8_original.png?w=40&h=22&fit=fill&bg=000000&v=1467406470&auto=format&q=92&s=1c75382ba7ef724fd3e5e7c44b2ca898"
  },
  "pledged": 2.0,
  "profile": {
    "background_color": null,
    "background_image_opacity": 0.8,
    "blurb": null,
    "feature_image_attributes": {
      "image_urls": {
        "baseball_card": "https://ksr-ugc.imgix.net/assets/012/928/988/c79529ba3e2f5fe7133be8449ef5fba8_original.png?w=1552&h=873&fit=fill&bg=000000&v=1467406470&auto=format&q=92&s=5c678441a90342619dc3dffecf0a193d",
        "default": "https://ksr-ugc.imgix.net/assets/012/928/988/c79529ba3e2f5fe7133be8449ef5fba8_original.png?w=1552&h=873&fit=fill&bg=000000&v=1467406470&auto=format&q=92&s=5c678441a90342619dc3dffecf0a193d"
      }
    },
    "id": 2583386,
    "link_background_color": null,
    "link_text": null,
    "link_text_color": null,
    "link_url": null,
    "name": null,
    "project_id": 2583386,
    "should_show_feature_image_section": true,
    "show_feature_image": false,
    "state": "inactive",
    "state_changed_at": 1467405898,
    "text_color": null
  },
  "slug": "utenants",
  "spotlight": false,
  "staff_pick": false,
  "state": "failed",
  "state_changed_at": 1470322241,
  "static_usd_rate": 1.0,
  "urls": {
    "web": {
      "project": "https://www.kickstarter.com/projects/1514534619/utenants?ref=category_newest",
      "rewards": "https://www.kickstarter.com/projects/1514534619/utenants/rewards"
    }
  },
  "usd_pledged": "2.0"
}