{
  "backers_count": 3,
  "blurb": "Identify the species of fish you caught by taking picture with  smartphone.  Retrieves size and bag limit information where you're at.",
  "category": {
    "color": 6526716,
    "id": 332,
    "name": "Apps",
    "parent_id": 16,
    "position": 2,
    "slug": "technology/apps",
    "urls": {
      "web": {
        "discover": "http://www.kickstarter.com/discover/categories/technology/apps"
      }
    }
  },
  "country": "US",
  "created_at": 1398118916,
  "creator": {
    "avatar": {
      "medium": "https://ksr-ugc.imgix.net/assets/007/818/254/d59e45481e2e5dbf524838591bb8e67c_original.jpg?w=160&h=160&fit=crop&v=1461481549&auto=format&q=92&s=2f9593a313a86274c58c7859fde5c65e",
      "small": "https://ksr-ugc.imgix.net/assets/007/818/254/d59e45481e2e5dbf524838591bb8e67c_original.jpg?w=160&h=160&fit=crop&v=1461481549&auto=format&q=92&s=2f9593a313a86274c58c7859fde5c65e",
      "thumb": "https://ksr-ugc.imgix.net/assets/007/818/254/d59e45481e2e5dbf524838591bb8e67c_original.jpg?w=40&h=40&fit=crop&v=1461481549&auto=format&q=92&s=3f7c0647d6e9e610489b299e8120f5ad"
    },
    "id": 1787484945,
    "name": "Keith Kosmicki",
    "urls": {
      "api": {
        "user": "https://api.kickstarter.com/v1/users/1787484945?signature=1488678898.f6a7637d4b5b7335bfe865c6ac37a19f39abb473"
      },
      "web": {
        "user": "https://www.kickstarter.com/profile/1787484945"
      }
    }
  },
  "currency": "USD",
  "currency_symbol": "$",
  "currency_trailing_code": true,
  "deadline": 1412952729,
  "disable_communication": false,
  "goal": 10000.0,
  "id": 1029891615,
  "launched_at": 1410360729,
  "location": {
    "country": "US",
    "displayable_name": "Lansing, MI",
    "id": 2436453,
    "is_root": false,
    "name": "Lansing",
    "short_name": "Lansing, MI",
    "slug": "lansing-mi",
    "state": "MI",
    "type": "Town",
    "urls": {
      "api": {
        "nearby_projects": "https://api.kickstarter.com/v1/discover?signature=1488668444.e7ad32271a8242f0724e6e611b13440a71f02373&woe_id=2436453"
      },
      "web": {
        "discover": "https://www.kickstarter.com/discover/places/lansing-mi",
        "location": "https://www.kickstarter.com/locations/lansing-mi"
      }
    }
  },
  "name": "MyFishID by Kosmic eKonsulting",
  "photo": {
    "1024x576": "https://ksr-ugc.imgix.net/assets/011/689/564/07167f1718d0217ce65647fa7d6aaa17_original.jpg?w=1024&h=576&fit=fill&bg=000000&v=1463686835&auto=format&q=92&s=5508add197a2d5eabc558f67ddc711fa",
    "1536x864": "https://ksr-ugc.imgix.net/assets/011/689/564/07167f1718d0217ce65647fa7d6aaa17_original.jpg?w=1536&h=864&fit=fill&bg=000000&v=1463686835&auto=format&q=92&s=e9e8c9b59fc153601d138b538497ad32",
    "ed": "https://ksr-ugc.imgix.net/assets/011/689/564/07167f1718d0217ce65647fa7d6aaa17_original.jpg?w=338&h=190&fit=fill&bg=000000&v=1463686835&auto=format&q=92&s=5c4d0e0ed9732dfb893727bae056dfc3",
    "full": "https://ksr-ugc.imgix.net/assets/011/689/564/07167f1718d0217ce65647fa7d6aaa17_original.jpg?w=560&h=315&fit=fill&bg=000000&v=1463686835&auto=format&q=92&s=2ea8e111aed1ce2b4b5cebb51a26f36f",
    "key": "assets/011/689/564/07167f1718d0217ce65647fa7d6aaa17_original.jpg",
    "little": "https://ksr-ugc.imgix.net/assets/011/689/564/07167f1718d0217ce65647fa7d6aaa17_original.jpg?w=200&h=112&fit=fill&bg=000000&v=1463686835&auto=format&q=92&s=cd179a6548bf3392c4af9770b1c06e64",
    "med": "https://ksr-ugc.imgix.net/assets/011/689/564/07167f1718d0217ce65647fa7d6aaa17_original.jpg?w=266&h=150&fit=fill&bg=000000&v=1463686835&auto=format&q=92&s=58b124d8bf1f648f45053928435a89ae",
    "small": "https://ksr-ugc.imgix.net/assets/011/689/564/07167f1718d0217ce65647fa7d6aaa17_original.jpg?w=160&h=90&fit=fill&bg=000000&v=1463686835&auto=format&q=92&s=b64ed28f55f1dff57627be9558405990",
    "thumb": "https://ksr-ugc.imgix.net/assets/011/689/564/07167f1718d0217ce65647fa7d6aaa17_original.jpg?w=40&h=22&fit=fill&bg=000000&v=1463686835&auto=format&q=92&s=9a5f13b46fd72b795afd7a2caf595040"
  },
  "pledged": 60.0,
  "profile": {
    "background_color": null,
    "background_image_opacity": 0.8,
    "blurb": null,
    "feature_image_attributes": {
      "image_urls": {
        "baseball_card": "https://ksr-ugc.imgix.net/assets/011/689/564/07167f1718d0217ce65647fa7d6aaa17_original.jpg?w=1552&h=873&fit=fill&bg=000000&v=1463686835&auto=format&q=92&s=5c9f4f9d2d50acd34ebf4ac0303bac5b",
        "default": "https://ksr-ugc.imgix.net/assets/011/689/564/07167f1718d0217ce65647fa7d6aaa17_original.jpg?w=1552&h=873&fit=fill&bg=000000&v=1463686835&auto=format&q=92&s=5c9f4f9d2d50acd34ebf4ac0303bac5b"
      }
    },
    "id": 986487,
    "link_background_color": null,
    "link_text": null,
    "link_text_color": null,
    "link_url": null,
    "name": null,
    "project_id": 986487,
    "should_show_feature_image_section": true,
    "show_feature_image": false,
    "state": "inactive",
    "state_changed_at": 1425915854,
    "text_color": null
  },
  "slug": "myfishid-by-kosmic-ekonsulting",
  "spotlight": false,
  "staff_pick": false,
  "state": "failed",
  "state_changed_at": 1412952729,
  "static_usd_rate": 1.0,
  "urls": {
    "web": {
      "project": "https://www.kickstarter.com/projects/1787484945/myfishid-by-kosmic-ekonsulting?ref=category_newest",
      "rewards": "https://www.kickstarter.com/projects/1787484945/myfishid-by-kosmic-ekonsulting/rewards"
    }
  },
  "usd_pledged": "60.0"
}