{
  "backers_count": 285,
  "blurb": "bitwarden is an easy-to-use, open source password manager that syncs to all of your devices, helping keep you safe online.",
  "category": {
    "color": 6526716,
    "id": 51,
    "name": "Software",
    "parent_id": 16,
    "position": 11,
    "slug": "technology/software",
    "urls": {
      "web": {
        "discover": "http://www.kickstarter.com/discover/categories/technology/software"
      }
    }
  },
  "country": "US",
  "created_at": 1477515351,
  "creator": {
    "avatar": {
      "medium": "https://ksr-ugc.imgix.net/assets/014/384/843/b93fd6f5dbcb3c83d0c4432aa7e93e2e_original.png?w=160&h=160&fit=crop&v=1478231696&auto=format&q=92&s=6143ce526c4ac9d147a48194b84effd8",
      "small": "https://ksr-ugc.imgix.net/assets/014/384/843/b93fd6f5dbcb3c83d0c4432aa7e93e2e_original.png?w=160&h=160&fit=crop&v=1478231696&auto=format&q=92&s=6143ce526c4ac9d147a48194b84effd8",
      "thumb": "https://ksr-ugc.imgix.net/assets/014/384/843/b93fd6f5dbcb3c83d0c4432aa7e93e2e_original.png?w=40&h=40&fit=crop&v=1478231696&auto=format&q=92&s=4ec7036dcd46b0789967da41e0e58036"
    },
    "id": 1905668767,
    "name": "8bit Solutions",
    "slug": "bitwarden",
    "urls": {
      "api": {
        "user": "https://api.kickstarter.com/v1/users/1905668767?signature=1488680394.fa09bf85df1d1b916a8b05d8f354a8a3557aafc7"
      },
      "web": {
        "user": "https://www.kickstarter.com/profile/bitwarden"
      }
    }
  },
  "currency": "USD",
  "currency_symbol": "$",
  "currency_trailing_code": true,
  "deadline": 1483387200,
  "disable_communication": false,
  "goal": 49000.0,
  "id": 1029481185,
  "launched_at": 1479735337,
  "location": {
    "country": "US",
    "displayable_name": "Jacksonville, FL",
    "id": 2428344,
    "is_root": false,
    "name": "Jacksonville",
    "short_name": "Jacksonville, FL",
    "slug": "jacksonville-fl",
    "state": "FL",
    "type": "Town",
    "urls": {
      "api": {
        "nearby_projects": "https://api.kickstarter.com/v1/discover?signature=1488668433.9bc22dca9a52b4fcbe3b7dddcf281ea3453084a2&woe_id=2428344"
      },
      "web": {
        "discover": "https://www.kickstarter.com/discover/places/jacksonville-fl",
        "location": "https://www.kickstarter.com/locations/jacksonville-fl"
      }
    }
  },
  "name": "bitwarden - Open Source, Cross Platform Password Manager",
  "photo": {
    "1024x576": "https://ksr-ugc.imgix.net/assets/014/306/077/f1a6cd219740e1eb3b91879971ad6db4_original.png?w=1024&h=576&fit=fill&bg=000000&v=1477714124&auto=format&q=92&s=1d801662f5198877da584df66b3299ea",
    "1536x864": "https://ksr-ugc.imgix.net/assets/014/306/077/f1a6cd219740e1eb3b91879971ad6db4_original.png?w=1536&h=864&fit=fill&bg=000000&v=1477714124&auto=format&q=92&s=3390147d4229179263f03bc53b1170c1",
    "ed": "https://ksr-ugc.imgix.net/assets/014/306/077/f1a6cd219740e1eb3b91879971ad6db4_original.png?w=338&h=190&fit=fill&bg=000000&v=1477714124&auto=format&q=92&s=c52d189013133fc34410fa3bd2eac34b",
    "full": "https://ksr-ugc.imgix.net/assets/014/306/077/f1a6cd219740e1eb3b91879971ad6db4_original.png?w=560&h=315&fit=fill&bg=000000&v=1477714124&auto=format&q=92&s=b3b00147b7b698f36595082663be6a96",
    "key": "assets/014/306/077/f1a6cd219740e1eb3b91879971ad6db4_original.png",
    "little": "https://ksr-ugc.imgix.net/assets/014/306/077/f1a6cd219740e1eb3b91879971ad6db4_original.png?w=200&h=112&fit=fill&bg=000000&v=1477714124&auto=format&q=92&s=08c523773b95c3087313f15ceb26e38d",
    "med": "https://ksr-ugc.imgix.net/assets/014/306/077/f1a6cd219740e1eb3b91879971ad6db4_original.png?w=266&h=150&fit=fill&bg=000000&v=1477714124&auto=format&q=92&s=130fe3eabc573a25d21197ea40023088",
    "small": "https://ksr-ugc.imgix.net/assets/014/306/077/f1a6cd219740e1eb3b91879971ad6db4_original.png?w=160&h=90&fit=fill&bg=000000&v=1477714124&auto=format&q=92&s=4d7eaa4eddf27e2ab640c9a5ac0dfe1b",
    "thumb": "https://ksr-ugc.imgix.net/assets/014/306/077/f1a6cd219740e1eb3b91879971ad6db4_original.png?w=40&h=22&fit=fill&bg=000000&v=1477714124&auto=format&q=92&s=1ccafc538538c03c4b50136a56520a2e"
  },
  "pledged": 7016.01,
  "profile": {
    "background_color": null,
    "background_image_opacity": 0.8,
    "blurb": null,
    "feature_image_attributes": {
      "image_urls": {
        "baseball_card": "https://ksr-ugc.imgix.net/assets/014/306/077/f1a6cd219740e1eb3b91879971ad6db4_original.png?w=1552&h=873&fit=fill&bg=000000&v=1477714124&auto=format&q=92&s=6e3be0bcea3641d2c7120a82b0f9b2f8",
        "default": "https://ksr-ugc.imgix.net/assets/014/306/077/f1a6cd219740e1eb3b91879971ad6db4_original.png?w=1552&h=873&fit=fill&bg=000000&v=1477714124&auto=format&q=92&s=6e3be0bcea3641d2c7120a82b0f9b2f8"
      }
    },
    "id": 2735143,
    "link_background_color": null,
    "link_text": null,
    "link_text_color": null,
    "link_url": null,
    "name": null,
    "project_id": 2735143,
    "should_show_feature_image_section": true,
    "show_feature_image": false,
    "state": "inactive",
    "state_changed_at": 1477515351,
    "text_color": null
  },
  "slug": "bitwarden-open-source-cross-platform-password-mana",
  "spotlight": false,
  "staff_pick": false,
  "state": "failed",
  "state_changed_at": 1483387200,
  "static_usd_rate": 1.0,
  "urls": {
    "web": {
      "project": "https://www.kickstarter.com/projects/bitwarden/bitwarden-open-source-cross-platform-password-mana?ref=category_newest",
      "rewards": "https://www.kickstarter.com/projects/bitwarden/bitwarden-open-source-cross-platform-password-mana/rewards"
    }
  },
  "usd_pledged": "7016.01"
}