{
  "backers_count": 46,
  "blurb": "Jump start the population on easy to use Open-Source web development.",
  "category": {
    "color": 6526716,
    "id": 51,
    "name": "Software",
    "parent_id": 16,
    "position": 11,
    "slug": "technology/software",
    "urls": {
      "web": {
        "discover": "http://www.kickstarter.com/discover/categories/technology/software"
      }
    }
  },
  "country": "US",
  "created_at": 1340213255,
  "creator": {
    "avatar": {
      "medium": "https://ksr-ugc.imgix.net/assets/006/714/819/5528c72e99d0d33a7e376acf28bf8c94_original.jpg?w=160&h=160&fit=crop&v=1461406525&auto=format&q=92&s=7f696df766b689deafac8e844fd96b7a",
      "small": "https://ksr-ugc.imgix.net/assets/006/714/819/5528c72e99d0d33a7e376acf28bf8c94_original.jpg?w=160&h=160&fit=crop&v=1461406525&auto=format&q=92&s=7f696df766b689deafac8e844fd96b7a",
      "thumb": "https://ksr-ugc.imgix.net/assets/006/714/819/5528c72e99d0d33a7e376acf28bf8c94_original.jpg?w=40&h=40&fit=crop&v=1461406525&auto=format&q=92&s=c4233a54582520029fc95a063805e747"
    },
    "id": 433281978,
    "name": "Matthew Carnali",
    "urls": {
      "api": {
        "user": "https://api.kickstarter.com/v1/users/433281978?signature=1488680161.da225c59306357e20ef9f584f2054432c45eeda6"
      },
      "web": {
        "user": "https://www.kickstarter.com/profile/433281978"
      }
    }
  },
  "currency": "USD",
  "currency_symbol": "$",
  "currency_trailing_code": true,
  "deadline": 1344553345,
  "disable_communication": false,
  "goal": 2500.0,
  "id": 1029980241,
  "launched_at": 1340665345,
  "location": {
    "country": "US",
    "displayable_name": "Harrisonburg, VA",
    "id": 2418117,
    "is_root": false,
    "name": "Harrisonburg",
    "short_name": "Harrisonburg, VA",
    "slug": "harrisonburg-va",
    "state": "VA",
    "type": "Town",
    "urls": {
      "api": {
        "nearby_projects": "https://api.kickstarter.com/v1/discover?signature=1488668445.80555b417e099e90232953e152efb379240f43ff&woe_id=2418117"
      },
      "web": {
        "discover": "https://www.kickstarter.com/discover/places/harrisonburg-va",
        "location": "https://www.kickstarter.com/locations/harrisonburg-va"
      }
    }
  },
  "name": "OpenSource Tutorials",
  "photo": {
    "1024x576": "https://ksr-ugc.imgix.net/assets/011/383/931/ac1432b48d13a66a05ca5912cfa3c5ac_original.jpg?w=1024&h=576&fit=fill&bg=000000&v=1463681842&auto=format&q=92&s=2d6766793fe0469149930d6e32119592",
    "1536x864": "https://ksr-ugc.imgix.net/assets/011/383/931/ac1432b48d13a66a05ca5912cfa3c5ac_original.jpg?w=1536&h=864&fit=fill&bg=000000&v=1463681842&auto=format&q=92&s=9da1f703fe269d39f862d223255dcb7e",
    "ed": "https://ksr-ugc.imgix.net/assets/011/383/931/ac1432b48d13a66a05ca5912cfa3c5ac_original.jpg?w=338&h=190&fit=fill&bg=000000&v=1463681842&auto=format&q=92&s=666b3d98b82ed7bd368bf219ac258a5b",
    "full": "https://ksr-ugc.imgix.net/assets/011/383/931/ac1432b48d13a66a05ca5912cfa3c5ac_original.jpg?w=560&h=315&fit=fill&bg=000000&v=1463681842&auto=format&q=92&s=1446988fb87c6d418e1f067f62be8ccd",
    "key": "assets/011/383/931/ac1432b48d13a66a05ca5912cfa3c5ac_original.jpg",
    "little": "https://ksr-ugc.imgix.net/assets/011/383/931/ac1432b48d13a66a05ca5912cfa3c5ac_original.jpg?w=200&h=112&fit=fill&bg=000000&v=1463681842&auto=format&q=92&s=1bc6ce1d5b9d1058fde2132cb6a7608c",
    "med": "https://ksr-ugc.imgix.net/assets/011/383/931/ac1432b48d13a66a05ca5912cfa3c5ac_original.jpg?w=266&h=150&fit=fill&bg=000000&v=1463681842&auto=format&q=92&s=1e6db1d93a6b1a45dfb1bb8940b039ae",
    "small": "https://ksr-ugc.imgix.net/assets/011/383/931/ac1432b48d13a66a05ca5912cfa3c5ac_original.jpg?w=160&h=90&fit=fill&bg=000000&v=1463681842&auto=format&q=92&s=92cd56e2a5869bba18add5ae2c7b297b",
    "thumb": "https://ksr-ugc.imgix.net/assets/011/383/931/ac1432b48d13a66a05ca5912cfa3c5ac_original.jpg?w=40&h=22&fit=fill&bg=000000&v=1463681842&auto=format&q=92&s=d3aebb1cd62d36d4d0863566742a7ef9"
  },
  "pledged": 2543.0,
  "profile": {
    "background_color": null,
    "background_image_opacity": 0.8,
    "blurb": null,
    "feature_image_attributes": {
      "image_urls": {
        "baseball_card": "https://ksr-ugc.imgix.net/assets/011/383/931/ac1432b48d13a66a05ca5912cfa3c5ac_original.jpg?w=1552&h=873&fit=fill&bg=000000&v=1463681842&auto=format&q=92&s=426e8d5df3d9989e4d52ef0cd4f37834",
        "default": "https://ksr-ugc.imgix.net/assets/011/383/931/ac1432b48d13a66a05ca5912cfa3c5ac_original.jpg?w=1552&h=873&fit=fill&bg=000000&v=1463681842&auto=format&q=92&s=426e8d5df3d9989e4d52ef0cd4f37834"
      }
    },
    "id": 233432,
    "link_background_color": null,
    "link_text": null,
    "link_text_color": null,
    "link_url": null,
    "name": null,
    "project_id": 233432,
    "should_show_feature_image_section": true,
    "show_feature_image": false,
    "state": "inactive",
    "state_changed_at": 1425915813,
    "text_color": null
  },
  "slug": "opensource-tutorials",
  "spotlight": true,
  "staff_pick": false,
  "state": "successful",
  "state_changed_at": 1344553345,
  "static_usd_rate": 1.0,
  "urls": {
    "web": {
      "project": "https://www.kickstarter.com/projects/433281978/opensource-tutorials?ref=category_newest",
      "rewards": "https://www.kickstarter.com/projects/433281978/opensource-tutorials/rewards"
    }
  },
  "usd_pledged": "2543.0"
}