{
  "backers_count": 4,
  "blurb": "How would you like a first person view into our amazing underwater world or the aquarium in your own living room? Now its possible.",
  "category": {
    "color": 6526716,
    "id": 338,
    "name": "Robots",
    "parent_id": 16,
    "position": 10,
    "slug": "technology/robots",
    "urls": {
      "web": {
        "discover": "http://www.kickstarter.com/discover/categories/technology/robots"
      }
    }
  },
  "country": "US",
  "created_at": 1405305722,
  "creator": {
    "avatar": {
      "medium": "https://ksr-ugc.imgix.net/assets/008/875/404/046057c637a1778cc77619a9130d2505_original.jpg?w=160&h=160&fit=crop&v=1461547802&auto=format&q=92&s=3b8e1675e3c3378d82359b9fd32b6953",
      "small": "https://ksr-ugc.imgix.net/assets/008/875/404/046057c637a1778cc77619a9130d2505_original.jpg?w=160&h=160&fit=crop&v=1461547802&auto=format&q=92&s=3b8e1675e3c3378d82359b9fd32b6953",
      "thumb": "https://ksr-ugc.imgix.net/assets/008/875/404/046057c637a1778cc77619a9130d2505_original.jpg?w=40&h=40&fit=crop&v=1461547802&auto=format&q=92&s=199892a24a7b92569750806707a7a699"
    },
    "id": 965198042,
    "name": "Bobby Johnson",
    "urls": {
      "api": {
        "user": "https://api.kickstarter.com/v1/users/965198042?signature=1488680118.f46bd2bb757bdc42a70f30ed753f7a6ff637b66f"
      },
      "web": {
        "user": "https://www.kickstarter.com/profile/965198042"
      }
    }
  },
  "currency": "USD",
  "currency_symbol": "$",
  "currency_trailing_code": true,
  "deadline": 1411237338,
  "disable_communication": false,
  "goal": 30000.0,
  "id": 1029277178,
  "launched_at": 1406053338,
  "location": {
    "country": "US",
    "displayable_name": "Houston, TX",
    "id": 2424766,
    "is_root": false,
    "name": "Houston",
    "short_name": "Houston, TX",
    "slug": "houston-tx",
    "state": "TX",
    "type": "Town",
    "urls": {
      "api": {
        "nearby_projects": "https://api.kickstarter.com/v1/discover?signature=1488668419.4dfb7f009439d92f0b2cb1a51d2dfa92bcf9f56b&woe_id=2424766"
      },
      "web": {
        "discover": "https://www.kickstarter.com/discover/places/houston-tx",
        "location": "https://www.kickstarter.com/locations/houston-tx"
      }
    }
  },
  "name": "Aqua-View: Your Robotic Connection To An Underwater World!",
  "photo": {
    "1024x576": "https://ksr-ugc.imgix.net/assets/011/781/799/6e82034e450d6d0c9ef60110d53ee9c9_original.jpg?w=1024&h=576&fit=fill&bg=000000&v=1463693719&auto=format&q=92&s=81b2f81fbeddf0658fd0b229817743dd",
    "1536x864": "https://ksr-ugc.imgix.net/assets/011/781/799/6e82034e450d6d0c9ef60110d53ee9c9_original.jpg?w=1536&h=864&fit=fill&bg=000000&v=1463693719&auto=format&q=92&s=e83741474ca73ea6a1e303f04ca902b3",
    "ed": "https://ksr-ugc.imgix.net/assets/011/781/799/6e82034e450d6d0c9ef60110d53ee9c9_original.jpg?w=338&h=190&fit=fill&bg=000000&v=1463693719&auto=format&q=92&s=3c4f954628edb89192173fed2ab28918",
    "full": "https://ksr-ugc.imgix.net/assets/011/781/799/6e82034e450d6d0c9ef60110d53ee9c9_original.jpg?w=560&h=315&fit=fill&bg=000000&v=1463693719&auto=format&q=92&s=5b38428db9e8c9209380631dd1bcdf36",
    "key": "assets/011/781/799/6e82034e450d6d0c9ef60110d53ee9c9_original.jpg",
    "little": "https://ksr-ugc.imgix.net/assets/011/781/799/6e82034e450d6d0c9ef60110d53ee9c9_original.jpg?w=200&h=112&fit=fill&bg=000000&v=1463693719&auto=format&q=92&s=89f8e087e7a731f490f59a147b3f7a38",
    "med": "https://ksr-ugc.imgix.net/assets/011/781/799/6e82034e450d6d0c9ef60110d53ee9c9_original.jpg?w=266&h=150&fit=fill&bg=000000&v=1463693719&auto=format&q=92&s=e652859d92a8252dae98c124c1aac086",
    "small": "https://ksr-ugc.imgix.net/assets/011/781/799/6e82034e450d6d0c9ef60110d53ee9c9_original.jpg?w=160&h=90&fit=fill&bg=000000&v=1463693719&auto=format&q=92&s=772465fe0fe7bb01a592dd92293d5886",
    "thumb": "https://ksr-ugc.imgix.net/assets/011/781/799/6e82034e450d6d0c9ef60110d53ee9c9_original.jpg?w=40&h=22&fit=fill&bg=000000&v=1463693719&auto=format&q=92&s=2507059aaf2dc0c4afb085292c8e6507"
  },
  "pledged": 226.0,
  "profile": {
    "background_color": null,
    "background_image_opacity": 0.8,
    "blurb": null,
    "feature_image_attributes": {
      "image_urls": {
        "baseball_card": "https://ksr-ugc.imgix.net/assets/011/781/799/6e82034e450d6d0c9ef60110d53ee9c9_original.jpg?w=1552&h=873&fit=fill&bg=000000&v=1463693719&auto=format&q=92&s=292ff3fb7f49f2ae0ec1a531c35c23a7",
        "default": "https://ksr-ugc.imgix.net/assets/011/781/799/6e82034e450d6d0c9ef60110d53ee9c9_original.jpg?w=1552&h=873&fit=fill&bg=000000&v=1463693719&auto=format&q=92&s=292ff3fb7f49f2ae0ec1a531c35c23a7"
      }
    },
    "id": 1178206,
    "link_background_color": null,
    "link_text": null,
    "link_text_color": null,
    "link_url": null,
    "name": null,
    "project_id": 1178206,
    "should_show_feature_image_section": true,
    "show_feature_image": false,
    "state": "inactive",
    "state_changed_at": 1425915865,
    "text_color": null
  },
  "slug": "aqua-view-your-robotic-connection-to-an-underwater",
  "spotlight": false,
  "staff_pick": false,
  "state": "failed",
  "state_changed_at": 1411237338,
  "static_usd_rate": 1.0,
  "urls": {
    "web": {
      "project": "https://www.kickstarter.com/projects/965198042/aqua-view-your-robotic-connection-to-an-underwater?ref=category_newest",
      "rewards": "https://www.kickstarter.com/projects/965198042/aqua-view-your-robotic-connection-to-an-underwater/rewards"
    }
  },
  "usd_pledged": "226.0"
}