{
  "backers_count": 39,
  "blurb": "Exo est un lecteur r\u00e9seau et un amplificateur audio Hi-Res. \nExo is a powerful Hi- Res audio quality  amplifier extremely connected.",
  "category": {
    "color": 6526716,
    "id": 339,
    "name": "Sound",
    "parent_id": 16,
    "position": 12,
    "slug": "technology/sound",
    "urls": {
      "web": {
        "discover": "http://www.kickstarter.com/discover/categories/technology/sound"
      }
    }
  },
  "country": "FR",
  "created_at": 1464613707,
  "creator": {
    "avatar": {
      "medium": "https://ksr-ugc.imgix.net/assets/012/572/280/6397776cef7a6c487b829aef50685854_original.jpg?w=160&h=160&fit=crop&v=1464614709&auto=format&q=92&s=5e95a67c583b5a4b177faf667aa5882e",
      "small": "https://ksr-ugc.imgix.net/assets/012/572/280/6397776cef7a6c487b829aef50685854_original.jpg?w=160&h=160&fit=crop&v=1464614709&auto=format&q=92&s=5e95a67c583b5a4b177faf667aa5882e",
      "thumb": "https://ksr-ugc.imgix.net/assets/012/572/280/6397776cef7a6c487b829aef50685854_original.jpg?w=40&h=40&fit=crop&v=1464614709&auto=format&q=92&s=b40b320b0d08ec854b6a99621c1a01d1"
    },
    "id": 560787983,
    "name": "Art Digital & Num\u00e9rique (ADN)",
    "urls": {
      "api": {
        "user": "https://api.kickstarter.com/v1/users/560787983?signature=1488680463.6b6f29b0f2ce8e40b86a8a86a0bb25e75d7127e4"
      },
      "web": {
        "user": "https://www.kickstarter.com/profile/560787983"
      }
    }
  },
  "currency": "EUR",
  "currency_symbol": "\u20ac",
  "currency_trailing_code": false,
  "deadline": 1469790117,
  "disable_communication": false,
  "goal": 10000.0,
  "id": 1029135876,
  "launched_at": 1467198117,
  "location": {
    "country": "FR",
    "displayable_name": "Paris, France",
    "id": 615702,
    "is_root": false,
    "name": "Paris",
    "short_name": "Paris, France",
    "slug": "paris-fr",
    "state": "Ile-de-France",
    "type": "Town",
    "urls": {
      "api": {
        "nearby_projects": "https://api.kickstarter.com/v1/discover?signature=1488668419.2a4f9ea626052964af1cb80dc18db748672cc3f2&woe_id=615702"
      },
      "web": {
        "discover": "https://www.kickstarter.com/discover/places/paris-fr",
        "location": "https://www.kickstarter.com/locations/paris-fr"
      }
    }
  },
  "name": "ExO, connectez vos enceintes \u00e0 tous les \u00e9quipements audio",
  "photo": {
    "1024x576": "https://ksr-ugc.imgix.net/assets/012/572/287/dd1d8789bc54c8ec191fda6cd197a8cd_original.png?w=1024&h=576&fit=fill&bg=000000&v=1467649426&auto=format&q=92&s=ace34cd0a9bc618056160e594fa0b5c4",
    "1536x864": "https://ksr-ugc.imgix.net/assets/012/572/287/dd1d8789bc54c8ec191fda6cd197a8cd_original.png?w=1536&h=864&fit=fill&bg=000000&v=1467649426&auto=format&q=92&s=79906eba949cf031d0da235071097a1e",
    "ed": "https://ksr-ugc.imgix.net/assets/012/572/287/dd1d8789bc54c8ec191fda6cd197a8cd_original.png?w=338&h=190&fit=fill&bg=000000&v=1467649426&auto=format&q=92&s=7e037d913e7e18bac80e653fce1f6fb8",
    "full": "https://ksr-ugc.imgix.net/assets/012/572/287/dd1d8789bc54c8ec191fda6cd197a8cd_original.png?w=560&h=315&fit=fill&bg=000000&v=1467649426&auto=format&q=92&s=9ced7b12a304093495e4af143e0dd2ec",
    "key": "assets/012/572/287/dd1d8789bc54c8ec191fda6cd197a8cd_original.png",
    "little": "https://ksr-ugc.imgix.net/assets/012/572/287/dd1d8789bc54c8ec191fda6cd197a8cd_original.png?w=200&h=112&fit=fill&bg=000000&v=1467649426&auto=format&q=92&s=ddffe676d5dfe69c133285cb10c92dcb",
    "med": "https://ksr-ugc.imgix.net/assets/012/572/287/dd1d8789bc54c8ec191fda6cd197a8cd_original.png?w=266&h=150&fit=fill&bg=000000&v=1467649426&auto=format&q=92&s=388942982ea9bc3463c9225f1c5feb03",
    "small": "https://ksr-ugc.imgix.net/assets/012/572/287/dd1d8789bc54c8ec191fda6cd197a8cd_original.png?w=160&h=90&fit=fill&bg=000000&v=1467649426&auto=format&q=92&s=b939828e585d567725a651c11f4aadf0",
    "thumb": "https://ksr-ugc.imgix.net/assets/012/572/287/dd1d8789bc54c8ec191fda6cd197a8cd_original.png?w=40&h=22&fit=fill&bg=000000&v=1467649426&auto=format&q=92&s=94b828afbbe2b73ed623d2eef62cbd46"
  },
  "pledged": 12158.0,
  "profile": {
    "background_color": null,
    "background_image_opacity": 0.8,
    "blurb": null,
    "feature_image_attributes": {
      "image_urls": {
        "baseball_card": "https://ksr-ugc.imgix.net/assets/012/572/287/dd1d8789bc54c8ec191fda6cd197a8cd_original.png?w=1552&h=873&fit=fill&bg=000000&v=1467649426&auto=format&q=92&s=824dd4a4d958bb3a839b351e7618ef83",
        "default": "https://ksr-ugc.imgix.net/assets/012/572/287/dd1d8789bc54c8ec191fda6cd197a8cd_original.png?w=1552&h=873&fit=fill&bg=000000&v=1467649426&auto=format&q=92&s=824dd4a4d958bb3a839b351e7618ef83"
      }
    },
    "id": 2537957,
    "link_background_color": null,
    "link_text": null,
    "link_text_color": null,
    "link_url": null,
    "name": null,
    "project_id": 2537957,
    "should_show_feature_image_section": true,
    "show_feature_image": false,
    "state": "inactive",
    "state_changed_at": 1464613707,
    "text_color": null
  },
  "slug": "exo-connectez-vos-enceintes-a-tous-les-equipements",
  "spotlight": true,
  "staff_pick": false,
  "state": "successful",
  "state_changed_at": 1469790117,
  "static_usd_rate": 1.10496383,
  "urls": {
    "web": {
      "project": "https://www.kickstarter.com/projects/560787983/exo-connectez-vos-enceintes-a-tous-les-equipements?ref=category_newest",
      "rewards": "https://www.kickstarter.com/projects/560787983/exo-connectez-vos-enceintes-a-tous-les-equipements/rewards"
    }
  },
  "usd_pledged": "13434.15024514"
}