{
  "backers_count": 0,
  "blurb": "To develop an effective heat loss calculator, that incorporates fluctuating temperature & insulation R values to help reduce fuel use",
  "category": {
    "color": 6526716,
    "id": 332,
    "name": "Apps",
    "parent_id": 16,
    "position": 2,
    "slug": "technology/apps",
    "urls": {
      "web": {
        "discover": "http://www.kickstarter.com/discover/categories/technology/apps"
      }
    }
  },
  "country": "CA",
  "created_at": 1409524938,
  "creator": {
    "avatar": {
      "medium": "https://ksr-ugc.imgix.net/assets/009/247/779/c969306ebb56cb555737905aa8ec6464_original.png?w=160&h=160&fit=crop&v=1461567803&auto=format&q=92&s=0925bf5f251344bc9a30ba2ffd69537d",
      "small": "https://ksr-ugc.imgix.net/assets/009/247/779/c969306ebb56cb555737905aa8ec6464_original.png?w=160&h=160&fit=crop&v=1461567803&auto=format&q=92&s=0925bf5f251344bc9a30ba2ffd69537d",
      "thumb": "https://ksr-ugc.imgix.net/assets/009/247/779/c969306ebb56cb555737905aa8ec6464_original.png?w=40&h=40&fit=crop&v=1461567803&auto=format&q=92&s=bf124649ebc27da08f02aa5fe6a0525b"
    },
    "id": 2111928819,
    "name": "Rockford Boyer",
    "urls": {
      "api": {
        "user": "https://api.kickstarter.com/v1/users/2111928819?signature=1488678893.548c36504d54e4db58f29da89fc16db8d2044c17"
      },
      "web": {
        "user": "https://www.kickstarter.com/profile/2111928819"
      }
    }
  },
  "currency": "CAD",
  "currency_symbol": "$",
  "currency_trailing_code": true,
  "deadline": 1413587427,
  "disable_communication": false,
  "goal": 25000.0,
  "id": 1030028348,
  "launched_at": 1409699427,
  "location": {
    "country": "CA",
    "displayable_name": "Waterdown, Canada",
    "id": 1899,
    "is_root": false,
    "name": "Waterdown",
    "short_name": "Waterdown, Canada",
    "slug": "waterdown-hamilton-ca",
    "state": "ON",
    "type": "Suburb",
    "urls": {
      "api": {
        "nearby_projects": "https://api.kickstarter.com/v1/discover?signature=1488677062.b50043ef854e4ddf16d63f34ce948ec010660616&woe_id=1899"
      },
      "web": {
        "discover": "https://www.kickstarter.com/discover/places/waterdown-hamilton-ca",
        "location": "https://www.kickstarter.com/locations/waterdown-hamilton-ca"
      }
    }
  },
  "name": "Effective Building Envelope Energy Calculator",
  "photo": {
    "1024x576": "https://ksr-ugc.imgix.net/assets/011/855/157/2a95025dfe247e3ac654845966986560_original.jpg?w=1024&h=576&fit=fill&bg=000000&v=1463704630&auto=format&q=92&s=bb4bacfe3caac92168825d6859141380",
    "1536x864": "https://ksr-ugc.imgix.net/assets/011/855/157/2a95025dfe247e3ac654845966986560_original.jpg?w=1536&h=864&fit=fill&bg=000000&v=1463704630&auto=format&q=92&s=a2ee9b0bed0c6236adc88758da49ad78",
    "ed": "https://ksr-ugc.imgix.net/assets/011/855/157/2a95025dfe247e3ac654845966986560_original.jpg?w=338&h=190&fit=fill&bg=000000&v=1463704630&auto=format&q=92&s=7eca9ece75b42c6789ad6492c3547892",
    "full": "https://ksr-ugc.imgix.net/assets/011/855/157/2a95025dfe247e3ac654845966986560_original.jpg?w=560&h=315&fit=fill&bg=000000&v=1463704630&auto=format&q=92&s=c56b993e02390ca8c73f0c61b5db8b99",
    "key": "assets/011/855/157/2a95025dfe247e3ac654845966986560_original.jpg",
    "little": "https://ksr-ugc.imgix.net/assets/011/855/157/2a95025dfe247e3ac654845966986560_original.jpg?w=200&h=112&fit=fill&bg=000000&v=1463704630&auto=format&q=92&s=df84b2f18ddbb7fd62ffffa23c46dbf9",
    "med": "https://ksr-ugc.imgix.net/assets/011/855/157/2a95025dfe247e3ac654845966986560_original.jpg?w=266&h=150&fit=fill&bg=000000&v=1463704630&auto=format&q=92&s=23dbed223c562484baabab42a291d537",
    "small": "https://ksr-ugc.imgix.net/assets/011/855/157/2a95025dfe247e3ac654845966986560_original.jpg?w=160&h=90&fit=fill&bg=000000&v=1463704630&auto=format&q=92&s=9bf7826b4298733284649033d88fee3f",
    "thumb": "https://ksr-ugc.imgix.net/assets/011/855/157/2a95025dfe247e3ac654845966986560_original.jpg?w=40&h=22&fit=fill&bg=000000&v=1463704630&auto=format&q=92&s=98b92607085c4c55240fdb7ce4e16ac9"
  },
  "pledged": 0.0,
  "profile": {
    "background_color": null,
    "background_image_opacity": 0.8,
    "blurb": null,
    "feature_image_attributes": {
      "image_urls": {
        "baseball_card": "https://ksr-ugc.imgix.net/assets/011/855/157/2a95025dfe247e3ac654845966986560_original.jpg?w=1552&h=873&fit=fill&bg=000000&v=1463704630&auto=format&q=92&s=95a2b22343f7d81c2d8b6f4404170bf3",
        "default": "https://ksr-ugc.imgix.net/assets/011/855/157/2a95025dfe247e3ac654845966986560_original.jpg?w=1552&h=873&fit=fill&bg=000000&v=1463704630&auto=format&q=92&s=95a2b22343f7d81c2d8b6f4404170bf3"
      }
    },
    "id": 1330358,
    "link_background_color": null,
    "link_text": null,
    "link_text_color": null,
    "link_url": null,
    "name": null,
    "project_id": 1330358,
    "should_show_feature_image_section": true,
    "show_feature_image": false,
    "state": "inactive",
    "state_changed_at": 1425915873,
    "text_color": null
  },
  "slug": "effective-building-envelope-energy-calculator",
  "spotlight": false,
  "staff_pick": false,
  "state": "failed",
  "state_changed_at": 1413587427,
  "static_usd_rate": 0.91957574,
  "urls": {
    "web": {
      "project": "https://www.kickstarter.com/projects/2111928819/effective-building-envelope-energy-calculator?ref=category_newest",
      "rewards": "https://www.kickstarter.com/projects/2111928819/effective-building-envelope-energy-calculator/rewards"
    }
  },
  "usd_pledged": "0.0"
}