{
  "backers_count": 15,
  "blurb": "With PAO, you can walk,run,jump and crouch in the game.And you can use it with PC,TV Box, and other platform.",
  "category": {
    "color": 6526716,
    "id": 52,
    "name": "Hardware",
    "parent_id": 16,
    "position": 8,
    "slug": "technology/hardware",
    "urls": {
      "web": {
        "discover": "http://www.kickstarter.com/discover/categories/technology/hardware"
      }
    }
  },
  "country": "US",
  "created_at": 1427451039,
  "creator": {
    "avatar": {
      "medium": "https://ksr-ugc.imgix.net/assets/009/677/020/cce091573b513280aa22a16688d8f9d6_original.png?w=160&h=160&fit=crop&v=1461619869&auto=format&q=92&s=bfd326e8bbd3368c1a20bd617a3288f0",
      "small": "https://ksr-ugc.imgix.net/assets/009/677/020/cce091573b513280aa22a16688d8f9d6_original.png?w=160&h=160&fit=crop&v=1461619869&auto=format&q=92&s=bfd326e8bbd3368c1a20bd617a3288f0",
      "thumb": "https://ksr-ugc.imgix.net/assets/009/677/020/cce091573b513280aa22a16688d8f9d6_original.png?w=40&h=40&fit=crop&v=1461619869&auto=format&q=92&s=8f8de641e279ddf2be0a968148d7f055"
    },
    "id": 251670721,
    "name": "Terminal ONE",
    "slug": "teamt1",
    "urls": {
      "api": {
        "user": "https://api.kickstarter.com/v1/users/251670721?signature=1488680045.ddcc6e41518df6a07e3557c70f5d47a94b6bb929"
      },
      "web": {
        "user": "https://www.kickstarter.com/profile/teamt1"
      }
    }
  },
  "currency": "USD",
  "currency_symbol": "$",
  "currency_trailing_code": true,
  "deadline": 1432082575,
  "disable_communication": false,
  "goal": 50000.0,
  "id": 1030973550,
  "launched_at": 1427762575,
  "location": {
    "country": "CN",
    "displayable_name": "Beijing, China",
    "id": 2151330,
    "is_root": false,
    "name": "Beijing",
    "short_name": "Beijing, China",
    "slug": "beijing-cn",
    "state": "Beijing",
    "type": "Town",
    "urls": {
      "api": {
        "nearby_projects": "https://api.kickstarter.com/v1/discover?signature=1488668421.8a9e517debab9b89591eae83343333579868535d&woe_id=2151330"
      },
      "web": {
        "discover": "https://www.kickstarter.com/discover/places/beijing-cn",
        "location": "https://www.kickstarter.com/locations/beijing-cn"
      }
    }
  },
  "name": "PAO-the first family entertainment treadmill in the world",
  "photo": {
    "1024x576": "https://ksr-ugc.imgix.net/assets/012/086/090/d9a8b4804db822f642c84951d1a8d1b3_original.png?w=1024&h=576&fit=fill&bg=000000&v=1463730660&auto=format&q=92&s=ebaec7ff258415d7224cd185839e88b3",
    "1536x864": "https://ksr-ugc.imgix.net/assets/012/086/090/d9a8b4804db822f642c84951d1a8d1b3_original.png?w=1536&h=864&fit=fill&bg=000000&v=1463730660&auto=format&q=92&s=cc78036e7f4d334e80ec79c18606902d",
    "ed": "https://ksr-ugc.imgix.net/assets/012/086/090/d9a8b4804db822f642c84951d1a8d1b3_original.png?w=338&h=190&fit=fill&bg=000000&v=1463730660&auto=format&q=92&s=b0fd95ce1a0518a7b7d75b4cd3d4ee95",
    "full": "https://ksr-ugc.imgix.net/assets/012/086/090/d9a8b4804db822f642c84951d1a8d1b3_original.png?w=560&h=315&fit=fill&bg=000000&v=1463730660&auto=format&q=92&s=cd92e7d11cab7d77d110f66869dcef09",
    "key": "assets/012/086/090/d9a8b4804db822f642c84951d1a8d1b3_original.png",
    "little": "https://ksr-ugc.imgix.net/assets/012/086/090/d9a8b4804db822f642c84951d1a8d1b3_original.png?w=200&h=112&fit=fill&bg=000000&v=1463730660&auto=format&q=92&s=d8ed204ba3898fbfbe20f86ab835a70e",
    "med": "https://ksr-ugc.imgix.net/assets/012/086/090/d9a8b4804db822f642c84951d1a8d1b3_original.png?w=266&h=150&fit=fill&bg=000000&v=1463730660&auto=format&q=92&s=03169b30349eceb1486e9fc23261f3ab",
    "small": "https://ksr-ugc.imgix.net/assets/012/086/090/d9a8b4804db822f642c84951d1a8d1b3_original.png?w=160&h=90&fit=fill&bg=000000&v=1463730660&auto=format&q=92&s=9ffee2365ce5f71d5cb2d8eab70178f5",
    "thumb": "https://ksr-ugc.imgix.net/assets/012/086/090/d9a8b4804db822f642c84951d1a8d1b3_original.png?w=40&h=22&fit=fill&bg=000000&v=1463730660&auto=format&q=92&s=694d41d2b9d0cefab4068a3ac0cfe368"
  },
  "pledged": 4432.0,
  "profile": {
    "background_color": null,
    "background_image_opacity": 0.8,
    "blurb": null,
    "feature_image_attributes": {
      "image_urls": {
        "baseball_card": "https://ksr-ugc.imgix.net/assets/012/086/090/d9a8b4804db822f642c84951d1a8d1b3_original.png?w=1552&h=873&fit=fill&bg=000000&v=1463730660&auto=format&q=92&s=baa9fb5ccd3cf8bd79f84be89aa623e6",
        "default": "https://ksr-ugc.imgix.net/assets/012/086/090/d9a8b4804db822f642c84951d1a8d1b3_original.png?w=1552&h=873&fit=fill&bg=000000&v=1463730660&auto=format&q=92&s=baa9fb5ccd3cf8bd79f84be89aa623e6"
      }
    },
    "id": 1801611,
    "link_background_color": null,
    "link_text": null,
    "link_text_color": null,
    "link_url": null,
    "name": null,
    "project_id": 1801611,
    "should_show_feature_image_section": true,
    "show_feature_image": false,
    "state": "inactive",
    "state_changed_at": 1427451039,
    "text_color": null
  },
  "slug": "pao-the-first-family-entertainment-treadmill-in-th",
  "spotlight": false,
  "staff_pick": false,
  "state": "canceled",
  "state_changed_at": 1431874974,
  "static_usd_rate": 1.0,
  "urls": {
    "web": {
      "project": "https://www.kickstarter.com/projects/teamt1/pao-the-first-family-entertainment-treadmill-in-th?ref=category_newest",
      "rewards": "https://www.kickstarter.com/projects/teamt1/pao-the-first-family-entertainment-treadmill-in-th/rewards"
    }
  },
  "usd_pledged": "4432.0"
}