{
  "backers_count": 2148,
  "blurb": "We have revolutionized the traditional power strip with the POWERQUBE. The 21st century charging solution for iPads, iPhones, Androids.",
  "category": {
    "color": 6526716,
    "id": 52,
    "name": "Hardware",
    "parent_id": 16,
    "position": 8,
    "slug": "technology/hardware",
    "urls": {
      "web": {
        "discover": "http://www.kickstarter.com/discover/categories/technology/hardware"
      }
    }
  },
  "country": "US",
  "created_at": 1364898976,
  "creator": {
    "avatar": {
      "medium": "https://ksr-ugc.imgix.net/assets/007/434/727/71e9246e3d295909797aa9ea83d861f3_original.jpg?w=160&h=160&fit=crop&v=1461457135&auto=format&q=92&s=2f8887f179b9254b0f10770ef3f43d19",
      "small": "https://ksr-ugc.imgix.net/assets/007/434/727/71e9246e3d295909797aa9ea83d861f3_original.jpg?w=160&h=160&fit=crop&v=1461457135&auto=format&q=92&s=2f8887f179b9254b0f10770ef3f43d19",
      "thumb": "https://ksr-ugc.imgix.net/assets/007/434/727/71e9246e3d295909797aa9ea83d861f3_original.jpg?w=40&h=40&fit=crop&v=1461457135&auto=format&q=92&s=ad40d8dd8d29105c3627e338ef7517ef"
    },
    "id": 203337667,
    "name": "Scott Weaver",
    "urls": {
      "api": {
        "user": "https://api.kickstarter.com/v1/users/203337667?signature=1488679741.2e48c0f6081e0270e817615fb369b1caa198d20e"
      },
      "web": {
        "user": "https://www.kickstarter.com/profile/203337667"
      }
    }
  },
  "currency": "USD",
  "currency_symbol": "$",
  "currency_trailing_code": true,
  "deadline": 1373837431,
  "disable_communication": false,
  "goal": 75000.0,
  "id": 1030119189,
  "launched_at": 1371245431,
  "location": {
    "country": "US",
    "displayable_name": "Indianapolis, IN",
    "id": 2427032,
    "is_root": false,
    "name": "Indianapolis",
    "short_name": "Indianapolis, IN",
    "slug": "indianapolis-in",
    "state": "IN",
    "type": "Town",
    "urls": {
      "api": {
        "nearby_projects": "https://api.kickstarter.com/v1/discover?signature=1488668419.b47a894e4efc165d79c7863ae7a5aa78a57efe6a&woe_id=2427032"
      },
      "web": {
        "discover": "https://www.kickstarter.com/discover/places/indianapolis-in",
        "location": "https://www.kickstarter.com/locations/indianapolis-in"
      }
    }
  },
  "name": "POWERQUBE - The 21st Century solution to the power strip",
  "photo": {
    "1024x576": "https://ksr-ugc.imgix.net/assets/011/502/762/ac6e53bbc134d7d0eed6893ca4291fa8_original.png?w=1024&h=576&fit=fill&bg=000000&v=1463683674&auto=format&q=92&s=96c530c9d03713d0981a998dd8a85370",
    "1536x864": "https://ksr-ugc.imgix.net/assets/011/502/762/ac6e53bbc134d7d0eed6893ca4291fa8_original.png?w=1536&h=864&fit=fill&bg=000000&v=1463683674&auto=format&q=92&s=c9aac0c7a39b69e8baa761a316a618f4",
    "ed": "https://ksr-ugc.imgix.net/assets/011/502/762/ac6e53bbc134d7d0eed6893ca4291fa8_original.png?w=338&h=190&fit=fill&bg=000000&v=1463683674&auto=format&q=92&s=c816969f9f9c662e384b35fd2bc7d2cb",
    "full": "https://ksr-ugc.imgix.net/assets/011/502/762/ac6e53bbc134d7d0eed6893ca4291fa8_original.png?w=560&h=315&fit=fill&bg=000000&v=1463683674&auto=format&q=92&s=c4b2b13bab1379bc512679b3912d6225",
    "key": "assets/011/502/762/ac6e53bbc134d7d0eed6893ca4291fa8_original.png",
    "little": "https://ksr-ugc.imgix.net/assets/011/502/762/ac6e53bbc134d7d0eed6893ca4291fa8_original.png?w=200&h=112&fit=fill&bg=000000&v=1463683674&auto=format&q=92&s=b9d81cc1f8e093e8ce67008d9c3e408e",
    "med": "https://ksr-ugc.imgix.net/assets/011/502/762/ac6e53bbc134d7d0eed6893ca4291fa8_original.png?w=266&h=150&fit=fill&bg=000000&v=1463683674&auto=format&q=92&s=2145fea50e25ad7b69b4fec2d0647ab6",
    "small": "https://ksr-ugc.imgix.net/assets/011/502/762/ac6e53bbc134d7d0eed6893ca4291fa8_original.png?w=160&h=90&fit=fill&bg=000000&v=1463683674&auto=format&q=92&s=3f350281128a69723fd50387198fbd60",
    "thumb": "https://ksr-ugc.imgix.net/assets/011/502/762/ac6e53bbc134d7d0eed6893ca4291fa8_original.png?w=40&h=22&fit=fill&bg=000000&v=1463683674&auto=format&q=92&s=3844f73d00a2c2f5692b74a2421e62eb"
  },
  "pledged": 98001.0,
  "profile": {
    "background_color": null,
    "background_image_opacity": 0.8,
    "blurb": null,
    "feature_image_attributes": {
      "image_urls": {
        "baseball_card": "https://ksr-ugc.imgix.net/assets/011/502/762/ac6e53bbc134d7d0eed6893ca4291fa8_original.png?w=1552&h=873&fit=fill&bg=000000&v=1463683674&auto=format&q=92&s=d74f55177cabf48c53bbfd4eae91e2eb",
        "default": "https://ksr-ugc.imgix.net/assets/011/502/762/ac6e53bbc134d7d0eed6893ca4291fa8_original.png?w=1552&h=873&fit=fill&bg=000000&v=1463683674&auto=format&q=92&s=d74f55177cabf48c53bbfd4eae91e2eb"
      }
    },
    "id": 522063,
    "link_background_color": null,
    "link_text": null,
    "link_text_color": null,
    "link_url": null,
    "name": null,
    "project_id": 522063,
    "should_show_feature_image_section": true,
    "show_feature_image": false,
    "state": "inactive",
    "state_changed_at": 1425915828,
    "text_color": null
  },
  "slug": "powerqube-the-21st-century-solution-to-the-power-s",
  "spotlight": true,
  "staff_pick": false,
  "state": "successful",
  "state_changed_at": 1373837432,
  "static_usd_rate": 1.0,
  "urls": {
    "web": {
      "project": "https://www.kickstarter.com/projects/203337667/powerqube-the-21st-century-solution-to-the-power-s?ref=category_newest",
      "rewards": "https://www.kickstarter.com/projects/203337667/powerqube-the-21st-century-solution-to-the-power-s/rewards"
    }
  },
  "usd_pledged": "98001.0"
}