{
  "backers_count": 7,
  "blurb": "A donor has agreed to match donations raised for noisivelvet. Edit! Due to a mix up the matching funds must be raised by 7-16-2010!",
  "category": {
    "color": 6526716,
    "id": 52,
    "name": "Hardware",
    "parent_id": 16,
    "position": 8,
    "slug": "technology/hardware",
    "urls": {
      "web": {
        "discover": "http://www.kickstarter.com/discover/categories/technology/hardware"
      }
    }
  },
  "country": "US",
  "created_at": 1277854598,
  "creator": {
    "avatar": {
      "medium": "https://ksr-ugc.imgix.net/assets/005/832/854/9b3c339464de64a7912b4e1b4e28b334_original.jpg?w=160&h=160&fit=crop&v=1461087897&auto=format&q=92&s=873ee53f125e8202a113152edd752582",
      "small": "https://ksr-ugc.imgix.net/assets/005/832/854/9b3c339464de64a7912b4e1b4e28b334_original.jpg?w=160&h=160&fit=crop&v=1461087897&auto=format&q=92&s=873ee53f125e8202a113152edd752582",
      "thumb": "https://ksr-ugc.imgix.net/assets/005/832/854/9b3c339464de64a7912b4e1b4e28b334_original.jpg?w=40&h=40&fit=crop&v=1461087897&auto=format&q=92&s=acdd1b409c3c3cefd816aa6fd9f4c51d"
    },
    "id": 345598377,
    "name": "Joe Baldwin",
    "urls": {
      "api": {
        "user": "https://api.kickstarter.com/v1/users/345598377?signature=1488679838.0928544d93b243648f1491ce5739c9c707e08047"
      },
      "web": {
        "user": "https://www.kickstarter.com/profile/345598377"
      }
    }
  },
  "currency": "USD",
  "currency_symbol": "$",
  "currency_trailing_code": true,
  "deadline": 1280635140,
  "disable_communication": false,
  "goal": 15000.0,
  "id": 1030448552,
  "launched_at": 1277855654,
  "location": {
    "country": "US",
    "displayable_name": "Chicago, IL",
    "id": 2379574,
    "is_root": false,
    "name": "Chicago",
    "short_name": "Chicago, IL",
    "slug": "chicago-il",
    "state": "IL",
    "type": "Town",
    "urls": {
      "api": {
        "nearby_projects": "https://api.kickstarter.com/v1/discover?signature=1488668420.5b56f3c85b08c4b800c5a8dcb428aebecf2f9459&woe_id=2379574"
      },
      "web": {
        "discover": "https://www.kickstarter.com/discover/places/chicago-il",
        "location": "https://www.kickstarter.com/locations/chicago-il"
      }
    }
  },
  "name": "Matching funds for noisivelvet/mobile garden Edit Date: July 16!!",
  "photo": {
    "1024x576": "https://ksr-ugc.imgix.net/assets/011/264/130/cd756e566999242fd17ba3efd9c7fe85_original.jpg?w=1024&h=576&fit=fill&bg=000000&v=1463673815&auto=format&q=92&s=587668fbaf3f9190616f8a3c83c62ce1",
    "1536x864": "https://ksr-ugc.imgix.net/assets/011/264/130/cd756e566999242fd17ba3efd9c7fe85_original.jpg?w=1536&h=864&fit=fill&bg=000000&v=1463673815&auto=format&q=92&s=46def7cd34f8e914b67a06996af60cb5",
    "ed": "https://ksr-ugc.imgix.net/assets/011/264/130/cd756e566999242fd17ba3efd9c7fe85_original.jpg?w=338&h=190&fit=fill&bg=000000&v=1463673815&auto=format&q=92&s=31ff39631695e6e6c8cae06cee8c88c6",
    "full": "https://ksr-ugc.imgix.net/assets/011/264/130/cd756e566999242fd17ba3efd9c7fe85_original.jpg?w=560&h=315&fit=fill&bg=000000&v=1463673815&auto=format&q=92&s=02a21c0aa7f53fdd4c82d604d32a99f5",
    "key": "assets/011/264/130/cd756e566999242fd17ba3efd9c7fe85_original.jpg",
    "little": "https://ksr-ugc.imgix.net/assets/011/264/130/cd756e566999242fd17ba3efd9c7fe85_original.jpg?w=200&h=112&fit=fill&bg=000000&v=1463673815&auto=format&q=92&s=50cb8100f783f96de21d3687ab7aceae",
    "med": "https://ksr-ugc.imgix.net/assets/011/264/130/cd756e566999242fd17ba3efd9c7fe85_original.jpg?w=266&h=150&fit=fill&bg=000000&v=1463673815&auto=format&q=92&s=56618e7ffd3732fc51ea10472659b0a0",
    "small": "https://ksr-ugc.imgix.net/assets/011/264/130/cd756e566999242fd17ba3efd9c7fe85_original.jpg?w=160&h=90&fit=fill&bg=000000&v=1463673815&auto=format&q=92&s=1894fcc401e1989134b7a945e9a74150",
    "thumb": "https://ksr-ugc.imgix.net/assets/011/264/130/cd756e566999242fd17ba3efd9c7fe85_original.jpg?w=40&h=22&fit=fill&bg=000000&v=1463673815&auto=format&q=92&s=9c648377dc3287c9f6d34f9dd00dbad2"
  },
  "pledged": 240.0,
  "profile": {
    "background_color": null,
    "background_image_opacity": 0.8,
    "blurb": null,
    "feature_image_attributes": {
      "image_urls": {
        "baseball_card": "https://ksr-ugc.imgix.net/assets/011/264/130/cd756e566999242fd17ba3efd9c7fe85_original.jpg?w=1552&h=873&fit=fill&bg=000000&v=1463673815&auto=format&q=92&s=22250eb59597d7f3cb2f24657c1da95c",
        "default": "https://ksr-ugc.imgix.net/assets/011/264/130/cd756e566999242fd17ba3efd9c7fe85_original.jpg?w=1552&h=873&fit=fill&bg=000000&v=1463673815&auto=format&q=92&s=22250eb59597d7f3cb2f24657c1da95c"
      }
    },
    "id": 8486,
    "link_background_color": null,
    "link_text": null,
    "link_text_color": null,
    "link_url": null,
    "name": null,
    "project_id": 8486,
    "should_show_feature_image_section": true,
    "show_feature_image": false,
    "state": "inactive",
    "state_changed_at": 1425915801,
    "text_color": null
  },
  "slug": "matching-funds-for-noisivelvet-mobile-garden",
  "spotlight": false,
  "staff_pick": false,
  "state": "failed",
  "state_changed_at": 1280635296,
  "static_usd_rate": 1.0,
  "urls": {
    "web": {
      "project": "https://www.kickstarter.com/projects/345598377/matching-funds-for-noisivelvet-mobile-garden?ref=category_newest",
      "rewards": "https://www.kickstarter.com/projects/345598377/matching-funds-for-noisivelvet-mobile-garden/rewards"
    }
  },
  "usd_pledged": "240.0"
}