{
  "backers_count": 1,
  "blurb": "Elemental Fusion is a application targeted at Home pc users and entire companies for drastic computer performance increases!",
  "category": {
    "color": 6526716,
    "id": 51,
    "name": "Software",
    "parent_id": 16,
    "position": 11,
    "slug": "technology/software",
    "urls": {
      "web": {
        "discover": "http://www.kickstarter.com/discover/categories/technology/software"
      }
    }
  },
  "country": "US",
  "created_at": 1485143225,
  "creator": {
    "avatar": {
      "medium": "https://ksr-ugc.imgix.net/assets/009/810/223/a4cf05f56a379a1dff046846e2d06018_original.jpeg?w=160&h=160&fit=crop&v=1461636195&auto=format&q=92&s=9b1ae4913148d82b956d8da6116bfb1e",
      "small": "https://ksr-ugc.imgix.net/assets/009/810/223/a4cf05f56a379a1dff046846e2d06018_original.jpeg?w=160&h=160&fit=crop&v=1461636195&auto=format&q=92&s=9b1ae4913148d82b956d8da6116bfb1e",
      "thumb": "https://ksr-ugc.imgix.net/assets/009/810/223/a4cf05f56a379a1dff046846e2d06018_original.jpeg?w=40&h=40&fit=crop&v=1461636195&auto=format&q=92&s=9f6525f37c5b95a76ecddd5cb35fec29"
    },
    "id": 469810502,
    "name": "Kyle Bond",
    "urls": {
      "api": {
        "user": "https://api.kickstarter.com/v1/users/469810502?signature=1488680400.459886f997cdb5328ec115e31b49cebc8a0c5b14"
      },
      "web": {
        "user": "https://www.kickstarter.com/profile/469810502"
      }
    }
  },
  "currency": "USD",
  "currency_symbol": "$",
  "currency_trailing_code": true,
  "deadline": 1487892777,
  "disable_communication": false,
  "goal": 6000.0,
  "id": 1030590373,
  "launched_at": 1485300777,
  "location": {
    "country": "US",
    "displayable_name": "York, PA",
    "id": 2524847,
    "is_root": false,
    "name": "York",
    "short_name": "York, PA",
    "slug": "york-pa",
    "state": "PA",
    "type": "Town",
    "urls": {
      "api": {
        "nearby_projects": "https://api.kickstarter.com/v1/discover?signature=1488668447.6ff9b79810f2048fb44114cdd7d8644d33cf9c7e&woe_id=2524847"
      },
      "web": {
        "discover": "https://www.kickstarter.com/discover/places/york-pa",
        "location": "https://www.kickstarter.com/locations/york-pa"
      }
    }
  },
  "name": "Elemental Fusion - crazy windows performance results",
  "photo": {
    "1024x576": "https://ksr-ugc.imgix.net/assets/015/254/753/407bdcf8f9522be9e6d485c3996c2541_original.png?w=1024&h=576&fit=fill&bg=000000&v=1485372443&auto=format&q=92&s=8f63c23668b9ccf50b6df94f44236259",
    "1536x864": "https://ksr-ugc.imgix.net/assets/015/254/753/407bdcf8f9522be9e6d485c3996c2541_original.png?w=1536&h=864&fit=fill&bg=000000&v=1485372443&auto=format&q=92&s=1da37295ff30105e946b894ffe0cc35b",
    "ed": "https://ksr-ugc.imgix.net/assets/015/254/753/407bdcf8f9522be9e6d485c3996c2541_original.png?w=338&h=190&fit=fill&bg=000000&v=1485372443&auto=format&q=92&s=ef5689fea3dbaf4109c2b579c3c81555",
    "full": "https://ksr-ugc.imgix.net/assets/015/254/753/407bdcf8f9522be9e6d485c3996c2541_original.png?w=560&h=315&fit=fill&bg=000000&v=1485372443&auto=format&q=92&s=d2f5d880f6c373a1de1d783f4960a6e6",
    "key": "assets/015/254/753/407bdcf8f9522be9e6d485c3996c2541_original.png",
    "little": "https://ksr-ugc.imgix.net/assets/015/254/753/407bdcf8f9522be9e6d485c3996c2541_original.png?w=200&h=112&fit=fill&bg=000000&v=1485372443&auto=format&q=92&s=bd0e4f20f0e697c61631686e9f341ad4",
    "med": "https://ksr-ugc.imgix.net/assets/015/254/753/407bdcf8f9522be9e6d485c3996c2541_original.png?w=266&h=150&fit=fill&bg=000000&v=1485372443&auto=format&q=92&s=6f89cf1fccaa9fc267d06d0633c4c0eb",
    "small": "https://ksr-ugc.imgix.net/assets/015/254/753/407bdcf8f9522be9e6d485c3996c2541_original.png?w=160&h=90&fit=fill&bg=000000&v=1485372443&auto=format&q=92&s=4c6ae38c0ccadfea9a50060fa0342afa",
    "thumb": "https://ksr-ugc.imgix.net/assets/015/254/753/407bdcf8f9522be9e6d485c3996c2541_original.png?w=40&h=22&fit=fill&bg=000000&v=1485372443&auto=format&q=92&s=d3fc43d339d69f169b07a5636b2b22af"
  },
  "pledged": 25.0,
  "profile": {
    "background_color": null,
    "background_image_opacity": 0.8,
    "blurb": null,
    "feature_image_attributes": {
      "image_urls": {
        "baseball_card": "https://ksr-ugc.imgix.net/assets/015/254/753/407bdcf8f9522be9e6d485c3996c2541_original.png?w=1552&h=873&fit=fill&bg=000000&v=1485372443&auto=format&q=92&s=15a8e0db5ae0dec5552b2342997a7089",
        "default": "https://ksr-ugc.imgix.net/assets/015/254/753/407bdcf8f9522be9e6d485c3996c2541_original.png?w=1552&h=873&fit=fill&bg=000000&v=1485372443&auto=format&q=92&s=15a8e0db5ae0dec5552b2342997a7089"
      }
    },
    "id": 2847565,
    "link_background_color": null,
    "link_text": null,
    "link_text_color": null,
    "link_url": null,
    "name": null,
    "project_id": 2847565,
    "should_show_feature_image_section": true,
    "show_feature_image": false,
    "state": "inactive",
    "state_changed_at": 1485143225,
    "text_color": null
  },
  "slug": "elemental-fusion",
  "spotlight": false,
  "staff_pick": false,
  "state": "failed",
  "state_changed_at": 1487892777,
  "static_usd_rate": 1.0,
  "urls": {
    "web": {
      "project": "https://www.kickstarter.com/projects/469810502/elemental-fusion?ref=category_newest",
      "rewards": "https://www.kickstarter.com/projects/469810502/elemental-fusion/rewards"
    }
  },
  "usd_pledged": "25.0"
}