{
  "backers_count": 7,
  "blurb": "This software creates user specific reading guides for any book in the world.",
  "category": {
    "color": 6526716,
    "id": 51,
    "name": "Software",
    "parent_id": 16,
    "position": 11,
    "slug": "technology/software",
    "urls": {
      "web": {
        "discover": "http://www.kickstarter.com/discover/categories/technology/software"
      }
    }
  },
  "country": "US",
  "created_at": 1479919327,
  "creator": {
    "avatar": {
      "medium": "https://ksr-ugc.imgix.net/assets/014/665/773/55cba767888adc2b259ec7aa49748bac_original.JPG?w=160&h=160&fit=crop&v=1480121346&auto=format&q=92&s=eb5baeab7a9b5ecbd37d31051c67090e",
      "small": "https://ksr-ugc.imgix.net/assets/014/665/773/55cba767888adc2b259ec7aa49748bac_original.JPG?w=160&h=160&fit=crop&v=1480121346&auto=format&q=92&s=eb5baeab7a9b5ecbd37d31051c67090e",
      "thumb": "https://ksr-ugc.imgix.net/assets/014/665/773/55cba767888adc2b259ec7aa49748bac_original.JPG?w=40&h=40&fit=crop&v=1480121346&auto=format&q=92&s=fb21772df76be82a8d5affbe6b9022a3"
    },
    "id": 1508320762,
    "name": "Micah D. Fiechter",
    "urls": {
      "api": {
        "user": "https://api.kickstarter.com/v1/users/1508320762?signature=1488680396.60f1c2dfa749e909e4c0740754f9604a7bda5879"
      },
      "web": {
        "user": "https://www.kickstarter.com/profile/1508320762"
      }
    }
  },
  "currency": "USD",
  "currency_symbol": "$",
  "currency_trailing_code": true,
  "deadline": 1482991140,
  "disable_communication": false,
  "goal": 10000.0,
  "id": 1030411402,
  "launched_at": 1480395909,
  "location": {
    "country": "US",
    "displayable_name": "St. Cloud, FL",
    "id": 2486715,
    "is_root": false,
    "name": "St. Cloud",
    "short_name": "St. Cloud, FL",
    "slug": "st-cloud-fl",
    "state": "FL",
    "type": "Town",
    "urls": {
      "api": {
        "nearby_projects": "https://api.kickstarter.com/v1/discover?signature=1488668589.847d99bc97416cfa46cbdaa493b2ef46136d5df8&woe_id=2486715"
      },
      "web": {
        "discover": "https://www.kickstarter.com/discover/places/st-cloud-fl",
        "location": "https://www.kickstarter.com/locations/st-cloud-fl"
      }
    }
  },
  "name": "Become a successful reader with PageVoyager's new technology",
  "photo": {
    "1024x576": "https://ksr-ugc.imgix.net/assets/014/639/646/85dffaec98a72d65e3443ee2cfe93ea5_original.png?w=1024&h=576&fit=fill&bg=000000&v=1479921002&auto=format&q=92&s=a44cdec12e72ac04955b47057c9d9d99",
    "1536x864": "https://ksr-ugc.imgix.net/assets/014/639/646/85dffaec98a72d65e3443ee2cfe93ea5_original.png?w=1536&h=864&fit=fill&bg=000000&v=1479921002&auto=format&q=92&s=7c40e539cadabb582c3c712d742403fd",
    "ed": "https://ksr-ugc.imgix.net/assets/014/639/646/85dffaec98a72d65e3443ee2cfe93ea5_original.png?w=338&h=190&fit=fill&bg=000000&v=1479921002&auto=format&q=92&s=4d95503e30b6e21ebdc5ba8bd05636b5",
    "full": "https://ksr-ugc.imgix.net/assets/014/639/646/85dffaec98a72d65e3443ee2cfe93ea5_original.png?w=560&h=315&fit=fill&bg=000000&v=1479921002&auto=format&q=92&s=7feb29dc45eb6a18d9940c2926e1b702",
    "key": "assets/014/639/646/85dffaec98a72d65e3443ee2cfe93ea5_original.png",
    "little": "https://ksr-ugc.imgix.net/assets/014/639/646/85dffaec98a72d65e3443ee2cfe93ea5_original.png?w=200&h=112&fit=fill&bg=000000&v=1479921002&auto=format&q=92&s=8610258da2b852e5ff41a171afc9b8e8",
    "med": "https://ksr-ugc.imgix.net/assets/014/639/646/85dffaec98a72d65e3443ee2cfe93ea5_original.png?w=266&h=150&fit=fill&bg=000000&v=1479921002&auto=format&q=92&s=d7f12b2e15c51e5632d5dc11eb8fb692",
    "small": "https://ksr-ugc.imgix.net/assets/014/639/646/85dffaec98a72d65e3443ee2cfe93ea5_original.png?w=160&h=90&fit=fill&bg=000000&v=1479921002&auto=format&q=92&s=5cb2e6354a5970550f86d5e387ba4a80",
    "thumb": "https://ksr-ugc.imgix.net/assets/014/639/646/85dffaec98a72d65e3443ee2cfe93ea5_original.png?w=40&h=22&fit=fill&bg=000000&v=1479921002&auto=format&q=92&s=f590f6ac706f9ed04fb35fbb18bc44d6"
  },
  "pledged": 222.0,
  "profile": {
    "background_color": null,
    "background_image_opacity": 0.8,
    "blurb": null,
    "feature_image_attributes": {
      "image_urls": {
        "baseball_card": "https://ksr-ugc.imgix.net/assets/014/639/646/85dffaec98a72d65e3443ee2cfe93ea5_original.png?w=1552&h=873&fit=fill&bg=000000&v=1479921002&auto=format&q=92&s=6a5ad145ab53f48182bd79239366747d",
        "default": "https://ksr-ugc.imgix.net/assets/014/639/646/85dffaec98a72d65e3443ee2cfe93ea5_original.png?w=1552&h=873&fit=fill&bg=000000&v=1479921002&auto=format&q=92&s=6a5ad145ab53f48182bd79239366747d"
      }
    },
    "id": 2771877,
    "link_background_color": null,
    "link_text": null,
    "link_text_color": null,
    "link_url": null,
    "name": null,
    "project_id": 2771877,
    "should_show_feature_image_section": true,
    "show_feature_image": false,
    "state": "inactive",
    "state_changed_at": 1479919327,
    "text_color": null
  },
  "slug": "become-a-successful-reader-with-pagevoyagers-new-t",
  "spotlight": false,
  "staff_pick": false,
  "state": "failed",
  "state_changed_at": 1482991141,
  "static_usd_rate": 1.0,
  "urls": {
    "web": {
      "project": "https://www.kickstarter.com/projects/1508320762/become-a-successful-reader-with-pagevoyagers-new-t?ref=category_newest",
      "rewards": "https://www.kickstarter.com/projects/1508320762/become-a-successful-reader-with-pagevoyagers-new-t/rewards"
    }
  },
  "usd_pledged": "222.0"
}