{
  "backers_count": 18,
  "blurb": "Second generation of ONEclassic, an audiophile wireless speaker by DECT technology. Fresher look, Better sound",
  "category": {
    "color": 6526716,
    "id": 339,
    "name": "Sound",
    "parent_id": 16,
    "position": 12,
    "slug": "technology/sound",
    "urls": {
      "web": {
        "discover": "http://www.kickstarter.com/discover/categories/technology/sound"
      }
    }
  },
  "country": "HK",
  "created_at": 1472605289,
  "creator": {
    "avatar": {
      "medium": "https://ksr-ugc.imgix.net/assets/010/927/655/9f037496919c289936e08ed8271e4953_original.jpg?w=160&h=160&fit=crop&v=1461720990&auto=format&q=92&s=f7f0c0c9a43e3b12310140e69fddffbc",
      "small": "https://ksr-ugc.imgix.net/assets/010/927/655/9f037496919c289936e08ed8271e4953_original.jpg?w=160&h=160&fit=crop&v=1461720990&auto=format&q=92&s=f7f0c0c9a43e3b12310140e69fddffbc",
      "thumb": "https://ksr-ugc.imgix.net/assets/010/927/655/9f037496919c289936e08ed8271e4953_original.jpg?w=40&h=40&fit=crop&v=1461720990&auto=format&q=92&s=b7cdb6f3a5dc6bd7b6b4825ec707b412"
    },
    "id": 1479338836,
    "name": "ONEaudio",
    "slug": "oneaudio",
    "urls": {
      "api": {
        "user": "https://api.kickstarter.com/v1/users/1479338836?signature=1488680503.b1a3e608c19ada8deecfe6edf2bb2ad71a807682"
      },
      "web": {
        "user": "https://www.kickstarter.com/profile/oneaudio"
      }
    }
  },
  "currency": "HKD",
  "currency_symbol": "$",
  "currency_trailing_code": true,
  "deadline": 1480521540,
  "disable_communication": false,
  "goal": 25000.0,
  "id": 103027618,
  "launched_at": 1478487920,
  "location": {
    "country": "HK",
    "displayable_name": "Hong Kong, Hong Kong",
    "id": 2165352,
    "is_root": false,
    "name": "Hong Kong",
    "short_name": "Hong Kong, Hong Kong",
    "slug": "hong-kong-hk",
    "state": "Hong Kong Island",
    "type": "Town",
    "urls": {
      "api": {
        "nearby_projects": "https://api.kickstarter.com/v1/discover?signature=1488668420.85d2d60f8cea14c5833bcc3d600ec3ffe0a85d2e&woe_id=2165352"
      },
      "web": {
        "discover": "https://www.kickstarter.com/discover/places/hong-kong-hk",
        "location": "https://www.kickstarter.com/locations/hong-kong-hk"
      }
    }
  },
  "name": "ONEclassic2: DECT Wireless Speakers That Sound 200K Setup (Canceled)",
  "photo": {
    "1024x576": "https://ksr-ugc.imgix.net/assets/014/091/179/2d54e7c5cef37cd18a1c36a3276e14f5_original.jpg?w=1024&h=576&fit=fill&bg=000000&v=1477829258&auto=format&q=92&s=7925548fedf0d84cb0afb66b11d79cab",
    "1536x864": "https://ksr-ugc.imgix.net/assets/014/091/179/2d54e7c5cef37cd18a1c36a3276e14f5_original.jpg?w=1536&h=864&fit=fill&bg=000000&v=1477829258&auto=format&q=92&s=4453c6624c1fc3e2927b12de351be79e",
    "ed": "https://ksr-ugc.imgix.net/assets/014/091/179/2d54e7c5cef37cd18a1c36a3276e14f5_original.jpg?w=338&h=190&fit=fill&bg=000000&v=1477829258&auto=format&q=92&s=413a5718640c02d134899fd3bf50bb87",
    "full": "https://ksr-ugc.imgix.net/assets/014/091/179/2d54e7c5cef37cd18a1c36a3276e14f5_original.jpg?w=560&h=315&fit=fill&bg=000000&v=1477829258&auto=format&q=92&s=ee442b0faf5ab6c722f9d5afa45e4a75",
    "key": "assets/014/091/179/2d54e7c5cef37cd18a1c36a3276e14f5_original.jpg",
    "little": "https://ksr-ugc.imgix.net/assets/014/091/179/2d54e7c5cef37cd18a1c36a3276e14f5_original.jpg?w=200&h=112&fit=fill&bg=000000&v=1477829258&auto=format&q=92&s=1596b633919b1588595c30687af7790b",
    "med": "https://ksr-ugc.imgix.net/assets/014/091/179/2d54e7c5cef37cd18a1c36a3276e14f5_original.jpg?w=266&h=150&fit=fill&bg=000000&v=1477829258&auto=format&q=92&s=b8917c1765460cf0eb450d191939ae62",
    "small": "https://ksr-ugc.imgix.net/assets/014/091/179/2d54e7c5cef37cd18a1c36a3276e14f5_original.jpg?w=160&h=90&fit=fill&bg=000000&v=1477829258&auto=format&q=92&s=46c953194942a60ecea82cffaa3aed4f",
    "thumb": "https://ksr-ugc.imgix.net/assets/014/091/179/2d54e7c5cef37cd18a1c36a3276e14f5_original.jpg?w=40&h=22&fit=fill&bg=000000&v=1477829258&auto=format&q=92&s=3691e382d302037337a230a9c4ff7c04"
  },
  "pledged": 104820.0,
  "profile": {
    "background_color": null,
    "background_image_opacity": 0.8,
    "blurb": null,
    "feature_image_attributes": {
      "image_urls": {
        "baseball_card": "https://ksr-ugc.imgix.net/assets/014/091/179/2d54e7c5cef37cd18a1c36a3276e14f5_original.jpg?w=1552&h=873&fit=fill&bg=000000&v=1477829258&auto=format&q=92&s=2c2e9eeca7e41bc9549afd329078de9b",
        "default": "https://ksr-ugc.imgix.net/assets/014/091/179/2d54e7c5cef37cd18a1c36a3276e14f5_original.jpg?w=1552&h=873&fit=fill&bg=000000&v=1477829258&auto=format&q=92&s=2c2e9eeca7e41bc9549afd329078de9b"
      }
    },
    "id": 2659626,
    "link_background_color": null,
    "link_text": null,
    "link_text_color": null,
    "link_url": null,
    "name": null,
    "project_id": 2659626,
    "should_show_feature_image_section": true,
    "show_feature_image": false,
    "state": "inactive",
    "state_changed_at": 1472605289,
    "text_color": null
  },
  "slug": "oneclassic2-dect-wireless-speakers-that-sound-200k",
  "spotlight": false,
  "staff_pick": true,
  "state": "canceled",
  "state_changed_at": 1478917934,
  "static_usd_rate": 0.12893999,
  "urls": {
    "web": {
      "project": "https://www.kickstarter.com/projects/oneaudio/oneclassic2-dect-wireless-speakers-that-sound-200k?ref=category_newest",
      "rewards": "https://www.kickstarter.com/projects/oneaudio/oneclassic2-dect-wireless-speakers-that-sound-200k/rewards"
    }
  },
  "usd_pledged": "13515.4897518"
}