{
  "backers_count": 0,
  "blurb": "The new way of social media",
  "category": {
    "color": 6526716,
    "id": 342,
    "name": "Web",
    "parent_id": 16,
    "position": 15,
    "slug": "technology/web",
    "urls": {
      "web": {
        "discover": "http://www.kickstarter.com/discover/categories/technology/web"
      }
    }
  },
  "country": "NL",
  "created_at": 1447689286,
  "creator": {
    "avatar": {
      "medium": "https://ksr-ugc.imgix.net/assets/009/344/410/894dedf1931bf69d048f79dfa741af54_original.jpg?w=160&h=160&fit=crop&v=1461582982&auto=format&q=92&s=a0b4462ab5f1da3575008bc7de989af2",
      "small": "https://ksr-ugc.imgix.net/assets/009/344/410/894dedf1931bf69d048f79dfa741af54_original.jpg?w=160&h=160&fit=crop&v=1461582982&auto=format&q=92&s=a0b4462ab5f1da3575008bc7de989af2",
      "thumb": "https://ksr-ugc.imgix.net/assets/009/344/410/894dedf1931bf69d048f79dfa741af54_original.jpg?w=40&h=40&fit=crop&v=1461582982&auto=format&q=92&s=4b331f7d38d8cf1f36ae8118f8d19b3b"
    },
    "id": 693727348,
    "name": "Ionut Coman",
    "urls": {
      "api": {
        "user": "https://api.kickstarter.com/v1/users/693727348?signature=1488680887.e1de7df48d31e1b09487b9d3a9f938136ef79bf6"
      },
      "web": {
        "user": "https://www.kickstarter.com/profile/693727348"
      }
    }
  },
  "currency": "EUR",
  "currency_symbol": "\u20ac",
  "currency_trailing_code": false,
  "deadline": 1450335562,
  "disable_communication": false,
  "goal": 5000.0,
  "id": 1030624959,
  "launched_at": 1447743562,
  "location": {
    "country": "NL",
    "displayable_name": "Eindhoven, Netherlands",
    "id": 729028,
    "is_root": false,
    "name": "Eindhoven",
    "short_name": "Eindhoven, Netherlands",
    "slug": "eindhoven-nl",
    "state": "North Brabant",
    "type": "Town",
    "urls": {
      "api": {
        "nearby_projects": "https://api.kickstarter.com/v1/discover?signature=1488668425.29ef29ba9353876a7a015d7ff6bfea9d5f6b4e45&woe_id=729028"
      },
      "web": {
        "discover": "https://www.kickstarter.com/discover/places/eindhoven-nl",
        "location": "https://www.kickstarter.com/locations/eindhoven-nl"
      }
    }
  },
  "name": "CTWay",
  "photo": {
    "1024x576": "https://ksr-ugc.imgix.net/assets/012/309/235/4a309d2881d4e5f4d7854f47becb7311_original.jpg?w=1024&h=576&fit=fill&bg=000000&v=1463755245&auto=format&q=92&s=ca125b9acfb9afc7aad06978f1703df8",
    "1536x864": "https://ksr-ugc.imgix.net/assets/012/309/235/4a309d2881d4e5f4d7854f47becb7311_original.jpg?w=1536&h=864&fit=fill&bg=000000&v=1463755245&auto=format&q=92&s=910b6b1ae62a4d36644a8953f83a676c",
    "ed": "https://ksr-ugc.imgix.net/assets/012/309/235/4a309d2881d4e5f4d7854f47becb7311_original.jpg?w=338&h=190&fit=fill&bg=000000&v=1463755245&auto=format&q=92&s=42bc1269bd629cb1953e81259d4b3702",
    "full": "https://ksr-ugc.imgix.net/assets/012/309/235/4a309d2881d4e5f4d7854f47becb7311_original.jpg?w=560&h=315&fit=fill&bg=000000&v=1463755245&auto=format&q=92&s=dfa53e061e69a3c375908d056a8ac0e2",
    "key": "assets/012/309/235/4a309d2881d4e5f4d7854f47becb7311_original.jpg",
    "little": "https://ksr-ugc.imgix.net/assets/012/309/235/4a309d2881d4e5f4d7854f47becb7311_original.jpg?w=200&h=112&fit=fill&bg=000000&v=1463755245&auto=format&q=92&s=6d71a95734b3e002676e27287a195254",
    "med": "https://ksr-ugc.imgix.net/assets/012/309/235/4a309d2881d4e5f4d7854f47becb7311_original.jpg?w=266&h=150&fit=fill&bg=000000&v=1463755245&auto=format&q=92&s=f3a74f3436198d3c40e28cfee9ea73a5",
    "small": "https://ksr-ugc.imgix.net/assets/012/309/235/4a309d2881d4e5f4d7854f47becb7311_original.jpg?w=160&h=90&fit=fill&bg=000000&v=1463755245&auto=format&q=92&s=0c1213b8f0f180fabf4c0884ec7ce6eb",
    "thumb": "https://ksr-ugc.imgix.net/assets/012/309/235/4a309d2881d4e5f4d7854f47becb7311_original.jpg?w=40&h=22&fit=fill&bg=000000&v=1463755245&auto=format&q=92&s=b4a7671cb5b908d1b4dbee49c115739b"
  },
  "pledged": 0.0,
  "profile": {
    "background_color": null,
    "background_image_opacity": 0.8,
    "blurb": null,
    "feature_image_attributes": {
      "image_urls": {
        "baseball_card": "https://ksr-ugc.imgix.net/assets/012/309/235/4a309d2881d4e5f4d7854f47becb7311_original.jpg?w=1552&h=873&fit=fill&bg=000000&v=1463755245&auto=format&q=92&s=4bc14b559930c575a21a7baec345f1c2",
        "default": "https://ksr-ugc.imgix.net/assets/012/309/235/4a309d2881d4e5f4d7854f47becb7311_original.jpg?w=1552&h=873&fit=fill&bg=000000&v=1463755245&auto=format&q=92&s=4bc14b559930c575a21a7baec345f1c2"
      }
    },
    "id": 2231663,
    "link_background_color": null,
    "link_text": null,
    "link_text_color": null,
    "link_url": null,
    "name": null,
    "project_id": 2231663,
    "should_show_feature_image_section": true,
    "show_feature_image": false,
    "state": "inactive",
    "state_changed_at": 1447689286,
    "text_color": null
  },
  "slug": "ctbway",
  "spotlight": false,
  "staff_pick": false,
  "state": "failed",
  "state_changed_at": 1450335562,
  "static_usd_rate": 1.07232511,
  "urls": {
    "web": {
      "project": "https://www.kickstarter.com/projects/693727348/ctbway?ref=category_newest",
      "rewards": "https://www.kickstarter.com/projects/693727348/ctbway/rewards"
    }
  },
  "usd_pledged": "0.0"
}