{
  "backers_count": 20,
  "blurb": "World's First Pocket Sized LED Light that uses PRO Grade Samsung LED Chips and works with just about any device imaginable.",
  "category": {
    "color": 6526716,
    "id": 333,
    "name": "Camera Equipment",
    "parent_id": 16,
    "position": 3,
    "slug": "technology/camera equipment",
    "urls": {
      "web": {
        "discover": "http://www.kickstarter.com/discover/categories/technology/camera%20equipment"
      }
    }
  },
  "country": "US",
  "created_at": 1403540348,
  "creator": {
    "avatar": {
      "medium": "https://ksr-ugc.imgix.net/assets/007/774/943/995d81c46255b4be757211ad733e3da9_original.jpg?w=160&h=160&fit=crop&v=1461478706&auto=format&q=92&s=57f8434840da3a0387b3c53c628c79e4",
      "small": "https://ksr-ugc.imgix.net/assets/007/774/943/995d81c46255b4be757211ad733e3da9_original.jpg?w=160&h=160&fit=crop&v=1461478706&auto=format&q=92&s=57f8434840da3a0387b3c53c628c79e4",
      "thumb": "https://ksr-ugc.imgix.net/assets/007/774/943/995d81c46255b4be757211ad733e3da9_original.jpg?w=40&h=40&fit=crop&v=1461478706&auto=format&q=92&s=63b9279531bb535838b0f127699f376b"
    },
    "id": 470554071,
    "name": "ColorRight- Drew Strickland",
    "slug": "colorright",
    "urls": {
      "api": {
        "user": "https://api.kickstarter.com/v1/users/470554071?signature=1488679250.203e804ba90c06d558f01af4bb3f43b08018fe4e"
      },
      "web": {
        "user": "https://www.kickstarter.com/profile/colorright"
      }
    }
  },
  "currency": "USD",
  "currency_symbol": "$",
  "currency_trailing_code": true,
  "deadline": 1405359979,
  "disable_communication": false,
  "goal": 1000.0,
  "id": 1031668355,
  "launched_at": 1403545579,
  "location": {
    "country": "US",
    "displayable_name": "Alpharetta, GA",
    "id": 2353697,
    "is_root": false,
    "name": "Alpharetta",
    "short_name": "Alpharetta, GA",
    "slug": "alpharetta-ga",
    "state": "GA",
    "type": "Town",
    "urls": {
      "api": {
        "nearby_projects": "https://api.kickstarter.com/v1/discover?signature=1488668511.9a60e51f38dcbe3d0b6842ffa26a22d0070c3c0f&woe_id=2353697"
      },
      "web": {
        "discover": "https://www.kickstarter.com/discover/places/alpharetta-ga",
        "location": "https://www.kickstarter.com/locations/alpharetta-ga"
      }
    }
  },
  "name": "My Lite- Swiss Army Knife of LED Lights",
  "photo": {
    "1024x576": "https://ksr-ugc.imgix.net/assets/011/731/038/394c164dde65f1215e5e68cf5289773b_original.jpg?w=1024&h=576&fit=fill&bg=FFFFFF&v=1463687518&auto=format&q=92&s=400d207384a75753707124210d1b50d8",
    "1536x864": "https://ksr-ugc.imgix.net/assets/011/731/038/394c164dde65f1215e5e68cf5289773b_original.jpg?w=1536&h=864&fit=fill&bg=FFFFFF&v=1463687518&auto=format&q=92&s=613771f0636b5151247322f9a3d39c40",
    "ed": "https://ksr-ugc.imgix.net/assets/011/731/038/394c164dde65f1215e5e68cf5289773b_original.jpg?w=338&h=190&fit=fill&bg=FFFFFF&v=1463687518&auto=format&q=92&s=d3b3213ad046fc76f917d0d0f542a06e",
    "full": "https://ksr-ugc.imgix.net/assets/011/731/038/394c164dde65f1215e5e68cf5289773b_original.jpg?w=560&h=315&fit=fill&bg=FFFFFF&v=1463687518&auto=format&q=92&s=25f0681c3ceedd2814b70382e258239a",
    "key": "assets/011/731/038/394c164dde65f1215e5e68cf5289773b_original.jpg",
    "little": "https://ksr-ugc.imgix.net/assets/011/731/038/394c164dde65f1215e5e68cf5289773b_original.jpg?w=200&h=112&fit=fill&bg=FFFFFF&v=1463687518&auto=format&q=92&s=7010a79406e2e34b813accbc8d476ce5",
    "med": "https://ksr-ugc.imgix.net/assets/011/731/038/394c164dde65f1215e5e68cf5289773b_original.jpg?w=266&h=150&fit=fill&bg=FFFFFF&v=1463687518&auto=format&q=92&s=835ce3ea3ad96e459e1b422ccfa65307",
    "small": "https://ksr-ugc.imgix.net/assets/011/731/038/394c164dde65f1215e5e68cf5289773b_original.jpg?w=160&h=90&fit=fill&bg=FFFFFF&v=1463687518&auto=format&q=92&s=36bc4f86f1dbc0015546f6769fbe8e62",
    "thumb": "https://ksr-ugc.imgix.net/assets/011/731/038/394c164dde65f1215e5e68cf5289773b_original.jpg?w=40&h=22&fit=fill&bg=FFFFFF&v=1463687518&auto=format&q=92&s=55bea7714b2f47d27c8ed8e76541b973"
  },
  "pledged": 2481.0,
  "profile": {
    "background_color": null,
    "background_image_opacity": 0.8,
    "blurb": null,
    "feature_image_attributes": {
      "image_urls": {
        "baseball_card": "https://ksr-ugc.imgix.net/assets/011/731/038/394c164dde65f1215e5e68cf5289773b_original.jpg?w=1552&h=873&fit=fill&bg=FFFFFF&v=1463687518&auto=format&q=92&s=3f1729ded4c1fbd22173f937279497ba",
        "default": "https://ksr-ugc.imgix.net/assets/011/731/038/394c164dde65f1215e5e68cf5289773b_original.jpg?w=1552&h=873&fit=fill&bg=FFFFFF&v=1463687518&auto=format&q=92&s=3f1729ded4c1fbd22173f937279497ba"
      }
    },
    "id": 1080594,
    "link_background_color": null,
    "link_text": null,
    "link_text_color": null,
    "link_url": null,
    "name": null,
    "project_id": 1080594,
    "should_show_feature_image_section": true,
    "show_feature_image": false,
    "state": "inactive",
    "state_changed_at": 1425915860,
    "text_color": null
  },
  "slug": "my-lite-swiss-army-knife-of-led-lights",
  "spotlight": true,
  "staff_pick": false,
  "state": "successful",
  "state_changed_at": 1405359979,
  "static_usd_rate": 1.0,
  "urls": {
    "web": {
      "project": "https://www.kickstarter.com/projects/colorright/my-lite-swiss-army-knife-of-led-lights?ref=category_newest",
      "rewards": "https://www.kickstarter.com/projects/colorright/my-lite-swiss-army-knife-of-led-lights/rewards"
    }
  },
  "usd_pledged": "2481.0"
}