{
  "backers_count": 631,
  "blurb": "Music and Phone Calls anywhere with SQueo\u2122: Stylish / Ultra-Light Waterproof / Sand Proof Bluetooth Speaker. With Mag Connector & Cord",
  "category": {
    "color": 6526716,
    "id": 52,
    "name": "Hardware",
    "parent_id": 16,
    "position": 8,
    "slug": "technology/hardware",
    "urls": {
      "web": {
        "discover": "http://www.kickstarter.com/discover/categories/technology/hardware"
      }
    }
  },
  "country": "US",
  "created_at": 1403717052,
  "creator": {
    "avatar": {
      "medium": "https://ksr-ugc.imgix.net/assets/008/213/411/cc05aa000eca4cbf1ba4638e01c84842_original.jpg?w=160&h=160&fit=crop&v=1461510190&auto=format&q=92&s=f42cc13fc95ef12ef2a528cbe68c8cd5",
      "small": "https://ksr-ugc.imgix.net/assets/008/213/411/cc05aa000eca4cbf1ba4638e01c84842_original.jpg?w=160&h=160&fit=crop&v=1461510190&auto=format&q=92&s=f42cc13fc95ef12ef2a528cbe68c8cd5",
      "thumb": "https://ksr-ugc.imgix.net/assets/008/213/411/cc05aa000eca4cbf1ba4638e01c84842_original.jpg?w=40&h=40&fit=crop&v=1461510190&auto=format&q=92&s=ae083a3030febe7975889705398fa3f6"
    },
    "id": 1013773578,
    "name": "SQueo\u2122 Team",
    "urls": {
      "api": {
        "user": "https://api.kickstarter.com/v1/users/1013773578?signature=1488679776.4905cd626e38bb7d79bd8dfa72c6e09fd293f232"
      },
      "web": {
        "user": "https://www.kickstarter.com/profile/1013773578"
      }
    }
  },
  "currency": "USD",
  "currency_symbol": "$",
  "currency_trailing_code": true,
  "deadline": 1408748013,
  "disable_communication": false,
  "goal": 90000.0,
  "id": 1031827961,
  "launched_at": 1406156013,
  "location": {
    "country": "US",
    "displayable_name": "Nashua, NH",
    "id": 2457142,
    "is_root": false,
    "name": "Nashua",
    "short_name": "Nashua, NH",
    "slug": "nashua-nh",
    "state": "NH",
    "type": "Town",
    "urls": {
      "api": {
        "nearby_projects": "https://api.kickstarter.com/v1/discover?signature=1488668442.2abcc574c23da690565d7621c7ae6562a1a8f680&woe_id=2457142"
      },
      "web": {
        "discover": "https://www.kickstarter.com/discover/places/nashua-nh",
        "location": "https://www.kickstarter.com/locations/nashua-nh"
      }
    }
  },
  "name": "SQueo: Advanced Waterproof Bluetooth Speaker",
  "photo": {
    "1024x576": "https://ksr-ugc.imgix.net/assets/011/732/774/bccc030aeff1144742b6bfd9a3d924b3_original.jpg?w=1024&h=576&fit=fill&bg=FFFFFF&v=1463687570&auto=format&q=92&s=c4f2cfae784a2f0da4d49fac997a5f93",
    "1536x864": "https://ksr-ugc.imgix.net/assets/011/732/774/bccc030aeff1144742b6bfd9a3d924b3_original.jpg?w=1536&h=864&fit=fill&bg=FFFFFF&v=1463687570&auto=format&q=92&s=0fb02cec9f7958d9214d96a02bef44f0",
    "ed": "https://ksr-ugc.imgix.net/assets/011/732/774/bccc030aeff1144742b6bfd9a3d924b3_original.jpg?w=338&h=190&fit=fill&bg=FFFFFF&v=1463687570&auto=format&q=92&s=e5c997240cc2c70bc80d68ded1e49925",
    "full": "https://ksr-ugc.imgix.net/assets/011/732/774/bccc030aeff1144742b6bfd9a3d924b3_original.jpg?w=560&h=315&fit=fill&bg=FFFFFF&v=1463687570&auto=format&q=92&s=0adbe68bab46c1858f95d1b82bdad465",
    "key": "assets/011/732/774/bccc030aeff1144742b6bfd9a3d924b3_original.jpg",
    "little": "https://ksr-ugc.imgix.net/assets/011/732/774/bccc030aeff1144742b6bfd9a3d924b3_original.jpg?w=200&h=112&fit=fill&bg=FFFFFF&v=1463687570&auto=format&q=92&s=93138ed182f3ff6d1d08c4d4fa65d4c0",
    "med": "https://ksr-ugc.imgix.net/assets/011/732/774/bccc030aeff1144742b6bfd9a3d924b3_original.jpg?w=266&h=150&fit=fill&bg=FFFFFF&v=1463687570&auto=format&q=92&s=c3f604c8741c9ce45d6c53bacb87acea",
    "small": "https://ksr-ugc.imgix.net/assets/011/732/774/bccc030aeff1144742b6bfd9a3d924b3_original.jpg?w=160&h=90&fit=fill&bg=FFFFFF&v=1463687570&auto=format&q=92&s=be16c02a61f4cd4951f71a8020910bad",
    "thumb": "https://ksr-ugc.imgix.net/assets/011/732/774/bccc030aeff1144742b6bfd9a3d924b3_original.jpg?w=40&h=22&fit=fill&bg=FFFFFF&v=1463687570&auto=format&q=92&s=7a2b44050395feeebd564962b189426c"
  },
  "pledged": 92022.6,
  "profile": {
    "background_color": null,
    "background_image_opacity": 0.8,
    "blurb": null,
    "feature_image_attributes": {
      "image_urls": {
        "baseball_card": "https://ksr-ugc.imgix.net/assets/011/732/774/bccc030aeff1144742b6bfd9a3d924b3_original.jpg?w=1552&h=873&fit=fill&bg=FFFFFF&v=1463687570&auto=format&q=92&s=44ddf50f76db3bf06efddf2b747a2b7d",
        "default": "https://ksr-ugc.imgix.net/assets/011/732/774/bccc030aeff1144742b6bfd9a3d924b3_original.jpg?w=1552&h=873&fit=fill&bg=FFFFFF&v=1463687570&auto=format&q=92&s=44ddf50f76db3bf06efddf2b747a2b7d"
      }
    },
    "id": 1084344,
    "link_background_color": null,
    "link_text": null,
    "link_text_color": null,
    "link_url": null,
    "name": null,
    "project_id": 1084344,
    "should_show_feature_image_section": true,
    "show_feature_image": false,
    "state": "inactive",
    "state_changed_at": 1425915860,
    "text_color": null
  },
  "slug": "squeo-advanced-waterproof-bluetooth-speaker",
  "spotlight": true,
  "staff_pick": false,
  "state": "successful",
  "state_changed_at": 1408748013,
  "static_usd_rate": 1.0,
  "urls": {
    "web": {
      "project": "https://www.kickstarter.com/projects/1013773578/squeo-advanced-waterproof-bluetooth-speaker?ref=category_newest",
      "rewards": "https://www.kickstarter.com/projects/1013773578/squeo-advanced-waterproof-bluetooth-speaker/rewards"
    }
  },
  "usd_pledged": "92022.6"
}