{
  "backers_count": 97,
  "blurb": "PocketQube lowers the barriers to building your own satellite. Anyone can now build a satellite, want to join the revolution?",
  "category": {
    "color": 6526716,
    "id": 340,
    "name": "Space Exploration",
    "parent_id": 16,
    "position": 13,
    "slug": "technology/space exploration",
    "urls": {
      "web": {
        "discover": "http://www.kickstarter.com/discover/categories/technology/space%20exploration"
      }
    }
  },
  "country": "GB",
  "created_at": 1376518752,
  "creator": {
    "avatar": {
      "medium": "https://ksr-ugc.imgix.net/assets/007/868/269/294b3e7fa9b37ed76378f5e860dce354_original.jpg?w=160&h=160&fit=crop&v=1461484922&auto=format&q=92&s=aae8d17293d6b689a76d6ea2cc27683d",
      "small": "https://ksr-ugc.imgix.net/assets/007/868/269/294b3e7fa9b37ed76378f5e860dce354_original.jpg?w=160&h=160&fit=crop&v=1461484922&auto=format&q=92&s=aae8d17293d6b689a76d6ea2cc27683d",
      "thumb": "https://ksr-ugc.imgix.net/assets/007/868/269/294b3e7fa9b37ed76378f5e860dce354_original.jpg?w=40&h=40&fit=crop&v=1461484922&auto=format&q=92&s=9eaeb50224619e6465bf2c01e03888f5"
    },
    "id": 711315745,
    "name": "PocketQube Shop",
    "slug": "pocketqube",
    "urls": {
      "api": {
        "user": "https://api.kickstarter.com/v1/users/711315745?signature=1488680509.9d57ddaee80eb008f11148f5dc702a87d247b6d6"
      },
      "web": {
        "user": "https://www.kickstarter.com/profile/pocketqube"
      }
    }
  },
  "currency": "GBP",
  "currency_symbol": "\u00a3",
  "currency_trailing_code": false,
  "deadline": 1383258600,
  "disable_communication": false,
  "goal": 3000.0,
  "id": 1031194134,
  "launched_at": 1380617821,
  "location": {
    "country": "GB",
    "displayable_name": "Glasgow, UK",
    "id": 21125,
    "is_root": false,
    "name": "Glasgow",
    "short_name": "Glasgow, UK",
    "slug": "glasgow-gb",
    "state": "Scotland",
    "type": "Town",
    "urls": {
      "api": {
        "nearby_projects": "https://api.kickstarter.com/v1/discover?signature=1488668420.d911198fc60bce3a458988f40421bb7bb53bee93&woe_id=21125"
      },
      "web": {
        "discover": "https://www.kickstarter.com/discover/places/glasgow-gb",
        "location": "https://www.kickstarter.com/locations/glasgow-gb"
      }
    }
  },
  "name": "Want to build a satellite but dont have a NASA sized budget?",
  "photo": {
    "1024x576": "https://ksr-ugc.imgix.net/assets/011/564/051/b221e77bfb34e9523e68a03c71f47c8b_original.jpg?w=1024&h=576&fit=fill&bg=000000&v=1463684534&auto=format&q=92&s=db0dc36403860209e1b6364317a5c7c0",
    "1536x864": "https://ksr-ugc.imgix.net/assets/011/564/051/b221e77bfb34e9523e68a03c71f47c8b_original.jpg?w=1536&h=864&fit=fill&bg=000000&v=1463684534&auto=format&q=92&s=954be607601e179d757af4b4a7002746",
    "ed": "https://ksr-ugc.imgix.net/assets/011/564/051/b221e77bfb34e9523e68a03c71f47c8b_original.jpg?w=338&h=190&fit=fill&bg=000000&v=1463684534&auto=format&q=92&s=def9188b32dad243869548744113a730",
    "full": "https://ksr-ugc.imgix.net/assets/011/564/051/b221e77bfb34e9523e68a03c71f47c8b_original.jpg?w=560&h=315&fit=fill&bg=000000&v=1463684534&auto=format&q=92&s=17c67dc58c3aecd9971233402a04c8de",
    "key": "assets/011/564/051/b221e77bfb34e9523e68a03c71f47c8b_original.jpg",
    "little": "https://ksr-ugc.imgix.net/assets/011/564/051/b221e77bfb34e9523e68a03c71f47c8b_original.jpg?w=200&h=112&fit=fill&bg=000000&v=1463684534&auto=format&q=92&s=6ba4982f00ad58591902f9f037c933a6",
    "med": "https://ksr-ugc.imgix.net/assets/011/564/051/b221e77bfb34e9523e68a03c71f47c8b_original.jpg?w=266&h=150&fit=fill&bg=000000&v=1463684534&auto=format&q=92&s=dd7c95fb404719263c80bbbee974d2d5",
    "small": "https://ksr-ugc.imgix.net/assets/011/564/051/b221e77bfb34e9523e68a03c71f47c8b_original.jpg?w=160&h=90&fit=fill&bg=000000&v=1463684534&auto=format&q=92&s=b9b76140e359b8b0d3afa14a76f0b58a",
    "thumb": "https://ksr-ugc.imgix.net/assets/011/564/051/b221e77bfb34e9523e68a03c71f47c8b_original.jpg?w=40&h=22&fit=fill&bg=000000&v=1463684534&auto=format&q=92&s=fb27811305b12843ad6f59e8aaaa8ac9"
  },
  "pledged": 3146.0,
  "profile": {
    "background_color": null,
    "background_image_opacity": 0.8,
    "blurb": null,
    "feature_image_attributes": {
      "image_urls": {
        "baseball_card": "https://ksr-ugc.imgix.net/assets/011/564/051/b221e77bfb34e9523e68a03c71f47c8b_original.jpg?w=1552&h=873&fit=fill&bg=000000&v=1463684534&auto=format&q=92&s=6626209110c46c3eb26b2cda404dafc4",
        "default": "https://ksr-ugc.imgix.net/assets/011/564/051/b221e77bfb34e9523e68a03c71f47c8b_original.jpg?w=1552&h=873&fit=fill&bg=000000&v=1463684534&auto=format&q=92&s=6626209110c46c3eb26b2cda404dafc4"
      }
    },
    "id": 665619,
    "link_background_color": null,
    "link_text": null,
    "link_text_color": null,
    "link_url": null,
    "name": null,
    "project_id": 665619,
    "should_show_feature_image_section": true,
    "show_feature_image": false,
    "state": "inactive",
    "state_changed_at": 1425915836,
    "text_color": null
  },
  "slug": "want-to-build-a-satellite-but-dont-have-a-nasa-siz",
  "spotlight": true,
  "staff_pick": false,
  "state": "successful",
  "state_changed_at": 1383258614,
  "static_usd_rate": 1.61497665,
  "urls": {
    "web": {
      "project": "https://www.kickstarter.com/projects/pocketqube/want-to-build-a-satellite-but-dont-have-a-nasa-siz?ref=category_newest",
      "rewards": "https://www.kickstarter.com/projects/pocketqube/want-to-build-a-satellite-but-dont-have-a-nasa-siz/rewards"
    }
  },
  "usd_pledged": "5080.7165409"
}