{
  "backers_count": 0,
  "blurb": "NutShell Politics is a new app that will allow candidates to reach voters in a non-traditional way. A safer and smarter way to campaign",
  "category": {
    "color": 6526716,
    "id": 332,
    "name": "Apps",
    "parent_id": 16,
    "position": 2,
    "slug": "technology/apps",
    "urls": {
      "web": {
        "discover": "http://www.kickstarter.com/discover/categories/technology/apps"
      }
    }
  },
  "country": "US",
  "created_at": 1408216215,
  "creator": {
    "avatar": {
      "medium": "https://ksr-ugc.imgix.net/assets/009/204/130/3eb1da14e3da48c7150acf0328330d94_original.jpg?w=160&h=160&fit=crop&v=1461564307&auto=format&q=92&s=61b72498069a24926da4b67e66a77cf0",
      "small": "https://ksr-ugc.imgix.net/assets/009/204/130/3eb1da14e3da48c7150acf0328330d94_original.jpg?w=160&h=160&fit=crop&v=1461564307&auto=format&q=92&s=61b72498069a24926da4b67e66a77cf0",
      "thumb": "https://ksr-ugc.imgix.net/assets/009/204/130/3eb1da14e3da48c7150acf0328330d94_original.jpg?w=40&h=40&fit=crop&v=1461564307&auto=format&q=92&s=e04a1220f0cddb9bc52af238ba6e7fe2"
    },
    "id": 964766315,
    "name": "Andre Del Valle",
    "urls": {
      "api": {
        "user": "https://api.kickstarter.com/v1/users/964766315?signature=1488678907.8ddcfe164375684fb2ec9fb10e4aa6f6b6601b30"
      },
      "web": {
        "user": "https://www.kickstarter.com/profile/964766315"
      }
    }
  },
  "currency": "USD",
  "currency_symbol": "$",
  "currency_trailing_code": true,
  "deadline": 1414990740,
  "disable_communication": false,
  "goal": 15000.0,
  "id": 1031794733,
  "launched_at": 1412349530,
  "location": {
    "country": "US",
    "displayable_name": "Philadelphia, PA",
    "id": 2471217,
    "is_root": false,
    "name": "Philadelphia",
    "short_name": "Philadelphia, PA",
    "slug": "philadelphia-pa",
    "state": "PA",
    "type": "Town",
    "urls": {
      "api": {
        "nearby_projects": "https://api.kickstarter.com/v1/discover?signature=1488668417.e922941a315a55b46b7aee3b4ec4fa4f6fb6f8eb&woe_id=2471217"
      },
      "web": {
        "discover": "https://www.kickstarter.com/discover/places/philadelphia-pa",
        "location": "https://www.kickstarter.com/locations/philadelphia-pa"
      }
    }
  },
  "name": "NutShell Politics",
  "photo": {
    "1024x576": "https://ksr-ugc.imgix.net/assets/011/838/570/ec45412b2b3ca1f3f5975cfdde1450d1_original.png?w=1024&h=576&fit=fill&bg=000000&v=1463702114&auto=format&q=92&s=1fdf57390c4206f2cab26144fed23b00",
    "1536x864": "https://ksr-ugc.imgix.net/assets/011/838/570/ec45412b2b3ca1f3f5975cfdde1450d1_original.png?w=1536&h=864&fit=fill&bg=000000&v=1463702114&auto=format&q=92&s=e761ea46d1276869b0292d004a1f1418",
    "ed": "https://ksr-ugc.imgix.net/assets/011/838/570/ec45412b2b3ca1f3f5975cfdde1450d1_original.png?w=338&h=190&fit=fill&bg=000000&v=1463702114&auto=format&q=92&s=532683f43abf86a5d3eac663ba9bcf57",
    "full": "https://ksr-ugc.imgix.net/assets/011/838/570/ec45412b2b3ca1f3f5975cfdde1450d1_original.png?w=560&h=315&fit=fill&bg=000000&v=1463702114&auto=format&q=92&s=ffd1b4fb54181c5e63480e7f548a1fda",
    "key": "assets/011/838/570/ec45412b2b3ca1f3f5975cfdde1450d1_original.png",
    "little": "https://ksr-ugc.imgix.net/assets/011/838/570/ec45412b2b3ca1f3f5975cfdde1450d1_original.png?w=200&h=112&fit=fill&bg=000000&v=1463702114&auto=format&q=92&s=69a9fe4b91059916a8049772cac8257e",
    "med": "https://ksr-ugc.imgix.net/assets/011/838/570/ec45412b2b3ca1f3f5975cfdde1450d1_original.png?w=266&h=150&fit=fill&bg=000000&v=1463702114&auto=format&q=92&s=7c5d1021d91697222f8999df9bbbdcac",
    "small": "https://ksr-ugc.imgix.net/assets/011/838/570/ec45412b2b3ca1f3f5975cfdde1450d1_original.png?w=160&h=90&fit=fill&bg=000000&v=1463702114&auto=format&q=92&s=73587621bc66361229ef55550b794d27",
    "thumb": "https://ksr-ugc.imgix.net/assets/011/838/570/ec45412b2b3ca1f3f5975cfdde1450d1_original.png?w=40&h=22&fit=fill&bg=000000&v=1463702114&auto=format&q=92&s=564518d19fb7da0702555bd05ca4f1b7"
  },
  "pledged": 0.0,
  "profile": {
    "background_color": null,
    "background_image_opacity": 0.8,
    "blurb": null,
    "feature_image_attributes": {
      "image_urls": {
        "baseball_card": "https://ksr-ugc.imgix.net/assets/011/838/570/ec45412b2b3ca1f3f5975cfdde1450d1_original.png?w=1552&h=873&fit=fill&bg=000000&v=1463702114&auto=format&q=92&s=53922597a05de7516e0eeb89615eb842",
        "default": "https://ksr-ugc.imgix.net/assets/011/838/570/ec45412b2b3ca1f3f5975cfdde1450d1_original.png?w=1552&h=873&fit=fill&bg=000000&v=1463702114&auto=format&q=92&s=53922597a05de7516e0eeb89615eb842"
      }
    },
    "id": 1294760,
    "link_background_color": null,
    "link_text": null,
    "link_text_color": null,
    "link_url": null,
    "name": null,
    "project_id": 1294760,
    "should_show_feature_image_section": true,
    "show_feature_image": false,
    "state": "inactive",
    "state_changed_at": 1425915871,
    "text_color": null
  },
  "slug": "nutshell-politics",
  "spotlight": false,
  "staff_pick": false,
  "state": "failed",
  "state_changed_at": 1414990742,
  "static_usd_rate": 1.0,
  "urls": {
    "web": {
      "project": "https://www.kickstarter.com/projects/964766315/nutshell-politics?ref=category_newest",
      "rewards": "https://www.kickstarter.com/projects/964766315/nutshell-politics/rewards"
    }
  },
  "usd_pledged": "0.0"
}