{
  "backers_count": 40,
  "blurb": "Blooky remembers all your usernames and passwords, so you don't have to. Blooky is the solution to the password problem.",
  "category": {
    "color": 6526716,
    "id": 52,
    "name": "Hardware",
    "parent_id": 16,
    "position": 8,
    "slug": "technology/hardware",
    "urls": {
      "web": {
        "discover": "http://www.kickstarter.com/discover/categories/technology/hardware"
      }
    }
  },
  "country": "US",
  "created_at": 1411170500,
  "creator": {
    "avatar": {
      "medium": "https://ksr-ugc.imgix.net/assets/009/273/642/b65001434f50b33a4e5ebb66c5c22962_original.jpg?w=160&h=160&fit=crop&v=1461570987&auto=format&q=92&s=ede7a2fd28c73369c10d5deea0687866",
      "small": "https://ksr-ugc.imgix.net/assets/009/273/642/b65001434f50b33a4e5ebb66c5c22962_original.jpg?w=160&h=160&fit=crop&v=1461570987&auto=format&q=92&s=ede7a2fd28c73369c10d5deea0687866",
      "thumb": "https://ksr-ugc.imgix.net/assets/009/273/642/b65001434f50b33a4e5ebb66c5c22962_original.jpg?w=40&h=40&fit=crop&v=1461570987&auto=format&q=92&s=b9741d6194fca4f52000a3a357e67bac"
    },
    "id": 339603800,
    "name": "David P., Kevin D., and Collin F.",
    "urls": {
      "api": {
        "user": "https://api.kickstarter.com/v1/users/339603800?signature=1488679938.7c05638fa4e4ec45aef067f385e68ec31b5e1b48"
      },
      "web": {
        "user": "https://www.kickstarter.com/profile/339603800"
      }
    }
  },
  "currency": "USD",
  "currency_symbol": "$",
  "currency_trailing_code": true,
  "deadline": 1421019691,
  "disable_communication": false,
  "goal": 250000.0,
  "id": 1031150132,
  "launched_at": 1415835691,
  "location": {
    "country": "US",
    "displayable_name": "Atlanta, GA",
    "id": 2357024,
    "is_root": false,
    "name": "Atlanta",
    "short_name": "Atlanta, GA",
    "slug": "atlanta-ga",
    "state": "GA",
    "type": "Town",
    "urls": {
      "api": {
        "nearby_projects": "https://api.kickstarter.com/v1/discover?signature=1488668420.53e4bdf1b822a5b2bc9c32acd4cad46d39f0d097&woe_id=2357024"
      },
      "web": {
        "discover": "https://www.kickstarter.com/discover/places/atlanta-ga",
        "location": "https://www.kickstarter.com/locations/atlanta-ga"
      }
    }
  },
  "name": "Blooky: Wireless Bluetooth Password Key",
  "photo": {
    "1024x576": "https://ksr-ugc.imgix.net/assets/011/873/603/e032e84abe3094016cf9e1c0f51ecbb2_original.png?w=1024&h=576&fit=fill&bg=000000&v=1463708236&auto=format&q=92&s=ad861a1e6dfbbb364668f501d20e6e09",
    "1536x864": "https://ksr-ugc.imgix.net/assets/011/873/603/e032e84abe3094016cf9e1c0f51ecbb2_original.png?w=1536&h=864&fit=fill&bg=000000&v=1463708236&auto=format&q=92&s=4bfed9c1f72098679dd151c07d044d26",
    "ed": "https://ksr-ugc.imgix.net/assets/011/873/603/e032e84abe3094016cf9e1c0f51ecbb2_original.png?w=338&h=190&fit=fill&bg=000000&v=1463708236&auto=format&q=92&s=1da5aeeb2f30433bdb8be23b00c46fdc",
    "full": "https://ksr-ugc.imgix.net/assets/011/873/603/e032e84abe3094016cf9e1c0f51ecbb2_original.png?w=560&h=315&fit=fill&bg=000000&v=1463708236&auto=format&q=92&s=20237da166f20ca1bcb52b17398a5926",
    "key": "assets/011/873/603/e032e84abe3094016cf9e1c0f51ecbb2_original.png",
    "little": "https://ksr-ugc.imgix.net/assets/011/873/603/e032e84abe3094016cf9e1c0f51ecbb2_original.png?w=200&h=112&fit=fill&bg=000000&v=1463708236&auto=format&q=92&s=a8620536c476f791cc205a726d011825",
    "med": "https://ksr-ugc.imgix.net/assets/011/873/603/e032e84abe3094016cf9e1c0f51ecbb2_original.png?w=266&h=150&fit=fill&bg=000000&v=1463708236&auto=format&q=92&s=75d6956bdc67d68a5552599abc64973f",
    "small": "https://ksr-ugc.imgix.net/assets/011/873/603/e032e84abe3094016cf9e1c0f51ecbb2_original.png?w=160&h=90&fit=fill&bg=000000&v=1463708236&auto=format&q=92&s=485df2203c922952e28af5bd087fce0a",
    "thumb": "https://ksr-ugc.imgix.net/assets/011/873/603/e032e84abe3094016cf9e1c0f51ecbb2_original.png?w=40&h=22&fit=fill&bg=000000&v=1463708236&auto=format&q=92&s=1dcd7e96bc2b52bf27c0ad08836c0dec"
  },
  "pledged": 4001.0,
  "profile": {
    "background_color": null,
    "background_image_opacity": 0.8,
    "blurb": null,
    "feature_image_attributes": {
      "image_urls": {
        "baseball_card": "https://ksr-ugc.imgix.net/assets/011/873/603/e032e84abe3094016cf9e1c0f51ecbb2_original.png?w=1552&h=873&fit=fill&bg=000000&v=1463708236&auto=format&q=92&s=516fc0bfe31fdcfdc5398f3928eb7139",
        "default": "https://ksr-ugc.imgix.net/assets/011/873/603/e032e84abe3094016cf9e1c0f51ecbb2_original.png?w=1552&h=873&fit=fill&bg=000000&v=1463708236&auto=format&q=92&s=516fc0bfe31fdcfdc5398f3928eb7139"
      }
    },
    "id": 1368317,
    "link_background_color": null,
    "link_text": null,
    "link_text_color": null,
    "link_url": null,
    "name": null,
    "project_id": 1368317,
    "should_show_feature_image_section": true,
    "show_feature_image": false,
    "state": "inactive",
    "state_changed_at": 1425915875,
    "text_color": null
  },
  "slug": "blooky-wireless-bluetooth-password-key",
  "spotlight": false,
  "staff_pick": false,
  "state": "failed",
  "state_changed_at": 1421019691,
  "static_usd_rate": 1.0,
  "urls": {
    "web": {
      "project": "https://www.kickstarter.com/projects/339603800/blooky-wireless-bluetooth-password-key?ref=category_newest",
      "rewards": "https://www.kickstarter.com/projects/339603800/blooky-wireless-bluetooth-password-key/rewards"
    }
  },
  "usd_pledged": "4001.0"
}