{
  "backers_count": 8,
  "blurb": "Stop the \"Cyber Peeper\" with the BLOCK FOX! Eliminate hackers into your homes undetected via webcam with our simple,cute, fun solution.",
  "category": {
    "color": 6526716,
    "id": 52,
    "name": "Hardware",
    "parent_id": 16,
    "position": 8,
    "slug": "technology/hardware",
    "urls": {
      "web": {
        "discover": "http://www.kickstarter.com/discover/categories/technology/hardware"
      }
    }
  },
  "country": "US",
  "created_at": 1473527452,
  "creator": {
    "avatar": {
      "medium": "https://ksr-ugc.imgix.net/assets/013/685/579/854e046c630de49f084bed7724021037_original.jpg?w=160&h=160&fit=crop&v=1473563388&auto=format&q=92&s=11aee21e5d63591ac7406787cbe9570f",
      "small": "https://ksr-ugc.imgix.net/assets/013/685/579/854e046c630de49f084bed7724021037_original.jpg?w=160&h=160&fit=crop&v=1473563388&auto=format&q=92&s=11aee21e5d63591ac7406787cbe9570f",
      "thumb": "https://ksr-ugc.imgix.net/assets/013/685/579/854e046c630de49f084bed7724021037_original.jpg?w=40&h=40&fit=crop&v=1473563388&auto=format&q=92&s=7805b18b694f5a970b7eff56214e6c87"
    },
    "id": 980881205,
    "name": "Charles Thompson",
    "urls": {
      "api": {
        "user": "https://api.kickstarter.com/v1/users/980881205?signature=1488680009.23938ce1aa9cdffa927e12d43ccdf70047948579"
      },
      "web": {
        "user": "https://www.kickstarter.com/profile/980881205"
      }
    }
  },
  "currency": "USD",
  "currency_symbol": "$",
  "currency_trailing_code": true,
  "deadline": 1476466521,
  "disable_communication": false,
  "goal": 500.0,
  "id": 1031354770,
  "launched_at": 1473874521,
  "location": {
    "country": "US",
    "displayable_name": "Huntington Beach, CA",
    "id": 2425873,
    "is_root": false,
    "name": "Huntington Beach",
    "short_name": "Huntington Beach, CA",
    "slug": "huntington-beach-ca",
    "state": "CA",
    "type": "Town",
    "urls": {
      "api": {
        "nearby_projects": "https://api.kickstarter.com/v1/discover?signature=1488668420.28f0c83e8f8842156f644b71adbd81d8467765b1&woe_id=2425873"
      },
      "web": {
        "discover": "https://www.kickstarter.com/discover/places/huntington-beach-ca",
        "location": "https://www.kickstarter.com/locations/huntington-beach-ca"
      }
    }
  },
  "name": "BLOCK FOX- PRIVACY TOOL",
  "photo": {
    "1024x576": "https://ksr-ugc.imgix.net/assets/013/682/073/0b4033c6ccb0550280566dc34a8db465_original.png?w=1024&h=576&fit=fill&bg=000000&v=1474391281&auto=format&q=92&s=29fbdf8f38234192c099423fafff2cc0",
    "1536x864": "https://ksr-ugc.imgix.net/assets/013/682/073/0b4033c6ccb0550280566dc34a8db465_original.png?w=1536&h=864&fit=fill&bg=000000&v=1474391281&auto=format&q=92&s=14070579350203fd6529ddfbe7995d0e",
    "ed": "https://ksr-ugc.imgix.net/assets/013/682/073/0b4033c6ccb0550280566dc34a8db465_original.png?w=338&h=190&fit=fill&bg=000000&v=1474391281&auto=format&q=92&s=2c7fcc88c245d5f34ed164ba3402b3a5",
    "full": "https://ksr-ugc.imgix.net/assets/013/682/073/0b4033c6ccb0550280566dc34a8db465_original.png?w=560&h=315&fit=fill&bg=000000&v=1474391281&auto=format&q=92&s=62a394ab8898022307d03036ed5f479e",
    "key": "assets/013/682/073/0b4033c6ccb0550280566dc34a8db465_original.png",
    "little": "https://ksr-ugc.imgix.net/assets/013/682/073/0b4033c6ccb0550280566dc34a8db465_original.png?w=200&h=112&fit=fill&bg=000000&v=1474391281&auto=format&q=92&s=118947cc8394dd5768a3b9dfbf001eab",
    "med": "https://ksr-ugc.imgix.net/assets/013/682/073/0b4033c6ccb0550280566dc34a8db465_original.png?w=266&h=150&fit=fill&bg=000000&v=1474391281&auto=format&q=92&s=72ed28d91e7ea1e64577ef3cb836e551",
    "small": "https://ksr-ugc.imgix.net/assets/013/682/073/0b4033c6ccb0550280566dc34a8db465_original.png?w=160&h=90&fit=fill&bg=000000&v=1474391281&auto=format&q=92&s=af90c32bfd96ee808574081ffe62b204",
    "thumb": "https://ksr-ugc.imgix.net/assets/013/682/073/0b4033c6ccb0550280566dc34a8db465_original.png?w=40&h=22&fit=fill&bg=000000&v=1474391281&auto=format&q=92&s=ca92c2f814264721bf9b7e08a422abb7"
  },
  "pledged": 176.0,
  "profile": {
    "background_color": null,
    "background_image_opacity": 0.8,
    "blurb": null,
    "feature_image_attributes": {
      "image_urls": {
        "baseball_card": "https://ksr-ugc.imgix.net/assets/013/682/073/0b4033c6ccb0550280566dc34a8db465_original.png?w=1552&h=873&fit=fill&bg=000000&v=1474391281&auto=format&q=92&s=75d125ca089467f2b2e23c9ca3e2f816",
        "default": "https://ksr-ugc.imgix.net/assets/013/682/073/0b4033c6ccb0550280566dc34a8db465_original.png?w=1552&h=873&fit=fill&bg=000000&v=1474391281&auto=format&q=92&s=75d125ca089467f2b2e23c9ca3e2f816"
      }
    },
    "id": 2673479,
    "link_background_color": null,
    "link_text": null,
    "link_text_color": null,
    "link_url": null,
    "name": null,
    "project_id": 2673479,
    "should_show_feature_image_section": true,
    "show_feature_image": false,
    "state": "inactive",
    "state_changed_at": 1473527452,
    "text_color": null
  },
  "slug": "block-fox-privacy-tool",
  "spotlight": false,
  "staff_pick": false,
  "state": "failed",
  "state_changed_at": 1476466523,
  "static_usd_rate": 1.0,
  "urls": {
    "web": {
      "project": "https://www.kickstarter.com/projects/980881205/block-fox-privacy-tool?ref=category_newest",
      "rewards": "https://www.kickstarter.com/projects/980881205/block-fox-privacy-tool/rewards"
    }
  },
  "usd_pledged": "176.0"
}