{
  "backers_count": 8,
  "blurb": "Just finishing up the design of this 3D Model Painter. It will bring your printed models to life with amazing detail.",
  "category": {
    "color": 6526716,
    "id": 331,
    "name": "3D Printing",
    "parent_id": 16,
    "position": 1,
    "slug": "technology/3d printing",
    "urls": {
      "web": {
        "discover": "http://www.kickstarter.com/discover/categories/technology/3d%20printing"
      }
    }
  },
  "country": "IE",
  "created_at": 1431814645,
  "creator": {
    "avatar": {
      "medium": "https://ksr-ugc.imgix.net/assets/009/552/692/f2749d23136638b6008df8f7680673a0_original.JPG?w=160&h=160&fit=crop&v=1461602761&auto=format&q=92&s=f3b384bb514aa2594739e0c3fe297c32",
      "small": "https://ksr-ugc.imgix.net/assets/009/552/692/f2749d23136638b6008df8f7680673a0_original.JPG?w=160&h=160&fit=crop&v=1461602761&auto=format&q=92&s=f3b384bb514aa2594739e0c3fe297c32",
      "thumb": "https://ksr-ugc.imgix.net/assets/009/552/692/f2749d23136638b6008df8f7680673a0_original.JPG?w=40&h=40&fit=crop&v=1461602761&auto=format&q=92&s=b1f7f2ff0e7a2489831f1a4d1f558897"
    },
    "id": 1720512507,
    "name": "keith redmond",
    "slug": "thatfella",
    "urls": {
      "api": {
        "user": "https://api.kickstarter.com/v1/users/1720512507?signature=1488678797.bdf9c8f132435643646079c2c26366c0fe1aba5c"
      },
      "web": {
        "user": "https://www.kickstarter.com/profile/thatfella"
      }
    }
  },
  "currency": "EUR",
  "currency_symbol": "\u20ac",
  "currency_trailing_code": false,
  "deadline": 1434410473,
  "disable_communication": true,
  "goal": 25000.0,
  "id": 103166051,
  "launched_at": 1431818473,
  "location": {
    "country": "IE",
    "displayable_name": "Dublin, Ireland",
    "id": 560743,
    "is_root": false,
    "name": "Dublin",
    "short_name": "Dublin, Ireland",
    "slug": "dublin-ie",
    "state": "Dublin",
    "type": "Town",
    "urls": {
      "api": {
        "nearby_projects": "https://api.kickstarter.com/v1/discover?signature=1488668420.fae91f6b9a29455262b3d072fcdc96781dd7316f&woe_id=560743"
      },
      "web": {
        "discover": "https://www.kickstarter.com/discover/places/dublin-ie",
        "location": "https://www.kickstarter.com/locations/dublin-ie"
      }
    }
  },
  "name": "Painter 3D (Suspended)",
  "photo": {
    "1024x576": "https://ksr-ugc.imgix.net/assets/012/140/218/7090ed374e78b41c165debe63d9a28a2_original.jpg?w=1024&h=576&fit=fill&bg=000000&v=1463738358&auto=format&q=92&s=f38dc98b49e3d340f9bdd102ed2cc802",
    "1536x864": "https://ksr-ugc.imgix.net/assets/012/140/218/7090ed374e78b41c165debe63d9a28a2_original.jpg?w=1536&h=864&fit=fill&bg=000000&v=1463738358&auto=format&q=92&s=24b05df1a7e347fa9622ab6528d43a9b",
    "ed": "https://ksr-ugc.imgix.net/assets/012/140/218/7090ed374e78b41c165debe63d9a28a2_original.jpg?w=338&h=190&fit=fill&bg=000000&v=1463738358&auto=format&q=92&s=69f42e15720e58c2bbc0a105480d85fe",
    "full": "https://ksr-ugc.imgix.net/assets/012/140/218/7090ed374e78b41c165debe63d9a28a2_original.jpg?w=560&h=315&fit=fill&bg=000000&v=1463738358&auto=format&q=92&s=d62fcec3aa5d748d138880c016ffc358",
    "key": "assets/012/140/218/7090ed374e78b41c165debe63d9a28a2_original.jpg",
    "little": "https://ksr-ugc.imgix.net/assets/012/140/218/7090ed374e78b41c165debe63d9a28a2_original.jpg?w=200&h=112&fit=fill&bg=000000&v=1463738358&auto=format&q=92&s=ffca203411096458adc283c0e038d5b7",
    "med": "https://ksr-ugc.imgix.net/assets/012/140/218/7090ed374e78b41c165debe63d9a28a2_original.jpg?w=266&h=150&fit=fill&bg=000000&v=1463738358&auto=format&q=92&s=92c134674171ce86991edb6f4200ec0d",
    "small": "https://ksr-ugc.imgix.net/assets/012/140/218/7090ed374e78b41c165debe63d9a28a2_original.jpg?w=160&h=90&fit=fill&bg=000000&v=1463738358&auto=format&q=92&s=b461d87db0f2abd9f64ddabe98b517cb",
    "thumb": "https://ksr-ugc.imgix.net/assets/012/140/218/7090ed374e78b41c165debe63d9a28a2_original.jpg?w=40&h=22&fit=fill&bg=000000&v=1463738358&auto=format&q=92&s=061e7f1ed7bd712a3193f264007e4226"
  },
  "pledged": 10116.0,
  "profile": {
    "background_color": null,
    "background_image_opacity": 0.8,
    "blurb": null,
    "feature_image_attributes": {
      "image_urls": {
        "baseball_card": "https://ksr-ugc.imgix.net/assets/012/140/218/7090ed374e78b41c165debe63d9a28a2_original.jpg?w=1552&h=873&fit=fill&bg=000000&v=1463738358&auto=format&q=92&s=16cd4484a62196c9c1083890f972b4c1",
        "default": "https://ksr-ugc.imgix.net/assets/012/140/218/7090ed374e78b41c165debe63d9a28a2_original.jpg?w=1552&h=873&fit=fill&bg=000000&v=1463738358&auto=format&q=92&s=16cd4484a62196c9c1083890f972b4c1"
      }
    },
    "id": 1903918,
    "link_background_color": null,
    "link_text": null,
    "link_text_color": null,
    "link_url": null,
    "name": null,
    "project_id": 1903918,
    "should_show_feature_image_section": true,
    "show_feature_image": false,
    "state": "inactive",
    "state_changed_at": 1431814645,
    "text_color": null
  },
  "slug": "painter-3d",
  "spotlight": false,
  "staff_pick": false,
  "state": "suspended",
  "state_changed_at": 1432130835,
  "static_usd_rate": 1.1409677,
  "urls": {
    "web": {
      "project": "https://www.kickstarter.com/projects/thatfella/painter-3d?ref=category_newest",
      "rewards": "https://www.kickstarter.com/projects/thatfella/painter-3d/rewards"
    }
  },
  "usd_pledged": "11542.0292532"
}