{
  "backers_count": 3,
  "blurb": "Red ciudadana alternativa para la medici\u00f3n de contaminantes en la Ciudad de M\u00e9xico.",
  "category": {
    "color": 6526716,
    "id": 52,
    "name": "Hardware",
    "parent_id": 16,
    "position": 8,
    "slug": "technology/hardware",
    "urls": {
      "web": {
        "discover": "http://www.kickstarter.com/discover/categories/technology/hardware"
      }
    }
  },
  "country": "MX",
  "created_at": 1479264037,
  "creator": {
    "avatar": {
      "medium": "https://ksr-ugc.imgix.net/assets/014/535/196/44d4f3a5d076c5fb30a05060be9d7c22_original.jpg?w=160&h=160&fit=crop&v=1479270083&auto=format&q=92&s=27b0a13be003b6f95a7c758290f22cab",
      "small": "https://ksr-ugc.imgix.net/assets/014/535/196/44d4f3a5d076c5fb30a05060be9d7c22_original.jpg?w=160&h=160&fit=crop&v=1479270083&auto=format&q=92&s=27b0a13be003b6f95a7c758290f22cab",
      "thumb": "https://ksr-ugc.imgix.net/assets/014/535/196/44d4f3a5d076c5fb30a05060be9d7c22_original.jpg?w=40&h=40&fit=crop&v=1479270083&auto=format&q=92&s=34fc750eaaad990f5401a84d2523c8a2"
    },
    "id": 1308514099,
    "name": "Bruno Barrera Yever",
    "urls": {
      "api": {
        "user": "https://api.kickstarter.com/v1/users/1308514099?signature=1488680015.ffd0c5dc664a4ad786806b7db04360ca98308550"
      },
      "web": {
        "user": "https://www.kickstarter.com/profile/1308514099"
      }
    }
  },
  "currency": "MXN",
  "currency_symbol": "$",
  "currency_trailing_code": true,
  "deadline": 1482082701,
  "disable_communication": false,
  "goal": 350000.0,
  "id": 1031413639,
  "launched_at": 1479490701,
  "location": {
    "country": "MX",
    "displayable_name": "Mexico City, Mexico",
    "id": 116545,
    "is_root": false,
    "name": "Mexico City",
    "short_name": "Mexico City, Mexico",
    "slug": "mexico-city-mx",
    "state": "Distrito Federal",
    "type": "Town",
    "urls": {
      "api": {
        "nearby_projects": "https://api.kickstarter.com/v1/discover?signature=1488668420.0c1dd3eb416e6328747d50fd3ac22ff8f81cc8c2&woe_id=116545"
      },
      "web": {
        "discover": "https://www.kickstarter.com/discover/places/mexico-city-mx",
        "location": "https://www.kickstarter.com/locations/mexico-city-mx"
      }
    }
  },
  "name": "Monitoreo Ambiental Ciudadano",
  "photo": {
    "1024x576": "https://ksr-ugc.imgix.net/assets/014/534/499/0547effc32c9072d6536e7602c559dd0_original.png?w=1024&h=576&fit=fill&bg=000000&v=1479265186&auto=format&q=92&s=65295ec62f1fe4b8c3f1cbe80113241c",
    "1536x864": "https://ksr-ugc.imgix.net/assets/014/534/499/0547effc32c9072d6536e7602c559dd0_original.png?w=1536&h=864&fit=fill&bg=000000&v=1479265186&auto=format&q=92&s=1ab54c43e790eb3b1fcad2a49249fb6b",
    "ed": "https://ksr-ugc.imgix.net/assets/014/534/499/0547effc32c9072d6536e7602c559dd0_original.png?w=338&h=190&fit=fill&bg=000000&v=1479265186&auto=format&q=92&s=7ce5dec0dcc3ae497c1498f182a7f10e",
    "full": "https://ksr-ugc.imgix.net/assets/014/534/499/0547effc32c9072d6536e7602c559dd0_original.png?w=560&h=315&fit=fill&bg=000000&v=1479265186&auto=format&q=92&s=1c12f68482c7dd24519911fe134aeeae",
    "key": "assets/014/534/499/0547effc32c9072d6536e7602c559dd0_original.png",
    "little": "https://ksr-ugc.imgix.net/assets/014/534/499/0547effc32c9072d6536e7602c559dd0_original.png?w=200&h=112&fit=fill&bg=000000&v=1479265186&auto=format&q=92&s=49fb7e55ba4141addd10629996db48a9",
    "med": "https://ksr-ugc.imgix.net/assets/014/534/499/0547effc32c9072d6536e7602c559dd0_original.png?w=266&h=150&fit=fill&bg=000000&v=1479265186&auto=format&q=92&s=bcf827c47ba6c8e31fcbc830bb58639b",
    "small": "https://ksr-ugc.imgix.net/assets/014/534/499/0547effc32c9072d6536e7602c559dd0_original.png?w=160&h=90&fit=fill&bg=000000&v=1479265186&auto=format&q=92&s=9c1ccd98d195fdfe1ff7853fd010969f",
    "thumb": "https://ksr-ugc.imgix.net/assets/014/534/499/0547effc32c9072d6536e7602c559dd0_original.png?w=40&h=22&fit=fill&bg=000000&v=1479265186&auto=format&q=92&s=4ac118d91ee525caf312a8c3253aa023"
  },
  "pledged": 3900.0,
  "profile": {
    "background_color": null,
    "background_image_opacity": 0.8,
    "blurb": null,
    "feature_image_attributes": {
      "image_urls": {
        "baseball_card": "https://ksr-ugc.imgix.net/assets/014/534/499/0547effc32c9072d6536e7602c559dd0_original.png?w=1552&h=873&fit=fill&bg=000000&v=1479265186&auto=format&q=92&s=8cee462b4cb33c618bf21801d1885b64",
        "default": "https://ksr-ugc.imgix.net/assets/014/534/499/0547effc32c9072d6536e7602c559dd0_original.png?w=1552&h=873&fit=fill&bg=000000&v=1479265186&auto=format&q=92&s=8cee462b4cb33c618bf21801d1885b64"
      }
    },
    "id": 2761511,
    "link_background_color": null,
    "link_text": null,
    "link_text_color": null,
    "link_url": null,
    "name": null,
    "project_id": 2761511,
    "should_show_feature_image_section": true,
    "show_feature_image": false,
    "state": "inactive",
    "state_changed_at": 1479264037,
    "text_color": null
  },
  "slug": "monitoreo-ambiental-ciudadano",
  "spotlight": false,
  "staff_pick": false,
  "state": "failed",
  "state_changed_at": 1482082701,
  "static_usd_rate": 0.049468,
  "urls": {
    "web": {
      "project": "https://www.kickstarter.com/projects/1308514099/monitoreo-ambiental-ciudadano?ref=category_newest",
      "rewards": "https://www.kickstarter.com/projects/1308514099/monitoreo-ambiental-ciudadano/rewards"
    }
  },
  "usd_pledged": "192.9252"
}