{
  "backers_count": 121,
  "blurb": "The CFA-10036 lets you easily use the powerful ARM9 based i.MX28 processor running Linux for your embedded GPIO intensive project.",
  "category": {
    "color": 6526716,
    "id": 52,
    "name": "Hardware",
    "parent_id": 16,
    "position": 8,
    "slug": "technology/hardware",
    "urls": {
      "web": {
        "discover": "http://www.kickstarter.com/discover/categories/technology/hardware"
      }
    }
  },
  "country": "US",
  "created_at": 1355339052,
  "creator": {
    "avatar": {
      "medium": "https://ksr-ugc.imgix.net/assets/007/046/544/4c2f01bfe0a93e77adef8dd4dc9d74f3_original.png?w=160&h=160&fit=crop&v=1461430680&auto=format&q=92&s=25698ad4573e84871785177214692c24",
      "small": "https://ksr-ugc.imgix.net/assets/007/046/544/4c2f01bfe0a93e77adef8dd4dc9d74f3_original.png?w=160&h=160&fit=crop&v=1461430680&auto=format&q=92&s=25698ad4573e84871785177214692c24",
      "thumb": "https://ksr-ugc.imgix.net/assets/007/046/544/4c2f01bfe0a93e77adef8dd4dc9d74f3_original.png?w=40&h=40&fit=crop&v=1461430680&auto=format&q=92&s=fbfc601dde877275ab771a539dc73e96"
    },
    "id": 1134150036,
    "name": "Crystalfontz America, Inc.",
    "slug": "crystalfontz",
    "urls": {
      "api": {
        "user": "https://api.kickstarter.com/v1/users/1134150036?signature=1488679856.5adae6527723657909acf42d7b6cf63a5177e0c9"
      },
      "web": {
        "user": "https://www.kickstarter.com/profile/crystalfontz"
      }
    }
  },
  "currency": "USD",
  "currency_symbol": "$",
  "currency_trailing_code": true,
  "deadline": 1361001540,
  "disable_communication": false,
  "goal": 30000.0,
  "id": 1031084940,
  "launched_at": 1357776644,
  "location": {
    "country": "US",
    "displayable_name": "Spokane, WA",
    "id": 2497646,
    "is_root": false,
    "name": "Spokane",
    "short_name": "Spokane, WA",
    "slug": "spokane-wa",
    "state": "WA",
    "type": "Town",
    "urls": {
      "api": {
        "nearby_projects": "https://api.kickstarter.com/v1/discover?signature=1488668424.4469ca1cddd16c3a4ab6bf03fe9b7c481933caa8&woe_id=2497646"
      },
      "web": {
        "discover": "https://www.kickstarter.com/discover/places/spokane-wa",
        "location": "https://www.kickstarter.com/locations/spokane-wa"
      }
    }
  },
  "name": "CFA-10036 Open, Hackable, Linux + ARM Embedded GPIO Module",
  "photo": {
    "1024x576": "https://ksr-ugc.imgix.net/assets/011/459/786/4bf5db1daea5adf9d67824c07864a63b_original.jpg?w=1024&h=576&fit=fill&bg=000000&v=1463683020&auto=format&q=92&s=a8e03aefb46792da1c261ba554064b01",
    "1536x864": "https://ksr-ugc.imgix.net/assets/011/459/786/4bf5db1daea5adf9d67824c07864a63b_original.jpg?w=1536&h=864&fit=fill&bg=000000&v=1463683020&auto=format&q=92&s=d3fa7057a3f0f65c83958eb714af9ef6",
    "ed": "https://ksr-ugc.imgix.net/assets/011/459/786/4bf5db1daea5adf9d67824c07864a63b_original.jpg?w=338&h=190&fit=fill&bg=000000&v=1463683020&auto=format&q=92&s=a29895b8ed74aebada3f8408cf2ad5e6",
    "full": "https://ksr-ugc.imgix.net/assets/011/459/786/4bf5db1daea5adf9d67824c07864a63b_original.jpg?w=560&h=315&fit=fill&bg=000000&v=1463683020&auto=format&q=92&s=98732a1f4d4806e5688700ea0bb3c7ab",
    "key": "assets/011/459/786/4bf5db1daea5adf9d67824c07864a63b_original.jpg",
    "little": "https://ksr-ugc.imgix.net/assets/011/459/786/4bf5db1daea5adf9d67824c07864a63b_original.jpg?w=200&h=112&fit=fill&bg=000000&v=1463683020&auto=format&q=92&s=2ab4f9d0402ff4e41a426e04dd4cb3e0",
    "med": "https://ksr-ugc.imgix.net/assets/011/459/786/4bf5db1daea5adf9d67824c07864a63b_original.jpg?w=266&h=150&fit=fill&bg=000000&v=1463683020&auto=format&q=92&s=0cb761751ff621f52da70f8243d788ce",
    "small": "https://ksr-ugc.imgix.net/assets/011/459/786/4bf5db1daea5adf9d67824c07864a63b_original.jpg?w=160&h=90&fit=fill&bg=000000&v=1463683020&auto=format&q=92&s=396f73be032d56b206f67678981c2f0b",
    "thumb": "https://ksr-ugc.imgix.net/assets/011/459/786/4bf5db1daea5adf9d67824c07864a63b_original.jpg?w=40&h=22&fit=fill&bg=000000&v=1463683020&auto=format&q=92&s=07bb1db547b4d5ae65bf6d94c52a4240"
  },
  "pledged": 12184.58,
  "profile": {
    "background_color": null,
    "background_image_opacity": 0.8,
    "blurb": null,
    "feature_image_attributes": {
      "image_urls": {
        "baseball_card": "https://ksr-ugc.imgix.net/assets/011/459/786/4bf5db1daea5adf9d67824c07864a63b_original.jpg?w=1552&h=873&fit=fill&bg=000000&v=1463683020&auto=format&q=92&s=39bc9929f90ab338bcbc895c8c5ab653",
        "default": "https://ksr-ugc.imgix.net/assets/011/459/786/4bf5db1daea5adf9d67824c07864a63b_original.jpg?w=1552&h=873&fit=fill&bg=000000&v=1463683020&auto=format&q=92&s=39bc9929f90ab338bcbc895c8c5ab653"
      }
    },
    "id": 421841,
    "link_background_color": null,
    "link_text": null,
    "link_text_color": null,
    "link_url": null,
    "name": null,
    "project_id": 421841,
    "should_show_feature_image_section": true,
    "show_feature_image": false,
    "state": "inactive",
    "state_changed_at": 1425915823,
    "text_color": null
  },
  "slug": "cfa-10036-open-hackable-linux-arm-embedded-gpio-mo",
  "spotlight": false,
  "staff_pick": false,
  "state": "failed",
  "state_changed_at": 1361001540,
  "static_usd_rate": 1.0,
  "urls": {
    "web": {
      "project": "https://www.kickstarter.com/projects/crystalfontz/cfa-10036-open-hackable-linux-arm-embedded-gpio-mo?ref=category_newest",
      "rewards": "https://www.kickstarter.com/projects/crystalfontz/cfa-10036-open-hackable-linux-arm-embedded-gpio-mo/rewards"
    }
  },
  "usd_pledged": "12184.58"
}