{
  "backers_count": 1,
  "blurb": "Walkers, riders, shoppers, joggers, fisherman, golfers, workers, night out. Stop fumbling, forgetting or dropping your smartphone.",
  "category": {
    "color": 6526716,
    "id": 341,
    "name": "Wearables",
    "parent_id": 16,
    "position": 14,
    "slug": "technology/wearables",
    "urls": {
      "web": {
        "discover": "http://www.kickstarter.com/discover/categories/technology/wearables"
      }
    }
  },
  "country": "US",
  "created_at": 1399970025,
  "creator": {
    "avatar": {
      "medium": "https://ksr-ugc.imgix.net/missing_user_avatar.png?w=160&h=160&fit=crop&v=&auto=format&q=92&s=c40e6ddb23a144ee8beca514ec2d6e58",
      "small": "https://ksr-ugc.imgix.net/missing_user_avatar.png?w=160&h=160&fit=crop&v=&auto=format&q=92&s=c40e6ddb23a144ee8beca514ec2d6e58",
      "thumb": "https://ksr-ugc.imgix.net/missing_user_avatar.png?w=40&h=40&fit=crop&v=&auto=format&q=92&s=8c0db61c92692000c2678b375fc31714"
    },
    "id": 1794210621,
    "name": "Michael Walker (deleted)",
    "urls": {
      "api": {
        "user": "https://api.kickstarter.com/v1/users/1794210621?signature=1488680629.ac881b6ca82d39110ea8b032392494750f4fe9c4"
      },
      "web": {
        "user": "https://www.kickstarter.com/profile/1794210621"
      }
    }
  },
  "currency": "USD",
  "currency_symbol": "$",
  "currency_trailing_code": true,
  "deadline": 1403810988,
  "disable_communication": false,
  "goal": 43000.0,
  "id": 1031931836,
  "launched_at": 1401218988,
  "location": {
    "country": "US",
    "displayable_name": "Fresno, CA",
    "id": 2407517,
    "is_root": false,
    "name": "Fresno",
    "short_name": "Fresno, CA",
    "slug": "fresno-ca",
    "state": "CA",
    "type": "Town",
    "urls": {
      "api": {
        "nearby_projects": "https://api.kickstarter.com/v1/discover?signature=1488668420.b15a2782e0f237bf3d326b141bb7da7b0cb41d94&woe_id=2407517"
      },
      "web": {
        "discover": "https://www.kickstarter.com/discover/places/fresno-ca",
        "location": "https://www.kickstarter.com/locations/fresno-ca"
      }
    }
  },
  "name": "The Backhand: Truely, hands -freedom (Canceled)",
  "photo": {
    "1024x576": "https://ksr-ugc.imgix.net/assets/011/704/350/60c3c841c582f53970ab55f2061a4f5d_original.jpg?w=1024&h=576&fit=fill&bg=000000&v=1463687020&auto=format&q=92&s=70165d02c87bd72c7bf0212f11fc94e5",
    "1536x864": "https://ksr-ugc.imgix.net/assets/011/704/350/60c3c841c582f53970ab55f2061a4f5d_original.jpg?w=1536&h=864&fit=fill&bg=000000&v=1463687020&auto=format&q=92&s=b76730f3ef4f9524f06efb84f4515cbe",
    "ed": "https://ksr-ugc.imgix.net/assets/011/704/350/60c3c841c582f53970ab55f2061a4f5d_original.jpg?w=338&h=190&fit=fill&bg=000000&v=1463687020&auto=format&q=92&s=894d2c8024ca609d2aee8f83f0527d29",
    "full": "https://ksr-ugc.imgix.net/assets/011/704/350/60c3c841c582f53970ab55f2061a4f5d_original.jpg?w=560&h=315&fit=fill&bg=000000&v=1463687020&auto=format&q=92&s=abeb57f57c34e7432dcf7a4ff6aef7c1",
    "key": "assets/011/704/350/60c3c841c582f53970ab55f2061a4f5d_original.jpg",
    "little": "https://ksr-ugc.imgix.net/assets/011/704/350/60c3c841c582f53970ab55f2061a4f5d_original.jpg?w=200&h=112&fit=fill&bg=000000&v=1463687020&auto=format&q=92&s=cfea0199312f635cde1a9bbb7ce10323",
    "med": "https://ksr-ugc.imgix.net/assets/011/704/350/60c3c841c582f53970ab55f2061a4f5d_original.jpg?w=266&h=150&fit=fill&bg=000000&v=1463687020&auto=format&q=92&s=fec25aec7ecdac10517f80dd4d697618",
    "small": "https://ksr-ugc.imgix.net/assets/011/704/350/60c3c841c582f53970ab55f2061a4f5d_original.jpg?w=160&h=90&fit=fill&bg=000000&v=1463687020&auto=format&q=92&s=4e9c780365e89257b1f63bea0b15444b",
    "thumb": "https://ksr-ugc.imgix.net/assets/011/704/350/60c3c841c582f53970ab55f2061a4f5d_original.jpg?w=40&h=22&fit=fill&bg=000000&v=1463687020&auto=format&q=92&s=30e55364940129a78d12ae157b141b8c"
  },
  "pledged": 100.0,
  "profile": {
    "background_color": null,
    "background_image_opacity": 0.8,
    "blurb": null,
    "feature_image_attributes": {
      "image_urls": {
        "baseball_card": "https://ksr-ugc.imgix.net/assets/011/704/350/60c3c841c582f53970ab55f2061a4f5d_original.jpg?w=1552&h=873&fit=fill&bg=000000&v=1463687020&auto=format&q=92&s=0b2426730a800da49810e04c4ac97269",
        "default": "https://ksr-ugc.imgix.net/assets/011/704/350/60c3c841c582f53970ab55f2061a4f5d_original.jpg?w=1552&h=873&fit=fill&bg=000000&v=1463687020&auto=format&q=92&s=0b2426730a800da49810e04c4ac97269"
      }
    },
    "id": 1020502,
    "link_background_color": null,
    "link_text": null,
    "link_text_color": null,
    "link_url": null,
    "name": null,
    "project_id": 1020502,
    "should_show_feature_image_section": true,
    "show_feature_image": false,
    "state": "inactive",
    "state_changed_at": 1425915856,
    "text_color": null
  },
  "slug": "the-backhand-truely-hands-freedom",
  "spotlight": false,
  "staff_pick": false,
  "state": "canceled",
  "state_changed_at": 1402817749,
  "static_usd_rate": 1.0,
  "urls": {
    "web": {
      "project": "https://www.kickstarter.com/projects/1794210621/the-backhand-truely-hands-freedom?ref=category_newest",
      "rewards": "https://www.kickstarter.com/projects/1794210621/the-backhand-truely-hands-freedom/rewards"
    }
  },
  "usd_pledged": "100.0"
}