{
  "backers_count": 229,
  "blurb": "The first kitty-zen science project using the latest DNA sequencing technologies to explore the microbes that live in and on kitties.",
  "category": {
    "color": 6526716,
    "id": 16,
    "name": "Technology",
    "position": 14,
    "slug": "technology",
    "urls": {
      "web": {
        "discover": "http://www.kickstarter.com/discover/categories/technology"
      }
    }
  },
  "country": "US",
  "created_at": 1422044087,
  "creator": {
    "avatar": {
      "medium": "https://ksr-ugc.imgix.net/assets/009/488/634/c937cb639be37d8c85bf5c2dc376f74a_original.jpg?w=160&h=160&fit=crop&v=1461598553&auto=format&q=92&s=7341d2944fc3fa67f8c30b4401a62119",
      "small": "https://ksr-ugc.imgix.net/assets/009/488/634/c937cb639be37d8c85bf5c2dc376f74a_original.jpg?w=160&h=160&fit=crop&v=1461598553&auto=format&q=92&s=7341d2944fc3fa67f8c30b4401a62119",
      "thumb": "https://ksr-ugc.imgix.net/assets/009/488/634/c937cb639be37d8c85bf5c2dc376f74a_original.jpg?w=40&h=40&fit=crop&v=1461598553&auto=format&q=92&s=804408a3401e3dac4267b95be9c22e96"
    },
    "id": 1972340998,
    "name": "kittybiome",
    "slug": "catbiome",
    "urls": {
      "api": {
        "user": "https://api.kickstarter.com/v1/users/1972340998?signature=1488663119.93b41b31c1db10109faf919e310cd49b1bd31f21"
      },
      "web": {
        "user": "https://www.kickstarter.com/profile/catbiome"
      }
    }
  },
  "currency": "USD",
  "currency_symbol": "$",
  "currency_trailing_code": true,
  "deadline": 1433966294,
  "disable_communication": false,
  "goal": 3000.0,
  "id": 1031027165,
  "launched_at": 1431374294,
  "location": {
    "country": "US",
    "displayable_name": "Oakland, CA",
    "id": 2463583,
    "is_root": false,
    "name": "Oakland",
    "short_name": "Oakland, CA",
    "slug": "oakland-ca",
    "state": "CA",
    "type": "Town",
    "urls": {
      "api": {
        "nearby_projects": "https://api.kickstarter.com/v1/discover?signature=1488653683.75c76ee656602011ffe6885c4a5c3dd3c6aede57&woe_id=2463583"
      },
      "web": {
        "discover": "https://www.kickstarter.com/discover/places/oakland-ca",
        "location": "https://www.kickstarter.com/locations/oakland-ca"
      }
    }
  },
  "name": "kittybiome: kitty microbiomes for cat health and biology",
  "photo": {
    "1024x576": "https://ksr-ugc.imgix.net/assets/012/011/452/28a00013a500a2e7151b24185ff29a2c_original.jpg?w=1024&h=576&fit=fill&bg=000000&v=1463723896&auto=format&q=92&s=413ade62e9bfb75bca43c1e040045301",
    "1536x864": "https://ksr-ugc.imgix.net/assets/012/011/452/28a00013a500a2e7151b24185ff29a2c_original.jpg?w=1536&h=864&fit=fill&bg=000000&v=1463723896&auto=format&q=92&s=e3f240d2d9e69ad98339023602249dad",
    "ed": "https://ksr-ugc.imgix.net/assets/012/011/452/28a00013a500a2e7151b24185ff29a2c_original.jpg?w=338&h=190&fit=fill&bg=000000&v=1463723896&auto=format&q=92&s=c11ef15e96d3a4a3f64b490d661e711d",
    "full": "https://ksr-ugc.imgix.net/assets/012/011/452/28a00013a500a2e7151b24185ff29a2c_original.jpg?w=560&h=315&fit=fill&bg=000000&v=1463723896&auto=format&q=92&s=cb5cc4eee0a66c63e701f6d95dc10803",
    "key": "assets/012/011/452/28a00013a500a2e7151b24185ff29a2c_original.jpg",
    "little": "https://ksr-ugc.imgix.net/assets/012/011/452/28a00013a500a2e7151b24185ff29a2c_original.jpg?w=200&h=112&fit=fill&bg=000000&v=1463723896&auto=format&q=92&s=3e73b6458112d08a9fc99aae336d6394",
    "med": "https://ksr-ugc.imgix.net/assets/012/011/452/28a00013a500a2e7151b24185ff29a2c_original.jpg?w=266&h=150&fit=fill&bg=000000&v=1463723896&auto=format&q=92&s=0805da3a9c1d7c37c3ab7e04a524e2ee",
    "small": "https://ksr-ugc.imgix.net/assets/012/011/452/28a00013a500a2e7151b24185ff29a2c_original.jpg?w=160&h=90&fit=fill&bg=000000&v=1463723896&auto=format&q=92&s=c929891d61039dcb8c5009d679c8f355",
    "thumb": "https://ksr-ugc.imgix.net/assets/012/011/452/28a00013a500a2e7151b24185ff29a2c_original.jpg?w=40&h=22&fit=fill&bg=000000&v=1463723896&auto=format&q=92&s=30a893bf5c30fe4d30451be74ed2a985"
  },
  "pledged": 23183.0,
  "profile": {
    "background_color": "",
    "background_image_opacity": 0.8,
    "blurb": "The first kitty-zen science project using the latest DNA sequencing technologies to explore the microbes that live in and on kitties.",
    "feature_image_attributes": {
      "id": 3959659,
      "image_urls": {
        "baseball_card": "https://ksr-ugc.imgix.net/assets/003/959/659/f419abdfb75f2dda735fc51cbafe72fa_original.jpg?w=700&fit=max&v=1433969648&auto=format&q=92&s=88d8d616df9d9d47644ee8fa72fa83c1",
        "default": "https://ksr-ugc.imgix.net/assets/003/959/659/f419abdfb75f2dda735fc51cbafe72fa_original.jpg?w=700&fit=max&v=1433969648&auto=format&q=92&s=88d8d616df9d9d47644ee8fa72fa83c1"
      }
    },
    "id": 1653764,
    "link_background_color": "",
    "link_text": "Sign up your cat here",
    "link_text_color": "",
    "link_url": "https://fundrazr.com/campaigns/410aC4/ab/f4vYF9?",
    "name": "kittybiome: kitty microbiomes for cat health and biology",
    "project_id": 1653764,
    "should_show_feature_image_section": true,
    "show_feature_image": true,
    "state": "active",
    "state_changed_at": 1433969670,
    "text_color": ""
  },
  "slug": "kittybiome-kitty-microbiomes-for-cat-health-and-bi",
  "spotlight": true,
  "staff_pick": true,
  "state": "successful",
  "state_changed_at": 1433966295,
  "static_usd_rate": 1.0,
  "urls": {
    "web": {
      "project": "https://www.kickstarter.com/projects/catbiome/kittybiome-kitty-microbiomes-for-cat-health-and-bi?ref=category_most_funded",
      "rewards": "https://www.kickstarter.com/projects/catbiome/kittybiome-kitty-microbiomes-for-cat-health-and-bi/rewards"
    }
  },
  "usd_pledged": "23183.0"
}