{
  "backers_count": 15,
  "blurb": "Powerful, fast, portable and incredibly easy to use. Perfect for studio and on-location.",
  "category": {
    "color": 6526716,
    "id": 333,
    "name": "Camera Equipment",
    "parent_id": 16,
    "position": 3,
    "slug": "technology/camera equipment",
    "urls": {
      "web": {
        "discover": "http://www.kickstarter.com/discover/categories/technology/camera%20equipment"
      }
    }
  },
  "country": "US",
  "created_at": 1405114611,
  "creator": {
    "avatar": {
      "medium": "https://ksr-ugc.imgix.net/assets/009/021/230/e43a96ee5aaf7aab489da0b8d212092b_original.png?w=160&h=160&fit=crop&v=1461554055&auto=format&q=92&s=fd4a1e46bdbeeee164520d434f43d5e1",
      "small": "https://ksr-ugc.imgix.net/assets/009/021/230/e43a96ee5aaf7aab489da0b8d212092b_original.png?w=160&h=160&fit=crop&v=1461554055&auto=format&q=92&s=fd4a1e46bdbeeee164520d434f43d5e1",
      "thumb": "https://ksr-ugc.imgix.net/assets/009/021/230/e43a96ee5aaf7aab489da0b8d212092b_original.png?w=40&h=40&fit=crop&v=1461554055&auto=format&q=92&s=ac2c159808d98fbc4445a8a30f8527e9"
    },
    "id": 804950318,
    "name": "Raman Evazians",
    "slug": "radiostrobe",
    "urls": {
      "api": {
        "user": "https://api.kickstarter.com/v1/users/804950318?signature=1488679284.f767313538fa00f3fa12dbe88294a0eea47ff7c5"
      },
      "web": {
        "user": "https://www.kickstarter.com/profile/radiostrobe"
      }
    }
  },
  "currency": "USD",
  "currency_symbol": "$",
  "currency_trailing_code": true,
  "deadline": 1433971800,
  "disable_communication": false,
  "goal": 280000.0,
  "id": 1032381113,
  "launched_at": 1430748018,
  "location": {
    "country": "US",
    "displayable_name": "Austin, TX",
    "id": 2357536,
    "is_root": false,
    "name": "Austin",
    "short_name": "Austin, TX",
    "slug": "austin-tx",
    "state": "TX",
    "type": "Town",
    "urls": {
      "api": {
        "nearby_projects": "https://api.kickstarter.com/v1/discover?signature=1488668420.3700aff62e251c47579f5271b8866f6765c989f3&woe_id=2357536"
      },
      "web": {
        "discover": "https://www.kickstarter.com/discover/places/austin-tx",
        "location": "https://www.kickstarter.com/locations/austin-tx"
      }
    }
  },
  "name": "radioSTROBE: The World's First Off-Camera Speedlight System",
  "photo": {
    "1024x576": "https://ksr-ugc.imgix.net/assets/011/776/012/12c282b498edf8906c1cd5dcdaf4a4eb_original.png?w=1024&h=576&fit=fill&bg=000000&v=1463692883&auto=format&q=92&s=83f0badb6240d67194bb02ab6e367915",
    "1536x864": "https://ksr-ugc.imgix.net/assets/011/776/012/12c282b498edf8906c1cd5dcdaf4a4eb_original.png?w=1536&h=864&fit=fill&bg=000000&v=1463692883&auto=format&q=92&s=b13d55ca7783a7a94a9b12522029f4dd",
    "ed": "https://ksr-ugc.imgix.net/assets/011/776/012/12c282b498edf8906c1cd5dcdaf4a4eb_original.png?w=338&h=190&fit=fill&bg=000000&v=1463692883&auto=format&q=92&s=6f497178275648fe1cc51e40b1c740be",
    "full": "https://ksr-ugc.imgix.net/assets/011/776/012/12c282b498edf8906c1cd5dcdaf4a4eb_original.png?w=560&h=315&fit=fill&bg=000000&v=1463692883&auto=format&q=92&s=2adb7cb36a6e908fd26e1250dbac4900",
    "key": "assets/011/776/012/12c282b498edf8906c1cd5dcdaf4a4eb_original.png",
    "little": "https://ksr-ugc.imgix.net/assets/011/776/012/12c282b498edf8906c1cd5dcdaf4a4eb_original.png?w=200&h=112&fit=fill&bg=000000&v=1463692883&auto=format&q=92&s=e4f3f1ed0440ba10418ade02aa15a24e",
    "med": "https://ksr-ugc.imgix.net/assets/011/776/012/12c282b498edf8906c1cd5dcdaf4a4eb_original.png?w=266&h=150&fit=fill&bg=000000&v=1463692883&auto=format&q=92&s=d0f375abf0488663711a1d130c2173a4",
    "small": "https://ksr-ugc.imgix.net/assets/011/776/012/12c282b498edf8906c1cd5dcdaf4a4eb_original.png?w=160&h=90&fit=fill&bg=000000&v=1463692883&auto=format&q=92&s=252b72853a5f6337a066d1c91ff8d7b9",
    "thumb": "https://ksr-ugc.imgix.net/assets/011/776/012/12c282b498edf8906c1cd5dcdaf4a4eb_original.png?w=40&h=22&fit=fill&bg=000000&v=1463692883&auto=format&q=92&s=a8d47fa7db6ac429800fd6eaf71a6ba2"
  },
  "pledged": 5407.0,
  "profile": {
    "background_color": null,
    "background_image_opacity": 0.8,
    "blurb": null,
    "feature_image_attributes": {
      "image_urls": {
        "baseball_card": "https://ksr-ugc.imgix.net/assets/011/776/012/12c282b498edf8906c1cd5dcdaf4a4eb_original.png?w=1552&h=873&fit=fill&bg=000000&v=1463692883&auto=format&q=92&s=97844cf9a4bb0346572fe69e663821e1",
        "default": "https://ksr-ugc.imgix.net/assets/011/776/012/12c282b498edf8906c1cd5dcdaf4a4eb_original.png?w=1552&h=873&fit=fill&bg=000000&v=1463692883&auto=format&q=92&s=97844cf9a4bb0346572fe69e663821e1"
      }
    },
    "id": 1167265,
    "link_background_color": null,
    "link_text": null,
    "link_text_color": null,
    "link_url": null,
    "name": null,
    "project_id": 1167265,
    "should_show_feature_image_section": true,
    "show_feature_image": false,
    "state": "inactive",
    "state_changed_at": 1425915865,
    "text_color": null
  },
  "slug": "radiostrobe-the-worlds-first-off-camera-speedlight",
  "spotlight": false,
  "staff_pick": false,
  "state": "canceled",
  "state_changed_at": 1432595113,
  "static_usd_rate": 1.0,
  "urls": {
    "web": {
      "project": "https://www.kickstarter.com/projects/radiostrobe/radiostrobe-the-worlds-first-off-camera-speedlight?ref=category_newest",
      "rewards": "https://www.kickstarter.com/projects/radiostrobe/radiostrobe-the-worlds-first-off-camera-speedlight/rewards"
    }
  },
  "usd_pledged": "5407.0"
}