{
  "backers_count": 1,
  "blurb": "I'm busy to create a app that is usefull arround any area to manage the use of the mobile phones & tablets for specific period",
  "category": {
    "color": 6526716,
    "id": 332,
    "name": "Apps",
    "parent_id": 16,
    "position": 2,
    "slug": "technology/apps",
    "urls": {
      "web": {
        "discover": "http://www.kickstarter.com/discover/categories/technology/apps"
      }
    }
  },
  "country": "NL",
  "created_at": 1462048425,
  "creator": {
    "avatar": {
      "medium": "https://ksr-ugc.imgix.net/assets/011/058/297/0ca00019c74e78c060476a6e87c4f650_original.jpg?w=160&h=160&fit=crop&v=1462050879&auto=format&q=92&s=1c0ccc924847b38c0a65442a8d1499d4",
      "small": "https://ksr-ugc.imgix.net/assets/011/058/297/0ca00019c74e78c060476a6e87c4f650_original.jpg?w=160&h=160&fit=crop&v=1462050879&auto=format&q=92&s=1c0ccc924847b38c0a65442a8d1499d4",
      "thumb": "https://ksr-ugc.imgix.net/assets/011/058/297/0ca00019c74e78c060476a6e87c4f650_original.jpg?w=40&h=40&fit=crop&v=1462050879&auto=format&q=92&s=4812f9d847b5cab54f9724deff327599"
    },
    "id": 285794982,
    "name": "Robbert van Egmond",
    "urls": {
      "api": {
        "user": "https://api.kickstarter.com/v1/users/285794982?signature=1488679233.6589934c09e0f9778d7583c233dc585be377995f"
      },
      "web": {
        "user": "https://www.kickstarter.com/profile/285794982"
      }
    }
  },
  "currency": "EUR",
  "currency_symbol": "\u20ac",
  "currency_trailing_code": false,
  "deadline": 1473002429,
  "disable_communication": false,
  "goal": 60000.0,
  "id": 1032171419,
  "launched_at": 1470410429,
  "location": {
    "country": "NL",
    "displayable_name": "Rotterdam, Netherlands",
    "id": 733075,
    "is_root": false,
    "name": "Rotterdam",
    "short_name": "Rotterdam, Netherlands",
    "slug": "rotterdam-nl",
    "state": "South Holland",
    "type": "Town",
    "urls": {
      "api": {
        "nearby_projects": "https://api.kickstarter.com/v1/discover?signature=1488668444.005a033ddf95e0e3c3590160f75b0c71e3bad4db&woe_id=733075"
      },
      "web": {
        "discover": "https://www.kickstarter.com/discover/places/rotterdam-nl",
        "location": "https://www.kickstarter.com/locations/rotterdam-nl"
      }
    }
  },
  "name": "MobFreeApp, your home mobile free again",
  "photo": {
    "1024x576": "https://ksr-ugc.imgix.net/assets/012/441/917/ffc8a84bb5cdaf75c31b0cb783f623a9_original.jpg?w=1024&h=576&fit=fill&bg=FFFFFF&v=1463761383&auto=format&q=92&s=308c9c53dc24ee2954b04c97daf22391",
    "1536x864": "https://ksr-ugc.imgix.net/assets/012/441/917/ffc8a84bb5cdaf75c31b0cb783f623a9_original.jpg?w=1536&h=864&fit=fill&bg=FFFFFF&v=1463761383&auto=format&q=92&s=cf764131605cd24b9512432aff9f0974",
    "ed": "https://ksr-ugc.imgix.net/assets/012/441/917/ffc8a84bb5cdaf75c31b0cb783f623a9_original.jpg?w=338&h=190&fit=fill&bg=FFFFFF&v=1463761383&auto=format&q=92&s=fff8d4dce4c09338631e1b3adbbab67e",
    "full": "https://ksr-ugc.imgix.net/assets/012/441/917/ffc8a84bb5cdaf75c31b0cb783f623a9_original.jpg?w=560&h=315&fit=fill&bg=FFFFFF&v=1463761383&auto=format&q=92&s=576437b0c639f24a550f1bb3ac7dd513",
    "key": "assets/012/441/917/ffc8a84bb5cdaf75c31b0cb783f623a9_original.jpg",
    "little": "https://ksr-ugc.imgix.net/assets/012/441/917/ffc8a84bb5cdaf75c31b0cb783f623a9_original.jpg?w=200&h=112&fit=fill&bg=FFFFFF&v=1463761383&auto=format&q=92&s=da57cd85b468e095050f75d6fb4f368e",
    "med": "https://ksr-ugc.imgix.net/assets/012/441/917/ffc8a84bb5cdaf75c31b0cb783f623a9_original.jpg?w=266&h=150&fit=fill&bg=FFFFFF&v=1463761383&auto=format&q=92&s=20df3f1f97a6edd5c216e2a140e33295",
    "small": "https://ksr-ugc.imgix.net/assets/012/441/917/ffc8a84bb5cdaf75c31b0cb783f623a9_original.jpg?w=160&h=90&fit=fill&bg=FFFFFF&v=1463761383&auto=format&q=92&s=9205638152402ea36cb9aafdf3da4302",
    "thumb": "https://ksr-ugc.imgix.net/assets/012/441/917/ffc8a84bb5cdaf75c31b0cb783f623a9_original.jpg?w=40&h=22&fit=fill&bg=FFFFFF&v=1463761383&auto=format&q=92&s=ae3e447797d5e5fbff20d9b6eba7ae88"
  },
  "pledged": 50.0,
  "profile": {
    "background_color": null,
    "background_image_opacity": 0.8,
    "blurb": null,
    "feature_image_attributes": {
      "image_urls": {
        "baseball_card": "https://ksr-ugc.imgix.net/assets/012/441/917/ffc8a84bb5cdaf75c31b0cb783f623a9_original.jpg?w=1552&h=873&fit=fill&bg=FFFFFF&v=1463761383&auto=format&q=92&s=67c2011a9d25bf6366cace229fe13257",
        "default": "https://ksr-ugc.imgix.net/assets/012/441/917/ffc8a84bb5cdaf75c31b0cb783f623a9_original.jpg?w=1552&h=873&fit=fill&bg=FFFFFF&v=1463761383&auto=format&q=92&s=67c2011a9d25bf6366cace229fe13257"
      }
    },
    "id": 2494886,
    "link_background_color": null,
    "link_text": null,
    "link_text_color": null,
    "link_url": null,
    "name": null,
    "project_id": 2494886,
    "should_show_feature_image_section": true,
    "show_feature_image": false,
    "state": "inactive",
    "state_changed_at": 1462048425,
    "text_color": null
  },
  "slug": "mobfreeapp-your-home-mobile-free-again",
  "spotlight": false,
  "staff_pick": false,
  "state": "failed",
  "state_changed_at": 1473002430,
  "static_usd_rate": 1.1148272,
  "urls": {
    "web": {
      "project": "https://www.kickstarter.com/projects/285794982/mobfreeapp-your-home-mobile-free-again?ref=category_newest",
      "rewards": "https://www.kickstarter.com/projects/285794982/mobfreeapp-your-home-mobile-free-again/rewards"
    }
  },
  "usd_pledged": "55.74136"
}