{
  "backers_count": 46,
  "blurb": "The LPLC TOO is a tiny, low power microcontroller board designed to act as the glue logic on your next Internet of Things project",
  "category": {
    "color": 6526716,
    "id": 52,
    "name": "Hardware",
    "parent_id": 16,
    "position": 8,
    "slug": "technology/hardware",
    "urls": {
      "web": {
        "discover": "http://www.kickstarter.com/discover/categories/technology/hardware"
      }
    }
  },
  "country": "GB",
  "created_at": 1410790468,
  "creator": {
    "avatar": {
      "medium": "https://ksr-ugc.imgix.net/assets/008/317/370/686dd437b60db89ab9aea955844c84c2_original.JPG?w=160&h=160&fit=crop&v=1461516840&auto=format&q=92&s=6a712f4df65a7a4a714c75fb9072f9b0",
      "small": "https://ksr-ugc.imgix.net/assets/008/317/370/686dd437b60db89ab9aea955844c84c2_original.JPG?w=160&h=160&fit=crop&v=1461516840&auto=format&q=92&s=6a712f4df65a7a4a714c75fb9072f9b0",
      "thumb": "https://ksr-ugc.imgix.net/assets/008/317/370/686dd437b60db89ab9aea955844c84c2_original.JPG?w=40&h=40&fit=crop&v=1461516840&auto=format&q=92&s=68550ec7323ac99ada5d897a299d94a2"
    },
    "id": 301993907,
    "name": "Mike Hibbett",
    "urls": {
      "api": {
        "user": "https://api.kickstarter.com/v1/users/301993907?signature=1488679781.4f742f4f1cc49dc536f9d5ce9a3e6b0171946a86"
      },
      "web": {
        "user": "https://www.kickstarter.com/profile/301993907"
      }
    }
  },
  "currency": "GBP",
  "currency_symbol": "\u00a3",
  "currency_trailing_code": false,
  "deadline": 1413221596,
  "disable_communication": false,
  "goal": 2000.0,
  "id": 1032121365,
  "launched_at": 1411493596,
  "location": {
    "country": "GB",
    "displayable_name": "Horsham, UK",
    "id": 23945,
    "is_root": false,
    "name": "Horsham",
    "short_name": "Horsham, UK",
    "slug": "horsham-horsham-district-gb",
    "state": "England",
    "type": "Town",
    "urls": {
      "api": {
        "nearby_projects": "https://api.kickstarter.com/v1/discover?signature=1488668432.0d2c7ca4a301556a4460460c0a2fef12ba4d4b9b&woe_id=23945"
      },
      "web": {
        "discover": "https://www.kickstarter.com/discover/places/horsham-horsham-district-gb",
        "location": "https://www.kickstarter.com/locations/horsham-horsham-district-gb"
      }
    }
  },
  "name": "LPLC TOO - Internet Of Things Microprocessor",
  "photo": {
    "1024x576": "https://ksr-ugc.imgix.net/assets/011/869/258/1e91ea76b13845fe605fd09cf02debda_original.png?w=1024&h=576&fit=fill&bg=000000&v=1463707523&auto=format&q=92&s=c3ef4ec3bcc58277a2be167b0e6ca67d",
    "1536x864": "https://ksr-ugc.imgix.net/assets/011/869/258/1e91ea76b13845fe605fd09cf02debda_original.png?w=1536&h=864&fit=fill&bg=000000&v=1463707523&auto=format&q=92&s=40fc3c9931d0cbc0a13a7d72d65cfc75",
    "ed": "https://ksr-ugc.imgix.net/assets/011/869/258/1e91ea76b13845fe605fd09cf02debda_original.png?w=338&h=190&fit=fill&bg=000000&v=1463707523&auto=format&q=92&s=9277ae39684aef352e044df5f4163a63",
    "full": "https://ksr-ugc.imgix.net/assets/011/869/258/1e91ea76b13845fe605fd09cf02debda_original.png?w=560&h=315&fit=fill&bg=000000&v=1463707523&auto=format&q=92&s=3ab3ab23dd10cb117b5ff2187894a1cb",
    "key": "assets/011/869/258/1e91ea76b13845fe605fd09cf02debda_original.png",
    "little": "https://ksr-ugc.imgix.net/assets/011/869/258/1e91ea76b13845fe605fd09cf02debda_original.png?w=200&h=112&fit=fill&bg=000000&v=1463707523&auto=format&q=92&s=c616620af51a9a86d3c2cdf471ceda60",
    "med": "https://ksr-ugc.imgix.net/assets/011/869/258/1e91ea76b13845fe605fd09cf02debda_original.png?w=266&h=150&fit=fill&bg=000000&v=1463707523&auto=format&q=92&s=9f177b184cf45ba6e77e0a2fce057015",
    "small": "https://ksr-ugc.imgix.net/assets/011/869/258/1e91ea76b13845fe605fd09cf02debda_original.png?w=160&h=90&fit=fill&bg=000000&v=1463707523&auto=format&q=92&s=4e5254a26f5002d0ff297d422d26ee22",
    "thumb": "https://ksr-ugc.imgix.net/assets/011/869/258/1e91ea76b13845fe605fd09cf02debda_original.png?w=40&h=22&fit=fill&bg=000000&v=1463707523&auto=format&q=92&s=86994999f29b6803fbb5f6c414bf174f"
  },
  "pledged": 2051.0,
  "profile": {
    "background_color": null,
    "background_image_opacity": 0.8,
    "blurb": null,
    "feature_image_attributes": {
      "image_urls": {
        "baseball_card": "https://ksr-ugc.imgix.net/assets/011/869/258/1e91ea76b13845fe605fd09cf02debda_original.png?w=1552&h=873&fit=fill&bg=000000&v=1463707523&auto=format&q=92&s=38946cde6314fb42bfe387e8e3389206",
        "default": "https://ksr-ugc.imgix.net/assets/011/869/258/1e91ea76b13845fe605fd09cf02debda_original.png?w=1552&h=873&fit=fill&bg=000000&v=1463707523&auto=format&q=92&s=38946cde6314fb42bfe387e8e3389206"
      }
    },
    "id": 1359143,
    "link_background_color": null,
    "link_text": null,
    "link_text_color": null,
    "link_url": null,
    "name": null,
    "project_id": 1359143,
    "should_show_feature_image_section": true,
    "show_feature_image": false,
    "state": "inactive",
    "state_changed_at": 1425915875,
    "text_color": null
  },
  "slug": "lplc-too-internet-of-things-microprocessor",
  "spotlight": true,
  "staff_pick": false,
  "state": "successful",
  "state_changed_at": 1413221596,
  "static_usd_rate": 1.63494599,
  "urls": {
    "web": {
      "project": "https://www.kickstarter.com/projects/301993907/lplc-too-internet-of-things-microprocessor?ref=category_newest",
      "rewards": "https://www.kickstarter.com/projects/301993907/lplc-too-internet-of-things-microprocessor/rewards"
    }
  },
  "usd_pledged": "3353.27422549"
}