{
  "backers_count": 40,
  "blurb": "A neural profile and practice regimen that tells you how quickly and accurately your brain and nervous system make decisions.",
  "category": {
    "color": 6526716,
    "id": 341,
    "name": "Wearables",
    "parent_id": 16,
    "position": 14,
    "slug": "technology/wearables",
    "urls": {
      "web": {
        "discover": "http://www.kickstarter.com/discover/categories/technology/wearables"
      }
    }
  },
  "country": "US",
  "created_at": 1412173137,
  "creator": {
    "avatar": {
      "medium": "https://ksr-ugc.imgix.net/assets/009/291/944/83051fed51df73b40a79b8e3e7d3b2ee_original.jpg?w=160&h=160&fit=crop&v=1461575715&auto=format&q=92&s=0bd08f596281ac15c7da4ba0bfb9e8b1",
      "small": "https://ksr-ugc.imgix.net/assets/009/291/944/83051fed51df73b40a79b8e3e7d3b2ee_original.jpg?w=160&h=160&fit=crop&v=1461575715&auto=format&q=92&s=0bd08f596281ac15c7da4ba0bfb9e8b1",
      "thumb": "https://ksr-ugc.imgix.net/assets/009/291/944/83051fed51df73b40a79b8e3e7d3b2ee_original.jpg?w=40&h=40&fit=crop&v=1461575715&auto=format&q=92&s=1bc6a408f70767d55d23a640fd371632"
    },
    "id": 318458512,
    "name": "Jason Sherwin and Jordan Muraskin",
    "urls": {
      "api": {
        "user": "https://api.kickstarter.com/v1/users/318458512?signature=1488680584.4428b6aebc2395993ac331491c67056465ae6f11"
      },
      "web": {
        "user": "https://www.kickstarter.com/profile/318458512"
      }
    }
  },
  "currency": "USD",
  "currency_symbol": "$",
  "currency_trailing_code": true,
  "deadline": 1415920860,
  "disable_communication": false,
  "goal": 50000.0,
  "id": 1032452731,
  "launched_at": 1413325260,
  "location": {
    "country": "US",
    "displayable_name": "New York, NY",
    "id": 2459115,
    "is_root": false,
    "name": "New York",
    "short_name": "New York, NY",
    "slug": "new-york-ny",
    "state": "NY",
    "type": "Town",
    "urls": {
      "api": {
        "nearby_projects": "https://api.kickstarter.com/v1/discover?signature=1488668416.4a5cf0584ddb5da1f95165e7ee4794c1fb4d8cd4&woe_id=2459115"
      },
      "web": {
        "discover": "https://www.kickstarter.com/discover/places/new-york-ny",
        "location": "https://www.kickstarter.com/locations/new-york-ny"
      }
    }
  },
  "name": "[NAME REMOVED DUE TRADEMARK DISPUTE ] CONTEXT PROFILE:",
  "photo": {
    "1024x576": "https://ksr-ugc.imgix.net/assets/011/890/629/83051fed51df73b40a79b8e3e7d3b2ee_original.jpg?w=1024&h=576&fit=fill&bg=000000&v=1463711271&auto=format&q=92&s=925a4016a8e54edcf7e0776e5eae28cb",
    "1536x864": "https://ksr-ugc.imgix.net/assets/011/890/629/83051fed51df73b40a79b8e3e7d3b2ee_original.jpg?w=1536&h=864&fit=fill&bg=000000&v=1463711271&auto=format&q=92&s=75c5e7ad1f5dfaaaeb42bf4cd7222ca6",
    "ed": "https://ksr-ugc.imgix.net/assets/011/890/629/83051fed51df73b40a79b8e3e7d3b2ee_original.jpg?w=338&h=190&fit=fill&bg=000000&v=1463711271&auto=format&q=92&s=76fa6903d3798429ece727ab28dce84c",
    "full": "https://ksr-ugc.imgix.net/assets/011/890/629/83051fed51df73b40a79b8e3e7d3b2ee_original.jpg?w=560&h=315&fit=fill&bg=000000&v=1463711271&auto=format&q=92&s=8727bff3ddd74cc677226d9973ffd408",
    "key": "assets/011/890/629/83051fed51df73b40a79b8e3e7d3b2ee_original.jpg",
    "little": "https://ksr-ugc.imgix.net/assets/011/890/629/83051fed51df73b40a79b8e3e7d3b2ee_original.jpg?w=200&h=112&fit=fill&bg=000000&v=1463711271&auto=format&q=92&s=4e54bb028919febaca0f5c902ddadfc0",
    "med": "https://ksr-ugc.imgix.net/assets/011/890/629/83051fed51df73b40a79b8e3e7d3b2ee_original.jpg?w=266&h=150&fit=fill&bg=000000&v=1463711271&auto=format&q=92&s=516700e7d63e0213be34067d5db63ffd",
    "small": "https://ksr-ugc.imgix.net/assets/011/890/629/83051fed51df73b40a79b8e3e7d3b2ee_original.jpg?w=160&h=90&fit=fill&bg=000000&v=1463711271&auto=format&q=92&s=b05f630e38f245f69b9adfcfe7d9db39",
    "thumb": "https://ksr-ugc.imgix.net/assets/011/890/629/83051fed51df73b40a79b8e3e7d3b2ee_original.jpg?w=40&h=22&fit=fill&bg=000000&v=1463711271&auto=format&q=92&s=e06524bcf77a5a0feef17a438fa26151"
  },
  "pledged": 8422.0,
  "profile": {
    "background_color": null,
    "background_image_opacity": 0.8,
    "blurb": null,
    "feature_image_attributes": {
      "image_urls": {
        "baseball_card": "https://ksr-ugc.imgix.net/assets/011/890/629/83051fed51df73b40a79b8e3e7d3b2ee_original.jpg?w=1552&h=873&fit=fill&bg=000000&v=1463711271&auto=format&q=92&s=b216f3e15f4128e49667ab97d46ead47",
        "default": "https://ksr-ugc.imgix.net/assets/011/890/629/83051fed51df73b40a79b8e3e7d3b2ee_original.jpg?w=1552&h=873&fit=fill&bg=000000&v=1463711271&auto=format&q=92&s=b216f3e15f4128e49667ab97d46ead47"
      }
    },
    "id": 1403478,
    "link_background_color": null,
    "link_text": null,
    "link_text_color": null,
    "link_url": null,
    "name": null,
    "project_id": 1403478,
    "should_show_feature_image_section": true,
    "show_feature_image": false,
    "state": "inactive",
    "state_changed_at": 1425915877,
    "text_color": null
  },
  "slug": "neuroscout-context-profile-optimize-your-decisions",
  "spotlight": false,
  "staff_pick": true,
  "state": "failed",
  "state_changed_at": 1415920898,
  "static_usd_rate": 1.0,
  "urls": {
    "web": {
      "project": "https://www.kickstarter.com/projects/318458512/neuroscout-context-profile-optimize-your-decisions?ref=category_newest",
      "rewards": "https://www.kickstarter.com/projects/318458512/neuroscout-context-profile-optimize-your-decisions/rewards"
    }
  },
  "usd_pledged": "8422.0"
}