{
  "backers_count": 1,
  "blurb": "Chumz is an online mall where college students can buy,sell their textbooks to each other without getting ripped off by the bookstores!",
  "category": {
    "color": 6526716,
    "id": 51,
    "name": "Software",
    "parent_id": 16,
    "position": 11,
    "slug": "technology/software",
    "urls": {
      "web": {
        "discover": "http://www.kickstarter.com/discover/categories/technology/software"
      }
    }
  },
  "country": "US",
  "created_at": 1475454786,
  "creator": {
    "avatar": {
      "medium": "https://ksr-ugc.imgix.net/assets/014/439/114/e14e5cfeb41766398fd28249c0e1341a_original.jpg?w=160&h=160&fit=crop&v=1487013085&auto=format&q=92&s=f590be202bf01c5f6ccf4f1600aa6c74",
      "small": "https://ksr-ugc.imgix.net/assets/014/439/114/e14e5cfeb41766398fd28249c0e1341a_original.jpg?w=160&h=160&fit=crop&v=1487013085&auto=format&q=92&s=f590be202bf01c5f6ccf4f1600aa6c74",
      "thumb": "https://ksr-ugc.imgix.net/assets/014/439/114/e14e5cfeb41766398fd28249c0e1341a_original.jpg?w=40&h=40&fit=crop&v=1487013085&auto=format&q=92&s=d680de5797465a2930adfff5eba5304d"
    },
    "id": 1939813691,
    "name": "Chumz LLC",
    "slug": "chumz",
    "urls": {
      "api": {
        "user": "https://api.kickstarter.com/v1/users/1939813691?signature=1488680400.a71c67a3d73df67cabb4c3c6f068a50fc71f2068"
      },
      "web": {
        "user": "https://www.kickstarter.com/profile/chumz"
      }
    }
  },
  "currency": "USD",
  "currency_symbol": "$",
  "currency_trailing_code": true,
  "deadline": 1488310556,
  "disable_communication": false,
  "goal": 200000.0,
  "id": 1032488007,
  "launched_at": 1487014556,
  "location": {
    "country": "US",
    "displayable_name": "Huntsville, AL",
    "id": 2426010,
    "is_root": false,
    "name": "Huntsville",
    "short_name": "Huntsville, AL",
    "slug": "huntsville-al",
    "state": "AL",
    "type": "Town",
    "urls": {
      "api": {
        "nearby_projects": "https://api.kickstarter.com/v1/discover?signature=1488668423.9b325a0341ea0f5bf53d804be609ba663cee19e2&woe_id=2426010"
      },
      "web": {
        "discover": "https://www.kickstarter.com/discover/places/huntsville-al",
        "location": "https://www.kickstarter.com/locations/huntsville-al"
      }
    }
  },
  "name": "An Online Mall for college Textbooks",
  "photo": {
    "1024x576": "https://ksr-ugc.imgix.net/assets/013/956/760/f2dbcc85afb436236328446fe6c2394f_original.jpg?w=1024&h=576&fit=fill&bg=000000&v=1486450187&auto=format&q=92&s=91ec8aae7ff69001a106740081276038",
    "1536x864": "https://ksr-ugc.imgix.net/assets/013/956/760/f2dbcc85afb436236328446fe6c2394f_original.jpg?w=1536&h=864&fit=fill&bg=000000&v=1486450187&auto=format&q=92&s=30fc3dc72cbda692644228166301ef19",
    "ed": "https://ksr-ugc.imgix.net/assets/013/956/760/f2dbcc85afb436236328446fe6c2394f_original.jpg?w=338&h=190&fit=fill&bg=000000&v=1486450187&auto=format&q=92&s=bcbcf3b00d643eaba0b7a52436e7f99a",
    "full": "https://ksr-ugc.imgix.net/assets/013/956/760/f2dbcc85afb436236328446fe6c2394f_original.jpg?w=560&h=315&fit=fill&bg=000000&v=1486450187&auto=format&q=92&s=61b914c7fbd804137d23b7c71d8024a7",
    "key": "assets/013/956/760/f2dbcc85afb436236328446fe6c2394f_original.jpg",
    "little": "https://ksr-ugc.imgix.net/assets/013/956/760/f2dbcc85afb436236328446fe6c2394f_original.jpg?w=200&h=112&fit=fill&bg=000000&v=1486450187&auto=format&q=92&s=13c9f848d2e2a3af2d3319200f3181b4",
    "med": "https://ksr-ugc.imgix.net/assets/013/956/760/f2dbcc85afb436236328446fe6c2394f_original.jpg?w=266&h=150&fit=fill&bg=000000&v=1486450187&auto=format&q=92&s=c613bb79730cca28a0dada3deda56a06",
    "small": "https://ksr-ugc.imgix.net/assets/013/956/760/f2dbcc85afb436236328446fe6c2394f_original.jpg?w=160&h=90&fit=fill&bg=000000&v=1486450187&auto=format&q=92&s=c3f77516699806df640a37ff13ebb2d9",
    "thumb": "https://ksr-ugc.imgix.net/assets/013/956/760/f2dbcc85afb436236328446fe6c2394f_original.jpg?w=40&h=22&fit=fill&bg=000000&v=1486450187&auto=format&q=92&s=9c86901b20ffbc947090356e38a73271"
  },
  "pledged": 28.0,
  "profile": {
    "background_color": null,
    "background_image_opacity": 0.8,
    "blurb": null,
    "feature_image_attributes": {
      "image_urls": {
        "baseball_card": "https://ksr-ugc.imgix.net/assets/013/956/760/f2dbcc85afb436236328446fe6c2394f_original.jpg?w=1552&h=873&fit=fill&bg=000000&v=1486450187&auto=format&q=92&s=baabe6e1f4ed310bb7ce8afa77e3e291",
        "default": "https://ksr-ugc.imgix.net/assets/013/956/760/f2dbcc85afb436236328446fe6c2394f_original.jpg?w=1552&h=873&fit=fill&bg=000000&v=1486450187&auto=format&q=92&s=baabe6e1f4ed310bb7ce8afa77e3e291"
      }
    },
    "id": 2703660,
    "link_background_color": null,
    "link_text": null,
    "link_text_color": null,
    "link_url": null,
    "name": null,
    "project_id": 2703660,
    "should_show_feature_image_section": true,
    "show_feature_image": false,
    "state": "inactive",
    "state_changed_at": 1475454786,
    "text_color": null
  },
  "slug": "an-online-mall-for-college-textbooks",
  "spotlight": false,
  "staff_pick": false,
  "state": "failed",
  "state_changed_at": 1488310557,
  "static_usd_rate": 1.0,
  "urls": {
    "web": {
      "project": "https://www.kickstarter.com/projects/chumz/an-online-mall-for-college-textbooks?ref=category_newest",
      "rewards": "https://www.kickstarter.com/projects/chumz/an-online-mall-for-college-textbooks/rewards"
    }
  },
  "usd_pledged": "28.0"
}