{
  "backers_count": 4,
  "blurb": "A Millions reasons to develop a feature rich app for Xbox music subscribers...a million users need a better app.",
  "category": {
    "color": 6526716,
    "id": 332,
    "name": "Apps",
    "parent_id": 16,
    "position": 2,
    "slug": "technology/apps",
    "urls": {
      "web": {
        "discover": "http://www.kickstarter.com/discover/categories/technology/apps"
      }
    }
  },
  "country": "GB",
  "created_at": 1407788358,
  "creator": {
    "avatar": {
      "medium": "https://ksr-ugc.imgix.net/assets/009/177/585/fc61105cbb3cd530f445cdbccbac4f08_original.jpg?w=160&h=160&fit=crop&v=1461562714&auto=format&q=92&s=d9e99f5363a24299a53227877cf4dfc8",
      "small": "https://ksr-ugc.imgix.net/assets/009/177/585/fc61105cbb3cd530f445cdbccbac4f08_original.jpg?w=160&h=160&fit=crop&v=1461562714&auto=format&q=92&s=d9e99f5363a24299a53227877cf4dfc8",
      "thumb": "https://ksr-ugc.imgix.net/assets/009/177/585/fc61105cbb3cd530f445cdbccbac4f08_original.jpg?w=40&h=40&fit=crop&v=1461562714&auto=format&q=92&s=865e2c6c426c1097bb55cdc0675ae854"
    },
    "id": 893478759,
    "name": "Sid Chaudhary",
    "urls": {
      "api": {
        "user": "https://api.kickstarter.com/v1/users/893478759?signature=1488678882.13e5a3cd7e84ceebc77e0acfb9757129ecdb1d60"
      },
      "web": {
        "user": "https://www.kickstarter.com/profile/893478759"
      }
    }
  },
  "currency": "GBP",
  "currency_symbol": "\u00a3",
  "currency_trailing_code": false,
  "deadline": 1413061178,
  "disable_communication": false,
  "goal": 20000.0,
  "id": 1032081837,
  "launched_at": 1407877178,
  "location": {
    "country": "GB",
    "displayable_name": "Windsor, UK",
    "id": 45238,
    "is_root": false,
    "name": "Windsor",
    "short_name": "Windsor, UK",
    "slug": "windsor-belfast-gb",
    "state": "Northern Ireland",
    "type": "Suburb",
    "urls": {
      "api": {
        "nearby_projects": "https://api.kickstarter.com/v1/discover?signature=1488668625.6826958b58d225a8d2d1b68e1dbabf9386ff01fe&woe_id=45238"
      },
      "web": {
        "discover": "https://www.kickstarter.com/discover/places/windsor-belfast-gb",
        "location": "https://www.kickstarter.com/locations/windsor-belfast-gb"
      }
    }
  },
  "name": "Arriving As A Sweet App for your Phone soon...",
  "photo": {
    "1024x576": "https://ksr-ugc.imgix.net/assets/011/832/306/0de7f7ccc3b1fd1a43491e10c3b3a577_original.jpg?w=1024&h=576&fit=fill&bg=000000&v=1463701250&auto=format&q=92&s=b42a28bf0cb1bd89f7a3c8d68103ba84",
    "1536x864": "https://ksr-ugc.imgix.net/assets/011/832/306/0de7f7ccc3b1fd1a43491e10c3b3a577_original.jpg?w=1536&h=864&fit=fill&bg=000000&v=1463701250&auto=format&q=92&s=d3d6aec6222766dd2db727f37ce9442d",
    "ed": "https://ksr-ugc.imgix.net/assets/011/832/306/0de7f7ccc3b1fd1a43491e10c3b3a577_original.jpg?w=338&h=190&fit=fill&bg=000000&v=1463701250&auto=format&q=92&s=d9a2318e2320b1a909e1e61e17bda8d9",
    "full": "https://ksr-ugc.imgix.net/assets/011/832/306/0de7f7ccc3b1fd1a43491e10c3b3a577_original.jpg?w=560&h=315&fit=fill&bg=000000&v=1463701250&auto=format&q=92&s=d26990505b08bc6fe668d3879a98313b",
    "key": "assets/011/832/306/0de7f7ccc3b1fd1a43491e10c3b3a577_original.jpg",
    "little": "https://ksr-ugc.imgix.net/assets/011/832/306/0de7f7ccc3b1fd1a43491e10c3b3a577_original.jpg?w=200&h=112&fit=fill&bg=000000&v=1463701250&auto=format&q=92&s=342ca7a414b16b194f939ee3791290b3",
    "med": "https://ksr-ugc.imgix.net/assets/011/832/306/0de7f7ccc3b1fd1a43491e10c3b3a577_original.jpg?w=266&h=150&fit=fill&bg=000000&v=1463701250&auto=format&q=92&s=7a453e04a29e56a9c586078e3b72af5c",
    "small": "https://ksr-ugc.imgix.net/assets/011/832/306/0de7f7ccc3b1fd1a43491e10c3b3a577_original.jpg?w=160&h=90&fit=fill&bg=000000&v=1463701250&auto=format&q=92&s=4ecdc56c1b9dd2fcf4de694a3bc71111",
    "thumb": "https://ksr-ugc.imgix.net/assets/011/832/306/0de7f7ccc3b1fd1a43491e10c3b3a577_original.jpg?w=40&h=22&fit=fill&bg=000000&v=1463701250&auto=format&q=92&s=d42464d32ff6cad3edbd4190556c2e9b"
  },
  "pledged": 71.0,
  "profile": {
    "background_color": null,
    "background_image_opacity": 0.8,
    "blurb": null,
    "feature_image_attributes": {
      "image_urls": {
        "baseball_card": "https://ksr-ugc.imgix.net/assets/011/832/306/0de7f7ccc3b1fd1a43491e10c3b3a577_original.jpg?w=1552&h=873&fit=fill&bg=000000&v=1463701250&auto=format&q=92&s=e2034d0ca5b13a557fb8d60a3192183c",
        "default": "https://ksr-ugc.imgix.net/assets/011/832/306/0de7f7ccc3b1fd1a43491e10c3b3a577_original.jpg?w=1552&h=873&fit=fill&bg=000000&v=1463701250&auto=format&q=92&s=e2034d0ca5b13a557fb8d60a3192183c"
      }
    },
    "id": 1281605,
    "link_background_color": null,
    "link_text": null,
    "link_text_color": null,
    "link_url": null,
    "name": null,
    "project_id": 1281605,
    "should_show_feature_image_section": true,
    "show_feature_image": false,
    "state": "inactive",
    "state_changed_at": 1425915871,
    "text_color": null
  },
  "slug": "arriving-as-a-sweeter-app-soon",
  "spotlight": false,
  "staff_pick": false,
  "state": "failed",
  "state_changed_at": 1413061211,
  "static_usd_rate": 1.67788332,
  "urls": {
    "web": {
      "project": "https://www.kickstarter.com/projects/893478759/arriving-as-a-sweeter-app-soon?ref=category_newest",
      "rewards": "https://www.kickstarter.com/projects/893478759/arriving-as-a-sweeter-app-soon/rewards"
    }
  },
  "usd_pledged": "119.12971572"
}