{
  "backers_count": 0,
  "blurb": "Multi purpose Life app! Never Lose your phone ever! Your phone drops app alerts phone moves app alerts  you in danger app alerts",
  "category": {
    "color": 6526716,
    "id": 332,
    "name": "Apps",
    "parent_id": 16,
    "position": 2,
    "slug": "technology/apps",
    "urls": {
      "web": {
        "discover": "http://www.kickstarter.com/discover/categories/technology/apps"
      }
    }
  },
  "country": "US",
  "created_at": 1442243172,
  "creator": {
    "avatar": {
      "medium": "https://ksr-ugc.imgix.net/assets/010/160/623/9bd012f92122c65303460f4fe308f17b_original.jpg?w=160&h=160&fit=crop&v=1461671026&auto=format&q=92&s=a8e8e6e0da7aaebdfdc100eb0a2bda96",
      "small": "https://ksr-ugc.imgix.net/assets/010/160/623/9bd012f92122c65303460f4fe308f17b_original.jpg?w=160&h=160&fit=crop&v=1461671026&auto=format&q=92&s=a8e8e6e0da7aaebdfdc100eb0a2bda96",
      "thumb": "https://ksr-ugc.imgix.net/assets/010/160/623/9bd012f92122c65303460f4fe308f17b_original.jpg?w=40&h=40&fit=crop&v=1461671026&auto=format&q=92&s=daa6aca3985dae2df1b83403782025eb"
    },
    "id": 215367291,
    "name": "Nazario Navarro",
    "slug": "nazarionavarro",
    "urls": {
      "api": {
        "user": "https://api.kickstarter.com/v1/users/215367291?signature=1488679093.ce970aea5d32de262f10337c6a96a34ee924d1d4"
      },
      "web": {
        "user": "https://www.kickstarter.com/profile/nazarionavarro"
      }
    }
  },
  "currency": "USD",
  "currency_symbol": "$",
  "currency_trailing_code": true,
  "deadline": 1444836060,
  "disable_communication": false,
  "goal": 30000.0,
  "id": 1033358066,
  "launched_at": 1442352851,
  "location": {
    "country": "US",
    "displayable_name": "Atlanta, GA",
    "id": 2357024,
    "is_root": false,
    "name": "Atlanta",
    "short_name": "Atlanta, GA",
    "slug": "atlanta-ga",
    "state": "GA",
    "type": "Town",
    "urls": {
      "api": {
        "nearby_projects": "https://api.kickstarter.com/v1/discover?signature=1488668420.53e4bdf1b822a5b2bc9c32acd4cad46d39f0d097&woe_id=2357024"
      },
      "web": {
        "discover": "https://www.kickstarter.com/discover/places/atlanta-ga",
        "location": "https://www.kickstarter.com/locations/atlanta-ga"
      }
    }
  },
  "name": "Drop Scream",
  "photo": {
    "1024x576": "https://ksr-ugc.imgix.net/assets/012/252/555/23863fd387ad924c1fe995bfd798ba65_original.jpg?w=1024&h=576&fit=fill&bg=000000&v=1463746701&auto=format&q=92&s=32171551c3847a5400274c5cc0cc0ae8",
    "1536x864": "https://ksr-ugc.imgix.net/assets/012/252/555/23863fd387ad924c1fe995bfd798ba65_original.jpg?w=1536&h=864&fit=fill&bg=000000&v=1463746701&auto=format&q=92&s=ba86aeb9a6e362a6afe6cb97b89e992c",
    "ed": "https://ksr-ugc.imgix.net/assets/012/252/555/23863fd387ad924c1fe995bfd798ba65_original.jpg?w=338&h=190&fit=fill&bg=000000&v=1463746701&auto=format&q=92&s=f369412203f530cf16088c39660faaca",
    "full": "https://ksr-ugc.imgix.net/assets/012/252/555/23863fd387ad924c1fe995bfd798ba65_original.jpg?w=560&h=315&fit=fill&bg=000000&v=1463746701&auto=format&q=92&s=5636be42525c6654a830ca37876450e7",
    "key": "assets/012/252/555/23863fd387ad924c1fe995bfd798ba65_original.jpg",
    "little": "https://ksr-ugc.imgix.net/assets/012/252/555/23863fd387ad924c1fe995bfd798ba65_original.jpg?w=200&h=112&fit=fill&bg=000000&v=1463746701&auto=format&q=92&s=7455bbb9ebb48738315a9435eec7c7b0",
    "med": "https://ksr-ugc.imgix.net/assets/012/252/555/23863fd387ad924c1fe995bfd798ba65_original.jpg?w=266&h=150&fit=fill&bg=000000&v=1463746701&auto=format&q=92&s=12f5f2035ae8f4f5f2fb1758323754df",
    "small": "https://ksr-ugc.imgix.net/assets/012/252/555/23863fd387ad924c1fe995bfd798ba65_original.jpg?w=160&h=90&fit=fill&bg=000000&v=1463746701&auto=format&q=92&s=f3fe911c3e5d3a9544438055838c7a45",
    "thumb": "https://ksr-ugc.imgix.net/assets/012/252/555/23863fd387ad924c1fe995bfd798ba65_original.jpg?w=40&h=22&fit=fill&bg=000000&v=1463746701&auto=format&q=92&s=5d09f25c3fafc0d5d3bf6dc613977c9b"
  },
  "pledged": 0.0,
  "profile": {
    "background_color": null,
    "background_image_opacity": 0.8,
    "blurb": null,
    "feature_image_attributes": {
      "image_urls": {
        "baseball_card": "https://ksr-ugc.imgix.net/assets/012/252/555/23863fd387ad924c1fe995bfd798ba65_original.jpg?w=1552&h=873&fit=fill&bg=000000&v=1463746701&auto=format&q=92&s=0b2a87fa72fc585303ce3aad65d2d44d",
        "default": "https://ksr-ugc.imgix.net/assets/012/252/555/23863fd387ad924c1fe995bfd798ba65_original.jpg?w=1552&h=873&fit=fill&bg=000000&v=1463746701&auto=format&q=92&s=0b2a87fa72fc585303ce3aad65d2d44d"
      }
    },
    "id": 2121433,
    "link_background_color": null,
    "link_text": null,
    "link_text_color": null,
    "link_url": null,
    "name": null,
    "project_id": 2121433,
    "should_show_feature_image_section": true,
    "show_feature_image": false,
    "state": "inactive",
    "state_changed_at": 1442243172,
    "text_color": null
  },
  "slug": "drop-scream",
  "spotlight": false,
  "staff_pick": false,
  "state": "failed",
  "state_changed_at": 1444836060,
  "static_usd_rate": 1.0,
  "urls": {
    "web": {
      "project": "https://www.kickstarter.com/projects/nazarionavarro/drop-scream?ref=category_newest",
      "rewards": "https://www.kickstarter.com/projects/nazarionavarro/drop-scream/rewards"
    }
  },
  "usd_pledged": "0.0"
}