{
  "backers_count": 141,
  "blurb": "An amazingly small, sleek and affordably priced amplifier for vinyl lovers, with audiophile sound.",
  "category": {
    "color": 6526716,
    "id": 52,
    "name": "Hardware",
    "parent_id": 16,
    "position": 8,
    "slug": "technology/hardware",
    "urls": {
      "web": {
        "discover": "http://www.kickstarter.com/discover/categories/technology/hardware"
      }
    }
  },
  "country": "CA",
  "created_at": 1389131141,
  "creator": {
    "avatar": {
      "medium": "https://ksr-ugc.imgix.net/assets/008/309/985/7f11bb7392fca50d4b86e12d059e772e_original.jpg?w=160&h=160&fit=crop&v=1461516429&auto=format&q=92&s=6fda1e44d13c6fdf50c18766682855c0",
      "small": "https://ksr-ugc.imgix.net/assets/008/309/985/7f11bb7392fca50d4b86e12d059e772e_original.jpg?w=160&h=160&fit=crop&v=1461516429&auto=format&q=92&s=6fda1e44d13c6fdf50c18766682855c0",
      "thumb": "https://ksr-ugc.imgix.net/assets/008/309/985/7f11bb7392fca50d4b86e12d059e772e_original.jpg?w=40&h=40&fit=crop&v=1461516429&auto=format&q=92&s=dce5031bd22496c207cfe02863136f1b"
    },
    "id": 2090572321,
    "name": "Planet of Sound",
    "urls": {
      "api": {
        "user": "https://api.kickstarter.com/v1/users/2090572321?signature=1488679763.ab492ca98a2599b6174f173996a3dc7cfc833bb7"
      },
      "web": {
        "user": "https://www.kickstarter.com/profile/2090572321"
      }
    }
  },
  "currency": "CAD",
  "currency_symbol": "$",
  "currency_trailing_code": true,
  "deadline": 1394729521,
  "disable_communication": false,
  "goal": 30000.0,
  "id": 1033947460,
  "launched_at": 1392141121,
  "location": {
    "country": "CA",
    "displayable_name": "Toronto, Canada",
    "id": 4118,
    "is_root": false,
    "name": "Toronto",
    "short_name": "Toronto, Canada",
    "slug": "toronto-on-ca",
    "state": "ON",
    "type": "Town",
    "urls": {
      "api": {
        "nearby_projects": "https://api.kickstarter.com/v1/discover?signature=1488668420.6cf3cba43c384a6530561e4c2f027f089e49c3ee&woe_id=4118"
      },
      "web": {
        "discover": "https://www.kickstarter.com/discover/places/toronto-on-ca",
        "location": "https://www.kickstarter.com/locations/toronto-on-ca"
      }
    }
  },
  "name": "Mies i100: The Ultimate Amplifier for Vinyl Lovers",
  "photo": {
    "1024x576": "https://ksr-ugc.imgix.net/assets/011/632/009/7f3e360d07c0d4d81f5dcc28d127d9dd_original.jpg?w=1024&h=576&fit=fill&bg=DEDFE3&v=1463685894&auto=format&q=92&s=f8e9b805536b87d21086ba1cad9f7e87",
    "1536x864": "https://ksr-ugc.imgix.net/assets/011/632/009/7f3e360d07c0d4d81f5dcc28d127d9dd_original.jpg?w=1536&h=864&fit=fill&bg=DEDFE3&v=1463685894&auto=format&q=92&s=31f883d29325a6e1de82ed9179aae5a7",
    "ed": "https://ksr-ugc.imgix.net/assets/011/632/009/7f3e360d07c0d4d81f5dcc28d127d9dd_original.jpg?w=338&h=190&fit=fill&bg=DEDFE3&v=1463685894&auto=format&q=92&s=0b6460fa4b06c57acf1a727e03b8039f",
    "full": "https://ksr-ugc.imgix.net/assets/011/632/009/7f3e360d07c0d4d81f5dcc28d127d9dd_original.jpg?w=560&h=315&fit=fill&bg=DEDFE3&v=1463685894&auto=format&q=92&s=c70186d59800058a51cf21e5d6e81c5f",
    "key": "assets/011/632/009/7f3e360d07c0d4d81f5dcc28d127d9dd_original.jpg",
    "little": "https://ksr-ugc.imgix.net/assets/011/632/009/7f3e360d07c0d4d81f5dcc28d127d9dd_original.jpg?w=200&h=112&fit=fill&bg=DEDFE3&v=1463685894&auto=format&q=92&s=75426b8019d6d468e008493d81f704dd",
    "med": "https://ksr-ugc.imgix.net/assets/011/632/009/7f3e360d07c0d4d81f5dcc28d127d9dd_original.jpg?w=266&h=150&fit=fill&bg=DEDFE3&v=1463685894&auto=format&q=92&s=eb7703a33303d111cd8f1ed241e6e555",
    "small": "https://ksr-ugc.imgix.net/assets/011/632/009/7f3e360d07c0d4d81f5dcc28d127d9dd_original.jpg?w=160&h=90&fit=fill&bg=DEDFE3&v=1463685894&auto=format&q=92&s=dea5914088772e69f86aaf391b3d6d08",
    "thumb": "https://ksr-ugc.imgix.net/assets/011/632/009/7f3e360d07c0d4d81f5dcc28d127d9dd_original.jpg?w=40&h=22&fit=fill&bg=DEDFE3&v=1463685894&auto=format&q=92&s=55bdf7460613d59fa26b3be0b551ebba"
  },
  "pledged": 45041.14,
  "profile": {
    "background_color": null,
    "background_image_opacity": 0.8,
    "blurb": null,
    "feature_image_attributes": {
      "image_urls": {
        "baseball_card": "https://ksr-ugc.imgix.net/assets/011/632/009/7f3e360d07c0d4d81f5dcc28d127d9dd_original.jpg?w=1552&h=873&fit=fill&bg=DEDFE3&v=1463685894&auto=format&q=92&s=01f1b07203f2c1f57b7e931c579e591c",
        "default": "https://ksr-ugc.imgix.net/assets/011/632/009/7f3e360d07c0d4d81f5dcc28d127d9dd_original.jpg?w=1552&h=873&fit=fill&bg=DEDFE3&v=1463685894&auto=format&q=92&s=01f1b07203f2c1f57b7e931c579e591c"
      }
    },
    "id": 839501,
    "link_background_color": null,
    "link_text": null,
    "link_text_color": null,
    "link_url": null,
    "name": null,
    "project_id": 839501,
    "should_show_feature_image_section": true,
    "show_feature_image": false,
    "state": "inactive",
    "state_changed_at": 1425915846,
    "text_color": null
  },
  "slug": "mies-i100-the-ultimate-amplifier-for-vinyl-lovers",
  "spotlight": true,
  "staff_pick": true,
  "state": "successful",
  "state_changed_at": 1394729521,
  "static_usd_rate": 0.90667257,
  "urls": {
    "web": {
      "project": "https://www.kickstarter.com/projects/2090572321/mies-i100-the-ultimate-amplifier-for-vinyl-lovers?ref=category_newest",
      "rewards": "https://www.kickstarter.com/projects/2090572321/mies-i100-the-ultimate-amplifier-for-vinyl-lovers/rewards"
    }
  },
  "usd_pledged": "40837.5661595298"
}