{
  "backers_count": 30,
  "blurb": "Arduino powered self-controlled robot which is able to find objects, grab and relocate them and do many other funny an useful things!",
  "category": {
    "color": 6526716,
    "id": 338,
    "name": "Robots",
    "parent_id": 16,
    "position": 10,
    "slug": "technology/robots",
    "urls": {
      "web": {
        "discover": "http://www.kickstarter.com/discover/categories/technology/robots"
      }
    }
  },
  "country": "DE",
  "created_at": 1431427830,
  "creator": {
    "avatar": {
      "medium": "https://ksr-ugc.imgix.net/assets/009/260/171/e6cca552c79d9a1403ece02c9185393f_original.JPG?w=160&h=160&fit=crop&v=1461569193&auto=format&q=92&s=83bc4292a8de3825f07a4c0c281c460a",
      "small": "https://ksr-ugc.imgix.net/assets/009/260/171/e6cca552c79d9a1403ece02c9185393f_original.JPG?w=160&h=160&fit=crop&v=1461569193&auto=format&q=92&s=83bc4292a8de3825f07a4c0c281c460a",
      "thumb": "https://ksr-ugc.imgix.net/assets/009/260/171/e6cca552c79d9a1403ece02c9185393f_original.JPG?w=40&h=40&fit=crop&v=1461569193&auto=format&q=92&s=16184ee6ad61698e22f176962509c732"
    },
    "id": 1617684053,
    "name": "Konstantin Stolpovsky",
    "urls": {
      "api": {
        "user": "https://api.kickstarter.com/v1/users/1617684053?signature=1488680129.417c3fc31edb3732f276e8eedab932256ec309aa"
      },
      "web": {
        "user": "https://www.kickstarter.com/profile/1617684053"
      }
    }
  },
  "currency": "EUR",
  "currency_symbol": "\u20ac",
  "currency_trailing_code": false,
  "deadline": 1437288414,
  "disable_communication": false,
  "goal": 10000.0,
  "id": 1033368704,
  "launched_at": 1433400414,
  "location": {
    "country": "DE",
    "displayable_name": "Kiel, Germany",
    "id": 665683,
    "is_root": false,
    "name": "Kiel",
    "short_name": "Kiel, Germany",
    "slug": "kiel-gemeinde-viol-de",
    "state": "Schleswig-Holstein",
    "type": "Town",
    "urls": {
      "api": {
        "nearby_projects": "https://api.kickstarter.com/v1/discover?signature=1488668493.ac386d52c385e25dfa727444a340c941a5f19753&woe_id=665683"
      },
      "web": {
        "discover": "https://www.kickstarter.com/discover/places/kiel-gemeinde-viol-de",
        "location": "https://www.kickstarter.com/locations/kiel-gemeinde-viol-de"
      }
    }
  },
  "name": "Seek N' Sneak - Your robust robotic pet.",
  "photo": {
    "1024x576": "https://ksr-ugc.imgix.net/assets/012/135/544/8fc54f865b37b0eeab7076ac5a91b27d_original.png?w=1024&h=576&fit=fill&bg=000000&v=1463738237&auto=format&q=92&s=d0b104779b1f4677960ee2a034457f39",
    "1536x864": "https://ksr-ugc.imgix.net/assets/012/135/544/8fc54f865b37b0eeab7076ac5a91b27d_original.png?w=1536&h=864&fit=fill&bg=000000&v=1463738237&auto=format&q=92&s=6eea29fcdd699e2227c3d0779c89eb09",
    "ed": "https://ksr-ugc.imgix.net/assets/012/135/544/8fc54f865b37b0eeab7076ac5a91b27d_original.png?w=338&h=190&fit=fill&bg=000000&v=1463738237&auto=format&q=92&s=cf59440ddde1b3a7d553094b53f35813",
    "full": "https://ksr-ugc.imgix.net/assets/012/135/544/8fc54f865b37b0eeab7076ac5a91b27d_original.png?w=560&h=315&fit=fill&bg=000000&v=1463738237&auto=format&q=92&s=571a804f6173c444b3954a0b3a7d720f",
    "key": "assets/012/135/544/8fc54f865b37b0eeab7076ac5a91b27d_original.png",
    "little": "https://ksr-ugc.imgix.net/assets/012/135/544/8fc54f865b37b0eeab7076ac5a91b27d_original.png?w=200&h=112&fit=fill&bg=000000&v=1463738237&auto=format&q=92&s=132582b75a397838876c0140002e3dc2",
    "med": "https://ksr-ugc.imgix.net/assets/012/135/544/8fc54f865b37b0eeab7076ac5a91b27d_original.png?w=266&h=150&fit=fill&bg=000000&v=1463738237&auto=format&q=92&s=700f50a328ac4eb39215ea4f18705429",
    "small": "https://ksr-ugc.imgix.net/assets/012/135/544/8fc54f865b37b0eeab7076ac5a91b27d_original.png?w=160&h=90&fit=fill&bg=000000&v=1463738237&auto=format&q=92&s=d1846d1273c476a6faed4634b7f2d580",
    "thumb": "https://ksr-ugc.imgix.net/assets/012/135/544/8fc54f865b37b0eeab7076ac5a91b27d_original.png?w=40&h=22&fit=fill&bg=000000&v=1463738237&auto=format&q=92&s=67315cd415ddb7ecfb100eabe6b6b72e"
  },
  "pledged": 4973.0,
  "profile": {
    "background_color": null,
    "background_image_opacity": 0.8,
    "blurb": null,
    "feature_image_attributes": {
      "image_urls": {
        "baseball_card": "https://ksr-ugc.imgix.net/assets/012/135/544/8fc54f865b37b0eeab7076ac5a91b27d_original.png?w=1552&h=873&fit=fill&bg=000000&v=1463738237&auto=format&q=92&s=f6cd8fbc2fc097e3f8da657b6886b36a",
        "default": "https://ksr-ugc.imgix.net/assets/012/135/544/8fc54f865b37b0eeab7076ac5a91b27d_original.png?w=1552&h=873&fit=fill&bg=000000&v=1463738237&auto=format&q=92&s=f6cd8fbc2fc097e3f8da657b6886b36a"
      }
    },
    "id": 1894559,
    "link_background_color": null,
    "link_text": null,
    "link_text_color": null,
    "link_url": null,
    "name": null,
    "project_id": 1894559,
    "should_show_feature_image_section": true,
    "show_feature_image": false,
    "state": "inactive",
    "state_changed_at": 1431427830,
    "text_color": null
  },
  "slug": "seek-n-sneak",
  "spotlight": false,
  "staff_pick": true,
  "state": "failed",
  "state_changed_at": 1437288414,
  "static_usd_rate": 1.11611004,
  "urls": {
    "web": {
      "project": "https://www.kickstarter.com/projects/1617684053/seek-n-sneak?ref=category_newest",
      "rewards": "https://www.kickstarter.com/projects/1617684053/seek-n-sneak/rewards"
    }
  },
  "usd_pledged": "5550.41522892"
}