{
  "backers_count": 21,
  "blurb": "a small 2cm x 2xm module that can play and record sound from and to Micro-SD memory cards with 16bits wave format and very high quality",
  "category": {
    "color": 6526716,
    "id": 52,
    "name": "Hardware",
    "parent_id": 16,
    "position": 8,
    "slug": "technology/hardware",
    "urls": {
      "web": {
        "discover": "http://www.kickstarter.com/discover/categories/technology/hardware"
      }
    }
  },
  "country": "US",
  "created_at": 1434596489,
  "creator": {
    "avatar": {
      "medium": "https://ksr-ugc.imgix.net/assets/009/914/209/ae8f56d2259f321c76525a8b55d9cd6b_original.jpg?w=160&h=160&fit=crop&v=1461649613&auto=format&q=92&s=ebc73720e9afa12ece9f733d407ebcff",
      "small": "https://ksr-ugc.imgix.net/assets/009/914/209/ae8f56d2259f321c76525a8b55d9cd6b_original.jpg?w=160&h=160&fit=crop&v=1461649613&auto=format&q=92&s=ebc73720e9afa12ece9f733d407ebcff",
      "thumb": "https://ksr-ugc.imgix.net/assets/009/914/209/ae8f56d2259f321c76525a8b55d9cd6b_original.jpg?w=40&h=40&fit=crop&v=1461649613&auto=format&q=92&s=2df301873da93bdab0c85f7fb5071b7f"
    },
    "id": 67935456,
    "name": "MASIH VAHIDA",
    "urls": {
      "api": {
        "user": "https://api.kickstarter.com/v1/users/67935456?signature=1488679799.8c28c5b3cc4fb61a57929f6429aeb2e5396a85a3"
      },
      "web": {
        "user": "https://www.kickstarter.com/profile/67935456"
      }
    }
  },
  "currency": "USD",
  "currency_symbol": "$",
  "currency_trailing_code": true,
  "deadline": 1437315499,
  "disable_communication": false,
  "goal": 700.0,
  "id": 1034501419,
  "launched_at": 1435587499,
  "location": {
    "country": "US",
    "displayable_name": "Newport Beach, CA",
    "id": 12796587,
    "is_root": false,
    "name": "92663",
    "short_name": "Newport Beach, CA",
    "slug": null,
    "state": "CA",
    "type": "Zip",
    "urls": {
      "api": {
        "nearby_projects": "https://api.kickstarter.com/v1/discover?signature=1488669005.af0412e5d7cb80ede8762e6d45bf1924adaa21ce&woe_id=12796587"
      },
      "web": {
        "discover": "https://www.kickstarter.com/discover/places/12796587",
        "location": "https://www.kickstarter.com/locations/12796587"
      }
    }
  },
  "name": "ARM based WAV sound player / recorder module for AVR/ARM ..",
  "photo": {
    "1024x576": "https://ksr-ugc.imgix.net/assets/012/171/419/b85064c98a42cd20302dd063ef78fb1c_original.jpg?w=1024&h=576&fit=fill&bg=000000&v=1463739471&auto=format&q=92&s=16ddfe4e61280955c5ac325b543be1a1",
    "1536x864": "https://ksr-ugc.imgix.net/assets/012/171/419/b85064c98a42cd20302dd063ef78fb1c_original.jpg?w=1536&h=864&fit=fill&bg=000000&v=1463739471&auto=format&q=92&s=42c97095c126dcc1490f855c7b27a376",
    "ed": "https://ksr-ugc.imgix.net/assets/012/171/419/b85064c98a42cd20302dd063ef78fb1c_original.jpg?w=338&h=190&fit=fill&bg=000000&v=1463739471&auto=format&q=92&s=58700d1326d1bdb653c0afd4ca8e8c23",
    "full": "https://ksr-ugc.imgix.net/assets/012/171/419/b85064c98a42cd20302dd063ef78fb1c_original.jpg?w=560&h=315&fit=fill&bg=000000&v=1463739471&auto=format&q=92&s=f3de80029895572b42bab8faf7efec1f",
    "key": "assets/012/171/419/b85064c98a42cd20302dd063ef78fb1c_original.jpg",
    "little": "https://ksr-ugc.imgix.net/assets/012/171/419/b85064c98a42cd20302dd063ef78fb1c_original.jpg?w=200&h=112&fit=fill&bg=000000&v=1463739471&auto=format&q=92&s=780ce6eef487eaadfc60db9817c39d8a",
    "med": "https://ksr-ugc.imgix.net/assets/012/171/419/b85064c98a42cd20302dd063ef78fb1c_original.jpg?w=266&h=150&fit=fill&bg=000000&v=1463739471&auto=format&q=92&s=450fc1895765b509dc187568aba4e2be",
    "small": "https://ksr-ugc.imgix.net/assets/012/171/419/b85064c98a42cd20302dd063ef78fb1c_original.jpg?w=160&h=90&fit=fill&bg=000000&v=1463739471&auto=format&q=92&s=53e94cffec526684da874e66a98365a1",
    "thumb": "https://ksr-ugc.imgix.net/assets/012/171/419/b85064c98a42cd20302dd063ef78fb1c_original.jpg?w=40&h=22&fit=fill&bg=000000&v=1463739471&auto=format&q=92&s=5350fb4478357b373b79923638bed36a"
  },
  "pledged": 962.0,
  "profile": {
    "background_color": "070702",
    "background_image_opacity": 0.8,
    "blurb": "a small 2cm x 2xm module that can play and record sound from and to Micro-SD memory cards with 16bits wave format and very high qualityIf you missed the Campaign , use the button below to buy the module",
    "feature_image_attributes": {
      "image_urls": {
        "baseball_card": "https://ksr-ugc.imgix.net/assets/012/171/419/b85064c98a42cd20302dd063ef78fb1c_original.jpg?w=1552&h=873&fit=fill&bg=000000&v=1463739471&auto=format&q=92&s=d78fc58337465f4c45f3e6c22b858b20",
        "default": "https://ksr-ugc.imgix.net/assets/012/171/419/b85064c98a42cd20302dd063ef78fb1c_original.jpg?w=1552&h=873&fit=fill&bg=000000&v=1463739471&auto=format&q=92&s=d78fc58337465f4c45f3e6c22b858b20"
      }
    },
    "id": 1965869,
    "link_background_color": "ff5900",
    "link_text": "BUY FROM HERE",
    "link_text_color": "",
    "link_url": "https://www.tindie.com/products/masihvahida/audio-stereo-sound-player--recorder-module/",
    "name": "ARM based WAV sound player / recorder module for AVR/ARM ..",
    "project_id": 1965869,
    "should_show_feature_image_section": true,
    "show_feature_image": false,
    "state": "active",
    "state_changed_at": 1438717842,
    "text_color": "fac111"
  },
  "slug": "arm-based-sound-player-recorder-module-for-microco",
  "spotlight": true,
  "staff_pick": false,
  "state": "successful",
  "state_changed_at": 1437315499,
  "static_usd_rate": 1.0,
  "urls": {
    "web": {
      "project": "https://www.kickstarter.com/projects/67935456/arm-based-sound-player-recorder-module-for-microco?ref=category_newest",
      "rewards": "https://www.kickstarter.com/projects/67935456/arm-based-sound-player-recorder-module-for-microco/rewards"
    }
  },
  "usd_pledged": "962.0"
}