{
  "backers_count": 27,
  "blurb": "3D printer Boosterpack that will be able to run 3 extruders and the cartesian axes using TI MSP430 LP",
  "category": {
    "color": 6526716,
    "id": 331,
    "name": "3D Printing",
    "parent_id": 16,
    "position": 1,
    "slug": "technology/3d printing",
    "urls": {
      "web": {
        "discover": "http://www.kickstarter.com/discover/categories/technology/3d%20printing"
      }
    }
  },
  "country": "US",
  "created_at": 1433851941,
  "creator": {
    "avatar": {
      "medium": "https://ksr-ugc.imgix.net/assets/010/002/456/6af95d47f99d40582b001c876f2b9fd3_original.jpeg?w=160&h=160&fit=crop&v=1461660010&auto=format&q=92&s=7d8f2495b53c11c48a272aa8c89fb76b",
      "small": "https://ksr-ugc.imgix.net/assets/010/002/456/6af95d47f99d40582b001c876f2b9fd3_original.jpeg?w=160&h=160&fit=crop&v=1461660010&auto=format&q=92&s=7d8f2495b53c11c48a272aa8c89fb76b",
      "thumb": "https://ksr-ugc.imgix.net/assets/010/002/456/6af95d47f99d40582b001c876f2b9fd3_original.jpeg?w=40&h=40&fit=crop&v=1461660010&auto=format&q=92&s=8fb6be1367c748846d9b7de931988ac5"
    },
    "id": 881313008,
    "name": "Blesson Mathew",
    "urls": {
      "api": {
        "user": "https://api.kickstarter.com/v1/users/881313008?signature=1488678775.84fde24286d48a816170955a2a75204b63b59e4c"
      },
      "web": {
        "user": "https://www.kickstarter.com/profile/881313008"
      }
    }
  },
  "currency": "USD",
  "currency_symbol": "$",
  "currency_trailing_code": true,
  "deadline": 1441031580,
  "disable_communication": false,
  "goal": 3500.0,
  "id": 1034257523,
  "launched_at": 1438437679,
  "location": {
    "country": "US",
    "displayable_name": "Richardson, TX",
    "id": 2480733,
    "is_root": false,
    "name": "Richardson",
    "short_name": "Richardson, TX",
    "slug": "richardson-tx",
    "state": "TX",
    "type": "Town",
    "urls": {
      "api": {
        "nearby_projects": "https://api.kickstarter.com/v1/discover?signature=1488668454.a546197bfc63f3ca9ef1ff048f4c9e2fc81656d2&woe_id=2480733"
      },
      "web": {
        "discover": "https://www.kickstarter.com/discover/places/richardson-tx",
        "location": "https://www.kickstarter.com/locations/richardson-tx"
      }
    }
  },
  "name": "3D Circuit Printing Kit",
  "photo": {
    "1024x576": "https://ksr-ugc.imgix.net/assets/012/162/497/2ebbf6449579d9b4ee12e6ac82a76539_original.jpg?w=1024&h=576&fit=fill&bg=000000&v=1463739095&auto=format&q=92&s=9dcfe818d2c5f3562840e03f1b6e042b",
    "1536x864": "https://ksr-ugc.imgix.net/assets/012/162/497/2ebbf6449579d9b4ee12e6ac82a76539_original.jpg?w=1536&h=864&fit=fill&bg=000000&v=1463739095&auto=format&q=92&s=6130c082fcf5e480d292f7edc699716b",
    "ed": "https://ksr-ugc.imgix.net/assets/012/162/497/2ebbf6449579d9b4ee12e6ac82a76539_original.jpg?w=338&h=190&fit=fill&bg=000000&v=1463739095&auto=format&q=92&s=82b60ff2ea8352a0b4f12f00192fc53c",
    "full": "https://ksr-ugc.imgix.net/assets/012/162/497/2ebbf6449579d9b4ee12e6ac82a76539_original.jpg?w=560&h=315&fit=fill&bg=000000&v=1463739095&auto=format&q=92&s=d9abcfabcfa3857b7e550d36d5a8271b",
    "key": "assets/012/162/497/2ebbf6449579d9b4ee12e6ac82a76539_original.jpg",
    "little": "https://ksr-ugc.imgix.net/assets/012/162/497/2ebbf6449579d9b4ee12e6ac82a76539_original.jpg?w=200&h=112&fit=fill&bg=000000&v=1463739095&auto=format&q=92&s=49af4e5fe65353cd455854b329d0a919",
    "med": "https://ksr-ugc.imgix.net/assets/012/162/497/2ebbf6449579d9b4ee12e6ac82a76539_original.jpg?w=266&h=150&fit=fill&bg=000000&v=1463739095&auto=format&q=92&s=8a097f0bdb6503e85c3f65e0353e85d6",
    "small": "https://ksr-ugc.imgix.net/assets/012/162/497/2ebbf6449579d9b4ee12e6ac82a76539_original.jpg?w=160&h=90&fit=fill&bg=000000&v=1463739095&auto=format&q=92&s=6f88461b88927e1d5f163fa380382603",
    "thumb": "https://ksr-ugc.imgix.net/assets/012/162/497/2ebbf6449579d9b4ee12e6ac82a76539_original.jpg?w=40&h=22&fit=fill&bg=000000&v=1463739095&auto=format&q=92&s=c117e0d3e162be681502e3ce65a56d30"
  },
  "pledged": 2450.0,
  "profile": {
    "background_color": null,
    "background_image_opacity": 0.8,
    "blurb": null,
    "feature_image_attributes": {
      "image_urls": {
        "baseball_card": "https://ksr-ugc.imgix.net/assets/012/162/497/2ebbf6449579d9b4ee12e6ac82a76539_original.jpg?w=1552&h=873&fit=fill&bg=000000&v=1463739095&auto=format&q=92&s=be5ac75dc0f9e179ab0a9b98537ebed7",
        "default": "https://ksr-ugc.imgix.net/assets/012/162/497/2ebbf6449579d9b4ee12e6ac82a76539_original.jpg?w=1552&h=873&fit=fill&bg=000000&v=1463739095&auto=format&q=92&s=be5ac75dc0f9e179ab0a9b98537ebed7"
      }
    },
    "id": 1948061,
    "link_background_color": null,
    "link_text": null,
    "link_text_color": null,
    "link_url": null,
    "name": null,
    "project_id": 1948061,
    "should_show_feature_image_section": true,
    "show_feature_image": false,
    "state": "inactive",
    "state_changed_at": 1433851941,
    "text_color": null
  },
  "slug": "3d-circuit-printing-kit",
  "spotlight": false,
  "staff_pick": false,
  "state": "failed",
  "state_changed_at": 1441031580,
  "static_usd_rate": 1.0,
  "urls": {
    "web": {
      "project": "https://www.kickstarter.com/projects/881313008/3d-circuit-printing-kit?ref=category_newest",
      "rewards": "https://www.kickstarter.com/projects/881313008/3d-circuit-printing-kit/rewards"
    }
  },
  "usd_pledged": "2450.0"
}