{
  "backers_count": 2,
  "blurb": "Der Airportwifibot ist ein Chatbot welcher kostenlose WLAN Informationen f\u00fcr jegliche Flugh\u00e4fen auf dieser Welt zur Verf\u00fcgung stellt.",
  "category": {
    "color": 6526716,
    "id": 51,
    "name": "Software",
    "parent_id": 16,
    "position": 11,
    "slug": "technology/software",
    "urls": {
      "web": {
        "discover": "http://www.kickstarter.com/discover/categories/technology/software"
      }
    }
  },
  "country": "DE",
  "created_at": 1487442160,
  "creator": {
    "avatar": {
      "medium": "https://ksr-ugc.imgix.net/assets/015/555/290/1cb55a1a731cf2348fb7a3d73a66051f_original.png?w=160&h=160&fit=crop&v=1487441696&auto=format&q=92&s=f8668559eeb2aacc2c66c372f1bb9044",
      "small": "https://ksr-ugc.imgix.net/assets/015/555/290/1cb55a1a731cf2348fb7a3d73a66051f_original.png?w=160&h=160&fit=crop&v=1487441696&auto=format&q=92&s=f8668559eeb2aacc2c66c372f1bb9044",
      "thumb": "https://ksr-ugc.imgix.net/assets/015/555/290/1cb55a1a731cf2348fb7a3d73a66051f_original.png?w=40&h=40&fit=crop&v=1487441696&auto=format&q=92&s=cc00c891078351c19a88dd8641f6d176"
    },
    "id": 51537732,
    "name": "Airport Wifi Bot ;)",
    "urls": {
      "api": {
        "user": "https://api.kickstarter.com/v1/users/51537732?signature=1488680401.e74c04dddb83e14d6ad1e7439717401232976556"
      },
      "web": {
        "user": "https://www.kickstarter.com/profile/51537732"
      }
    }
  },
  "currency": "EUR",
  "currency_symbol": "\u20ac",
  "currency_trailing_code": false,
  "deadline": 1488320580,
  "disable_communication": false,
  "goal": 2200.0,
  "id": 1034654196,
  "launched_at": 1487779765,
  "location": {
    "country": "DE",
    "displayable_name": "Nuremberg, Germany",
    "id": 680564,
    "is_root": false,
    "name": "Nuremberg",
    "short_name": "Nuremberg, Germany",
    "slug": "nuremberg-de",
    "state": "Bavaria",
    "type": "Town",
    "urls": {
      "api": {
        "nearby_projects": "https://api.kickstarter.com/v1/discover?signature=1488668433.766da9753b83e2ec4e90f6c9d65da0873503438b&woe_id=680564"
      },
      "web": {
        "discover": "https://www.kickstarter.com/discover/places/nuremberg-de",
        "location": "https://www.kickstarter.com/locations/nuremberg-de"
      }
    }
  },
  "name": "Airportwifibot - kostenloses WLAN an Flugh\u00e4fen - Chatbot",
  "photo": {
    "1024x576": "https://ksr-ugc.imgix.net/assets/015/555/370/1cb55a1a731cf2348fb7a3d73a66051f_original.png?w=1024&h=576&fit=fill&bg=000000&v=1487442174&auto=format&q=92&s=8425c43729320e76768e3c75abad1016",
    "1536x864": "https://ksr-ugc.imgix.net/assets/015/555/370/1cb55a1a731cf2348fb7a3d73a66051f_original.png?w=1536&h=864&fit=fill&bg=000000&v=1487442174&auto=format&q=92&s=d0972f07bd1ff91f93185ec304d3d282",
    "ed": "https://ksr-ugc.imgix.net/assets/015/555/370/1cb55a1a731cf2348fb7a3d73a66051f_original.png?w=338&h=190&fit=fill&bg=000000&v=1487442174&auto=format&q=92&s=0b2e5d0c335d4813494fc198f9c7f40b",
    "full": "https://ksr-ugc.imgix.net/assets/015/555/370/1cb55a1a731cf2348fb7a3d73a66051f_original.png?w=560&h=315&fit=fill&bg=000000&v=1487442174&auto=format&q=92&s=16d51d2a79bf14c3800142659b446aa4",
    "key": "assets/015/555/370/1cb55a1a731cf2348fb7a3d73a66051f_original.png",
    "little": "https://ksr-ugc.imgix.net/assets/015/555/370/1cb55a1a731cf2348fb7a3d73a66051f_original.png?w=200&h=112&fit=fill&bg=000000&v=1487442174&auto=format&q=92&s=9b16ede9caab8e2159faefe4a571f5e3",
    "med": "https://ksr-ugc.imgix.net/assets/015/555/370/1cb55a1a731cf2348fb7a3d73a66051f_original.png?w=266&h=150&fit=fill&bg=000000&v=1487442174&auto=format&q=92&s=3673a226b4fdca9e01b0e1a19952c65a",
    "small": "https://ksr-ugc.imgix.net/assets/015/555/370/1cb55a1a731cf2348fb7a3d73a66051f_original.png?w=160&h=90&fit=fill&bg=000000&v=1487442174&auto=format&q=92&s=f563039f876daae15638b56111829a03",
    "thumb": "https://ksr-ugc.imgix.net/assets/015/555/370/1cb55a1a731cf2348fb7a3d73a66051f_original.png?w=40&h=22&fit=fill&bg=000000&v=1487442174&auto=format&q=92&s=5cf2d3db6ee18131ebbc214bef9b6f70"
  },
  "pledged": 26.0,
  "profile": {
    "background_color": null,
    "background_image_opacity": 0.8,
    "blurb": null,
    "feature_image_attributes": {
      "image_urls": {
        "baseball_card": "https://ksr-ugc.imgix.net/assets/015/555/370/1cb55a1a731cf2348fb7a3d73a66051f_original.png?w=1552&h=873&fit=fill&bg=000000&v=1487442174&auto=format&q=92&s=d38f1a10030bb7bea4be7fbad3c9ade2",
        "default": "https://ksr-ugc.imgix.net/assets/015/555/370/1cb55a1a731cf2348fb7a3d73a66051f_original.png?w=1552&h=873&fit=fill&bg=000000&v=1487442174&auto=format&q=92&s=d38f1a10030bb7bea4be7fbad3c9ade2"
      }
    },
    "id": 2884507,
    "link_background_color": null,
    "link_text": null,
    "link_text_color": null,
    "link_url": null,
    "name": null,
    "project_id": 2884507,
    "should_show_feature_image_section": true,
    "show_feature_image": false,
    "state": "inactive",
    "state_changed_at": 1487442160,
    "text_color": null
  },
  "slug": "airportwifibot-kostenloses-wlan-an-flughafen-chatb",
  "spotlight": false,
  "staff_pick": false,
  "state": "failed",
  "state_changed_at": 1488320580,
  "static_usd_rate": 1.05811036,
  "urls": {
    "web": {
      "project": "https://www.kickstarter.com/projects/51537732/airportwifibot-kostenloses-wlan-an-flughafen-chatb?ref=category_newest",
      "rewards": "https://www.kickstarter.com/projects/51537732/airportwifibot-kostenloses-wlan-an-flughafen-chatb/rewards"
    }
  },
  "usd_pledged": "27.51086936"
}