{
  "backers_count": 10,
  "blurb": "The Best Robot Lawnmower - just switch it on and go have a cool beer!   And it easily transforms into a snow plow for the winter!",
  "category": {
    "color": 6526716,
    "id": 52,
    "name": "Hardware",
    "parent_id": 16,
    "position": 8,
    "slug": "technology/hardware",
    "urls": {
      "web": {
        "discover": "http://www.kickstarter.com/discover/categories/technology/hardware"
      }
    }
  },
  "country": "US",
  "created_at": 1361320286,
  "creator": {
    "avatar": {
      "medium": "https://ksr-ugc.imgix.net/missing_user_avatar.png?w=160&h=160&fit=crop&v=&auto=format&q=92&s=c40e6ddb23a144ee8beca514ec2d6e58",
      "small": "https://ksr-ugc.imgix.net/missing_user_avatar.png?w=160&h=160&fit=crop&v=&auto=format&q=92&s=c40e6ddb23a144ee8beca514ec2d6e58",
      "thumb": "https://ksr-ugc.imgix.net/missing_user_avatar.png?w=40&h=40&fit=crop&v=&auto=format&q=92&s=8c0db61c92692000c2678b375fc31714"
    },
    "id": 1220853274,
    "name": "Warren Smith (deleted)",
    "slug": "warren631",
    "urls": {
      "api": {
        "user": "https://api.kickstarter.com/v1/users/1220853274?signature=1488680024.3fe62ade4dd0d27114a89b666112776573327f60"
      },
      "web": {
        "user": "https://www.kickstarter.com/profile/warren631"
      }
    }
  },
  "currency": "USD",
  "currency_symbol": "$",
  "currency_trailing_code": true,
  "deadline": 1369054440,
  "disable_communication": false,
  "goal": 2000.0,
  "id": 1034291490,
  "launched_at": 1363887691,
  "location": {
    "country": "US",
    "displayable_name": "Columbus, OH",
    "id": 2383660,
    "is_root": false,
    "name": "Columbus",
    "short_name": "Columbus, OH",
    "slug": "columbus-oh",
    "state": "OH",
    "type": "Town",
    "urls": {
      "api": {
        "nearby_projects": "https://api.kickstarter.com/v1/discover?signature=1488668420.18b3be91679e6e1bfcadb85c80a518e0d12d43f5&woe_id=2383660"
      },
      "web": {
        "discover": "https://www.kickstarter.com/discover/places/columbus-oh",
        "location": "https://www.kickstarter.com/locations/columbus-oh"
      }
    }
  },
  "name": "RoBoMo stage II - Automatic Electric Robot Lawnmower.",
  "photo": {
    "1024x576": "https://ksr-ugc.imgix.net/assets/011/483/917/c02879c91bc9c3dc03132ee23d6a2552_original.bmp?w=1024&h=576&fit=fill&bg=000000&v=1463683365&auto=format&q=92&s=5afef83af6530e91eed820159e3b9439",
    "1536x864": "https://ksr-ugc.imgix.net/assets/011/483/917/c02879c91bc9c3dc03132ee23d6a2552_original.bmp?w=1536&h=864&fit=fill&bg=000000&v=1463683365&auto=format&q=92&s=61bf8c3c40ad03c8d6ccab74db68e074",
    "ed": "https://ksr-ugc.imgix.net/assets/011/483/917/c02879c91bc9c3dc03132ee23d6a2552_original.bmp?w=338&h=190&fit=fill&bg=000000&v=1463683365&auto=format&q=92&s=e3e8aaf251bdb4ad1865f3f2fda1996c",
    "full": "https://ksr-ugc.imgix.net/assets/011/483/917/c02879c91bc9c3dc03132ee23d6a2552_original.bmp?w=560&h=315&fit=fill&bg=000000&v=1463683365&auto=format&q=92&s=84c4d4096a25892eaaf19971d80f60e5",
    "key": "assets/011/483/917/c02879c91bc9c3dc03132ee23d6a2552_original.bmp",
    "little": "https://ksr-ugc.imgix.net/assets/011/483/917/c02879c91bc9c3dc03132ee23d6a2552_original.bmp?w=200&h=112&fit=fill&bg=000000&v=1463683365&auto=format&q=92&s=6c5f52354c4b84ebcf0b410dcd9da747",
    "med": "https://ksr-ugc.imgix.net/assets/011/483/917/c02879c91bc9c3dc03132ee23d6a2552_original.bmp?w=266&h=150&fit=fill&bg=000000&v=1463683365&auto=format&q=92&s=0f657562055e1c5cb26dfcefac0ca63e",
    "small": "https://ksr-ugc.imgix.net/assets/011/483/917/c02879c91bc9c3dc03132ee23d6a2552_original.bmp?w=160&h=90&fit=fill&bg=000000&v=1463683365&auto=format&q=92&s=beb204cb0fc051897763b8e18031233b",
    "thumb": "https://ksr-ugc.imgix.net/assets/011/483/917/c02879c91bc9c3dc03132ee23d6a2552_original.bmp?w=40&h=22&fit=fill&bg=000000&v=1463683365&auto=format&q=92&s=01a5240aecbb4e9db975cc7aede95ad1"
  },
  "pledged": 1637.0,
  "profile": {
    "background_color": null,
    "background_image_opacity": 0.8,
    "blurb": null,
    "feature_image_attributes": {
      "image_urls": {
        "baseball_card": "https://ksr-ugc.imgix.net/assets/011/483/917/c02879c91bc9c3dc03132ee23d6a2552_original.bmp?w=1552&h=873&fit=fill&bg=000000&v=1463683365&auto=format&q=92&s=e464461be4a57a99ae7c1fcc5e4e16a3",
        "default": "https://ksr-ugc.imgix.net/assets/011/483/917/c02879c91bc9c3dc03132ee23d6a2552_original.bmp?w=1552&h=873&fit=fill&bg=000000&v=1463683365&auto=format&q=92&s=e464461be4a57a99ae7c1fcc5e4e16a3"
      }
    },
    "id": 478381,
    "link_background_color": null,
    "link_text": null,
    "link_text_color": null,
    "link_url": null,
    "name": null,
    "project_id": 478381,
    "should_show_feature_image_section": true,
    "show_feature_image": false,
    "state": "inactive",
    "state_changed_at": 1425915826,
    "text_color": null
  },
  "slug": "robomo-stage-ii-automatic-electric-robot-lawnmower",
  "spotlight": false,
  "staff_pick": false,
  "state": "canceled",
  "state_changed_at": 1364488559,
  "static_usd_rate": 1.0,
  "urls": {
    "web": {
      "project": "https://www.kickstarter.com/projects/warren631/robomo-stage-ii-automatic-electric-robot-lawnmower?ref=category_newest",
      "rewards": "https://www.kickstarter.com/projects/warren631/robomo-stage-ii-automatic-electric-robot-lawnmower/rewards"
    }
  },
  "usd_pledged": "1637.0"
}