{
  "backers_count": 65,
  "blurb": "A student project to capture HD images and 3D video of the 2012 Annular Solar Eclipse from 20 miles above the Earth's surface.",
  "category": {
    "color": 6526716,
    "id": 340,
    "name": "Space Exploration",
    "parent_id": 16,
    "position": 13,
    "slug": "technology/space exploration",
    "urls": {
      "web": {
        "discover": "http://www.kickstarter.com/discover/categories/technology/space%20exploration"
      }
    }
  },
  "country": "US",
  "created_at": 1323992857,
  "creator": {
    "avatar": {
      "medium": "https://ksr-ugc.imgix.net/assets/006/278/341/e20e2abad7e2028edc78068a6027fc82_original.jpg?w=160&h=160&fit=crop&v=1461378121&auto=format&q=92&s=c1fd7fdc58cc8b4b2b269a19798a4dca",
      "small": "https://ksr-ugc.imgix.net/assets/006/278/341/e20e2abad7e2028edc78068a6027fc82_original.jpg?w=160&h=160&fit=crop&v=1461378121&auto=format&q=92&s=c1fd7fdc58cc8b4b2b269a19798a4dca",
      "thumb": "https://ksr-ugc.imgix.net/assets/006/278/341/e20e2abad7e2028edc78068a6027fc82_original.jpg?w=40&h=40&fit=crop&v=1461378121&auto=format&q=92&s=6d9daa9927229dcb8b5730c42c07ba13"
    },
    "id": 989093552,
    "name": "The Boonville Space Program",
    "urls": {
      "api": {
        "user": "https://api.kickstarter.com/v1/users/989093552?signature=1488680507.7123861633e803f3719b9d4f687adb3cb8d2a06d"
      },
      "web": {
        "user": "https://www.kickstarter.com/profile/989093552"
      }
    }
  },
  "currency": "USD",
  "currency_symbol": "$",
  "currency_trailing_code": true,
  "deadline": 1334559540,
  "disable_communication": false,
  "goal": 3000.0,
  "id": 1034930082,
  "launched_at": 1331251028,
  "location": {
    "country": "US",
    "displayable_name": "Boonville, CA",
    "id": 2366904,
    "is_root": false,
    "name": "Boonville",
    "short_name": "Boonville, CA",
    "slug": "boonville-ca",
    "state": "CA",
    "type": "Town",
    "urls": {
      "api": {
        "nearby_projects": "https://api.kickstarter.com/v1/discover?signature=1488674119.31ca3fcba06d92e900c1220d82e6e406d7c0b539&woe_id=2366904"
      },
      "web": {
        "discover": "https://www.kickstarter.com/discover/places/boonville-ca",
        "location": "https://www.kickstarter.com/locations/boonville-ca"
      }
    }
  },
  "name": "The Boonville Space Program: ECLIPSE 2012 Mission",
  "photo": {
    "1024x576": "https://ksr-ugc.imgix.net/assets/011/308/485/1d8a644439ce300bd25a58e00f76d249_original.jpg?w=1024&h=576&fit=fill&bg=000000&v=1463680772&auto=format&q=92&s=602af192de40f12e5f24a3a4afea9934",
    "1536x864": "https://ksr-ugc.imgix.net/assets/011/308/485/1d8a644439ce300bd25a58e00f76d249_original.jpg?w=1536&h=864&fit=fill&bg=000000&v=1463680772&auto=format&q=92&s=71c8d75804cff5d79489796eb02ed3c9",
    "ed": "https://ksr-ugc.imgix.net/assets/011/308/485/1d8a644439ce300bd25a58e00f76d249_original.jpg?w=338&h=190&fit=fill&bg=000000&v=1463680772&auto=format&q=92&s=caa339d8c4e106adb391733ae18aec48",
    "full": "https://ksr-ugc.imgix.net/assets/011/308/485/1d8a644439ce300bd25a58e00f76d249_original.jpg?w=560&h=315&fit=fill&bg=000000&v=1463680772&auto=format&q=92&s=4dfa1a8caf2cd44be4bd39253abb8b36",
    "key": "assets/011/308/485/1d8a644439ce300bd25a58e00f76d249_original.jpg",
    "little": "https://ksr-ugc.imgix.net/assets/011/308/485/1d8a644439ce300bd25a58e00f76d249_original.jpg?w=200&h=112&fit=fill&bg=000000&v=1463680772&auto=format&q=92&s=34ddf3a7db65aeb4883f17de1996924a",
    "med": "https://ksr-ugc.imgix.net/assets/011/308/485/1d8a644439ce300bd25a58e00f76d249_original.jpg?w=266&h=150&fit=fill&bg=000000&v=1463680772&auto=format&q=92&s=7da097681a9c1d1f6dc72be5e92f7539",
    "small": "https://ksr-ugc.imgix.net/assets/011/308/485/1d8a644439ce300bd25a58e00f76d249_original.jpg?w=160&h=90&fit=fill&bg=000000&v=1463680772&auto=format&q=92&s=e3e8c931a51287c7907ef142858e510c",
    "thumb": "https://ksr-ugc.imgix.net/assets/011/308/485/1d8a644439ce300bd25a58e00f76d249_original.jpg?w=40&h=22&fit=fill&bg=000000&v=1463680772&auto=format&q=92&s=1583da54c8956d603b9734b8a71d07d9"
  },
  "pledged": 4125.0,
  "profile": {
    "background_color": null,
    "background_image_opacity": 0.8,
    "blurb": null,
    "feature_image_attributes": {
      "image_urls": {
        "baseball_card": "https://ksr-ugc.imgix.net/assets/011/308/485/1d8a644439ce300bd25a58e00f76d249_original.jpg?w=1552&h=873&fit=fill&bg=000000&v=1463680772&auto=format&q=92&s=79b8365ac65f6db2b15689f9517f7437",
        "default": "https://ksr-ugc.imgix.net/assets/011/308/485/1d8a644439ce300bd25a58e00f76d249_original.jpg?w=1552&h=873&fit=fill&bg=000000&v=1463680772&auto=format&q=92&s=79b8365ac65f6db2b15689f9517f7437"
      }
    },
    "id": 64820,
    "link_background_color": null,
    "link_text": null,
    "link_text_color": null,
    "link_url": null,
    "name": null,
    "project_id": 64820,
    "should_show_feature_image_section": true,
    "show_feature_image": false,
    "state": "inactive",
    "state_changed_at": 1425915804,
    "text_color": null
  },
  "slug": "the-boonville-space-program-eclipse-2012-mission",
  "spotlight": true,
  "staff_pick": false,
  "state": "successful",
  "state_changed_at": 1334559540,
  "static_usd_rate": 1.0,
  "urls": {
    "web": {
      "project": "https://www.kickstarter.com/projects/989093552/the-boonville-space-program-eclipse-2012-mission?ref=category_newest",
      "rewards": "https://www.kickstarter.com/projects/989093552/the-boonville-space-program-eclipse-2012-mission/rewards"
    }
  },
  "usd_pledged": "4125.0"
}