{
  "backers_count": 26,
  "blurb": "Sleek, modern, mobile, ergonomically-designed computer/tablet stand creates optimum functional and stylish mobility.",
  "category": {
    "color": 6526716,
    "id": 337,
    "name": "Gadgets",
    "parent_id": 16,
    "position": 7,
    "slug": "technology/gadgets",
    "urls": {
      "web": {
        "discover": "http://www.kickstarter.com/discover/categories/technology/gadgets"
      }
    }
  },
  "country": "US",
  "created_at": 1449098273,
  "creator": {
    "avatar": {
      "medium": "https://ksr-ugc.imgix.net/assets/005/845/684/0b6b954e1852aa56e99d17b36961467f_original.jpg?w=160&h=160&fit=crop&v=1461088678&auto=format&q=92&s=c43c6b9c9f8d64d88842fc482425f8b6",
      "small": "https://ksr-ugc.imgix.net/assets/005/845/684/0b6b954e1852aa56e99d17b36961467f_original.jpg?w=160&h=160&fit=crop&v=1461088678&auto=format&q=92&s=c43c6b9c9f8d64d88842fc482425f8b6",
      "thumb": "https://ksr-ugc.imgix.net/assets/005/845/684/0b6b954e1852aa56e99d17b36961467f_original.jpg?w=40&h=40&fit=crop&v=1461088678&auto=format&q=92&s=8eeeddc58885ba6ed08ac958e4f64bf5"
    },
    "id": 1024403895,
    "name": "Salvatore Matteo",
    "urls": {
      "api": {
        "user": "https://api.kickstarter.com/v1/users/1024403895?signature=1488679607.4b5a81c5567ce97775f27f7161bf3f3669fbaa1f"
      },
      "web": {
        "user": "https://www.kickstarter.com/profile/1024403895"
      }
    }
  },
  "currency": "USD",
  "currency_symbol": "$",
  "currency_trailing_code": true,
  "deadline": 1452106108,
  "disable_communication": false,
  "goal": 70000.0,
  "id": 1034660063,
  "launched_at": 1449514108,
  "location": {
    "country": "US",
    "displayable_name": "Hollywood, Los Angeles, CA",
    "id": 2423474,
    "is_root": false,
    "name": "Hollywood",
    "short_name": "Hollywood, CA",
    "slug": "hollywood-los-angeles-ca",
    "state": "CA",
    "type": "Suburb",
    "urls": {
      "api": {
        "nearby_projects": "https://api.kickstarter.com/v1/discover?signature=1488668419.c213fa536fb167dadacc1e682b6654d2476e8b19&woe_id=2423474"
      },
      "web": {
        "discover": "https://www.kickstarter.com/discover/places/hollywood-los-angeles-ca",
        "location": "https://www.kickstarter.com/locations/hollywood-los-angeles-ca"
      }
    }
  },
  "name": "The Zstand - Sleek, Sexy Technology",
  "photo": {
    "1024x576": "https://ksr-ugc.imgix.net/assets/012/322/986/2e56b422bed881be26c036b6a5902498_original.jpg?w=1024&h=576&fit=fill&bg=000000&v=1463755665&auto=format&q=92&s=81c47537b371b8b71fb5fb680fd1bac8",
    "1536x864": "https://ksr-ugc.imgix.net/assets/012/322/986/2e56b422bed881be26c036b6a5902498_original.jpg?w=1536&h=864&fit=fill&bg=000000&v=1463755665&auto=format&q=92&s=40ab2451c1827bea57fe1b0dfdb38690",
    "ed": "https://ksr-ugc.imgix.net/assets/012/322/986/2e56b422bed881be26c036b6a5902498_original.jpg?w=338&h=190&fit=fill&bg=000000&v=1463755665&auto=format&q=92&s=6af7b6a9444cdfc3889d9d89053fa412",
    "full": "https://ksr-ugc.imgix.net/assets/012/322/986/2e56b422bed881be26c036b6a5902498_original.jpg?w=560&h=315&fit=fill&bg=000000&v=1463755665&auto=format&q=92&s=8bc0e4e93db8ad80f85bec395eb6bfb1",
    "key": "assets/012/322/986/2e56b422bed881be26c036b6a5902498_original.jpg",
    "little": "https://ksr-ugc.imgix.net/assets/012/322/986/2e56b422bed881be26c036b6a5902498_original.jpg?w=200&h=112&fit=fill&bg=000000&v=1463755665&auto=format&q=92&s=eb4d0da12d2e88b1f1069eec47ec6de2",
    "med": "https://ksr-ugc.imgix.net/assets/012/322/986/2e56b422bed881be26c036b6a5902498_original.jpg?w=266&h=150&fit=fill&bg=000000&v=1463755665&auto=format&q=92&s=6dcd508c8d9ba427c5a54f67d7f0ca38",
    "small": "https://ksr-ugc.imgix.net/assets/012/322/986/2e56b422bed881be26c036b6a5902498_original.jpg?w=160&h=90&fit=fill&bg=000000&v=1463755665&auto=format&q=92&s=5cb081d93f0601a8961708bec05be26e",
    "thumb": "https://ksr-ugc.imgix.net/assets/012/322/986/2e56b422bed881be26c036b6a5902498_original.jpg?w=40&h=22&fit=fill&bg=000000&v=1463755665&auto=format&q=92&s=6bc51ebf421eef617014869482519f5f"
  },
  "pledged": 24472.0,
  "profile": {
    "background_color": null,
    "background_image_opacity": 0.8,
    "blurb": null,
    "feature_image_attributes": {
      "image_urls": {
        "baseball_card": "https://ksr-ugc.imgix.net/assets/012/322/986/2e56b422bed881be26c036b6a5902498_original.jpg?w=1552&h=873&fit=fill&bg=000000&v=1463755665&auto=format&q=92&s=712627c370a1008bc655c3c33a9322a6",
        "default": "https://ksr-ugc.imgix.net/assets/012/322/986/2e56b422bed881be26c036b6a5902498_original.jpg?w=1552&h=873&fit=fill&bg=000000&v=1463755665&auto=format&q=92&s=712627c370a1008bc655c3c33a9322a6"
      }
    },
    "id": 2258829,
    "link_background_color": null,
    "link_text": null,
    "link_text_color": null,
    "link_url": null,
    "name": null,
    "project_id": 2258829,
    "should_show_feature_image_section": true,
    "show_feature_image": false,
    "state": "inactive",
    "state_changed_at": 1449098273,
    "text_color": null
  },
  "slug": "the-zstand-sleek-sexy-technology-0",
  "spotlight": false,
  "staff_pick": false,
  "state": "failed",
  "state_changed_at": 1452106108,
  "static_usd_rate": 1.0,
  "urls": {
    "web": {
      "project": "https://www.kickstarter.com/projects/1024403895/the-zstand-sleek-sexy-technology-0?ref=category_newest",
      "rewards": "https://www.kickstarter.com/projects/1024403895/the-zstand-sleek-sexy-technology-0/rewards"
    }
  },
  "usd_pledged": "24472.0"
}