{
  "backers_count": 3,
  "blurb": "fast and easy bulk filament storage",
  "category": {
    "color": 6526716,
    "id": 331,
    "name": "3D Printing",
    "parent_id": 16,
    "position": 1,
    "slug": "technology/3d printing",
    "urls": {
      "web": {
        "discover": "http://www.kickstarter.com/discover/categories/technology/3d%20printing"
      }
    }
  },
  "country": "US",
  "created_at": 1464736739,
  "creator": {
    "avatar": {
      "medium": "https://ksr-ugc.imgix.net/assets/011/033/254/ac35f8f9bf88319f47d7f243644131db_original.jpg?w=160&h=160&fit=crop&v=1461832845&auto=format&q=92&s=acb8e9d4eda9ceea1affa470440c5849",
      "small": "https://ksr-ugc.imgix.net/assets/011/033/254/ac35f8f9bf88319f47d7f243644131db_original.jpg?w=160&h=160&fit=crop&v=1461832845&auto=format&q=92&s=acb8e9d4eda9ceea1affa470440c5849",
      "thumb": "https://ksr-ugc.imgix.net/assets/011/033/254/ac35f8f9bf88319f47d7f243644131db_original.jpg?w=40&h=40&fit=crop&v=1461832845&auto=format&q=92&s=fafc9ec5190375632b9262c8159b06eb"
    },
    "id": 249394493,
    "name": "3dkart org",
    "urls": {
      "api": {
        "user": "https://api.kickstarter.com/v1/users/249394493?signature=1488678783.83a5e87a8928e8cd2b5e0f853bcc1b6db8af8807"
      },
      "web": {
        "user": "https://www.kickstarter.com/profile/249394493"
      }
    }
  },
  "currency": "USD",
  "currency_symbol": "$",
  "currency_trailing_code": true,
  "deadline": 1467574798,
  "disable_communication": false,
  "goal": 6000.0,
  "id": 1034219582,
  "launched_at": 1464982798,
  "location": {
    "country": "US",
    "displayable_name": "Ponchatoula, LA",
    "id": 2474923,
    "is_root": false,
    "name": "Ponchatoula",
    "short_name": "Ponchatoula, LA",
    "slug": "ponchatoula-la",
    "state": "LA",
    "type": "Town",
    "urls": {
      "api": {
        "nearby_projects": "https://api.kickstarter.com/v1/discover?signature=1488669095.a4d4b7c88bebd8cd2dc2cba3e6c682f74f3dbcb6&woe_id=2474923"
      },
      "web": {
        "discover": "https://www.kickstarter.com/discover/places/ponchatoula-la",
        "location": "https://www.kickstarter.com/locations/ponchatoula-la"
      }
    }
  },
  "name": "3D Printer filament cart",
  "photo": {
    "1024x576": "https://ksr-ugc.imgix.net/assets/012/591/214/bd96e113d5957c89ccf4f7feea259baf_original.png?w=1024&h=576&fit=fill&bg=000000&v=1465523270&auto=format&q=92&s=65a868a2ce39a0b978755a2e0ddb0531",
    "1536x864": "https://ksr-ugc.imgix.net/assets/012/591/214/bd96e113d5957c89ccf4f7feea259baf_original.png?w=1536&h=864&fit=fill&bg=000000&v=1465523270&auto=format&q=92&s=19b12dc3fd4fd8e6500e113cb3c7d372",
    "ed": "https://ksr-ugc.imgix.net/assets/012/591/214/bd96e113d5957c89ccf4f7feea259baf_original.png?w=338&h=190&fit=fill&bg=000000&v=1465523270&auto=format&q=92&s=5861c9e4ffcfa4efdd61db508f88438a",
    "full": "https://ksr-ugc.imgix.net/assets/012/591/214/bd96e113d5957c89ccf4f7feea259baf_original.png?w=560&h=315&fit=fill&bg=000000&v=1465523270&auto=format&q=92&s=279d1dade14cf1d5f20201ffb1e425fe",
    "key": "assets/012/591/214/bd96e113d5957c89ccf4f7feea259baf_original.png",
    "little": "https://ksr-ugc.imgix.net/assets/012/591/214/bd96e113d5957c89ccf4f7feea259baf_original.png?w=200&h=112&fit=fill&bg=000000&v=1465523270&auto=format&q=92&s=45ad19d13a0a6b8cfdcbc62d3dddc1ec",
    "med": "https://ksr-ugc.imgix.net/assets/012/591/214/bd96e113d5957c89ccf4f7feea259baf_original.png?w=266&h=150&fit=fill&bg=000000&v=1465523270&auto=format&q=92&s=c0a2580f8949af6b6db749f219ebb887",
    "small": "https://ksr-ugc.imgix.net/assets/012/591/214/bd96e113d5957c89ccf4f7feea259baf_original.png?w=160&h=90&fit=fill&bg=000000&v=1465523270&auto=format&q=92&s=edb0abbec03bea384e247866ed5241b6",
    "thumb": "https://ksr-ugc.imgix.net/assets/012/591/214/bd96e113d5957c89ccf4f7feea259baf_original.png?w=40&h=22&fit=fill&bg=000000&v=1465523270&auto=format&q=92&s=e11433aa717c97aa1825642d1830930f"
  },
  "pledged": 870.0,
  "profile": {
    "background_color": null,
    "background_image_opacity": 0.8,
    "blurb": null,
    "feature_image_attributes": {
      "image_urls": {
        "baseball_card": "https://ksr-ugc.imgix.net/assets/012/591/214/bd96e113d5957c89ccf4f7feea259baf_original.png?w=1552&h=873&fit=fill&bg=000000&v=1465523270&auto=format&q=92&s=e647c9046a12b0951a2953efc3b28268",
        "default": "https://ksr-ugc.imgix.net/assets/012/591/214/bd96e113d5957c89ccf4f7feea259baf_original.png?w=1552&h=873&fit=fill&bg=000000&v=1465523270&auto=format&q=92&s=e647c9046a12b0951a2953efc3b28268"
      }
    },
    "id": 2540360,
    "link_background_color": null,
    "link_text": null,
    "link_text_color": null,
    "link_url": null,
    "name": null,
    "project_id": 2540360,
    "should_show_feature_image_section": true,
    "show_feature_image": false,
    "state": "inactive",
    "state_changed_at": 1464736739,
    "text_color": null
  },
  "slug": "3d-printer-filament-cart",
  "spotlight": false,
  "staff_pick": false,
  "state": "failed",
  "state_changed_at": 1467574799,
  "static_usd_rate": 1.0,
  "urls": {
    "web": {
      "project": "https://www.kickstarter.com/projects/249394493/3d-printer-filament-cart?ref=category_newest",
      "rewards": "https://www.kickstarter.com/projects/249394493/3d-printer-filament-cart/rewards"
    }
  },
  "usd_pledged": "870.0"
}