{
  "backers_count": 1,
  "blurb": "The Hitchhiker - World's first accessory seat for lawn and garden tractors.",
  "category": {
    "color": 6526716,
    "id": 52,
    "name": "Hardware",
    "parent_id": 16,
    "position": 8,
    "slug": "technology/hardware",
    "urls": {
      "web": {
        "discover": "http://www.kickstarter.com/discover/categories/technology/hardware"
      }
    }
  },
  "country": "US",
  "created_at": 1441401404,
  "creator": {
    "avatar": {
      "medium": "https://ksr-ugc.imgix.net/assets/009/966/819/0ef27e79207b80572f97e037e638f05c_original.jpeg?w=160&h=160&fit=crop&v=1461656437&auto=format&q=92&s=52cefa24c551e4ffc632d40d0ae42448",
      "small": "https://ksr-ugc.imgix.net/assets/009/966/819/0ef27e79207b80572f97e037e638f05c_original.jpeg?w=160&h=160&fit=crop&v=1461656437&auto=format&q=92&s=52cefa24c551e4ffc632d40d0ae42448",
      "thumb": "https://ksr-ugc.imgix.net/assets/009/966/819/0ef27e79207b80572f97e037e638f05c_original.jpeg?w=40&h=40&fit=crop&v=1461656437&auto=format&q=92&s=a430fc8ab45306d9e36117fd01dae58a"
    },
    "id": 1455815595,
    "name": "R. King",
    "urls": {
      "api": {
        "user": "https://api.kickstarter.com/v1/users/1455815595?signature=1488679974.78947c593203dbdf3543a5ac24932aa814a618b1"
      },
      "web": {
        "user": "https://www.kickstarter.com/profile/1455815595"
      }
    }
  },
  "currency": "USD",
  "currency_symbol": "$",
  "currency_trailing_code": true,
  "deadline": 1445640773,
  "disable_communication": false,
  "goal": 50000.0,
  "id": 1034660570,
  "launched_at": 1441752773,
  "location": {
    "country": "US",
    "displayable_name": "Fredericksburg, VA",
    "id": 2407171,
    "is_root": false,
    "name": "Fredericksburg",
    "short_name": "Fredericksburg, VA",
    "slug": "fredericksburg-fredericksburg-city-va",
    "state": "VA",
    "type": "Town",
    "urls": {
      "api": {
        "nearby_projects": "https://api.kickstarter.com/v1/discover?signature=1488668425.8e51caaeb639f6f858bc913408cfedd684e2867b&woe_id=2407171"
      },
      "web": {
        "discover": "https://www.kickstarter.com/discover/places/fredericksburg-fredericksburg-city-va",
        "location": "https://www.kickstarter.com/locations/fredericksburg-fredericksburg-city-va"
      }
    }
  },
  "name": "The Hitchhiker - Relaunch",
  "photo": {
    "1024x576": "https://ksr-ugc.imgix.net/assets/012/243/104/addbe5a63e73dff509aa3c2148ad42d2_original.jpg?w=1024&h=576&fit=fill&bg=000000&v=1463745718&auto=format&q=92&s=840334ec686fedecf55f4e14cd86ba17",
    "1536x864": "https://ksr-ugc.imgix.net/assets/012/243/104/addbe5a63e73dff509aa3c2148ad42d2_original.jpg?w=1536&h=864&fit=fill&bg=000000&v=1463745718&auto=format&q=92&s=b15b2eb4587989601c1cea22efcb81fb",
    "ed": "https://ksr-ugc.imgix.net/assets/012/243/104/addbe5a63e73dff509aa3c2148ad42d2_original.jpg?w=338&h=190&fit=fill&bg=000000&v=1463745718&auto=format&q=92&s=dc15147f0f9638aaa49bc28a7adf75ee",
    "full": "https://ksr-ugc.imgix.net/assets/012/243/104/addbe5a63e73dff509aa3c2148ad42d2_original.jpg?w=560&h=315&fit=fill&bg=000000&v=1463745718&auto=format&q=92&s=5a89cbfe5a11a6ecf47dd494bdca0938",
    "key": "assets/012/243/104/addbe5a63e73dff509aa3c2148ad42d2_original.jpg",
    "little": "https://ksr-ugc.imgix.net/assets/012/243/104/addbe5a63e73dff509aa3c2148ad42d2_original.jpg?w=200&h=112&fit=fill&bg=000000&v=1463745718&auto=format&q=92&s=0519d81203e1fd00d3ad9ac2bcbdcc93",
    "med": "https://ksr-ugc.imgix.net/assets/012/243/104/addbe5a63e73dff509aa3c2148ad42d2_original.jpg?w=266&h=150&fit=fill&bg=000000&v=1463745718&auto=format&q=92&s=4169181791540d34292dad4a076df76c",
    "small": "https://ksr-ugc.imgix.net/assets/012/243/104/addbe5a63e73dff509aa3c2148ad42d2_original.jpg?w=160&h=90&fit=fill&bg=000000&v=1463745718&auto=format&q=92&s=a15e3d0e95468a26fa1a035039830300",
    "thumb": "https://ksr-ugc.imgix.net/assets/012/243/104/addbe5a63e73dff509aa3c2148ad42d2_original.jpg?w=40&h=22&fit=fill&bg=000000&v=1463745718&auto=format&q=92&s=08e3471203f1b62701bb78088572f5e0"
  },
  "pledged": 25.0,
  "profile": {
    "background_color": null,
    "background_image_opacity": 0.8,
    "blurb": null,
    "feature_image_attributes": {
      "image_urls": {
        "baseball_card": "https://ksr-ugc.imgix.net/assets/012/243/104/addbe5a63e73dff509aa3c2148ad42d2_original.jpg?w=1552&h=873&fit=fill&bg=000000&v=1463745718&auto=format&q=92&s=b4702402c2dcb25b05190d51f7f30dbc",
        "default": "https://ksr-ugc.imgix.net/assets/012/243/104/addbe5a63e73dff509aa3c2148ad42d2_original.jpg?w=1552&h=873&fit=fill&bg=000000&v=1463745718&auto=format&q=92&s=b4702402c2dcb25b05190d51f7f30dbc"
      }
    },
    "id": 2103535,
    "link_background_color": null,
    "link_text": null,
    "link_text_color": null,
    "link_url": null,
    "name": null,
    "project_id": 2103535,
    "should_show_feature_image_section": true,
    "show_feature_image": false,
    "state": "inactive",
    "state_changed_at": 1441401404,
    "text_color": null
  },
  "slug": "the-hitchhiker-relaunch",
  "spotlight": false,
  "staff_pick": false,
  "state": "failed",
  "state_changed_at": 1445640773,
  "static_usd_rate": 1.0,
  "urls": {
    "web": {
      "project": "https://www.kickstarter.com/projects/1455815595/the-hitchhiker-relaunch?ref=category_newest",
      "rewards": "https://www.kickstarter.com/projects/1455815595/the-hitchhiker-relaunch/rewards"
    }
  },
  "usd_pledged": "25.0"
}