{
  "backers_count": 25,
  "blurb": "Do you need monitoring for your photovoltaic plant, an energy manager to optimize self-consumption, inexpensive solar battery storage?",
  "category": {
    "color": 6526716,
    "id": 52,
    "name": "Hardware",
    "parent_id": 16,
    "position": 8,
    "slug": "technology/hardware",
    "urls": {
      "web": {
        "discover": "http://www.kickstarter.com/discover/categories/technology/hardware"
      }
    }
  },
  "country": "CH",
  "created_at": 1438719115,
  "creator": {
    "avatar": {
      "medium": "https://ksr-ugc.imgix.net/assets/006/275/520/433bad9c2bf7ac5186452bdbf8c1fc2a_original.jpg?w=160&h=160&fit=crop&v=1461377927&auto=format&q=92&s=18ecf947cf3d6d1af15934819ef2b185",
      "small": "https://ksr-ugc.imgix.net/assets/006/275/520/433bad9c2bf7ac5186452bdbf8c1fc2a_original.jpg?w=160&h=160&fit=crop&v=1461377927&auto=format&q=92&s=18ecf947cf3d6d1af15934819ef2b185",
      "thumb": "https://ksr-ugc.imgix.net/assets/006/275/520/433bad9c2bf7ac5186452bdbf8c1fc2a_original.jpg?w=40&h=40&fit=crop&v=1461377927&auto=format&q=92&s=5bd44af76eb8fe823acfe759f8fc85cc"
    },
    "id": 1983254852,
    "name": "swissEmbedded GmbH",
    "urls": {
      "api": {
        "user": "https://api.kickstarter.com/v1/users/1983254852?signature=1488679812.b10d7feadfe5beeb0fb89f4bfdfea3845b0d75c9"
      },
      "web": {
        "user": "https://www.kickstarter.com/profile/1983254852"
      }
    }
  },
  "currency": "CHF",
  "currency_symbol": "Fr ",
  "currency_trailing_code": false,
  "deadline": 1452956308,
  "disable_communication": false,
  "goal": 3000.0,
  "id": 1034630006,
  "launched_at": 1447772308,
  "location": {
    "country": "CH",
    "displayable_name": "Nussbaumen, Switzerland",
    "id": 783538,
    "is_root": false,
    "name": "Nussbaumen",
    "short_name": "Nussbaumen, Switzerland",
    "slug": "nussbaumen-canton-of-thurgau-ch",
    "state": "Canton of Thurgau",
    "type": "Town",
    "urls": {
      "api": {
        "nearby_projects": "https://api.kickstarter.com/v1/discover?signature=1488673648.09482e97d3490141a952646d8982e7c83ad5126e&woe_id=783538"
      },
      "web": {
        "discover": "https://www.kickstarter.com/discover/places/nussbaumen-canton-of-thurgau-ch",
        "location": "https://www.kickstarter.com/locations/nussbaumen-canton-of-thurgau-ch"
      }
    }
  },
  "name": "EMDO can do, your Energy Manager for Renewable Energy",
  "photo": {
    "1024x576": "https://ksr-ugc.imgix.net/assets/012/216/147/d2a3027cf1cec67e83651c89fbe872f3_original.jpg?w=1024&h=576&fit=fill&bg=000000&v=1463743032&auto=format&q=92&s=bc698489672fe3762d5621027ea27886",
    "1536x864": "https://ksr-ugc.imgix.net/assets/012/216/147/d2a3027cf1cec67e83651c89fbe872f3_original.jpg?w=1536&h=864&fit=fill&bg=000000&v=1463743032&auto=format&q=92&s=1425d6d3ca6b4fdf122f1587f8fd411c",
    "ed": "https://ksr-ugc.imgix.net/assets/012/216/147/d2a3027cf1cec67e83651c89fbe872f3_original.jpg?w=338&h=190&fit=fill&bg=000000&v=1463743032&auto=format&q=92&s=11fe0678a6a9ce5f8b11947b934bdca7",
    "full": "https://ksr-ugc.imgix.net/assets/012/216/147/d2a3027cf1cec67e83651c89fbe872f3_original.jpg?w=560&h=315&fit=fill&bg=000000&v=1463743032&auto=format&q=92&s=a880454967fdbd4510903dd7efab05ba",
    "key": "assets/012/216/147/d2a3027cf1cec67e83651c89fbe872f3_original.jpg",
    "little": "https://ksr-ugc.imgix.net/assets/012/216/147/d2a3027cf1cec67e83651c89fbe872f3_original.jpg?w=200&h=112&fit=fill&bg=000000&v=1463743032&auto=format&q=92&s=f42c71c5f1bec786cc873150475e47ec",
    "med": "https://ksr-ugc.imgix.net/assets/012/216/147/d2a3027cf1cec67e83651c89fbe872f3_original.jpg?w=266&h=150&fit=fill&bg=000000&v=1463743032&auto=format&q=92&s=1ff160b879ae3cc071b30f0f0dcb46b5",
    "small": "https://ksr-ugc.imgix.net/assets/012/216/147/d2a3027cf1cec67e83651c89fbe872f3_original.jpg?w=160&h=90&fit=fill&bg=000000&v=1463743032&auto=format&q=92&s=c3ee045bab5e65e8afc91043cd2d34bd",
    "thumb": "https://ksr-ugc.imgix.net/assets/012/216/147/d2a3027cf1cec67e83651c89fbe872f3_original.jpg?w=40&h=22&fit=fill&bg=000000&v=1463743032&auto=format&q=92&s=bd6666c008da5128d95ae2953112aaac"
  },
  "pledged": 4042.0,
  "profile": {
    "background_color": null,
    "background_image_opacity": 0.8,
    "blurb": null,
    "feature_image_attributes": {
      "image_urls": {
        "baseball_card": "https://ksr-ugc.imgix.net/assets/012/216/147/d2a3027cf1cec67e83651c89fbe872f3_original.jpg?w=1552&h=873&fit=fill&bg=000000&v=1463743032&auto=format&q=92&s=6a542e2b3d7aa62cd89f30666120c752",
        "default": "https://ksr-ugc.imgix.net/assets/012/216/147/d2a3027cf1cec67e83651c89fbe872f3_original.jpg?w=1552&h=873&fit=fill&bg=000000&v=1463743032&auto=format&q=92&s=6a542e2b3d7aa62cd89f30666120c752"
      }
    },
    "id": 2050897,
    "link_background_color": null,
    "link_text": null,
    "link_text_color": null,
    "link_url": null,
    "name": null,
    "project_id": 2050897,
    "should_show_feature_image_section": true,
    "show_feature_image": false,
    "state": "inactive",
    "state_changed_at": 1438719115,
    "text_color": null
  },
  "slug": "emdo-can-do-your-energy-manager-for-renewable-ener",
  "spotlight": true,
  "staff_pick": false,
  "state": "successful",
  "state_changed_at": 1452956308,
  "static_usd_rate": 0.99296484,
  "urls": {
    "web": {
      "project": "https://www.kickstarter.com/projects/1983254852/emdo-can-do-your-energy-manager-for-renewable-ener?ref=category_newest",
      "rewards": "https://www.kickstarter.com/projects/1983254852/emdo-can-do-your-energy-manager-for-renewable-ener/rewards"
    }
  },
  "usd_pledged": "4013.56388328"
}