{
  "backers_count": 1,
  "blurb": "Automate the cash conversion cycle process with OIKOS Software's Treasury Suite of cloud-based products. No more unreliable data.",
  "category": {
    "color": 6526716,
    "id": 51,
    "name": "Software",
    "parent_id": 16,
    "position": 11,
    "slug": "technology/software",
    "urls": {
      "web": {
        "discover": "http://www.kickstarter.com/discover/categories/technology/software"
      }
    }
  },
  "country": "US",
  "created_at": 1420563851,
  "creator": {
    "avatar": {
      "medium": "https://ksr-ugc.imgix.net/assets/009/420/193/115dac9d85f9a40ef04149f993422445_original.jpg?w=160&h=160&fit=crop&v=1461594237&auto=format&q=92&s=89720acdc558e49672a6202308ac4fc7",
      "small": "https://ksr-ugc.imgix.net/assets/009/420/193/115dac9d85f9a40ef04149f993422445_original.jpg?w=160&h=160&fit=crop&v=1461594237&auto=format&q=92&s=89720acdc558e49672a6202308ac4fc7",
      "thumb": "https://ksr-ugc.imgix.net/assets/009/420/193/115dac9d85f9a40ef04149f993422445_original.jpg?w=40&h=40&fit=crop&v=1461594237&auto=format&q=92&s=f89637fdd1e4dd28c6ddf513f48631dd"
    },
    "id": 1982201682,
    "name": "OIKOS Software, Inc.",
    "urls": {
      "api": {
        "user": "https://api.kickstarter.com/v1/users/1982201682?signature=1488680423.496a76644ff0bcaed9b4ae2fb7da412039777263"
      },
      "web": {
        "user": "https://www.kickstarter.com/profile/1982201682"
      }
    }
  },
  "currency": "USD",
  "currency_symbol": "$",
  "currency_trailing_code": true,
  "deadline": 1425059842,
  "disable_communication": false,
  "goal": 18000.0,
  "id": 1035731258,
  "launched_at": 1422467842,
  "location": {
    "country": "US",
    "displayable_name": "Manchester, NH",
    "id": 2444674,
    "is_root": false,
    "name": "Manchester",
    "short_name": "Manchester, NH",
    "slug": "manchester-nh",
    "state": "NH",
    "type": "Town",
    "urls": {
      "api": {
        "nearby_projects": "https://api.kickstarter.com/v1/discover?signature=1488668457.b0e1d1e85a7f625cb532b75dd30f5806bb5cd969&woe_id=2444674"
      },
      "web": {
        "discover": "https://www.kickstarter.com/discover/places/manchester-nh",
        "location": "https://www.kickstarter.com/locations/manchester-nh"
      }
    }
  },
  "name": "Be part of something GREAT. Believe in OIKOS Software.",
  "photo": {
    "1024x576": "https://ksr-ugc.imgix.net/assets/011/992/297/93010e0bf2dcdd1d7225dd0d9a7ebdae_original.jpg?w=1024&h=576&fit=fill&bg=000000&v=1463722174&auto=format&q=92&s=a4cb02cc5da0bc2ad01a349c314b70fe",
    "1536x864": "https://ksr-ugc.imgix.net/assets/011/992/297/93010e0bf2dcdd1d7225dd0d9a7ebdae_original.jpg?w=1536&h=864&fit=fill&bg=000000&v=1463722174&auto=format&q=92&s=591d3755ab2b756b1a85df155c1b0c73",
    "ed": "https://ksr-ugc.imgix.net/assets/011/992/297/93010e0bf2dcdd1d7225dd0d9a7ebdae_original.jpg?w=338&h=190&fit=fill&bg=000000&v=1463722174&auto=format&q=92&s=c8b373c1b75dfc01ca8875fa85e3d0d1",
    "full": "https://ksr-ugc.imgix.net/assets/011/992/297/93010e0bf2dcdd1d7225dd0d9a7ebdae_original.jpg?w=560&h=315&fit=fill&bg=000000&v=1463722174&auto=format&q=92&s=40a7892ad22f0296f187a9b91a1fe475",
    "key": "assets/011/992/297/93010e0bf2dcdd1d7225dd0d9a7ebdae_original.jpg",
    "little": "https://ksr-ugc.imgix.net/assets/011/992/297/93010e0bf2dcdd1d7225dd0d9a7ebdae_original.jpg?w=200&h=112&fit=fill&bg=000000&v=1463722174&auto=format&q=92&s=dafabe7f95ac45e46a0476b8f2fe88fc",
    "med": "https://ksr-ugc.imgix.net/assets/011/992/297/93010e0bf2dcdd1d7225dd0d9a7ebdae_original.jpg?w=266&h=150&fit=fill&bg=000000&v=1463722174&auto=format&q=92&s=3e8e7480b7554c41b0e5da14290a7c17",
    "small": "https://ksr-ugc.imgix.net/assets/011/992/297/93010e0bf2dcdd1d7225dd0d9a7ebdae_original.jpg?w=160&h=90&fit=fill&bg=000000&v=1463722174&auto=format&q=92&s=50d93de5f77df031433450426f16dafa",
    "thumb": "https://ksr-ugc.imgix.net/assets/011/992/297/93010e0bf2dcdd1d7225dd0d9a7ebdae_original.jpg?w=40&h=22&fit=fill&bg=000000&v=1463722174&auto=format&q=92&s=4e27d84616484545d5861aa588e832ea"
  },
  "pledged": 1.0,
  "profile": {
    "background_color": null,
    "background_image_opacity": 0.8,
    "blurb": null,
    "feature_image_attributes": {
      "image_urls": {
        "baseball_card": "https://ksr-ugc.imgix.net/assets/011/992/297/93010e0bf2dcdd1d7225dd0d9a7ebdae_original.jpg?w=1552&h=873&fit=fill&bg=000000&v=1463722174&auto=format&q=92&s=59a2391bb9c62410f4575bd81c57d3b2",
        "default": "https://ksr-ugc.imgix.net/assets/011/992/297/93010e0bf2dcdd1d7225dd0d9a7ebdae_original.jpg?w=1552&h=873&fit=fill&bg=000000&v=1463722174&auto=format&q=92&s=59a2391bb9c62410f4575bd81c57d3b2"
      }
    },
    "id": 1614516,
    "link_background_color": null,
    "link_text": null,
    "link_text_color": null,
    "link_url": null,
    "name": null,
    "project_id": 1614516,
    "should_show_feature_image_section": true,
    "show_feature_image": false,
    "state": "inactive",
    "state_changed_at": 1425915889,
    "text_color": null
  },
  "slug": "be-part-of-something-great-believe-in-oikos-softwa",
  "spotlight": false,
  "staff_pick": false,
  "state": "canceled",
  "state_changed_at": 1424301167,
  "static_usd_rate": 1.0,
  "urls": {
    "web": {
      "project": "https://www.kickstarter.com/projects/1982201682/be-part-of-something-great-believe-in-oikos-softwa?ref=category_newest",
      "rewards": "https://www.kickstarter.com/projects/1982201682/be-part-of-something-great-believe-in-oikos-softwa/rewards"
    }
  },
  "usd_pledged": "1.0"
}