{
  "backers_count": 3,
  "blurb": "Transform your home, studio, theater or party with Brilli. Use Brilli to enhance your visual experience with dynamic colors.",
  "category": {
    "color": 6526716,
    "id": 337,
    "name": "Gadgets",
    "parent_id": 16,
    "position": 7,
    "slug": "technology/gadgets",
    "urls": {
      "web": {
        "discover": "http://www.kickstarter.com/discover/categories/technology/gadgets"
      }
    }
  },
  "country": "CA",
  "created_at": 1412721540,
  "creator": {
    "avatar": {
      "medium": "https://ksr-ugc.imgix.net/assets/009/251/344/a39b2404c2fc6abebfc6cad2a3a0cf88_original.JPG?w=160&h=160&fit=crop&v=1461568160&auto=format&q=92&s=6dd999c6595b1fdb795ed1234954ada3",
      "small": "https://ksr-ugc.imgix.net/assets/009/251/344/a39b2404c2fc6abebfc6cad2a3a0cf88_original.JPG?w=160&h=160&fit=crop&v=1461568160&auto=format&q=92&s=6dd999c6595b1fdb795ed1234954ada3",
      "thumb": "https://ksr-ugc.imgix.net/assets/009/251/344/a39b2404c2fc6abebfc6cad2a3a0cf88_original.JPG?w=40&h=40&fit=crop&v=1461568160&auto=format&q=92&s=3e87f49bf0056021091ffba43f3ef088"
    },
    "id": 143152889,
    "name": "Mark Arnott",
    "urls": {
      "api": {
        "user": "https://api.kickstarter.com/v1/users/143152889?signature=1488679548.33c222f4e9b7301f2b35b1ca1d5b069e0320118e"
      },
      "web": {
        "user": "https://www.kickstarter.com/profile/143152889"
      }
    }
  },
  "currency": "CAD",
  "currency_symbol": "$",
  "currency_trailing_code": true,
  "deadline": 1421165108,
  "disable_communication": false,
  "goal": 20000.0,
  "id": 1035792061,
  "launched_at": 1418141108,
  "location": {
    "country": "CA",
    "displayable_name": "Vancouver, Canada",
    "id": 9807,
    "is_root": false,
    "name": "Vancouver",
    "short_name": "Vancouver, Canada",
    "slug": "vancouver-ca",
    "state": "BC",
    "type": "Town",
    "urls": {
      "api": {
        "nearby_projects": "https://api.kickstarter.com/v1/discover?signature=1488668420.0d1c8a327548ec9a73d7a1b8be2f2a40d70e990b&woe_id=9807"
      },
      "web": {
        "discover": "https://www.kickstarter.com/discover/places/vancouver-ca",
        "location": "https://www.kickstarter.com/locations/vancouver-ca"
      }
    }
  },
  "name": "Brilli: Brilliant LED lighting at your fingertips",
  "photo": {
    "1024x576": "https://ksr-ugc.imgix.net/assets/011/899/701/b82bbf10064024f7eb90d11696d1922b_original.jpg?w=1024&h=576&fit=fill&bg=000000&v=1463712425&auto=format&q=92&s=d6d466b6a2be01acf221f5ae528d97f1",
    "1536x864": "https://ksr-ugc.imgix.net/assets/011/899/701/b82bbf10064024f7eb90d11696d1922b_original.jpg?w=1536&h=864&fit=fill&bg=000000&v=1463712425&auto=format&q=92&s=9523117ffdcb0632cb5b3c12ff9b858e",
    "ed": "https://ksr-ugc.imgix.net/assets/011/899/701/b82bbf10064024f7eb90d11696d1922b_original.jpg?w=338&h=190&fit=fill&bg=000000&v=1463712425&auto=format&q=92&s=7398ab362e9cb3f79269275a041f5694",
    "full": "https://ksr-ugc.imgix.net/assets/011/899/701/b82bbf10064024f7eb90d11696d1922b_original.jpg?w=560&h=315&fit=fill&bg=000000&v=1463712425&auto=format&q=92&s=2e59dc0d7fe5aba5704861c5fe279b2b",
    "key": "assets/011/899/701/b82bbf10064024f7eb90d11696d1922b_original.jpg",
    "little": "https://ksr-ugc.imgix.net/assets/011/899/701/b82bbf10064024f7eb90d11696d1922b_original.jpg?w=200&h=112&fit=fill&bg=000000&v=1463712425&auto=format&q=92&s=a3ed45f6dc5e2a281d62a1b7d0ec8be2",
    "med": "https://ksr-ugc.imgix.net/assets/011/899/701/b82bbf10064024f7eb90d11696d1922b_original.jpg?w=266&h=150&fit=fill&bg=000000&v=1463712425&auto=format&q=92&s=ad63778701cd09a83050aec47746f61e",
    "small": "https://ksr-ugc.imgix.net/assets/011/899/701/b82bbf10064024f7eb90d11696d1922b_original.jpg?w=160&h=90&fit=fill&bg=000000&v=1463712425&auto=format&q=92&s=3acc4ca159924876b586bfb2b62d8b2b",
    "thumb": "https://ksr-ugc.imgix.net/assets/011/899/701/b82bbf10064024f7eb90d11696d1922b_original.jpg?w=40&h=22&fit=fill&bg=000000&v=1463712425&auto=format&q=92&s=35c5eefc1a5848e0b29b8fc1a13199dd"
  },
  "pledged": 451.0,
  "profile": {
    "background_color": null,
    "background_image_opacity": 0.8,
    "blurb": null,
    "feature_image_attributes": {
      "image_urls": {
        "baseball_card": "https://ksr-ugc.imgix.net/assets/011/899/701/b82bbf10064024f7eb90d11696d1922b_original.jpg?w=1552&h=873&fit=fill&bg=000000&v=1463712425&auto=format&q=92&s=f0498a3081a303a756af80f8e34ce707",
        "default": "https://ksr-ugc.imgix.net/assets/011/899/701/b82bbf10064024f7eb90d11696d1922b_original.jpg?w=1552&h=873&fit=fill&bg=000000&v=1463712425&auto=format&q=92&s=f0498a3081a303a756af80f8e34ce707"
      }
    },
    "id": 1422118,
    "link_background_color": null,
    "link_text": null,
    "link_text_color": null,
    "link_url": null,
    "name": null,
    "project_id": 1422118,
    "should_show_feature_image_section": true,
    "show_feature_image": false,
    "state": "inactive",
    "state_changed_at": 1425915878,
    "text_color": null
  },
  "slug": "brilli-brilliant-led-lighting-at-your-fingertips",
  "spotlight": false,
  "staff_pick": false,
  "state": "failed",
  "state_changed_at": 1421165108,
  "static_usd_rate": 0.87513565,
  "urls": {
    "web": {
      "project": "https://www.kickstarter.com/projects/143152889/brilli-brilliant-led-lighting-at-your-fingertips?ref=category_newest",
      "rewards": "https://www.kickstarter.com/projects/143152889/brilli-brilliant-led-lighting-at-your-fingertips/rewards"
    }
  },
  "usd_pledged": "394.68617815"
}