{
  "backers_count": 0,
  "blurb": "Twin cities developers are building the circle for securely connecting to the internet by hiding information from the bad guys.",
  "category": {
    "color": 6526716,
    "id": 51,
    "name": "Software",
    "parent_id": 16,
    "position": 11,
    "slug": "technology/software",
    "urls": {
      "web": {
        "discover": "http://www.kickstarter.com/discover/categories/technology/software"
      }
    }
  },
  "country": "US",
  "created_at": 1438312289,
  "creator": {
    "avatar": {
      "medium": "https://ksr-ugc.imgix.net/assets/006/242/365/94c51ec44be2dfd5c500496ac9b07efc_original.jpg?w=160&h=160&fit=crop&v=1476072903&auto=format&q=92&s=81589a99c5dab5403c6f42771015315a",
      "small": "https://ksr-ugc.imgix.net/assets/006/242/365/94c51ec44be2dfd5c500496ac9b07efc_original.jpg?w=160&h=160&fit=crop&v=1476072903&auto=format&q=92&s=81589a99c5dab5403c6f42771015315a",
      "thumb": "https://ksr-ugc.imgix.net/assets/006/242/365/94c51ec44be2dfd5c500496ac9b07efc_original.jpg?w=40&h=40&fit=crop&v=1476072903&auto=format&q=92&s=7c56a3be2e0093f0a7da5a82a6f59c02"
    },
    "id": 247865417,
    "name": "Josiah Johnson Umezurike",
    "urls": {
      "api": {
        "user": "https://api.kickstarter.com/v1/users/247865417?signature=1488680329.721715e65fb4cfb5730156dee2330953c0a394d2"
      },
      "web": {
        "user": "https://www.kickstarter.com/profile/247865417"
      }
    }
  },
  "currency": "USD",
  "currency_symbol": "$",
  "currency_trailing_code": true,
  "deadline": 1440948221,
  "disable_communication": false,
  "goal": 50000.0,
  "id": 1035566636,
  "launched_at": 1438356221,
  "location": {
    "country": "US",
    "displayable_name": "Minneapolis, MN",
    "id": 2452078,
    "is_root": false,
    "name": "Minneapolis",
    "short_name": "Minneapolis, MN",
    "slug": "minneapolis-mn",
    "state": "MN",
    "type": "Town",
    "urls": {
      "api": {
        "nearby_projects": "https://api.kickstarter.com/v1/discover?signature=1488668419.5bf255aed7ab5ac2c3c8b9bc95d7c10c34e6f666&woe_id=2452078"
      },
      "web": {
        "discover": "https://www.kickstarter.com/discover/places/minneapolis-mn",
        "location": "https://www.kickstarter.com/locations/minneapolis-mn"
      }
    }
  },
  "name": "LokDon",
  "photo": {
    "1024x576": "https://ksr-ugc.imgix.net/assets/012/212/261/55e8819dd49c75ea51348adda30ebfd2_original.png?w=1024&h=576&fit=fill&bg=000000&v=1463742591&auto=format&q=92&s=deb095e5cc795cfbf1f7c6766222f1d9",
    "1536x864": "https://ksr-ugc.imgix.net/assets/012/212/261/55e8819dd49c75ea51348adda30ebfd2_original.png?w=1536&h=864&fit=fill&bg=000000&v=1463742591&auto=format&q=92&s=fd84c86f8aa38a0ce4a08204b0d0889e",
    "ed": "https://ksr-ugc.imgix.net/assets/012/212/261/55e8819dd49c75ea51348adda30ebfd2_original.png?w=338&h=190&fit=fill&bg=000000&v=1463742591&auto=format&q=92&s=ceaf61397990818abc2e4795ba6d3618",
    "full": "https://ksr-ugc.imgix.net/assets/012/212/261/55e8819dd49c75ea51348adda30ebfd2_original.png?w=560&h=315&fit=fill&bg=000000&v=1463742591&auto=format&q=92&s=2e59bbe70b4c43022d4ec5ca172d37f1",
    "key": "assets/012/212/261/55e8819dd49c75ea51348adda30ebfd2_original.png",
    "little": "https://ksr-ugc.imgix.net/assets/012/212/261/55e8819dd49c75ea51348adda30ebfd2_original.png?w=200&h=112&fit=fill&bg=000000&v=1463742591&auto=format&q=92&s=4509fae3e45b2d81b111a5f6076e0916",
    "med": "https://ksr-ugc.imgix.net/assets/012/212/261/55e8819dd49c75ea51348adda30ebfd2_original.png?w=266&h=150&fit=fill&bg=000000&v=1463742591&auto=format&q=92&s=3ebbb8263ed16afe7d641adfddc5c5c1",
    "small": "https://ksr-ugc.imgix.net/assets/012/212/261/55e8819dd49c75ea51348adda30ebfd2_original.png?w=160&h=90&fit=fill&bg=000000&v=1463742591&auto=format&q=92&s=bb0be387edef96447f886bf0f929db98",
    "thumb": "https://ksr-ugc.imgix.net/assets/012/212/261/55e8819dd49c75ea51348adda30ebfd2_original.png?w=40&h=22&fit=fill&bg=000000&v=1463742591&auto=format&q=92&s=b726370244803498172999520145d824"
  },
  "pledged": 0.0,
  "profile": {
    "background_color": null,
    "background_image_opacity": 0.8,
    "blurb": null,
    "feature_image_attributes": {
      "image_urls": {
        "baseball_card": "https://ksr-ugc.imgix.net/assets/012/212/261/55e8819dd49c75ea51348adda30ebfd2_original.png?w=1552&h=873&fit=fill&bg=000000&v=1463742591&auto=format&q=92&s=1cde82672d45d10bb3a84b8fd9a0c5e2",
        "default": "https://ksr-ugc.imgix.net/assets/012/212/261/55e8819dd49c75ea51348adda30ebfd2_original.png?w=1552&h=873&fit=fill&bg=000000&v=1463742591&auto=format&q=92&s=1cde82672d45d10bb3a84b8fd9a0c5e2"
      }
    },
    "id": 2043320,
    "link_background_color": null,
    "link_text": null,
    "link_text_color": null,
    "link_url": null,
    "name": null,
    "project_id": 2043320,
    "should_show_feature_image_section": true,
    "show_feature_image": false,
    "state": "inactive",
    "state_changed_at": 1438312289,
    "text_color": null
  },
  "slug": "lokdon",
  "spotlight": false,
  "staff_pick": false,
  "state": "failed",
  "state_changed_at": 1440948224,
  "static_usd_rate": 1.0,
  "urls": {
    "web": {
      "project": "https://www.kickstarter.com/projects/247865417/lokdon?ref=category_newest",
      "rewards": "https://www.kickstarter.com/projects/247865417/lokdon/rewards"
    }
  },
  "usd_pledged": "0.0"
}