{
  "backers_count": 0,
  "blurb": "We are a small business website. Designed to help people from all walks of society to achieve their business goals.",
  "category": {
    "color": 6526716,
    "id": 342,
    "name": "Web",
    "parent_id": 16,
    "position": 15,
    "slug": "technology/web",
    "urls": {
      "web": {
        "discover": "http://www.kickstarter.com/discover/categories/technology/web"
      }
    }
  },
  "country": "GB",
  "created_at": 1436110892,
  "creator": {
    "avatar": {
      "medium": "https://ksr-ugc.imgix.net/missing_user_avatar.png?w=160&h=160&fit=crop&v=&auto=format&q=92&s=c40e6ddb23a144ee8beca514ec2d6e58",
      "small": "https://ksr-ugc.imgix.net/missing_user_avatar.png?w=160&h=160&fit=crop&v=&auto=format&q=92&s=c40e6ddb23a144ee8beca514ec2d6e58",
      "thumb": "https://ksr-ugc.imgix.net/missing_user_avatar.png?w=40&h=40&fit=crop&v=&auto=format&q=92&s=8c0db61c92692000c2678b375fc31714"
    },
    "id": 1282063416,
    "name": "William (deleted)",
    "urls": {
      "api": {
        "user": "https://api.kickstarter.com/v1/users/1282063416?signature=1488680846.a39a9b49c79eff588d8e6fd0125a95401441a24e"
      },
      "web": {
        "user": "https://www.kickstarter.com/profile/1282063416"
      }
    }
  },
  "currency": "GBP",
  "currency_symbol": "\u00a3",
  "currency_trailing_code": false,
  "deadline": 1439658305,
  "disable_communication": false,
  "goal": 1100000.0,
  "id": 1035586107,
  "launched_at": 1436202305,
  "location": {
    "country": "GB",
    "displayable_name": "London, UK",
    "id": 44418,
    "is_root": false,
    "name": "London",
    "short_name": "London, UK",
    "slug": "london-gb",
    "state": "England",
    "type": "Town",
    "urls": {
      "api": {
        "nearby_projects": "https://api.kickstarter.com/v1/discover?signature=1488668416.b722aeee49187b0362a5f49f63b05fba1954673c&woe_id=44418"
      },
      "web": {
        "discover": "https://www.kickstarter.com/discover/places/london-gb",
        "location": "https://www.kickstarter.com/locations/london-gb"
      }
    }
  },
  "name": "Business Start-Up Advice",
  "photo": {
    "1024x576": "https://ksr-ugc.imgix.net/assets/012/187/951/1dcf4e9f9c633c89018f001a9a8d68d7_original.jpg?w=1024&h=576&fit=fill&bg=000000&v=1463740210&auto=format&q=92&s=669fdde8706d177e534cbb3a7ebc4f7d",
    "1536x864": "https://ksr-ugc.imgix.net/assets/012/187/951/1dcf4e9f9c633c89018f001a9a8d68d7_original.jpg?w=1536&h=864&fit=fill&bg=000000&v=1463740210&auto=format&q=92&s=a7047fc6415cca8e6fc4c04b09c3df6d",
    "ed": "https://ksr-ugc.imgix.net/assets/012/187/951/1dcf4e9f9c633c89018f001a9a8d68d7_original.jpg?w=338&h=190&fit=fill&bg=000000&v=1463740210&auto=format&q=92&s=7b0262df7b1c567b5bca5f023114f79d",
    "full": "https://ksr-ugc.imgix.net/assets/012/187/951/1dcf4e9f9c633c89018f001a9a8d68d7_original.jpg?w=560&h=315&fit=fill&bg=000000&v=1463740210&auto=format&q=92&s=be144018fe5dc5a60db35ed865fa44bd",
    "key": "assets/012/187/951/1dcf4e9f9c633c89018f001a9a8d68d7_original.jpg",
    "little": "https://ksr-ugc.imgix.net/assets/012/187/951/1dcf4e9f9c633c89018f001a9a8d68d7_original.jpg?w=200&h=112&fit=fill&bg=000000&v=1463740210&auto=format&q=92&s=b20e11d4d5bf0a3712e25c7682f8d313",
    "med": "https://ksr-ugc.imgix.net/assets/012/187/951/1dcf4e9f9c633c89018f001a9a8d68d7_original.jpg?w=266&h=150&fit=fill&bg=000000&v=1463740210&auto=format&q=92&s=4f70fcae9598bd35a937c626900f2c00",
    "small": "https://ksr-ugc.imgix.net/assets/012/187/951/1dcf4e9f9c633c89018f001a9a8d68d7_original.jpg?w=160&h=90&fit=fill&bg=000000&v=1463740210&auto=format&q=92&s=ef4a4a5c183f7c7b46dc4f585bcab45c",
    "thumb": "https://ksr-ugc.imgix.net/assets/012/187/951/1dcf4e9f9c633c89018f001a9a8d68d7_original.jpg?w=40&h=22&fit=fill&bg=000000&v=1463740210&auto=format&q=92&s=b6301e98b07f380303dbdeb7f42f3632"
  },
  "pledged": 0.0,
  "profile": {
    "background_color": null,
    "background_image_opacity": 0.8,
    "blurb": null,
    "feature_image_attributes": {
      "image_urls": {
        "baseball_card": "https://ksr-ugc.imgix.net/assets/012/187/951/1dcf4e9f9c633c89018f001a9a8d68d7_original.jpg?w=1552&h=873&fit=fill&bg=000000&v=1463740210&auto=format&q=92&s=a4916a0f8cc8910d7cd2c214a7676718",
        "default": "https://ksr-ugc.imgix.net/assets/012/187/951/1dcf4e9f9c633c89018f001a9a8d68d7_original.jpg?w=1552&h=873&fit=fill&bg=000000&v=1463740210&auto=format&q=92&s=a4916a0f8cc8910d7cd2c214a7676718"
      }
    },
    "id": 1997960,
    "link_background_color": null,
    "link_text": null,
    "link_text_color": null,
    "link_url": null,
    "name": null,
    "project_id": 1997960,
    "should_show_feature_image_section": true,
    "show_feature_image": false,
    "state": "inactive",
    "state_changed_at": 1436110892,
    "text_color": null
  },
  "slug": "business-start-up-advice",
  "spotlight": false,
  "staff_pick": false,
  "state": "failed",
  "state_changed_at": 1439658306,
  "static_usd_rate": 1.55715216,
  "urls": {
    "web": {
      "project": "https://www.kickstarter.com/projects/1282063416/business-start-up-advice?ref=category_newest",
      "rewards": "https://www.kickstarter.com/projects/1282063416/business-start-up-advice/rewards"
    }
  },
  "usd_pledged": "0.0"
}