{
  "backers_count": 20,
  "blurb": "Develop an 100 kilowatt intermediate working model of a land positioned vertical axis wind turbine.",
  "category": {
    "color": 6526716,
    "id": 52,
    "name": "Hardware",
    "parent_id": 16,
    "position": 8,
    "slug": "technology/hardware",
    "urls": {
      "web": {
        "discover": "http://www.kickstarter.com/discover/categories/technology/hardware"
      }
    }
  },
  "country": "US",
  "created_at": 1389025197,
  "creator": {
    "avatar": {
      "medium": "https://ksr-ugc.imgix.net/assets/007/996/183/6043194352268156810539f8efd2af50_original.jpg?w=160&h=160&fit=crop&v=1461496206&auto=format&q=92&s=f6f1c1c559af10b5a6d319f516558d04",
      "small": "https://ksr-ugc.imgix.net/assets/007/996/183/6043194352268156810539f8efd2af50_original.jpg?w=160&h=160&fit=crop&v=1461496206&auto=format&q=92&s=f6f1c1c559af10b5a6d319f516558d04",
      "thumb": "https://ksr-ugc.imgix.net/assets/007/996/183/6043194352268156810539f8efd2af50_original.jpg?w=40&h=40&fit=crop&v=1461496206&auto=format&q=92&s=d5dc8dadefc77528f9805f827ee1be70"
    },
    "id": 1891497541,
    "name": "Roto Wind Systems Inc.",
    "urls": {
      "api": {
        "user": "https://api.kickstarter.com/v1/users/1891497541?signature=1488679912.9e5facbb654461931c4de6ecdb78540022f2560f"
      },
      "web": {
        "user": "https://www.kickstarter.com/profile/1891497541"
      }
    }
  },
  "currency": "USD",
  "currency_symbol": "$",
  "currency_trailing_code": true,
  "deadline": 1406671616,
  "disable_communication": false,
  "goal": 220000.0,
  "id": 1035875636,
  "launched_at": 1401487616,
  "location": {
    "country": "US",
    "displayable_name": "Mesa, AZ",
    "id": 2449808,
    "is_root": false,
    "name": "Mesa",
    "short_name": "Mesa, AZ",
    "slug": "mesa-az",
    "state": "AZ",
    "type": "Town",
    "urls": {
      "api": {
        "nearby_projects": "https://api.kickstarter.com/v1/discover?signature=1488668421.b3a1f2e21df2caf153be148bb73183ba512703a4&woe_id=2449808"
      },
      "web": {
        "discover": "https://www.kickstarter.com/discover/places/mesa-az",
        "location": "https://www.kickstarter.com/locations/mesa-az"
      }
    }
  },
  "name": "Vertical Axis Wind Turbine with Airfoils",
  "photo": {
    "1024x576": "https://ksr-ugc.imgix.net/assets/011/631/281/46d2206899c7f0ce55cf76046c4b5cb0_original.jpg?w=1024&h=576&fit=fill&bg=000000&v=1463685873&auto=format&q=92&s=09fcdb6d958e6af80687c93f6e5dadba",
    "1536x864": "https://ksr-ugc.imgix.net/assets/011/631/281/46d2206899c7f0ce55cf76046c4b5cb0_original.jpg?w=1536&h=864&fit=fill&bg=000000&v=1463685873&auto=format&q=92&s=6e2b11bdc0218d7f00b0b3536bf28d7a",
    "ed": "https://ksr-ugc.imgix.net/assets/011/631/281/46d2206899c7f0ce55cf76046c4b5cb0_original.jpg?w=338&h=190&fit=fill&bg=000000&v=1463685873&auto=format&q=92&s=3a9fea552d05e0ea8223e948d30d86b6",
    "full": "https://ksr-ugc.imgix.net/assets/011/631/281/46d2206899c7f0ce55cf76046c4b5cb0_original.jpg?w=560&h=315&fit=fill&bg=000000&v=1463685873&auto=format&q=92&s=bb4689b7a32b5e6efebc45ee952e216c",
    "key": "assets/011/631/281/46d2206899c7f0ce55cf76046c4b5cb0_original.jpg",
    "little": "https://ksr-ugc.imgix.net/assets/011/631/281/46d2206899c7f0ce55cf76046c4b5cb0_original.jpg?w=200&h=112&fit=fill&bg=000000&v=1463685873&auto=format&q=92&s=965da8d865af397c286674f537265d38",
    "med": "https://ksr-ugc.imgix.net/assets/011/631/281/46d2206899c7f0ce55cf76046c4b5cb0_original.jpg?w=266&h=150&fit=fill&bg=000000&v=1463685873&auto=format&q=92&s=5913d76ad73646d91ae193070b89eea4",
    "small": "https://ksr-ugc.imgix.net/assets/011/631/281/46d2206899c7f0ce55cf76046c4b5cb0_original.jpg?w=160&h=90&fit=fill&bg=000000&v=1463685873&auto=format&q=92&s=afd07cc7e750e89e5f24f14fe87fff83",
    "thumb": "https://ksr-ugc.imgix.net/assets/011/631/281/46d2206899c7f0ce55cf76046c4b5cb0_original.jpg?w=40&h=22&fit=fill&bg=000000&v=1463685873&auto=format&q=92&s=a5885585b7c6674dd1f6608a8e4c7d37"
  },
  "pledged": 1795.0,
  "profile": {
    "background_color": null,
    "background_image_opacity": 0.8,
    "blurb": null,
    "feature_image_attributes": {
      "image_urls": {
        "baseball_card": "https://ksr-ugc.imgix.net/assets/011/631/281/46d2206899c7f0ce55cf76046c4b5cb0_original.jpg?w=1552&h=873&fit=fill&bg=000000&v=1463685873&auto=format&q=92&s=62dec41e5c88f9f54edbf9415dc3eb68",
        "default": "https://ksr-ugc.imgix.net/assets/011/631/281/46d2206899c7f0ce55cf76046c4b5cb0_original.jpg?w=1552&h=873&fit=fill&bg=000000&v=1463685873&auto=format&q=92&s=62dec41e5c88f9f54edbf9415dc3eb68"
      }
    },
    "id": 837627,
    "link_background_color": null,
    "link_text": null,
    "link_text_color": null,
    "link_url": null,
    "name": null,
    "project_id": 837627,
    "should_show_feature_image_section": true,
    "show_feature_image": false,
    "state": "inactive",
    "state_changed_at": 1425915845,
    "text_color": null
  },
  "slug": "vertical-axis-wind-turbine-with-airfoils",
  "spotlight": false,
  "staff_pick": false,
  "state": "failed",
  "state_changed_at": 1406671617,
  "static_usd_rate": 1.0,
  "urls": {
    "web": {
      "project": "https://www.kickstarter.com/projects/1891497541/vertical-axis-wind-turbine-with-airfoils?ref=category_newest",
      "rewards": "https://www.kickstarter.com/projects/1891497541/vertical-axis-wind-turbine-with-airfoils/rewards"
    }
  },
  "usd_pledged": "1795.0"
}