{
  "backers_count": 2,
  "blurb": "Support A Parent, A Social Network to find local advocacy within your community! Look at the categories in the Bio!",
  "category": {
    "color": 6526716,
    "id": 342,
    "name": "Web",
    "parent_id": 16,
    "position": 15,
    "slug": "technology/web",
    "urls": {
      "web": {
        "discover": "http://www.kickstarter.com/discover/categories/technology/web"
      }
    }
  },
  "country": "US",
  "created_at": 1442073636,
  "creator": {
    "avatar": {
      "medium": "https://ksr-ugc.imgix.net/assets/010/336/538/6a4adb442cd01e302fdf3d3228d71ed8_original.JPG?w=160&h=160&fit=crop&v=1461682014&auto=format&q=92&s=fdded98c2011d2179353ff6c6a15c903",
      "small": "https://ksr-ugc.imgix.net/assets/010/336/538/6a4adb442cd01e302fdf3d3228d71ed8_original.JPG?w=160&h=160&fit=crop&v=1461682014&auto=format&q=92&s=fdded98c2011d2179353ff6c6a15c903",
      "thumb": "https://ksr-ugc.imgix.net/assets/010/336/538/6a4adb442cd01e302fdf3d3228d71ed8_original.JPG?w=40&h=40&fit=crop&v=1461682014&auto=format&q=92&s=54d05635427fb79bafe1bd32fac7e95d"
    },
    "id": 1368715237,
    "name": "Shauntisha Eubanks",
    "urls": {
      "api": {
        "user": "https://api.kickstarter.com/v1/users/1368715237?signature=1488680898.209a18ee672992f960b76be4a2ac05d12b1f04e5"
      },
      "web": {
        "user": "https://www.kickstarter.com/profile/1368715237"
      }
    }
  },
  "currency": "USD",
  "currency_symbol": "$",
  "currency_trailing_code": true,
  "deadline": 1454620286,
  "disable_communication": false,
  "goal": 200000.0,
  "id": 1035350139,
  "launched_at": 1452028286,
  "location": {
    "country": "US",
    "displayable_name": "St. Louis, MO",
    "id": 2486982,
    "is_root": false,
    "name": "St. Louis",
    "short_name": "St. Louis, MO",
    "slug": "st-louis-mo",
    "state": "MO",
    "type": "Town",
    "urls": {
      "api": {
        "nearby_projects": "https://api.kickstarter.com/v1/discover?signature=1488668423.ddba37d6bbe898a7fd19c5c8eb27439937e7af2d&woe_id=2486982"
      },
      "web": {
        "discover": "https://www.kickstarter.com/discover/places/st-louis-mo",
        "location": "https://www.kickstarter.com/locations/st-louis-mo"
      }
    }
  },
  "name": "Support A Parent",
  "photo": {
    "1024x576": "https://ksr-ugc.imgix.net/assets/012/250/298/6a4adb442cd01e302fdf3d3228d71ed8_original.JPG?w=1024&h=576&fit=fill&bg=000000&v=1463746491&auto=format&q=92&s=80dbcec0adf0b7fe1625da80397a258e",
    "1536x864": "https://ksr-ugc.imgix.net/assets/012/250/298/6a4adb442cd01e302fdf3d3228d71ed8_original.JPG?w=1536&h=864&fit=fill&bg=000000&v=1463746491&auto=format&q=92&s=de967ef7fd3f0732518214b60ac11554",
    "ed": "https://ksr-ugc.imgix.net/assets/012/250/298/6a4adb442cd01e302fdf3d3228d71ed8_original.JPG?w=338&h=190&fit=fill&bg=000000&v=1463746491&auto=format&q=92&s=64b4c31c3ffa22e3b31416188578c192",
    "full": "https://ksr-ugc.imgix.net/assets/012/250/298/6a4adb442cd01e302fdf3d3228d71ed8_original.JPG?w=560&h=315&fit=fill&bg=000000&v=1463746491&auto=format&q=92&s=0f03286ed1f463e6b416a810040c6fbb",
    "key": "assets/012/250/298/6a4adb442cd01e302fdf3d3228d71ed8_original.JPG",
    "little": "https://ksr-ugc.imgix.net/assets/012/250/298/6a4adb442cd01e302fdf3d3228d71ed8_original.JPG?w=200&h=112&fit=fill&bg=000000&v=1463746491&auto=format&q=92&s=f4f3ce395bc33bbf20fac5f7e8d7f453",
    "med": "https://ksr-ugc.imgix.net/assets/012/250/298/6a4adb442cd01e302fdf3d3228d71ed8_original.JPG?w=266&h=150&fit=fill&bg=000000&v=1463746491&auto=format&q=92&s=d56f6ef54cd594daeae6979d151d6bb3",
    "small": "https://ksr-ugc.imgix.net/assets/012/250/298/6a4adb442cd01e302fdf3d3228d71ed8_original.JPG?w=160&h=90&fit=fill&bg=000000&v=1463746491&auto=format&q=92&s=71b4adf5960897a1060fda28b6d91cd1",
    "thumb": "https://ksr-ugc.imgix.net/assets/012/250/298/6a4adb442cd01e302fdf3d3228d71ed8_original.JPG?w=40&h=22&fit=fill&bg=000000&v=1463746491&auto=format&q=92&s=d499c2faf66e6195692272e5b752124d"
  },
  "pledged": 75.0,
  "profile": {
    "background_color": null,
    "background_image_opacity": 0.8,
    "blurb": null,
    "feature_image_attributes": {
      "image_urls": {
        "baseball_card": "https://ksr-ugc.imgix.net/assets/012/250/298/6a4adb442cd01e302fdf3d3228d71ed8_original.JPG?w=1552&h=873&fit=fill&bg=000000&v=1463746491&auto=format&q=92&s=6c68f79284eee13a1affe45bf63de60e",
        "default": "https://ksr-ugc.imgix.net/assets/012/250/298/6a4adb442cd01e302fdf3d3228d71ed8_original.JPG?w=1552&h=873&fit=fill&bg=000000&v=1463746491&auto=format&q=92&s=6c68f79284eee13a1affe45bf63de60e"
      }
    },
    "id": 2117308,
    "link_background_color": null,
    "link_text": null,
    "link_text_color": null,
    "link_url": null,
    "name": null,
    "project_id": 2117308,
    "should_show_feature_image_section": true,
    "show_feature_image": false,
    "state": "inactive",
    "state_changed_at": 1442073636,
    "text_color": null
  },
  "slug": "support-a-parent",
  "spotlight": false,
  "staff_pick": false,
  "state": "failed",
  "state_changed_at": 1454620286,
  "static_usd_rate": 1.0,
  "urls": {
    "web": {
      "project": "https://www.kickstarter.com/projects/1368715237/support-a-parent?ref=category_newest",
      "rewards": "https://www.kickstarter.com/projects/1368715237/support-a-parent/rewards"
    }
  },
  "usd_pledged": "75.0"
}