{
  "backers_count": 15,
  "blurb": "A true personal robot for development of consumer robotics applications.",
  "category": {
    "color": 6526716,
    "id": 338,
    "name": "Robots",
    "parent_id": 16,
    "position": 10,
    "slug": "technology/robots",
    "urls": {
      "web": {
        "discover": "http://www.kickstarter.com/discover/categories/technology/robots"
      }
    }
  },
  "country": "US",
  "created_at": 1457304589,
  "creator": {
    "avatar": {
      "medium": "https://ksr-ugc.imgix.net/assets/010/904/891/8477e2cf0389cda202a3041c1edd457a_original.JPG?w=160&h=160&fit=crop&v=1461719534&auto=format&q=92&s=7efe1cc43ce4a20a8294557d6a3c752d",
      "small": "https://ksr-ugc.imgix.net/assets/010/904/891/8477e2cf0389cda202a3041c1edd457a_original.JPG?w=160&h=160&fit=crop&v=1461719534&auto=format&q=92&s=7efe1cc43ce4a20a8294557d6a3c752d",
      "thumb": "https://ksr-ugc.imgix.net/assets/010/904/891/8477e2cf0389cda202a3041c1edd457a_original.JPG?w=40&h=40&fit=crop&v=1461719534&auto=format&q=92&s=8924ffae1379a4479d0252d18af65920"
    },
    "id": 254771949,
    "name": "Slant Robotics",
    "slug": "slantrobotics",
    "urls": {
      "api": {
        "user": "https://api.kickstarter.com/v1/users/254771949?signature=1488680137.08108ba99e499329cc1ece5ce48f0b0cdfc25c51"
      },
      "web": {
        "user": "https://www.kickstarter.com/profile/slantrobotics"
      }
    }
  },
  "currency": "USD",
  "currency_symbol": "$",
  "currency_trailing_code": true,
  "deadline": 1466283036,
  "disable_communication": false,
  "goal": 20000.0,
  "id": 1035279774,
  "launched_at": 1463259036,
  "location": {
    "country": "US",
    "displayable_name": "Boise, ID",
    "id": 2366355,
    "is_root": false,
    "name": "Boise",
    "short_name": "Boise, ID",
    "slug": "boise-id",
    "state": "ID",
    "type": "Town",
    "urls": {
      "api": {
        "nearby_projects": "https://api.kickstarter.com/v1/discover?signature=1488668419.7603cfda77dea9e898defe2e9bc115f5d7a2b7dc&woe_id=2366355"
      },
      "web": {
        "discover": "https://www.kickstarter.com/discover/places/boise-id",
        "location": "https://www.kickstarter.com/locations/boise-id"
      }
    }
  },
  "name": "Jerry: An Affordable Personal Robot",
  "photo": {
    "1024x576": "https://ksr-ugc.imgix.net/assets/012/399/327/f7452a2b65ccaafd268405c9823e6516_original.JPG?w=1024&h=576&fit=fill&bg=FDFDFD&v=1463942624&auto=format&q=92&s=a3c389543059eab99d43cf33cb128ff9",
    "1536x864": "https://ksr-ugc.imgix.net/assets/012/399/327/f7452a2b65ccaafd268405c9823e6516_original.JPG?w=1536&h=864&fit=fill&bg=FDFDFD&v=1463942624&auto=format&q=92&s=0163fe3ed3e470d6ad8c875aa06509f3",
    "ed": "https://ksr-ugc.imgix.net/assets/012/399/327/f7452a2b65ccaafd268405c9823e6516_original.JPG?w=338&h=190&fit=fill&bg=FDFDFD&v=1463942624&auto=format&q=92&s=67450f8a349b08dad672a8aa9e785914",
    "full": "https://ksr-ugc.imgix.net/assets/012/399/327/f7452a2b65ccaafd268405c9823e6516_original.JPG?w=560&h=315&fit=fill&bg=FDFDFD&v=1463942624&auto=format&q=92&s=b4dab5b4bf3967ea6d877306e55c0fd3",
    "key": "assets/012/399/327/f7452a2b65ccaafd268405c9823e6516_original.JPG",
    "little": "https://ksr-ugc.imgix.net/assets/012/399/327/f7452a2b65ccaafd268405c9823e6516_original.JPG?w=200&h=112&fit=fill&bg=FDFDFD&v=1463942624&auto=format&q=92&s=19f7f8c8c4dc2e4fc650c1f61f0a9dbd",
    "med": "https://ksr-ugc.imgix.net/assets/012/399/327/f7452a2b65ccaafd268405c9823e6516_original.JPG?w=266&h=150&fit=fill&bg=FDFDFD&v=1463942624&auto=format&q=92&s=1ae5d903784a3b6dbb0de126a710420e",
    "small": "https://ksr-ugc.imgix.net/assets/012/399/327/f7452a2b65ccaafd268405c9823e6516_original.JPG?w=160&h=90&fit=fill&bg=FDFDFD&v=1463942624&auto=format&q=92&s=7057c04dd642ebdb6d88cf51792c9dcc",
    "thumb": "https://ksr-ugc.imgix.net/assets/012/399/327/f7452a2b65ccaafd268405c9823e6516_original.JPG?w=40&h=22&fit=fill&bg=FDFDFD&v=1463942624&auto=format&q=92&s=fd38240615b364681d1749868980e5b3"
  },
  "pledged": 3290.0,
  "profile": {
    "background_color": null,
    "background_image_opacity": 0.8,
    "blurb": null,
    "feature_image_attributes": {
      "image_urls": {
        "baseball_card": "https://ksr-ugc.imgix.net/assets/012/399/327/f7452a2b65ccaafd268405c9823e6516_original.JPG?w=1552&h=873&fit=fill&bg=FDFDFD&v=1463942624&auto=format&q=92&s=a4423e38eaec72a1662393543e8e2645",
        "default": "https://ksr-ugc.imgix.net/assets/012/399/327/f7452a2b65ccaafd268405c9823e6516_original.JPG?w=1552&h=873&fit=fill&bg=FDFDFD&v=1463942624&auto=format&q=92&s=a4423e38eaec72a1662393543e8e2645"
      }
    },
    "id": 2410076,
    "link_background_color": null,
    "link_text": null,
    "link_text_color": null,
    "link_url": null,
    "name": null,
    "project_id": 2410076,
    "should_show_feature_image_section": true,
    "show_feature_image": false,
    "state": "inactive",
    "state_changed_at": 1457304589,
    "text_color": null
  },
  "slug": "jerry-an-affordable-jetsons-style-personal-robot",
  "spotlight": false,
  "staff_pick": false,
  "state": "failed",
  "state_changed_at": 1466283036,
  "static_usd_rate": 1.0,
  "urls": {
    "web": {
      "project": "https://www.kickstarter.com/projects/slantrobotics/jerry-an-affordable-jetsons-style-personal-robot?ref=category_newest",
      "rewards": "https://www.kickstarter.com/projects/slantrobotics/jerry-an-affordable-jetsons-style-personal-robot/rewards"
    }
  },
  "usd_pledged": "3290.0"
}