{
  "backers_count": 9,
  "blurb": "YouLoox is truly impressive holographic computer that integrates the physical world with virtual Universe of Things.",
  "category": {
    "color": 6526716,
    "id": 52,
    "name": "Hardware",
    "parent_id": 16,
    "position": 8,
    "slug": "technology/hardware",
    "urls": {
      "web": {
        "discover": "http://www.kickstarter.com/discover/categories/technology/hardware"
      }
    }
  },
  "country": "CA",
  "created_at": 1454944362,
  "creator": {
    "avatar": {
      "medium": "https://ksr-ugc.imgix.net/assets/010/808/031/1ca14d1764f28a4e8e86f88ca76b4e91_original.png?w=160&h=160&fit=crop&v=1461713606&auto=format&q=92&s=97e6d0b7279117ab0aace1004ffd7ef1",
      "small": "https://ksr-ugc.imgix.net/assets/010/808/031/1ca14d1764f28a4e8e86f88ca76b4e91_original.png?w=160&h=160&fit=crop&v=1461713606&auto=format&q=92&s=97e6d0b7279117ab0aace1004ffd7ef1",
      "thumb": "https://ksr-ugc.imgix.net/assets/010/808/031/1ca14d1764f28a4e8e86f88ca76b4e91_original.png?w=40&h=40&fit=crop&v=1461713606&auto=format&q=92&s=2f845b8bde8516817dcac9f4a297c605"
    },
    "id": 80702395,
    "name": "YouLoox",
    "slug": "mikekh",
    "urls": {
      "api": {
        "user": "https://api.kickstarter.com/v1/users/80702395?signature=1488680067.c8e53ec6824c6691754198c5cfc55ceab8a59d8f"
      },
      "web": {
        "user": "https://www.kickstarter.com/profile/mikekh"
      }
    }
  },
  "currency": "CAD",
  "currency_symbol": "$",
  "currency_trailing_code": true,
  "deadline": 1464314419,
  "disable_communication": true,
  "goal": 3000000.0,
  "id": 1035278536,
  "launched_at": 1459130419,
  "location": {
    "country": "CA",
    "displayable_name": "Toronto, Canada",
    "id": 4118,
    "is_root": false,
    "name": "Toronto",
    "short_name": "Toronto, Canada",
    "slug": "toronto-on-ca",
    "state": "ON",
    "type": "Town",
    "urls": {
      "api": {
        "nearby_projects": "https://api.kickstarter.com/v1/discover?signature=1488668420.6cf3cba43c384a6530561e4c2f027f089e49c3ee&woe_id=4118"
      },
      "web": {
        "discover": "https://www.kickstarter.com/discover/places/toronto-on-ca",
        "location": "https://www.kickstarter.com/locations/toronto-on-ca"
      }
    }
  },
  "name": "YouLoox - Awesome Holographic Computer (Suspended)",
  "photo": {
    "1024x576": "https://ksr-ugc.imgix.net/assets/012/375/443/e05961d13272ce56707fbd8bfa815642_original.png?w=1024&h=576&fit=fill&bg=070608&v=1463757732&auto=format&q=92&s=6e6f77800a087a537adf22b7e2a48ded",
    "1536x864": "https://ksr-ugc.imgix.net/assets/012/375/443/e05961d13272ce56707fbd8bfa815642_original.png?w=1536&h=864&fit=fill&bg=070608&v=1463757732&auto=format&q=92&s=6adad06de00889a9387cb6e3f7e0acbd",
    "ed": "https://ksr-ugc.imgix.net/assets/012/375/443/e05961d13272ce56707fbd8bfa815642_original.png?w=338&h=190&fit=fill&bg=070608&v=1463757732&auto=format&q=92&s=bb760f731f0f4729f7ae773bcf474cab",
    "full": "https://ksr-ugc.imgix.net/assets/012/375/443/e05961d13272ce56707fbd8bfa815642_original.png?w=560&h=315&fit=fill&bg=070608&v=1463757732&auto=format&q=92&s=a68b333a120bc1e4ec19ae9723dc1243",
    "key": "assets/012/375/443/e05961d13272ce56707fbd8bfa815642_original.png",
    "little": "https://ksr-ugc.imgix.net/assets/012/375/443/e05961d13272ce56707fbd8bfa815642_original.png?w=200&h=112&fit=fill&bg=070608&v=1463757732&auto=format&q=92&s=97b5fea8f247a92ae477a419fed12b24",
    "med": "https://ksr-ugc.imgix.net/assets/012/375/443/e05961d13272ce56707fbd8bfa815642_original.png?w=266&h=150&fit=fill&bg=070608&v=1463757732&auto=format&q=92&s=d4f2f1c5e58d4c3f739d706ceec820ba",
    "small": "https://ksr-ugc.imgix.net/assets/012/375/443/e05961d13272ce56707fbd8bfa815642_original.png?w=160&h=90&fit=fill&bg=070608&v=1463757732&auto=format&q=92&s=9704b2952caf5aacf9beb4601b8d1e2b",
    "thumb": "https://ksr-ugc.imgix.net/assets/012/375/443/e05961d13272ce56707fbd8bfa815642_original.png?w=40&h=22&fit=fill&bg=070608&v=1463757732&auto=format&q=92&s=21f5eba957e6b79d46186901fb048f16"
  },
  "pledged": 1301.0,
  "profile": {
    "background_color": null,
    "background_image_opacity": 0.8,
    "blurb": null,
    "feature_image_attributes": {
      "image_urls": {
        "baseball_card": "https://ksr-ugc.imgix.net/assets/012/375/443/e05961d13272ce56707fbd8bfa815642_original.png?w=1552&h=873&fit=fill&bg=070608&v=1463757732&auto=format&q=92&s=546b1ae9716f71faea54f0a589eee0fb",
        "default": "https://ksr-ugc.imgix.net/assets/012/375/443/e05961d13272ce56707fbd8bfa815642_original.png?w=1552&h=873&fit=fill&bg=070608&v=1463757732&auto=format&q=92&s=546b1ae9716f71faea54f0a589eee0fb"
      }
    },
    "id": 2363640,
    "link_background_color": null,
    "link_text": null,
    "link_text_color": null,
    "link_url": null,
    "name": null,
    "project_id": 2363640,
    "should_show_feature_image_section": true,
    "show_feature_image": false,
    "state": "inactive",
    "state_changed_at": 1454944362,
    "text_color": null
  },
  "slug": "youloox-awesome-holographic-computer",
  "spotlight": false,
  "staff_pick": false,
  "state": "suspended",
  "state_changed_at": 1459958646,
  "static_usd_rate": 0.75390049,
  "urls": {
    "web": {
      "project": "https://www.kickstarter.com/projects/mikekh/youloox-awesome-holographic-computer?ref=category_newest",
      "rewards": "https://www.kickstarter.com/projects/mikekh/youloox-awesome-holographic-computer/rewards"
    }
  },
  "usd_pledged": "980.82453749"
}