{
  "backers_count": 4,
  "blurb": "New News app's mission is to assist you when you are forming your opinions on contemporary controversial issues.",
  "category": {
    "color": 6526716,
    "id": 332,
    "name": "Apps",
    "parent_id": 16,
    "position": 2,
    "slug": "technology/apps",
    "urls": {
      "web": {
        "discover": "http://www.kickstarter.com/discover/categories/technology/apps"
      }
    }
  },
  "country": "US",
  "created_at": 1425606038,
  "creator": {
    "avatar": {
      "medium": "https://ksr-ugc.imgix.net/assets/009/647/559/96a2090104bde0858333c532167203f1_original.JPG?w=160&h=160&fit=crop&v=1461612191&auto=format&q=92&s=c63f3429d246979e2a9f4b6d1a76f9bf",
      "small": "https://ksr-ugc.imgix.net/assets/009/647/559/96a2090104bde0858333c532167203f1_original.JPG?w=160&h=160&fit=crop&v=1461612191&auto=format&q=92&s=c63f3429d246979e2a9f4b6d1a76f9bf",
      "thumb": "https://ksr-ugc.imgix.net/assets/009/647/559/96a2090104bde0858333c532167203f1_original.JPG?w=40&h=40&fit=crop&v=1461612191&auto=format&q=92&s=0a6a3b981e6b1059cdb0965c142b8025"
    },
    "id": 777395722,
    "name": "Roman Koval",
    "urls": {
      "api": {
        "user": "https://api.kickstarter.com/v1/users/777395722?signature=1488678986.2354997571da91d494f5ab5bad6debb2cd845225"
      },
      "web": {
        "user": "https://www.kickstarter.com/profile/777395722"
      }
    }
  },
  "currency": "USD",
  "currency_symbol": "$",
  "currency_trailing_code": true,
  "deadline": 1428641362,
  "disable_communication": false,
  "goal": 50000.0,
  "id": 1036052473,
  "launched_at": 1426049362,
  "location": {
    "country": "US",
    "displayable_name": "Reno, NV",
    "id": 2480201,
    "is_root": false,
    "name": "Reno",
    "short_name": "Reno, NV",
    "slug": "reno-nv",
    "state": "NV",
    "type": "Town",
    "urls": {
      "api": {
        "nearby_projects": "https://api.kickstarter.com/v1/discover?signature=1488668426.eef941b3766633406383ca5eb3f3b07d669e9115&woe_id=2480201"
      },
      "web": {
        "discover": "https://www.kickstarter.com/discover/places/reno-nv",
        "location": "https://www.kickstarter.com/locations/reno-nv"
      }
    }
  },
  "name": "New News 2, news aggregator with a twist",
  "photo": {
    "1024x576": "https://ksr-ugc.imgix.net/assets/012/060/201/be411107df126153fedf70e9a7f2938e_original.png?w=1024&h=576&fit=fill&bg=000000&v=1463728290&auto=format&q=92&s=a65b087b46d608cc97a7ab394826f627",
    "1536x864": "https://ksr-ugc.imgix.net/assets/012/060/201/be411107df126153fedf70e9a7f2938e_original.png?w=1536&h=864&fit=fill&bg=000000&v=1463728290&auto=format&q=92&s=e273d2f025f52ab14ce7bd4938226415",
    "ed": "https://ksr-ugc.imgix.net/assets/012/060/201/be411107df126153fedf70e9a7f2938e_original.png?w=338&h=190&fit=fill&bg=000000&v=1463728290&auto=format&q=92&s=3819b95b18bf1d356f038d6b8d08ab2d",
    "full": "https://ksr-ugc.imgix.net/assets/012/060/201/be411107df126153fedf70e9a7f2938e_original.png?w=560&h=315&fit=fill&bg=000000&v=1463728290&auto=format&q=92&s=28a3c48eea02d36fced7f801c7dfe901",
    "key": "assets/012/060/201/be411107df126153fedf70e9a7f2938e_original.png",
    "little": "https://ksr-ugc.imgix.net/assets/012/060/201/be411107df126153fedf70e9a7f2938e_original.png?w=200&h=112&fit=fill&bg=000000&v=1463728290&auto=format&q=92&s=8353d0642a9e0008b8567122f0189ace",
    "med": "https://ksr-ugc.imgix.net/assets/012/060/201/be411107df126153fedf70e9a7f2938e_original.png?w=266&h=150&fit=fill&bg=000000&v=1463728290&auto=format&q=92&s=a296cb2071acedfbc6cd71a2bb4f6846",
    "small": "https://ksr-ugc.imgix.net/assets/012/060/201/be411107df126153fedf70e9a7f2938e_original.png?w=160&h=90&fit=fill&bg=000000&v=1463728290&auto=format&q=92&s=782963dcc7fdeee2a37a5e2304681bde",
    "thumb": "https://ksr-ugc.imgix.net/assets/012/060/201/be411107df126153fedf70e9a7f2938e_original.png?w=40&h=22&fit=fill&bg=000000&v=1463728290&auto=format&q=92&s=3581b0e92a826e0814aa37299b8ba6b2"
  },
  "pledged": 141.0,
  "profile": {
    "background_color": null,
    "background_image_opacity": 0.8,
    "blurb": null,
    "feature_image_attributes": {
      "image_urls": {
        "baseball_card": "https://ksr-ugc.imgix.net/assets/012/060/201/be411107df126153fedf70e9a7f2938e_original.png?w=1552&h=873&fit=fill&bg=000000&v=1463728290&auto=format&q=92&s=3c40ffef6647cd8f62ec0f09a844ed6f",
        "default": "https://ksr-ugc.imgix.net/assets/012/060/201/be411107df126153fedf70e9a7f2938e_original.png?w=1552&h=873&fit=fill&bg=000000&v=1463728290&auto=format&q=92&s=3c40ffef6647cd8f62ec0f09a844ed6f"
      }
    },
    "id": 1751857,
    "link_background_color": null,
    "link_text": null,
    "link_text_color": null,
    "link_url": null,
    "name": null,
    "project_id": 1751857,
    "should_show_feature_image_section": true,
    "show_feature_image": false,
    "state": "inactive",
    "state_changed_at": 1425915896,
    "text_color": null
  },
  "slug": "new-news-2-news-aggregator-with-a-twist",
  "spotlight": false,
  "staff_pick": false,
  "state": "failed",
  "state_changed_at": 1428641365,
  "static_usd_rate": 1.0,
  "urls": {
    "web": {
      "project": "https://www.kickstarter.com/projects/777395722/new-news-2-news-aggregator-with-a-twist?ref=category_newest",
      "rewards": "https://www.kickstarter.com/projects/777395722/new-news-2-news-aggregator-with-a-twist/rewards"
    }
  },
  "usd_pledged": "141.0"
}