{
  "backers_count": 0,
  "blurb": "Recruiters need a simple solution to manage candidates, offer employment tests/grades, and track history in an access-anywhere setting.",
  "category": {
    "color": 6526716,
    "id": 342,
    "name": "Web",
    "parent_id": 16,
    "position": 15,
    "slug": "technology/web",
    "urls": {
      "web": {
        "discover": "http://www.kickstarter.com/discover/categories/technology/web"
      }
    }
  },
  "country": "US",
  "created_at": 1406482275,
  "creator": {
    "avatar": {
      "medium": "https://ksr-ugc.imgix.net/assets/009/080/592/96913358f2c2309b11c3200edbc37014_original.jpeg?w=160&h=160&fit=crop&v=1461556701&auto=format&q=92&s=b7af2021d46f4a21677fb0f1d16d9d44",
      "small": "https://ksr-ugc.imgix.net/assets/009/080/592/96913358f2c2309b11c3200edbc37014_original.jpeg?w=160&h=160&fit=crop&v=1461556701&auto=format&q=92&s=b7af2021d46f4a21677fb0f1d16d9d44",
      "thumb": "https://ksr-ugc.imgix.net/assets/009/080/592/96913358f2c2309b11c3200edbc37014_original.jpeg?w=40&h=40&fit=crop&v=1461556701&auto=format&q=92&s=473cae2958b31178c468cb2c26eba96e"
    },
    "id": 65618887,
    "name": "James Hollenbeck",
    "urls": {
      "api": {
        "user": "https://api.kickstarter.com/v1/users/65618887?signature=1488680707.c9092e8cb0c5cfa7bc350c3423bbea49ed0695d3"
      },
      "web": {
        "user": "https://www.kickstarter.com/profile/65618887"
      }
    }
  },
  "currency": "USD",
  "currency_symbol": "$",
  "currency_trailing_code": true,
  "deadline": 1410130753,
  "disable_communication": false,
  "goal": 240000.0,
  "id": 103633460,
  "launched_at": 1406501953,
  "location": {
    "country": "US",
    "displayable_name": "Marysville, MI",
    "id": 2446575,
    "is_root": false,
    "name": "Marysville",
    "short_name": "Marysville, MI",
    "slug": "marysville-mi",
    "state": "MI",
    "type": "Town",
    "urls": {
      "api": {
        "nearby_projects": "https://api.kickstarter.com/v1/discover?signature=1488668953.ea3ba50c3d5a25cbe0041e1522a22a37b5b2e8cb&woe_id=2446575"
      },
      "web": {
        "discover": "https://www.kickstarter.com/discover/places/marysville-mi",
        "location": "https://www.kickstarter.com/locations/marysville-mi"
      }
    }
  },
  "name": "Bluewater Beacon - Cloud Based Recruiting Management",
  "photo": {
    "1024x576": "https://ksr-ugc.imgix.net/assets/011/808/670/565d1caa33ad2e731554d371224e300b_original.jpg?w=1024&h=576&fit=fill&bg=000000&v=1463697625&auto=format&q=92&s=641c60f32f657d9e5ec8e33a7136d934",
    "1536x864": "https://ksr-ugc.imgix.net/assets/011/808/670/565d1caa33ad2e731554d371224e300b_original.jpg?w=1536&h=864&fit=fill&bg=000000&v=1463697625&auto=format&q=92&s=d30e45d25c69d1b76bbf92dd39283571",
    "ed": "https://ksr-ugc.imgix.net/assets/011/808/670/565d1caa33ad2e731554d371224e300b_original.jpg?w=338&h=190&fit=fill&bg=000000&v=1463697625&auto=format&q=92&s=30c4e3e27ff5348b4e02a7663ae8f9fe",
    "full": "https://ksr-ugc.imgix.net/assets/011/808/670/565d1caa33ad2e731554d371224e300b_original.jpg?w=560&h=315&fit=fill&bg=000000&v=1463697625&auto=format&q=92&s=a9bba3def81839c837e9c2189198d351",
    "key": "assets/011/808/670/565d1caa33ad2e731554d371224e300b_original.jpg",
    "little": "https://ksr-ugc.imgix.net/assets/011/808/670/565d1caa33ad2e731554d371224e300b_original.jpg?w=200&h=112&fit=fill&bg=000000&v=1463697625&auto=format&q=92&s=6a88acceeeee5b4e4e89cba479b8f8bd",
    "med": "https://ksr-ugc.imgix.net/assets/011/808/670/565d1caa33ad2e731554d371224e300b_original.jpg?w=266&h=150&fit=fill&bg=000000&v=1463697625&auto=format&q=92&s=08b5430e6ac762ad8d58c83e18166978",
    "small": "https://ksr-ugc.imgix.net/assets/011/808/670/565d1caa33ad2e731554d371224e300b_original.jpg?w=160&h=90&fit=fill&bg=000000&v=1463697625&auto=format&q=92&s=fbded060f3f9ef8ffb173ee8480f77fe",
    "thumb": "https://ksr-ugc.imgix.net/assets/011/808/670/565d1caa33ad2e731554d371224e300b_original.jpg?w=40&h=22&fit=fill&bg=000000&v=1463697625&auto=format&q=92&s=50a18e5dfc302d7502a2709e5811fd37"
  },
  "pledged": 0.0,
  "profile": {
    "background_color": null,
    "background_image_opacity": 0.8,
    "blurb": null,
    "feature_image_attributes": {
      "image_urls": {
        "baseball_card": "https://ksr-ugc.imgix.net/assets/011/808/670/565d1caa33ad2e731554d371224e300b_original.jpg?w=1552&h=873&fit=fill&bg=000000&v=1463697625&auto=format&q=92&s=1080009d2ece849cb023012c43e70cd4",
        "default": "https://ksr-ugc.imgix.net/assets/011/808/670/565d1caa33ad2e731554d371224e300b_original.jpg?w=1552&h=873&fit=fill&bg=000000&v=1463697625&auto=format&q=92&s=1080009d2ece849cb023012c43e70cd4"
      }
    },
    "id": 1232598,
    "link_background_color": null,
    "link_text": null,
    "link_text_color": null,
    "link_url": null,
    "name": null,
    "project_id": 1232598,
    "should_show_feature_image_section": true,
    "show_feature_image": false,
    "state": "inactive",
    "state_changed_at": 1425915868,
    "text_color": null
  },
  "slug": "bluewater-beacon-cloud-based-recruiting-management",
  "spotlight": false,
  "staff_pick": false,
  "state": "failed",
  "state_changed_at": 1410130810,
  "static_usd_rate": 1.0,
  "urls": {
    "web": {
      "project": "https://www.kickstarter.com/projects/65618887/bluewater-beacon-cloud-based-recruiting-management?ref=category_newest",
      "rewards": "https://www.kickstarter.com/projects/65618887/bluewater-beacon-cloud-based-recruiting-management/rewards"
    }
  },
  "usd_pledged": "0.0"
}