{
  "backers_count": 1,
  "blurb": "An utter rival to Shazam. Black Adam will allow you to snap a pic of an actor and instantly search for his name and filmography.",
  "category": {
    "color": 6526716,
    "id": 332,
    "name": "Apps",
    "parent_id": 16,
    "position": 2,
    "slug": "technology/apps",
    "urls": {
      "web": {
        "discover": "http://www.kickstarter.com/discover/categories/technology/apps"
      }
    }
  },
  "country": "US",
  "created_at": 1423313634,
  "creator": {
    "avatar": {
      "medium": "https://ksr-ugc.imgix.net/assets/009/543/578/42cf2cc15af7df7429256215e7c54e39_original.jpeg?w=160&h=160&fit=crop&v=1461602213&auto=format&q=92&s=198e7a515010e618c6b30f5a62094233",
      "small": "https://ksr-ugc.imgix.net/assets/009/543/578/42cf2cc15af7df7429256215e7c54e39_original.jpeg?w=160&h=160&fit=crop&v=1461602213&auto=format&q=92&s=198e7a515010e618c6b30f5a62094233",
      "thumb": "https://ksr-ugc.imgix.net/assets/009/543/578/42cf2cc15af7df7429256215e7c54e39_original.jpeg?w=40&h=40&fit=crop&v=1461602213&auto=format&q=92&s=b5ed83621657d0c68df7bc3cf89c07ad"
    },
    "id": 205957793,
    "name": "matt stumm",
    "urls": {
      "api": {
        "user": "https://api.kickstarter.com/v1/users/205957793?signature=1488678966.e0a6b3588d4c6a02969d37433d7dbc94b84213f3"
      },
      "web": {
        "user": "https://www.kickstarter.com/profile/205957793"
      }
    }
  },
  "currency": "USD",
  "currency_symbol": "$",
  "currency_trailing_code": true,
  "deadline": 1427199464,
  "disable_communication": false,
  "goal": 5000.0,
  "id": 1036026550,
  "launched_at": 1423315064,
  "location": {
    "country": "US",
    "displayable_name": "Minneapolis, MN",
    "id": 2452078,
    "is_root": false,
    "name": "Minneapolis",
    "short_name": "Minneapolis, MN",
    "slug": "minneapolis-mn",
    "state": "MN",
    "type": "Town",
    "urls": {
      "api": {
        "nearby_projects": "https://api.kickstarter.com/v1/discover?signature=1488668419.5bf255aed7ab5ac2c3c8b9bc95d7c10c34e6f666&woe_id=2452078"
      },
      "web": {
        "discover": "https://www.kickstarter.com/discover/places/minneapolis-mn",
        "location": "https://www.kickstarter.com/locations/minneapolis-mn"
      }
    }
  },
  "name": "Black Adam App",
  "photo": {
    "1024x576": "https://ksr-ugc.imgix.net/assets/012/028/955/72b01e05744df1c94e215e57301ed0f9_original.jpg?w=1024&h=576&fit=fill&bg=000000&v=1463725434&auto=format&q=92&s=8944b0c756428730b5de8f28a5eb7aa2",
    "1536x864": "https://ksr-ugc.imgix.net/assets/012/028/955/72b01e05744df1c94e215e57301ed0f9_original.jpg?w=1536&h=864&fit=fill&bg=000000&v=1463725434&auto=format&q=92&s=b92170225c587c84d1abd2e490cd76f1",
    "ed": "https://ksr-ugc.imgix.net/assets/012/028/955/72b01e05744df1c94e215e57301ed0f9_original.jpg?w=338&h=190&fit=fill&bg=000000&v=1463725434&auto=format&q=92&s=3f5023ae349fb96f3edec3a48933b5ad",
    "full": "https://ksr-ugc.imgix.net/assets/012/028/955/72b01e05744df1c94e215e57301ed0f9_original.jpg?w=560&h=315&fit=fill&bg=000000&v=1463725434&auto=format&q=92&s=dc35faf5f07d606e49c86bd489358f70",
    "key": "assets/012/028/955/72b01e05744df1c94e215e57301ed0f9_original.jpg",
    "little": "https://ksr-ugc.imgix.net/assets/012/028/955/72b01e05744df1c94e215e57301ed0f9_original.jpg?w=200&h=112&fit=fill&bg=000000&v=1463725434&auto=format&q=92&s=55496e640fc01cab1f4848a45d74f0eb",
    "med": "https://ksr-ugc.imgix.net/assets/012/028/955/72b01e05744df1c94e215e57301ed0f9_original.jpg?w=266&h=150&fit=fill&bg=000000&v=1463725434&auto=format&q=92&s=2d68667cb06ba59001b4de8f38e86617",
    "small": "https://ksr-ugc.imgix.net/assets/012/028/955/72b01e05744df1c94e215e57301ed0f9_original.jpg?w=160&h=90&fit=fill&bg=000000&v=1463725434&auto=format&q=92&s=aeb788ed17a2d13c3c9a40c626e14662",
    "thumb": "https://ksr-ugc.imgix.net/assets/012/028/955/72b01e05744df1c94e215e57301ed0f9_original.jpg?w=40&h=22&fit=fill&bg=000000&v=1463725434&auto=format&q=92&s=495978aaaa4fe51340f28021a91ab6fa"
  },
  "pledged": 2.0,
  "profile": {
    "background_color": null,
    "background_image_opacity": 0.8,
    "blurb": null,
    "feature_image_attributes": {
      "image_urls": {
        "baseball_card": "https://ksr-ugc.imgix.net/assets/012/028/955/72b01e05744df1c94e215e57301ed0f9_original.jpg?w=1552&h=873&fit=fill&bg=000000&v=1463725434&auto=format&q=92&s=b8737918bd01c058ead5d63a45ccc386",
        "default": "https://ksr-ugc.imgix.net/assets/012/028/955/72b01e05744df1c94e215e57301ed0f9_original.jpg?w=1552&h=873&fit=fill&bg=000000&v=1463725434&auto=format&q=92&s=b8737918bd01c058ead5d63a45ccc386"
      }
    },
    "id": 1689429,
    "link_background_color": null,
    "link_text": null,
    "link_text_color": null,
    "link_url": null,
    "name": null,
    "project_id": 1689429,
    "should_show_feature_image_section": true,
    "show_feature_image": false,
    "state": "inactive",
    "state_changed_at": 1425915893,
    "text_color": null
  },
  "slug": "black-adam-app",
  "spotlight": false,
  "staff_pick": false,
  "state": "failed",
  "state_changed_at": 1427199468,
  "static_usd_rate": 1.0,
  "urls": {
    "web": {
      "project": "https://www.kickstarter.com/projects/205957793/black-adam-app?ref=category_newest",
      "rewards": "https://www.kickstarter.com/projects/205957793/black-adam-app/rewards"
    }
  },
  "usd_pledged": "2.0"
}