{
  "backers_count": 0,
  "blurb": "ubirX is a new platform for same-day on-demand pickup & delivery of most items! We offer 4 different and convenient price options!",
  "category": {
    "color": 6526716,
    "id": 332,
    "name": "Apps",
    "parent_id": 16,
    "position": 2,
    "slug": "technology/apps",
    "urls": {
      "web": {
        "discover": "http://www.kickstarter.com/discover/categories/technology/apps"
      }
    }
  },
  "country": "US",
  "created_at": 1432572205,
  "creator": {
    "avatar": {
      "medium": "https://ksr-ugc.imgix.net/assets/009/948/769/c4bfcfa9d2c819a0e22cd517048ce241_original.jpg?w=160&h=160&fit=crop&v=1461655086&auto=format&q=92&s=0064860e5f889772042cc01e676f9fa0",
      "small": "https://ksr-ugc.imgix.net/assets/009/948/769/c4bfcfa9d2c819a0e22cd517048ce241_original.jpg?w=160&h=160&fit=crop&v=1461655086&auto=format&q=92&s=0064860e5f889772042cc01e676f9fa0",
      "thumb": "https://ksr-ugc.imgix.net/assets/009/948/769/c4bfcfa9d2c819a0e22cd517048ce241_original.jpg?w=40&h=40&fit=crop&v=1461655086&auto=format&q=92&s=dcbe851766a1f0dd6429f7c960e4a67e"
    },
    "id": 1800281477,
    "name": "Conrad Harley",
    "urls": {
      "api": {
        "user": "https://api.kickstarter.com/v1/users/1800281477?signature=1488679044.583387ff4d45f3e3d6a2aab7d81c9f73696a8e09"
      },
      "web": {
        "user": "https://www.kickstarter.com/profile/1800281477"
      }
    }
  },
  "currency": "USD",
  "currency_symbol": "$",
  "currency_trailing_code": true,
  "deadline": 1437016260,
  "disable_communication": false,
  "goal": 12000.0,
  "id": 1036660274,
  "launched_at": 1434430018,
  "location": {
    "country": "US",
    "displayable_name": "Raleigh, NC",
    "id": 2478307,
    "is_root": false,
    "name": "Raleigh",
    "short_name": "Raleigh, NC",
    "slug": "raleigh-nc",
    "state": "NC",
    "type": "Town",
    "urls": {
      "api": {
        "nearby_projects": "https://api.kickstarter.com/v1/discover?signature=1488668423.18727a31646b938a540085f0fcaaf9426a5d99be&woe_id=2478307"
      },
      "web": {
        "discover": "https://www.kickstarter.com/discover/places/raleigh-nc",
        "location": "https://www.kickstarter.com/locations/raleigh-nc"
      }
    }
  },
  "name": "ubirX: Same-Day On-Demand Pickup & Delivery (ubirX.com)",
  "photo": {
    "1024x576": "https://ksr-ugc.imgix.net/assets/012/148/456/533c98f82a69979910b0cf92cefd6de8_original.png?w=1024&h=576&fit=fill&bg=000000&v=1463738668&auto=format&q=92&s=17e80858ca53adc178707b30b58e472e",
    "1536x864": "https://ksr-ugc.imgix.net/assets/012/148/456/533c98f82a69979910b0cf92cefd6de8_original.png?w=1536&h=864&fit=fill&bg=000000&v=1463738668&auto=format&q=92&s=bfdc7f506b9f4bfd28adda9f7739fc94",
    "ed": "https://ksr-ugc.imgix.net/assets/012/148/456/533c98f82a69979910b0cf92cefd6de8_original.png?w=338&h=190&fit=fill&bg=000000&v=1463738668&auto=format&q=92&s=96894dfdab707274cfbf442ca5aaaded",
    "full": "https://ksr-ugc.imgix.net/assets/012/148/456/533c98f82a69979910b0cf92cefd6de8_original.png?w=560&h=315&fit=fill&bg=000000&v=1463738668&auto=format&q=92&s=e341d5559f707193daae6a01bb75cceb",
    "key": "assets/012/148/456/533c98f82a69979910b0cf92cefd6de8_original.png",
    "little": "https://ksr-ugc.imgix.net/assets/012/148/456/533c98f82a69979910b0cf92cefd6de8_original.png?w=200&h=112&fit=fill&bg=000000&v=1463738668&auto=format&q=92&s=d6824ef025cf28b9fed3c224e67eef6c",
    "med": "https://ksr-ugc.imgix.net/assets/012/148/456/533c98f82a69979910b0cf92cefd6de8_original.png?w=266&h=150&fit=fill&bg=000000&v=1463738668&auto=format&q=92&s=15f27dd6280f7204ef1e3e79968e81c5",
    "small": "https://ksr-ugc.imgix.net/assets/012/148/456/533c98f82a69979910b0cf92cefd6de8_original.png?w=160&h=90&fit=fill&bg=000000&v=1463738668&auto=format&q=92&s=628a4832985f4c54f5c40b1dbb00fbd7",
    "thumb": "https://ksr-ugc.imgix.net/assets/012/148/456/533c98f82a69979910b0cf92cefd6de8_original.png?w=40&h=22&fit=fill&bg=000000&v=1463738668&auto=format&q=92&s=601d57db1f448100b6f0100a231b8583"
  },
  "pledged": 0.0,
  "profile": {
    "background_color": null,
    "background_image_opacity": 0.8,
    "blurb": null,
    "feature_image_attributes": {
      "image_urls": {
        "baseball_card": "https://ksr-ugc.imgix.net/assets/012/148/456/533c98f82a69979910b0cf92cefd6de8_original.png?w=1552&h=873&fit=fill&bg=000000&v=1463738668&auto=format&q=92&s=251264b8dbe731ca73449294987ea9c5",
        "default": "https://ksr-ugc.imgix.net/assets/012/148/456/533c98f82a69979910b0cf92cefd6de8_original.png?w=1552&h=873&fit=fill&bg=000000&v=1463738668&auto=format&q=92&s=251264b8dbe731ca73449294987ea9c5"
      }
    },
    "id": 1920325,
    "link_background_color": null,
    "link_text": null,
    "link_text_color": null,
    "link_url": null,
    "name": null,
    "project_id": 1920325,
    "should_show_feature_image_section": true,
    "show_feature_image": false,
    "state": "inactive",
    "state_changed_at": 1432572205,
    "text_color": null
  },
  "slug": "ubirx-same-day-on-demand-pickup-and-delivery-ubirx",
  "spotlight": false,
  "staff_pick": false,
  "state": "failed",
  "state_changed_at": 1437016260,
  "static_usd_rate": 1.0,
  "urls": {
    "web": {
      "project": "https://www.kickstarter.com/projects/1800281477/ubirx-same-day-on-demand-pickup-and-delivery-ubirx?ref=category_newest",
      "rewards": "https://www.kickstarter.com/projects/1800281477/ubirx-same-day-on-demand-pickup-and-delivery-ubirx/rewards"
    }
  },
  "usd_pledged": "0.0"
}