{
  "backers_count": 0,
  "blurb": "A LIVE! Virtual Bootcamp style class where you will learn Swift 2 and graduate with the ability to develop apps in Swift.",
  "category": {
    "color": 6526716,
    "id": 51,
    "name": "Software",
    "parent_id": 16,
    "position": 11,
    "slug": "technology/software",
    "urls": {
      "web": {
        "discover": "http://www.kickstarter.com/discover/categories/technology/software"
      }
    }
  },
  "country": "US",
  "created_at": 1439596291,
  "creator": {
    "avatar": {
      "medium": "https://ksr-ugc.imgix.net/assets/010/097/476/85cd9263f1d551ddef0b6b639e82f736_original.jpg?w=160&h=160&fit=crop&v=1461667185&auto=format&q=92&s=13b3df9e201517a02892b464fd4d1af4",
      "small": "https://ksr-ugc.imgix.net/assets/010/097/476/85cd9263f1d551ddef0b6b639e82f736_original.jpg?w=160&h=160&fit=crop&v=1461667185&auto=format&q=92&s=13b3df9e201517a02892b464fd4d1af4",
      "thumb": "https://ksr-ugc.imgix.net/assets/010/097/476/85cd9263f1d551ddef0b6b639e82f736_original.jpg?w=40&h=40&fit=crop&v=1461667185&auto=format&q=92&s=5e774eae2b94cfe9276dd73346f74d27"
    },
    "id": 1167858528,
    "name": "Rick Klenotiz, Swift Instructor",
    "slug": "epicswift",
    "urls": {
      "api": {
        "user": "https://api.kickstarter.com/v1/users/1167858528?signature=1488680432.8bc35174ab1eaade96275b374c17823e277760ed"
      },
      "web": {
        "user": "https://www.kickstarter.com/profile/epicswift"
      }
    }
  },
  "currency": "USD",
  "currency_symbol": "$",
  "currency_trailing_code": true,
  "deadline": 1446429901,
  "disable_communication": false,
  "goal": 10750.0,
  "id": 103698569,
  "launched_at": 1444007101,
  "location": {
    "country": "US",
    "displayable_name": "Rochester, NY",
    "id": 2482949,
    "is_root": false,
    "name": "Rochester",
    "short_name": "Rochester, NY",
    "slug": "rochester-monroe-ny",
    "state": "NY",
    "type": "Town",
    "urls": {
      "api": {
        "nearby_projects": "https://api.kickstarter.com/v1/discover?signature=1488668421.2ab0d22f6dfdc13b83659dc18350815b7e8a440f&woe_id=2482949"
      },
      "web": {
        "discover": "https://www.kickstarter.com/discover/places/rochester-monroe-ny",
        "location": "https://www.kickstarter.com/locations/rochester-monroe-ny"
      }
    }
  },
  "name": "Swift 2 ** LIVE ** Bootcamp Style Training Class (Canceled)",
  "photo": {
    "1024x576": "https://ksr-ugc.imgix.net/assets/012/225/126/c2b1edd43fc937213798b8b2c90a99a3_original.png?w=1024&h=576&fit=fill&bg=000000&v=1463743883&auto=format&q=92&s=c76979d8c580cb2b8f302b58c976dee3",
    "1536x864": "https://ksr-ugc.imgix.net/assets/012/225/126/c2b1edd43fc937213798b8b2c90a99a3_original.png?w=1536&h=864&fit=fill&bg=000000&v=1463743883&auto=format&q=92&s=e31f31358528444012e8ff994615f9c4",
    "ed": "https://ksr-ugc.imgix.net/assets/012/225/126/c2b1edd43fc937213798b8b2c90a99a3_original.png?w=338&h=190&fit=fill&bg=000000&v=1463743883&auto=format&q=92&s=846f75c4bbe7437ed080f12f23dcf2de",
    "full": "https://ksr-ugc.imgix.net/assets/012/225/126/c2b1edd43fc937213798b8b2c90a99a3_original.png?w=560&h=315&fit=fill&bg=000000&v=1463743883&auto=format&q=92&s=46d6482732c89bcddd176d685fea2ea6",
    "key": "assets/012/225/126/c2b1edd43fc937213798b8b2c90a99a3_original.png",
    "little": "https://ksr-ugc.imgix.net/assets/012/225/126/c2b1edd43fc937213798b8b2c90a99a3_original.png?w=200&h=112&fit=fill&bg=000000&v=1463743883&auto=format&q=92&s=0e76208b999378a4a54695367ec05f63",
    "med": "https://ksr-ugc.imgix.net/assets/012/225/126/c2b1edd43fc937213798b8b2c90a99a3_original.png?w=266&h=150&fit=fill&bg=000000&v=1463743883&auto=format&q=92&s=bc6776546da5248ca982d85e76831b91",
    "small": "https://ksr-ugc.imgix.net/assets/012/225/126/c2b1edd43fc937213798b8b2c90a99a3_original.png?w=160&h=90&fit=fill&bg=000000&v=1463743883&auto=format&q=92&s=2029a7698ee1cf3f87b9db396c383a36",
    "thumb": "https://ksr-ugc.imgix.net/assets/012/225/126/c2b1edd43fc937213798b8b2c90a99a3_original.png?w=40&h=22&fit=fill&bg=000000&v=1463743883&auto=format&q=92&s=26cbb403a2855429c1fdd1429ed72dd9"
  },
  "pledged": 0.0,
  "profile": {
    "background_color": null,
    "background_image_opacity": 0.8,
    "blurb": null,
    "feature_image_attributes": {
      "image_urls": {
        "baseball_card": "https://ksr-ugc.imgix.net/assets/012/225/126/c2b1edd43fc937213798b8b2c90a99a3_original.png?w=1552&h=873&fit=fill&bg=000000&v=1463743883&auto=format&q=92&s=7bd7e80754e60cd3298f1aff2138dc8f",
        "default": "https://ksr-ugc.imgix.net/assets/012/225/126/c2b1edd43fc937213798b8b2c90a99a3_original.png?w=1552&h=873&fit=fill&bg=000000&v=1463743883&auto=format&q=92&s=7bd7e80754e60cd3298f1aff2138dc8f"
      }
    },
    "id": 2068724,
    "link_background_color": null,
    "link_text": null,
    "link_text_color": null,
    "link_url": null,
    "name": null,
    "project_id": 2068724,
    "should_show_feature_image_section": true,
    "show_feature_image": false,
    "state": "inactive",
    "state_changed_at": 1439596291,
    "text_color": null
  },
  "slug": "swift-2-live-bootcamp-style-training-class",
  "spotlight": false,
  "staff_pick": false,
  "state": "canceled",
  "state_changed_at": 1444825387,
  "static_usd_rate": 1.0,
  "urls": {
    "web": {
      "project": "https://www.kickstarter.com/projects/epicswift/swift-2-live-bootcamp-style-training-class?ref=category_newest",
      "rewards": "https://www.kickstarter.com/projects/epicswift/swift-2-live-bootcamp-style-training-class/rewards"
    }
  },
  "usd_pledged": "0.0"
}