{
  "backers_count": 187,
  "blurb": "Finally an ultra-low power Arduino compatible board with build-in RF able to run your AVR projects for years on a single AA battery!",
  "category": {
    "color": 6526716,
    "id": 52,
    "name": "Hardware",
    "parent_id": 16,
    "position": 8,
    "slug": "technology/hardware",
    "urls": {
      "web": {
        "discover": "http://www.kickstarter.com/discover/categories/technology/hardware"
      }
    }
  },
  "country": "AU",
  "created_at": 1454757029,
  "creator": {
    "avatar": {
      "medium": "https://ksr-ugc.imgix.net/assets/010/479/508/0a6049c1003d1277e80ca55ee6f8188d_original.png?w=160&h=160&fit=crop&v=1461692791&auto=format&q=92&s=2318052134c7e8c98da2a01b19aaef2b",
      "small": "https://ksr-ugc.imgix.net/assets/010/479/508/0a6049c1003d1277e80ca55ee6f8188d_original.png?w=160&h=160&fit=crop&v=1461692791&auto=format&q=92&s=2318052134c7e8c98da2a01b19aaef2b",
      "thumb": "https://ksr-ugc.imgix.net/assets/010/479/508/0a6049c1003d1277e80ca55ee6f8188d_original.png?w=40&h=40&fit=crop&v=1461692791&auto=format&q=92&s=16d6a26f66f61eea82aefbe05bf45f86"
    },
    "id": 340271897,
    "name": "Talk\u00b2",
    "urls": {
      "api": {
        "user": "https://api.kickstarter.com/v1/users/340271897?signature=1488679819.a891589df6d3670d68b779c85ee49bf7ab95ecf2"
      },
      "web": {
        "user": "https://www.kickstarter.com/profile/340271897"
      }
    }
  },
  "currency": "AUD",
  "currency_symbol": "$",
  "currency_trailing_code": true,
  "deadline": 1460582721,
  "disable_communication": false,
  "goal": 15000.0,
  "id": 1036202724,
  "launched_at": 1457990721,
  "location": {
    "country": "AU",
    "displayable_name": "Brisbane, AU",
    "id": 1100661,
    "is_root": false,
    "name": "Brisbane",
    "short_name": "Brisbane, AU",
    "slug": "brisbane-au",
    "state": "QLD",
    "type": "Town",
    "urls": {
      "api": {
        "nearby_projects": "https://api.kickstarter.com/v1/discover?signature=1488668421.b5baf8b452106300a02983cf6e3371d8ea88352e&woe_id=1100661"
      },
      "web": {
        "discover": "https://www.kickstarter.com/discover/places/brisbane-au",
        "location": "https://www.kickstarter.com/locations/brisbane-au"
      }
    }
  },
  "name": "Whisper Node",
  "photo": {
    "1024x576": "https://ksr-ugc.imgix.net/assets/012/373/843/90999da4406d6e8b617828697f8df7af_original.jpg?w=1024&h=576&fit=fill&bg=FFFFFF&v=1463757647&auto=format&q=92&s=0311fc1f9a61b28ac861c2e77aa95079",
    "1536x864": "https://ksr-ugc.imgix.net/assets/012/373/843/90999da4406d6e8b617828697f8df7af_original.jpg?w=1536&h=864&fit=fill&bg=FFFFFF&v=1463757647&auto=format&q=92&s=a03547e77ff3fae3a6a2dc6c0cb01eed",
    "ed": "https://ksr-ugc.imgix.net/assets/012/373/843/90999da4406d6e8b617828697f8df7af_original.jpg?w=338&h=190&fit=fill&bg=FFFFFF&v=1463757647&auto=format&q=92&s=a3867bde8bbdbee7d56a7258d8cf62a1",
    "full": "https://ksr-ugc.imgix.net/assets/012/373/843/90999da4406d6e8b617828697f8df7af_original.jpg?w=560&h=315&fit=fill&bg=FFFFFF&v=1463757647&auto=format&q=92&s=d6b5d1e245c592d55e9c023a2e7e4bce",
    "key": "assets/012/373/843/90999da4406d6e8b617828697f8df7af_original.jpg",
    "little": "https://ksr-ugc.imgix.net/assets/012/373/843/90999da4406d6e8b617828697f8df7af_original.jpg?w=200&h=112&fit=fill&bg=FFFFFF&v=1463757647&auto=format&q=92&s=376b2dd02a0dce44c9980d24320e2a33",
    "med": "https://ksr-ugc.imgix.net/assets/012/373/843/90999da4406d6e8b617828697f8df7af_original.jpg?w=266&h=150&fit=fill&bg=FFFFFF&v=1463757647&auto=format&q=92&s=7d31122a914ac1d4743f417ba186aa43",
    "small": "https://ksr-ugc.imgix.net/assets/012/373/843/90999da4406d6e8b617828697f8df7af_original.jpg?w=160&h=90&fit=fill&bg=FFFFFF&v=1463757647&auto=format&q=92&s=2137d853d90bc6bfbbad7896e1d28585",
    "thumb": "https://ksr-ugc.imgix.net/assets/012/373/843/90999da4406d6e8b617828697f8df7af_original.jpg?w=40&h=22&fit=fill&bg=FFFFFF&v=1463757647&auto=format&q=92&s=f9425a25071113487e1d7695e9ccbb6c"
  },
  "pledged": 15245.0,
  "profile": {
    "background_color": "ffffff",
    "background_image_opacity": 0.8,
    "blurb": "Finally an ultra-low power Arduino board with build-in RF and able to run your AVR projects for years on a single AA battery!\nThis is now a product, more details on the link below:",
    "feature_image_attributes": {
      "id": 12805158,
      "image_urls": {
        "baseball_card": "https://ksr-ugc.imgix.net/assets/012/805/158/edd28bd616393ff6335c5ccca0bb9c29_original.jpg?w=700&fit=max&v=1466462360&auto=format&q=92&s=516411869c23e9b6b9df22dafcdd3cb4",
        "default": "https://ksr-ugc.imgix.net/assets/012/805/158/edd28bd616393ff6335c5ccca0bb9c29_original.jpg?w=700&fit=max&v=1466462360&auto=format&q=92&s=516411869c23e9b6b9df22dafcdd3cb4"
      }
    },
    "id": 2360277,
    "link_background_color": "205e88",
    "link_text": "Get Yours Now!",
    "link_text_color": "",
    "link_url": "https://talk2.wisen.com.au/product-talk2-whisper-node-avr/",
    "name": "Talk\u00b2 Whisper Node - AVR",
    "project_id": 2360277,
    "should_show_feature_image_section": true,
    "show_feature_image": true,
    "state": "active",
    "state_changed_at": 1460591784,
    "text_color": "0f4b5d"
  },
  "slug": "whisper-node",
  "spotlight": true,
  "staff_pick": false,
  "state": "successful",
  "state_changed_at": 1460582721,
  "static_usd_rate": 0.75640677,
  "urls": {
    "web": {
      "project": "https://www.kickstarter.com/projects/340271897/whisper-node?ref=category_newest",
      "rewards": "https://www.kickstarter.com/projects/340271897/whisper-node/rewards"
    }
  },
  "usd_pledged": "11531.42120865"
}