{
  "backers_count": 0,
  "blurb": "An interactive app using geo location to help connect singles, couples, groups, etc. to others that share their same interests!",
  "category": {
    "color": 6526716,
    "id": 332,
    "name": "Apps",
    "parent_id": 16,
    "position": 2,
    "slug": "technology/apps",
    "urls": {
      "web": {
        "discover": "http://www.kickstarter.com/discover/categories/technology/apps"
      }
    }
  },
  "country": "US",
  "created_at": 1462235217,
  "creator": {
    "avatar": {
      "medium": "https://ksr-ugc.imgix.net/assets/011/076/983/241b818ad9afdd3fc3a504f5a839e1cc_original.jpeg?w=160&h=160&fit=crop&v=1462234853&auto=format&q=92&s=c74a6b99b9ef1d7dcfc3b90eee204698",
      "small": "https://ksr-ugc.imgix.net/assets/011/076/983/241b818ad9afdd3fc3a504f5a839e1cc_original.jpeg?w=160&h=160&fit=crop&v=1462234853&auto=format&q=92&s=c74a6b99b9ef1d7dcfc3b90eee204698",
      "thumb": "https://ksr-ugc.imgix.net/assets/011/076/983/241b818ad9afdd3fc3a504f5a839e1cc_original.jpeg?w=40&h=40&fit=crop&v=1462234853&auto=format&q=92&s=5bc9ae4012087ce2e6add1dab500dc81"
    },
    "id": 1065369047,
    "name": "Emily Meissner",
    "urls": {
      "api": {
        "user": "https://api.kickstarter.com/v1/users/1065369047?signature=1488679196.00d835f73f6f712bfbe6d2827e5135999bd0d547"
      },
      "web": {
        "user": "https://www.kickstarter.com/profile/1065369047"
      }
    }
  },
  "currency": "USD",
  "currency_symbol": "$",
  "currency_trailing_code": true,
  "deadline": 1465004860,
  "disable_communication": false,
  "goal": 90000.0,
  "id": 1036662973,
  "launched_at": 1462412860,
  "location": {
    "country": "US",
    "displayable_name": "St. Louis, MO",
    "id": 2486982,
    "is_root": false,
    "name": "St. Louis",
    "short_name": "St. Louis, MO",
    "slug": "st-louis-mo",
    "state": "MO",
    "type": "Town",
    "urls": {
      "api": {
        "nearby_projects": "https://api.kickstarter.com/v1/discover?signature=1488668423.ddba37d6bbe898a7fd19c5c8eb27439937e7af2d&woe_id=2486982"
      },
      "web": {
        "discover": "https://www.kickstarter.com/discover/places/st-louis-mo",
        "location": "https://www.kickstarter.com/locations/st-louis-mo"
      }
    }
  },
  "name": "ScoutOut",
  "photo": {
    "1024x576": "https://ksr-ugc.imgix.net/assets/012/443/499/40b67f1c7f8b846ca4c415c9bc706f5a_original.PNG?w=1024&h=576&fit=fill&bg=4A4A4A&v=1463761444&auto=format&q=92&s=82e98a46737d7e0f0a1bf4e430cbaa86",
    "1536x864": "https://ksr-ugc.imgix.net/assets/012/443/499/40b67f1c7f8b846ca4c415c9bc706f5a_original.PNG?w=1536&h=864&fit=fill&bg=4A4A4A&v=1463761444&auto=format&q=92&s=13ced7ce8e5fd54c115daf91bb2c3828",
    "ed": "https://ksr-ugc.imgix.net/assets/012/443/499/40b67f1c7f8b846ca4c415c9bc706f5a_original.PNG?w=338&h=190&fit=fill&bg=4A4A4A&v=1463761444&auto=format&q=92&s=61cbdbf515e6d1f0b0d56e814878681c",
    "full": "https://ksr-ugc.imgix.net/assets/012/443/499/40b67f1c7f8b846ca4c415c9bc706f5a_original.PNG?w=560&h=315&fit=fill&bg=4A4A4A&v=1463761444&auto=format&q=92&s=060e1d9dfd5405f8356ff4bea65bf603",
    "key": "assets/012/443/499/40b67f1c7f8b846ca4c415c9bc706f5a_original.PNG",
    "little": "https://ksr-ugc.imgix.net/assets/012/443/499/40b67f1c7f8b846ca4c415c9bc706f5a_original.PNG?w=200&h=112&fit=fill&bg=4A4A4A&v=1463761444&auto=format&q=92&s=8f850df9cb6e278cf7412de65a637bb8",
    "med": "https://ksr-ugc.imgix.net/assets/012/443/499/40b67f1c7f8b846ca4c415c9bc706f5a_original.PNG?w=266&h=150&fit=fill&bg=4A4A4A&v=1463761444&auto=format&q=92&s=68f9800ca1fad1add94204a6f38eb447",
    "small": "https://ksr-ugc.imgix.net/assets/012/443/499/40b67f1c7f8b846ca4c415c9bc706f5a_original.PNG?w=160&h=90&fit=fill&bg=4A4A4A&v=1463761444&auto=format&q=92&s=f6b6a0e9020082c68ad3029d4d551e4a",
    "thumb": "https://ksr-ugc.imgix.net/assets/012/443/499/40b67f1c7f8b846ca4c415c9bc706f5a_original.PNG?w=40&h=22&fit=fill&bg=4A4A4A&v=1463761444&auto=format&q=92&s=58df07c0a15c7b01fc5685f8ddd96f47"
  },
  "pledged": 0.0,
  "profile": {
    "background_color": null,
    "background_image_opacity": 0.8,
    "blurb": null,
    "feature_image_attributes": {
      "image_urls": {
        "baseball_card": "https://ksr-ugc.imgix.net/assets/012/443/499/40b67f1c7f8b846ca4c415c9bc706f5a_original.PNG?w=1552&h=873&fit=fill&bg=4A4A4A&v=1463761444&auto=format&q=92&s=520f5a7e857d6915fc3e8a70ae96bcac",
        "default": "https://ksr-ugc.imgix.net/assets/012/443/499/40b67f1c7f8b846ca4c415c9bc706f5a_original.PNG?w=1552&h=873&fit=fill&bg=4A4A4A&v=1463761444&auto=format&q=92&s=520f5a7e857d6915fc3e8a70ae96bcac"
      }
    },
    "id": 2498003,
    "link_background_color": null,
    "link_text": null,
    "link_text_color": null,
    "link_url": null,
    "name": null,
    "project_id": 2498003,
    "should_show_feature_image_section": true,
    "show_feature_image": false,
    "state": "inactive",
    "state_changed_at": 1462235217,
    "text_color": null
  },
  "slug": "scoutout",
  "spotlight": false,
  "staff_pick": false,
  "state": "failed",
  "state_changed_at": 1465004860,
  "static_usd_rate": 1.0,
  "urls": {
    "web": {
      "project": "https://www.kickstarter.com/projects/1065369047/scoutout?ref=category_newest",
      "rewards": "https://www.kickstarter.com/projects/1065369047/scoutout/rewards"
    }
  },
  "usd_pledged": "0.0"
}