{
  "backers_count": 0,
  "blurb": "ConsultMe is an intuitive app which brings consultants to those in need, including business and financial services.",
  "category": {
    "color": 6526716,
    "id": 332,
    "name": "Apps",
    "parent_id": 16,
    "position": 2,
    "slug": "technology/apps",
    "urls": {
      "web": {
        "discover": "http://www.kickstarter.com/discover/categories/technology/apps"
      }
    }
  },
  "country": "GB",
  "created_at": 1435308883,
  "creator": {
    "avatar": {
      "medium": "https://ksr-ugc.imgix.net/assets/010/062/304/05452a5712538cc984eb5056c50609cc_original.jpg?w=160&h=160&fit=crop&v=1461664984&auto=format&q=92&s=6674f8f744b7d281fc4e307ba55f31d1",
      "small": "https://ksr-ugc.imgix.net/assets/010/062/304/05452a5712538cc984eb5056c50609cc_original.jpg?w=160&h=160&fit=crop&v=1461664984&auto=format&q=92&s=6674f8f744b7d281fc4e307ba55f31d1",
      "thumb": "https://ksr-ugc.imgix.net/assets/010/062/304/05452a5712538cc984eb5056c50609cc_original.jpg?w=40&h=40&fit=crop&v=1461664984&auto=format&q=92&s=47db8210ed4d149c359feadd7d707c2a"
    },
    "id": 1651624076,
    "name": "Liam Soane",
    "urls": {
      "api": {
        "user": "https://api.kickstarter.com/v1/users/1651624076?signature=1488679053.20e4241f3511c5199061f1d4ba394fea33be9c59"
      },
      "web": {
        "user": "https://www.kickstarter.com/profile/1651624076"
      }
    }
  },
  "currency": "GBP",
  "currency_symbol": "\u00a3",
  "currency_trailing_code": false,
  "deadline": 1437929553,
  "disable_communication": false,
  "goal": 10000.0,
  "id": 1037299859,
  "launched_at": 1435337553,
  "location": {
    "country": "GB",
    "displayable_name": "London, UK",
    "id": 44418,
    "is_root": false,
    "name": "London",
    "short_name": "London, UK",
    "slug": "london-gb",
    "state": "England",
    "type": "Town",
    "urls": {
      "api": {
        "nearby_projects": "https://api.kickstarter.com/v1/discover?signature=1488668416.b722aeee49187b0362a5f49f63b05fba1954673c&woe_id=44418"
      },
      "web": {
        "discover": "https://www.kickstarter.com/discover/places/london-gb",
        "location": "https://www.kickstarter.com/locations/london-gb"
      }
    }
  },
  "name": "ConsultMe",
  "photo": {
    "1024x576": "https://ksr-ugc.imgix.net/assets/012/179/701/94ab5cbbaff0c85bea2ab923a03712a2_original.jpg?w=1024&h=576&fit=fill&bg=000000&v=1463739709&auto=format&q=92&s=16a54462d790b418d2c885e90018793d",
    "1536x864": "https://ksr-ugc.imgix.net/assets/012/179/701/94ab5cbbaff0c85bea2ab923a03712a2_original.jpg?w=1536&h=864&fit=fill&bg=000000&v=1463739709&auto=format&q=92&s=ec95f9a17693ff251ea291a15305b198",
    "ed": "https://ksr-ugc.imgix.net/assets/012/179/701/94ab5cbbaff0c85bea2ab923a03712a2_original.jpg?w=338&h=190&fit=fill&bg=000000&v=1463739709&auto=format&q=92&s=a6771e1b6d2c7a9ab82ba2667789feae",
    "full": "https://ksr-ugc.imgix.net/assets/012/179/701/94ab5cbbaff0c85bea2ab923a03712a2_original.jpg?w=560&h=315&fit=fill&bg=000000&v=1463739709&auto=format&q=92&s=670f430602e9fb199727f10e56fa336c",
    "key": "assets/012/179/701/94ab5cbbaff0c85bea2ab923a03712a2_original.jpg",
    "little": "https://ksr-ugc.imgix.net/assets/012/179/701/94ab5cbbaff0c85bea2ab923a03712a2_original.jpg?w=200&h=112&fit=fill&bg=000000&v=1463739709&auto=format&q=92&s=b8243a76f1122ccbb5bb5c09c7bd091b",
    "med": "https://ksr-ugc.imgix.net/assets/012/179/701/94ab5cbbaff0c85bea2ab923a03712a2_original.jpg?w=266&h=150&fit=fill&bg=000000&v=1463739709&auto=format&q=92&s=606f74cd27e5f79d5b3a0cf4b6dd0141",
    "small": "https://ksr-ugc.imgix.net/assets/012/179/701/94ab5cbbaff0c85bea2ab923a03712a2_original.jpg?w=160&h=90&fit=fill&bg=000000&v=1463739709&auto=format&q=92&s=f081c127392129ce130f9950beee6868",
    "thumb": "https://ksr-ugc.imgix.net/assets/012/179/701/94ab5cbbaff0c85bea2ab923a03712a2_original.jpg?w=40&h=22&fit=fill&bg=000000&v=1463739709&auto=format&q=92&s=15b6b05e9c95629bb2016506a0985f9c"
  },
  "pledged": 0.0,
  "profile": {
    "background_color": null,
    "background_image_opacity": 0.8,
    "blurb": null,
    "feature_image_attributes": {
      "image_urls": {
        "baseball_card": "https://ksr-ugc.imgix.net/assets/012/179/701/94ab5cbbaff0c85bea2ab923a03712a2_original.jpg?w=1552&h=873&fit=fill&bg=000000&v=1463739709&auto=format&q=92&s=1e559bfffa47e7f80ccadde20bdae28e",
        "default": "https://ksr-ugc.imgix.net/assets/012/179/701/94ab5cbbaff0c85bea2ab923a03712a2_original.jpg?w=1552&h=873&fit=fill&bg=000000&v=1463739709&auto=format&q=92&s=1e559bfffa47e7f80ccadde20bdae28e"
      }
    },
    "id": 1982267,
    "link_background_color": null,
    "link_text": null,
    "link_text_color": null,
    "link_url": null,
    "name": null,
    "project_id": 1982267,
    "should_show_feature_image_section": true,
    "show_feature_image": false,
    "state": "inactive",
    "state_changed_at": 1435308883,
    "text_color": null
  },
  "slug": "consultme",
  "spotlight": false,
  "staff_pick": false,
  "state": "failed",
  "state_changed_at": 1437929553,
  "static_usd_rate": 1.56949159,
  "urls": {
    "web": {
      "project": "https://www.kickstarter.com/projects/1651624076/consultme?ref=category_newest",
      "rewards": "https://www.kickstarter.com/projects/1651624076/consultme/rewards"
    }
  },
  "usd_pledged": "0.0"
}