{
  "backers_count": 484,
  "blurb": "Turning DNA into data just became affordable, and biohacking will never be the same. Meet our open source Real-Time PCR Thermocycler.",
  "category": {
    "color": 6526716,
    "id": 52,
    "name": "Hardware",
    "parent_id": 16,
    "position": 8,
    "slug": "technology/hardware",
    "urls": {
      "web": {
        "discover": "http://www.kickstarter.com/discover/categories/technology/hardware"
      }
    }
  },
  "country": "US",
  "created_at": 1378697617,
  "creator": {
    "avatar": {
      "medium": "https://ksr-ugc.imgix.net/assets/007/710/776/c6f2d76778982392e3f03a55ede2f631_original.png?w=160&h=160&fit=crop&v=1461474352&auto=format&q=92&s=5db473007c2ad995b0f9bc4fe0898b62",
      "small": "https://ksr-ugc.imgix.net/assets/007/710/776/c6f2d76778982392e3f03a55ede2f631_original.png?w=160&h=160&fit=crop&v=1461474352&auto=format&q=92&s=5db473007c2ad995b0f9bc4fe0898b62",
      "thumb": "https://ksr-ugc.imgix.net/assets/007/710/776/c6f2d76778982392e3f03a55ede2f631_original.png?w=40&h=40&fit=crop&v=1461474352&auto=format&q=92&s=da52d6d37704a85d0f2e1bb557d1093b"
    },
    "id": 1870442347,
    "name": "Chai",
    "slug": "chaibio",
    "urls": {
      "api": {
        "user": "https://api.kickstarter.com/v1/users/1870442347?signature=1488679783.0514e60ce17e922aed3eb7c42889cdc4192a55e3"
      },
      "web": {
        "user": "https://www.kickstarter.com/profile/chaibio"
      }
    }
  },
  "currency": "USD",
  "currency_symbol": "$",
  "currency_trailing_code": true,
  "deadline": 1417744800,
  "disable_communication": false,
  "goal": 50000.0,
  "id": 1037322577,
  "launched_at": 1415120457,
  "location": {
    "country": "US",
    "displayable_name": "Santa Clara, CA",
    "id": 2488836,
    "is_root": false,
    "name": "Santa Clara",
    "short_name": "Santa Clara, CA",
    "slug": "santa-clara-ca",
    "state": "CA",
    "type": "Town",
    "urls": {
      "api": {
        "nearby_projects": "https://api.kickstarter.com/v1/discover?signature=1488668435.c4ba50a01e80ac435eb277844077a257d3702709&woe_id=2488836"
      },
      "web": {
        "discover": "https://www.kickstarter.com/discover/places/santa-clara-ca",
        "location": "https://www.kickstarter.com/locations/santa-clara-ca"
      }
    }
  },
  "name": "Open qPCR: DNA Diagnostics for Everyone",
  "photo": {
    "1024x576": "https://ksr-ugc.imgix.net/assets/011/574/607/dca7b5251e4513df732691b3ae488d8c_original.png?w=1024&h=576&fit=fill&bg=FFFFFF&v=1463684680&auto=format&q=92&s=c818461bfdac6776ddf06a4603ed3125",
    "1536x864": "https://ksr-ugc.imgix.net/assets/011/574/607/dca7b5251e4513df732691b3ae488d8c_original.png?w=1536&h=864&fit=fill&bg=FFFFFF&v=1463684680&auto=format&q=92&s=67ae532263ddc202ea62e31c3074a7b6",
    "ed": "https://ksr-ugc.imgix.net/assets/011/574/607/dca7b5251e4513df732691b3ae488d8c_original.png?w=338&h=190&fit=fill&bg=FFFFFF&v=1463684680&auto=format&q=92&s=f9a30eaee016751d0d620132c20bd732",
    "full": "https://ksr-ugc.imgix.net/assets/011/574/607/dca7b5251e4513df732691b3ae488d8c_original.png?w=560&h=315&fit=fill&bg=FFFFFF&v=1463684680&auto=format&q=92&s=cb0701f579bc8b022959c001b44e6383",
    "key": "assets/011/574/607/dca7b5251e4513df732691b3ae488d8c_original.png",
    "little": "https://ksr-ugc.imgix.net/assets/011/574/607/dca7b5251e4513df732691b3ae488d8c_original.png?w=200&h=112&fit=fill&bg=FFFFFF&v=1463684680&auto=format&q=92&s=57c42aa4dfb12178298c088221d886c3",
    "med": "https://ksr-ugc.imgix.net/assets/011/574/607/dca7b5251e4513df732691b3ae488d8c_original.png?w=266&h=150&fit=fill&bg=FFFFFF&v=1463684680&auto=format&q=92&s=2657e69dcbdb7cbfb796569cbeb0537f",
    "small": "https://ksr-ugc.imgix.net/assets/011/574/607/dca7b5251e4513df732691b3ae488d8c_original.png?w=160&h=90&fit=fill&bg=FFFFFF&v=1463684680&auto=format&q=92&s=e324a43e5cf07eba45559173f1c16fcb",
    "thumb": "https://ksr-ugc.imgix.net/assets/011/574/607/dca7b5251e4513df732691b3ae488d8c_original.png?w=40&h=22&fit=fill&bg=FFFFFF&v=1463684680&auto=format&q=92&s=dfd3f8b72be92c327d8f328525676ae5"
  },
  "pledged": 202701.59,
  "profile": {
    "background_color": "",
    "background_image_opacity": 0.8,
    "blurb": "Turning DNA into data just became affordable, and biohacking will never be the same. Meet our open source Real-Time PCR Thermocycler.",
    "feature_image_attributes": {
      "image_urls": {
        "baseball_card": "https://ksr-ugc.imgix.net/assets/011/574/607/dca7b5251e4513df732691b3ae488d8c_original.png?w=1552&h=873&fit=fill&bg=FFFFFF&v=1463684680&auto=format&q=92&s=83d97153d077f98629dc8f89758ba050",
        "default": "https://ksr-ugc.imgix.net/assets/011/574/607/dca7b5251e4513df732691b3ae488d8c_original.png?w=1552&h=873&fit=fill&bg=FFFFFF&v=1463684680&auto=format&q=92&s=83d97153d077f98629dc8f89758ba050"
      }
    },
    "id": 691022,
    "link_background_color": "",
    "link_text": "Order Chai qPCR",
    "link_text_color": "",
    "link_url": "http://www.chaibio.com/openqpcr",
    "name": "Open qPCR: DNA Diagnostics for Everyone",
    "project_id": 691022,
    "should_show_feature_image_section": true,
    "show_feature_image": false,
    "state": "active",
    "state_changed_at": 1430771781,
    "text_color": ""
  },
  "slug": "open-qpcr-dna-diagnostics-for-everyone",
  "spotlight": true,
  "staff_pick": true,
  "state": "successful",
  "state_changed_at": 1417744816,
  "static_usd_rate": 1.0,
  "urls": {
    "web": {
      "project": "https://www.kickstarter.com/projects/chaibio/open-qpcr-dna-diagnostics-for-everyone?ref=category_newest",
      "rewards": "https://www.kickstarter.com/projects/chaibio/open-qpcr-dna-diagnostics-for-everyone/rewards"
    }
  },
  "usd_pledged": "202701.59"
}