{
  "backers_count": 34,
  "blurb": "An easy, stressless and privacy aware application to send your pictures, videos and files to your contacts with a single click",
  "category": {
    "color": 6526716,
    "id": 51,
    "name": "Software",
    "parent_id": 16,
    "position": 11,
    "slug": "technology/software",
    "urls": {
      "web": {
        "discover": "http://www.kickstarter.com/discover/categories/technology/software"
      }
    }
  },
  "country": "FR",
  "created_at": 1434114129,
  "creator": {
    "avatar": {
      "medium": "https://ksr-ugc.imgix.net/assets/010/013/285/b6e016a4d820b89f70284be34c906979_original.jpeg?w=160&h=160&fit=crop&v=1461661292&auto=format&q=92&s=0708bd5a110723920698ba97fd9f8c3a",
      "small": "https://ksr-ugc.imgix.net/assets/010/013/285/b6e016a4d820b89f70284be34c906979_original.jpeg?w=160&h=160&fit=crop&v=1461661292&auto=format&q=92&s=0708bd5a110723920698ba97fd9f8c3a",
      "thumb": "https://ksr-ugc.imgix.net/assets/010/013/285/b6e016a4d820b89f70284be34c906979_original.jpeg?w=40&h=40&fit=crop&v=1461661292&auto=format&q=92&s=776dd288f32f08d78c6192181f98be02"
    },
    "id": 824780450,
    "name": "ReallySend",
    "urls": {
      "api": {
        "user": "https://api.kickstarter.com/v1/users/824780450?signature=1488680365.22fcfdbbd5c9624d675fc0970520aa47d6e891ea"
      },
      "web": {
        "user": "https://www.kickstarter.com/profile/824780450"
      }
    }
  },
  "currency": "EUR",
  "currency_symbol": "\u20ac",
  "currency_trailing_code": false,
  "deadline": 1460735895,
  "disable_communication": false,
  "goal": 42000.0,
  "id": 1037868940,
  "launched_at": 1458143895,
  "location": {
    "country": "FR",
    "displayable_name": "Rennes, France",
    "id": 619163,
    "is_root": false,
    "name": "Rennes",
    "short_name": "Rennes, France",
    "slug": "rennes-rennes-fr",
    "state": "Brittany",
    "type": "Town",
    "urls": {
      "api": {
        "nearby_projects": "https://api.kickstarter.com/v1/discover?signature=1488668451.913c5282e7a4414b7cda30f04183c0ff8ed1b863&woe_id=619163"
      },
      "web": {
        "discover": "https://www.kickstarter.com/discover/places/rennes-rennes-fr",
        "location": "https://www.kickstarter.com/locations/rennes-rennes-fr"
      }
    }
  },
  "name": "ReallySend",
  "photo": {
    "1024x576": "https://ksr-ugc.imgix.net/assets/012/165/540/37e5e5fe5da7a2f003bad5a89a1ddb9f_original.jpg?w=1024&h=576&fit=fill&bg=FFFFFF&v=1463739191&auto=format&q=92&s=8a5a3bec5b61f522a18a351da5128966",
    "1536x864": "https://ksr-ugc.imgix.net/assets/012/165/540/37e5e5fe5da7a2f003bad5a89a1ddb9f_original.jpg?w=1536&h=864&fit=fill&bg=FFFFFF&v=1463739191&auto=format&q=92&s=2beedb9c853e22751edc2d26b447bf4d",
    "ed": "https://ksr-ugc.imgix.net/assets/012/165/540/37e5e5fe5da7a2f003bad5a89a1ddb9f_original.jpg?w=338&h=190&fit=fill&bg=FFFFFF&v=1463739191&auto=format&q=92&s=1aa454c6dc38096211dfce805e2fe459",
    "full": "https://ksr-ugc.imgix.net/assets/012/165/540/37e5e5fe5da7a2f003bad5a89a1ddb9f_original.jpg?w=560&h=315&fit=fill&bg=FFFFFF&v=1463739191&auto=format&q=92&s=506de96954d0b37691e3caa54362c64e",
    "key": "assets/012/165/540/37e5e5fe5da7a2f003bad5a89a1ddb9f_original.jpg",
    "little": "https://ksr-ugc.imgix.net/assets/012/165/540/37e5e5fe5da7a2f003bad5a89a1ddb9f_original.jpg?w=200&h=112&fit=fill&bg=FFFFFF&v=1463739191&auto=format&q=92&s=abc24449caeb5b5b07ad6edb64b11b58",
    "med": "https://ksr-ugc.imgix.net/assets/012/165/540/37e5e5fe5da7a2f003bad5a89a1ddb9f_original.jpg?w=266&h=150&fit=fill&bg=FFFFFF&v=1463739191&auto=format&q=92&s=0e98718994f10e642dc3455ee0915c23",
    "small": "https://ksr-ugc.imgix.net/assets/012/165/540/37e5e5fe5da7a2f003bad5a89a1ddb9f_original.jpg?w=160&h=90&fit=fill&bg=FFFFFF&v=1463739191&auto=format&q=92&s=650b93bc83c21e795c49802c3c316c3d",
    "thumb": "https://ksr-ugc.imgix.net/assets/012/165/540/37e5e5fe5da7a2f003bad5a89a1ddb9f_original.jpg?w=40&h=22&fit=fill&bg=FFFFFF&v=1463739191&auto=format&q=92&s=71f0e9f4356d18f6b6459474304590c3"
  },
  "pledged": 3056.0,
  "profile": {
    "background_color": null,
    "background_image_opacity": 0.8,
    "blurb": null,
    "feature_image_attributes": {
      "image_urls": {
        "baseball_card": "https://ksr-ugc.imgix.net/assets/012/165/540/37e5e5fe5da7a2f003bad5a89a1ddb9f_original.jpg?w=1552&h=873&fit=fill&bg=FFFFFF&v=1463739191&auto=format&q=92&s=726ffd79f9c88bb3a258ee792204c08c",
        "default": "https://ksr-ugc.imgix.net/assets/012/165/540/37e5e5fe5da7a2f003bad5a89a1ddb9f_original.jpg?w=1552&h=873&fit=fill&bg=FFFFFF&v=1463739191&auto=format&q=92&s=726ffd79f9c88bb3a258ee792204c08c"
      }
    },
    "id": 1954199,
    "link_background_color": null,
    "link_text": null,
    "link_text_color": null,
    "link_url": null,
    "name": null,
    "project_id": 1954199,
    "should_show_feature_image_section": true,
    "show_feature_image": false,
    "state": "inactive",
    "state_changed_at": 1434114129,
    "text_color": null
  },
  "slug": "reallysend",
  "spotlight": false,
  "staff_pick": false,
  "state": "failed",
  "state_changed_at": 1460736504,
  "static_usd_rate": 1.11099261,
  "urls": {
    "web": {
      "project": "https://www.kickstarter.com/projects/824780450/reallysend?ref=category_newest",
      "rewards": "https://www.kickstarter.com/projects/824780450/reallysend/rewards"
    }
  },
  "usd_pledged": "3395.19341616"
}