{
  "backers_count": 3,
  "blurb": "Social media, Prof. network, and search engine platforms fused to create Kllabo - the social engine driving intellectual collaboration.",
  "category": {
    "color": 6526716,
    "id": 332,
    "name": "Apps",
    "parent_id": 16,
    "position": 2,
    "slug": "technology/apps",
    "urls": {
      "web": {
        "discover": "http://www.kickstarter.com/discover/categories/technology/apps"
      }
    }
  },
  "country": "US",
  "created_at": 1431452632,
  "creator": {
    "avatar": {
      "medium": "https://ksr-ugc.imgix.net/assets/009/896/654/002b8356c18915d427f660b8871f6e1e_original.jpeg?w=160&h=160&fit=crop&v=1461641666&auto=format&q=92&s=0f810c778d78df1df2c82ae59b00eb84",
      "small": "https://ksr-ugc.imgix.net/assets/009/896/654/002b8356c18915d427f660b8871f6e1e_original.jpeg?w=160&h=160&fit=crop&v=1461641666&auto=format&q=92&s=0f810c778d78df1df2c82ae59b00eb84",
      "thumb": "https://ksr-ugc.imgix.net/assets/009/896/654/002b8356c18915d427f660b8871f6e1e_original.jpeg?w=40&h=40&fit=crop&v=1461641666&auto=format&q=92&s=32f991aa06321fdd97c65edce04199a0"
    },
    "id": 1301010769,
    "name": "Lawrence Haddad",
    "urls": {
      "api": {
        "user": "https://api.kickstarter.com/v1/users/1301010769?signature=1488679032.7eb0f7e5439834b9895e63eea2c2125eaebde3ca"
      },
      "web": {
        "user": "https://www.kickstarter.com/profile/1301010769"
      }
    }
  },
  "currency": "USD",
  "currency_symbol": "$",
  "currency_trailing_code": true,
  "deadline": 1437439400,
  "disable_communication": false,
  "goal": 537600.0,
  "id": 1037926619,
  "launched_at": 1432255400,
  "location": {
    "country": "US",
    "displayable_name": "Dearborn Heights, MI",
    "id": 2390131,
    "is_root": false,
    "name": "Dearborn Heights",
    "short_name": "Dearborn Heights, MI",
    "slug": "dearborn-heights-mi",
    "state": "MI",
    "type": "Town",
    "urls": {
      "api": {
        "nearby_projects": "https://api.kickstarter.com/v1/discover?signature=1488668633.2de9d7e455cc44b661b5b55fdf721acbd7cc96d2&woe_id=2390131"
      },
      "web": {
        "discover": "https://www.kickstarter.com/discover/places/dearborn-heights-mi",
        "location": "https://www.kickstarter.com/locations/dearborn-heights-mi"
      }
    }
  },
  "name": "Kllabo - Inventing gone viral",
  "photo": {
    "1024x576": "https://ksr-ugc.imgix.net/assets/012/135/908/dcb2a90dd9468e3513acfa8f3ce9a267_original.png?w=1024&h=576&fit=fill&bg=000000&v=1463738245&auto=format&q=92&s=79f815220b92a2a1aabe231f70241a05",
    "1536x864": "https://ksr-ugc.imgix.net/assets/012/135/908/dcb2a90dd9468e3513acfa8f3ce9a267_original.png?w=1536&h=864&fit=fill&bg=000000&v=1463738245&auto=format&q=92&s=25bd38e0e4ffbd64a50bf646e65053e9",
    "ed": "https://ksr-ugc.imgix.net/assets/012/135/908/dcb2a90dd9468e3513acfa8f3ce9a267_original.png?w=338&h=190&fit=fill&bg=000000&v=1463738245&auto=format&q=92&s=c97e910826b0e580aa635c2bf010367e",
    "full": "https://ksr-ugc.imgix.net/assets/012/135/908/dcb2a90dd9468e3513acfa8f3ce9a267_original.png?w=560&h=315&fit=fill&bg=000000&v=1463738245&auto=format&q=92&s=960590c25da08fff38721e0edf3cc15a",
    "key": "assets/012/135/908/dcb2a90dd9468e3513acfa8f3ce9a267_original.png",
    "little": "https://ksr-ugc.imgix.net/assets/012/135/908/dcb2a90dd9468e3513acfa8f3ce9a267_original.png?w=200&h=112&fit=fill&bg=000000&v=1463738245&auto=format&q=92&s=c0fb97aaec389b600e6b4ec3d362fd03",
    "med": "https://ksr-ugc.imgix.net/assets/012/135/908/dcb2a90dd9468e3513acfa8f3ce9a267_original.png?w=266&h=150&fit=fill&bg=000000&v=1463738245&auto=format&q=92&s=1b12739f4410877a0e9d5353cd878752",
    "small": "https://ksr-ugc.imgix.net/assets/012/135/908/dcb2a90dd9468e3513acfa8f3ce9a267_original.png?w=160&h=90&fit=fill&bg=000000&v=1463738245&auto=format&q=92&s=661fc4aab70be68480a26adfbab9b0e9",
    "thumb": "https://ksr-ugc.imgix.net/assets/012/135/908/dcb2a90dd9468e3513acfa8f3ce9a267_original.png?w=40&h=22&fit=fill&bg=000000&v=1463738245&auto=format&q=92&s=7c0bfd1d052f8b0d32b595d2374a734d"
  },
  "pledged": 45.0,
  "profile": {
    "background_color": null,
    "background_image_opacity": 0.8,
    "blurb": null,
    "feature_image_attributes": {
      "image_urls": {
        "baseball_card": "https://ksr-ugc.imgix.net/assets/012/135/908/dcb2a90dd9468e3513acfa8f3ce9a267_original.png?w=1552&h=873&fit=fill&bg=000000&v=1463738245&auto=format&q=92&s=65bbadfe7a056ea7c8df562d6a9241d9",
        "default": "https://ksr-ugc.imgix.net/assets/012/135/908/dcb2a90dd9468e3513acfa8f3ce9a267_original.png?w=1552&h=873&fit=fill&bg=000000&v=1463738245&auto=format&q=92&s=65bbadfe7a056ea7c8df562d6a9241d9"
      }
    },
    "id": 1895337,
    "link_background_color": null,
    "link_text": null,
    "link_text_color": null,
    "link_url": null,
    "name": null,
    "project_id": 1895337,
    "should_show_feature_image_section": true,
    "show_feature_image": false,
    "state": "inactive",
    "state_changed_at": 1431452632,
    "text_color": null
  },
  "slug": "kllabo-inventing-gone-viral",
  "spotlight": false,
  "staff_pick": false,
  "state": "failed",
  "state_changed_at": 1437439404,
  "static_usd_rate": 1.0,
  "urls": {
    "web": {
      "project": "https://www.kickstarter.com/projects/1301010769/kllabo-inventing-gone-viral?ref=category_newest",
      "rewards": "https://www.kickstarter.com/projects/1301010769/kllabo-inventing-gone-viral/rewards"
    }
  },
  "usd_pledged": "45.0"
}