{
  "backers_count": 6,
  "blurb": "OutdoorDivvy provides adventurers with an affordable alternative to enjoying the outdoors. Divvy gear, divvy adventure.",
  "category": {
    "color": 6526716,
    "id": 342,
    "name": "Web",
    "parent_id": 16,
    "position": 15,
    "slug": "technology/web",
    "urls": {
      "web": {
        "discover": "http://www.kickstarter.com/discover/categories/technology/web"
      }
    }
  },
  "country": "US",
  "created_at": 1410555613,
  "creator": {
    "avatar": {
      "medium": "https://ksr-ugc.imgix.net/assets/009/264/642/dec97b7e25c1d17441cb1827e0a44273_original.jpeg?w=160&h=160&fit=crop&v=1461569826&auto=format&q=92&s=2db5e4cc929e068b34508358152d357c",
      "small": "https://ksr-ugc.imgix.net/assets/009/264/642/dec97b7e25c1d17441cb1827e0a44273_original.jpeg?w=160&h=160&fit=crop&v=1461569826&auto=format&q=92&s=2db5e4cc929e068b34508358152d357c",
      "thumb": "https://ksr-ugc.imgix.net/assets/009/264/642/dec97b7e25c1d17441cb1827e0a44273_original.jpeg?w=40&h=40&fit=crop&v=1461569826&auto=format&q=92&s=a0a5e0ae2c1589c927acde762349e1c1"
    },
    "id": 530509186,
    "name": "Andy Nichols",
    "slug": "outdoordivvy",
    "urls": {
      "api": {
        "user": "https://api.kickstarter.com/v1/users/530509186?signature=1488680731.c0827a680652079dbdee18c37b51453fac904d14"
      },
      "web": {
        "user": "https://www.kickstarter.com/profile/outdoordivvy"
      }
    }
  },
  "currency": "USD",
  "currency_symbol": "$",
  "currency_trailing_code": true,
  "deadline": 1416361384,
  "disable_communication": false,
  "goal": 20000.0,
  "id": 1037806887,
  "launched_at": 1411173784,
  "location": {
    "country": "US",
    "displayable_name": "Salt Lake City, UT",
    "id": 2487610,
    "is_root": false,
    "name": "Salt Lake City",
    "short_name": "Salt Lake City, UT",
    "slug": "salt-lake-city-ut",
    "state": "UT",
    "type": "Town",
    "urls": {
      "api": {
        "nearby_projects": "https://api.kickstarter.com/v1/discover?signature=1488668418.8296fcf4e05f822c074277e457343cdd821d8eea&woe_id=2487610"
      },
      "web": {
        "discover": "https://www.kickstarter.com/discover/places/salt-lake-city-ut",
        "location": "https://www.kickstarter.com/locations/salt-lake-city-ut"
      }
    }
  },
  "name": "OutdoorDivvy: Peer-to-Peer Gear Sharing for the Outdoors",
  "photo": {
    "1024x576": "https://ksr-ugc.imgix.net/assets/011/867/240/76ba00452fe4a83b421a97a5421f2027_original.jpg?w=1024&h=576&fit=fill&bg=000000&v=1463707201&auto=format&q=92&s=5b05b84c9f7cf676c4db34ff95851a19",
    "1536x864": "https://ksr-ugc.imgix.net/assets/011/867/240/76ba00452fe4a83b421a97a5421f2027_original.jpg?w=1536&h=864&fit=fill&bg=000000&v=1463707201&auto=format&q=92&s=df6834053faeb326f7e2abaef2210ef0",
    "ed": "https://ksr-ugc.imgix.net/assets/011/867/240/76ba00452fe4a83b421a97a5421f2027_original.jpg?w=338&h=190&fit=fill&bg=000000&v=1463707201&auto=format&q=92&s=44038c1e2c80f0c4b588d75756ac4fbc",
    "full": "https://ksr-ugc.imgix.net/assets/011/867/240/76ba00452fe4a83b421a97a5421f2027_original.jpg?w=560&h=315&fit=fill&bg=000000&v=1463707201&auto=format&q=92&s=7e8250b72167daf3ee2906c322456760",
    "key": "assets/011/867/240/76ba00452fe4a83b421a97a5421f2027_original.jpg",
    "little": "https://ksr-ugc.imgix.net/assets/011/867/240/76ba00452fe4a83b421a97a5421f2027_original.jpg?w=200&h=112&fit=fill&bg=000000&v=1463707201&auto=format&q=92&s=691f49a75eb8db9c6990626d8fbbff75",
    "med": "https://ksr-ugc.imgix.net/assets/011/867/240/76ba00452fe4a83b421a97a5421f2027_original.jpg?w=266&h=150&fit=fill&bg=000000&v=1463707201&auto=format&q=92&s=c6d54f916fb7d64afb1bc866fc9ffcd3",
    "small": "https://ksr-ugc.imgix.net/assets/011/867/240/76ba00452fe4a83b421a97a5421f2027_original.jpg?w=160&h=90&fit=fill&bg=000000&v=1463707201&auto=format&q=92&s=cc80081a5a21a70e3ec279ac4a599b74",
    "thumb": "https://ksr-ugc.imgix.net/assets/011/867/240/76ba00452fe4a83b421a97a5421f2027_original.jpg?w=40&h=22&fit=fill&bg=000000&v=1463707201&auto=format&q=92&s=3d55e68bd2480611bfb613b188d24851"
  },
  "pledged": 106.0,
  "profile": {
    "background_color": null,
    "background_image_opacity": 0.8,
    "blurb": null,
    "feature_image_attributes": {
      "image_urls": {
        "baseball_card": "https://ksr-ugc.imgix.net/assets/011/867/240/76ba00452fe4a83b421a97a5421f2027_original.jpg?w=1552&h=873&fit=fill&bg=000000&v=1463707201&auto=format&q=92&s=9b14708250496187c015e54518e96d61",
        "default": "https://ksr-ugc.imgix.net/assets/011/867/240/76ba00452fe4a83b421a97a5421f2027_original.jpg?w=1552&h=873&fit=fill&bg=000000&v=1463707201&auto=format&q=92&s=9b14708250496187c015e54518e96d61"
      }
    },
    "id": 1355029,
    "link_background_color": null,
    "link_text": null,
    "link_text_color": null,
    "link_url": null,
    "name": null,
    "project_id": 1355029,
    "should_show_feature_image_section": true,
    "show_feature_image": false,
    "state": "inactive",
    "state_changed_at": 1425915875,
    "text_color": null
  },
  "slug": "outdoordivvy-peer-to-peer-gear-sharing-for-the-out",
  "spotlight": false,
  "staff_pick": false,
  "state": "failed",
  "state_changed_at": 1416361386,
  "static_usd_rate": 1.0,
  "urls": {
    "web": {
      "project": "https://www.kickstarter.com/projects/outdoordivvy/outdoordivvy-peer-to-peer-gear-sharing-for-the-out?ref=category_newest",
      "rewards": "https://www.kickstarter.com/projects/outdoordivvy/outdoordivvy-peer-to-peer-gear-sharing-for-the-out/rewards"
    }
  },
  "usd_pledged": "106.0"
}