{
  "backers_count": 2,
  "blurb": "NetSec is like a antivirus program for your network. it detects hackers in your network and warns you.",
  "category": {
    "color": 6526716,
    "id": 51,
    "name": "Software",
    "parent_id": 16,
    "position": 11,
    "slug": "technology/software",
    "urls": {
      "web": {
        "discover": "http://www.kickstarter.com/discover/categories/technology/software"
      }
    }
  },
  "country": "AT",
  "created_at": 1439154112,
  "creator": {
    "avatar": {
      "medium": "https://ksr-ugc.imgix.net/assets/010/217/966/2214e908b2bc5f4f294d6a4ddc46bb77_original.png?w=160&h=160&fit=crop&v=1482147490&auto=format&q=92&s=b038bf71bea707847785a782e9a22887",
      "small": "https://ksr-ugc.imgix.net/assets/010/217/966/2214e908b2bc5f4f294d6a4ddc46bb77_original.png?w=160&h=160&fit=crop&v=1482147490&auto=format&q=92&s=b038bf71bea707847785a782e9a22887",
      "thumb": "https://ksr-ugc.imgix.net/assets/010/217/966/2214e908b2bc5f4f294d6a4ddc46bb77_original.png?w=40&h=40&fit=crop&v=1482147490&auto=format&q=92&s=dfb9d35cf7fca0d565963c094c8c6a9d"
    },
    "id": 1933208114,
    "name": "David Jelen",
    "urls": {
      "api": {
        "user": "https://api.kickstarter.com/v1/users/1933208114?signature=1488680331.ead018ffe32817ae84ba52382a01246334b4bb59"
      },
      "web": {
        "user": "https://www.kickstarter.com/profile/1933208114"
      }
    }
  },
  "currency": "EUR",
  "currency_symbol": "\u20ac",
  "currency_trailing_code": false,
  "deadline": 1444458141,
  "disable_communication": false,
  "goal": 5000.0,
  "id": 1037251811,
  "launched_at": 1439274141,
  "location": {
    "country": "AT",
    "displayable_name": "Innsbruck, Austria",
    "id": 550763,
    "is_root": false,
    "name": "Innsbruck",
    "short_name": "Innsbruck, Austria",
    "slug": "innsbruck-innsbruck-tyrol",
    "state": "Tyrol",
    "type": "Town",
    "urls": {
      "api": {
        "nearby_projects": "https://api.kickstarter.com/v1/discover?signature=1488668432.32007f6cb2d8b415a401db56e4e568a5c42d3199&woe_id=550763"
      },
      "web": {
        "discover": "https://www.kickstarter.com/discover/places/innsbruck-innsbruck-tyrol",
        "location": "https://www.kickstarter.com/locations/innsbruck-innsbruck-tyrol"
      }
    }
  },
  "name": "NetSec",
  "photo": {
    "1024x576": "https://ksr-ugc.imgix.net/assets/012/220/390/57d4cf737afb8e3eed7e60df3a29f46b_original.png?w=1024&h=576&fit=fill&bg=000000&v=1463743429&auto=format&q=92&s=696181ad6557300e8a430e050b43efe6",
    "1536x864": "https://ksr-ugc.imgix.net/assets/012/220/390/57d4cf737afb8e3eed7e60df3a29f46b_original.png?w=1536&h=864&fit=fill&bg=000000&v=1463743429&auto=format&q=92&s=b0adb2f4ef2a6ea24b90a8985f01c6e4",
    "ed": "https://ksr-ugc.imgix.net/assets/012/220/390/57d4cf737afb8e3eed7e60df3a29f46b_original.png?w=338&h=190&fit=fill&bg=000000&v=1463743429&auto=format&q=92&s=0b4363569d4e817ea7f4acd8b028e930",
    "full": "https://ksr-ugc.imgix.net/assets/012/220/390/57d4cf737afb8e3eed7e60df3a29f46b_original.png?w=560&h=315&fit=fill&bg=000000&v=1463743429&auto=format&q=92&s=a3a16552e119ec018943bbfabdda5cd2",
    "key": "assets/012/220/390/57d4cf737afb8e3eed7e60df3a29f46b_original.png",
    "little": "https://ksr-ugc.imgix.net/assets/012/220/390/57d4cf737afb8e3eed7e60df3a29f46b_original.png?w=200&h=112&fit=fill&bg=000000&v=1463743429&auto=format&q=92&s=e4de06da985b7a4227c605878981d805",
    "med": "https://ksr-ugc.imgix.net/assets/012/220/390/57d4cf737afb8e3eed7e60df3a29f46b_original.png?w=266&h=150&fit=fill&bg=000000&v=1463743429&auto=format&q=92&s=02a74ed241748adf6a71eef2698461a2",
    "small": "https://ksr-ugc.imgix.net/assets/012/220/390/57d4cf737afb8e3eed7e60df3a29f46b_original.png?w=160&h=90&fit=fill&bg=000000&v=1463743429&auto=format&q=92&s=fc85c8ee74d0f07237dc0c00ff05bb15",
    "thumb": "https://ksr-ugc.imgix.net/assets/012/220/390/57d4cf737afb8e3eed7e60df3a29f46b_original.png?w=40&h=22&fit=fill&bg=000000&v=1463743429&auto=format&q=92&s=2603657ec017d42590fc39fd1364394c"
  },
  "pledged": 55.0,
  "profile": {
    "background_color": null,
    "background_image_opacity": 0.8,
    "blurb": null,
    "feature_image_attributes": {
      "image_urls": {
        "baseball_card": "https://ksr-ugc.imgix.net/assets/012/220/390/57d4cf737afb8e3eed7e60df3a29f46b_original.png?w=1552&h=873&fit=fill&bg=000000&v=1463743429&auto=format&q=92&s=206b4ea531b5e8828ad2be419dd4a09b",
        "default": "https://ksr-ugc.imgix.net/assets/012/220/390/57d4cf737afb8e3eed7e60df3a29f46b_original.png?w=1552&h=873&fit=fill&bg=000000&v=1463743429&auto=format&q=92&s=206b4ea531b5e8828ad2be419dd4a09b"
      }
    },
    "id": 2059201,
    "link_background_color": null,
    "link_text": null,
    "link_text_color": null,
    "link_url": null,
    "name": null,
    "project_id": 2059201,
    "should_show_feature_image_section": true,
    "show_feature_image": false,
    "state": "inactive",
    "state_changed_at": 1439154112,
    "text_color": null
  },
  "slug": "netsec",
  "spotlight": false,
  "staff_pick": false,
  "state": "failed",
  "state_changed_at": 1444458141,
  "static_usd_rate": 1.09659584,
  "urls": {
    "web": {
      "project": "https://www.kickstarter.com/projects/1933208114/netsec?ref=category_newest",
      "rewards": "https://www.kickstarter.com/projects/1933208114/netsec/rewards"
    }
  },
  "usd_pledged": "60.3127712"
}