{
  "backers_count": 427,
  "blurb": "Introducing a Smart & App-Enabled, Discreet & Low-Profile, Quiet & Revolutionary Breast Pump: Brought to You by Babyation.",
  "category": {
    "color": 6526716,
    "id": 16,
    "name": "Technology",
    "position": 14,
    "slug": "technology",
    "urls": {
      "web": {
        "discover": "http://www.kickstarter.com/discover/categories/technology"
      }
    }
  },
  "country": "US",
  "created_at": 1453495194,
  "creator": {
    "avatar": {
      "medium": "https://ksr-ugc.imgix.net/assets/010/752/749/198bc0e1017adb3a0d8d53e3ad26de4a_original.png?w=160&h=160&fit=crop&v=1461710284&auto=format&q=92&s=29b8c68b10f6ad86cff44ae66811df81",
      "small": "https://ksr-ugc.imgix.net/assets/010/752/749/198bc0e1017adb3a0d8d53e3ad26de4a_original.png?w=160&h=160&fit=crop&v=1461710284&auto=format&q=92&s=29b8c68b10f6ad86cff44ae66811df81",
      "thumb": "https://ksr-ugc.imgix.net/assets/010/752/749/198bc0e1017adb3a0d8d53e3ad26de4a_original.png?w=40&h=40&fit=crop&v=1461710284&auto=format&q=92&s=5cc56e0eada5493bf4e649f59b379c0c"
    },
    "id": 1742611490,
    "name": "Babyation",
    "urls": {
      "api": {
        "user": "https://api.kickstarter.com/v1/users/1742611490?signature=1488678097.5b121456fc27d5fbc9504170c24d361c2804d54d"
      },
      "web": {
        "user": "https://www.kickstarter.com/profile/1742611490"
      }
    }
  },
  "currency": "USD",
  "currency_symbol": "$",
  "currency_trailing_code": true,
  "deadline": 1458820958,
  "disable_communication": false,
  "goal": 50000.0,
  "id": 1037309310,
  "launched_at": 1456232558,
  "location": {
    "country": "US",
    "displayable_name": "St. Louis, MO",
    "id": 2486982,
    "is_root": false,
    "name": "St. Louis",
    "short_name": "St. Louis, MO",
    "slug": "st-louis-mo",
    "state": "MO",
    "type": "Town",
    "urls": {
      "api": {
        "nearby_projects": "https://api.kickstarter.com/v1/discover?signature=1488668423.ddba37d6bbe898a7fd19c5c8eb27439937e7af2d&woe_id=2486982"
      },
      "web": {
        "discover": "https://www.kickstarter.com/discover/places/st-louis-mo",
        "location": "https://www.kickstarter.com/locations/st-louis-mo"
      }
    }
  },
  "name": "Babyation: Re-Imagining the Breast Pump for Today's Mom",
  "photo": {
    "1024x576": "https://ksr-ugc.imgix.net/assets/012/361/092/f93f5144c5c60d131ffcbac558b1f61f_original.jpg?w=1024&h=576&fit=fill&bg=000000&v=1463756808&auto=format&q=92&s=89824855e41b199ad45ac03833142c46",
    "1536x864": "https://ksr-ugc.imgix.net/assets/012/361/092/f93f5144c5c60d131ffcbac558b1f61f_original.jpg?w=1536&h=864&fit=fill&bg=000000&v=1463756808&auto=format&q=92&s=83fe1b1819d38d50a6c756b050574d41",
    "ed": "https://ksr-ugc.imgix.net/assets/012/361/092/f93f5144c5c60d131ffcbac558b1f61f_original.jpg?w=338&h=190&fit=fill&bg=000000&v=1463756808&auto=format&q=92&s=eaf1de2106c6ccd4240b6e96b8dafc3a",
    "full": "https://ksr-ugc.imgix.net/assets/012/361/092/f93f5144c5c60d131ffcbac558b1f61f_original.jpg?w=560&h=315&fit=fill&bg=000000&v=1463756808&auto=format&q=92&s=8ea1807ae966cd9a6f36bf259a28502b",
    "key": "assets/012/361/092/f93f5144c5c60d131ffcbac558b1f61f_original.jpg",
    "little": "https://ksr-ugc.imgix.net/assets/012/361/092/f93f5144c5c60d131ffcbac558b1f61f_original.jpg?w=200&h=112&fit=fill&bg=000000&v=1463756808&auto=format&q=92&s=446b97f24b88838791f063a2fc7d1285",
    "med": "https://ksr-ugc.imgix.net/assets/012/361/092/f93f5144c5c60d131ffcbac558b1f61f_original.jpg?w=266&h=150&fit=fill&bg=000000&v=1463756808&auto=format&q=92&s=816697666812a7e07bec1ab9131baac7",
    "small": "https://ksr-ugc.imgix.net/assets/012/361/092/f93f5144c5c60d131ffcbac558b1f61f_original.jpg?w=160&h=90&fit=fill&bg=000000&v=1463756808&auto=format&q=92&s=ef4710c09bc566fe933698bbe03d818f",
    "thumb": "https://ksr-ugc.imgix.net/assets/012/361/092/f93f5144c5c60d131ffcbac558b1f61f_original.jpg?w=40&h=22&fit=fill&bg=000000&v=1463756808&auto=format&q=92&s=3a1b5f381e34075ffa1987607a5331c9"
  },
  "pledged": 81045.0,
  "profile": {
    "background_color": "",
    "background_image_opacity": 0.8,
    "blurb": "Introducing a Smart & App-Enabled, Discreet & Low-Profile, Quiet & Revolutionary Breast Pump: Brought to You by Babyation.",
    "feature_image_attributes": {
      "image_urls": {
        "baseball_card": "https://ksr-ugc.imgix.net/assets/012/361/092/f93f5144c5c60d131ffcbac558b1f61f_original.jpg?w=1552&h=873&fit=fill&bg=000000&v=1463756808&auto=format&q=92&s=09e8b333a829604f47c612e832474b5d",
        "default": "https://ksr-ugc.imgix.net/assets/012/361/092/f93f5144c5c60d131ffcbac558b1f61f_original.jpg?w=1552&h=873&fit=fill&bg=000000&v=1463756808&auto=format&q=92&s=09e8b333a829604f47c612e832474b5d"
      }
    },
    "id": 2335451,
    "link_background_color": "f631d4",
    "link_text": "LEARN MORE",
    "link_text_color": "",
    "link_url": "http://www.babyation.com",
    "name": "Babyation: Re-Imagining the Breast Pump for Today's Mom",
    "project_id": 2335451,
    "should_show_feature_image_section": true,
    "show_feature_image": false,
    "state": "active",
    "state_changed_at": 1458824093,
    "text_color": ""
  },
  "slug": "babyation-re-imagining-the-breast-pump-for-todays",
  "spotlight": true,
  "staff_pick": false,
  "state": "successful",
  "state_changed_at": 1458820958,
  "static_usd_rate": 1.0,
  "urls": {
    "web": {
      "project": "https://www.kickstarter.com/projects/1742611490/babyation-re-imagining-the-breast-pump-for-todays?ref=category_most_funded",
      "rewards": "https://www.kickstarter.com/projects/1742611490/babyation-re-imagining-the-breast-pump-for-todays/rewards"
    }
  },
  "usd_pledged": "81045.0"
}