{
  "backers_count": 3,
  "blurb": "A do-it-yourself auto garage in Des Moines, Iowa where people can learn how to work on cars & those who know can share their knowledge.",
  "category": {
    "color": 6526716,
    "id": 362,
    "name": "Makerspaces",
    "parent_id": 16,
    "position": 9,
    "slug": "technology/makerspaces",
    "urls": {
      "web": {
        "discover": "http://www.kickstarter.com/discover/categories/technology/makerspaces"
      }
    }
  },
  "country": "US",
  "created_at": 1421887518,
  "creator": {
    "avatar": {
      "medium": "https://ksr-ugc.imgix.net/assets/009/477/600/709b6f6eac23717c43e94c506757b101_original.jpg?w=160&h=160&fit=crop&v=1461597844&auto=format&q=92&s=089117ba612688230083afc065ad6492",
      "small": "https://ksr-ugc.imgix.net/assets/009/477/600/709b6f6eac23717c43e94c506757b101_original.jpg?w=160&h=160&fit=crop&v=1461597844&auto=format&q=92&s=089117ba612688230083afc065ad6492",
      "thumb": "https://ksr-ugc.imgix.net/assets/009/477/600/709b6f6eac23717c43e94c506757b101_original.jpg?w=40&h=40&fit=crop&v=1461597844&auto=format&q=92&s=7ef120fc76380ab448c501545aa3b969"
    },
    "id": 805502459,
    "name": "David and Jill Brown",
    "urls": {
      "api": {
        "user": "https://api.kickstarter.com/v1/users/805502459?signature=1488680080.3727ff50921441a69a637cd6290244c23404d059"
      },
      "web": {
        "user": "https://www.kickstarter.com/profile/805502459"
      }
    }
  },
  "currency": "USD",
  "currency_symbol": "$",
  "currency_trailing_code": true,
  "deadline": 1425081694,
  "disable_communication": false,
  "goal": 40000.0,
  "id": 1038362907,
  "launched_at": 1422489694,
  "location": {
    "country": "US",
    "displayable_name": "Urbandale, IA",
    "id": 2510443,
    "is_root": false,
    "name": "Urbandale",
    "short_name": "Urbandale, IA",
    "slug": "urbandale-ia",
    "state": "IA",
    "type": "Town",
    "urls": {
      "api": {
        "nearby_projects": "https://api.kickstarter.com/v1/discover?signature=1488668427.a53b3718aa32f287a9275f3354ed89a74f2f54ce&woe_id=2510443"
      },
      "web": {
        "discover": "https://www.kickstarter.com/discover/places/urbandale-ia",
        "location": "https://www.kickstarter.com/locations/urbandale-ia"
      }
    }
  },
  "name": "DIY Garage",
  "photo": {
    "1024x576": "https://ksr-ugc.imgix.net/assets/012/008/776/0102f16373c6e94eafaa43918593bff5_original.jpg?w=1024&h=576&fit=fill&bg=000000&v=1463723670&auto=format&q=92&s=1d1880beac1f02fd0ad63f9a70fe3b68",
    "1536x864": "https://ksr-ugc.imgix.net/assets/012/008/776/0102f16373c6e94eafaa43918593bff5_original.jpg?w=1536&h=864&fit=fill&bg=000000&v=1463723670&auto=format&q=92&s=dc76823931808512cb2dc2d5139a808e",
    "ed": "https://ksr-ugc.imgix.net/assets/012/008/776/0102f16373c6e94eafaa43918593bff5_original.jpg?w=338&h=190&fit=fill&bg=000000&v=1463723670&auto=format&q=92&s=ab8be529edd886a8642a5d4f91138879",
    "full": "https://ksr-ugc.imgix.net/assets/012/008/776/0102f16373c6e94eafaa43918593bff5_original.jpg?w=560&h=315&fit=fill&bg=000000&v=1463723670&auto=format&q=92&s=26a9c4f9fd39bc2feb4956458efe6bca",
    "key": "assets/012/008/776/0102f16373c6e94eafaa43918593bff5_original.jpg",
    "little": "https://ksr-ugc.imgix.net/assets/012/008/776/0102f16373c6e94eafaa43918593bff5_original.jpg?w=200&h=112&fit=fill&bg=000000&v=1463723670&auto=format&q=92&s=4cd32c78563b669b1438f9da93c03d7e",
    "med": "https://ksr-ugc.imgix.net/assets/012/008/776/0102f16373c6e94eafaa43918593bff5_original.jpg?w=266&h=150&fit=fill&bg=000000&v=1463723670&auto=format&q=92&s=56984122eb5d3664abaea5beef704519",
    "small": "https://ksr-ugc.imgix.net/assets/012/008/776/0102f16373c6e94eafaa43918593bff5_original.jpg?w=160&h=90&fit=fill&bg=000000&v=1463723670&auto=format&q=92&s=b686b1a93b5ff829d464b913d886cb7e",
    "thumb": "https://ksr-ugc.imgix.net/assets/012/008/776/0102f16373c6e94eafaa43918593bff5_original.jpg?w=40&h=22&fit=fill&bg=000000&v=1463723670&auto=format&q=92&s=02a7379d83130eb1f686fc15d1a96d04"
  },
  "pledged": 132.0,
  "profile": {
    "background_color": null,
    "background_image_opacity": 0.8,
    "blurb": null,
    "feature_image_attributes": {
      "image_urls": {
        "baseball_card": "https://ksr-ugc.imgix.net/assets/012/008/776/0102f16373c6e94eafaa43918593bff5_original.jpg?w=1552&h=873&fit=fill&bg=000000&v=1463723670&auto=format&q=92&s=52e7d5eeb4cfc1023ea6902717992c90",
        "default": "https://ksr-ugc.imgix.net/assets/012/008/776/0102f16373c6e94eafaa43918593bff5_original.jpg?w=1552&h=873&fit=fill&bg=000000&v=1463723670&auto=format&q=92&s=52e7d5eeb4cfc1023ea6902717992c90"
      }
    },
    "id": 1648121,
    "link_background_color": null,
    "link_text": null,
    "link_text_color": null,
    "link_url": null,
    "name": null,
    "project_id": 1648121,
    "should_show_feature_image_section": true,
    "show_feature_image": false,
    "state": "inactive",
    "state_changed_at": 1425915890,
    "text_color": null
  },
  "slug": "diy-garage",
  "spotlight": false,
  "staff_pick": false,
  "state": "failed",
  "state_changed_at": 1425081698,
  "static_usd_rate": 1.0,
  "urls": {
    "web": {
      "project": "https://www.kickstarter.com/projects/805502459/diy-garage?ref=category_newest",
      "rewards": "https://www.kickstarter.com/projects/805502459/diy-garage/rewards"
    }
  },
  "usd_pledged": "132.0"
}