{
  "backers_count": 0,
  "blurb": "Thanks and welcome to All New Items, we are a new website for People interested in New Inventions Products and Businesses\n\nThanks",
  "category": {
    "color": 6526716,
    "id": 342,
    "name": "Web",
    "parent_id": 16,
    "position": 15,
    "slug": "technology/web",
    "urls": {
      "web": {
        "discover": "http://www.kickstarter.com/discover/categories/technology/web"
      }
    }
  },
  "country": "GB",
  "created_at": 1445011473,
  "creator": {
    "avatar": {
      "medium": "https://ksr-ugc.imgix.net/assets/010/446/316/5b38c5cea48a57e2b57f3bec7aecfda5_original.jpg?w=160&h=160&fit=crop&v=1461690512&auto=format&q=92&s=aad5df196a4230b3a65ba18491aedde4",
      "small": "https://ksr-ugc.imgix.net/assets/010/446/316/5b38c5cea48a57e2b57f3bec7aecfda5_original.jpg?w=160&h=160&fit=crop&v=1461690512&auto=format&q=92&s=aad5df196a4230b3a65ba18491aedde4",
      "thumb": "https://ksr-ugc.imgix.net/assets/010/446/316/5b38c5cea48a57e2b57f3bec7aecfda5_original.jpg?w=40&h=40&fit=crop&v=1461690512&auto=format&q=92&s=7c8626050f8080159af0442cf3925bb0"
    },
    "id": 201292907,
    "name": "All New Items",
    "urls": {
      "api": {
        "user": "https://api.kickstarter.com/v1/users/201292907?signature=1488681010.2cf96dd1684de15f770900b16fb228e57cb70110"
      },
      "web": {
        "user": "https://www.kickstarter.com/profile/201292907"
      }
    }
  },
  "currency": "GBP",
  "currency_symbol": "\u00a3",
  "currency_trailing_code": false,
  "deadline": 1448016268,
  "disable_communication": false,
  "goal": 5000.0,
  "id": 1038696202,
  "launched_at": 1445420668,
  "location": {
    "country": "GB",
    "displayable_name": "Birmingham, UK",
    "id": 12723,
    "is_root": false,
    "name": "Birmingham",
    "short_name": "Birmingham, UK",
    "slug": "birmingham-gb",
    "state": "England",
    "type": "Town",
    "urls": {
      "api": {
        "nearby_projects": "https://api.kickstarter.com/v1/discover?signature=1488668422.e407f7f07999cf27941538c1ed5f8f3d11daefb8&woe_id=12723"
      },
      "web": {
        "discover": "https://www.kickstarter.com/discover/places/birmingham-gb",
        "location": "https://www.kickstarter.com/locations/birmingham-gb"
      }
    }
  },
  "name": "ALLNEWITEMS.COM (Canceled)",
  "photo": {
    "1024x576": "https://ksr-ugc.imgix.net/assets/012/281/578/1e10c2e9f632bcc6496e17b72b165c19_original.png?w=1024&h=576&fit=fill&bg=000000&v=1463750277&auto=format&q=92&s=ae7505068b311a37f621c6e6190946b7",
    "1536x864": "https://ksr-ugc.imgix.net/assets/012/281/578/1e10c2e9f632bcc6496e17b72b165c19_original.png?w=1536&h=864&fit=fill&bg=000000&v=1463750277&auto=format&q=92&s=2fb600a76656b27ab0e58b37d345fa77",
    "ed": "https://ksr-ugc.imgix.net/assets/012/281/578/1e10c2e9f632bcc6496e17b72b165c19_original.png?w=338&h=190&fit=fill&bg=000000&v=1463750277&auto=format&q=92&s=0c2bcf4c043960f781594bbd05130d74",
    "full": "https://ksr-ugc.imgix.net/assets/012/281/578/1e10c2e9f632bcc6496e17b72b165c19_original.png?w=560&h=315&fit=fill&bg=000000&v=1463750277&auto=format&q=92&s=7b52a15d73f0b7b502bb3e9a458a0c04",
    "key": "assets/012/281/578/1e10c2e9f632bcc6496e17b72b165c19_original.png",
    "little": "https://ksr-ugc.imgix.net/assets/012/281/578/1e10c2e9f632bcc6496e17b72b165c19_original.png?w=200&h=112&fit=fill&bg=000000&v=1463750277&auto=format&q=92&s=509813e0ea21f5a37098d453035f3e86",
    "med": "https://ksr-ugc.imgix.net/assets/012/281/578/1e10c2e9f632bcc6496e17b72b165c19_original.png?w=266&h=150&fit=fill&bg=000000&v=1463750277&auto=format&q=92&s=2b3af0b67df1464ab0ead5046ecbc21b",
    "small": "https://ksr-ugc.imgix.net/assets/012/281/578/1e10c2e9f632bcc6496e17b72b165c19_original.png?w=160&h=90&fit=fill&bg=000000&v=1463750277&auto=format&q=92&s=0cd7c55c0c30ed17472fbfe49649cfab",
    "thumb": "https://ksr-ugc.imgix.net/assets/012/281/578/1e10c2e9f632bcc6496e17b72b165c19_original.png?w=40&h=22&fit=fill&bg=000000&v=1463750277&auto=format&q=92&s=df3fd43845de581e2d7ac9b87c9ac067"
  },
  "pledged": 0.0,
  "profile": {
    "background_color": null,
    "background_image_opacity": 0.8,
    "blurb": null,
    "feature_image_attributes": {
      "image_urls": {
        "baseball_card": "https://ksr-ugc.imgix.net/assets/012/281/578/1e10c2e9f632bcc6496e17b72b165c19_original.png?w=1552&h=873&fit=fill&bg=000000&v=1463750277&auto=format&q=92&s=01bb60dde49976b7be97dc16cce14032",
        "default": "https://ksr-ugc.imgix.net/assets/012/281/578/1e10c2e9f632bcc6496e17b72b165c19_original.png?w=1552&h=873&fit=fill&bg=000000&v=1463750277&auto=format&q=92&s=01bb60dde49976b7be97dc16cce14032"
      }
    },
    "id": 2178221,
    "link_background_color": null,
    "link_text": null,
    "link_text_color": null,
    "link_url": null,
    "name": null,
    "project_id": 2178221,
    "should_show_feature_image_section": true,
    "show_feature_image": false,
    "state": "inactive",
    "state_changed_at": 1445011473,
    "text_color": null
  },
  "slug": "allnewitemscom",
  "spotlight": false,
  "staff_pick": false,
  "state": "canceled",
  "state_changed_at": 1446454339,
  "static_usd_rate": 1.54740554,
  "urls": {
    "web": {
      "project": "https://www.kickstarter.com/projects/201292907/allnewitemscom?ref=category_newest",
      "rewards": "https://www.kickstarter.com/projects/201292907/allnewitemscom/rewards"
    }
  },
  "usd_pledged": "0.0"
}