{
  "backers_count": 1,
  "blurb": "Pressdiv.com is a central networking platform for WordPress developers worldwide; built to the highest standard with advance features.",
  "category": {
    "color": 6526716,
    "id": 342,
    "name": "Web",
    "parent_id": 16,
    "position": 15,
    "slug": "technology/web",
    "urls": {
      "web": {
        "discover": "http://www.kickstarter.com/discover/categories/technology/web"
      }
    }
  },
  "country": "GB",
  "created_at": 1432764037,
  "creator": {
    "avatar": {
      "medium": "https://ksr-ugc.imgix.net/assets/009/953/288/3cbec76714412b310663d3848def0b81_original.png?w=160&h=160&fit=crop&v=1461655541&auto=format&q=92&s=b7d57ab47bb48d75cb30d9a4d09b2092",
      "small": "https://ksr-ugc.imgix.net/assets/009/953/288/3cbec76714412b310663d3848def0b81_original.png?w=160&h=160&fit=crop&v=1461655541&auto=format&q=92&s=b7d57ab47bb48d75cb30d9a4d09b2092",
      "thumb": "https://ksr-ugc.imgix.net/assets/009/953/288/3cbec76714412b310663d3848def0b81_original.png?w=40&h=40&fit=crop&v=1461655541&auto=format&q=92&s=846f034338649f8bad3be8ba1c1e8355"
    },
    "id": 431576704,
    "name": "Jamar Brown",
    "urls": {
      "api": {
        "user": "https://api.kickstarter.com/v1/users/431576704?signature=1488680830.e89223d3e0cf1e6318926a579ecbb6837f94d065"
      },
      "web": {
        "user": "https://www.kickstarter.com/profile/431576704"
      }
    }
  },
  "currency": "GBP",
  "currency_symbol": "\u00a3",
  "currency_trailing_code": false,
  "deadline": 1435355389,
  "disable_communication": false,
  "goal": 16050.0,
  "id": 1038907160,
  "launched_at": 1432936189,
  "location": {
    "country": "GB",
    "displayable_name": "Nottingham, UK",
    "id": 30720,
    "is_root": false,
    "name": "Nottingham",
    "short_name": "Nottingham, UK",
    "slug": "nottingham-gb",
    "state": "England",
    "type": "Town",
    "urls": {
      "api": {
        "nearby_projects": "https://api.kickstarter.com/v1/discover?signature=1488668421.0a86de41faa4f9407bf8ce1343458bca57b020e2&woe_id=30720"
      },
      "web": {
        "discover": "https://www.kickstarter.com/discover/places/nottingham-gb",
        "location": "https://www.kickstarter.com/locations/nottingham-gb"
      }
    }
  },
  "name": "Pressdiv: A Fan Club For WordPress Developers",
  "photo": {
    "1024x576": "https://ksr-ugc.imgix.net/assets/012/150/834/ce898e1a9a80063850a203a83fa736d8_original.png?w=1024&h=576&fit=fill&bg=000000&v=1463738746&auto=format&q=92&s=49cc857f990ac40ea3b8d86cbcdbe8c5",
    "1536x864": "https://ksr-ugc.imgix.net/assets/012/150/834/ce898e1a9a80063850a203a83fa736d8_original.png?w=1536&h=864&fit=fill&bg=000000&v=1463738746&auto=format&q=92&s=66c131bd873bca53ad64028e78974b2a",
    "ed": "https://ksr-ugc.imgix.net/assets/012/150/834/ce898e1a9a80063850a203a83fa736d8_original.png?w=338&h=190&fit=fill&bg=000000&v=1463738746&auto=format&q=92&s=fef8c51999ea7bfecb442990613753ce",
    "full": "https://ksr-ugc.imgix.net/assets/012/150/834/ce898e1a9a80063850a203a83fa736d8_original.png?w=560&h=315&fit=fill&bg=000000&v=1463738746&auto=format&q=92&s=fbfbe4f6506cb490eec426114ad86197",
    "key": "assets/012/150/834/ce898e1a9a80063850a203a83fa736d8_original.png",
    "little": "https://ksr-ugc.imgix.net/assets/012/150/834/ce898e1a9a80063850a203a83fa736d8_original.png?w=200&h=112&fit=fill&bg=000000&v=1463738746&auto=format&q=92&s=b1a5271d95b3029d57926719a9306ab9",
    "med": "https://ksr-ugc.imgix.net/assets/012/150/834/ce898e1a9a80063850a203a83fa736d8_original.png?w=266&h=150&fit=fill&bg=000000&v=1463738746&auto=format&q=92&s=62a2af1a71700e12c280aefdcae5b7d0",
    "small": "https://ksr-ugc.imgix.net/assets/012/150/834/ce898e1a9a80063850a203a83fa736d8_original.png?w=160&h=90&fit=fill&bg=000000&v=1463738746&auto=format&q=92&s=571d5b2282be8639ab0c4cc705a7532c",
    "thumb": "https://ksr-ugc.imgix.net/assets/012/150/834/ce898e1a9a80063850a203a83fa736d8_original.png?w=40&h=22&fit=fill&bg=000000&v=1463738746&auto=format&q=92&s=2ce91f923ad7bb7cae43a0598808f0da"
  },
  "pledged": 10.0,
  "profile": {
    "background_color": null,
    "background_image_opacity": 0.8,
    "blurb": null,
    "feature_image_attributes": {
      "image_urls": {
        "baseball_card": "https://ksr-ugc.imgix.net/assets/012/150/834/ce898e1a9a80063850a203a83fa736d8_original.png?w=1552&h=873&fit=fill&bg=000000&v=1463738746&auto=format&q=92&s=3cc886d5d1a4b17048d8e07e1c35a640",
        "default": "https://ksr-ugc.imgix.net/assets/012/150/834/ce898e1a9a80063850a203a83fa736d8_original.png?w=1552&h=873&fit=fill&bg=000000&v=1463738746&auto=format&q=92&s=3cc886d5d1a4b17048d8e07e1c35a640"
      }
    },
    "id": 1925013,
    "link_background_color": null,
    "link_text": null,
    "link_text_color": null,
    "link_url": null,
    "name": null,
    "project_id": 1925013,
    "should_show_feature_image_section": true,
    "show_feature_image": false,
    "state": "inactive",
    "state_changed_at": 1432764037,
    "text_color": null
  },
  "slug": "pressdiv-a-fan-club-for-wordpress-developers",
  "spotlight": false,
  "staff_pick": false,
  "state": "failed",
  "state_changed_at": 1435355394,
  "static_usd_rate": 1.53545441,
  "urls": {
    "web": {
      "project": "https://www.kickstarter.com/projects/431576704/pressdiv-a-fan-club-for-wordpress-developers?ref=category_newest",
      "rewards": "https://www.kickstarter.com/projects/431576704/pressdiv-a-fan-club-for-wordpress-developers/rewards"
    }
  },
  "usd_pledged": "15.3545441"
}