{
  "backers_count": 212,
  "blurb": "Add to your phone a: 5\" FHD AMOLED display, 2800mAh of battery, up to 256GB storage, two SIM slots, an IR blaster & wireless charging!",
  "category": {
    "color": 6526716,
    "id": 337,
    "name": "Gadgets",
    "parent_id": 16,
    "position": 7,
    "slug": "technology/gadgets",
    "urls": {
      "web": {
        "discover": "http://www.kickstarter.com/discover/categories/technology/gadgets"
      }
    }
  },
  "country": "US",
  "created_at": 1480806514,
  "creator": {
    "avatar": {
      "medium": "https://ksr-ugc.imgix.net/assets/010/754/052/49c1df7f17b092ae77bbb03270a60a29_original.png?w=160&h=160&fit=crop&v=1461710356&auto=format&q=92&s=105326e7defa7c9e8135d646ef4d3277",
      "small": "https://ksr-ugc.imgix.net/assets/010/754/052/49c1df7f17b092ae77bbb03270a60a29_original.png?w=160&h=160&fit=crop&v=1461710356&auto=format&q=92&s=105326e7defa7c9e8135d646ef4d3277",
      "thumb": "https://ksr-ugc.imgix.net/assets/010/754/052/49c1df7f17b092ae77bbb03270a60a29_original.png?w=40&h=40&fit=crop&v=1461710356&auto=format&q=92&s=116891add4a3946c5688207f2a8e70a9"
    },
    "id": 2090834130,
    "name": "ESTI Inc.",
    "slug": "boboseye",
    "urls": {
      "api": {
        "user": "https://api.kickstarter.com/v1/users/2090834130?signature=1488679441.d1b717c8c17052b81c6c8342ce9aebb9869ac152"
      },
      "web": {
        "user": "https://www.kickstarter.com/profile/boboseye"
      }
    }
  },
  "currency": "USD",
  "currency_symbol": "$",
  "currency_trailing_code": true,
  "deadline": 1492270153,
  "disable_communication": false,
  "goal": 95000.0,
  "id": 1038919390,
  "launched_at": 1488385753,
  "location": {
    "country": "IL",
    "displayable_name": "Tel Aviv, Israel",
    "id": 1968212,
    "is_root": false,
    "name": "Tel Aviv",
    "short_name": "Tel Aviv, Israel",
    "slug": "tel-aviv-il",
    "state": "Tel Aviv",
    "type": "Town",
    "urls": {
      "api": {
        "nearby_projects": "https://api.kickstarter.com/v1/discover?signature=1488668424.fb2afcb1f15fc2b7556ee26c1a85827e54aafbe0&woe_id=1968212"
      },
      "web": {
        "discover": "https://www.kickstarter.com/discover/places/tel-aviv-il",
        "location": "https://www.kickstarter.com/locations/tel-aviv-il"
      }
    }
  },
  "name": "Eye - TAKE YOUR PHONE TO THE NEXT LEVEL",
  "photo": {
    "1024x576": "https://ksr-ugc.imgix.net/assets/014/761/595/fdbf3414059285792dda6ef8c797f31a_original.jpg?w=1024&h=576&fit=fill&bg=000000&v=1487697787&auto=format&q=92&s=6a776b3ed94ae807fc6a2e1160fafec3",
    "1536x864": "https://ksr-ugc.imgix.net/assets/014/761/595/fdbf3414059285792dda6ef8c797f31a_original.jpg?w=1536&h=864&fit=fill&bg=000000&v=1487697787&auto=format&q=92&s=f77918439e4582b6e494a080f9618fc2",
    "ed": "https://ksr-ugc.imgix.net/assets/014/761/595/fdbf3414059285792dda6ef8c797f31a_original.jpg?w=338&h=190&fit=fill&bg=000000&v=1487697787&auto=format&q=92&s=5b855dd6cdb5a38b93bb59860ee7e31c",
    "full": "https://ksr-ugc.imgix.net/assets/014/761/595/fdbf3414059285792dda6ef8c797f31a_original.jpg?w=560&h=315&fit=fill&bg=000000&v=1487697787&auto=format&q=92&s=31788275072105988ff06e2bb45cf770",
    "key": "assets/014/761/595/fdbf3414059285792dda6ef8c797f31a_original.jpg",
    "little": "https://ksr-ugc.imgix.net/assets/014/761/595/fdbf3414059285792dda6ef8c797f31a_original.jpg?w=200&h=112&fit=fill&bg=000000&v=1487697787&auto=format&q=92&s=11c21e6a33b65689cdd5b9e31ba34106",
    "med": "https://ksr-ugc.imgix.net/assets/014/761/595/fdbf3414059285792dda6ef8c797f31a_original.jpg?w=266&h=150&fit=fill&bg=000000&v=1487697787&auto=format&q=92&s=9b014196785299786caa202c4265ac59",
    "small": "https://ksr-ugc.imgix.net/assets/014/761/595/fdbf3414059285792dda6ef8c797f31a_original.jpg?w=160&h=90&fit=fill&bg=000000&v=1487697787&auto=format&q=92&s=adb1c77596bfab8f52aacc010a32a063",
    "thumb": "https://ksr-ugc.imgix.net/assets/014/761/595/fdbf3414059285792dda6ef8c797f31a_original.jpg?w=40&h=22&fit=fill&bg=000000&v=1487697787&auto=format&q=92&s=6ae7fb6510313c98957f3adac467d065"
  },
  "pledged": 26776.0,
  "profile": {
    "background_color": null,
    "background_image_opacity": 0.8,
    "blurb": null,
    "feature_image_attributes": {
      "image_urls": {
        "baseball_card": "https://ksr-ugc.imgix.net/assets/014/761/595/fdbf3414059285792dda6ef8c797f31a_original.jpg?w=1552&h=873&fit=fill&bg=000000&v=1487697787&auto=format&q=92&s=8ae3574a9590f45ffc0a9123f0fdb066",
        "default": "https://ksr-ugc.imgix.net/assets/014/761/595/fdbf3414059285792dda6ef8c797f31a_original.jpg?w=1552&h=873&fit=fill&bg=000000&v=1487697787&auto=format&q=92&s=8ae3574a9590f45ffc0a9123f0fdb066"
      }
    },
    "id": 2785429,
    "link_background_color": null,
    "link_text": null,
    "link_text_color": null,
    "link_url": null,
    "name": null,
    "project_id": 2785429,
    "should_show_feature_image_section": true,
    "show_feature_image": false,
    "state": "inactive",
    "state_changed_at": 1480806514,
    "text_color": null
  },
  "slug": "eye-take-your-phone-to-the-next-level",
  "spotlight": false,
  "staff_pick": false,
  "state": "live",
  "state_changed_at": 1488385755,
  "static_usd_rate": 1.0,
  "urls": {
    "web": {
      "project": "https://www.kickstarter.com/projects/boboseye/eye-take-your-phone-to-the-next-level?ref=category_newest",
      "rewards": "https://www.kickstarter.com/projects/boboseye/eye-take-your-phone-to-the-next-level/rewards"
    }
  },
  "usd_pledged": "26776.0"
}