{
  "backers_count": 79,
  "blurb": "A Revolutionary Phone Case + Lanyard + Wallet Hybrid",
  "category": {
    "color": 6526716,
    "id": 337,
    "name": "Gadgets",
    "parent_id": 16,
    "position": 7,
    "slug": "technology/gadgets",
    "urls": {
      "web": {
        "discover": "http://www.kickstarter.com/discover/categories/technology/gadgets"
      }
    }
  },
  "country": "CA",
  "created_at": 1460486755,
  "creator": {
    "avatar": {
      "medium": "https://ksr-ugc.imgix.net/assets/009/248/810/88c15443b687913109c4f673e10ab6f4_original.jpg?w=160&h=160&fit=crop&v=1461567902&auto=format&q=92&s=41e14425c0db4aaf9c49a51e89fcbe6c",
      "small": "https://ksr-ugc.imgix.net/assets/009/248/810/88c15443b687913109c4f673e10ab6f4_original.jpg?w=160&h=160&fit=crop&v=1461567902&auto=format&q=92&s=41e14425c0db4aaf9c49a51e89fcbe6c",
      "thumb": "https://ksr-ugc.imgix.net/assets/009/248/810/88c15443b687913109c4f673e10ab6f4_original.jpg?w=40&h=40&fit=crop&v=1461567902&auto=format&q=92&s=b9adf86b40f8dc877c8c34273e0b776a"
    },
    "id": 349968849,
    "name": "Kyle Keith & Brendan Warawa",
    "urls": {
      "api": {
        "user": "https://api.kickstarter.com/v1/users/349968849?signature=1488679501.e48a15a321bb2a827af5c07a6764e8c0321f5642"
      },
      "web": {
        "user": "https://www.kickstarter.com/profile/349968849"
      }
    }
  },
  "currency": "CAD",
  "currency_symbol": "$",
  "currency_trailing_code": true,
  "deadline": 1465352333,
  "disable_communication": false,
  "goal": 2000.0,
  "id": 1038926365,
  "launched_at": 1463624333,
  "location": {
    "country": "CA",
    "displayable_name": "Calgary, Canada",
    "id": 8775,
    "is_root": false,
    "name": "Calgary",
    "short_name": "Calgary, Canada",
    "slug": "calgary-ca",
    "state": "AB",
    "type": "Town",
    "urls": {
      "api": {
        "nearby_projects": "https://api.kickstarter.com/v1/discover?signature=1488668430.8fbd9afb3f1a6a50b3ae7eda999c96510b2b34e0&woe_id=8775"
      },
      "web": {
        "discover": "https://www.kickstarter.com/discover/places/calgary-ca",
        "location": "https://www.kickstarter.com/locations/calgary-ca"
      }
    }
  },
  "name": "Broken & Lost Phones Are a Thing of The Past",
  "photo": {
    "1024x576": "https://ksr-ugc.imgix.net/assets/012/428/362/1018c5096cd909bf74b83b1cd94ead58_original.jpg?w=1024&h=576&fit=fill&bg=FFFFFF&v=1463760693&auto=format&q=92&s=79005bc4fd7d4bc6172eef31da3b9c0d",
    "1536x864": "https://ksr-ugc.imgix.net/assets/012/428/362/1018c5096cd909bf74b83b1cd94ead58_original.jpg?w=1536&h=864&fit=fill&bg=FFFFFF&v=1463760693&auto=format&q=92&s=b4be403757b44589cfc3db8fa533ae7b",
    "ed": "https://ksr-ugc.imgix.net/assets/012/428/362/1018c5096cd909bf74b83b1cd94ead58_original.jpg?w=338&h=190&fit=fill&bg=FFFFFF&v=1463760693&auto=format&q=92&s=4ab62e5cb42ea814d66ce4f052350217",
    "full": "https://ksr-ugc.imgix.net/assets/012/428/362/1018c5096cd909bf74b83b1cd94ead58_original.jpg?w=560&h=315&fit=fill&bg=FFFFFF&v=1463760693&auto=format&q=92&s=1e583620da79d3b299fd1eeee24c1f65",
    "key": "assets/012/428/362/1018c5096cd909bf74b83b1cd94ead58_original.jpg",
    "little": "https://ksr-ugc.imgix.net/assets/012/428/362/1018c5096cd909bf74b83b1cd94ead58_original.jpg?w=200&h=112&fit=fill&bg=FFFFFF&v=1463760693&auto=format&q=92&s=8ace7717e42aa37adff1dcbcf891aa5f",
    "med": "https://ksr-ugc.imgix.net/assets/012/428/362/1018c5096cd909bf74b83b1cd94ead58_original.jpg?w=266&h=150&fit=fill&bg=FFFFFF&v=1463760693&auto=format&q=92&s=45b0f069b612919e69eda3ab2d4e2543",
    "small": "https://ksr-ugc.imgix.net/assets/012/428/362/1018c5096cd909bf74b83b1cd94ead58_original.jpg?w=160&h=90&fit=fill&bg=FFFFFF&v=1463760693&auto=format&q=92&s=df755934c8c555acf6ffd2c03938a079",
    "thumb": "https://ksr-ugc.imgix.net/assets/012/428/362/1018c5096cd909bf74b83b1cd94ead58_original.jpg?w=40&h=22&fit=fill&bg=FFFFFF&v=1463760693&auto=format&q=92&s=5044afbb7043d9df9cbd72095b14927b"
  },
  "pledged": 4848.0,
  "profile": {
    "background_color": "",
    "background_image_opacity": 0.8,
    "blurb": "A Revolutionary Phone Case + Lanyard + Wallet Hybrid",
    "feature_image_attributes": {
      "image_urls": {
        "baseball_card": "https://ksr-ugc.imgix.net/assets/012/428/362/1018c5096cd909bf74b83b1cd94ead58_original.jpg?w=1552&h=873&fit=fill&bg=FFFFFF&v=1463760693&auto=format&q=92&s=25c1ccf1b6b4657ca31cbf6e65604367",
        "default": "https://ksr-ugc.imgix.net/assets/012/428/362/1018c5096cd909bf74b83b1cd94ead58_original.jpg?w=1552&h=873&fit=fill&bg=FFFFFF&v=1463760693&auto=format&q=92&s=25c1ccf1b6b4657ca31cbf6e65604367"
      }
    },
    "id": 2467658,
    "link_background_color": "",
    "link_text": "Follow along!",
    "link_text_color": "",
    "link_url": "https://www.caselaceproducts.com/",
    "name": "Broken & Lost Phones Are a Thing of The Past",
    "project_id": 2467658,
    "should_show_feature_image_section": true,
    "show_feature_image": false,
    "state": "active",
    "state_changed_at": 1468710674,
    "text_color": ""
  },
  "slug": "broken-and-lost-phones-are-a-thing-of-the-past",
  "spotlight": true,
  "staff_pick": false,
  "state": "successful",
  "state_changed_at": 1465352334,
  "static_usd_rate": 0.77568807,
  "urls": {
    "web": {
      "project": "https://www.kickstarter.com/projects/349968849/broken-and-lost-phones-are-a-thing-of-the-past?ref=category_newest",
      "rewards": "https://www.kickstarter.com/projects/349968849/broken-and-lost-phones-are-a-thing-of-the-past/rewards"
    }
  },
  "usd_pledged": "3760.53576336"
}