{
  "backers_count": 32,
  "blurb": "Help us expand the Automated Remote Biodiversity Monitoring Network around the world and listen to the sounds of nature in real-time",
  "category": {
    "color": 6526716,
    "id": 339,
    "name": "Sound",
    "parent_id": 16,
    "position": 12,
    "slug": "technology/sound",
    "urls": {
      "web": {
        "discover": "http://www.kickstarter.com/discover/categories/technology/sound"
      }
    }
  },
  "country": "US",
  "created_at": 1421945545,
  "creator": {
    "avatar": {
      "medium": "https://ksr-ugc.imgix.net/assets/009/480/929/2a9b028db62743b774fd438d98553a23_original.png?w=160&h=160&fit=crop&v=1471638838&auto=format&q=92&s=0c19bf1a6e35949be0ecc6398e7d5ffa",
      "small": "https://ksr-ugc.imgix.net/assets/009/480/929/2a9b028db62743b774fd438d98553a23_original.png?w=160&h=160&fit=crop&v=1471638838&auto=format&q=92&s=0c19bf1a6e35949be0ecc6398e7d5ffa",
      "thumb": "https://ksr-ugc.imgix.net/assets/009/480/929/2a9b028db62743b774fd438d98553a23_original.png?w=40&h=40&fit=crop&v=1471638838&auto=format&q=92&s=d7a5772df938ccd23eed41a25f50b41f"
    },
    "id": 779685416,
    "name": "Sieve Analytics Inc. - ARBIMON",
    "slug": "arbimonstations",
    "urls": {
      "api": {
        "user": "https://api.kickstarter.com/v1/users/779685416?signature=1488680490.845d93acda364b736fb41a5567564079c489dda4"
      },
      "web": {
        "user": "https://www.kickstarter.com/profile/arbimonstations"
      }
    }
  },
  "currency": "USD",
  "currency_symbol": "$",
  "currency_trailing_code": true,
  "deadline": 1475769565,
  "disable_communication": false,
  "goal": 80000.0,
  "id": 103818918,
  "launched_at": 1472745565,
  "location": {
    "country": "PR",
    "displayable_name": "San Juan, Puerto Rico",
    "id": 161685,
    "is_root": false,
    "name": "San Juan",
    "short_name": "San Juan, Puerto Rico",
    "slug": "san-juan-pr",
    "state": "San Juan",
    "type": "Town",
    "urls": {
      "api": {
        "nearby_projects": "https://api.kickstarter.com/v1/discover?signature=1488668429.ebe997e57ab7999978937b77bf904c34a5374231&woe_id=161685"
      },
      "web": {
        "discover": "https://www.kickstarter.com/discover/places/san-juan-pr",
        "location": "https://www.kickstarter.com/locations/san-juan-pr"
      }
    }
  },
  "name": "A global network for monitoring the sounds of nature",
  "photo": {
    "1024x576": "https://ksr-ugc.imgix.net/assets/012/009/659/2a9b028db62743b774fd438d98553a23_original.png?w=1024&h=576&fit=fill&bg=FFFFFF&v=1471632121&auto=format&q=92&s=6861441cd2bf4b4a4623088c19044a0e",
    "1536x864": "https://ksr-ugc.imgix.net/assets/012/009/659/2a9b028db62743b774fd438d98553a23_original.png?w=1536&h=864&fit=fill&bg=FFFFFF&v=1471632121&auto=format&q=92&s=9f1f03117fdff91f70c8fdddcabe396a",
    "ed": "https://ksr-ugc.imgix.net/assets/012/009/659/2a9b028db62743b774fd438d98553a23_original.png?w=338&h=190&fit=fill&bg=FFFFFF&v=1471632121&auto=format&q=92&s=5e587696d4a2c0b8131a09b5acc10a3b",
    "full": "https://ksr-ugc.imgix.net/assets/012/009/659/2a9b028db62743b774fd438d98553a23_original.png?w=560&h=315&fit=fill&bg=FFFFFF&v=1471632121&auto=format&q=92&s=91705321be71c677735cd7966fbe1b2a",
    "key": "assets/012/009/659/2a9b028db62743b774fd438d98553a23_original.png",
    "little": "https://ksr-ugc.imgix.net/assets/012/009/659/2a9b028db62743b774fd438d98553a23_original.png?w=200&h=112&fit=fill&bg=FFFFFF&v=1471632121&auto=format&q=92&s=1d7c86c4892038bfd05099964d77eb1e",
    "med": "https://ksr-ugc.imgix.net/assets/012/009/659/2a9b028db62743b774fd438d98553a23_original.png?w=266&h=150&fit=fill&bg=FFFFFF&v=1471632121&auto=format&q=92&s=498d429951971391acf6eee55d1d874d",
    "small": "https://ksr-ugc.imgix.net/assets/012/009/659/2a9b028db62743b774fd438d98553a23_original.png?w=160&h=90&fit=fill&bg=FFFFFF&v=1471632121&auto=format&q=92&s=e94c6a7ed4f24b73a868f23064be060f",
    "thumb": "https://ksr-ugc.imgix.net/assets/012/009/659/2a9b028db62743b774fd438d98553a23_original.png?w=40&h=22&fit=fill&bg=FFFFFF&v=1471632121&auto=format&q=92&s=419250c6f9c02b82c5b6c655668ffdaa"
  },
  "pledged": 2954.0,
  "profile": {
    "background_color": null,
    "background_image_opacity": 0.8,
    "blurb": null,
    "feature_image_attributes": {
      "image_urls": {
        "baseball_card": "https://ksr-ugc.imgix.net/assets/012/009/659/2a9b028db62743b774fd438d98553a23_original.png?w=1552&h=873&fit=fill&bg=FFFFFF&v=1471632121&auto=format&q=92&s=313d518e2d482193e19a7df63933cb76",
        "default": "https://ksr-ugc.imgix.net/assets/012/009/659/2a9b028db62743b774fd438d98553a23_original.png?w=1552&h=873&fit=fill&bg=FFFFFF&v=1471632121&auto=format&q=92&s=313d518e2d482193e19a7df63933cb76"
      }
    },
    "id": 1649962,
    "link_background_color": null,
    "link_text": null,
    "link_text_color": null,
    "link_url": null,
    "name": null,
    "project_id": 1649962,
    "should_show_feature_image_section": true,
    "show_feature_image": false,
    "state": "inactive",
    "state_changed_at": 1425915890,
    "text_color": null
  },
  "slug": "a-global-network-for-monitoring-the-sounds-of-natu",
  "spotlight": false,
  "staff_pick": false,
  "state": "failed",
  "state_changed_at": 1475769565,
  "static_usd_rate": 1.0,
  "urls": {
    "web": {
      "project": "https://www.kickstarter.com/projects/arbimonstations/a-global-network-for-monitoring-the-sounds-of-natu?ref=category_newest",
      "rewards": "https://www.kickstarter.com/projects/arbimonstations/a-global-network-for-monitoring-the-sounds-of-natu/rewards"
    }
  },
  "usd_pledged": "2954.0"
}