{
  "backers_count": 16,
  "blurb": "The Worlds 1st Full-Length, Self-Photographing, Smart-Mirror which operates from the convenience of an App on your smart phone.",
  "category": {
    "color": 6526716,
    "id": 51,
    "name": "Software",
    "parent_id": 16,
    "position": 11,
    "slug": "technology/software",
    "urls": {
      "web": {
        "discover": "http://www.kickstarter.com/discover/categories/technology/software"
      }
    }
  },
  "country": "US",
  "created_at": 1449718860,
  "creator": {
    "avatar": {
      "medium": "https://ksr-ugc.imgix.net/assets/010/382/120/896b4b487a9fd9f316101256008cd0cd_original.jpg?w=160&h=160&fit=crop&v=1461685955&auto=format&q=92&s=a44e2e2edf1fa6871e19a54f6d13bb2c",
      "small": "https://ksr-ugc.imgix.net/assets/010/382/120/896b4b487a9fd9f316101256008cd0cd_original.jpg?w=160&h=160&fit=crop&v=1461685955&auto=format&q=92&s=a44e2e2edf1fa6871e19a54f6d13bb2c",
      "thumb": "https://ksr-ugc.imgix.net/assets/010/382/120/896b4b487a9fd9f316101256008cd0cd_original.jpg?w=40&h=40&fit=crop&v=1461685955&auto=format&q=92&s=48c247c010a30085ecb1b555591cbcb6"
    },
    "id": 2081178702,
    "name": "Leonard Adams, Esq.",
    "urls": {
      "api": {
        "user": "https://api.kickstarter.com/v1/users/2081178702?signature=1488680434.a14abf60af80cf2d4c754e6c0a253159dbaa8e66"
      },
      "web": {
        "user": "https://www.kickstarter.com/profile/2081178702"
      }
    }
  },
  "currency": "USD",
  "currency_symbol": "$",
  "currency_trailing_code": true,
  "deadline": 1458911862,
  "disable_communication": false,
  "goal": 200000.0,
  "id": 1038309030,
  "launched_at": 1453731462,
  "location": {
    "country": "US",
    "displayable_name": "New York, NY",
    "id": 2459115,
    "is_root": false,
    "name": "New York",
    "short_name": "New York, NY",
    "slug": "new-york-ny",
    "state": "NY",
    "type": "Town",
    "urls": {
      "api": {
        "nearby_projects": "https://api.kickstarter.com/v1/discover?signature=1488668416.4a5cf0584ddb5da1f95165e7ee4794c1fb4d8cd4&woe_id=2459115"
      },
      "web": {
        "discover": "https://www.kickstarter.com/discover/places/new-york-ny",
        "location": "https://www.kickstarter.com/locations/new-york-ny"
      }
    }
  },
  "name": "The EIFLE S Smart-Mirror W/Front-Facing Camera! (Canceled)",
  "photo": {
    "1024x576": "https://ksr-ugc.imgix.net/assets/012/328/886/27b24607bb0da2f96923b28b7c8dfd5c_original.jpg?w=1024&h=576&fit=fill&bg=000000&v=1463755774&auto=format&q=92&s=25fc03ae62dd5297d9f3bd6ab1dffd7b",
    "1536x864": "https://ksr-ugc.imgix.net/assets/012/328/886/27b24607bb0da2f96923b28b7c8dfd5c_original.jpg?w=1536&h=864&fit=fill&bg=000000&v=1463755774&auto=format&q=92&s=e62d669a0b1c992abc03f26a73e092d5",
    "ed": "https://ksr-ugc.imgix.net/assets/012/328/886/27b24607bb0da2f96923b28b7c8dfd5c_original.jpg?w=338&h=190&fit=fill&bg=000000&v=1463755774&auto=format&q=92&s=feba0e6b7261f32828461bb774fe44ae",
    "full": "https://ksr-ugc.imgix.net/assets/012/328/886/27b24607bb0da2f96923b28b7c8dfd5c_original.jpg?w=560&h=315&fit=fill&bg=000000&v=1463755774&auto=format&q=92&s=e8ec0feff88102b1d636131bdf032109",
    "key": "assets/012/328/886/27b24607bb0da2f96923b28b7c8dfd5c_original.jpg",
    "little": "https://ksr-ugc.imgix.net/assets/012/328/886/27b24607bb0da2f96923b28b7c8dfd5c_original.jpg?w=200&h=112&fit=fill&bg=000000&v=1463755774&auto=format&q=92&s=c7c4159f4b91a91fc8d3905776705549",
    "med": "https://ksr-ugc.imgix.net/assets/012/328/886/27b24607bb0da2f96923b28b7c8dfd5c_original.jpg?w=266&h=150&fit=fill&bg=000000&v=1463755774&auto=format&q=92&s=0d2ef52de6faa656278e13521b6be70a",
    "small": "https://ksr-ugc.imgix.net/assets/012/328/886/27b24607bb0da2f96923b28b7c8dfd5c_original.jpg?w=160&h=90&fit=fill&bg=000000&v=1463755774&auto=format&q=92&s=78fc8e4cdec582a10b46f2173e5a1199",
    "thumb": "https://ksr-ugc.imgix.net/assets/012/328/886/27b24607bb0da2f96923b28b7c8dfd5c_original.jpg?w=40&h=22&fit=fill&bg=000000&v=1463755774&auto=format&q=92&s=068c00a26e9d86bc28a813b7915deefd"
  },
  "pledged": 4248.0,
  "profile": {
    "background_color": null,
    "background_image_opacity": 0.8,
    "blurb": null,
    "feature_image_attributes": {
      "image_urls": {
        "baseball_card": "https://ksr-ugc.imgix.net/assets/012/328/886/27b24607bb0da2f96923b28b7c8dfd5c_original.jpg?w=1552&h=873&fit=fill&bg=000000&v=1463755774&auto=format&q=92&s=a8c3e68ec919a5c64ad3fc8411732562",
        "default": "https://ksr-ugc.imgix.net/assets/012/328/886/27b24607bb0da2f96923b28b7c8dfd5c_original.jpg?w=1552&h=873&fit=fill&bg=000000&v=1463755774&auto=format&q=92&s=a8c3e68ec919a5c64ad3fc8411732562"
      }
    },
    "id": 2270612,
    "link_background_color": null,
    "link_text": null,
    "link_text_color": null,
    "link_url": null,
    "name": null,
    "project_id": 2270612,
    "should_show_feature_image_section": true,
    "show_feature_image": false,
    "state": "inactive",
    "state_changed_at": 1449718860,
    "text_color": null
  },
  "slug": "the-eifle-s-smart-mirror-w-front-facing-camera",
  "spotlight": false,
  "staff_pick": false,
  "state": "canceled",
  "state_changed_at": 1454002267,
  "static_usd_rate": 1.0,
  "urls": {
    "web": {
      "project": "https://www.kickstarter.com/projects/2081178702/the-eifle-s-smart-mirror-w-front-facing-camera?ref=category_newest",
      "rewards": "https://www.kickstarter.com/projects/2081178702/the-eifle-s-smart-mirror-w-front-facing-camera/rewards"
    }
  },
  "usd_pledged": "4248.0"
}