{
  "backers_count": 34,
  "blurb": "An affordable and simple CO2 Monitor, that will help you identify the Indoor CO2 Levels and take appropriate action",
  "category": {
    "color": 6526716,
    "id": 337,
    "name": "Gadgets",
    "parent_id": 16,
    "position": 7,
    "slug": "technology/gadgets",
    "urls": {
      "web": {
        "discover": "http://www.kickstarter.com/discover/categories/technology/gadgets"
      }
    }
  },
  "country": "NL",
  "created_at": 1429932361,
  "creator": {
    "avatar": {
      "medium": "https://ksr-ugc.imgix.net/assets/008/771/628/de30411a9eed14ffa7063b111baec7b8_original.jpg?w=160&h=160&fit=crop&v=1461543093&auto=format&q=92&s=6bce2a0960a334461d9a9067aad9f592",
      "small": "https://ksr-ugc.imgix.net/assets/008/771/628/de30411a9eed14ffa7063b111baec7b8_original.jpg?w=160&h=160&fit=crop&v=1461543093&auto=format&q=92&s=6bce2a0960a334461d9a9067aad9f592",
      "thumb": "https://ksr-ugc.imgix.net/assets/008/771/628/de30411a9eed14ffa7063b111baec7b8_original.jpg?w=40&h=40&fit=crop&v=1461543093&auto=format&q=92&s=b63ac5aaa90bd09e321911a97a417140"
    },
    "id": 1426779659,
    "name": "Vladimir Savchenko",
    "urls": {
      "api": {
        "user": "https://api.kickstarter.com/v1/users/1426779659?signature=1488679469.e3bebd9f8fcfdf6a97b4bab522b5d32ff3b56577"
      },
      "web": {
        "user": "https://www.kickstarter.com/profile/1426779659"
      }
    }
  },
  "currency": "EUR",
  "currency_symbol": "\u20ac",
  "currency_trailing_code": false,
  "deadline": 1432755121,
  "disable_communication": false,
  "goal": 500.0,
  "id": 1038610502,
  "launched_at": 1430163121,
  "location": {
    "country": "BG",
    "displayable_name": "Sofia, Bulgaria",
    "id": 839722,
    "is_root": false,
    "name": "Sofia",
    "short_name": "Sofia, Bulgaria",
    "slug": "sofia-bg",
    "state": "Sofiya-Grad",
    "type": "Town",
    "urls": {
      "api": {
        "nearby_projects": "https://api.kickstarter.com/v1/discover?signature=1488668422.8c4316f9247d409b25db6d109769304719f3c323&woe_id=839722"
      },
      "web": {
        "discover": "https://www.kickstarter.com/discover/places/sofia-bg",
        "location": "https://www.kickstarter.com/locations/sofia-bg"
      }
    }
  },
  "name": "Simple CO2 Monitor",
  "photo": {
    "1024x576": "https://ksr-ugc.imgix.net/assets/012/118/384/fd2ab8146d174e61b7aa7be5f8605c22_original.PNG?w=1024&h=576&fit=fill&bg=000000&v=1463737749&auto=format&q=92&s=ca402aade95977f601f70940a5d00cd9",
    "1536x864": "https://ksr-ugc.imgix.net/assets/012/118/384/fd2ab8146d174e61b7aa7be5f8605c22_original.PNG?w=1536&h=864&fit=fill&bg=000000&v=1463737749&auto=format&q=92&s=3089f73d07c0d95393e0efd51dc0f60d",
    "ed": "https://ksr-ugc.imgix.net/assets/012/118/384/fd2ab8146d174e61b7aa7be5f8605c22_original.PNG?w=338&h=190&fit=fill&bg=000000&v=1463737749&auto=format&q=92&s=aa619dfa9f99c4fe836331f6bad1ed79",
    "full": "https://ksr-ugc.imgix.net/assets/012/118/384/fd2ab8146d174e61b7aa7be5f8605c22_original.PNG?w=560&h=315&fit=fill&bg=000000&v=1463737749&auto=format&q=92&s=7059a4036dec2721230d13c9aa189515",
    "key": "assets/012/118/384/fd2ab8146d174e61b7aa7be5f8605c22_original.PNG",
    "little": "https://ksr-ugc.imgix.net/assets/012/118/384/fd2ab8146d174e61b7aa7be5f8605c22_original.PNG?w=200&h=112&fit=fill&bg=000000&v=1463737749&auto=format&q=92&s=b2e1f3aebe7ebed3d2a29d52104bac9c",
    "med": "https://ksr-ugc.imgix.net/assets/012/118/384/fd2ab8146d174e61b7aa7be5f8605c22_original.PNG?w=266&h=150&fit=fill&bg=000000&v=1463737749&auto=format&q=92&s=30263b01381ba23fd6b2b979afdd881e",
    "small": "https://ksr-ugc.imgix.net/assets/012/118/384/fd2ab8146d174e61b7aa7be5f8605c22_original.PNG?w=160&h=90&fit=fill&bg=000000&v=1463737749&auto=format&q=92&s=2e44c77117e7b199fc718a10ed2076e6",
    "thumb": "https://ksr-ugc.imgix.net/assets/012/118/384/fd2ab8146d174e61b7aa7be5f8605c22_original.PNG?w=40&h=22&fit=fill&bg=000000&v=1463737749&auto=format&q=92&s=d8b18b00038dd6015429d30b43100d13"
  },
  "pledged": 1703.0,
  "profile": {
    "background_color": "",
    "background_image_opacity": 0.8,
    "blurb": "An affordable and simple CO2 Monitor, that will help you identify the Indoor CO2 Levels and take appropriate action",
    "feature_image_attributes": {
      "id": 11127650,
      "image_urls": {
        "baseball_card": "https://ksr-ugc.imgix.net/assets/011/127/650/2d6515fac28ead995514a585fce85784_original.jpg?w=700&fit=max&v=1462642055&auto=format&q=92&s=7000860a13ab471920146157ca19c699",
        "default": "https://ksr-ugc.imgix.net/assets/011/127/650/2d6515fac28ead995514a585fce85784_original.jpg?w=700&fit=max&v=1462642055&auto=format&q=92&s=7000860a13ab471920146157ca19c699"
      }
    },
    "id": 1861660,
    "link_background_color": "",
    "link_text": "Follow along!",
    "link_text_color": "",
    "link_url": "http://vair-monitor.com",
    "name": "v.Air - CO2 Monitor",
    "project_id": 1861660,
    "should_show_feature_image_section": true,
    "show_feature_image": true,
    "state": "active",
    "state_changed_at": 1449839646,
    "text_color": ""
  },
  "slug": "simple-co2-monitor",
  "spotlight": true,
  "staff_pick": false,
  "state": "successful",
  "state_changed_at": 1432755122,
  "static_usd_rate": 1.08733827,
  "urls": {
    "web": {
      "project": "https://www.kickstarter.com/projects/1426779659/simple-co2-monitor?ref=category_newest",
      "rewards": "https://www.kickstarter.com/projects/1426779659/simple-co2-monitor/rewards"
    }
  },
  "usd_pledged": "1851.73707381"
}