{
  "backers_count": 1,
  "blurb": "Help me help thai people to get work, sell and buy online. We want to make unemployment go down and economy go up for the rural areas.",
  "category": {
    "color": 6526716,
    "id": 342,
    "name": "Web",
    "parent_id": 16,
    "position": 15,
    "slug": "technology/web",
    "urls": {
      "web": {
        "discover": "http://www.kickstarter.com/discover/categories/technology/web"
      }
    }
  },
  "country": "NO",
  "created_at": 1436729801,
  "creator": {
    "avatar": {
      "medium": "https://ksr-ugc.imgix.net/assets/010/111/696/d553edec191c957fac85b809ce27e317_original.jpg?w=160&h=160&fit=crop&v=1461668045&auto=format&q=92&s=e84c0f0486c6e3158335131beacf0d06",
      "small": "https://ksr-ugc.imgix.net/assets/010/111/696/d553edec191c957fac85b809ce27e317_original.jpg?w=160&h=160&fit=crop&v=1461668045&auto=format&q=92&s=e84c0f0486c6e3158335131beacf0d06",
      "thumb": "https://ksr-ugc.imgix.net/assets/010/111/696/d553edec191c957fac85b809ce27e317_original.jpg?w=40&h=40&fit=crop&v=1461668045&auto=format&q=92&s=680c227b4aa39495205bd403f529a843"
    },
    "id": 127771140,
    "name": "FreeMore",
    "urls": {
      "api": {
        "user": "https://api.kickstarter.com/v1/users/127771140?signature=1488680848.928ad449f69ee9b3120c7e7bf69d7afc2c463d7c"
      },
      "web": {
        "user": "https://www.kickstarter.com/profile/127771140"
      }
    }
  },
  "currency": "NOK",
  "currency_symbol": "kr",
  "currency_trailing_code": true,
  "deadline": 1438973297,
  "disable_communication": false,
  "goal": 3000000.0,
  "id": 1038024122,
  "launched_at": 1436813297,
  "location": {
    "country": "TH",
    "displayable_name": "Bangkok, Thailand",
    "id": 1225448,
    "is_root": false,
    "name": "Bangkok",
    "short_name": "Bangkok, Thailand",
    "slug": "bangkok-th",
    "state": "Bangkok",
    "type": "Town",
    "urls": {
      "api": {
        "nearby_projects": "https://api.kickstarter.com/v1/discover?signature=1488668429.68c9ababdcbba740c2280aefea38aa0869fc7e1c&woe_id=1225448"
      },
      "web": {
        "discover": "https://www.kickstarter.com/discover/places/bangkok-th",
        "location": "https://www.kickstarter.com/locations/bangkok-th"
      }
    }
  },
  "name": "Classifieds done differently. And we http://kickingitforward",
  "photo": {
    "1024x576": "https://ksr-ugc.imgix.net/assets/012/195/017/45b047b90f7efeb365bd1686c9745e9e_original.png?w=1024&h=576&fit=fill&bg=000000&v=1463740876&auto=format&q=92&s=f3dcc2bf18d44e00cf40efe1e5679e5e",
    "1536x864": "https://ksr-ugc.imgix.net/assets/012/195/017/45b047b90f7efeb365bd1686c9745e9e_original.png?w=1536&h=864&fit=fill&bg=000000&v=1463740876&auto=format&q=92&s=3ca6dcd7b9b62bc277999cfbd51145be",
    "ed": "https://ksr-ugc.imgix.net/assets/012/195/017/45b047b90f7efeb365bd1686c9745e9e_original.png?w=338&h=190&fit=fill&bg=000000&v=1463740876&auto=format&q=92&s=66dd7c47766ba6b603f247c96edd1992",
    "full": "https://ksr-ugc.imgix.net/assets/012/195/017/45b047b90f7efeb365bd1686c9745e9e_original.png?w=560&h=315&fit=fill&bg=000000&v=1463740876&auto=format&q=92&s=e15f5366c41a7e14f8c294f18a3eba6f",
    "key": "assets/012/195/017/45b047b90f7efeb365bd1686c9745e9e_original.png",
    "little": "https://ksr-ugc.imgix.net/assets/012/195/017/45b047b90f7efeb365bd1686c9745e9e_original.png?w=200&h=112&fit=fill&bg=000000&v=1463740876&auto=format&q=92&s=cb06c80b30c5f8e0ce0100382abc47a3",
    "med": "https://ksr-ugc.imgix.net/assets/012/195/017/45b047b90f7efeb365bd1686c9745e9e_original.png?w=266&h=150&fit=fill&bg=000000&v=1463740876&auto=format&q=92&s=a55b9761986b28fc78e98d2ae3733761",
    "small": "https://ksr-ugc.imgix.net/assets/012/195/017/45b047b90f7efeb365bd1686c9745e9e_original.png?w=160&h=90&fit=fill&bg=000000&v=1463740876&auto=format&q=92&s=bad2d8bf5661ea23b34ce08402ae4b00",
    "thumb": "https://ksr-ugc.imgix.net/assets/012/195/017/45b047b90f7efeb365bd1686c9745e9e_original.png?w=40&h=22&fit=fill&bg=000000&v=1463740876&auto=format&q=92&s=0a662e649284b45305b0a005741f2950"
  },
  "pledged": 5.0,
  "profile": {
    "background_color": null,
    "background_image_opacity": 0.8,
    "blurb": null,
    "feature_image_attributes": {
      "image_urls": {
        "baseball_card": "https://ksr-ugc.imgix.net/assets/012/195/017/45b047b90f7efeb365bd1686c9745e9e_original.png?w=1552&h=873&fit=fill&bg=000000&v=1463740876&auto=format&q=92&s=a3ccc00440d5dbf81435ec71dd26a1c9",
        "default": "https://ksr-ugc.imgix.net/assets/012/195/017/45b047b90f7efeb365bd1686c9745e9e_original.png?w=1552&h=873&fit=fill&bg=000000&v=1463740876&auto=format&q=92&s=a3ccc00440d5dbf81435ec71dd26a1c9"
      }
    },
    "id": 2010976,
    "link_background_color": null,
    "link_text": null,
    "link_text_color": null,
    "link_url": null,
    "name": null,
    "project_id": 2010976,
    "should_show_feature_image_section": true,
    "show_feature_image": false,
    "state": "inactive",
    "state_changed_at": 1436729801,
    "text_color": null
  },
  "slug": "classifieds-done-differently",
  "spotlight": false,
  "staff_pick": false,
  "state": "failed",
  "state_changed_at": 1438973297,
  "static_usd_rate": 0.12486343,
  "urls": {
    "web": {
      "project": "https://www.kickstarter.com/projects/127771140/classifieds-done-differently?ref=category_newest",
      "rewards": "https://www.kickstarter.com/projects/127771140/classifieds-done-differently/rewards"
    }
  },
  "usd_pledged": "0.62431715"
}