{
  "backers_count": 1042,
  "blurb": "Express yourself with a digital pin that allows you to create, share and wear images and animated gif's!",
  "category": {
    "color": 6526716,
    "id": 341,
    "name": "Wearables",
    "parent_id": 16,
    "position": 14,
    "slug": "technology/wearables",
    "urls": {
      "web": {
        "discover": "http://www.kickstarter.com/discover/categories/technology/wearables"
      }
    }
  },
  "country": "US",
  "created_at": 1447144365,
  "creator": {
    "avatar": {
      "medium": "https://ksr-ugc.imgix.net/assets/010/533/388/022ad781e6e7cbdc68f7c89d9a6fcdaa_original.png?w=160&h=160&fit=crop&v=1461696090&auto=format&q=92&s=379410b98d47f832269393cbbc6e3db3",
      "small": "https://ksr-ugc.imgix.net/assets/010/533/388/022ad781e6e7cbdc68f7c89d9a6fcdaa_original.png?w=160&h=160&fit=crop&v=1461696090&auto=format&q=92&s=379410b98d47f832269393cbbc6e3db3",
      "thumb": "https://ksr-ugc.imgix.net/assets/010/533/388/022ad781e6e7cbdc68f7c89d9a6fcdaa_original.png?w=40&h=40&fit=crop&v=1461696090&auto=format&q=92&s=5d97bf26bf0be3b88ccd8cca1bf64069"
    },
    "id": 1411486807,
    "name": "Pins Collective",
    "slug": "pinscollective",
    "urls": {
      "api": {
        "user": "https://api.kickstarter.com/v1/users/1411486807?signature=1488680565.ac39acf85d9c8d8ab739395a03d85b231883a2eb"
      },
      "web": {
        "user": "https://www.kickstarter.com/profile/pinscollective"
      }
    }
  },
  "currency": "USD",
  "currency_symbol": "$",
  "currency_trailing_code": true,
  "deadline": 1459449840,
  "disable_communication": false,
  "goal": 75000.0,
  "id": 1039424225,
  "launched_at": 1456830011,
  "location": {
    "country": "SE",
    "displayable_name": "Stockholm, Sweden",
    "id": 906057,
    "is_root": false,
    "name": "Stockholm",
    "short_name": "Stockholm, Sweden",
    "slug": "stockholm-stockholm-se",
    "state": "Stockholm",
    "type": "Town",
    "urls": {
      "api": {
        "nearby_projects": "https://api.kickstarter.com/v1/discover?signature=1488668420.38e55a24ec2f85c2715efaead0ce4516a2f9631d&woe_id=906057"
      },
      "web": {
        "discover": "https://www.kickstarter.com/discover/places/stockholm-stockholm-se",
        "location": "https://www.kickstarter.com/locations/stockholm-stockholm-se"
      }
    }
  },
  "name": "Pins Collective",
  "photo": {
    "1024x576": "https://ksr-ugc.imgix.net/assets/012/303/493/d1368116ab944130c55fbd6c9d8522a0_original.jpg?w=1024&h=576&fit=fill&bg=DDE59C&v=1463754426&auto=format&q=92&s=4a9c01686ea445bc29e56795893f4392",
    "1536x864": "https://ksr-ugc.imgix.net/assets/012/303/493/d1368116ab944130c55fbd6c9d8522a0_original.jpg?w=1536&h=864&fit=fill&bg=DDE59C&v=1463754426&auto=format&q=92&s=d646e6d9f9eac1baa68e903e6a36a628",
    "ed": "https://ksr-ugc.imgix.net/assets/012/303/493/d1368116ab944130c55fbd6c9d8522a0_original.jpg?w=338&h=190&fit=fill&bg=DDE59C&v=1463754426&auto=format&q=92&s=711dcb195c0b9f03c9f079f734fa4cb5",
    "full": "https://ksr-ugc.imgix.net/assets/012/303/493/d1368116ab944130c55fbd6c9d8522a0_original.jpg?w=560&h=315&fit=fill&bg=DDE59C&v=1463754426&auto=format&q=92&s=e379675263e73ef034cf25d659d08375",
    "key": "assets/012/303/493/d1368116ab944130c55fbd6c9d8522a0_original.jpg",
    "little": "https://ksr-ugc.imgix.net/assets/012/303/493/d1368116ab944130c55fbd6c9d8522a0_original.jpg?w=200&h=112&fit=fill&bg=DDE59C&v=1463754426&auto=format&q=92&s=f0e21f96f8c0d629d3d44ce0e6e78471",
    "med": "https://ksr-ugc.imgix.net/assets/012/303/493/d1368116ab944130c55fbd6c9d8522a0_original.jpg?w=266&h=150&fit=fill&bg=DDE59C&v=1463754426&auto=format&q=92&s=ae4afadc83652ba103bd42fdce64c260",
    "small": "https://ksr-ugc.imgix.net/assets/012/303/493/d1368116ab944130c55fbd6c9d8522a0_original.jpg?w=160&h=90&fit=fill&bg=DDE59C&v=1463754426&auto=format&q=92&s=24498a4419047af7c76f2dc254959725",
    "thumb": "https://ksr-ugc.imgix.net/assets/012/303/493/d1368116ab944130c55fbd6c9d8522a0_original.jpg?w=40&h=22&fit=fill&bg=DDE59C&v=1463754426&auto=format&q=92&s=34fa4d8c9ca0aaae2bf545a643d7c2bc"
  },
  "pledged": 102066.0,
  "profile": {
    "background_color": "",
    "background_image_opacity": 0.8,
    "blurb": "Express yourself with a digital pin that allows you to create, share and wear images and animated gif's!",
    "feature_image_attributes": {
      "id": 15002397,
      "image_urls": {
        "baseball_card": "https://ksr-ugc.imgix.net/assets/015/002/397/0317033df6b3e286ed52bd9763b0cf5e_original.png?w=700&fit=max&v=1482926732&auto=format&q=92&s=6ab88da816a16c36dc9b71fb16190624",
        "default": "https://ksr-ugc.imgix.net/assets/015/002/397/0317033df6b3e286ed52bd9763b0cf5e_original.png?w=700&fit=max&v=1482926732&auto=format&q=92&s=6ab88da816a16c36dc9b71fb16190624"
      }
    },
    "id": 2220728,
    "link_background_color": "e217e2",
    "link_text": "Pre-Order Now!",
    "link_text_color": "",
    "link_url": "https://igg.me/at/pinscollective/x/12769118",
    "name": "Pins Collective",
    "project_id": 2220728,
    "should_show_feature_image_section": true,
    "show_feature_image": true,
    "state": "active",
    "state_changed_at": 1460711676,
    "text_color": ""
  },
  "slug": "pins-collective",
  "spotlight": true,
  "staff_pick": true,
  "state": "successful",
  "state_changed_at": 1459449841,
  "static_usd_rate": 1.0,
  "urls": {
    "web": {
      "project": "https://www.kickstarter.com/projects/pinscollective/pins-collective?ref=category_newest",
      "rewards": "https://www.kickstarter.com/projects/pinscollective/pins-collective/rewards"
    }
  },
  "usd_pledged": "102066.0"
}