{
  "backers_count": 58,
  "blurb": "Never replace flashlight batteries again! JiffyLight uses water to activate its 3 LED lights to brighten any emergency! Eco-friendly!",
  "category": {
    "color": 6526716,
    "id": 337,
    "name": "Gadgets",
    "parent_id": 16,
    "position": 7,
    "slug": "technology/gadgets",
    "urls": {
      "web": {
        "discover": "http://www.kickstarter.com/discover/categories/technology/gadgets"
      }
    }
  },
  "country": "US",
  "created_at": 1423622135,
  "creator": {
    "avatar": {
      "medium": "https://ksr-ugc.imgix.net/missing_user_avatar.png?w=160&h=160&fit=crop&v=&auto=format&q=92&s=c40e6ddb23a144ee8beca514ec2d6e58",
      "small": "https://ksr-ugc.imgix.net/missing_user_avatar.png?w=160&h=160&fit=crop&v=&auto=format&q=92&s=c40e6ddb23a144ee8beca514ec2d6e58",
      "thumb": "https://ksr-ugc.imgix.net/missing_user_avatar.png?w=40&h=40&fit=crop&v=&auto=format&q=92&s=8c0db61c92692000c2678b375fc31714"
    },
    "id": 1857157883,
    "name": "Will (deleted)",
    "slug": "jiffylight",
    "urls": {
      "api": {
        "user": "https://api.kickstarter.com/v1/users/1857157883?signature=1488679700.d4bab8984c71d70149c57758e469bbf5bb7df465"
      },
      "web": {
        "user": "https://www.kickstarter.com/profile/jiffylight"
      }
    }
  },
  "currency": "USD",
  "currency_symbol": "$",
  "currency_trailing_code": true,
  "deadline": 1426381087,
  "disable_communication": true,
  "goal": 1000.0,
  "id": 103927884,
  "launched_at": 1423792687,
  "location": {
    "country": "US",
    "displayable_name": "Shippensburg, PA",
    "id": 2492899,
    "is_root": false,
    "name": "Shippensburg",
    "short_name": "Shippensburg, PA",
    "slug": "shippensburg-pa",
    "state": "PA",
    "type": "Town",
    "urls": {
      "api": {
        "nearby_projects": "https://api.kickstarter.com/v1/discover?signature=1488668502.24fa24bf7e238a7c758f37d65b476b7615d673cc&woe_id=2492899"
      },
      "web": {
        "discover": "https://www.kickstarter.com/discover/places/shippensburg-pa",
        "location": "https://www.kickstarter.com/locations/shippensburg-pa"
      }
    }
  },
  "name": "JiffyLight (Suspended)",
  "photo": {
    "1024x576": "https://ksr-ugc.imgix.net/assets/012/033/237/22d6694cde5ed285dc67805fc41ec9ed_original.jpg?w=1024&h=576&fit=fill&bg=000000&v=1463725802&auto=format&q=92&s=7fde045e028138b2550ae907ebd2c1d7",
    "1536x864": "https://ksr-ugc.imgix.net/assets/012/033/237/22d6694cde5ed285dc67805fc41ec9ed_original.jpg?w=1536&h=864&fit=fill&bg=000000&v=1463725802&auto=format&q=92&s=0af82ac6c0d3c57224865a6511097bac",
    "ed": "https://ksr-ugc.imgix.net/assets/012/033/237/22d6694cde5ed285dc67805fc41ec9ed_original.jpg?w=338&h=190&fit=fill&bg=000000&v=1463725802&auto=format&q=92&s=e2e487506d4b45662b138ab8a8698c6d",
    "full": "https://ksr-ugc.imgix.net/assets/012/033/237/22d6694cde5ed285dc67805fc41ec9ed_original.jpg?w=560&h=315&fit=fill&bg=000000&v=1463725802&auto=format&q=92&s=e5f240a29212e5cfe11678674e948490",
    "key": "assets/012/033/237/22d6694cde5ed285dc67805fc41ec9ed_original.jpg",
    "little": "https://ksr-ugc.imgix.net/assets/012/033/237/22d6694cde5ed285dc67805fc41ec9ed_original.jpg?w=200&h=112&fit=fill&bg=000000&v=1463725802&auto=format&q=92&s=ab054b24274ab00f0ece451ba59d79ec",
    "med": "https://ksr-ugc.imgix.net/assets/012/033/237/22d6694cde5ed285dc67805fc41ec9ed_original.jpg?w=266&h=150&fit=fill&bg=000000&v=1463725802&auto=format&q=92&s=d25f1940bc3ce1200edc40c4d047470f",
    "small": "https://ksr-ugc.imgix.net/assets/012/033/237/22d6694cde5ed285dc67805fc41ec9ed_original.jpg?w=160&h=90&fit=fill&bg=000000&v=1463725802&auto=format&q=92&s=ca66f2f2333bdaba9f41e72f2697bfef",
    "thumb": "https://ksr-ugc.imgix.net/assets/012/033/237/22d6694cde5ed285dc67805fc41ec9ed_original.jpg?w=40&h=22&fit=fill&bg=000000&v=1463725802&auto=format&q=92&s=7ddd85e85e2c701b91d5fc1a398980de"
  },
  "pledged": 1384.0,
  "profile": {
    "background_color": null,
    "background_image_opacity": 0.8,
    "blurb": null,
    "feature_image_attributes": {
      "image_urls": {
        "baseball_card": "https://ksr-ugc.imgix.net/assets/012/033/237/22d6694cde5ed285dc67805fc41ec9ed_original.jpg?w=1552&h=873&fit=fill&bg=000000&v=1463725802&auto=format&q=92&s=823eb1cb0c55db31252cc2f65ebe5c92",
        "default": "https://ksr-ugc.imgix.net/assets/012/033/237/22d6694cde5ed285dc67805fc41ec9ed_original.jpg?w=1552&h=873&fit=fill&bg=000000&v=1463725802&auto=format&q=92&s=823eb1cb0c55db31252cc2f65ebe5c92"
      }
    },
    "id": 1697920,
    "link_background_color": null,
    "link_text": null,
    "link_text_color": null,
    "link_url": null,
    "name": null,
    "project_id": 1697920,
    "should_show_feature_image_section": true,
    "show_feature_image": false,
    "state": "inactive",
    "state_changed_at": 1425915893,
    "text_color": null
  },
  "slug": "jiffylight",
  "spotlight": false,
  "staff_pick": false,
  "state": "suspended",
  "state_changed_at": 1424280639,
  "static_usd_rate": 1.0,
  "urls": {
    "web": {
      "project": "https://www.kickstarter.com/projects/jiffylight/jiffylight?ref=category_newest",
      "rewards": "https://www.kickstarter.com/projects/jiffylight/jiffylight/rewards"
    }
  },
  "usd_pledged": "1384.0"
}