{
  "backers_count": 0,
  "blurb": "You've heard of the \"repair caf\u00e9\". a place to get free help to fix broken stuff, learn to repair instead of replace. Lets make!",
  "category": {
    "color": 6526716,
    "id": 331,
    "name": "3D Printing",
    "parent_id": 16,
    "position": 1,
    "slug": "technology/3d printing",
    "urls": {
      "web": {
        "discover": "http://www.kickstarter.com/discover/categories/technology/3d%20printing"
      }
    }
  },
  "country": "CA",
  "created_at": 1484873669,
  "creator": {
    "avatar": {
      "medium": "https://ksr-ugc.imgix.net/assets/015/467/335/080f9f74462d9e8fdf1018fd0956d4af_original.JPG?w=160&h=160&fit=crop&v=1486770469&auto=format&q=92&s=3b44ce5142ddca194fcc01bc06e88455",
      "small": "https://ksr-ugc.imgix.net/assets/015/467/335/080f9f74462d9e8fdf1018fd0956d4af_original.JPG?w=160&h=160&fit=crop&v=1486770469&auto=format&q=92&s=3b44ce5142ddca194fcc01bc06e88455",
      "thumb": "https://ksr-ugc.imgix.net/assets/015/467/335/080f9f74462d9e8fdf1018fd0956d4af_original.JPG?w=40&h=40&fit=crop&v=1486770469&auto=format&q=92&s=0614298adff171d81a547673c228bc18"
    },
    "id": 1666533066,
    "name": "Almost Everything 3D",
    "urls": {
      "api": {
        "user": "https://api.kickstarter.com/v1/users/1666533066?signature=1488678702.7b3e3f0d0ba0d95229c3f1f5a359165e0b1038bc"
      },
      "web": {
        "user": "https://www.kickstarter.com/profile/1666533066"
      }
    }
  },
  "currency": "CAD",
  "currency_symbol": "$",
  "currency_trailing_code": true,
  "deadline": 1492239479,
  "disable_communication": false,
  "goal": 25000.0,
  "id": 1039830102,
  "launched_at": 1487059079,
  "location": {
    "country": "CA",
    "displayable_name": "Vancouver, Canada",
    "id": 9807,
    "is_root": false,
    "name": "Vancouver",
    "short_name": "Vancouver, Canada",
    "slug": "vancouver-ca",
    "state": "BC",
    "type": "Town",
    "urls": {
      "api": {
        "nearby_projects": "https://api.kickstarter.com/v1/discover?signature=1488668420.0d1c8a327548ec9a73d7a1b8be2f2a40d70e990b&woe_id=9807"
      },
      "web": {
        "discover": "https://www.kickstarter.com/discover/places/vancouver-ca",
        "location": "https://www.kickstarter.com/locations/vancouver-ca"
      }
    }
  },
  "name": "AE3D Repair Cafe",
  "photo": {
    "1024x576": "https://ksr-ugc.imgix.net/assets/015/227/791/fa6a31aeda10fd804a5a076d4466623b_original.jpg?w=1024&h=576&fit=fill&bg=000000&v=1487057674&auto=format&q=92&s=e7903b2be17a64d0a835dde40f1d6db6",
    "1536x864": "https://ksr-ugc.imgix.net/assets/015/227/791/fa6a31aeda10fd804a5a076d4466623b_original.jpg?w=1536&h=864&fit=fill&bg=000000&v=1487057674&auto=format&q=92&s=8f962df7c2c656bddbbf7db55de3af09",
    "ed": "https://ksr-ugc.imgix.net/assets/015/227/791/fa6a31aeda10fd804a5a076d4466623b_original.jpg?w=338&h=190&fit=fill&bg=000000&v=1487057674&auto=format&q=92&s=46fcd118b0cfcb8c9b6dc2cbecdfcef9",
    "full": "https://ksr-ugc.imgix.net/assets/015/227/791/fa6a31aeda10fd804a5a076d4466623b_original.jpg?w=560&h=315&fit=fill&bg=000000&v=1487057674&auto=format&q=92&s=15e9ffc4d30b5c8e8a563425a2b5b65a",
    "key": "assets/015/227/791/fa6a31aeda10fd804a5a076d4466623b_original.jpg",
    "little": "https://ksr-ugc.imgix.net/assets/015/227/791/fa6a31aeda10fd804a5a076d4466623b_original.jpg?w=200&h=112&fit=fill&bg=000000&v=1487057674&auto=format&q=92&s=0db2f9ccdd7314b5dd6f4f24fe3b7389",
    "med": "https://ksr-ugc.imgix.net/assets/015/227/791/fa6a31aeda10fd804a5a076d4466623b_original.jpg?w=266&h=150&fit=fill&bg=000000&v=1487057674&auto=format&q=92&s=dbc2d77f807313fbac31e22168f1307a",
    "small": "https://ksr-ugc.imgix.net/assets/015/227/791/fa6a31aeda10fd804a5a076d4466623b_original.jpg?w=160&h=90&fit=fill&bg=000000&v=1487057674&auto=format&q=92&s=d94d8913f688ecd1dc43ce3c37d68875",
    "thumb": "https://ksr-ugc.imgix.net/assets/015/227/791/fa6a31aeda10fd804a5a076d4466623b_original.jpg?w=40&h=22&fit=fill&bg=000000&v=1487057674&auto=format&q=92&s=543024fc8757ac0fd036c4a840221f44"
  },
  "pledged": 0.0,
  "profile": {
    "background_color": null,
    "background_image_opacity": 0.8,
    "blurb": null,
    "feature_image_attributes": {
      "image_urls": {
        "baseball_card": "https://ksr-ugc.imgix.net/assets/015/227/791/fa6a31aeda10fd804a5a076d4466623b_original.jpg?w=1552&h=873&fit=fill&bg=000000&v=1487057674&auto=format&q=92&s=b6efb592ccb0719644f7952d8b1cd5c7",
        "default": "https://ksr-ugc.imgix.net/assets/015/227/791/fa6a31aeda10fd804a5a076d4466623b_original.jpg?w=1552&h=873&fit=fill&bg=000000&v=1487057674&auto=format&q=92&s=b6efb592ccb0719644f7952d8b1cd5c7"
      }
    },
    "id": 2843756,
    "link_background_color": null,
    "link_text": null,
    "link_text_color": null,
    "link_url": null,
    "name": null,
    "project_id": 2843756,
    "should_show_feature_image_section": true,
    "show_feature_image": false,
    "state": "inactive",
    "state_changed_at": 1484873669,
    "text_color": null
  },
  "slug": "ae3d-repair-cafe",
  "spotlight": false,
  "staff_pick": false,
  "state": "live",
  "state_changed_at": 1487059080,
  "static_usd_rate": 0.7637354,
  "urls": {
    "web": {
      "project": "https://www.kickstarter.com/projects/1666533066/ae3d-repair-cafe?ref=category_newest",
      "rewards": "https://www.kickstarter.com/projects/1666533066/ae3d-repair-cafe/rewards"
    }
  },
  "usd_pledged": "0.0"
}