{
  "backers_count": 0,
  "blurb": "ProMaxScore self-help and analysis tools to help businesses stay strong and for a long time.",
  "category": {
    "color": 6526716,
    "id": 51,
    "name": "Software",
    "parent_id": 16,
    "position": 11,
    "slug": "technology/software",
    "urls": {
      "web": {
        "discover": "http://www.kickstarter.com/discover/categories/technology/software"
      }
    }
  },
  "country": "CA",
  "created_at": 1431521423,
  "creator": {
    "avatar": {
      "medium": "https://ksr-ugc.imgix.net/assets/009/901/525/fc64cef7d323837b42b62e0c10e9f12f_original.gif?w=160&h=160&fit=crop&v=1461642168&auto=format&frame=1&q=92&s=b47460ac0a28574dbe43b2bdcd8d8ca2",
      "small": "https://ksr-ugc.imgix.net/assets/009/901/525/fc64cef7d323837b42b62e0c10e9f12f_original.gif?w=160&h=160&fit=crop&v=1461642168&auto=format&frame=1&q=92&s=b47460ac0a28574dbe43b2bdcd8d8ca2",
      "thumb": "https://ksr-ugc.imgix.net/assets/009/901/525/fc64cef7d323837b42b62e0c10e9f12f_original.gif?w=40&h=40&fit=crop&v=1461642168&auto=format&frame=1&q=92&s=3438a160f8464c0ed3f4fc5d22ddae85"
    },
    "id": 797941950,
    "name": "ProMaxScore Team",
    "urls": {
      "api": {
        "user": "https://api.kickstarter.com/v1/users/797941950?signature=1488680427.52e710a6ee573f2f5bea72efff206c5af8d30aa7"
      },
      "web": {
        "user": "https://www.kickstarter.com/profile/797941950"
      }
    }
  },
  "currency": "CAD",
  "currency_symbol": "$",
  "currency_trailing_code": true,
  "deadline": 1434158563,
  "disable_communication": false,
  "goal": 20000.0,
  "id": 103925447,
  "launched_at": 1431998563,
  "location": {
    "country": "CA",
    "displayable_name": "Montreal, Canada",
    "id": 3534,
    "is_root": false,
    "name": "Montreal",
    "short_name": "Montreal, Canada",
    "slug": "montreal-ca",
    "state": "QC",
    "type": "Town",
    "urls": {
      "api": {
        "nearby_projects": "https://api.kickstarter.com/v1/discover?signature=1488668419.083ed7df0c33c9600e9b6c2409e34687e1b82527&woe_id=3534"
      },
      "web": {
        "discover": "https://www.kickstarter.com/discover/places/montreal-ca",
        "location": "https://www.kickstarter.com/locations/montreal-ca"
      }
    }
  },
  "name": "ProMaxScore (Canceled)",
  "photo": {
    "1024x576": "https://ksr-ugc.imgix.net/assets/012/136/795/412e84d4ce83e643f724fc1841890f28_original.jpg?w=1024&h=576&fit=fill&bg=000000&v=1463738266&auto=format&q=92&s=67ab81e0d5963f021391788dc782184d",
    "1536x864": "https://ksr-ugc.imgix.net/assets/012/136/795/412e84d4ce83e643f724fc1841890f28_original.jpg?w=1536&h=864&fit=fill&bg=000000&v=1463738266&auto=format&q=92&s=52f825439abc59147a63459ad034fb5e",
    "ed": "https://ksr-ugc.imgix.net/assets/012/136/795/412e84d4ce83e643f724fc1841890f28_original.jpg?w=338&h=190&fit=fill&bg=000000&v=1463738266&auto=format&q=92&s=735d123e96db2b5b5a1fe9df54ba7621",
    "full": "https://ksr-ugc.imgix.net/assets/012/136/795/412e84d4ce83e643f724fc1841890f28_original.jpg?w=560&h=315&fit=fill&bg=000000&v=1463738266&auto=format&q=92&s=3eb62db196a29b08e1ae5ce3e06b1b26",
    "key": "assets/012/136/795/412e84d4ce83e643f724fc1841890f28_original.jpg",
    "little": "https://ksr-ugc.imgix.net/assets/012/136/795/412e84d4ce83e643f724fc1841890f28_original.jpg?w=200&h=112&fit=fill&bg=000000&v=1463738266&auto=format&q=92&s=f2fa66cbaf18fd814b1a76154c7dc04b",
    "med": "https://ksr-ugc.imgix.net/assets/012/136/795/412e84d4ce83e643f724fc1841890f28_original.jpg?w=266&h=150&fit=fill&bg=000000&v=1463738266&auto=format&q=92&s=391a6bac402058e41438c167120ae285",
    "small": "https://ksr-ugc.imgix.net/assets/012/136/795/412e84d4ce83e643f724fc1841890f28_original.jpg?w=160&h=90&fit=fill&bg=000000&v=1463738266&auto=format&q=92&s=af073b2b248754be5e8c304cd66fcbf1",
    "thumb": "https://ksr-ugc.imgix.net/assets/012/136/795/412e84d4ce83e643f724fc1841890f28_original.jpg?w=40&h=22&fit=fill&bg=000000&v=1463738266&auto=format&q=92&s=b8b09985ace99057a5df8e05ed66d12a"
  },
  "pledged": 0.0,
  "profile": {
    "background_color": null,
    "background_image_opacity": 0.8,
    "blurb": null,
    "feature_image_attributes": {
      "image_urls": {
        "baseball_card": "https://ksr-ugc.imgix.net/assets/012/136/795/412e84d4ce83e643f724fc1841890f28_original.jpg?w=1552&h=873&fit=fill&bg=000000&v=1463738266&auto=format&q=92&s=d4d147535619fe68df3e7e2fe035a5a6",
        "default": "https://ksr-ugc.imgix.net/assets/012/136/795/412e84d4ce83e643f724fc1841890f28_original.jpg?w=1552&h=873&fit=fill&bg=000000&v=1463738266&auto=format&q=92&s=d4d147535619fe68df3e7e2fe035a5a6"
      }
    },
    "id": 1897092,
    "link_background_color": null,
    "link_text": null,
    "link_text_color": null,
    "link_url": null,
    "name": null,
    "project_id": 1897092,
    "should_show_feature_image_section": true,
    "show_feature_image": false,
    "state": "inactive",
    "state_changed_at": 1431521423,
    "text_color": null
  },
  "slug": "promaxscore",
  "spotlight": false,
  "staff_pick": false,
  "state": "canceled",
  "state_changed_at": 1433714201,
  "static_usd_rate": 0.83233938,
  "urls": {
    "web": {
      "project": "https://www.kickstarter.com/projects/797941950/promaxscore?ref=category_newest",
      "rewards": "https://www.kickstarter.com/projects/797941950/promaxscore/rewards"
    }
  },
  "usd_pledged": "0.0"
}