{
  "backers_count": 132,
  "blurb": "The World's Longest Lasting Emergency Flashlight. Now Featuring a Cree LED!",
  "category": {
    "color": 6526716,
    "id": 337,
    "name": "Gadgets",
    "parent_id": 16,
    "position": 7,
    "slug": "technology/gadgets",
    "urls": {
      "web": {
        "discover": "http://www.kickstarter.com/discover/categories/technology/gadgets"
      }
    }
  },
  "country": "US",
  "created_at": 1442084155,
  "creator": {
    "avatar": {
      "medium": "https://ksr-ugc.imgix.net/assets/007/465/166/6ec9c19e1e99f433405fc3c62e67f440_original.jpg?w=160&h=160&fit=crop&v=1461458963&auto=format&q=92&s=fd18dee19a6cf037d17eef0854ffb1f4",
      "small": "https://ksr-ugc.imgix.net/assets/007/465/166/6ec9c19e1e99f433405fc3c62e67f440_original.jpg?w=160&h=160&fit=crop&v=1461458963&auto=format&q=92&s=fd18dee19a6cf037d17eef0854ffb1f4",
      "thumb": "https://ksr-ugc.imgix.net/assets/007/465/166/6ec9c19e1e99f433405fc3c62e67f440_original.jpg?w=40&h=40&fit=crop&v=1461458963&auto=format&q=92&s=a2aefc38db330182dcce14e4576b67ea"
    },
    "id": 1148782920,
    "name": "Brett D'Onofrio",
    "slug": "enduringtechnologies",
    "urls": {
      "api": {
        "user": "https://api.kickstarter.com/v1/users/1148782920?signature=1488679480.821c9af4da3f94130a9d1b60ed5c5b3aa7ba20c8"
      },
      "web": {
        "user": "https://www.kickstarter.com/profile/enduringtechnologies"
      }
    }
  },
  "currency": "USD",
  "currency_symbol": "$",
  "currency_trailing_code": true,
  "deadline": 1447520422,
  "disable_communication": false,
  "goal": 5000.0,
  "id": 1039457373,
  "launched_at": 1442332822,
  "location": {
    "country": "US",
    "displayable_name": "West Palm Beach, FL",
    "id": 2517521,
    "is_root": false,
    "name": "West Palm Beach",
    "short_name": "West Palm Beach, FL",
    "slug": "west-palm-beach-fl",
    "state": "FL",
    "type": "Town",
    "urls": {
      "api": {
        "nearby_projects": "https://api.kickstarter.com/v1/discover?signature=1488668466.1e27b6f45ff0aef4ed2cb79252fa417b9400a6bc&woe_id=2517521"
      },
      "web": {
        "discover": "https://www.kickstarter.com/discover/places/west-palm-beach-fl",
        "location": "https://www.kickstarter.com/locations/west-palm-beach-fl"
      }
    }
  },
  "name": "Triatholight with Cree! The Longest Lasting Emergency Light!",
  "photo": {
    "1024x576": "https://ksr-ugc.imgix.net/assets/012/250/468/469d1d28de273deb4aaa9a5042f0c9f2_original.jpg?w=1024&h=576&fit=fill&bg=000000&v=1463746503&auto=format&q=92&s=5f91f628301f0ae22b82845bb5e149d7",
    "1536x864": "https://ksr-ugc.imgix.net/assets/012/250/468/469d1d28de273deb4aaa9a5042f0c9f2_original.jpg?w=1536&h=864&fit=fill&bg=000000&v=1463746503&auto=format&q=92&s=59792b5c4a1b1cabb93339b4653b1507",
    "ed": "https://ksr-ugc.imgix.net/assets/012/250/468/469d1d28de273deb4aaa9a5042f0c9f2_original.jpg?w=338&h=190&fit=fill&bg=000000&v=1463746503&auto=format&q=92&s=e9ef48aabeb1cc8d5d68a8e42fd3bc9a",
    "full": "https://ksr-ugc.imgix.net/assets/012/250/468/469d1d28de273deb4aaa9a5042f0c9f2_original.jpg?w=560&h=315&fit=fill&bg=000000&v=1463746503&auto=format&q=92&s=ae18bdf8d9856b4ab6050d518c6cd8ae",
    "key": "assets/012/250/468/469d1d28de273deb4aaa9a5042f0c9f2_original.jpg",
    "little": "https://ksr-ugc.imgix.net/assets/012/250/468/469d1d28de273deb4aaa9a5042f0c9f2_original.jpg?w=200&h=112&fit=fill&bg=000000&v=1463746503&auto=format&q=92&s=5bfd0b80d51268f5c18a83c43ab9ade0",
    "med": "https://ksr-ugc.imgix.net/assets/012/250/468/469d1d28de273deb4aaa9a5042f0c9f2_original.jpg?w=266&h=150&fit=fill&bg=000000&v=1463746503&auto=format&q=92&s=c7e7f44eb8afa0d75ca59c456e6fd97b",
    "small": "https://ksr-ugc.imgix.net/assets/012/250/468/469d1d28de273deb4aaa9a5042f0c9f2_original.jpg?w=160&h=90&fit=fill&bg=000000&v=1463746503&auto=format&q=92&s=c0e26d2a4808c61302455bf965a1643c",
    "thumb": "https://ksr-ugc.imgix.net/assets/012/250/468/469d1d28de273deb4aaa9a5042f0c9f2_original.jpg?w=40&h=22&fit=fill&bg=000000&v=1463746503&auto=format&q=92&s=65a4f22b6e99033936b3b9ad8deaf1b1"
  },
  "pledged": 6144.0,
  "profile": {
    "background_color": null,
    "background_image_opacity": 0.8,
    "blurb": null,
    "feature_image_attributes": {
      "image_urls": {
        "baseball_card": "https://ksr-ugc.imgix.net/assets/012/250/468/469d1d28de273deb4aaa9a5042f0c9f2_original.jpg?w=1552&h=873&fit=fill&bg=000000&v=1463746503&auto=format&q=92&s=cd8bda515f8a8b434d3fc1ff4f246ad6",
        "default": "https://ksr-ugc.imgix.net/assets/012/250/468/469d1d28de273deb4aaa9a5042f0c9f2_original.jpg?w=1552&h=873&fit=fill&bg=000000&v=1463746503&auto=format&q=92&s=cd8bda515f8a8b434d3fc1ff4f246ad6"
      }
    },
    "id": 2117620,
    "link_background_color": null,
    "link_text": null,
    "link_text_color": null,
    "link_url": null,
    "name": null,
    "project_id": 2117620,
    "should_show_feature_image_section": true,
    "show_feature_image": false,
    "state": "inactive",
    "state_changed_at": 1442084155,
    "text_color": null
  },
  "slug": "triatholight-with-cree-the-longest-lasting-emergen",
  "spotlight": true,
  "staff_pick": false,
  "state": "successful",
  "state_changed_at": 1447520422,
  "static_usd_rate": 1.0,
  "urls": {
    "web": {
      "project": "https://www.kickstarter.com/projects/enduringtechnologies/triatholight-with-cree-the-longest-lasting-emergen?ref=category_newest",
      "rewards": "https://www.kickstarter.com/projects/enduringtechnologies/triatholight-with-cree-the-longest-lasting-emergen/rewards"
    }
  },
  "usd_pledged": "6144.0"
}