{
  "backers_count": 0,
  "blurb": "This App is just like the website Hunt4Freebies. At a click of a button you will start receiving free things!!",
  "category": {
    "color": 6526716,
    "id": 332,
    "name": "Apps",
    "parent_id": 16,
    "position": 2,
    "slug": "technology/apps",
    "urls": {
      "web": {
        "discover": "http://www.kickstarter.com/discover/categories/technology/apps"
      }
    }
  },
  "country": "US",
  "created_at": 1405009707,
  "creator": {
    "avatar": {
      "medium": "https://ksr-ugc.imgix.net/assets/008/983/553/8c7823089186847fb8cf6ae003fb5365_original.jpg?w=160&h=160&fit=crop&v=1461552570&auto=format&q=92&s=0458f074069419f775d194a19a9be036",
      "small": "https://ksr-ugc.imgix.net/assets/008/983/553/8c7823089186847fb8cf6ae003fb5365_original.jpg?w=160&h=160&fit=crop&v=1461552570&auto=format&q=92&s=0458f074069419f775d194a19a9be036",
      "thumb": "https://ksr-ugc.imgix.net/assets/008/983/553/8c7823089186847fb8cf6ae003fb5365_original.jpg?w=40&h=40&fit=crop&v=1461552570&auto=format&q=92&s=91a30389251c12e68303c1b373dbe7b5"
    },
    "id": 1214571722,
    "name": "Anonymous",
    "urls": {
      "api": {
        "user": "https://api.kickstarter.com/v1/users/1214571722?signature=1488678867.6c59794b3dc00a7b4989cea7e22a62b9e32475a3"
      },
      "web": {
        "user": "https://www.kickstarter.com/profile/1214571722"
      }
    }
  },
  "currency": "USD",
  "currency_symbol": "$",
  "currency_trailing_code": true,
  "deadline": 1410292496,
  "disable_communication": false,
  "goal": 40000.0,
  "id": 1040365293,
  "launched_at": 1405108496,
  "location": {
    "country": "US",
    "displayable_name": "St. Louis, MO",
    "id": 2486982,
    "is_root": false,
    "name": "St. Louis",
    "short_name": "St. Louis, MO",
    "slug": "st-louis-mo",
    "state": "MO",
    "type": "Town",
    "urls": {
      "api": {
        "nearby_projects": "https://api.kickstarter.com/v1/discover?signature=1488668423.ddba37d6bbe898a7fd19c5c8eb27439937e7af2d&woe_id=2486982"
      },
      "web": {
        "discover": "https://www.kickstarter.com/discover/places/st-louis-mo",
        "location": "https://www.kickstarter.com/locations/st-louis-mo"
      }
    }
  },
  "name": "Sign Me Up",
  "photo": {
    "1024x576": "https://ksr-ugc.imgix.net/assets/011/770/382/8c7823089186847fb8cf6ae003fb5365_original.jpg?w=1024&h=576&fit=fill&bg=000000&v=1463692260&auto=format&q=92&s=15ac3b9063c9f0952f46dfb8e0776a2c",
    "1536x864": "https://ksr-ugc.imgix.net/assets/011/770/382/8c7823089186847fb8cf6ae003fb5365_original.jpg?w=1536&h=864&fit=fill&bg=000000&v=1463692260&auto=format&q=92&s=69d1d08e57da5370b23352494986b332",
    "ed": "https://ksr-ugc.imgix.net/assets/011/770/382/8c7823089186847fb8cf6ae003fb5365_original.jpg?w=338&h=190&fit=fill&bg=000000&v=1463692260&auto=format&q=92&s=057815d4e3f4694538e2ee8459e2ff8b",
    "full": "https://ksr-ugc.imgix.net/assets/011/770/382/8c7823089186847fb8cf6ae003fb5365_original.jpg?w=560&h=315&fit=fill&bg=000000&v=1463692260&auto=format&q=92&s=beb3b3fa986b49441f893214ef92dc7c",
    "key": "assets/011/770/382/8c7823089186847fb8cf6ae003fb5365_original.jpg",
    "little": "https://ksr-ugc.imgix.net/assets/011/770/382/8c7823089186847fb8cf6ae003fb5365_original.jpg?w=200&h=112&fit=fill&bg=000000&v=1463692260&auto=format&q=92&s=b8347502814581c49c4c81cf7dec1400",
    "med": "https://ksr-ugc.imgix.net/assets/011/770/382/8c7823089186847fb8cf6ae003fb5365_original.jpg?w=266&h=150&fit=fill&bg=000000&v=1463692260&auto=format&q=92&s=f897bcb095fbc8165ea6c56eaa0429e4",
    "small": "https://ksr-ugc.imgix.net/assets/011/770/382/8c7823089186847fb8cf6ae003fb5365_original.jpg?w=160&h=90&fit=fill&bg=000000&v=1463692260&auto=format&q=92&s=ffc9cc0603f80dc4d7085990feca5c6a",
    "thumb": "https://ksr-ugc.imgix.net/assets/011/770/382/8c7823089186847fb8cf6ae003fb5365_original.jpg?w=40&h=22&fit=fill&bg=000000&v=1463692260&auto=format&q=92&s=98ca80007e52e313c5f7279a25eab531"
  },
  "pledged": 0.0,
  "profile": {
    "background_color": null,
    "background_image_opacity": 0.8,
    "blurb": null,
    "feature_image_attributes": {
      "image_urls": {
        "baseball_card": "https://ksr-ugc.imgix.net/assets/011/770/382/8c7823089186847fb8cf6ae003fb5365_original.jpg?w=1552&h=873&fit=fill&bg=000000&v=1463692260&auto=format&q=92&s=a885d1332b776e267e2ff3c54d247eb6",
        "default": "https://ksr-ugc.imgix.net/assets/011/770/382/8c7823089186847fb8cf6ae003fb5365_original.jpg?w=1552&h=873&fit=fill&bg=000000&v=1463692260&auto=format&q=92&s=a885d1332b776e267e2ff3c54d247eb6"
      }
    },
    "id": 1156522,
    "link_background_color": null,
    "link_text": null,
    "link_text_color": null,
    "link_url": null,
    "name": null,
    "project_id": 1156522,
    "should_show_feature_image_section": true,
    "show_feature_image": false,
    "state": "inactive",
    "state_changed_at": 1425915864,
    "text_color": null
  },
  "slug": "sign-me-up",
  "spotlight": false,
  "staff_pick": false,
  "state": "failed",
  "state_changed_at": 1410292496,
  "static_usd_rate": 1.0,
  "urls": {
    "web": {
      "project": "https://www.kickstarter.com/projects/1214571722/sign-me-up?ref=category_newest",
      "rewards": "https://www.kickstarter.com/projects/1214571722/sign-me-up/rewards"
    }
  },
  "usd_pledged": "0.0"
}