{
  "backers_count": 24,
  "blurb": "We're giving users crowd-sourced highlight reels of the world, and you can be (literally) a part of it. Live on as a part of our app!",
  "category": {
    "color": 6526716,
    "id": 332,
    "name": "Apps",
    "parent_id": 16,
    "position": 2,
    "slug": "technology/apps",
    "urls": {
      "web": {
        "discover": "http://www.kickstarter.com/discover/categories/technology/apps"
      }
    }
  },
  "country": "US",
  "created_at": 1429997580,
  "creator": {
    "avatar": {
      "medium": "https://ksr-ugc.imgix.net/assets/009/831/434/a7b902f27e1561f17577aa7e6d1364e8_original.jpeg?w=160&h=160&fit=crop&v=1461637608&auto=format&q=92&s=cec30712b416ba0a1f798293daa9724c",
      "small": "https://ksr-ugc.imgix.net/assets/009/831/434/a7b902f27e1561f17577aa7e6d1364e8_original.jpeg?w=160&h=160&fit=crop&v=1461637608&auto=format&q=92&s=cec30712b416ba0a1f798293daa9724c",
      "thumb": "https://ksr-ugc.imgix.net/assets/009/831/434/a7b902f27e1561f17577aa7e6d1364e8_original.jpeg?w=40&h=40&fit=crop&v=1461637608&auto=format&q=92&s=f8c24857848664a68ba84257b450fdf7"
    },
    "id": 726624126,
    "name": "Todd McDougall",
    "urls": {
      "api": {
        "user": "https://api.kickstarter.com/v1/users/726624126?signature=1488679057.ca55fbed13e3541722484beab5a57168f697b90a"
      },
      "web": {
        "user": "https://www.kickstarter.com/profile/726624126"
      }
    }
  },
  "currency": "USD",
  "currency_symbol": "$",
  "currency_trailing_code": true,
  "deadline": 1438736400,
  "disable_communication": false,
  "goal": 50000.0,
  "id": 1040969259,
  "launched_at": 1436361240,
  "location": {
    "country": "US",
    "displayable_name": "Austin, TX",
    "id": 2357536,
    "is_root": false,
    "name": "Austin",
    "short_name": "Austin, TX",
    "slug": "austin-tx",
    "state": "TX",
    "type": "Town",
    "urls": {
      "api": {
        "nearby_projects": "https://api.kickstarter.com/v1/discover?signature=1488668420.3700aff62e251c47579f5271b8866f6765c989f3&woe_id=2357536"
      },
      "web": {
        "discover": "https://www.kickstarter.com/discover/places/austin-tx",
        "location": "https://www.kickstarter.com/locations/austin-tx"
      }
    }
  },
  "name": "RyteMeow Social Video App Digital Property Android and Apple",
  "photo": {
    "1024x576": "https://ksr-ugc.imgix.net/assets/012/118/945/0ef1a1e0ce6fb34e48f9840db9b965f4_original.png?w=1024&h=576&fit=fill&bg=000000&v=1463737764&auto=format&q=92&s=3c848fb406eccfdad5382330c9c56ec6",
    "1536x864": "https://ksr-ugc.imgix.net/assets/012/118/945/0ef1a1e0ce6fb34e48f9840db9b965f4_original.png?w=1536&h=864&fit=fill&bg=000000&v=1463737764&auto=format&q=92&s=1a05c739a4ff9c3be10f4292951bfdc7",
    "ed": "https://ksr-ugc.imgix.net/assets/012/118/945/0ef1a1e0ce6fb34e48f9840db9b965f4_original.png?w=338&h=190&fit=fill&bg=000000&v=1463737764&auto=format&q=92&s=7f454671cd68b52fed10d640ebb151ec",
    "full": "https://ksr-ugc.imgix.net/assets/012/118/945/0ef1a1e0ce6fb34e48f9840db9b965f4_original.png?w=560&h=315&fit=fill&bg=000000&v=1463737764&auto=format&q=92&s=8fd2662aa9a007303eb060f7061808ad",
    "key": "assets/012/118/945/0ef1a1e0ce6fb34e48f9840db9b965f4_original.png",
    "little": "https://ksr-ugc.imgix.net/assets/012/118/945/0ef1a1e0ce6fb34e48f9840db9b965f4_original.png?w=200&h=112&fit=fill&bg=000000&v=1463737764&auto=format&q=92&s=0138b89384ccb9e6895756be92d3700a",
    "med": "https://ksr-ugc.imgix.net/assets/012/118/945/0ef1a1e0ce6fb34e48f9840db9b965f4_original.png?w=266&h=150&fit=fill&bg=000000&v=1463737764&auto=format&q=92&s=413355585b09a4ae2a2076833e759c4c",
    "small": "https://ksr-ugc.imgix.net/assets/012/118/945/0ef1a1e0ce6fb34e48f9840db9b965f4_original.png?w=160&h=90&fit=fill&bg=000000&v=1463737764&auto=format&q=92&s=05e5c8f6d4ecf98e304cf0e2c3314989",
    "thumb": "https://ksr-ugc.imgix.net/assets/012/118/945/0ef1a1e0ce6fb34e48f9840db9b965f4_original.png?w=40&h=22&fit=fill&bg=000000&v=1463737764&auto=format&q=92&s=a937604930ca0c9be9d0cfef1de62190"
  },
  "pledged": 1894.0,
  "profile": {
    "background_color": null,
    "background_image_opacity": 0.8,
    "blurb": null,
    "feature_image_attributes": {
      "image_urls": {
        "baseball_card": "https://ksr-ugc.imgix.net/assets/012/118/945/0ef1a1e0ce6fb34e48f9840db9b965f4_original.png?w=1552&h=873&fit=fill&bg=000000&v=1463737764&auto=format&q=92&s=2f65bdf787f1b0c00a861be3aa4834ab",
        "default": "https://ksr-ugc.imgix.net/assets/012/118/945/0ef1a1e0ce6fb34e48f9840db9b965f4_original.png?w=1552&h=873&fit=fill&bg=000000&v=1463737764&auto=format&q=92&s=2f65bdf787f1b0c00a861be3aa4834ab"
      }
    },
    "id": 1862733,
    "link_background_color": null,
    "link_text": null,
    "link_text_color": null,
    "link_url": null,
    "name": null,
    "project_id": 1862733,
    "should_show_feature_image_section": true,
    "show_feature_image": false,
    "state": "inactive",
    "state_changed_at": 1429997580,
    "text_color": null
  },
  "slug": "rytemeow-social-video-sharing-app-and-digital-prop",
  "spotlight": false,
  "staff_pick": false,
  "state": "failed",
  "state_changed_at": 1438736413,
  "static_usd_rate": 1.0,
  "urls": {
    "web": {
      "project": "https://www.kickstarter.com/projects/726624126/rytemeow-social-video-sharing-app-and-digital-prop?ref=category_newest",
      "rewards": "https://www.kickstarter.com/projects/726624126/rytemeow-social-video-sharing-app-and-digital-prop/rewards"
    }
  },
  "usd_pledged": "1894.0"
}