{
  "backers_count": 216,
  "blurb": "Because you don\u2019t have all the answers. And everyone, at any stage of their careers, can benefit from a sounding board.",
  "category": {
    "color": 6526716,
    "id": 342,
    "name": "Web",
    "parent_id": 16,
    "position": 15,
    "slug": "technology/web",
    "urls": {
      "web": {
        "discover": "http://www.kickstarter.com/discover/categories/technology/web"
      }
    }
  },
  "country": "US",
  "created_at": 1413396839,
  "creator": {
    "avatar": {
      "medium": "https://ksr-ugc.imgix.net/assets/009/230/526/90cfbd6be1b70683221846cbddd560bf_original.jpg?w=160&h=160&fit=crop&v=1461566362&auto=format&q=92&s=6fe12dd88b73615ad336a1d39439ea4f",
      "small": "https://ksr-ugc.imgix.net/assets/009/230/526/90cfbd6be1b70683221846cbddd560bf_original.jpg?w=160&h=160&fit=crop&v=1461566362&auto=format&q=92&s=6fe12dd88b73615ad336a1d39439ea4f",
      "thumb": "https://ksr-ugc.imgix.net/assets/009/230/526/90cfbd6be1b70683221846cbddd560bf_original.jpg?w=40&h=40&fit=crop&v=1461566362&auto=format&q=92&s=e142a3338acc09e8c454d8856a30aee9"
    },
    "id": 188238125,
    "name": "BoardSeat LLC",
    "slug": "boardseat",
    "urls": {
      "api": {
        "user": "https://api.kickstarter.com/v1/users/188238125?signature=1488680887.d61ec8b405a88c0ce958bdfde53650f904edffe3"
      },
      "web": {
        "user": "https://www.kickstarter.com/profile/boardseat"
      }
    }
  },
  "currency": "USD",
  "currency_symbol": "$",
  "currency_trailing_code": true,
  "deadline": 1449982740,
  "disable_communication": false,
  "goal": 175000.0,
  "id": 104087453,
  "launched_at": 1447760687,
  "location": {
    "country": "US",
    "displayable_name": "New York, NY",
    "id": 2459115,
    "is_root": false,
    "name": "New York",
    "short_name": "New York, NY",
    "slug": "new-york-ny",
    "state": "NY",
    "type": "Town",
    "urls": {
      "api": {
        "nearby_projects": "https://api.kickstarter.com/v1/discover?signature=1488668416.4a5cf0584ddb5da1f95165e7ee4794c1fb4d8cd4&woe_id=2459115"
      },
      "web": {
        "discover": "https://www.kickstarter.com/discover/places/new-york-ny",
        "location": "https://www.kickstarter.com/locations/new-york-ny"
      }
    }
  },
  "name": "BoardSeat - Who's On Your Board?",
  "photo": {
    "1024x576": "https://ksr-ugc.imgix.net/assets/011/909/877/009f38d50f03f7a92fe045f8f62dadbb_original.jpg?w=1024&h=576&fit=fill&bg=000000&v=1463713789&auto=format&q=92&s=93ef1a9dd08e9b8616a1d0242a66d59c",
    "1536x864": "https://ksr-ugc.imgix.net/assets/011/909/877/009f38d50f03f7a92fe045f8f62dadbb_original.jpg?w=1536&h=864&fit=fill&bg=000000&v=1463713789&auto=format&q=92&s=917dc4c20143f72d3111aa353dd56bde",
    "ed": "https://ksr-ugc.imgix.net/assets/011/909/877/009f38d50f03f7a92fe045f8f62dadbb_original.jpg?w=338&h=190&fit=fill&bg=000000&v=1463713789&auto=format&q=92&s=06ed61eb8f3480d119b6d887e2ed6503",
    "full": "https://ksr-ugc.imgix.net/assets/011/909/877/009f38d50f03f7a92fe045f8f62dadbb_original.jpg?w=560&h=315&fit=fill&bg=000000&v=1463713789&auto=format&q=92&s=aeabfd0a993b710d680bc5645efff78e",
    "key": "assets/011/909/877/009f38d50f03f7a92fe045f8f62dadbb_original.jpg",
    "little": "https://ksr-ugc.imgix.net/assets/011/909/877/009f38d50f03f7a92fe045f8f62dadbb_original.jpg?w=200&h=112&fit=fill&bg=000000&v=1463713789&auto=format&q=92&s=8987ac184ffcf235fa7282d2350dc4ce",
    "med": "https://ksr-ugc.imgix.net/assets/011/909/877/009f38d50f03f7a92fe045f8f62dadbb_original.jpg?w=266&h=150&fit=fill&bg=000000&v=1463713789&auto=format&q=92&s=9758b75dcd3fdcb4735e30fa47ecf3f7",
    "small": "https://ksr-ugc.imgix.net/assets/011/909/877/009f38d50f03f7a92fe045f8f62dadbb_original.jpg?w=160&h=90&fit=fill&bg=000000&v=1463713789&auto=format&q=92&s=5495f4db08914acb0c8a97b2b550f24b",
    "thumb": "https://ksr-ugc.imgix.net/assets/011/909/877/009f38d50f03f7a92fe045f8f62dadbb_original.jpg?w=40&h=22&fit=fill&bg=000000&v=1463713789&auto=format&q=92&s=7decb6d44986942dc3d14abf6773b514"
  },
  "pledged": 58369.0,
  "profile": {
    "background_color": null,
    "background_image_opacity": 0.8,
    "blurb": null,
    "feature_image_attributes": {
      "image_urls": {
        "baseball_card": "https://ksr-ugc.imgix.net/assets/011/909/877/009f38d50f03f7a92fe045f8f62dadbb_original.jpg?w=1552&h=873&fit=fill&bg=000000&v=1463713789&auto=format&q=92&s=d19da750b0c17aee4763fc9a26b36b54",
        "default": "https://ksr-ugc.imgix.net/assets/011/909/877/009f38d50f03f7a92fe045f8f62dadbb_original.jpg?w=1552&h=873&fit=fill&bg=000000&v=1463713789&auto=format&q=92&s=d19da750b0c17aee4763fc9a26b36b54"
      }
    },
    "id": 1442866,
    "link_background_color": null,
    "link_text": null,
    "link_text_color": null,
    "link_url": null,
    "name": null,
    "project_id": 1442866,
    "should_show_feature_image_section": true,
    "show_feature_image": false,
    "state": "inactive",
    "state_changed_at": 1425915879,
    "text_color": null
  },
  "slug": "boardseat-whos-on-your-board",
  "spotlight": false,
  "staff_pick": false,
  "state": "failed",
  "state_changed_at": 1449982742,
  "static_usd_rate": 1.0,
  "urls": {
    "web": {
      "project": "https://www.kickstarter.com/projects/boardseat/boardseat-whos-on-your-board?ref=category_newest",
      "rewards": "https://www.kickstarter.com/projects/boardseat/boardseat-whos-on-your-board/rewards"
    }
  },
  "usd_pledged": "58369.0"
}