{
  "backers_count": 50,
  "blurb": "Bringing Linux Distros to your Android device!",
  "category": {
    "color": 6526716,
    "id": 51,
    "name": "Software",
    "parent_id": 16,
    "position": 11,
    "slug": "technology/software",
    "urls": {
      "web": {
        "discover": "http://www.kickstarter.com/discover/categories/technology/software"
      }
    }
  },
  "country": "GB",
  "created_at": 1361099042,
  "creator": {
    "avatar": {
      "medium": "https://ksr-ugc.imgix.net/assets/007/263/980/c84ab4a1e6b9df93b0aa494fcdc9ec17_original.jpg?w=160&h=160&fit=crop&v=1461446927&auto=format&q=92&s=b1e90eef554aba5f50226b220cbbb2e9",
      "small": "https://ksr-ugc.imgix.net/assets/007/263/980/c84ab4a1e6b9df93b0aa494fcdc9ec17_original.jpg?w=160&h=160&fit=crop&v=1461446927&auto=format&q=92&s=b1e90eef554aba5f50226b220cbbb2e9",
      "thumb": "https://ksr-ugc.imgix.net/assets/007/263/980/c84ab4a1e6b9df93b0aa494fcdc9ec17_original.jpg?w=40&h=40&fit=crop&v=1461446927&auto=format&q=92&s=3589549f8328a7f061c2f76443b3f45e"
    },
    "id": 1233981955,
    "name": "Zac Powell",
    "urls": {
      "api": {
        "user": "https://api.kickstarter.com/v1/users/1233981955?signature=1488680165.928ae020a59bbeb25f214be9d4cea53e021826a7"
      },
      "web": {
        "user": "https://www.kickstarter.com/profile/1233981955"
      }
    }
  },
  "currency": "GBP",
  "currency_symbol": "\u00a3",
  "currency_trailing_code": false,
  "deadline": 1363939555,
  "disable_communication": false,
  "goal": 600.0,
  "id": 1040445296,
  "launched_at": 1361351155,
  "location": {
    "country": "GB",
    "displayable_name": "Colchester, UK",
    "id": 16545,
    "is_root": false,
    "name": "Colchester",
    "short_name": "Colchester, UK",
    "slug": "colchester-gb",
    "state": "England",
    "type": "Town",
    "urls": {
      "api": {
        "nearby_projects": "https://api.kickstarter.com/v1/discover?signature=1488668443.3c581c6b69779085dbce24e0d3f2504f4d3f56ef&woe_id=16545"
      },
      "web": {
        "discover": "https://www.kickstarter.com/discover/places/colchester-gb",
        "location": "https://www.kickstarter.com/locations/colchester-gb"
      }
    }
  },
  "name": "LinuxonAndroid - To the Next Level!",
  "photo": {
    "1024x576": "https://ksr-ugc.imgix.net/assets/011/482/721/f39a36d482fd466983672dc1bdc66f51_original.png?w=1024&h=576&fit=fill&bg=000000&v=1463683348&auto=format&q=92&s=9dacb6a94959ac2a2e87c02c45d565e5",
    "1536x864": "https://ksr-ugc.imgix.net/assets/011/482/721/f39a36d482fd466983672dc1bdc66f51_original.png?w=1536&h=864&fit=fill&bg=000000&v=1463683348&auto=format&q=92&s=53f40bced9f8d75454f4c9739f867670",
    "ed": "https://ksr-ugc.imgix.net/assets/011/482/721/f39a36d482fd466983672dc1bdc66f51_original.png?w=338&h=190&fit=fill&bg=000000&v=1463683348&auto=format&q=92&s=ea64cc38059fc52a48f05268f2e31990",
    "full": "https://ksr-ugc.imgix.net/assets/011/482/721/f39a36d482fd466983672dc1bdc66f51_original.png?w=560&h=315&fit=fill&bg=000000&v=1463683348&auto=format&q=92&s=1319bb8b0f776640525b48759fae5890",
    "key": "assets/011/482/721/f39a36d482fd466983672dc1bdc66f51_original.png",
    "little": "https://ksr-ugc.imgix.net/assets/011/482/721/f39a36d482fd466983672dc1bdc66f51_original.png?w=200&h=112&fit=fill&bg=000000&v=1463683348&auto=format&q=92&s=a66be7d9f834f146f04a1b0ae80be84a",
    "med": "https://ksr-ugc.imgix.net/assets/011/482/721/f39a36d482fd466983672dc1bdc66f51_original.png?w=266&h=150&fit=fill&bg=000000&v=1463683348&auto=format&q=92&s=c50fca9c50918094dd9bc89cfde45c64",
    "small": "https://ksr-ugc.imgix.net/assets/011/482/721/f39a36d482fd466983672dc1bdc66f51_original.png?w=160&h=90&fit=fill&bg=000000&v=1463683348&auto=format&q=92&s=491db2cda05dd0c6165bd67c3c16851d",
    "thumb": "https://ksr-ugc.imgix.net/assets/011/482/721/f39a36d482fd466983672dc1bdc66f51_original.png?w=40&h=22&fit=fill&bg=000000&v=1463683348&auto=format&q=92&s=e1d07acffb67afd870c9d8921b5fa8f4"
  },
  "pledged": 1058.0,
  "profile": {
    "background_color": null,
    "background_image_opacity": 0.8,
    "blurb": null,
    "feature_image_attributes": {
      "image_urls": {
        "baseball_card": "https://ksr-ugc.imgix.net/assets/011/482/721/f39a36d482fd466983672dc1bdc66f51_original.png?w=1552&h=873&fit=fill&bg=000000&v=1463683348&auto=format&q=92&s=bcb7b2db32b028706161a1f67d0c50af",
        "default": "https://ksr-ugc.imgix.net/assets/011/482/721/f39a36d482fd466983672dc1bdc66f51_original.png?w=1552&h=873&fit=fill&bg=000000&v=1463683348&auto=format&q=92&s=bcb7b2db32b028706161a1f67d0c50af"
      }
    },
    "id": 475665,
    "link_background_color": null,
    "link_text": null,
    "link_text_color": null,
    "link_url": null,
    "name": null,
    "project_id": 475665,
    "should_show_feature_image_section": true,
    "show_feature_image": false,
    "state": "inactive",
    "state_changed_at": 1425915826,
    "text_color": null
  },
  "slug": "linuxonandroid-to-the-next-level",
  "spotlight": true,
  "staff_pick": false,
  "state": "successful",
  "state_changed_at": 1363939555,
  "static_usd_rate": 1.54724034,
  "urls": {
    "web": {
      "project": "https://www.kickstarter.com/projects/1233981955/linuxonandroid-to-the-next-level?ref=category_newest",
      "rewards": "https://www.kickstarter.com/projects/1233981955/linuxonandroid-to-the-next-level/rewards"
    }
  },
  "usd_pledged": "1636.98027972"
}