{
  "backers_count": 0,
  "blurb": "someone loses their phone they go on the site or app or call a 800 number and a providers picks up the ticket then collects the phone.",
  "category": {
    "color": 6526716,
    "id": 332,
    "name": "Apps",
    "parent_id": 16,
    "position": 2,
    "slug": "technology/apps",
    "urls": {
      "web": {
        "discover": "http://www.kickstarter.com/discover/categories/technology/apps"
      }
    }
  },
  "country": "US",
  "created_at": 1420700417,
  "creator": {
    "avatar": {
      "medium": "https://ksr-ugc.imgix.net/assets/009/424/998/53e8b52f83b155375cdcf7a81ea233aa_original.jpeg?w=160&h=160&fit=crop&v=1461594565&auto=format&q=92&s=95c178266ac3c9d8cfdb2bc619efcffb",
      "small": "https://ksr-ugc.imgix.net/assets/009/424/998/53e8b52f83b155375cdcf7a81ea233aa_original.jpeg?w=160&h=160&fit=crop&v=1461594565&auto=format&q=92&s=95c178266ac3c9d8cfdb2bc619efcffb",
      "thumb": "https://ksr-ugc.imgix.net/assets/009/424/998/53e8b52f83b155375cdcf7a81ea233aa_original.jpeg?w=40&h=40&fit=crop&v=1461594565&auto=format&q=92&s=ac33daa09b32a1c7b6fc14ec1b1a8ce8"
    },
    "id": 394750972,
    "name": "Ryan Scaler",
    "urls": {
      "api": {
        "user": "https://api.kickstarter.com/v1/users/394750972?signature=1488678951.84bf46542c32c9595efa3b2c3ef3b5e90f2cdbf1"
      },
      "web": {
        "user": "https://www.kickstarter.com/profile/394750972"
      }
    }
  },
  "currency": "USD",
  "currency_symbol": "$",
  "currency_trailing_code": true,
  "deadline": 1423697877,
  "disable_communication": false,
  "goal": 500.0,
  "id": 1040235407,
  "launched_at": 1421105877,
  "location": {
    "country": "US",
    "displayable_name": "San Jose, CA",
    "id": 2488042,
    "is_root": false,
    "name": "San Jose",
    "short_name": "San Jose, CA",
    "slug": "san-jose-ca",
    "state": "CA",
    "type": "Town",
    "urls": {
      "api": {
        "nearby_projects": "https://api.kickstarter.com/v1/discover?signature=1488668425.7c37d778ad21556251d1efc9efba3b84d76c31b4&woe_id=2488042"
      },
      "web": {
        "discover": "https://www.kickstarter.com/discover/places/san-jose-ca",
        "location": "https://www.kickstarter.com/locations/san-jose-ca"
      }
    }
  },
  "name": "find phone service",
  "photo": {
    "1024x576": "https://ksr-ugc.imgix.net/assets/011/994/092/b90e3388575357faacf1cf5cc4070e96_original.jpg?w=1024&h=576&fit=fill&bg=000000&v=1463722341&auto=format&q=92&s=d31bc35167a24c1042f4810e4f0b1b0a",
    "1536x864": "https://ksr-ugc.imgix.net/assets/011/994/092/b90e3388575357faacf1cf5cc4070e96_original.jpg?w=1536&h=864&fit=fill&bg=000000&v=1463722341&auto=format&q=92&s=4574e70642bf03dd57f8fa17560db174",
    "ed": "https://ksr-ugc.imgix.net/assets/011/994/092/b90e3388575357faacf1cf5cc4070e96_original.jpg?w=338&h=190&fit=fill&bg=000000&v=1463722341&auto=format&q=92&s=988867d990a12ec38a24849de7d0e8b3",
    "full": "https://ksr-ugc.imgix.net/assets/011/994/092/b90e3388575357faacf1cf5cc4070e96_original.jpg?w=560&h=315&fit=fill&bg=000000&v=1463722341&auto=format&q=92&s=d55e6a567480722efcdb613e0898c840",
    "key": "assets/011/994/092/b90e3388575357faacf1cf5cc4070e96_original.jpg",
    "little": "https://ksr-ugc.imgix.net/assets/011/994/092/b90e3388575357faacf1cf5cc4070e96_original.jpg?w=200&h=112&fit=fill&bg=000000&v=1463722341&auto=format&q=92&s=6d8950b9791ef0c015f058c1c59bdd01",
    "med": "https://ksr-ugc.imgix.net/assets/011/994/092/b90e3388575357faacf1cf5cc4070e96_original.jpg?w=266&h=150&fit=fill&bg=000000&v=1463722341&auto=format&q=92&s=618a838efc83234589dcd4d3d1bb71d0",
    "small": "https://ksr-ugc.imgix.net/assets/011/994/092/b90e3388575357faacf1cf5cc4070e96_original.jpg?w=160&h=90&fit=fill&bg=000000&v=1463722341&auto=format&q=92&s=ead81d7591e16996cbec16cd74f9b2f1",
    "thumb": "https://ksr-ugc.imgix.net/assets/011/994/092/b90e3388575357faacf1cf5cc4070e96_original.jpg?w=40&h=22&fit=fill&bg=000000&v=1463722341&auto=format&q=92&s=3595f7b6c1c8060c8efb5fc6fbb7757a"
  },
  "pledged": 0.0,
  "profile": {
    "background_color": null,
    "background_image_opacity": 0.8,
    "blurb": null,
    "feature_image_attributes": {
      "image_urls": {
        "baseball_card": "https://ksr-ugc.imgix.net/assets/011/994/092/b90e3388575357faacf1cf5cc4070e96_original.jpg?w=1552&h=873&fit=fill&bg=000000&v=1463722341&auto=format&q=92&s=2487a78194f1a63c7e37b3161e7bbb18",
        "default": "https://ksr-ugc.imgix.net/assets/011/994/092/b90e3388575357faacf1cf5cc4070e96_original.jpg?w=1552&h=873&fit=fill&bg=000000&v=1463722341&auto=format&q=92&s=2487a78194f1a63c7e37b3161e7bbb18"
      }
    },
    "id": 1618113,
    "link_background_color": null,
    "link_text": null,
    "link_text_color": null,
    "link_url": null,
    "name": null,
    "project_id": 1618113,
    "should_show_feature_image_section": true,
    "show_feature_image": false,
    "state": "inactive",
    "state_changed_at": 1425915889,
    "text_color": null
  },
  "slug": "find-phone-service",
  "spotlight": false,
  "staff_pick": false,
  "state": "failed",
  "state_changed_at": 1423697877,
  "static_usd_rate": 1.0,
  "urls": {
    "web": {
      "project": "https://www.kickstarter.com/projects/394750972/find-phone-service?ref=category_newest",
      "rewards": "https://www.kickstarter.com/projects/394750972/find-phone-service/rewards"
    }
  },
  "usd_pledged": "0.0"
}