{
  "backers_count": 66,
  "blurb": "PowerDrive is the World\u2019s 1st MFi Lightning USB Drive with power bank supporting iPhone and iPad with either Lightning or 30 pin cable.",
  "category": {
    "color": 6526716,
    "id": 337,
    "name": "Gadgets",
    "parent_id": 16,
    "position": 7,
    "slug": "technology/gadgets",
    "urls": {
      "web": {
        "discover": "http://www.kickstarter.com/discover/categories/technology/gadgets"
      }
    }
  },
  "country": "US",
  "created_at": 1400164829,
  "creator": {
    "avatar": {
      "medium": "https://ksr-ugc.imgix.net/assets/008/729/659/4e25711aab41870551b9d549d3787228_original.png?w=160&h=160&fit=crop&v=1461541061&auto=format&q=92&s=f1e4e735c3384bed5fa49b159ec221c8",
      "small": "https://ksr-ugc.imgix.net/assets/008/729/659/4e25711aab41870551b9d549d3787228_original.png?w=160&h=160&fit=crop&v=1461541061&auto=format&q=92&s=f1e4e735c3384bed5fa49b159ec221c8",
      "thumb": "https://ksr-ugc.imgix.net/assets/008/729/659/4e25711aab41870551b9d549d3787228_original.png?w=40&h=40&fit=crop&v=1461541061&auto=format&q=92&s=36b736cbfd28e0f48b57fcc16df9c6c8"
    },
    "id": 229973091,
    "name": "MAZZO by InfoThinker Inc.",
    "urls": {
      "api": {
        "user": "https://api.kickstarter.com/v1/users/229973091?signature=1488679524.02a4a46e67edc807901cdc01da89b2e88d3c1405"
      },
      "web": {
        "user": "https://www.kickstarter.com/profile/229973091"
      }
    }
  },
  "currency": "USD",
  "currency_symbol": "$",
  "currency_trailing_code": true,
  "deadline": 1405215484,
  "disable_communication": false,
  "goal": 100000.0,
  "id": 1040717699,
  "launched_at": 1402623484,
  "location": {
    "country": "US",
    "displayable_name": "Los Angeles, CA",
    "id": 2442047,
    "is_root": false,
    "name": "Los Angeles",
    "short_name": "Los Angeles, CA",
    "slug": "los-angeles-ca",
    "state": "CA",
    "type": "Town",
    "urls": {
      "api": {
        "nearby_projects": "https://api.kickstarter.com/v1/discover?signature=1488668418.2de3dd8b85798392a2853b73be0e5dca0bc529fa&woe_id=2442047"
      },
      "web": {
        "discover": "https://www.kickstarter.com/discover/places/los-angeles-ca",
        "location": "https://www.kickstarter.com/locations/los-angeles-ca"
      }
    }
  },
  "name": "PowerDrive - The Ultimate USB Drive for iOS with Power Juice",
  "photo": {
    "1024x576": "https://ksr-ugc.imgix.net/assets/011/706/053/8df9a714e8f42c8c94469b956c306375_original.jpg?w=1024&h=576&fit=fill&bg=000000&v=1463687041&auto=format&q=92&s=7d46aa5c407e00932636fa34282f9ea2",
    "1536x864": "https://ksr-ugc.imgix.net/assets/011/706/053/8df9a714e8f42c8c94469b956c306375_original.jpg?w=1536&h=864&fit=fill&bg=000000&v=1463687041&auto=format&q=92&s=24d915e11088ea437057673c7c662720",
    "ed": "https://ksr-ugc.imgix.net/assets/011/706/053/8df9a714e8f42c8c94469b956c306375_original.jpg?w=338&h=190&fit=fill&bg=000000&v=1463687041&auto=format&q=92&s=91ad79ade843ce7bba05ad89dcd1f6a5",
    "full": "https://ksr-ugc.imgix.net/assets/011/706/053/8df9a714e8f42c8c94469b956c306375_original.jpg?w=560&h=315&fit=fill&bg=000000&v=1463687041&auto=format&q=92&s=a1a3fbe648949ec0c8c6246d1345a54a",
    "key": "assets/011/706/053/8df9a714e8f42c8c94469b956c306375_original.jpg",
    "little": "https://ksr-ugc.imgix.net/assets/011/706/053/8df9a714e8f42c8c94469b956c306375_original.jpg?w=200&h=112&fit=fill&bg=000000&v=1463687041&auto=format&q=92&s=27fab8e115252acb7a03e8a6f8500e10",
    "med": "https://ksr-ugc.imgix.net/assets/011/706/053/8df9a714e8f42c8c94469b956c306375_original.jpg?w=266&h=150&fit=fill&bg=000000&v=1463687041&auto=format&q=92&s=dec22c2c7de155d3adad60c3ff5dcf17",
    "small": "https://ksr-ugc.imgix.net/assets/011/706/053/8df9a714e8f42c8c94469b956c306375_original.jpg?w=160&h=90&fit=fill&bg=000000&v=1463687041&auto=format&q=92&s=a3393f5f6b1abe60c8b152bc841bfba9",
    "thumb": "https://ksr-ugc.imgix.net/assets/011/706/053/8df9a714e8f42c8c94469b956c306375_original.jpg?w=40&h=22&fit=fill&bg=000000&v=1463687041&auto=format&q=92&s=257ce3ec946fe3650c0a68688360d7e7"
  },
  "pledged": 8723.0,
  "profile": {
    "background_color": null,
    "background_image_opacity": 0.8,
    "blurb": null,
    "feature_image_attributes": {
      "image_urls": {
        "baseball_card": "https://ksr-ugc.imgix.net/assets/011/706/053/8df9a714e8f42c8c94469b956c306375_original.jpg?w=1552&h=873&fit=fill&bg=000000&v=1463687041&auto=format&q=92&s=1e399eabe7d3ded4dd180796092daade",
        "default": "https://ksr-ugc.imgix.net/assets/011/706/053/8df9a714e8f42c8c94469b956c306375_original.jpg?w=1552&h=873&fit=fill&bg=000000&v=1463687041&auto=format&q=92&s=1e399eabe7d3ded4dd180796092daade"
      }
    },
    "id": 1024424,
    "link_background_color": null,
    "link_text": null,
    "link_text_color": null,
    "link_url": null,
    "name": null,
    "project_id": 1024424,
    "should_show_feature_image_section": true,
    "show_feature_image": false,
    "state": "inactive",
    "state_changed_at": 1425915857,
    "text_color": null
  },
  "slug": "powerdrive-the-ultimate-usb-drive-for-ios-with-pow",
  "spotlight": false,
  "staff_pick": false,
  "state": "failed",
  "state_changed_at": 1405215486,
  "static_usd_rate": 1.0,
  "urls": {
    "web": {
      "project": "https://www.kickstarter.com/projects/229973091/powerdrive-the-ultimate-usb-drive-for-ios-with-pow?ref=category_newest",
      "rewards": "https://www.kickstarter.com/projects/229973091/powerdrive-the-ultimate-usb-drive-for-ios-with-pow/rewards"
    }
  },
  "usd_pledged": "8723.0"
}