{
  "backers_count": 1,
  "blurb": "This website will help you which movie, book, tv show (and much more) fits perfectly to your taste!",
  "category": {
    "color": 6526716,
    "id": 342,
    "name": "Web",
    "parent_id": 16,
    "position": 15,
    "slug": "technology/web",
    "urls": {
      "web": {
        "discover": "http://www.kickstarter.com/discover/categories/technology/web"
      }
    }
  },
  "country": "DE",
  "created_at": 1453186358,
  "creator": {
    "avatar": {
      "medium": "https://ksr-ugc.imgix.net/assets/010/741/413/5a3a94fc616843f98fa5955e33866714_original.jpg?w=160&h=160&fit=crop&v=1487511962&auto=format&q=92&s=9c0cb32eefcbebe60125ba4eda3ad85c",
      "small": "https://ksr-ugc.imgix.net/assets/010/741/413/5a3a94fc616843f98fa5955e33866714_original.jpg?w=160&h=160&fit=crop&v=1487511962&auto=format&q=92&s=9c0cb32eefcbebe60125ba4eda3ad85c",
      "thumb": "https://ksr-ugc.imgix.net/assets/010/741/413/5a3a94fc616843f98fa5955e33866714_original.jpg?w=40&h=40&fit=crop&v=1487511962&auto=format&q=92&s=3a1ae277952a3ac158311910980f8e40"
    },
    "id": 1387817806,
    "name": "Philipp M\u00fcller",
    "urls": {
      "api": {
        "user": "https://api.kickstarter.com/v1/users/1387817806?signature=1488680900.76bf19d2276a89736dc46c6ab6f2e277789be872"
      },
      "web": {
        "user": "https://www.kickstarter.com/profile/1387817806"
      }
    }
  },
  "currency": "EUR",
  "currency_symbol": "\u20ac",
  "currency_trailing_code": false,
  "deadline": 1458936496,
  "disable_communication": false,
  "goal": 55000.0,
  "id": 1040791125,
  "launched_at": 1453756096,
  "location": {
    "country": "DE",
    "displayable_name": "Cologne, Germany",
    "id": 667931,
    "is_root": false,
    "name": "Cologne",
    "short_name": "Cologne, Germany",
    "slug": "cologne-de",
    "state": "North Rhine-Westphalia",
    "type": "Town",
    "urls": {
      "api": {
        "nearby_projects": "https://api.kickstarter.com/v1/discover?signature=1488668422.6aee3c54952d0bc0dd6c6a8b36f0e53b83d52905&woe_id=667931"
      },
      "web": {
        "discover": "https://www.kickstarter.com/discover/places/cologne-de",
        "location": "https://www.kickstarter.com/locations/cologne-de"
      }
    }
  },
  "name": "Share your TOP 10 with your friends and the world!",
  "photo": {
    "1024x576": "https://ksr-ugc.imgix.net/assets/012/357/916/277ed57caf46796c0b653d7c4799cd33_original.jpg?w=1024&h=576&fit=fill&bg=000000&v=1463756597&auto=format&q=92&s=c1f776b4a1ec9146eb54563cab3b1953",
    "1536x864": "https://ksr-ugc.imgix.net/assets/012/357/916/277ed57caf46796c0b653d7c4799cd33_original.jpg?w=1536&h=864&fit=fill&bg=000000&v=1463756597&auto=format&q=92&s=321c1979ffbd3f9b6c04a818d01f60df",
    "ed": "https://ksr-ugc.imgix.net/assets/012/357/916/277ed57caf46796c0b653d7c4799cd33_original.jpg?w=338&h=190&fit=fill&bg=000000&v=1463756597&auto=format&q=92&s=a79e201185d9dfb96b1ca83e558e39b5",
    "full": "https://ksr-ugc.imgix.net/assets/012/357/916/277ed57caf46796c0b653d7c4799cd33_original.jpg?w=560&h=315&fit=fill&bg=000000&v=1463756597&auto=format&q=92&s=f2f4e1034e133965fa8b845f83ebb044",
    "key": "assets/012/357/916/277ed57caf46796c0b653d7c4799cd33_original.jpg",
    "little": "https://ksr-ugc.imgix.net/assets/012/357/916/277ed57caf46796c0b653d7c4799cd33_original.jpg?w=200&h=112&fit=fill&bg=000000&v=1463756597&auto=format&q=92&s=774c3f4ff1197a0aec0a337000e2c32d",
    "med": "https://ksr-ugc.imgix.net/assets/012/357/916/277ed57caf46796c0b653d7c4799cd33_original.jpg?w=266&h=150&fit=fill&bg=000000&v=1463756597&auto=format&q=92&s=e7b60bce0c932d67b4b1d36dc188d71a",
    "small": "https://ksr-ugc.imgix.net/assets/012/357/916/277ed57caf46796c0b653d7c4799cd33_original.jpg?w=160&h=90&fit=fill&bg=000000&v=1463756597&auto=format&q=92&s=9c12db6277e15089773b5e25b3c6c6b1",
    "thumb": "https://ksr-ugc.imgix.net/assets/012/357/916/277ed57caf46796c0b653d7c4799cd33_original.jpg?w=40&h=22&fit=fill&bg=000000&v=1463756597&auto=format&q=92&s=f29769ba22ddf791e45af9b14699058e"
  },
  "pledged": 15.0,
  "profile": {
    "background_color": null,
    "background_image_opacity": 0.8,
    "blurb": null,
    "feature_image_attributes": {
      "image_urls": {
        "baseball_card": "https://ksr-ugc.imgix.net/assets/012/357/916/277ed57caf46796c0b653d7c4799cd33_original.jpg?w=1552&h=873&fit=fill&bg=000000&v=1463756597&auto=format&q=92&s=7afcdd4974e02048737375db7f82a826",
        "default": "https://ksr-ugc.imgix.net/assets/012/357/916/277ed57caf46796c0b653d7c4799cd33_original.jpg?w=1552&h=873&fit=fill&bg=000000&v=1463756597&auto=format&q=92&s=7afcdd4974e02048737375db7f82a826"
      }
    },
    "id": 2329161,
    "link_background_color": null,
    "link_text": null,
    "link_text_color": null,
    "link_url": null,
    "name": null,
    "project_id": 2329161,
    "should_show_feature_image_section": true,
    "show_feature_image": false,
    "state": "inactive",
    "state_changed_at": 1453186358,
    "text_color": null
  },
  "slug": "share-your-top-10-with-your-friends-and-the-world",
  "spotlight": false,
  "staff_pick": false,
  "state": "failed",
  "state_changed_at": 1458936496,
  "static_usd_rate": 1.07975153,
  "urls": {
    "web": {
      "project": "https://www.kickstarter.com/projects/1387817806/share-your-top-10-with-your-friends-and-the-world?ref=category_newest",
      "rewards": "https://www.kickstarter.com/projects/1387817806/share-your-top-10-with-your-friends-and-the-world/rewards"
    }
  },
  "usd_pledged": "16.19627295"
}