{
  "backers_count": 0,
  "blurb": "SheLifts is going to be the number One international social HUB & information resource for women into weight lifting",
  "category": {
    "color": 6526716,
    "id": 342,
    "name": "Web",
    "parent_id": 16,
    "position": 15,
    "slug": "technology/web",
    "urls": {
      "web": {
        "discover": "http://www.kickstarter.com/discover/categories/technology/web"
      }
    }
  },
  "country": "SE",
  "created_at": 1415474821,
  "creator": {
    "avatar": {
      "medium": "https://ksr-ugc.imgix.net/assets/009/137/042/342db8f79bb7b7f0226e393ac5ad979c_original.jpg?w=160&h=160&fit=crop&v=1461560014&auto=format&q=92&s=353fd7e7b32911cc49b2c176eb2971ab",
      "small": "https://ksr-ugc.imgix.net/assets/009/137/042/342db8f79bb7b7f0226e393ac5ad979c_original.jpg?w=160&h=160&fit=crop&v=1461560014&auto=format&q=92&s=353fd7e7b32911cc49b2c176eb2971ab",
      "thumb": "https://ksr-ugc.imgix.net/assets/009/137/042/342db8f79bb7b7f0226e393ac5ad979c_original.jpg?w=40&h=40&fit=crop&v=1461560014&auto=format&q=92&s=55117a5f3e272891316755985417afab"
    },
    "id": 1679866231,
    "name": "Agnes Knox",
    "urls": {
      "api": {
        "user": "https://api.kickstarter.com/v1/users/1679866231?signature=1488680984.5e531a76b3858131fe270ec0bd38671c58cab85d"
      },
      "web": {
        "user": "https://www.kickstarter.com/profile/1679866231"
      }
    }
  },
  "currency": "SEK",
  "currency_symbol": "kr",
  "currency_trailing_code": true,
  "deadline": 1418934506,
  "disable_communication": false,
  "goal": 13000.0,
  "id": 1040548529,
  "launched_at": 1415910506,
  "location": {
    "country": "SE",
    "displayable_name": "Stockholm, Sweden",
    "id": 906057,
    "is_root": false,
    "name": "Stockholm",
    "short_name": "Stockholm, Sweden",
    "slug": "stockholm-stockholm-se",
    "state": "Stockholm",
    "type": "Town",
    "urls": {
      "api": {
        "nearby_projects": "https://api.kickstarter.com/v1/discover?signature=1488668420.38e55a24ec2f85c2715efaead0ce4516a2f9631d&woe_id=906057"
      },
      "web": {
        "discover": "https://www.kickstarter.com/discover/places/stockholm-stockholm-se",
        "location": "https://www.kickstarter.com/locations/stockholm-stockholm-se"
      }
    }
  },
  "name": "SheLifts - the #1 Female Bodybuilding HUB (Canceled)",
  "photo": {
    "1024x576": "https://ksr-ugc.imgix.net/assets/011/938/266/6f3a95f3ca94158cd759cb58b3e55767_original.jpg?w=1024&h=576&fit=fill&bg=000000&v=1463718340&auto=format&q=92&s=effe71283499ecc8a7d5d72500a4fba1",
    "1536x864": "https://ksr-ugc.imgix.net/assets/011/938/266/6f3a95f3ca94158cd759cb58b3e55767_original.jpg?w=1536&h=864&fit=fill&bg=000000&v=1463718340&auto=format&q=92&s=9803d6f7d0c576adfb661bacefdf634b",
    "ed": "https://ksr-ugc.imgix.net/assets/011/938/266/6f3a95f3ca94158cd759cb58b3e55767_original.jpg?w=338&h=190&fit=fill&bg=000000&v=1463718340&auto=format&q=92&s=6e6fd7559789d02bca068a42c12ebcf5",
    "full": "https://ksr-ugc.imgix.net/assets/011/938/266/6f3a95f3ca94158cd759cb58b3e55767_original.jpg?w=560&h=315&fit=fill&bg=000000&v=1463718340&auto=format&q=92&s=e7d4525709e3f3ba2903bb98f6fe98df",
    "key": "assets/011/938/266/6f3a95f3ca94158cd759cb58b3e55767_original.jpg",
    "little": "https://ksr-ugc.imgix.net/assets/011/938/266/6f3a95f3ca94158cd759cb58b3e55767_original.jpg?w=200&h=112&fit=fill&bg=000000&v=1463718340&auto=format&q=92&s=5b2531ceb9073e0eb03aa79c85dbc7e4",
    "med": "https://ksr-ugc.imgix.net/assets/011/938/266/6f3a95f3ca94158cd759cb58b3e55767_original.jpg?w=266&h=150&fit=fill&bg=000000&v=1463718340&auto=format&q=92&s=a2ef29c700937101344fd08a23219cc1",
    "small": "https://ksr-ugc.imgix.net/assets/011/938/266/6f3a95f3ca94158cd759cb58b3e55767_original.jpg?w=160&h=90&fit=fill&bg=000000&v=1463718340&auto=format&q=92&s=45347d7036dbadc5fa449a485ae5a895",
    "thumb": "https://ksr-ugc.imgix.net/assets/011/938/266/6f3a95f3ca94158cd759cb58b3e55767_original.jpg?w=40&h=22&fit=fill&bg=000000&v=1463718340&auto=format&q=92&s=4b4674b330a2428b3bca9b807c90c444"
  },
  "pledged": 0.0,
  "profile": {
    "background_color": null,
    "background_image_opacity": 0.8,
    "blurb": null,
    "feature_image_attributes": {
      "image_urls": {
        "baseball_card": "https://ksr-ugc.imgix.net/assets/011/938/266/6f3a95f3ca94158cd759cb58b3e55767_original.jpg?w=1552&h=873&fit=fill&bg=000000&v=1463718340&auto=format&q=92&s=330a94a3199ca0277723e332769cdcd7",
        "default": "https://ksr-ugc.imgix.net/assets/011/938/266/6f3a95f3ca94158cd759cb58b3e55767_original.jpg?w=1552&h=873&fit=fill&bg=000000&v=1463718340&auto=format&q=92&s=330a94a3199ca0277723e332769cdcd7"
      }
    },
    "id": 1500983,
    "link_background_color": null,
    "link_text": null,
    "link_text_color": null,
    "link_url": null,
    "name": null,
    "project_id": 1500983,
    "should_show_feature_image_section": true,
    "show_feature_image": false,
    "state": "inactive",
    "state_changed_at": 1425915882,
    "text_color": null
  },
  "slug": "shelifts-the-1-female-bodybuilding-hub",
  "spotlight": false,
  "staff_pick": false,
  "state": "canceled",
  "state_changed_at": 1415986957,
  "static_usd_rate": 0.1350934,
  "urls": {
    "web": {
      "project": "https://www.kickstarter.com/projects/1679866231/shelifts-the-1-female-bodybuilding-hub?ref=category_newest",
      "rewards": "https://www.kickstarter.com/projects/1679866231/shelifts-the-1-female-bodybuilding-hub/rewards"
    }
  },
  "usd_pledged": "0.0"
}