{
  "backers_count": 1,
  "blurb": "I have built my own small cnc lathe and have started making signage connectors and perspex display screens for individuals desk units",
  "category": {
    "color": 6526716,
    "id": 337,
    "name": "Gadgets",
    "parent_id": 16,
    "position": 7,
    "slug": "technology/gadgets",
    "urls": {
      "web": {
        "discover": "http://www.kickstarter.com/discover/categories/technology/gadgets"
      }
    }
  },
  "country": "GB",
  "created_at": 1464802579,
  "creator": {
    "avatar": {
      "medium": "https://ksr-ugc.imgix.net/assets/012/602/736/4954a407dc314513944ec61f83d2c331_original.jpg?w=160&h=160&fit=crop&v=1464809171&auto=format&q=92&s=71cf10b1b45ccaf5105bdaf7c2ff855a",
      "small": "https://ksr-ugc.imgix.net/assets/012/602/736/4954a407dc314513944ec61f83d2c331_original.jpg?w=160&h=160&fit=crop&v=1464809171&auto=format&q=92&s=71cf10b1b45ccaf5105bdaf7c2ff855a",
      "thumb": "https://ksr-ugc.imgix.net/assets/012/602/736/4954a407dc314513944ec61f83d2c331_original.jpg?w=40&h=40&fit=crop&v=1464809171&auto=format&q=92&s=7d64e3387cab0b3121c96058b4104216"
    },
    "id": 577008043,
    "name": "Jim stickland",
    "urls": {
      "api": {
        "user": "https://api.kickstarter.com/v1/users/577008043?signature=1488679686.e11b50537fd014b742b286ddc5fc9748c846b105"
      },
      "web": {
        "user": "https://www.kickstarter.com/profile/577008043"
      }
    }
  },
  "currency": "GBP",
  "currency_symbol": "\u00a3",
  "currency_trailing_code": false,
  "deadline": 1467476603,
  "disable_communication": false,
  "goal": 2500.0,
  "id": 1040979621,
  "launched_at": 1464884603,
  "location": {
    "country": "GB",
    "displayable_name": "Surrey, UK",
    "id": 12602176,
    "is_root": false,
    "name": "Surrey",
    "short_name": "Surrey, UK",
    "slug": "surrey-gb",
    "state": "England",
    "type": "County",
    "urls": {
      "api": {
        "nearby_projects": "https://api.kickstarter.com/v1/discover?signature=1488668423.47db710e0f86193258365e3df124383e60b75ec7&woe_id=12602176"
      },
      "web": {
        "discover": "https://www.kickstarter.com/discover/places/surrey-gb",
        "location": "https://www.kickstarter.com/locations/surrey-gb"
      }
    }
  },
  "name": "signage connectors and signage equipment (Canceled)",
  "photo": {
    "1024x576": "https://ksr-ugc.imgix.net/assets/012/602/161/29b0e8980826c4edc00352414a8e1e98_original.jpg?w=1024&h=576&fit=fill&bg=000000&v=1465162222&auto=format&q=92&s=361ac61d6613cf59e38947618fe26c2d",
    "1536x864": "https://ksr-ugc.imgix.net/assets/012/602/161/29b0e8980826c4edc00352414a8e1e98_original.jpg?w=1536&h=864&fit=fill&bg=000000&v=1465162222&auto=format&q=92&s=2046d69b403626b83df9dec7d1235b5b",
    "ed": "https://ksr-ugc.imgix.net/assets/012/602/161/29b0e8980826c4edc00352414a8e1e98_original.jpg?w=338&h=190&fit=fill&bg=000000&v=1465162222&auto=format&q=92&s=528b9577ea1693a4ed474b967087ec51",
    "full": "https://ksr-ugc.imgix.net/assets/012/602/161/29b0e8980826c4edc00352414a8e1e98_original.jpg?w=560&h=315&fit=fill&bg=000000&v=1465162222&auto=format&q=92&s=87149210e261373762a818d8a10e7f2a",
    "key": "assets/012/602/161/29b0e8980826c4edc00352414a8e1e98_original.jpg",
    "little": "https://ksr-ugc.imgix.net/assets/012/602/161/29b0e8980826c4edc00352414a8e1e98_original.jpg?w=200&h=112&fit=fill&bg=000000&v=1465162222&auto=format&q=92&s=0616e450302fd794a7b477a2ea9112e4",
    "med": "https://ksr-ugc.imgix.net/assets/012/602/161/29b0e8980826c4edc00352414a8e1e98_original.jpg?w=266&h=150&fit=fill&bg=000000&v=1465162222&auto=format&q=92&s=e3952fc1c0162b74c4d0943f587b8c6c",
    "small": "https://ksr-ugc.imgix.net/assets/012/602/161/29b0e8980826c4edc00352414a8e1e98_original.jpg?w=160&h=90&fit=fill&bg=000000&v=1465162222&auto=format&q=92&s=6be1b8f23ef14fc78ca4e5530fabb420",
    "thumb": "https://ksr-ugc.imgix.net/assets/012/602/161/29b0e8980826c4edc00352414a8e1e98_original.jpg?w=40&h=22&fit=fill&bg=000000&v=1465162222&auto=format&q=92&s=7e88455a0514553869ad03946cc4079d"
  },
  "pledged": 10.0,
  "profile": {
    "background_color": null,
    "background_image_opacity": 0.8,
    "blurb": null,
    "feature_image_attributes": {
      "image_urls": {
        "baseball_card": "https://ksr-ugc.imgix.net/assets/012/602/161/29b0e8980826c4edc00352414a8e1e98_original.jpg?w=1552&h=873&fit=fill&bg=000000&v=1465162222&auto=format&q=92&s=b21d704f4a44cdeeef388faade96ae58",
        "default": "https://ksr-ugc.imgix.net/assets/012/602/161/29b0e8980826c4edc00352414a8e1e98_original.jpg?w=1552&h=873&fit=fill&bg=000000&v=1465162222&auto=format&q=92&s=b21d704f4a44cdeeef388faade96ae58"
      }
    },
    "id": 2541482,
    "link_background_color": null,
    "link_text": null,
    "link_text_color": null,
    "link_url": null,
    "name": null,
    "project_id": 2541482,
    "should_show_feature_image_section": true,
    "show_feature_image": false,
    "state": "inactive",
    "state_changed_at": 1464802579,
    "text_color": null
  },
  "slug": "signage-connectors-and-signage-equipment",
  "spotlight": false,
  "staff_pick": false,
  "state": "canceled",
  "state_changed_at": 1466359851,
  "static_usd_rate": 1.448868,
  "urls": {
    "web": {
      "project": "https://www.kickstarter.com/projects/577008043/signage-connectors-and-signage-equipment?ref=category_newest",
      "rewards": "https://www.kickstarter.com/projects/577008043/signage-connectors-and-signage-equipment/rewards"
    }
  },
  "usd_pledged": "14.48868"
}