{
  "backers_count": 100,
  "blurb": "PicassoBot is a robotic arm kit that can draw pictures and sketches. It is open source, compatible with Arduino, and USB powered.",
  "category": {
    "color": 6526716,
    "id": 338,
    "name": "Robots",
    "parent_id": 16,
    "position": 10,
    "slug": "technology/robots",
    "urls": {
      "web": {
        "discover": "http://www.kickstarter.com/discover/categories/technology/robots"
      }
    }
  },
  "country": "US",
  "created_at": 1351100249,
  "creator": {
    "avatar": {
      "medium": "https://ksr-ugc.imgix.net/assets/006/159/948/9c91fd83e690b76d3736c4aea6a486ca_original.png?w=160&h=160&fit=crop&v=1461370414&auto=format&q=92&s=7284470271d0907237c69facd1d63572",
      "small": "https://ksr-ugc.imgix.net/assets/006/159/948/9c91fd83e690b76d3736c4aea6a486ca_original.png?w=160&h=160&fit=crop&v=1461370414&auto=format&q=92&s=7284470271d0907237c69facd1d63572",
      "thumb": "https://ksr-ugc.imgix.net/assets/006/159/948/9c91fd83e690b76d3736c4aea6a486ca_original.png?w=40&h=40&fit=crop&v=1461370414&auto=format&q=92&s=3cf5bbb659521a65a1710aceb8059707"
    },
    "id": 1003409665,
    "name": "The Educated Robot",
    "slug": "educatedrobot",
    "urls": {
      "api": {
        "user": "https://api.kickstarter.com/v1/users/1003409665?signature=1488680102.38bfcf33aa6fa578cfe13eb0cac3297d88610be4"
      },
      "web": {
        "user": "https://www.kickstarter.com/profile/educatedrobot"
      }
    }
  },
  "currency": "USD",
  "currency_symbol": "$",
  "currency_trailing_code": true,
  "deadline": 1402700760,
  "disable_communication": false,
  "goal": 10000.0,
  "id": 1040878107,
  "launched_at": 1400370134,
  "location": {
    "country": "US",
    "displayable_name": "Lindon, UT",
    "id": 2439742,
    "is_root": false,
    "name": "Lindon",
    "short_name": "Lindon, UT",
    "slug": "lindon-ut",
    "state": "UT",
    "type": "Town",
    "urls": {
      "api": {
        "nearby_projects": "https://api.kickstarter.com/v1/discover?signature=1488668498.793aefc7732a02bc8260d1d0c2a5c42db413cb64&woe_id=2439742"
      },
      "web": {
        "discover": "https://www.kickstarter.com/discover/places/lindon-ut",
        "location": "https://www.kickstarter.com/locations/lindon-ut"
      }
    }
  },
  "name": "PicassoBot - The Portrait Sketching Robot Kit",
  "photo": {
    "1024x576": "https://ksr-ugc.imgix.net/assets/011/443/370/bec27b98ae4befa78cbea0210a7bbf01_original.jpg?w=1024&h=576&fit=fill&bg=BCBBB9&v=1463682810&auto=format&q=92&s=0231aa9ef07b0ff87c93cefdffdd1b18",
    "1536x864": "https://ksr-ugc.imgix.net/assets/011/443/370/bec27b98ae4befa78cbea0210a7bbf01_original.jpg?w=1536&h=864&fit=fill&bg=BCBBB9&v=1463682810&auto=format&q=92&s=e03d2d091aa57fdf5fdc5dc1fed8225a",
    "ed": "https://ksr-ugc.imgix.net/assets/011/443/370/bec27b98ae4befa78cbea0210a7bbf01_original.jpg?w=338&h=190&fit=fill&bg=BCBBB9&v=1463682810&auto=format&q=92&s=6a551d4ecd1c88e94d1ae8ec6f4fce36",
    "full": "https://ksr-ugc.imgix.net/assets/011/443/370/bec27b98ae4befa78cbea0210a7bbf01_original.jpg?w=560&h=315&fit=fill&bg=BCBBB9&v=1463682810&auto=format&q=92&s=1fc82c4a05e407d862093af0f488c11c",
    "key": "assets/011/443/370/bec27b98ae4befa78cbea0210a7bbf01_original.jpg",
    "little": "https://ksr-ugc.imgix.net/assets/011/443/370/bec27b98ae4befa78cbea0210a7bbf01_original.jpg?w=200&h=112&fit=fill&bg=BCBBB9&v=1463682810&auto=format&q=92&s=a15511b2db4f6046e96d9bc8dcccee1a",
    "med": "https://ksr-ugc.imgix.net/assets/011/443/370/bec27b98ae4befa78cbea0210a7bbf01_original.jpg?w=266&h=150&fit=fill&bg=BCBBB9&v=1463682810&auto=format&q=92&s=1037fb913d4bf7c02b4b0e60d94cf080",
    "small": "https://ksr-ugc.imgix.net/assets/011/443/370/bec27b98ae4befa78cbea0210a7bbf01_original.jpg?w=160&h=90&fit=fill&bg=BCBBB9&v=1463682810&auto=format&q=92&s=8b825fb8ad5fa059eba87183d52faf18",
    "thumb": "https://ksr-ugc.imgix.net/assets/011/443/370/bec27b98ae4befa78cbea0210a7bbf01_original.jpg?w=40&h=22&fit=fill&bg=BCBBB9&v=1463682810&auto=format&q=92&s=c482096259aba533329f0ddb3822aa53"
  },
  "pledged": 13415.0,
  "profile": {
    "background_color": null,
    "background_image_opacity": 0.8,
    "blurb": null,
    "feature_image_attributes": {
      "image_urls": {
        "baseball_card": "https://ksr-ugc.imgix.net/assets/011/443/370/bec27b98ae4befa78cbea0210a7bbf01_original.jpg?w=1552&h=873&fit=fill&bg=BCBBB9&v=1463682810&auto=format&q=92&s=89ae2a9405f26e94b40cdd00d4e14cd0",
        "default": "https://ksr-ugc.imgix.net/assets/011/443/370/bec27b98ae4befa78cbea0210a7bbf01_original.jpg?w=1552&h=873&fit=fill&bg=BCBBB9&v=1463682810&auto=format&q=92&s=89ae2a9405f26e94b40cdd00d4e14cd0"
      }
    },
    "id": 383570,
    "link_background_color": null,
    "link_text": null,
    "link_text_color": null,
    "link_url": null,
    "name": null,
    "project_id": 383570,
    "should_show_feature_image_section": true,
    "show_feature_image": false,
    "state": "inactive",
    "state_changed_at": 1425915821,
    "text_color": null
  },
  "slug": "picassobot-the-portrait-sketching-robot-kit",
  "spotlight": true,
  "staff_pick": false,
  "state": "successful",
  "state_changed_at": 1402700760,
  "static_usd_rate": 1.0,
  "urls": {
    "web": {
      "project": "https://www.kickstarter.com/projects/educatedrobot/picassobot-the-portrait-sketching-robot-kit?ref=category_newest",
      "rewards": "https://www.kickstarter.com/projects/educatedrobot/picassobot-the-portrait-sketching-robot-kit/rewards"
    }
  },
  "usd_pledged": "13415.0"
}