{
  "backers_count": 8,
  "blurb": "HighLight is changing the holiday lighting experience with an easy to setup and simple to customize design to light your home exterior.",
  "category": {
    "color": 6526716,
    "id": 52,
    "name": "Hardware",
    "parent_id": 16,
    "position": 8,
    "slug": "technology/hardware",
    "urls": {
      "web": {
        "discover": "http://www.kickstarter.com/discover/categories/technology/hardware"
      }
    }
  },
  "country": "US",
  "created_at": 1478457826,
  "creator": {
    "avatar": {
      "medium": "https://ksr-ugc.imgix.net/assets/014/479/262/5e231d1ac3dd74a66affc9e785c74a2a_original.jpg?w=160&h=160&fit=crop&v=1478897453&auto=format&q=92&s=7cc2bcbd0561d50d9b2be9525031ebd7",
      "small": "https://ksr-ugc.imgix.net/assets/014/479/262/5e231d1ac3dd74a66affc9e785c74a2a_original.jpg?w=160&h=160&fit=crop&v=1478897453&auto=format&q=92&s=7cc2bcbd0561d50d9b2be9525031ebd7",
      "thumb": "https://ksr-ugc.imgix.net/assets/014/479/262/5e231d1ac3dd74a66affc9e785c74a2a_original.jpg?w=40&h=40&fit=crop&v=1478897453&auto=format&q=92&s=57470f8a7ebbd9254e29b2ad87d5dd6f"
    },
    "id": 150257569,
    "name": "Highlight",
    "urls": {
      "api": {
        "user": "https://api.kickstarter.com/v1/users/150257569?signature=1488680017.3027b95de7ba3ce90b0a2689444ff6f10e8e17f7"
      },
      "web": {
        "user": "https://www.kickstarter.com/profile/150257569"
      }
    }
  },
  "currency": "USD",
  "currency_symbol": "$",
  "currency_trailing_code": true,
  "deadline": 1484465401,
  "disable_communication": false,
  "goal": 45000.0,
  "id": 1040078030,
  "launched_at": 1481873401,
  "location": {
    "country": "US",
    "displayable_name": "Seattle, WA",
    "id": 2490383,
    "is_root": false,
    "name": "Seattle",
    "short_name": "Seattle, WA",
    "slug": "seattle-wa",
    "state": "WA",
    "type": "Town",
    "urls": {
      "api": {
        "nearby_projects": "https://api.kickstarter.com/v1/discover?signature=1488668417.635b17c9d72926ad854407be5a91bd1944856e1c&woe_id=2490383"
      },
      "web": {
        "discover": "https://www.kickstarter.com/discover/places/seattle-wa",
        "location": "https://www.kickstarter.com/locations/seattle-wa"
      }
    }
  },
  "name": "HighLight: Your Home is Your Canvas",
  "photo": {
    "1024x576": "https://ksr-ugc.imgix.net/assets/014/457/812/c3c194d6a30bbd4c6eb9df5ee9955465_original.jpg?w=1024&h=576&fit=fill&bg=000000&v=1479097468&auto=format&q=92&s=100224fd5345cdf0364ab36bebfc648c",
    "1536x864": "https://ksr-ugc.imgix.net/assets/014/457/812/c3c194d6a30bbd4c6eb9df5ee9955465_original.jpg?w=1536&h=864&fit=fill&bg=000000&v=1479097468&auto=format&q=92&s=82e3841d608572f9042f886924dc79e1",
    "ed": "https://ksr-ugc.imgix.net/assets/014/457/812/c3c194d6a30bbd4c6eb9df5ee9955465_original.jpg?w=338&h=190&fit=fill&bg=000000&v=1479097468&auto=format&q=92&s=c970d2db5cc673acb20316fe53a13947",
    "full": "https://ksr-ugc.imgix.net/assets/014/457/812/c3c194d6a30bbd4c6eb9df5ee9955465_original.jpg?w=560&h=315&fit=fill&bg=000000&v=1479097468&auto=format&q=92&s=2d4f657f36e442e262f1607374f46888",
    "key": "assets/014/457/812/c3c194d6a30bbd4c6eb9df5ee9955465_original.jpg",
    "little": "https://ksr-ugc.imgix.net/assets/014/457/812/c3c194d6a30bbd4c6eb9df5ee9955465_original.jpg?w=200&h=112&fit=fill&bg=000000&v=1479097468&auto=format&q=92&s=3bc604b6371759e0787cb8e82f32d5dc",
    "med": "https://ksr-ugc.imgix.net/assets/014/457/812/c3c194d6a30bbd4c6eb9df5ee9955465_original.jpg?w=266&h=150&fit=fill&bg=000000&v=1479097468&auto=format&q=92&s=c152510bc7535d6495b23caa3d0c8ad7",
    "small": "https://ksr-ugc.imgix.net/assets/014/457/812/c3c194d6a30bbd4c6eb9df5ee9955465_original.jpg?w=160&h=90&fit=fill&bg=000000&v=1479097468&auto=format&q=92&s=c3b0bf510f2d56da1f7c5fbef5db0248",
    "thumb": "https://ksr-ugc.imgix.net/assets/014/457/812/c3c194d6a30bbd4c6eb9df5ee9955465_original.jpg?w=40&h=22&fit=fill&bg=000000&v=1479097468&auto=format&q=92&s=609467a16d31418e2af7d26b023f89c6"
  },
  "pledged": 1612.0,
  "profile": {
    "background_color": null,
    "background_image_opacity": 0.8,
    "blurb": null,
    "feature_image_attributes": {
      "image_urls": {
        "baseball_card": "https://ksr-ugc.imgix.net/assets/014/457/812/c3c194d6a30bbd4c6eb9df5ee9955465_original.jpg?w=1552&h=873&fit=fill&bg=000000&v=1479097468&auto=format&q=92&s=f4fb3b8754580e9e0a36843abeec83af",
        "default": "https://ksr-ugc.imgix.net/assets/014/457/812/c3c194d6a30bbd4c6eb9df5ee9955465_original.jpg?w=1552&h=873&fit=fill&bg=000000&v=1479097468&auto=format&q=92&s=f4fb3b8754580e9e0a36843abeec83af"
      }
    },
    "id": 2748657,
    "link_background_color": null,
    "link_text": null,
    "link_text_color": null,
    "link_url": null,
    "name": null,
    "project_id": 2748657,
    "should_show_feature_image_section": true,
    "show_feature_image": false,
    "state": "inactive",
    "state_changed_at": 1478457826,
    "text_color": null
  },
  "slug": "highlight-your-home-is-your-canvas",
  "spotlight": false,
  "staff_pick": false,
  "state": "failed",
  "state_changed_at": 1484465401,
  "static_usd_rate": 1.0,
  "urls": {
    "web": {
      "project": "https://www.kickstarter.com/projects/150257569/highlight-your-home-is-your-canvas?ref=category_newest",
      "rewards": "https://www.kickstarter.com/projects/150257569/highlight-your-home-is-your-canvas/rewards"
    }
  },
  "usd_pledged": "1612.0"
}