{
  "backers_count": 1,
  "blurb": "Zapp 2 Learn is a system that supports teaching young children to read and spell by combining the power of a book and app.",
  "category": {
    "color": 6526716,
    "id": 332,
    "name": "Apps",
    "parent_id": 16,
    "position": 2,
    "slug": "technology/apps",
    "urls": {
      "web": {
        "discover": "http://www.kickstarter.com/discover/categories/technology/apps"
      }
    }
  },
  "country": "GB",
  "created_at": 1438962311,
  "creator": {
    "avatar": {
      "medium": "https://ksr-ugc.imgix.net/assets/010/217/188/4cb9f0dfaa032e1e6393f2f72612bf39_original.jpg?w=160&h=160&fit=crop&v=1461674435&auto=format&q=92&s=83622f14ad9ff368189dcce2625967b7",
      "small": "https://ksr-ugc.imgix.net/assets/010/217/188/4cb9f0dfaa032e1e6393f2f72612bf39_original.jpg?w=160&h=160&fit=crop&v=1461674435&auto=format&q=92&s=83622f14ad9ff368189dcce2625967b7",
      "thumb": "https://ksr-ugc.imgix.net/assets/010/217/188/4cb9f0dfaa032e1e6393f2f72612bf39_original.jpg?w=40&h=40&fit=crop&v=1461674435&auto=format&q=92&s=d3a2da6d6c403afc0d1460ccd2f320f3"
    },
    "id": 1982307124,
    "name": "Paul and Malcolm Kitchen",
    "urls": {
      "api": {
        "user": "https://api.kickstarter.com/v1/users/1982307124?signature=1488679089.ed3432ac1930fcab324337519379a2409ae45276"
      },
      "web": {
        "user": "https://www.kickstarter.com/profile/1982307124"
      }
    }
  },
  "currency": "GBP",
  "currency_symbol": "\u00a3",
  "currency_trailing_code": false,
  "deadline": 1443895014,
  "disable_communication": false,
  "goal": 35000.0,
  "id": 1041765851,
  "launched_at": 1441303014,
  "location": {
    "country": "GB",
    "displayable_name": "Nottingham, UK",
    "id": 30720,
    "is_root": false,
    "name": "Nottingham",
    "short_name": "Nottingham, UK",
    "slug": "nottingham-gb",
    "state": "England",
    "type": "Town",
    "urls": {
      "api": {
        "nearby_projects": "https://api.kickstarter.com/v1/discover?signature=1488668421.0a86de41faa4f9407bf8ce1343458bca57b020e2&woe_id=30720"
      },
      "web": {
        "discover": "https://www.kickstarter.com/discover/places/nottingham-gb",
        "location": "https://www.kickstarter.com/locations/nottingham-gb"
      }
    }
  },
  "name": "Zapp 2 Learn:Helping to solve the literacy crisis in schools",
  "photo": {
    "1024x576": "https://ksr-ugc.imgix.net/assets/012/218/690/c12918ccf84534c251b38d4c2fabbcf0_original.gif?w=1024&h=576&fit=fill&bg=000000&v=1463743292&auto=format&frame=1&q=92&s=8953a85870dce2f2fbfe36772f0e6349",
    "1536x864": "https://ksr-ugc.imgix.net/assets/012/218/690/c12918ccf84534c251b38d4c2fabbcf0_original.gif?w=1536&h=864&fit=fill&bg=000000&v=1463743292&auto=format&frame=1&q=92&s=c18511d393ac9240b6e725c1bb9de196",
    "ed": "https://ksr-ugc.imgix.net/assets/012/218/690/c12918ccf84534c251b38d4c2fabbcf0_original.gif?w=338&h=190&fit=fill&bg=000000&v=1463743292&auto=format&frame=1&q=92&s=357802c001ccbee66adef2ef85e91955",
    "full": "https://ksr-ugc.imgix.net/assets/012/218/690/c12918ccf84534c251b38d4c2fabbcf0_original.gif?w=560&h=315&fit=fill&bg=000000&v=1463743292&auto=format&frame=1&q=92&s=aad8f6c0665fdbac54b2b92fb21c753e",
    "key": "assets/012/218/690/c12918ccf84534c251b38d4c2fabbcf0_original.gif",
    "little": "https://ksr-ugc.imgix.net/assets/012/218/690/c12918ccf84534c251b38d4c2fabbcf0_original.gif?w=200&h=112&fit=fill&bg=000000&v=1463743292&auto=format&frame=1&q=92&s=6f1c0847d6b778f478b7887047e80acb",
    "med": "https://ksr-ugc.imgix.net/assets/012/218/690/c12918ccf84534c251b38d4c2fabbcf0_original.gif?w=266&h=150&fit=fill&bg=000000&v=1463743292&auto=format&frame=1&q=92&s=0d1f21e7c2d886694f01c5e598e1fbb4",
    "small": "https://ksr-ugc.imgix.net/assets/012/218/690/c12918ccf84534c251b38d4c2fabbcf0_original.gif?w=160&h=90&fit=fill&bg=000000&v=1463743292&auto=format&frame=1&q=92&s=869d5ed8a670cf49d04788c90831aee9",
    "thumb": "https://ksr-ugc.imgix.net/assets/012/218/690/c12918ccf84534c251b38d4c2fabbcf0_original.gif?w=40&h=22&fit=fill&bg=000000&v=1463743292&auto=format&frame=1&q=92&s=19a923a9bb7f70dd9f5ed5af85230e11"
  },
  "pledged": 103.0,
  "profile": {
    "background_color": null,
    "background_image_opacity": 0.8,
    "blurb": null,
    "feature_image_attributes": {
      "image_urls": {
        "baseball_card": "https://ksr-ugc.imgix.net/assets/012/218/690/c12918ccf84534c251b38d4c2fabbcf0_original.gif?w=1552&h=873&fit=fill&bg=000000&v=1463743292&auto=format&frame=1&q=92&s=c5afdc98d6d392d0aad923c4c49f2d85",
        "default": "https://ksr-ugc.imgix.net/assets/012/218/690/c12918ccf84534c251b38d4c2fabbcf0_original.gif?w=1552&h=873&fit=fill&bg=000000&v=1463743292&auto=format&frame=1&q=92&s=c5afdc98d6d392d0aad923c4c49f2d85"
      }
    },
    "id": 2055947,
    "link_background_color": null,
    "link_text": null,
    "link_text_color": null,
    "link_url": null,
    "name": null,
    "project_id": 2055947,
    "should_show_feature_image_section": true,
    "show_feature_image": false,
    "state": "inactive",
    "state_changed_at": 1438962311,
    "text_color": null
  },
  "slug": "zapp-2-learn-a-reading-and-spelling-book-with-an-a",
  "spotlight": false,
  "staff_pick": false,
  "state": "failed",
  "state_changed_at": 1443895014,
  "static_usd_rate": 1.53061771,
  "urls": {
    "web": {
      "project": "https://www.kickstarter.com/projects/1982307124/zapp-2-learn-a-reading-and-spelling-book-with-an-a?ref=category_newest",
      "rewards": "https://www.kickstarter.com/projects/1982307124/zapp-2-learn-a-reading-and-spelling-book-with-an-a/rewards"
    }
  },
  "usd_pledged": "157.65362413"
}