{
  "backers_count": 4,
  "blurb": "TOPEEDOBOT affordable, light weight, silent, wifi enabled all metal 3D printer, Precise and easy to use for all. YES it is fold-able :)",
  "category": {
    "color": 6526716,
    "id": 331,
    "name": "3D Printing",
    "parent_id": 16,
    "position": 1,
    "slug": "technology/3d printing",
    "urls": {
      "web": {
        "discover": "http://www.kickstarter.com/discover/categories/technology/3d%20printing"
      }
    }
  },
  "country": "NL",
  "created_at": 1463678765,
  "creator": {
    "avatar": {
      "medium": "https://ksr-ugc.imgix.net/assets/007/790/373/5ba03cc48b2a91aea7a405c016adb68b_original.jpg?w=160&h=160&fit=crop&v=1466795138&auto=format&q=92&s=759b4091f995666e3e32b41e238ec583",
      "small": "https://ksr-ugc.imgix.net/assets/007/790/373/5ba03cc48b2a91aea7a405c016adb68b_original.jpg?w=160&h=160&fit=crop&v=1466795138&auto=format&q=92&s=759b4091f995666e3e32b41e238ec583",
      "thumb": "https://ksr-ugc.imgix.net/assets/007/790/373/5ba03cc48b2a91aea7a405c016adb68b_original.jpg?w=40&h=40&fit=crop&v=1466795138&auto=format&q=92&s=efa6924664a387c6f38c6b9673756802"
    },
    "id": 99905999,
    "name": "3DSTUFFSNL",
    "urls": {
      "api": {
        "user": "https://api.kickstarter.com/v1/users/99905999?signature=1488678796.a325468981beedfa7c69e4660e4179e55d25d20d"
      },
      "web": {
        "user": "https://www.kickstarter.com/profile/99905999"
      }
    }
  },
  "currency": "EUR",
  "currency_symbol": "\u20ac",
  "currency_trailing_code": false,
  "deadline": 1468638400,
  "disable_communication": false,
  "goal": 5000.0,
  "id": 104142697,
  "launched_at": 1467342400,
  "location": {
    "country": "NL",
    "displayable_name": "Eindhoven, Netherlands",
    "id": 729028,
    "is_root": false,
    "name": "Eindhoven",
    "short_name": "Eindhoven, Netherlands",
    "slug": "eindhoven-nl",
    "state": "North Brabant",
    "type": "Town",
    "urls": {
      "api": {
        "nearby_projects": "https://api.kickstarter.com/v1/discover?signature=1488668425.29ef29ba9353876a7a015d7ff6bfea9d5f6b4e45&woe_id=729028"
      },
      "web": {
        "discover": "https://www.kickstarter.com/discover/places/eindhoven-nl",
        "location": "https://www.kickstarter.com/locations/eindhoven-nl"
      }
    }
  },
  "name": "TOPEEDOBOT \"The all metal foldable 3D printer\". (Canceled)",
  "photo": {
    "1024x576": "https://ksr-ugc.imgix.net/assets/011/280/109/25fcffa5b227ffb586adbf49ecb82918_original.jpg?w=1024&h=576&fit=fill&bg=D9D8D4&v=1467337090&auto=format&q=92&s=7462e8b298aea025f419b793c6688ae3",
    "1536x864": "https://ksr-ugc.imgix.net/assets/011/280/109/25fcffa5b227ffb586adbf49ecb82918_original.jpg?w=1536&h=864&fit=fill&bg=D9D8D4&v=1467337090&auto=format&q=92&s=28bd15af693a9b741f5466001f17aa35",
    "ed": "https://ksr-ugc.imgix.net/assets/011/280/109/25fcffa5b227ffb586adbf49ecb82918_original.jpg?w=338&h=190&fit=fill&bg=D9D8D4&v=1467337090&auto=format&q=92&s=53e0a9cc28fbaf7e11e7bed6cfda0265",
    "full": "https://ksr-ugc.imgix.net/assets/011/280/109/25fcffa5b227ffb586adbf49ecb82918_original.jpg?w=560&h=315&fit=fill&bg=D9D8D4&v=1467337090&auto=format&q=92&s=a588fc31101f1d53d0d846f0462f2de6",
    "key": "assets/011/280/109/25fcffa5b227ffb586adbf49ecb82918_original.jpg",
    "little": "https://ksr-ugc.imgix.net/assets/011/280/109/25fcffa5b227ffb586adbf49ecb82918_original.jpg?w=200&h=112&fit=fill&bg=D9D8D4&v=1467337090&auto=format&q=92&s=252e9c377f0839a0fec7122ec4d40a99",
    "med": "https://ksr-ugc.imgix.net/assets/011/280/109/25fcffa5b227ffb586adbf49ecb82918_original.jpg?w=266&h=150&fit=fill&bg=D9D8D4&v=1467337090&auto=format&q=92&s=fdc1afe06a7048bd2185bc93f8ea74c6",
    "small": "https://ksr-ugc.imgix.net/assets/011/280/109/25fcffa5b227ffb586adbf49ecb82918_original.jpg?w=160&h=90&fit=fill&bg=D9D8D4&v=1467337090&auto=format&q=92&s=e3a5a63dec648f785d55f2269585ca14",
    "thumb": "https://ksr-ugc.imgix.net/assets/011/280/109/25fcffa5b227ffb586adbf49ecb82918_original.jpg?w=40&h=22&fit=fill&bg=D9D8D4&v=1467337090&auto=format&q=92&s=2c04d222755b9e937be608c86c840d11"
  },
  "pledged": 1691.0,
  "profile": {
    "background_color": null,
    "background_image_opacity": 0.8,
    "blurb": null,
    "feature_image_attributes": {
      "image_urls": {
        "baseball_card": "https://ksr-ugc.imgix.net/assets/011/280/109/25fcffa5b227ffb586adbf49ecb82918_original.jpg?w=1552&h=873&fit=fill&bg=D9D8D4&v=1467337090&auto=format&q=92&s=d676d49decf07b92d338ceb653ad02db",
        "default": "https://ksr-ugc.imgix.net/assets/011/280/109/25fcffa5b227ffb586adbf49ecb82918_original.jpg?w=1552&h=873&fit=fill&bg=D9D8D4&v=1467337090&auto=format&q=92&s=d676d49decf07b92d338ceb653ad02db"
      }
    },
    "id": 2523014,
    "link_background_color": null,
    "link_text": null,
    "link_text_color": null,
    "link_url": null,
    "name": null,
    "project_id": 2523014,
    "should_show_feature_image_section": true,
    "show_feature_image": false,
    "state": "inactive",
    "state_changed_at": 1463678765,
    "text_color": null
  },
  "slug": "topeedobot-the-all-metal-foldable-3d-printer",
  "spotlight": false,
  "staff_pick": false,
  "state": "canceled",
  "state_changed_at": 1468475389,
  "static_usd_rate": 1.10608579,
  "urls": {
    "web": {
      "project": "https://www.kickstarter.com/projects/99905999/topeedobot-the-all-metal-foldable-3d-printer?ref=category_newest",
      "rewards": "https://www.kickstarter.com/projects/99905999/topeedobot-the-all-metal-foldable-3d-printer/rewards"
    }
  },
  "usd_pledged": "1870.39107089"
}