{
  "backers_count": 76,
  "blurb": "Part monster synthesizer, part computer: The ST4 is a unique product, loaded with features, that combines the best of both worlds.",
  "category": {
    "color": 6526716,
    "id": 339,
    "name": "Sound",
    "parent_id": 16,
    "position": 12,
    "slug": "technology/sound",
    "urls": {
      "web": {
        "discover": "http://www.kickstarter.com/discover/categories/technology/sound"
      }
    }
  },
  "country": "NL",
  "created_at": 1450347295,
  "creator": {
    "avatar": {
      "medium": "https://ksr-ugc.imgix.net/assets/007/128/059/8c38f1e652e906268ea1af0031578558_original.png?w=160&h=160&fit=crop&v=1461436927&auto=format&q=92&s=58e951a0b0ae728170cee3e371cfd37c",
      "small": "https://ksr-ugc.imgix.net/assets/007/128/059/8c38f1e652e906268ea1af0031578558_original.png?w=160&h=160&fit=crop&v=1461436927&auto=format&q=92&s=58e951a0b0ae728170cee3e371cfd37c",
      "thumb": "https://ksr-ugc.imgix.net/assets/007/128/059/8c38f1e652e906268ea1af0031578558_original.png?w=40&h=40&fit=crop&v=1461436927&auto=format&q=92&s=ecc2fb77e06f84d5b72198f462aff257"
    },
    "id": 844778849,
    "name": "Tasty Chips Electronics",
    "urls": {
      "api": {
        "user": "https://api.kickstarter.com/v1/users/844778849?signature=1488680458.0ea5119befb96c3de6595dd291c6326ca879e81e"
      },
      "web": {
        "user": "https://www.kickstarter.com/profile/844778849"
      }
    }
  },
  "currency": "EUR",
  "currency_symbol": "\u20ac",
  "currency_trailing_code": false,
  "deadline": 1455742601,
  "disable_communication": false,
  "goal": 30000.0,
  "id": 1041915897,
  "launched_at": 1453323401,
  "location": {
    "country": "NL",
    "displayable_name": "Utrecht, Netherlands",
    "id": 734047,
    "is_root": false,
    "name": "Utrecht",
    "short_name": "Utrecht, Netherlands",
    "slug": "utrecht-nl",
    "state": "Utrecht",
    "type": "Town",
    "urls": {
      "api": {
        "nearby_projects": "https://api.kickstarter.com/v1/discover?signature=1488668425.5e513868e7e95e63db009166ba7332b2a7007ab2&woe_id=734047"
      },
      "web": {
        "discover": "https://www.kickstarter.com/discover/places/utrecht-nl",
        "location": "https://www.kickstarter.com/locations/utrecht-nl"
      }
    }
  },
  "name": "ST4 Hybrid Synthesizer/Tracker",
  "photo": {
    "1024x576": "https://ksr-ugc.imgix.net/assets/012/334/574/54499c64a17c3ba9a7a59eef36fd0bf9_original.jpg?w=1024&h=576&fit=fill&bg=000000&v=1463755902&auto=format&q=92&s=cf9cc8d4e42df0b18a16b84ae3f1b207",
    "1536x864": "https://ksr-ugc.imgix.net/assets/012/334/574/54499c64a17c3ba9a7a59eef36fd0bf9_original.jpg?w=1536&h=864&fit=fill&bg=000000&v=1463755902&auto=format&q=92&s=3afde39dab394066900ee4fd33715c0d",
    "ed": "https://ksr-ugc.imgix.net/assets/012/334/574/54499c64a17c3ba9a7a59eef36fd0bf9_original.jpg?w=338&h=190&fit=fill&bg=000000&v=1463755902&auto=format&q=92&s=9704c797967f3cbc7363c37405c99724",
    "full": "https://ksr-ugc.imgix.net/assets/012/334/574/54499c64a17c3ba9a7a59eef36fd0bf9_original.jpg?w=560&h=315&fit=fill&bg=000000&v=1463755902&auto=format&q=92&s=929db24f24f06bf15aeae912d583d5d4",
    "key": "assets/012/334/574/54499c64a17c3ba9a7a59eef36fd0bf9_original.jpg",
    "little": "https://ksr-ugc.imgix.net/assets/012/334/574/54499c64a17c3ba9a7a59eef36fd0bf9_original.jpg?w=200&h=112&fit=fill&bg=000000&v=1463755902&auto=format&q=92&s=990ecf71715dd9ed7f27a0ebd485c368",
    "med": "https://ksr-ugc.imgix.net/assets/012/334/574/54499c64a17c3ba9a7a59eef36fd0bf9_original.jpg?w=266&h=150&fit=fill&bg=000000&v=1463755902&auto=format&q=92&s=d55e8fee1eeb3283a515365dcacaa5db",
    "small": "https://ksr-ugc.imgix.net/assets/012/334/574/54499c64a17c3ba9a7a59eef36fd0bf9_original.jpg?w=160&h=90&fit=fill&bg=000000&v=1463755902&auto=format&q=92&s=618f2da655a58b53cae3b739c8ea1897",
    "thumb": "https://ksr-ugc.imgix.net/assets/012/334/574/54499c64a17c3ba9a7a59eef36fd0bf9_original.jpg?w=40&h=22&fit=fill&bg=000000&v=1463755902&auto=format&q=92&s=2c98641bd48d4f91b29c89c5e582ef5d"
  },
  "pledged": 31533.0,
  "profile": {
    "background_color": "",
    "background_image_opacity": 0.8,
    "blurb": "Part monster synthesizer, part computer: The ST4 is a unique product, loaded with features, that combines the best of both worlds.",
    "feature_image_attributes": {
      "id": 15513203,
      "image_urls": {
        "baseball_card": "https://ksr-ugc.imgix.net/assets/015/513/203/9d22ea4d29565b0a492a4918eb8560c5_original.jpg?w=700&fit=max&v=1487147977&auto=format&q=92&s=6fd0aa09591973458a1d0ceddeeb99e0",
        "default": "https://ksr-ugc.imgix.net/assets/015/513/203/9d22ea4d29565b0a492a4918eb8560c5_original.jpg?w=700&fit=max&v=1487147977&auto=format&q=92&s=6fd0aa09591973458a1d0ceddeeb99e0"
      }
    },
    "id": 2282084,
    "link_background_color": "",
    "link_text": "Follow along!",
    "link_text_color": "",
    "link_url": "https://www.kickstarter.com/projects/844778849/st4-hybrid-synthesizer-tracker/updates",
    "name": "ST4 Hybrid Synthesizer/Tracker",
    "project_id": 2282084,
    "should_show_feature_image_section": true,
    "show_feature_image": true,
    "state": "active",
    "state_changed_at": 1487148002,
    "text_color": ""
  },
  "slug": "st4-hybrid-synthesizer-tracker",
  "spotlight": true,
  "staff_pick": true,
  "state": "successful",
  "state_changed_at": 1455742601,
  "static_usd_rate": 1.08933649,
  "urls": {
    "web": {
      "project": "https://www.kickstarter.com/projects/844778849/st4-hybrid-synthesizer-tracker?ref=category_newest",
      "rewards": "https://www.kickstarter.com/projects/844778849/st4-hybrid-synthesizer-tracker/rewards"
    }
  },
  "usd_pledged": "34350.04753917"
}