{
  "backers_count": 5,
  "blurb": "Floating Pool Cover that is activated by Phone and assembled by Drone.",
  "category": {
    "color": 6526716,
    "id": 338,
    "name": "Robots",
    "parent_id": 16,
    "position": 10,
    "slug": "technology/robots",
    "urls": {
      "web": {
        "discover": "http://www.kickstarter.com/discover/categories/technology/robots"
      }
    }
  },
  "country": "CA",
  "created_at": 1402687275,
  "creator": {
    "avatar": {
      "medium": "https://ksr-ugc.imgix.net/assets/008/862/694/c37077b47587e6c2fc0e566bd82da8be_original.png?w=160&h=160&fit=crop&v=1461547232&auto=format&q=92&s=a89f1ded960f90fb24460a1d43af0b6a",
      "small": "https://ksr-ugc.imgix.net/assets/008/862/694/c37077b47587e6c2fc0e566bd82da8be_original.png?w=160&h=160&fit=crop&v=1461547232&auto=format&q=92&s=a89f1ded960f90fb24460a1d43af0b6a",
      "thumb": "https://ksr-ugc.imgix.net/assets/008/862/694/c37077b47587e6c2fc0e566bd82da8be_original.png?w=40&h=40&fit=crop&v=1461547232&auto=format&q=92&s=657cba202e9488bcb2075e4c2a2189b0"
    },
    "id": 1442861659,
    "name": "Frank Coliviras",
    "urls": {
      "api": {
        "user": "https://api.kickstarter.com/v1/users/1442861659?signature=1488680142.a27122bbff64b533d64436cbb3322703f253798c"
      },
      "web": {
        "user": "https://www.kickstarter.com/profile/1442861659"
      }
    }
  },
  "currency": "CAD",
  "currency_symbol": "$",
  "currency_trailing_code": true,
  "deadline": 1408379694,
  "disable_communication": false,
  "goal": 250000.0,
  "id": 1041491229,
  "launched_at": 1405355694,
  "location": {
    "country": "CA",
    "displayable_name": "North Toronto, Canada",
    "id": 23399705,
    "is_root": false,
    "name": "North Toronto",
    "short_name": "North Toronto, Canada",
    "slug": "north-toronto-toronto-ca",
    "state": "ON",
    "type": "Suburb",
    "urls": {
      "api": {
        "nearby_projects": "https://api.kickstarter.com/v1/discover?signature=1488669426.744c027167858745de23faa633915d785ee5b705&woe_id=23399705"
      },
      "web": {
        "discover": "https://www.kickstarter.com/discover/places/north-toronto-toronto-ca",
        "location": "https://www.kickstarter.com/locations/north-toronto-toronto-ca"
      }
    }
  },
  "name": "Roboblanket - Self Assembling Robotic Pool Cover (Canceled)",
  "photo": {
    "1024x576": "https://ksr-ugc.imgix.net/assets/011/724/817/ffeddaf6aa2f20d20f7b79a2f183f7b4_original.png?w=1024&h=576&fit=fill&bg=000000&v=1463687349&auto=format&q=92&s=0f3c502db3f98c3fa530a4ad84bef0ca",
    "1536x864": "https://ksr-ugc.imgix.net/assets/011/724/817/ffeddaf6aa2f20d20f7b79a2f183f7b4_original.png?w=1536&h=864&fit=fill&bg=000000&v=1463687349&auto=format&q=92&s=27d9dbf493d6a5a84bf43181ab156e84",
    "ed": "https://ksr-ugc.imgix.net/assets/011/724/817/ffeddaf6aa2f20d20f7b79a2f183f7b4_original.png?w=338&h=190&fit=fill&bg=000000&v=1463687349&auto=format&q=92&s=39f3b03399847d7fd73e6f7f952ec530",
    "full": "https://ksr-ugc.imgix.net/assets/011/724/817/ffeddaf6aa2f20d20f7b79a2f183f7b4_original.png?w=560&h=315&fit=fill&bg=000000&v=1463687349&auto=format&q=92&s=db423acafc7639bacfb4805088fc4453",
    "key": "assets/011/724/817/ffeddaf6aa2f20d20f7b79a2f183f7b4_original.png",
    "little": "https://ksr-ugc.imgix.net/assets/011/724/817/ffeddaf6aa2f20d20f7b79a2f183f7b4_original.png?w=200&h=112&fit=fill&bg=000000&v=1463687349&auto=format&q=92&s=3a78fd083ad090a466071b307749363c",
    "med": "https://ksr-ugc.imgix.net/assets/011/724/817/ffeddaf6aa2f20d20f7b79a2f183f7b4_original.png?w=266&h=150&fit=fill&bg=000000&v=1463687349&auto=format&q=92&s=1be7cf2ec46546dad90204fda6fdb4c4",
    "small": "https://ksr-ugc.imgix.net/assets/011/724/817/ffeddaf6aa2f20d20f7b79a2f183f7b4_original.png?w=160&h=90&fit=fill&bg=000000&v=1463687349&auto=format&q=92&s=503aeaf2bbd565b73b8cf11370558fac",
    "thumb": "https://ksr-ugc.imgix.net/assets/011/724/817/ffeddaf6aa2f20d20f7b79a2f183f7b4_original.png?w=40&h=22&fit=fill&bg=000000&v=1463687349&auto=format&q=92&s=1bb6c39f5002220ee767dbf9932f95b2"
  },
  "pledged": 13.0,
  "profile": {
    "background_color": null,
    "background_image_opacity": 0.8,
    "blurb": null,
    "feature_image_attributes": {
      "image_urls": {
        "baseball_card": "https://ksr-ugc.imgix.net/assets/011/724/817/ffeddaf6aa2f20d20f7b79a2f183f7b4_original.png?w=1552&h=873&fit=fill&bg=000000&v=1463687349&auto=format&q=92&s=4b14b564afe54c5b4abd9caa331a82eb",
        "default": "https://ksr-ugc.imgix.net/assets/011/724/817/ffeddaf6aa2f20d20f7b79a2f183f7b4_original.png?w=1552&h=873&fit=fill&bg=000000&v=1463687349&auto=format&q=92&s=4b14b564afe54c5b4abd9caa331a82eb"
      }
    },
    "id": 1067019,
    "link_background_color": null,
    "link_text": null,
    "link_text_color": null,
    "link_url": null,
    "name": null,
    "project_id": 1067019,
    "should_show_feature_image_section": true,
    "show_feature_image": false,
    "state": "inactive",
    "state_changed_at": 1425915859,
    "text_color": null
  },
  "slug": "roboblanket-self-assembling-robotic-pool-cover",
  "spotlight": false,
  "staff_pick": false,
  "state": "canceled",
  "state_changed_at": 1405777942,
  "static_usd_rate": 0.93167904,
  "urls": {
    "web": {
      "project": "https://www.kickstarter.com/projects/1442861659/roboblanket-self-assembling-robotic-pool-cover?ref=category_newest",
      "rewards": "https://www.kickstarter.com/projects/1442861659/roboblanket-self-assembling-robotic-pool-cover/rewards"
    }
  },
  "usd_pledged": "12.11182752"
}