{
  "backers_count": 1106,
  "blurb": "Sharpen your number crunching skills using ancient math principles ! Rewards = Poster + Work booklet + Dice + Android APP .. All @ $25",
  "category": {
    "color": 6526716,
    "id": 16,
    "name": "Technology",
    "position": 14,
    "slug": "technology",
    "urls": {
      "web": {
        "discover": "http://www.kickstarter.com/discover/categories/technology"
      }
    }
  },
  "country": "US",
  "created_at": 1388964766,
  "creator": {
    "avatar": {
      "medium": "https://ksr-ugc.imgix.net/assets/007/296/688/367c19a155650c810abe31e3355f31a5_original.png?w=160&h=160&fit=crop&v=1461448648&auto=format&q=92&s=bc2578a1e1501381a23ea840c807a1ed",
      "small": "https://ksr-ugc.imgix.net/assets/007/296/688/367c19a155650c810abe31e3355f31a5_original.png?w=160&h=160&fit=crop&v=1461448648&auto=format&q=92&s=bc2578a1e1501381a23ea840c807a1ed",
      "thumb": "https://ksr-ugc.imgix.net/assets/007/296/688/367c19a155650c810abe31e3355f31a5_original.png?w=40&h=40&fit=crop&v=1461448648&auto=format&q=92&s=88d97c183e1ca31f54da33868bc7ee9e"
    },
    "id": 1373995643,
    "name": "TechieTux",
    "urls": {
      "api": {
        "user": "https://api.kickstarter.com/v1/users/1373995643?signature=1488663101.94b7ca6a2d752e44381313407bcca4eefe3450e9"
      },
      "web": {
        "user": "https://www.kickstarter.com/profile/1373995643"
      }
    }
  },
  "currency": "USD",
  "currency_symbol": "$",
  "currency_trailing_code": true,
  "deadline": 1394045641,
  "disable_communication": false,
  "goal": 2500.0,
  "id": 1041475835,
  "launched_at": 1390157641,
  "location": {
    "country": "US",
    "displayable_name": "Portland, OR",
    "id": 2475687,
    "is_root": false,
    "name": "Portland",
    "short_name": "Portland, OR",
    "slug": "portland-or",
    "state": "OR",
    "type": "Town",
    "urls": {
      "api": {
        "nearby_projects": "https://api.kickstarter.com/v1/discover?signature=1488653677.7d10a613485d38547b08a954ad8cb6708065e2af&woe_id=2475687"
      },
      "web": {
        "discover": "https://www.kickstarter.com/discover/places/portland-or",
        "location": "https://www.kickstarter.com/locations/portland-or"
      }
    }
  },
  "name": "RapidMath: Educational material for rapid mental mathematics",
  "photo": {
    "1024x576": "https://ksr-ugc.imgix.net/assets/011/631/022/9299a390802d58ab64dd24e48d531d53_original.jpg?w=1024&h=576&fit=fill&bg=252122&v=1463685864&auto=format&q=92&s=0d3598defc0cde0cd23bf8503dd2032b",
    "1536x864": "https://ksr-ugc.imgix.net/assets/011/631/022/9299a390802d58ab64dd24e48d531d53_original.jpg?w=1536&h=864&fit=fill&bg=252122&v=1463685864&auto=format&q=92&s=ed110fb8a628a0a53d6e3e0eb6a75e00",
    "ed": "https://ksr-ugc.imgix.net/assets/011/631/022/9299a390802d58ab64dd24e48d531d53_original.jpg?w=338&h=190&fit=fill&bg=252122&v=1463685864&auto=format&q=92&s=4d9c27925c7539a1fadc677b850df9e1",
    "full": "https://ksr-ugc.imgix.net/assets/011/631/022/9299a390802d58ab64dd24e48d531d53_original.jpg?w=560&h=315&fit=fill&bg=252122&v=1463685864&auto=format&q=92&s=54b299c0651c41f7a4f29ccc206d1a2e",
    "key": "assets/011/631/022/9299a390802d58ab64dd24e48d531d53_original.jpg",
    "little": "https://ksr-ugc.imgix.net/assets/011/631/022/9299a390802d58ab64dd24e48d531d53_original.jpg?w=200&h=112&fit=fill&bg=252122&v=1463685864&auto=format&q=92&s=63d05d07706d46078715a9eaa194aa53",
    "med": "https://ksr-ugc.imgix.net/assets/011/631/022/9299a390802d58ab64dd24e48d531d53_original.jpg?w=266&h=150&fit=fill&bg=252122&v=1463685864&auto=format&q=92&s=d27fe055862541a31b0050a73245e61c",
    "small": "https://ksr-ugc.imgix.net/assets/011/631/022/9299a390802d58ab64dd24e48d531d53_original.jpg?w=160&h=90&fit=fill&bg=252122&v=1463685864&auto=format&q=92&s=071f92e86e95de47aaff490b6bce5f61",
    "thumb": "https://ksr-ugc.imgix.net/assets/011/631/022/9299a390802d58ab64dd24e48d531d53_original.jpg?w=40&h=22&fit=fill&bg=252122&v=1463685864&auto=format&q=92&s=ca46df797b936557d62ce8049e15a906"
  },
  "pledged": 26675.1,
  "profile": {
    "background_color": null,
    "background_image_opacity": 0.8,
    "blurb": null,
    "feature_image_attributes": {
      "image_urls": {
        "baseball_card": "https://ksr-ugc.imgix.net/assets/011/631/022/9299a390802d58ab64dd24e48d531d53_original.jpg?w=1552&h=873&fit=fill&bg=252122&v=1463685864&auto=format&q=92&s=6010aeef3f24f7ee7bd486b5c84c2b0f",
        "default": "https://ksr-ugc.imgix.net/assets/011/631/022/9299a390802d58ab64dd24e48d531d53_original.jpg?w=1552&h=873&fit=fill&bg=252122&v=1463685864&auto=format&q=92&s=6010aeef3f24f7ee7bd486b5c84c2b0f"
      }
    },
    "id": 836920,
    "link_background_color": null,
    "link_text": null,
    "link_text_color": null,
    "link_url": null,
    "name": null,
    "project_id": 836920,
    "should_show_feature_image_section": true,
    "show_feature_image": false,
    "state": "inactive",
    "state_changed_at": 1425915845,
    "text_color": null
  },
  "slug": "rapidmath-educational-poster-for-rapid-mental-math",
  "spotlight": true,
  "staff_pick": false,
  "state": "successful",
  "state_changed_at": 1394045643,
  "static_usd_rate": 1.0,
  "urls": {
    "web": {
      "project": "https://www.kickstarter.com/projects/1373995643/rapidmath-educational-poster-for-rapid-mental-math?ref=category_most_funded",
      "rewards": "https://www.kickstarter.com/projects/1373995643/rapidmath-educational-poster-for-rapid-mental-math/rewards"
    }
  },
  "usd_pledged": "26675.1"
}