{
  "backers_count": 901,
  "blurb": "ivee Sleek is a Wi-Fi Voice-Activated Assistant for your home",
  "category": {
    "color": 6526716,
    "id": 52,
    "name": "Hardware",
    "parent_id": 16,
    "position": 8,
    "slug": "technology/hardware",
    "urls": {
      "web": {
        "discover": "http://www.kickstarter.com/discover/categories/technology/hardware"
      }
    }
  },
  "country": "US",
  "created_at": 1335465602,
  "creator": {
    "avatar": {
      "medium": "https://ksr-ugc.imgix.net/assets/006/278/769/793d8f9e648bfc081eb51d261703faf7_original.png?w=160&h=160&fit=crop&v=1461378147&auto=format&q=92&s=304179d7525d119b205fb6d6c05e0532",
      "small": "https://ksr-ugc.imgix.net/assets/006/278/769/793d8f9e648bfc081eb51d261703faf7_original.png?w=160&h=160&fit=crop&v=1461378147&auto=format&q=92&s=304179d7525d119b205fb6d6c05e0532",
      "thumb": "https://ksr-ugc.imgix.net/assets/006/278/769/793d8f9e648bfc081eb51d261703faf7_original.png?w=40&h=40&fit=crop&v=1461378147&auto=format&q=92&s=a9fe345ef181f1bf94132957b4edc2fc"
    },
    "id": 757751697,
    "name": "ivee",
    "slug": "ivee",
    "urls": {
      "api": {
        "user": "https://api.kickstarter.com/v1/users/757751697?signature=1488679741.991b37a02323529e1176db0769519f26b94f2ed0"
      },
      "web": {
        "user": "https://www.kickstarter.com/profile/ivee"
      }
    }
  },
  "currency": "USD",
  "currency_symbol": "$",
  "currency_trailing_code": true,
  "deadline": 1374385561,
  "disable_communication": false,
  "goal": 40000.0,
  "id": 1042353389,
  "launched_at": 1371534361,
  "location": {
    "country": "US",
    "displayable_name": "Los Angeles, CA",
    "id": 2442047,
    "is_root": false,
    "name": "Los Angeles",
    "short_name": "Los Angeles, CA",
    "slug": "los-angeles-ca",
    "state": "CA",
    "type": "Town",
    "urls": {
      "api": {
        "nearby_projects": "https://api.kickstarter.com/v1/discover?signature=1488668418.2de3dd8b85798392a2853b73be0e5dca0bc529fa&woe_id=2442047"
      },
      "web": {
        "discover": "https://www.kickstarter.com/discover/places/los-angeles-ca",
        "location": "https://www.kickstarter.com/locations/los-angeles-ca"
      }
    }
  },
  "name": "ivee Sleek: Wi-Fi Voice-Activated Assistant",
  "photo": {
    "1024x576": "https://ksr-ugc.imgix.net/assets/011/353/539/a804ca0445f2a51764cce7f35ccbf214_original.JPG?w=1024&h=576&fit=fill&bg=000000&v=1463681423&auto=format&q=92&s=d5626b54aa94b4df4fc2a4e253090f20",
    "1536x864": "https://ksr-ugc.imgix.net/assets/011/353/539/a804ca0445f2a51764cce7f35ccbf214_original.JPG?w=1536&h=864&fit=fill&bg=000000&v=1463681423&auto=format&q=92&s=562eb9b927c473a011b9db5c8417a2d7",
    "ed": "https://ksr-ugc.imgix.net/assets/011/353/539/a804ca0445f2a51764cce7f35ccbf214_original.JPG?w=338&h=190&fit=fill&bg=000000&v=1463681423&auto=format&q=92&s=14937cc4c5354ee7851a664c35a96904",
    "full": "https://ksr-ugc.imgix.net/assets/011/353/539/a804ca0445f2a51764cce7f35ccbf214_original.JPG?w=560&h=315&fit=fill&bg=000000&v=1463681423&auto=format&q=92&s=3768401adf8b13bb27bf830a2900bdae",
    "key": "assets/011/353/539/a804ca0445f2a51764cce7f35ccbf214_original.JPG",
    "little": "https://ksr-ugc.imgix.net/assets/011/353/539/a804ca0445f2a51764cce7f35ccbf214_original.JPG?w=200&h=112&fit=fill&bg=000000&v=1463681423&auto=format&q=92&s=1a7dd4c968afefb769975165a55dcbf5",
    "med": "https://ksr-ugc.imgix.net/assets/011/353/539/a804ca0445f2a51764cce7f35ccbf214_original.JPG?w=266&h=150&fit=fill&bg=000000&v=1463681423&auto=format&q=92&s=3ac5fe1fab9426900dcc14c576193e29",
    "small": "https://ksr-ugc.imgix.net/assets/011/353/539/a804ca0445f2a51764cce7f35ccbf214_original.JPG?w=160&h=90&fit=fill&bg=000000&v=1463681423&auto=format&q=92&s=1002e6ee8a2aba7e59a0d1d3ea71bd3f",
    "thumb": "https://ksr-ugc.imgix.net/assets/011/353/539/a804ca0445f2a51764cce7f35ccbf214_original.JPG?w=40&h=22&fit=fill&bg=000000&v=1463681423&auto=format&q=92&s=7bba843ca60fa178e9d6deb159b69973"
  },
  "pledged": 159606.32,
  "profile": {
    "background_color": null,
    "background_image_opacity": 0.8,
    "blurb": null,
    "feature_image_attributes": {
      "image_urls": {
        "baseball_card": "https://ksr-ugc.imgix.net/assets/011/353/539/a804ca0445f2a51764cce7f35ccbf214_original.JPG?w=1552&h=873&fit=fill&bg=000000&v=1463681423&auto=format&q=92&s=3203e75fe55f463be6236c2e2635eb7e",
        "default": "https://ksr-ugc.imgix.net/assets/011/353/539/a804ca0445f2a51764cce7f35ccbf214_original.JPG?w=1552&h=873&fit=fill&bg=000000&v=1463681423&auto=format&q=92&s=3203e75fe55f463be6236c2e2635eb7e"
      }
    },
    "id": 160124,
    "link_background_color": null,
    "link_text": null,
    "link_text_color": null,
    "link_url": null,
    "name": null,
    "project_id": 160124,
    "should_show_feature_image_section": true,
    "show_feature_image": false,
    "state": "inactive",
    "state_changed_at": 1425915809,
    "text_color": null
  },
  "slug": "ivee-sleek-wi-fi-voice-activated-assistant",
  "spotlight": true,
  "staff_pick": false,
  "state": "successful",
  "state_changed_at": 1374385562,
  "static_usd_rate": 1.0,
  "urls": {
    "web": {
      "project": "https://www.kickstarter.com/projects/ivee/ivee-sleek-wi-fi-voice-activated-assistant?ref=category_newest",
      "rewards": "https://www.kickstarter.com/projects/ivee/ivee-sleek-wi-fi-voice-activated-assistant/rewards"
    }
  },
  "usd_pledged": "159606.32"
}