{
  "backers_count": 2,
  "blurb": "Learning the guitar has been great fun for me and I want to open a school and website to make it fun, effective and affordable for all.",
  "category": {
    "color": 6526716,
    "id": 51,
    "name": "Software",
    "parent_id": 16,
    "position": 11,
    "slug": "technology/software",
    "urls": {
      "web": {
        "discover": "http://www.kickstarter.com/discover/categories/technology/software"
      }
    }
  },
  "country": "GB",
  "created_at": 1386142161,
  "creator": {
    "avatar": {
      "medium": "https://ksr-ugc.imgix.net/assets/008/222/663/b9cb24ecdab2a5681b67020db106ae5a_original.jpg?w=160&h=160&fit=crop&v=1461510837&auto=format&q=92&s=c6c232733099c61058bfce5df32b3101",
      "small": "https://ksr-ugc.imgix.net/assets/008/222/663/b9cb24ecdab2a5681b67020db106ae5a_original.jpg?w=160&h=160&fit=crop&v=1461510837&auto=format&q=92&s=c6c232733099c61058bfce5df32b3101",
      "thumb": "https://ksr-ugc.imgix.net/assets/008/222/663/b9cb24ecdab2a5681b67020db106ae5a_original.jpg?w=40&h=40&fit=crop&v=1461510837&auto=format&q=92&s=91db87f411da141712260f1512c12977"
    },
    "id": 36020655,
    "name": "Kerr MacKinnon",
    "urls": {
      "api": {
        "user": "https://api.kickstarter.com/v1/users/36020655?signature=1488680265.cbded945ec865e30b6f985bce0fc1ef3d3130b24"
      },
      "web": {
        "user": "https://www.kickstarter.com/profile/36020655"
      }
    }
  },
  "currency": "GBP",
  "currency_symbol": "\u00a3",
  "currency_trailing_code": false,
  "deadline": 1410285015,
  "disable_communication": false,
  "goal": 3000.0,
  "id": 1042410063,
  "launched_at": 1407693015,
  "location": {
    "country": "GB",
    "displayable_name": "Greater London, UK",
    "id": 23416974,
    "is_root": false,
    "name": "Greater London",
    "short_name": "Greater London, UK",
    "slug": "greater-london-gb",
    "state": "England",
    "type": "County",
    "urls": {
      "api": {
        "nearby_projects": "https://api.kickstarter.com/v1/discover?signature=1488668437.e781fd7e3a535697bd354ec062badc356f414134&woe_id=23416974"
      },
      "web": {
        "discover": "https://www.kickstarter.com/discover/places/greater-london-gb",
        "location": "https://www.kickstarter.com/locations/greater-london-gb"
      }
    }
  },
  "name": "Guitar school to make learning the guitar accessible to all",
  "photo": {
    "1024x576": "https://ksr-ugc.imgix.net/assets/011/617/662/b9cb24ecdab2a5681b67020db106ae5a_original.jpg?w=1024&h=576&fit=fill&bg=000000&v=1463685469&auto=format&q=92&s=0ebbe2de3463824a6d01e73924201b7a",
    "1536x864": "https://ksr-ugc.imgix.net/assets/011/617/662/b9cb24ecdab2a5681b67020db106ae5a_original.jpg?w=1536&h=864&fit=fill&bg=000000&v=1463685469&auto=format&q=92&s=a230ca3fca939bc9b79b9a0d28d4752a",
    "ed": "https://ksr-ugc.imgix.net/assets/011/617/662/b9cb24ecdab2a5681b67020db106ae5a_original.jpg?w=338&h=190&fit=fill&bg=000000&v=1463685469&auto=format&q=92&s=eafd1add8f1c9fe83b082057a429bc5c",
    "full": "https://ksr-ugc.imgix.net/assets/011/617/662/b9cb24ecdab2a5681b67020db106ae5a_original.jpg?w=560&h=315&fit=fill&bg=000000&v=1463685469&auto=format&q=92&s=eba28625cc1da754f5a04bcbea83a6df",
    "key": "assets/011/617/662/b9cb24ecdab2a5681b67020db106ae5a_original.jpg",
    "little": "https://ksr-ugc.imgix.net/assets/011/617/662/b9cb24ecdab2a5681b67020db106ae5a_original.jpg?w=200&h=112&fit=fill&bg=000000&v=1463685469&auto=format&q=92&s=3d273ff8e4d3b346ae08be40d016ca32",
    "med": "https://ksr-ugc.imgix.net/assets/011/617/662/b9cb24ecdab2a5681b67020db106ae5a_original.jpg?w=266&h=150&fit=fill&bg=000000&v=1463685469&auto=format&q=92&s=f5bc10cdb697adaa0b463e9151926778",
    "small": "https://ksr-ugc.imgix.net/assets/011/617/662/b9cb24ecdab2a5681b67020db106ae5a_original.jpg?w=160&h=90&fit=fill&bg=000000&v=1463685469&auto=format&q=92&s=75f42b4168a5ff1d83943c9c634e95f6",
    "thumb": "https://ksr-ugc.imgix.net/assets/011/617/662/b9cb24ecdab2a5681b67020db106ae5a_original.jpg?w=40&h=22&fit=fill&bg=000000&v=1463685469&auto=format&q=92&s=47eaa95c53b5d54438687548f85847c5"
  },
  "pledged": 20.0,
  "profile": {
    "background_color": null,
    "background_image_opacity": 0.8,
    "blurb": null,
    "feature_image_attributes": {
      "image_urls": {
        "baseball_card": "https://ksr-ugc.imgix.net/assets/011/617/662/b9cb24ecdab2a5681b67020db106ae5a_original.jpg?w=1552&h=873&fit=fill&bg=000000&v=1463685469&auto=format&q=92&s=7784b14427b94c901bc5aa21ec7d641c",
        "default": "https://ksr-ugc.imgix.net/assets/011/617/662/b9cb24ecdab2a5681b67020db106ae5a_original.jpg?w=1552&h=873&fit=fill&bg=000000&v=1463685469&auto=format&q=92&s=7784b14427b94c901bc5aa21ec7d641c"
      }
    },
    "id": 802145,
    "link_background_color": null,
    "link_text": null,
    "link_text_color": null,
    "link_url": null,
    "name": null,
    "project_id": 802145,
    "should_show_feature_image_section": true,
    "show_feature_image": false,
    "state": "inactive",
    "state_changed_at": 1425915844,
    "text_color": null
  },
  "slug": "guitar-school-to-make-learning-the-guitar-accessib",
  "spotlight": false,
  "staff_pick": false,
  "state": "failed",
  "state_changed_at": 1410285015,
  "static_usd_rate": 1.67752022,
  "urls": {
    "web": {
      "project": "https://www.kickstarter.com/projects/36020655/guitar-school-to-make-learning-the-guitar-accessib?ref=category_newest",
      "rewards": "https://www.kickstarter.com/projects/36020655/guitar-school-to-make-learning-the-guitar-accessib/rewards"
    }
  },
  "usd_pledged": "33.5504044"
}