{
  "backers_count": 2,
  "blurb": "Computers should be built around us, instead of us building our lives around them. Genzo is that computer.",
  "category": {
    "color": 6526716,
    "id": 341,
    "name": "Wearables",
    "parent_id": 16,
    "position": 14,
    "slug": "technology/wearables",
    "urls": {
      "web": {
        "discover": "http://www.kickstarter.com/discover/categories/technology/wearables"
      }
    }
  },
  "country": "US",
  "created_at": 1428163458,
  "creator": {
    "avatar": {
      "medium": "https://ksr-ugc.imgix.net/assets/009/761/020/227f7a5622cab9bef2a4ae1e7fb30f4b_original.jpg?w=160&h=160&fit=crop&v=1461626482&auto=format&q=92&s=6f839fa7982d99e235cc11d3100ec367",
      "small": "https://ksr-ugc.imgix.net/assets/009/761/020/227f7a5622cab9bef2a4ae1e7fb30f4b_original.jpg?w=160&h=160&fit=crop&v=1461626482&auto=format&q=92&s=6f839fa7982d99e235cc11d3100ec367",
      "thumb": "https://ksr-ugc.imgix.net/assets/009/761/020/227f7a5622cab9bef2a4ae1e7fb30f4b_original.jpg?w=40&h=40&fit=crop&v=1461626482&auto=format&q=92&s=ab6a790437f6cb6fa4dd6f991d4913d3"
    },
    "id": 366750607,
    "name": "Eyeware",
    "urls": {
      "api": {
        "user": "https://api.kickstarter.com/v1/users/366750607?signature=1488680595.6dab22a325f0e03941e1ad3e66d34e4a400e5d50"
      },
      "web": {
        "user": "https://www.kickstarter.com/profile/366750607"
      }
    }
  },
  "currency": "USD",
  "currency_symbol": "$",
  "currency_trailing_code": true,
  "deadline": 1434154662,
  "disable_communication": false,
  "goal": 50000.0,
  "id": 104292153,
  "launched_at": 1428970662,
  "location": {
    "country": "US",
    "displayable_name": "Chicago, IL",
    "id": 2379574,
    "is_root": false,
    "name": "Chicago",
    "short_name": "Chicago, IL",
    "slug": "chicago-il",
    "state": "IL",
    "type": "Town",
    "urls": {
      "api": {
        "nearby_projects": "https://api.kickstarter.com/v1/discover?signature=1488668420.5b56f3c85b08c4b800c5a8dcb428aebecf2f9459&woe_id=2379574"
      },
      "web": {
        "discover": "https://www.kickstarter.com/discover/places/chicago-il",
        "location": "https://www.kickstarter.com/locations/chicago-il"
      }
    }
  },
  "name": "Genzo - Augmented Reality Computer",
  "photo": {
    "1024x576": "https://ksr-ugc.imgix.net/assets/012/096/094/61a3984a0c42e358427d488c56821e0c_original.jpg?w=1024&h=576&fit=fill&bg=000000&v=1463731586&auto=format&q=92&s=7f76e28294c3276dfde9668b176b9765",
    "1536x864": "https://ksr-ugc.imgix.net/assets/012/096/094/61a3984a0c42e358427d488c56821e0c_original.jpg?w=1536&h=864&fit=fill&bg=000000&v=1463731586&auto=format&q=92&s=d5a1283bbd09dcd1af5e992c287bd592",
    "ed": "https://ksr-ugc.imgix.net/assets/012/096/094/61a3984a0c42e358427d488c56821e0c_original.jpg?w=338&h=190&fit=fill&bg=000000&v=1463731586&auto=format&q=92&s=780a44e4f915354d4dea9a3455a618c6",
    "full": "https://ksr-ugc.imgix.net/assets/012/096/094/61a3984a0c42e358427d488c56821e0c_original.jpg?w=560&h=315&fit=fill&bg=000000&v=1463731586&auto=format&q=92&s=ec89de646ca159c79d49796541ede703",
    "key": "assets/012/096/094/61a3984a0c42e358427d488c56821e0c_original.jpg",
    "little": "https://ksr-ugc.imgix.net/assets/012/096/094/61a3984a0c42e358427d488c56821e0c_original.jpg?w=200&h=112&fit=fill&bg=000000&v=1463731586&auto=format&q=92&s=dbeb506a1cbbaa83f2156f722ec23666",
    "med": "https://ksr-ugc.imgix.net/assets/012/096/094/61a3984a0c42e358427d488c56821e0c_original.jpg?w=266&h=150&fit=fill&bg=000000&v=1463731586&auto=format&q=92&s=8305ac96bd99321a114ab9d0d9776c37",
    "small": "https://ksr-ugc.imgix.net/assets/012/096/094/61a3984a0c42e358427d488c56821e0c_original.jpg?w=160&h=90&fit=fill&bg=000000&v=1463731586&auto=format&q=92&s=8042c8c7a163a7087c3f26846c028220",
    "thumb": "https://ksr-ugc.imgix.net/assets/012/096/094/61a3984a0c42e358427d488c56821e0c_original.jpg?w=40&h=22&fit=fill&bg=000000&v=1463731586&auto=format&q=92&s=dcdacdb5b064ccb021ec096b4f394d40"
  },
  "pledged": 36.0,
  "profile": {
    "background_color": null,
    "background_image_opacity": 0.8,
    "blurb": null,
    "feature_image_attributes": {
      "image_urls": {
        "baseball_card": "https://ksr-ugc.imgix.net/assets/012/096/094/61a3984a0c42e358427d488c56821e0c_original.jpg?w=1552&h=873&fit=fill&bg=000000&v=1463731586&auto=format&q=92&s=e248034836951486f3aadad3b8a5e6aa",
        "default": "https://ksr-ugc.imgix.net/assets/012/096/094/61a3984a0c42e358427d488c56821e0c_original.jpg?w=1552&h=873&fit=fill&bg=000000&v=1463731586&auto=format&q=92&s=e248034836951486f3aadad3b8a5e6aa"
      }
    },
    "id": 1820678,
    "link_background_color": null,
    "link_text": null,
    "link_text_color": null,
    "link_url": null,
    "name": null,
    "project_id": 1820678,
    "should_show_feature_image_section": true,
    "show_feature_image": false,
    "state": "inactive",
    "state_changed_at": 1428163458,
    "text_color": null
  },
  "slug": "genzo-augmented-reality-computer",
  "spotlight": false,
  "staff_pick": false,
  "state": "failed",
  "state_changed_at": 1434154662,
  "static_usd_rate": 1.0,
  "urls": {
    "web": {
      "project": "https://www.kickstarter.com/projects/366750607/genzo-augmented-reality-computer?ref=category_newest",
      "rewards": "https://www.kickstarter.com/projects/366750607/genzo-augmented-reality-computer/rewards"
    }
  },
  "usd_pledged": "36.0"
}