{
  "backers_count": 67,
  "blurb": "A cycling jacket with over 250 LEDs, turn signals, detachable sleeves, 360\u00b0 reflective, phone charging & 6 pockets. Comes in 3 styles.",
  "category": {
    "color": 6526716,
    "id": 16,
    "name": "Technology",
    "position": 14,
    "slug": "technology",
    "urls": {
      "web": {
        "discover": "http://www.kickstarter.com/discover/categories/technology"
      }
    }
  },
  "country": "US",
  "created_at": 1452019730,
  "creator": {
    "avatar": {
      "medium": "https://ksr-ugc.imgix.net/assets/010/522/090/d643fdf8befb23fec8ba05557196e815_original.jpeg?w=160&h=160&fit=crop&v=1461695381&auto=format&q=92&s=5aa8f65794b9e515b4fca9ff77fdb322",
      "small": "https://ksr-ugc.imgix.net/assets/010/522/090/d643fdf8befb23fec8ba05557196e815_original.jpeg?w=160&h=160&fit=crop&v=1461695381&auto=format&q=92&s=5aa8f65794b9e515b4fca9ff77fdb322",
      "thumb": "https://ksr-ugc.imgix.net/assets/010/522/090/d643fdf8befb23fec8ba05557196e815_original.jpeg?w=40&h=40&fit=crop&v=1461695381&auto=format&q=92&s=704f8ed232e5e8878d988e812f4bb21d"
    },
    "id": 304803547,
    "name": "Andrew VoltIn",
    "urls": {
      "api": {
        "user": "https://api.kickstarter.com/v1/users/304803547?signature=1488678284.5f6998b2999f9e9a274d199bfa4cbbde31009699"
      },
      "web": {
        "user": "https://www.kickstarter.com/profile/304803547"
      }
    }
  },
  "currency": "USD",
  "currency_symbol": "$",
  "currency_trailing_code": true,
  "deadline": 1455800444,
  "disable_communication": false,
  "goal": 99500.0,
  "id": 1042749871,
  "launched_at": 1453208444,
  "location": {
    "country": "US",
    "displayable_name": "San Diego, CA",
    "id": 2487889,
    "is_root": false,
    "name": "San Diego",
    "short_name": "San Diego, CA",
    "slug": "san-diego-ca",
    "state": "CA",
    "type": "Town",
    "urls": {
      "api": {
        "nearby_projects": "https://api.kickstarter.com/v1/discover?signature=1488668420.6314ba97cc99e46f6c6f338b4db91edf14d0b881&woe_id=2487889"
      },
      "web": {
        "discover": "https://www.kickstarter.com/discover/places/san-diego-ca",
        "location": "https://www.kickstarter.com/locations/san-diego-ca"
      }
    }
  },
  "name": "The World\u2019s Brightest Cycling Jacket.  By NOOR America.",
  "photo": {
    "1024x576": "https://ksr-ugc.imgix.net/assets/012/346/572/f7609917b391d30187d9b78141bbd9d5_original.png?w=1024&h=576&fit=fill&bg=000000&v=1463756126&auto=format&q=92&s=419970dbb03d601471d02203b545c0ef",
    "1536x864": "https://ksr-ugc.imgix.net/assets/012/346/572/f7609917b391d30187d9b78141bbd9d5_original.png?w=1536&h=864&fit=fill&bg=000000&v=1463756126&auto=format&q=92&s=51954afc3e910ce09b95e526ee42ddea",
    "ed": "https://ksr-ugc.imgix.net/assets/012/346/572/f7609917b391d30187d9b78141bbd9d5_original.png?w=338&h=190&fit=fill&bg=000000&v=1463756126&auto=format&q=92&s=ff74c597ef170925402e37ec952a9fe5",
    "full": "https://ksr-ugc.imgix.net/assets/012/346/572/f7609917b391d30187d9b78141bbd9d5_original.png?w=560&h=315&fit=fill&bg=000000&v=1463756126&auto=format&q=92&s=d1a32ead96cbe3dfeb44c74dee1a8213",
    "key": "assets/012/346/572/f7609917b391d30187d9b78141bbd9d5_original.png",
    "little": "https://ksr-ugc.imgix.net/assets/012/346/572/f7609917b391d30187d9b78141bbd9d5_original.png?w=200&h=112&fit=fill&bg=000000&v=1463756126&auto=format&q=92&s=7f900b9d1c5595069e5d20364cbd8fff",
    "med": "https://ksr-ugc.imgix.net/assets/012/346/572/f7609917b391d30187d9b78141bbd9d5_original.png?w=266&h=150&fit=fill&bg=000000&v=1463756126&auto=format&q=92&s=ca831247fc932c48e9f645907be64291",
    "small": "https://ksr-ugc.imgix.net/assets/012/346/572/f7609917b391d30187d9b78141bbd9d5_original.png?w=160&h=90&fit=fill&bg=000000&v=1463756126&auto=format&q=92&s=a31f34cbf715eb7deed0d1959dce9b5a",
    "thumb": "https://ksr-ugc.imgix.net/assets/012/346/572/f7609917b391d30187d9b78141bbd9d5_original.png?w=40&h=22&fit=fill&bg=000000&v=1463756126&auto=format&q=92&s=a56d6949973a2c382326681f95dfe5c6"
  },
  "pledged": 12398.0,
  "profile": {
    "background_color": null,
    "background_image_opacity": 0.8,
    "blurb": null,
    "feature_image_attributes": {
      "image_urls": {
        "baseball_card": "https://ksr-ugc.imgix.net/assets/012/346/572/f7609917b391d30187d9b78141bbd9d5_original.png?w=1552&h=873&fit=fill&bg=000000&v=1463756126&auto=format&q=92&s=a8e398312c83bdf4111befc1db2eff05",
        "default": "https://ksr-ugc.imgix.net/assets/012/346/572/f7609917b391d30187d9b78141bbd9d5_original.png?w=1552&h=873&fit=fill&bg=000000&v=1463756126&auto=format&q=92&s=a8e398312c83bdf4111befc1db2eff05"
      }
    },
    "id": 2306485,
    "link_background_color": null,
    "link_text": null,
    "link_text_color": null,
    "link_url": null,
    "name": null,
    "project_id": 2306485,
    "should_show_feature_image_section": true,
    "show_feature_image": false,
    "state": "inactive",
    "state_changed_at": 1452019730,
    "text_color": null
  },
  "slug": "the-worlds-brightest-cycling-jacket-by-noor-americ",
  "spotlight": false,
  "staff_pick": false,
  "state": "failed",
  "state_changed_at": 1455800444,
  "static_usd_rate": 1.0,
  "urls": {
    "web": {
      "project": "https://www.kickstarter.com/projects/304803547/the-worlds-brightest-cycling-jacket-by-noor-americ?ref=category_most_funded",
      "rewards": "https://www.kickstarter.com/projects/304803547/the-worlds-brightest-cycling-jacket-by-noor-americ/rewards"
    }
  },
  "usd_pledged": "12398.0"
}