{
  "backers_count": 3,
  "blurb": "I am planning on building the world's largest directory for startup business to allow new entrepreneurs to know what currently exists.",
  "category": {
    "color": 6526716,
    "id": 342,
    "name": "Web",
    "parent_id": 16,
    "position": 15,
    "slug": "technology/web",
    "urls": {
      "web": {
        "discover": "http://www.kickstarter.com/discover/categories/technology/web"
      }
    }
  },
  "country": "US",
  "created_at": 1460518061,
  "creator": {
    "avatar": {
      "medium": "https://ksr-ugc.imgix.net/assets/010/794/122/3413f284a8627ddff004f1afc4247c1e_original.png?w=160&h=160&fit=crop&v=1461712827&auto=format&q=92&s=5176f7032348c3925e286f9290233efb",
      "small": "https://ksr-ugc.imgix.net/assets/010/794/122/3413f284a8627ddff004f1afc4247c1e_original.png?w=160&h=160&fit=crop&v=1461712827&auto=format&q=92&s=5176f7032348c3925e286f9290233efb",
      "thumb": "https://ksr-ugc.imgix.net/assets/010/794/122/3413f284a8627ddff004f1afc4247c1e_original.png?w=40&h=40&fit=crop&v=1461712827&auto=format&q=92&s=7aebeb1bcb121993b932c5754c143eeb"
    },
    "id": 699497788,
    "name": "Ashley Artrip",
    "urls": {
      "api": {
        "user": "https://api.kickstarter.com/v1/users/699497788?signature=1488680923.ea109b1f98c159e1d45af9e4b9579db4d5565f7a"
      },
      "web": {
        "user": "https://www.kickstarter.com/profile/699497788"
      }
    }
  },
  "currency": "USD",
  "currency_symbol": "$",
  "currency_trailing_code": true,
  "deadline": 1463352912,
  "disable_communication": false,
  "goal": 5000.0,
  "id": 1042925965,
  "launched_at": 1460760912,
  "location": {
    "country": "US",
    "displayable_name": "Washington, DC",
    "id": 2514815,
    "is_root": false,
    "name": "Washington",
    "short_name": "Washington, DC",
    "slug": "washington-dc",
    "state": "DC",
    "type": "Town",
    "urls": {
      "api": {
        "nearby_projects": "https://api.kickstarter.com/v1/discover?signature=1488668420.21ef010b8295b00578f0dc7a9bd653a2955b3766&woe_id=2514815"
      },
      "web": {
        "discover": "https://www.kickstarter.com/discover/places/washington-dc",
        "location": "https://www.kickstarter.com/locations/washington-dc"
      }
    }
  },
  "name": "Hatch",
  "photo": {
    "1024x576": "https://ksr-ugc.imgix.net/assets/012/428/758/1125000ae6369726f78e5a1ce715388b_original.png?w=1024&h=576&fit=fill&bg=FFFFFF&v=1463760704&auto=format&q=92&s=aa635d4107c6de17c1036c1bf3775486",
    "1536x864": "https://ksr-ugc.imgix.net/assets/012/428/758/1125000ae6369726f78e5a1ce715388b_original.png?w=1536&h=864&fit=fill&bg=FFFFFF&v=1463760704&auto=format&q=92&s=0f7db5b8bfdbc31e90a5e9108776a1a6",
    "ed": "https://ksr-ugc.imgix.net/assets/012/428/758/1125000ae6369726f78e5a1ce715388b_original.png?w=338&h=190&fit=fill&bg=FFFFFF&v=1463760704&auto=format&q=92&s=4ea4c1b3520a2c68c503a10f2a5aaf35",
    "full": "https://ksr-ugc.imgix.net/assets/012/428/758/1125000ae6369726f78e5a1ce715388b_original.png?w=560&h=315&fit=fill&bg=FFFFFF&v=1463760704&auto=format&q=92&s=e75a2a6241651a60fb5d1b01f00aa744",
    "key": "assets/012/428/758/1125000ae6369726f78e5a1ce715388b_original.png",
    "little": "https://ksr-ugc.imgix.net/assets/012/428/758/1125000ae6369726f78e5a1ce715388b_original.png?w=200&h=112&fit=fill&bg=FFFFFF&v=1463760704&auto=format&q=92&s=49a4070b7d5d48d4e55578a09a860c40",
    "med": "https://ksr-ugc.imgix.net/assets/012/428/758/1125000ae6369726f78e5a1ce715388b_original.png?w=266&h=150&fit=fill&bg=FFFFFF&v=1463760704&auto=format&q=92&s=c806ed12fb2bb5302432e75153d8538d",
    "small": "https://ksr-ugc.imgix.net/assets/012/428/758/1125000ae6369726f78e5a1ce715388b_original.png?w=160&h=90&fit=fill&bg=FFFFFF&v=1463760704&auto=format&q=92&s=7305a784d38c98566d54bb9950ee510c",
    "thumb": "https://ksr-ugc.imgix.net/assets/012/428/758/1125000ae6369726f78e5a1ce715388b_original.png?w=40&h=22&fit=fill&bg=FFFFFF&v=1463760704&auto=format&q=92&s=39769756567db764e953bd87d7f5682d"
  },
  "pledged": 3.0,
  "profile": {
    "background_color": null,
    "background_image_opacity": 0.8,
    "blurb": null,
    "feature_image_attributes": {
      "image_urls": {
        "baseball_card": "https://ksr-ugc.imgix.net/assets/012/428/758/1125000ae6369726f78e5a1ce715388b_original.png?w=1552&h=873&fit=fill&bg=FFFFFF&v=1463760704&auto=format&q=92&s=e2ef63f5842189b8716d749bad3b81dd",
        "default": "https://ksr-ugc.imgix.net/assets/012/428/758/1125000ae6369726f78e5a1ce715388b_original.png?w=1552&h=873&fit=fill&bg=FFFFFF&v=1463760704&auto=format&q=92&s=e2ef63f5842189b8716d749bad3b81dd"
      }
    },
    "id": 2468437,
    "link_background_color": null,
    "link_text": null,
    "link_text_color": null,
    "link_url": null,
    "name": null,
    "project_id": 2468437,
    "should_show_feature_image_section": true,
    "show_feature_image": false,
    "state": "inactive",
    "state_changed_at": 1460518061,
    "text_color": null
  },
  "slug": "hatch-0",
  "spotlight": false,
  "staff_pick": false,
  "state": "failed",
  "state_changed_at": 1463352913,
  "static_usd_rate": 1.0,
  "urls": {
    "web": {
      "project": "https://www.kickstarter.com/projects/699497788/hatch-0?ref=category_newest",
      "rewards": "https://www.kickstarter.com/projects/699497788/hatch-0/rewards"
    }
  },
  "usd_pledged": "3.0"
}