{
  "backers_count": 83,
  "blurb": "To design and make a very high quality retro Headphone Amp, using the warm sound of a Valve/Tube and high performance components.",
  "category": {
    "color": 6526716,
    "id": 339,
    "name": "Sound",
    "parent_id": 16,
    "position": 12,
    "slug": "technology/sound",
    "urls": {
      "web": {
        "discover": "http://www.kickstarter.com/discover/categories/technology/sound"
      }
    }
  },
  "country": "GB",
  "created_at": 1445369454,
  "creator": {
    "avatar": {
      "medium": "https://ksr-ugc.imgix.net/assets/010/459/332/7a2f2e0aad237e1430285c5da71835b1_original.jpg?w=160&h=160&fit=crop&v=1461691383&auto=format&q=92&s=acb06d906f65fa70dab23cec003856ef",
      "small": "https://ksr-ugc.imgix.net/assets/010/459/332/7a2f2e0aad237e1430285c5da71835b1_original.jpg?w=160&h=160&fit=crop&v=1461691383&auto=format&q=92&s=acb06d906f65fa70dab23cec003856ef",
      "thumb": "https://ksr-ugc.imgix.net/assets/010/459/332/7a2f2e0aad237e1430285c5da71835b1_original.jpg?w=40&h=40&fit=crop&v=1461691383&auto=format&q=92&s=3159351406b3afb972452058e2f3860c"
    },
    "id": 141080940,
    "name": "Richard Willmott",
    "urls": {
      "api": {
        "user": "https://api.kickstarter.com/v1/users/141080940?signature=1488680458.ace704a65f6318f7e68589ef77387e6646a1754a"
      },
      "web": {
        "user": "https://www.kickstarter.com/profile/141080940"
      }
    }
  },
  "currency": "GBP",
  "currency_symbol": "\u00a3",
  "currency_trailing_code": false,
  "deadline": 1448318580,
  "disable_communication": false,
  "goal": 1500.0,
  "id": 1042868792,
  "launched_at": 1445893780,
  "location": {
    "country": "GB",
    "displayable_name": "Wales, UK",
    "id": 38978,
    "is_root": false,
    "name": "Wales",
    "short_name": "Wales, UK",
    "slug": "wales-gb",
    "state": "England",
    "type": "Town",
    "urls": {
      "api": {
        "nearby_projects": "https://api.kickstarter.com/v1/discover?signature=1488668434.e8f67605257613ed3726d4bd3a01a87f03edb854&woe_id=38978"
      },
      "web": {
        "discover": "https://www.kickstarter.com/discover/places/wales-gb",
        "location": "https://www.kickstarter.com/locations/wales-gb"
      }
    }
  },
  "name": "Valve/Tube Hi-Fi Stereo Headphone Amplifier",
  "photo": {
    "1024x576": "https://ksr-ugc.imgix.net/assets/012/284/943/7a2f2e0aad237e1430285c5da71835b1_original.jpg?w=1024&h=576&fit=fill&bg=000000&v=1463750600&auto=format&q=92&s=55617af3ec7e1f88b7d2a3d694b9f7c8",
    "1536x864": "https://ksr-ugc.imgix.net/assets/012/284/943/7a2f2e0aad237e1430285c5da71835b1_original.jpg?w=1536&h=864&fit=fill&bg=000000&v=1463750600&auto=format&q=92&s=cd855e935273ad6077b8b7c6bb44d112",
    "ed": "https://ksr-ugc.imgix.net/assets/012/284/943/7a2f2e0aad237e1430285c5da71835b1_original.jpg?w=338&h=190&fit=fill&bg=000000&v=1463750600&auto=format&q=92&s=b9ebc61ead106cc9820ad04e20d792c1",
    "full": "https://ksr-ugc.imgix.net/assets/012/284/943/7a2f2e0aad237e1430285c5da71835b1_original.jpg?w=560&h=315&fit=fill&bg=000000&v=1463750600&auto=format&q=92&s=4411136b28132fc666d1b4c41355f4e4",
    "key": "assets/012/284/943/7a2f2e0aad237e1430285c5da71835b1_original.jpg",
    "little": "https://ksr-ugc.imgix.net/assets/012/284/943/7a2f2e0aad237e1430285c5da71835b1_original.jpg?w=200&h=112&fit=fill&bg=000000&v=1463750600&auto=format&q=92&s=49abecd67678c94402d6e7e309ae34b7",
    "med": "https://ksr-ugc.imgix.net/assets/012/284/943/7a2f2e0aad237e1430285c5da71835b1_original.jpg?w=266&h=150&fit=fill&bg=000000&v=1463750600&auto=format&q=92&s=cd0bf7533e139b2516a33eaebccf067f",
    "small": "https://ksr-ugc.imgix.net/assets/012/284/943/7a2f2e0aad237e1430285c5da71835b1_original.jpg?w=160&h=90&fit=fill&bg=000000&v=1463750600&auto=format&q=92&s=cbe0e5acf36ada1cbf3e07369b864473",
    "thumb": "https://ksr-ugc.imgix.net/assets/012/284/943/7a2f2e0aad237e1430285c5da71835b1_original.jpg?w=40&h=22&fit=fill&bg=000000&v=1463750600&auto=format&q=92&s=7c1e5418dad50241b1c7a77075c07033"
  },
  "pledged": 3257.0,
  "profile": {
    "background_color": null,
    "background_image_opacity": 0.8,
    "blurb": null,
    "feature_image_attributes": {
      "image_urls": {
        "baseball_card": "https://ksr-ugc.imgix.net/assets/012/284/943/7a2f2e0aad237e1430285c5da71835b1_original.jpg?w=1552&h=873&fit=fill&bg=000000&v=1463750600&auto=format&q=92&s=bb513ccf4836321886a57acd42564b10",
        "default": "https://ksr-ugc.imgix.net/assets/012/284/943/7a2f2e0aad237e1430285c5da71835b1_original.jpg?w=1552&h=873&fit=fill&bg=000000&v=1463750600&auto=format&q=92&s=bb513ccf4836321886a57acd42564b10"
      }
    },
    "id": 2184904,
    "link_background_color": null,
    "link_text": null,
    "link_text_color": null,
    "link_url": null,
    "name": null,
    "project_id": 2184904,
    "should_show_feature_image_section": true,
    "show_feature_image": false,
    "state": "inactive",
    "state_changed_at": 1445369454,
    "text_color": null
  },
  "slug": "valve-tube-hi-fi-stereo-headphone-amplifier",
  "spotlight": true,
  "staff_pick": false,
  "state": "successful",
  "state_changed_at": 1448318583,
  "static_usd_rate": 1.53133729,
  "urls": {
    "web": {
      "project": "https://www.kickstarter.com/projects/141080940/valve-tube-hi-fi-stereo-headphone-amplifier?ref=category_newest",
      "rewards": "https://www.kickstarter.com/projects/141080940/valve-tube-hi-fi-stereo-headphone-amplifier/rewards"
    }
  },
  "usd_pledged": "4987.56555353"
}