{
  "backers_count": 1,
  "blurb": "Trying to create a small job CNC plasma welding shop, your funds will buy you time on the cnc.",
  "category": {
    "color": 6526716,
    "id": 335,
    "name": "Fabrication Tools",
    "parent_id": 16,
    "position": 5,
    "slug": "technology/fabrication tools",
    "urls": {
      "web": {
        "discover": "http://www.kickstarter.com/discover/categories/technology/fabrication%20tools"
      }
    }
  },
  "country": "US",
  "created_at": 1422122940,
  "creator": {
    "avatar": {
      "medium": "https://ksr-ugc.imgix.net/assets/006/721/517/e93e345a6e9c0ba3c8e4c03948897fd3_original.jpg?w=160&h=160&fit=crop&v=1461406960&auto=format&q=92&s=3ec4c4db24ec79eb6c4b37e9e3eab2f7",
      "small": "https://ksr-ugc.imgix.net/assets/006/721/517/e93e345a6e9c0ba3c8e4c03948897fd3_original.jpg?w=160&h=160&fit=crop&v=1461406960&auto=format&q=92&s=3ec4c4db24ec79eb6c4b37e9e3eab2f7",
      "thumb": "https://ksr-ugc.imgix.net/assets/006/721/517/e93e345a6e9c0ba3c8e4c03948897fd3_original.jpg?w=40&h=40&fit=crop&v=1461406960&auto=format&q=92&s=eb7e4fc45f79507f6232beb729300637"
    },
    "id": 451354644,
    "name": "Brian Gunter MN Powdercoat",
    "urls": {
      "api": {
        "user": "https://api.kickstarter.com/v1/users/451354644?signature=1488679384.e296450e32097eb50b7dbf36b9e45fd726e289a8"
      },
      "web": {
        "user": "https://www.kickstarter.com/profile/451354644"
      }
    }
  },
  "currency": "USD",
  "currency_symbol": "$",
  "currency_trailing_code": true,
  "deadline": 1426715649,
  "disable_communication": false,
  "goal": 12000.0,
  "id": 1043936826,
  "launched_at": 1422917649,
  "location": {
    "country": "US",
    "displayable_name": "Marietta, MN",
    "id": 2445674,
    "is_root": false,
    "name": "Marietta",
    "short_name": "Marietta, MN",
    "slug": "marietta-mn",
    "state": "MN",
    "type": "Town",
    "urls": {
      "api": {
        "nearby_projects": "https://api.kickstarter.com/v1/discover?signature=1488670333.4669d5460637a6df9f5398ea02398d8163ab64a1&woe_id=2445674"
      },
      "web": {
        "discover": "https://www.kickstarter.com/discover/places/marietta-mn",
        "location": "https://www.kickstarter.com/locations/marietta-mn"
      }
    }
  },
  "name": "CNC Plasma cutter table help us to help others",
  "photo": {
    "1024x576": "https://ksr-ugc.imgix.net/assets/012/012/499/5ac25bebf08c1ebabebb66cabbb84c7e_original.jpg?w=1024&h=576&fit=fill&bg=000000&v=1463723980&auto=format&q=92&s=aae0176cd0aa065c2dc9eb05b1f8c8f5",
    "1536x864": "https://ksr-ugc.imgix.net/assets/012/012/499/5ac25bebf08c1ebabebb66cabbb84c7e_original.jpg?w=1536&h=864&fit=fill&bg=000000&v=1463723980&auto=format&q=92&s=7bac72fc3345f1385f21e56c67bd8552",
    "ed": "https://ksr-ugc.imgix.net/assets/012/012/499/5ac25bebf08c1ebabebb66cabbb84c7e_original.jpg?w=338&h=190&fit=fill&bg=000000&v=1463723980&auto=format&q=92&s=d73510a3ab524cc4acc6a57f0547a4fb",
    "full": "https://ksr-ugc.imgix.net/assets/012/012/499/5ac25bebf08c1ebabebb66cabbb84c7e_original.jpg?w=560&h=315&fit=fill&bg=000000&v=1463723980&auto=format&q=92&s=64ba556dbefaf5aee1174056658f258c",
    "key": "assets/012/012/499/5ac25bebf08c1ebabebb66cabbb84c7e_original.jpg",
    "little": "https://ksr-ugc.imgix.net/assets/012/012/499/5ac25bebf08c1ebabebb66cabbb84c7e_original.jpg?w=200&h=112&fit=fill&bg=000000&v=1463723980&auto=format&q=92&s=97d828b0bc578b05a83111544f14a1ea",
    "med": "https://ksr-ugc.imgix.net/assets/012/012/499/5ac25bebf08c1ebabebb66cabbb84c7e_original.jpg?w=266&h=150&fit=fill&bg=000000&v=1463723980&auto=format&q=92&s=3a25615b93e7e044556ce8eb71655a5a",
    "small": "https://ksr-ugc.imgix.net/assets/012/012/499/5ac25bebf08c1ebabebb66cabbb84c7e_original.jpg?w=160&h=90&fit=fill&bg=000000&v=1463723980&auto=format&q=92&s=bd2b78adb9f13e3beeeeb036e382f1bf",
    "thumb": "https://ksr-ugc.imgix.net/assets/012/012/499/5ac25bebf08c1ebabebb66cabbb84c7e_original.jpg?w=40&h=22&fit=fill&bg=000000&v=1463723980&auto=format&q=92&s=8d4b9cb3cdb6909f309ca621d91b3402"
  },
  "pledged": 1.0,
  "profile": {
    "background_color": null,
    "background_image_opacity": 0.8,
    "blurb": null,
    "feature_image_attributes": {
      "image_urls": {
        "baseball_card": "https://ksr-ugc.imgix.net/assets/012/012/499/5ac25bebf08c1ebabebb66cabbb84c7e_original.jpg?w=1552&h=873&fit=fill&bg=000000&v=1463723980&auto=format&q=92&s=294a4170ed234230b0012f832876ea94",
        "default": "https://ksr-ugc.imgix.net/assets/012/012/499/5ac25bebf08c1ebabebb66cabbb84c7e_original.jpg?w=1552&h=873&fit=fill&bg=000000&v=1463723980&auto=format&q=92&s=294a4170ed234230b0012f832876ea94"
      }
    },
    "id": 1655829,
    "link_background_color": null,
    "link_text": null,
    "link_text_color": null,
    "link_url": null,
    "name": null,
    "project_id": 1655829,
    "should_show_feature_image_section": true,
    "show_feature_image": false,
    "state": "inactive",
    "state_changed_at": 1425915891,
    "text_color": null
  },
  "slug": "cnc-plasma-cutter-table-help-us-to-help-others",
  "spotlight": false,
  "staff_pick": false,
  "state": "failed",
  "state_changed_at": 1426715650,
  "static_usd_rate": 1.0,
  "urls": {
    "web": {
      "project": "https://www.kickstarter.com/projects/451354644/cnc-plasma-cutter-table-help-us-to-help-others?ref=category_newest",
      "rewards": "https://www.kickstarter.com/projects/451354644/cnc-plasma-cutter-table-help-us-to-help-others/rewards"
    }
  },
  "usd_pledged": "1.0"
}