{
  "backers_count": 3,
  "blurb": "Looking for space to launch your business? Spec & Mortar offers real estate at a much lower cost threw a shared economy platform",
  "category": {
    "color": 6526716,
    "id": 342,
    "name": "Web",
    "parent_id": 16,
    "position": 15,
    "slug": "technology/web",
    "urls": {
      "web": {
        "discover": "http://www.kickstarter.com/discover/categories/technology/web"
      }
    }
  },
  "country": "US",
  "created_at": 1431990517,
  "creator": {
    "avatar": {
      "medium": "https://ksr-ugc.imgix.net/assets/009/924/740/2e6a118bf10f10f3a5467fe33dfcb023_original.jpg?w=160&h=160&fit=crop&v=1461653002&auto=format&q=92&s=29f908702544079bcee9af576f901293",
      "small": "https://ksr-ugc.imgix.net/assets/009/924/740/2e6a118bf10f10f3a5467fe33dfcb023_original.jpg?w=160&h=160&fit=crop&v=1461653002&auto=format&q=92&s=29f908702544079bcee9af576f901293",
      "thumb": "https://ksr-ugc.imgix.net/assets/009/924/740/2e6a118bf10f10f3a5467fe33dfcb023_original.jpg?w=40&h=40&fit=crop&v=1461653002&auto=format&q=92&s=4d7e8a2c9d18679513e07693ce7640ab"
    },
    "id": 927140673,
    "name": "Vince Natale",
    "slug": "specandmortar",
    "urls": {
      "api": {
        "user": "https://api.kickstarter.com/v1/users/927140673?signature=1488680839.0b9d8e447efd23e0749034ac6eefffba3b35d509"
      },
      "web": {
        "user": "https://www.kickstarter.com/profile/specandmortar"
      }
    }
  },
  "currency": "USD",
  "currency_symbol": "$",
  "currency_trailing_code": true,
  "deadline": 1438487940,
  "disable_communication": false,
  "goal": 2500.0,
  "id": 1043438389,
  "launched_at": 1434396086,
  "location": {
    "country": "US",
    "displayable_name": "Washington, DC",
    "id": 2514815,
    "is_root": false,
    "name": "Washington",
    "short_name": "Washington, DC",
    "slug": "washington-dc",
    "state": "DC",
    "type": "Town",
    "urls": {
      "api": {
        "nearby_projects": "https://api.kickstarter.com/v1/discover?signature=1488668420.21ef010b8295b00578f0dc7a9bd653a2955b3766&woe_id=2514815"
      },
      "web": {
        "discover": "https://www.kickstarter.com/discover/places/washington-dc",
        "location": "https://www.kickstarter.com/locations/washington-dc"
      }
    }
  },
  "name": "Spec & Mortar: Commercial Real Estate Sharing",
  "photo": {
    "1024x576": "https://ksr-ugc.imgix.net/assets/012/142/205/875ddd9d91ddcb111ef3031d1250848a_original.jpg?w=1024&h=576&fit=fill&bg=000000&v=1463738410&auto=format&q=92&s=a7f47c85993ed6c43ae6205e807fdf86",
    "1536x864": "https://ksr-ugc.imgix.net/assets/012/142/205/875ddd9d91ddcb111ef3031d1250848a_original.jpg?w=1536&h=864&fit=fill&bg=000000&v=1463738410&auto=format&q=92&s=a6e50da064905ce84e374fac48facbf1",
    "ed": "https://ksr-ugc.imgix.net/assets/012/142/205/875ddd9d91ddcb111ef3031d1250848a_original.jpg?w=338&h=190&fit=fill&bg=000000&v=1463738410&auto=format&q=92&s=a31a3b26c51b2fedaa5a61110986a1a4",
    "full": "https://ksr-ugc.imgix.net/assets/012/142/205/875ddd9d91ddcb111ef3031d1250848a_original.jpg?w=560&h=315&fit=fill&bg=000000&v=1463738410&auto=format&q=92&s=9627ed88fe2ffb93b4e9e4e4bbd405a5",
    "key": "assets/012/142/205/875ddd9d91ddcb111ef3031d1250848a_original.jpg",
    "little": "https://ksr-ugc.imgix.net/assets/012/142/205/875ddd9d91ddcb111ef3031d1250848a_original.jpg?w=200&h=112&fit=fill&bg=000000&v=1463738410&auto=format&q=92&s=ebf8dd22eb66a411df90385a319bae94",
    "med": "https://ksr-ugc.imgix.net/assets/012/142/205/875ddd9d91ddcb111ef3031d1250848a_original.jpg?w=266&h=150&fit=fill&bg=000000&v=1463738410&auto=format&q=92&s=4ff50a32b174dd16d0c1c36d41ba6c03",
    "small": "https://ksr-ugc.imgix.net/assets/012/142/205/875ddd9d91ddcb111ef3031d1250848a_original.jpg?w=160&h=90&fit=fill&bg=000000&v=1463738410&auto=format&q=92&s=d3a59573e066a59b85b10f33657d0e59",
    "thumb": "https://ksr-ugc.imgix.net/assets/012/142/205/875ddd9d91ddcb111ef3031d1250848a_original.jpg?w=40&h=22&fit=fill&bg=000000&v=1463738410&auto=format&q=92&s=b940e3355c4afaa3f4a8a6e13a016ee2"
  },
  "pledged": 45.0,
  "profile": {
    "background_color": null,
    "background_image_opacity": 0.8,
    "blurb": null,
    "feature_image_attributes": {
      "image_urls": {
        "baseball_card": "https://ksr-ugc.imgix.net/assets/012/142/205/875ddd9d91ddcb111ef3031d1250848a_original.jpg?w=1552&h=873&fit=fill&bg=000000&v=1463738410&auto=format&q=92&s=e3dbba0c0d8812341441e1377482bff6",
        "default": "https://ksr-ugc.imgix.net/assets/012/142/205/875ddd9d91ddcb111ef3031d1250848a_original.jpg?w=1552&h=873&fit=fill&bg=000000&v=1463738410&auto=format&q=92&s=e3dbba0c0d8812341441e1377482bff6"
      }
    },
    "id": 1907787,
    "link_background_color": null,
    "link_text": null,
    "link_text_color": null,
    "link_url": null,
    "name": null,
    "project_id": 1907787,
    "should_show_feature_image_section": true,
    "show_feature_image": false,
    "state": "inactive",
    "state_changed_at": 1431990517,
    "text_color": null
  },
  "slug": "spec-and-mortar-commercial-real-estate-sharing",
  "spotlight": false,
  "staff_pick": false,
  "state": "failed",
  "state_changed_at": 1438487941,
  "static_usd_rate": 1.0,
  "urls": {
    "web": {
      "project": "https://www.kickstarter.com/projects/specandmortar/spec-and-mortar-commercial-real-estate-sharing?ref=category_newest",
      "rewards": "https://www.kickstarter.com/projects/specandmortar/spec-and-mortar-commercial-real-estate-sharing/rewards"
    }
  },
  "usd_pledged": "45.0"
}