{
  "backers_count": 224,
  "blurb": "ORA Smart Glasses : More Advanced than Google Glass at a Fraction of the Price !",
  "category": {
    "color": 6526716,
    "id": 341,
    "name": "Wearables",
    "parent_id": 16,
    "position": 14,
    "slug": "technology/wearables",
    "urls": {
      "web": {
        "discover": "http://www.kickstarter.com/discover/categories/technology/wearables"
      }
    }
  },
  "country": "US",
  "created_at": 1399036448,
  "creator": {
    "avatar": {
      "medium": "https://ksr-ugc.imgix.net/assets/008/411/166/07ee18a6e0576cdae5b267b2899ca65b_original.png?w=160&h=160&fit=crop&v=1461522478&auto=format&q=92&s=b8b38ec924c22008fb28ed61ac4fbbd3",
      "small": "https://ksr-ugc.imgix.net/assets/008/411/166/07ee18a6e0576cdae5b267b2899ca65b_original.png?w=160&h=160&fit=crop&v=1461522478&auto=format&q=92&s=b8b38ec924c22008fb28ed61ac4fbbd3",
      "thumb": "https://ksr-ugc.imgix.net/assets/008/411/166/07ee18a6e0576cdae5b267b2899ca65b_original.png?w=40&h=40&fit=crop&v=1461522478&auto=format&q=92&s=766342bd73286985d8bf0dd4fe0702d8"
    },
    "id": 604019269,
    "name": "Optinvent",
    "slug": "optinvent-ora1",
    "urls": {
      "api": {
        "user": "https://api.kickstarter.com/v1/users/604019269?signature=1488680542.48a85fbf5b4beff864bec5bc8977ee90030df812"
      },
      "web": {
        "user": "https://www.kickstarter.com/profile/optinvent-ora1"
      }
    }
  },
  "currency": "USD",
  "currency_symbol": "$",
  "currency_trailing_code": true,
  "deadline": 1414486778,
  "disable_communication": false,
  "goal": 100000.0,
  "id": 1043385803,
  "launched_at": 1409302778,
  "location": {
    "country": "US",
    "displayable_name": "Monte Sereno, Thousand Oaks, CA",
    "id": 55862210,
    "is_root": false,
    "name": "Monte Sereno",
    "short_name": "Monte Sereno, CA",
    "slug": "monte-sereno-thousand-oaks-ca",
    "state": "CA",
    "type": "Suburb",
    "urls": {
      "api": {
        "nearby_projects": "https://api.kickstarter.com/v1/discover?signature=1488668663.a444bd70e15f542f0075989ff5385ade0f817027&woe_id=55862210"
      },
      "web": {
        "discover": "https://www.kickstarter.com/discover/places/monte-sereno-thousand-oaks-ca",
        "location": "https://www.kickstarter.com/locations/monte-sereno-thousand-oaks-ca"
      }
    }
  },
  "name": "ORA Smart Glass",
  "photo": {
    "1024x576": "https://ksr-ugc.imgix.net/assets/011/697/355/c3f97e4c1230e8dccd399070c4619735_original.jpg?w=1024&h=576&fit=fill&bg=000000&v=1463686934&auto=format&q=92&s=6570c9325c4f7969035af67f65be3859",
    "1536x864": "https://ksr-ugc.imgix.net/assets/011/697/355/c3f97e4c1230e8dccd399070c4619735_original.jpg?w=1536&h=864&fit=fill&bg=000000&v=1463686934&auto=format&q=92&s=63d94691445b71ad2f84545494f053e9",
    "ed": "https://ksr-ugc.imgix.net/assets/011/697/355/c3f97e4c1230e8dccd399070c4619735_original.jpg?w=338&h=190&fit=fill&bg=000000&v=1463686934&auto=format&q=92&s=a54296987143c4cab0ba409ba8500d5c",
    "full": "https://ksr-ugc.imgix.net/assets/011/697/355/c3f97e4c1230e8dccd399070c4619735_original.jpg?w=560&h=315&fit=fill&bg=000000&v=1463686934&auto=format&q=92&s=0e9a79a8b723731a5a682eb713c17d92",
    "key": "assets/011/697/355/c3f97e4c1230e8dccd399070c4619735_original.jpg",
    "little": "https://ksr-ugc.imgix.net/assets/011/697/355/c3f97e4c1230e8dccd399070c4619735_original.jpg?w=200&h=112&fit=fill&bg=000000&v=1463686934&auto=format&q=92&s=c54e2413b9d72272116025cfef67e095",
    "med": "https://ksr-ugc.imgix.net/assets/011/697/355/c3f97e4c1230e8dccd399070c4619735_original.jpg?w=266&h=150&fit=fill&bg=000000&v=1463686934&auto=format&q=92&s=53485c1e82377021e632706bc1bf6fec",
    "small": "https://ksr-ugc.imgix.net/assets/011/697/355/c3f97e4c1230e8dccd399070c4619735_original.jpg?w=160&h=90&fit=fill&bg=000000&v=1463686934&auto=format&q=92&s=03a79ba0029bce919c4f10151580dee0",
    "thumb": "https://ksr-ugc.imgix.net/assets/011/697/355/c3f97e4c1230e8dccd399070c4619735_original.jpg?w=40&h=22&fit=fill&bg=000000&v=1463686934&auto=format&q=92&s=2e7bb828a210525f8ca5244f5029cebf"
  },
  "pledged": 104656.0,
  "profile": {
    "background_color": "",
    "background_image_opacity": 0.8,
    "blurb": "Optinvent ORA-1 Smart Glass : More advanced than Google Glass at a fraction of the price!",
    "feature_image_attributes": {
      "image_urls": {
        "baseball_card": "https://ksr-ugc.imgix.net/assets/011/697/355/c3f97e4c1230e8dccd399070c4619735_original.jpg?w=1552&h=873&fit=fill&bg=000000&v=1463686934&auto=format&q=92&s=ae0670ec27c8d5219ac20e7e1b3291b3",
        "default": "https://ksr-ugc.imgix.net/assets/011/697/355/c3f97e4c1230e8dccd399070c4619735_original.jpg?w=1552&h=873&fit=fill&bg=000000&v=1463686934&auto=format&q=92&s=ae0670ec27c8d5219ac20e7e1b3291b3"
      }
    },
    "id": 1004367,
    "link_background_color": "",
    "link_text": "Follow along!",
    "link_text_color": "",
    "link_url": "",
    "name": "ORA-1 Smart Glass",
    "project_id": 1004367,
    "should_show_feature_image_section": true,
    "show_feature_image": false,
    "state": "active",
    "state_changed_at": 1441894207,
    "text_color": ""
  },
  "slug": "ora-1-smart-glasses-developer-version",
  "spotlight": true,
  "staff_pick": false,
  "state": "successful",
  "state_changed_at": 1414486810,
  "static_usd_rate": 1.0,
  "urls": {
    "web": {
      "project": "https://www.kickstarter.com/projects/optinvent-ora1/ora-1-smart-glasses-developer-version?ref=category_newest",
      "rewards": "https://www.kickstarter.com/projects/optinvent-ora1/ora-1-smart-glasses-developer-version/rewards"
    }
  },
  "usd_pledged": "104656.0"
}