{
  "backers_count": 7,
  "blurb": "Spotify has changed the way we consume music by making it so we purchase easy access rather than songs.  I'll do the same for books.",
  "category": {
    "color": 6526716,
    "id": 51,
    "name": "Software",
    "parent_id": 16,
    "position": 11,
    "slug": "technology/software",
    "urls": {
      "web": {
        "discover": "http://www.kickstarter.com/discover/categories/technology/software"
      }
    }
  },
  "country": "US",
  "created_at": 1386798976,
  "creator": {
    "avatar": {
      "medium": "https://ksr-ugc.imgix.net/assets/008/240/392/95df497129654335d2fac55d6d012ffc_original.jpg?w=160&h=160&fit=crop&v=1461511985&auto=format&q=92&s=ee9a5a0519cb471086707dd853abf052",
      "small": "https://ksr-ugc.imgix.net/assets/008/240/392/95df497129654335d2fac55d6d012ffc_original.jpg?w=160&h=160&fit=crop&v=1461511985&auto=format&q=92&s=ee9a5a0519cb471086707dd853abf052",
      "thumb": "https://ksr-ugc.imgix.net/assets/008/240/392/95df497129654335d2fac55d6d012ffc_original.jpg?w=40&h=40&fit=crop&v=1461511985&auto=format&q=92&s=35b1fa4158fde363d7ad77a5b7f061eb"
    },
    "id": 1690823649,
    "name": "David Binnion",
    "urls": {
      "api": {
        "user": "https://api.kickstarter.com/v1/users/1690823649?signature=1488680241.43b2bdde7ad5568ffa2828cb3e07748418b838a8"
      },
      "web": {
        "user": "https://www.kickstarter.com/profile/1690823649"
      }
    }
  },
  "currency": "USD",
  "currency_symbol": "$",
  "currency_trailing_code": true,
  "deadline": 1393003362,
  "disable_communication": false,
  "goal": 3330.0,
  "id": 1043780290,
  "launched_at": 1390411362,
  "location": {
    "country": "US",
    "displayable_name": "Norcross, GA",
    "id": 2460356,
    "is_root": false,
    "name": "Norcross",
    "short_name": "Norcross, GA",
    "slug": "norcross-ga",
    "state": "GA",
    "type": "Town",
    "urls": {
      "api": {
        "nearby_projects": "https://api.kickstarter.com/v1/discover?signature=1488668617.db936d730d2acc53c3dcef299b7e6565b86c8fd1&woe_id=2460356"
      },
      "web": {
        "discover": "https://www.kickstarter.com/discover/places/norcross-ga",
        "location": "https://www.kickstarter.com/locations/norcross-ga"
      }
    }
  },
  "name": "Book Demon (Spotify for books)",
  "photo": {
    "1024x576": "https://ksr-ugc.imgix.net/assets/011/621/262/01989fcafad5b1314af3fd4e076d0233_original.png?w=1024&h=576&fit=fill&bg=000000&v=1463685552&auto=format&q=92&s=b8b2942fa1a6b5f1cb7fde8ec24cb28d",
    "1536x864": "https://ksr-ugc.imgix.net/assets/011/621/262/01989fcafad5b1314af3fd4e076d0233_original.png?w=1536&h=864&fit=fill&bg=000000&v=1463685552&auto=format&q=92&s=f74b3c93b62316a3d31466bccca4b6c1",
    "ed": "https://ksr-ugc.imgix.net/assets/011/621/262/01989fcafad5b1314af3fd4e076d0233_original.png?w=338&h=190&fit=fill&bg=000000&v=1463685552&auto=format&q=92&s=33a2612b29a8981d1b4750188a0ac908",
    "full": "https://ksr-ugc.imgix.net/assets/011/621/262/01989fcafad5b1314af3fd4e076d0233_original.png?w=560&h=315&fit=fill&bg=000000&v=1463685552&auto=format&q=92&s=3bc7705e7e951ff1aeab7933e8391934",
    "key": "assets/011/621/262/01989fcafad5b1314af3fd4e076d0233_original.png",
    "little": "https://ksr-ugc.imgix.net/assets/011/621/262/01989fcafad5b1314af3fd4e076d0233_original.png?w=200&h=112&fit=fill&bg=000000&v=1463685552&auto=format&q=92&s=970b54261f1ea19a6165741ef0533b21",
    "med": "https://ksr-ugc.imgix.net/assets/011/621/262/01989fcafad5b1314af3fd4e076d0233_original.png?w=266&h=150&fit=fill&bg=000000&v=1463685552&auto=format&q=92&s=7505247304d38fea256fdeb5d49150d2",
    "small": "https://ksr-ugc.imgix.net/assets/011/621/262/01989fcafad5b1314af3fd4e076d0233_original.png?w=160&h=90&fit=fill&bg=000000&v=1463685552&auto=format&q=92&s=c98f1a1e3c8ff1159b5310e09d71d7b1",
    "thumb": "https://ksr-ugc.imgix.net/assets/011/621/262/01989fcafad5b1314af3fd4e076d0233_original.png?w=40&h=22&fit=fill&bg=000000&v=1463685552&auto=format&q=92&s=f270d74bd4cc00cd5c3c218040458294"
  },
  "pledged": 90.0,
  "profile": {
    "background_color": null,
    "background_image_opacity": 0.8,
    "blurb": null,
    "feature_image_attributes": {
      "image_urls": {
        "baseball_card": "https://ksr-ugc.imgix.net/assets/011/621/262/01989fcafad5b1314af3fd4e076d0233_original.png?w=1552&h=873&fit=fill&bg=000000&v=1463685552&auto=format&q=92&s=2643a07d3f6defc380a567701e18e0b8",
        "default": "https://ksr-ugc.imgix.net/assets/011/621/262/01989fcafad5b1314af3fd4e076d0233_original.png?w=1552&h=873&fit=fill&bg=000000&v=1463685552&auto=format&q=92&s=2643a07d3f6defc380a567701e18e0b8"
      }
    },
    "id": 811433,
    "link_background_color": null,
    "link_text": null,
    "link_text_color": null,
    "link_url": null,
    "name": null,
    "project_id": 811433,
    "should_show_feature_image_section": true,
    "show_feature_image": false,
    "state": "inactive",
    "state_changed_at": 1425915844,
    "text_color": null
  },
  "slug": "book-demon-spotify-for-books",
  "spotlight": false,
  "staff_pick": false,
  "state": "failed",
  "state_changed_at": 1393003365,
  "static_usd_rate": 1.0,
  "urls": {
    "web": {
      "project": "https://www.kickstarter.com/projects/1690823649/book-demon-spotify-for-books?ref=category_newest",
      "rewards": "https://www.kickstarter.com/projects/1690823649/book-demon-spotify-for-books/rewards"
    }
  },
  "usd_pledged": "90.0"
}