{
  "backers_count": 0,
  "blurb": "BarProwl.com is a nightlife based website for university students to find local bar and drink specials, to save them money.",
  "category": {
    "color": 6526716,
    "id": 342,
    "name": "Web",
    "parent_id": 16,
    "position": 15,
    "slug": "technology/web",
    "urls": {
      "web": {
        "discover": "http://www.kickstarter.com/discover/categories/technology/web"
      }
    }
  },
  "country": "US",
  "created_at": 1409256995,
  "creator": {
    "avatar": {
      "medium": "https://ksr-ugc.imgix.net/assets/009/240/307/7928e35ec17e978970f44424c659a8ec_original.JPG?w=160&h=160&fit=crop&v=1461567110&auto=format&q=92&s=a5d403890279c50eefd012b6455229a7",
      "small": "https://ksr-ugc.imgix.net/assets/009/240/307/7928e35ec17e978970f44424c659a8ec_original.JPG?w=160&h=160&fit=crop&v=1461567110&auto=format&q=92&s=a5d403890279c50eefd012b6455229a7",
      "thumb": "https://ksr-ugc.imgix.net/assets/009/240/307/7928e35ec17e978970f44424c659a8ec_original.JPG?w=40&h=40&fit=crop&v=1461567110&auto=format&q=92&s=2c3eb008fb8a15d1c79020ca6ff062d8"
    },
    "id": 960960626,
    "name": "Brandon S.",
    "urls": {
      "api": {
        "user": "https://api.kickstarter.com/v1/users/960960626?signature=1488680723.621ff09c04d7b802ebc6fb7e9e1d422e8569b401"
      },
      "web": {
        "user": "https://www.kickstarter.com/profile/960960626"
      }
    }
  },
  "currency": "USD",
  "currency_symbol": "$",
  "currency_trailing_code": true,
  "deadline": 1411929282,
  "disable_communication": false,
  "goal": 10000.0,
  "id": 1043196374,
  "launched_at": 1409337282,
  "location": {
    "country": "US",
    "displayable_name": "Baton Rouge, LA",
    "id": 2359991,
    "is_root": false,
    "name": "Baton Rouge",
    "short_name": "Baton Rouge, LA",
    "slug": "baton-rouge-la",
    "state": "LA",
    "type": "Town",
    "urls": {
      "api": {
        "nearby_projects": "https://api.kickstarter.com/v1/discover?signature=1488668435.c8d1aa3f7603992fbfbd5113588d53db98c04435&woe_id=2359991"
      },
      "web": {
        "discover": "https://www.kickstarter.com/discover/places/baton-rouge-la",
        "location": "https://www.kickstarter.com/locations/baton-rouge-la"
      }
    }
  },
  "name": "BarProwl",
  "photo": {
    "1024x576": "https://ksr-ugc.imgix.net/assets/011/852/057/1d288e7f564e3d2183642c46bb4503f1_original.jpg?w=1024&h=576&fit=fill&bg=000000&v=1463704107&auto=format&q=92&s=061748a7f7202ea82f5f217c73dd8fa1",
    "1536x864": "https://ksr-ugc.imgix.net/assets/011/852/057/1d288e7f564e3d2183642c46bb4503f1_original.jpg?w=1536&h=864&fit=fill&bg=000000&v=1463704107&auto=format&q=92&s=dcc70c307a2503906550698cbfd69a63",
    "ed": "https://ksr-ugc.imgix.net/assets/011/852/057/1d288e7f564e3d2183642c46bb4503f1_original.jpg?w=338&h=190&fit=fill&bg=000000&v=1463704107&auto=format&q=92&s=7e1f3ef7c6a5b394ebc92c7dbf26d28c",
    "full": "https://ksr-ugc.imgix.net/assets/011/852/057/1d288e7f564e3d2183642c46bb4503f1_original.jpg?w=560&h=315&fit=fill&bg=000000&v=1463704107&auto=format&q=92&s=0ab0b67b4051e95a94240ddf6ce678ee",
    "key": "assets/011/852/057/1d288e7f564e3d2183642c46bb4503f1_original.jpg",
    "little": "https://ksr-ugc.imgix.net/assets/011/852/057/1d288e7f564e3d2183642c46bb4503f1_original.jpg?w=200&h=112&fit=fill&bg=000000&v=1463704107&auto=format&q=92&s=399ce65b1282f35f122270b7e11604bd",
    "med": "https://ksr-ugc.imgix.net/assets/011/852/057/1d288e7f564e3d2183642c46bb4503f1_original.jpg?w=266&h=150&fit=fill&bg=000000&v=1463704107&auto=format&q=92&s=ac1bef7a1b656293834a0d3c1cceead8",
    "small": "https://ksr-ugc.imgix.net/assets/011/852/057/1d288e7f564e3d2183642c46bb4503f1_original.jpg?w=160&h=90&fit=fill&bg=000000&v=1463704107&auto=format&q=92&s=22d4fd78ba0c09d01b7b2100a0f4cf66",
    "thumb": "https://ksr-ugc.imgix.net/assets/011/852/057/1d288e7f564e3d2183642c46bb4503f1_original.jpg?w=40&h=22&fit=fill&bg=000000&v=1463704107&auto=format&q=92&s=6b6b06f5224845ba3877e4a8f8440de5"
  },
  "pledged": 0.0,
  "profile": {
    "background_color": null,
    "background_image_opacity": 0.8,
    "blurb": null,
    "feature_image_attributes": {
      "image_urls": {
        "baseball_card": "https://ksr-ugc.imgix.net/assets/011/852/057/1d288e7f564e3d2183642c46bb4503f1_original.jpg?w=1552&h=873&fit=fill&bg=000000&v=1463704107&auto=format&q=92&s=dd374045fa3eb20604c50c0c7489cd87",
        "default": "https://ksr-ugc.imgix.net/assets/011/852/057/1d288e7f564e3d2183642c46bb4503f1_original.jpg?w=1552&h=873&fit=fill&bg=000000&v=1463704107&auto=format&q=92&s=dd374045fa3eb20604c50c0c7489cd87"
      }
    },
    "id": 1323681,
    "link_background_color": null,
    "link_text": null,
    "link_text_color": null,
    "link_url": null,
    "name": null,
    "project_id": 1323681,
    "should_show_feature_image_section": true,
    "show_feature_image": false,
    "state": "inactive",
    "state_changed_at": 1425915873,
    "text_color": null
  },
  "slug": "barprowl",
  "spotlight": false,
  "staff_pick": false,
  "state": "failed",
  "state_changed_at": 1411929284,
  "static_usd_rate": 1.0,
  "urls": {
    "web": {
      "project": "https://www.kickstarter.com/projects/960960626/barprowl?ref=category_newest",
      "rewards": "https://www.kickstarter.com/projects/960960626/barprowl/rewards"
    }
  },
  "usd_pledged": "0.0"
}