{
  "backers_count": 1,
  "blurb": "ZipDo will bridge the gap between retailers and consumers in a very unique way. Consumers will be rewarded for using our free services.",
  "category": {
    "color": 6526716,
    "id": 342,
    "name": "Web",
    "parent_id": 16,
    "position": 15,
    "slug": "technology/web",
    "urls": {
      "web": {
        "discover": "http://www.kickstarter.com/discover/categories/technology/web"
      }
    }
  },
  "country": "US",
  "created_at": 1404839817,
  "creator": {
    "avatar": {
      "medium": "https://ksr-ugc.imgix.net/assets/008/975/652/4e5bb6ca20c6a05e3fa0b2853350c55a_original.jpeg?w=160&h=160&fit=crop&v=1461552279&auto=format&q=92&s=3fdb8a301ce5b0054ef8d96b793980cd",
      "small": "https://ksr-ugc.imgix.net/assets/008/975/652/4e5bb6ca20c6a05e3fa0b2853350c55a_original.jpeg?w=160&h=160&fit=crop&v=1461552279&auto=format&q=92&s=3fdb8a301ce5b0054ef8d96b793980cd",
      "thumb": "https://ksr-ugc.imgix.net/assets/008/975/652/4e5bb6ca20c6a05e3fa0b2853350c55a_original.jpeg?w=40&h=40&fit=crop&v=1461552279&auto=format&q=92&s=306ad8135be4bad508f06b1d049d5601"
    },
    "id": 521904563,
    "name": "Tom LoBianco",
    "urls": {
      "api": {
        "user": "https://api.kickstarter.com/v1/users/521904563?signature=1488680698.37c2a57c357ba19b43d0ee36decc932237eba29d"
      },
      "web": {
        "user": "https://www.kickstarter.com/profile/521904563"
      }
    }
  },
  "currency": "USD",
  "currency_symbol": "$",
  "currency_trailing_code": true,
  "deadline": 1408161540,
  "disable_communication": false,
  "goal": 35750.0,
  "id": 1043796,
  "launched_at": 1405194049,
  "location": {
    "country": "US",
    "displayable_name": "Newport News, VA",
    "id": 2459618,
    "is_root": false,
    "name": "Newport News",
    "short_name": "Newport News, VA",
    "slug": "newport-news-va",
    "state": "VA",
    "type": "Town",
    "urls": {
      "api": {
        "nearby_projects": "https://api.kickstarter.com/v1/discover?signature=1488668466.f2be7e926c40594d4915cc4f62d6be7d76b650fc&woe_id=2459618"
      },
      "web": {
        "discover": "https://www.kickstarter.com/discover/places/newport-news-va",
        "location": "https://www.kickstarter.com/locations/newport-news-va"
      }
    }
  },
  "name": "ZipDo",
  "photo": {
    "1024x576": "https://ksr-ugc.imgix.net/assets/011/753/174/09759072aecc2860307544beeaae5dc1_original.jpg?w=1024&h=576&fit=fill&bg=000000&v=1463690057&auto=format&q=92&s=0b7a77f91af40830ed222062318d4687",
    "1536x864": "https://ksr-ugc.imgix.net/assets/011/753/174/09759072aecc2860307544beeaae5dc1_original.jpg?w=1536&h=864&fit=fill&bg=000000&v=1463690057&auto=format&q=92&s=72dec14e3ec984c83c8df5ef6e7f5869",
    "ed": "https://ksr-ugc.imgix.net/assets/011/753/174/09759072aecc2860307544beeaae5dc1_original.jpg?w=338&h=190&fit=fill&bg=000000&v=1463690057&auto=format&q=92&s=7bb9b5c6a2bfaa33c4a70f21596944fd",
    "full": "https://ksr-ugc.imgix.net/assets/011/753/174/09759072aecc2860307544beeaae5dc1_original.jpg?w=560&h=315&fit=fill&bg=000000&v=1463690057&auto=format&q=92&s=bcaa213ba40dea24820334e37599cb98",
    "key": "assets/011/753/174/09759072aecc2860307544beeaae5dc1_original.jpg",
    "little": "https://ksr-ugc.imgix.net/assets/011/753/174/09759072aecc2860307544beeaae5dc1_original.jpg?w=200&h=112&fit=fill&bg=000000&v=1463690057&auto=format&q=92&s=d50957662a2a73cedb873d058bfa7653",
    "med": "https://ksr-ugc.imgix.net/assets/011/753/174/09759072aecc2860307544beeaae5dc1_original.jpg?w=266&h=150&fit=fill&bg=000000&v=1463690057&auto=format&q=92&s=ff9bd9f059b5b2dc4e23f3ddd2938d6a",
    "small": "https://ksr-ugc.imgix.net/assets/011/753/174/09759072aecc2860307544beeaae5dc1_original.jpg?w=160&h=90&fit=fill&bg=000000&v=1463690057&auto=format&q=92&s=824e0594c8f875e07be7929b5608732e",
    "thumb": "https://ksr-ugc.imgix.net/assets/011/753/174/09759072aecc2860307544beeaae5dc1_original.jpg?w=40&h=22&fit=fill&bg=000000&v=1463690057&auto=format&q=92&s=ba98716a35c7e798393142bc30fd58f6"
  },
  "pledged": 1.0,
  "profile": {
    "background_color": null,
    "background_image_opacity": 0.8,
    "blurb": null,
    "feature_image_attributes": {
      "image_urls": {
        "baseball_card": "https://ksr-ugc.imgix.net/assets/011/753/174/09759072aecc2860307544beeaae5dc1_original.jpg?w=1552&h=873&fit=fill&bg=000000&v=1463690057&auto=format&q=92&s=d771966f41ba3c9bf333bf93d6a0855b",
        "default": "https://ksr-ugc.imgix.net/assets/011/753/174/09759072aecc2860307544beeaae5dc1_original.jpg?w=1552&h=873&fit=fill&bg=000000&v=1463690057&auto=format&q=92&s=d771966f41ba3c9bf333bf93d6a0855b"
      }
    },
    "id": 1124484,
    "link_background_color": null,
    "link_text": null,
    "link_text_color": null,
    "link_url": null,
    "name": null,
    "project_id": 1124484,
    "should_show_feature_image_section": true,
    "show_feature_image": false,
    "state": "inactive",
    "state_changed_at": 1425915862,
    "text_color": null
  },
  "slug": "zipdo",
  "spotlight": false,
  "staff_pick": false,
  "state": "failed",
  "state_changed_at": 1408161540,
  "static_usd_rate": 1.0,
  "urls": {
    "web": {
      "project": "https://www.kickstarter.com/projects/521904563/zipdo?ref=category_newest",
      "rewards": "https://www.kickstarter.com/projects/521904563/zipdo/rewards"
    }
  },
  "usd_pledged": "1.0"
}