{
  "backers_count": 34,
  "blurb": "Everyone should vote. But FEW do because it's confusing. Where?  When? How? The Voting App will make voting easier and better.",
  "category": {
    "color": 6526716,
    "id": 51,
    "name": "Software",
    "parent_id": 16,
    "position": 11,
    "slug": "technology/software",
    "urls": {
      "web": {
        "discover": "http://www.kickstarter.com/discover/categories/technology/software"
      }
    }
  },
  "country": "US",
  "created_at": 1363637412,
  "creator": {
    "avatar": {
      "medium": "https://ksr-ugc.imgix.net/assets/007/386/940/869996f7433d1e64dfbbe6cabdfc4e2a_original.png?w=160&h=160&fit=crop&v=1461454253&auto=format&q=92&s=2636dc0e14b65d6a36a662022e630ab4",
      "small": "https://ksr-ugc.imgix.net/assets/007/386/940/869996f7433d1e64dfbbe6cabdfc4e2a_original.png?w=160&h=160&fit=crop&v=1461454253&auto=format&q=92&s=2636dc0e14b65d6a36a662022e630ab4",
      "thumb": "https://ksr-ugc.imgix.net/assets/007/386/940/869996f7433d1e64dfbbe6cabdfc4e2a_original.png?w=40&h=40&fit=crop&v=1461454253&auto=format&q=92&s=a8a7b32fc750be4f16ecc171c5e03460"
    },
    "id": 1496464868,
    "name": "Think Voting Inc.",
    "urls": {
      "api": {
        "user": "https://api.kickstarter.com/v1/users/1496464868?signature=1488680241.d26022523dcfd3ad0c6777763464a9e086a63f05"
      },
      "web": {
        "user": "https://www.kickstarter.com/profile/1496464868"
      }
    }
  },
  "currency": "USD",
  "currency_symbol": "$",
  "currency_trailing_code": true,
  "deadline": 1395583312,
  "disable_communication": false,
  "goal": 850000.0,
  "id": 1043461862,
  "launched_at": 1390402912,
  "location": {
    "country": "US",
    "displayable_name": "Austin, TX",
    "id": 2357536,
    "is_root": false,
    "name": "Austin",
    "short_name": "Austin, TX",
    "slug": "austin-tx",
    "state": "TX",
    "type": "Town",
    "urls": {
      "api": {
        "nearby_projects": "https://api.kickstarter.com/v1/discover?signature=1488668420.3700aff62e251c47579f5271b8866f6765c989f3&woe_id=2357536"
      },
      "web": {
        "discover": "https://www.kickstarter.com/discover/places/austin-tx",
        "location": "https://www.kickstarter.com/locations/austin-tx"
      }
    }
  },
  "name": "The Voting App - Voter Information SUPER App & API",
  "photo": {
    "1024x576": "https://ksr-ugc.imgix.net/assets/011/495/777/43b50f4e4ecc0beeceb8f61fcc6ab08c_original.jpg?w=1024&h=576&fit=fill&bg=000000&v=1463683582&auto=format&q=92&s=aa561f878d146e226b6591f5031dda9c",
    "1536x864": "https://ksr-ugc.imgix.net/assets/011/495/777/43b50f4e4ecc0beeceb8f61fcc6ab08c_original.jpg?w=1536&h=864&fit=fill&bg=000000&v=1463683582&auto=format&q=92&s=3bc70c5775b6f482eaa27903215abf7d",
    "ed": "https://ksr-ugc.imgix.net/assets/011/495/777/43b50f4e4ecc0beeceb8f61fcc6ab08c_original.jpg?w=338&h=190&fit=fill&bg=000000&v=1463683582&auto=format&q=92&s=763038a09ea9dbba18774266eae2a455",
    "full": "https://ksr-ugc.imgix.net/assets/011/495/777/43b50f4e4ecc0beeceb8f61fcc6ab08c_original.jpg?w=560&h=315&fit=fill&bg=000000&v=1463683582&auto=format&q=92&s=ea5d121d1924e328811923032fb68922",
    "key": "assets/011/495/777/43b50f4e4ecc0beeceb8f61fcc6ab08c_original.jpg",
    "little": "https://ksr-ugc.imgix.net/assets/011/495/777/43b50f4e4ecc0beeceb8f61fcc6ab08c_original.jpg?w=200&h=112&fit=fill&bg=000000&v=1463683582&auto=format&q=92&s=775a1cb797fde3a94600ca834ca6e06f",
    "med": "https://ksr-ugc.imgix.net/assets/011/495/777/43b50f4e4ecc0beeceb8f61fcc6ab08c_original.jpg?w=266&h=150&fit=fill&bg=000000&v=1463683582&auto=format&q=92&s=85cd81406797c2b60babd26a4fcf6df7",
    "small": "https://ksr-ugc.imgix.net/assets/011/495/777/43b50f4e4ecc0beeceb8f61fcc6ab08c_original.jpg?w=160&h=90&fit=fill&bg=000000&v=1463683582&auto=format&q=92&s=444efd73966e097c13f2fbc66a82f8eb",
    "thumb": "https://ksr-ugc.imgix.net/assets/011/495/777/43b50f4e4ecc0beeceb8f61fcc6ab08c_original.jpg?w=40&h=22&fit=fill&bg=000000&v=1463683582&auto=format&q=92&s=8a5459ec69f074580b7b18b216b390cf"
  },
  "pledged": 635.0,
  "profile": {
    "background_color": null,
    "background_image_opacity": 0.8,
    "blurb": null,
    "feature_image_attributes": {
      "image_urls": {
        "baseball_card": "https://ksr-ugc.imgix.net/assets/011/495/777/43b50f4e4ecc0beeceb8f61fcc6ab08c_original.jpg?w=1552&h=873&fit=fill&bg=000000&v=1463683582&auto=format&q=92&s=b34d3f79e4c49ff09d2e068b9826e944",
        "default": "https://ksr-ugc.imgix.net/assets/011/495/777/43b50f4e4ecc0beeceb8f61fcc6ab08c_original.jpg?w=1552&h=873&fit=fill&bg=000000&v=1463683582&auto=format&q=92&s=b34d3f79e4c49ff09d2e068b9826e944"
      }
    },
    "id": 505773,
    "link_background_color": null,
    "link_text": null,
    "link_text_color": null,
    "link_url": null,
    "name": null,
    "project_id": 505773,
    "should_show_feature_image_section": true,
    "show_feature_image": false,
    "state": "inactive",
    "state_changed_at": 1425915827,
    "text_color": null
  },
  "slug": "the-voting-app-voter-information-super-app-and-api",
  "spotlight": false,
  "staff_pick": false,
  "state": "failed",
  "state_changed_at": 1395583313,
  "static_usd_rate": 1.0,
  "urls": {
    "web": {
      "project": "https://www.kickstarter.com/projects/1496464868/the-voting-app-voter-information-super-app-and-api?ref=category_newest",
      "rewards": "https://www.kickstarter.com/projects/1496464868/the-voting-app-voter-information-super-app-and-api/rewards"
    }
  },
  "usd_pledged": "635.0"
}