{
  "backers_count": 6,
  "blurb": "Industrial grade mini shredder for use in preparing recyclable and compostable material to be remade into more valuable items.",
  "category": {
    "color": 6526716,
    "id": 335,
    "name": "Fabrication Tools",
    "parent_id": 16,
    "position": 5,
    "slug": "technology/fabrication tools",
    "urls": {
      "web": {
        "discover": "http://www.kickstarter.com/discover/categories/technology/fabrication%20tools"
      }
    }
  },
  "country": "US",
  "created_at": 1473700842,
  "creator": {
    "avatar": {
      "medium": "https://ksr-ugc.imgix.net/assets/009/387/808/7b6770edd71fcb189eee47921a427646_original.png?w=160&h=160&fit=crop&v=1464979232&auto=format&q=92&s=191461adfb0bad0629cdada45ce8449b",
      "small": "https://ksr-ugc.imgix.net/assets/009/387/808/7b6770edd71fcb189eee47921a427646_original.png?w=160&h=160&fit=crop&v=1464979232&auto=format&q=92&s=191461adfb0bad0629cdada45ce8449b",
      "thumb": "https://ksr-ugc.imgix.net/assets/009/387/808/7b6770edd71fcb189eee47921a427646_original.png?w=40&h=40&fit=crop&v=1464979232&auto=format&q=92&s=c9165e1248f04909165f2c26f1efc653"
    },
    "id": 1718006136,
    "name": "The Green Engineers",
    "urls": {
      "api": {
        "user": "https://api.kickstarter.com/v1/users/1718006136?signature=1488679393.19a745726544becf1fc08a19a466928bb4983c42"
      },
      "web": {
        "user": "https://www.kickstarter.com/profile/1718006136"
      }
    }
  },
  "currency": "USD",
  "currency_symbol": "$",
  "currency_trailing_code": true,
  "deadline": 1483678484,
  "disable_communication": false,
  "goal": 2300.0,
  "id": 1043753534,
  "launched_at": 1481086484,
  "location": {
    "country": "US",
    "displayable_name": "San Jose, CA",
    "id": 2488042,
    "is_root": false,
    "name": "San Jose",
    "short_name": "San Jose, CA",
    "slug": "san-jose-ca",
    "state": "CA",
    "type": "Town",
    "urls": {
      "api": {
        "nearby_projects": "https://api.kickstarter.com/v1/discover?signature=1488668425.7c37d778ad21556251d1efc9efba3b84d76c31b4&woe_id=2488042"
      },
      "web": {
        "discover": "https://www.kickstarter.com/discover/places/san-jose-ca",
        "location": "https://www.kickstarter.com/locations/san-jose-ca"
      }
    }
  },
  "name": "The Reclaimer: Industrial Grade Mini Shredder",
  "photo": {
    "1024x576": "https://ksr-ugc.imgix.net/assets/014/646/103/8bb99dd47558558a274df15f5d4d5f4e_original.jpg?w=1024&h=576&fit=fill&bg=000000&v=1481092298&auto=format&q=92&s=1ec9a90980aff9842873a76e54737932",
    "1536x864": "https://ksr-ugc.imgix.net/assets/014/646/103/8bb99dd47558558a274df15f5d4d5f4e_original.jpg?w=1536&h=864&fit=fill&bg=000000&v=1481092298&auto=format&q=92&s=0df1ff3d53e40199289ee815c4612a22",
    "ed": "https://ksr-ugc.imgix.net/assets/014/646/103/8bb99dd47558558a274df15f5d4d5f4e_original.jpg?w=338&h=190&fit=fill&bg=000000&v=1481092298&auto=format&q=92&s=33a90fce6448378df0bb67968bffec27",
    "full": "https://ksr-ugc.imgix.net/assets/014/646/103/8bb99dd47558558a274df15f5d4d5f4e_original.jpg?w=560&h=315&fit=fill&bg=000000&v=1481092298&auto=format&q=92&s=4af36f434c044dfafdaeccc6ee01736e",
    "key": "assets/014/646/103/8bb99dd47558558a274df15f5d4d5f4e_original.jpg",
    "little": "https://ksr-ugc.imgix.net/assets/014/646/103/8bb99dd47558558a274df15f5d4d5f4e_original.jpg?w=200&h=112&fit=fill&bg=000000&v=1481092298&auto=format&q=92&s=20900920ccef57943e9b671b7d1916eb",
    "med": "https://ksr-ugc.imgix.net/assets/014/646/103/8bb99dd47558558a274df15f5d4d5f4e_original.jpg?w=266&h=150&fit=fill&bg=000000&v=1481092298&auto=format&q=92&s=37bebea0bdabcfab323a08721177532f",
    "small": "https://ksr-ugc.imgix.net/assets/014/646/103/8bb99dd47558558a274df15f5d4d5f4e_original.jpg?w=160&h=90&fit=fill&bg=000000&v=1481092298&auto=format&q=92&s=8ebf965e551d0ce716ebef272eca31e1",
    "thumb": "https://ksr-ugc.imgix.net/assets/014/646/103/8bb99dd47558558a274df15f5d4d5f4e_original.jpg?w=40&h=22&fit=fill&bg=000000&v=1481092298&auto=format&q=92&s=7b076b1a4767f4e73d02fb1bd25d8bd8"
  },
  "pledged": 1589.0,
  "profile": {
    "background_color": null,
    "background_image_opacity": 0.8,
    "blurb": null,
    "feature_image_attributes": {
      "image_urls": {
        "baseball_card": "https://ksr-ugc.imgix.net/assets/014/646/103/8bb99dd47558558a274df15f5d4d5f4e_original.jpg?w=1552&h=873&fit=fill&bg=000000&v=1481092298&auto=format&q=92&s=5a6e65ddbcb5afbe2635f20bf80fad6a",
        "default": "https://ksr-ugc.imgix.net/assets/014/646/103/8bb99dd47558558a274df15f5d4d5f4e_original.jpg?w=1552&h=873&fit=fill&bg=000000&v=1481092298&auto=format&q=92&s=5a6e65ddbcb5afbe2635f20bf80fad6a"
      }
    },
    "id": 2675863,
    "link_background_color": null,
    "link_text": null,
    "link_text_color": null,
    "link_url": null,
    "name": null,
    "project_id": 2675863,
    "should_show_feature_image_section": true,
    "show_feature_image": false,
    "state": "inactive",
    "state_changed_at": 1473700842,
    "text_color": null
  },
  "slug": "the-reclaimer-industrial-grade-mini-shredder",
  "spotlight": false,
  "staff_pick": false,
  "state": "failed",
  "state_changed_at": 1483678484,
  "static_usd_rate": 1.0,
  "urls": {
    "web": {
      "project": "https://www.kickstarter.com/projects/1718006136/the-reclaimer-industrial-grade-mini-shredder?ref=category_newest",
      "rewards": "https://www.kickstarter.com/projects/1718006136/the-reclaimer-industrial-grade-mini-shredder/rewards"
    }
  },
  "usd_pledged": "1589.0"
}