{
  "backers_count": 0,
  "blurb": "A delicious gourmet breakfast delivery app which frees up the start of your day and satisfies that Morning Munchie feeling!",
  "category": {
    "color": 6526716,
    "id": 51,
    "name": "Software",
    "parent_id": 16,
    "position": 11,
    "slug": "technology/software",
    "urls": {
      "web": {
        "discover": "http://www.kickstarter.com/discover/categories/technology/software"
      }
    }
  },
  "country": "US",
  "created_at": 1415576243,
  "creator": {
    "avatar": {
      "medium": "https://ksr-ugc.imgix.net/assets/009/352/115/a9b07e2988202058eec38f6f89a35896_original.jpg?w=160&h=160&fit=crop&v=1461584129&auto=format&q=92&s=b29040908746a15045474e5e14af70fe",
      "small": "https://ksr-ugc.imgix.net/assets/009/352/115/a9b07e2988202058eec38f6f89a35896_original.jpg?w=160&h=160&fit=crop&v=1461584129&auto=format&q=92&s=b29040908746a15045474e5e14af70fe",
      "thumb": "https://ksr-ugc.imgix.net/assets/009/352/115/a9b07e2988202058eec38f6f89a35896_original.jpg?w=40&h=40&fit=crop&v=1461584129&auto=format&q=92&s=1a5159883418bf2a86b67451447986f8"
    },
    "id": 474134283,
    "name": "Troy McKenna",
    "urls": {
      "api": {
        "user": "https://api.kickstarter.com/v1/users/474134283?signature=1488680280.4520e4ac8d04c61b4d3002fc505571baddd3781a"
      },
      "web": {
        "user": "https://www.kickstarter.com/profile/474134283"
      }
    }
  },
  "currency": "USD",
  "currency_symbol": "$",
  "currency_trailing_code": true,
  "deadline": 1418174038,
  "disable_communication": false,
  "goal": 5000.0,
  "id": 1043754285,
  "launched_at": 1415582038,
  "location": {
    "country": "US",
    "displayable_name": "Manhattan, NY",
    "id": 12589342,
    "is_root": false,
    "name": "Manhattan",
    "short_name": "Manhattan, NY",
    "slug": "manhattan-ny",
    "state": "NY",
    "type": "County",
    "urls": {
      "api": {
        "nearby_projects": "https://api.kickstarter.com/v1/discover?signature=1488668422.5f0e7684b894033e8eefc87456aa37a9101ef398&woe_id=12589342"
      },
      "web": {
        "discover": "https://www.kickstarter.com/discover/places/manhattan-ny",
        "location": "https://www.kickstarter.com/locations/manhattan-ny"
      }
    }
  },
  "name": "Morning Munchies",
  "photo": {
    "1024x576": "https://ksr-ugc.imgix.net/assets/011/939/489/2492a5ae59f3ad29467240af1b0b8b11_original.jpg?w=1024&h=576&fit=fill&bg=000000&v=1463718358&auto=format&q=92&s=26a814347f637289308f2ae861f0c629",
    "1536x864": "https://ksr-ugc.imgix.net/assets/011/939/489/2492a5ae59f3ad29467240af1b0b8b11_original.jpg?w=1536&h=864&fit=fill&bg=000000&v=1463718358&auto=format&q=92&s=c6f77dcd91f1051e91c17064b4641140",
    "ed": "https://ksr-ugc.imgix.net/assets/011/939/489/2492a5ae59f3ad29467240af1b0b8b11_original.jpg?w=338&h=190&fit=fill&bg=000000&v=1463718358&auto=format&q=92&s=51e0521e7c4a692082fdcf7e5ced28a6",
    "full": "https://ksr-ugc.imgix.net/assets/011/939/489/2492a5ae59f3ad29467240af1b0b8b11_original.jpg?w=560&h=315&fit=fill&bg=000000&v=1463718358&auto=format&q=92&s=e56fd5da253bd106e547d4b71c23420d",
    "key": "assets/011/939/489/2492a5ae59f3ad29467240af1b0b8b11_original.jpg",
    "little": "https://ksr-ugc.imgix.net/assets/011/939/489/2492a5ae59f3ad29467240af1b0b8b11_original.jpg?w=200&h=112&fit=fill&bg=000000&v=1463718358&auto=format&q=92&s=e7b7f2b0c23ea009d61dc7ce58b6bfe6",
    "med": "https://ksr-ugc.imgix.net/assets/011/939/489/2492a5ae59f3ad29467240af1b0b8b11_original.jpg?w=266&h=150&fit=fill&bg=000000&v=1463718358&auto=format&q=92&s=a110df1e3a623b9cda017c7be701646e",
    "small": "https://ksr-ugc.imgix.net/assets/011/939/489/2492a5ae59f3ad29467240af1b0b8b11_original.jpg?w=160&h=90&fit=fill&bg=000000&v=1463718358&auto=format&q=92&s=57f3992808186f21148d5180432853b5",
    "thumb": "https://ksr-ugc.imgix.net/assets/011/939/489/2492a5ae59f3ad29467240af1b0b8b11_original.jpg?w=40&h=22&fit=fill&bg=000000&v=1463718358&auto=format&q=92&s=0a1072a4ecf02443c8eb7b9ae079f7c6"
  },
  "pledged": 0.0,
  "profile": {
    "background_color": null,
    "background_image_opacity": 0.8,
    "blurb": null,
    "feature_image_attributes": {
      "image_urls": {
        "baseball_card": "https://ksr-ugc.imgix.net/assets/011/939/489/2492a5ae59f3ad29467240af1b0b8b11_original.jpg?w=1552&h=873&fit=fill&bg=000000&v=1463718358&auto=format&q=92&s=c493825feaee75a0574035172c0121ee",
        "default": "https://ksr-ugc.imgix.net/assets/011/939/489/2492a5ae59f3ad29467240af1b0b8b11_original.jpg?w=1552&h=873&fit=fill&bg=000000&v=1463718358&auto=format&q=92&s=c493825feaee75a0574035172c0121ee"
      }
    },
    "id": 1503469,
    "link_background_color": null,
    "link_text": null,
    "link_text_color": null,
    "link_url": null,
    "name": null,
    "project_id": 1503469,
    "should_show_feature_image_section": true,
    "show_feature_image": false,
    "state": "inactive",
    "state_changed_at": 1425915882,
    "text_color": null
  },
  "slug": "morning-munchies",
  "spotlight": false,
  "staff_pick": false,
  "state": "failed",
  "state_changed_at": 1418174038,
  "static_usd_rate": 1.0,
  "urls": {
    "web": {
      "project": "https://www.kickstarter.com/projects/474134283/morning-munchies?ref=category_newest",
      "rewards": "https://www.kickstarter.com/projects/474134283/morning-munchies/rewards"
    }
  },
  "usd_pledged": "0.0"
}