{
  "backers_count": 0,
  "blurb": "Finally a completely impartial way to decide who is right. Come to the judge, tell him your woes, and end those arguments quick!",
  "category": {
    "color": 6526716,
    "id": 332,
    "name": "Apps",
    "parent_id": 16,
    "position": 2,
    "slug": "technology/apps",
    "urls": {
      "web": {
        "discover": "http://www.kickstarter.com/discover/categories/technology/apps"
      }
    }
  },
  "country": "US",
  "created_at": 1467056357,
  "creator": {
    "avatar": {
      "medium": "https://ksr-ugc.imgix.net/assets/008/034/517/20d761fa8252863c7b4f7e67776e669d_original.jpg?w=160&h=160&fit=crop&v=1461498628&auto=format&q=92&s=86264ca59faa2848c6e320bef0c9f41b",
      "small": "https://ksr-ugc.imgix.net/assets/008/034/517/20d761fa8252863c7b4f7e67776e669d_original.jpg?w=160&h=160&fit=crop&v=1461498628&auto=format&q=92&s=86264ca59faa2848c6e320bef0c9f41b",
      "thumb": "https://ksr-ugc.imgix.net/assets/008/034/517/20d761fa8252863c7b4f7e67776e669d_original.jpg?w=40&h=40&fit=crop&v=1461498628&auto=format&q=92&s=3b805288703545f63b8956ea79362295"
    },
    "id": 1328297834,
    "name": "Dave Dippong",
    "urls": {
      "api": {
        "user": "https://api.kickstarter.com/v1/users/1328297834?signature=1488679218.8e7a7a591c257011c678fccb800a96b3a3dfd887"
      },
      "web": {
        "user": "https://www.kickstarter.com/profile/1328297834"
      }
    }
  },
  "currency": "USD",
  "currency_symbol": "$",
  "currency_trailing_code": true,
  "deadline": 1469837027,
  "disable_communication": false,
  "goal": 1000.0,
  "id": 1043743887,
  "launched_at": 1467245027,
  "location": {
    "country": "US",
    "displayable_name": "Santa Monica, CA",
    "id": 2488892,
    "is_root": false,
    "name": "Santa Monica",
    "short_name": "Santa Monica, CA",
    "slug": "santa-monica-ca",
    "state": "CA",
    "type": "Town",
    "urls": {
      "api": {
        "nearby_projects": "https://api.kickstarter.com/v1/discover?signature=1488668428.a8d1048225f7336f66c07baade0b3683589a2b00&woe_id=2488892"
      },
      "web": {
        "discover": "https://www.kickstarter.com/discover/places/santa-monica-ca",
        "location": "https://www.kickstarter.com/locations/santa-monica-ca"
      }
    }
  },
  "name": "The Judge",
  "photo": {
    "1024x576": "https://ksr-ugc.imgix.net/assets/012/878/851/c91a28a1486d42c3e2b392a80002dec3_original.jpg?w=1024&h=576&fit=fill&bg=000000&v=1467056477&auto=format&q=92&s=bcb058261a614ad056955bbf47128e8e",
    "1536x864": "https://ksr-ugc.imgix.net/assets/012/878/851/c91a28a1486d42c3e2b392a80002dec3_original.jpg?w=1536&h=864&fit=fill&bg=000000&v=1467056477&auto=format&q=92&s=53adeececefae27ce42081bc294c2593",
    "ed": "https://ksr-ugc.imgix.net/assets/012/878/851/c91a28a1486d42c3e2b392a80002dec3_original.jpg?w=338&h=190&fit=fill&bg=000000&v=1467056477&auto=format&q=92&s=cd8967da9d4f0b22f563de0e571f2e5f",
    "full": "https://ksr-ugc.imgix.net/assets/012/878/851/c91a28a1486d42c3e2b392a80002dec3_original.jpg?w=560&h=315&fit=fill&bg=000000&v=1467056477&auto=format&q=92&s=91a158e818f4a4837d4ced45c9d492f9",
    "key": "assets/012/878/851/c91a28a1486d42c3e2b392a80002dec3_original.jpg",
    "little": "https://ksr-ugc.imgix.net/assets/012/878/851/c91a28a1486d42c3e2b392a80002dec3_original.jpg?w=200&h=112&fit=fill&bg=000000&v=1467056477&auto=format&q=92&s=902297b21d3fc3fb6e1abaeaca7cdce6",
    "med": "https://ksr-ugc.imgix.net/assets/012/878/851/c91a28a1486d42c3e2b392a80002dec3_original.jpg?w=266&h=150&fit=fill&bg=000000&v=1467056477&auto=format&q=92&s=0809f8ada38013954bf5c78da1a6d23c",
    "small": "https://ksr-ugc.imgix.net/assets/012/878/851/c91a28a1486d42c3e2b392a80002dec3_original.jpg?w=160&h=90&fit=fill&bg=000000&v=1467056477&auto=format&q=92&s=e854b30093372f4a83e85e6613fd45d4",
    "thumb": "https://ksr-ugc.imgix.net/assets/012/878/851/c91a28a1486d42c3e2b392a80002dec3_original.jpg?w=40&h=22&fit=fill&bg=000000&v=1467056477&auto=format&q=92&s=66fc8710ec17df51f9795f0d3ca92814"
  },
  "pledged": 0.0,
  "profile": {
    "background_color": null,
    "background_image_opacity": 0.8,
    "blurb": null,
    "feature_image_attributes": {
      "image_urls": {
        "baseball_card": "https://ksr-ugc.imgix.net/assets/012/878/851/c91a28a1486d42c3e2b392a80002dec3_original.jpg?w=1552&h=873&fit=fill&bg=000000&v=1467056477&auto=format&q=92&s=b0b0b00855f15076ae3200879e4fc670",
        "default": "https://ksr-ugc.imgix.net/assets/012/878/851/c91a28a1486d42c3e2b392a80002dec3_original.jpg?w=1552&h=873&fit=fill&bg=000000&v=1467056477&auto=format&q=92&s=b0b0b00855f15076ae3200879e4fc670"
      }
    },
    "id": 2577325,
    "link_background_color": null,
    "link_text": null,
    "link_text_color": null,
    "link_url": null,
    "name": null,
    "project_id": 2577325,
    "should_show_feature_image_section": true,
    "show_feature_image": false,
    "state": "inactive",
    "state_changed_at": 1467056357,
    "text_color": null
  },
  "slug": "the-judge",
  "spotlight": false,
  "staff_pick": false,
  "state": "failed",
  "state_changed_at": 1469837028,
  "static_usd_rate": 1.0,
  "urls": {
    "web": {
      "project": "https://www.kickstarter.com/projects/1328297834/the-judge?ref=category_newest",
      "rewards": "https://www.kickstarter.com/projects/1328297834/the-judge/rewards"
    }
  },
  "usd_pledged": "0.0"
}