{
  "backers_count": 7,
  "blurb": "Cop Watch Live allows you to live stream video from your phone to copwatchlive.com creating instant witnesses to your cop experience.",
  "category": {
    "color": 6526716,
    "id": 332,
    "name": "Apps",
    "parent_id": 16,
    "position": 2,
    "slug": "technology/apps",
    "urls": {
      "web": {
        "discover": "http://www.kickstarter.com/discover/categories/technology/apps"
      }
    }
  },
  "country": "CA",
  "created_at": 1424012931,
  "creator": {
    "avatar": {
      "medium": "https://ksr-ugc.imgix.net/assets/009/572/331/43c74f20bac5cf27a3fd005cc065f8d6_original.jpg?w=160&h=160&fit=crop&v=1461603983&auto=format&q=92&s=4c583d30e15b8b21123d3e3688df0812",
      "small": "https://ksr-ugc.imgix.net/assets/009/572/331/43c74f20bac5cf27a3fd005cc065f8d6_original.jpg?w=160&h=160&fit=crop&v=1461603983&auto=format&q=92&s=4c583d30e15b8b21123d3e3688df0812",
      "thumb": "https://ksr-ugc.imgix.net/assets/009/572/331/43c74f20bac5cf27a3fd005cc065f8d6_original.jpg?w=40&h=40&fit=crop&v=1461603983&auto=format&q=92&s=0f391553065ef1573b69cf22e596c085"
    },
    "id": 1472137756,
    "name": "Cop Watch Live Inc.",
    "urls": {
      "api": {
        "user": "https://api.kickstarter.com/v1/users/1472137756?signature=1488679000.4f9aa69b94673c04c61a7f2d4b89055900dc0c8b"
      },
      "web": {
        "user": "https://www.kickstarter.com/profile/1472137756"
      }
    }
  },
  "currency": "CAD",
  "currency_symbol": "$",
  "currency_trailing_code": true,
  "deadline": 1430502082,
  "disable_communication": false,
  "goal": 66000.0,
  "id": 1044893400,
  "launched_at": 1427910082,
  "location": {
    "country": "CA",
    "displayable_name": "Toronto, Canada",
    "id": 4118,
    "is_root": false,
    "name": "Toronto",
    "short_name": "Toronto, Canada",
    "slug": "toronto-on-ca",
    "state": "ON",
    "type": "Town",
    "urls": {
      "api": {
        "nearby_projects": "https://api.kickstarter.com/v1/discover?signature=1488668420.6cf3cba43c384a6530561e4c2f027f089e49c3ee&woe_id=4118"
      },
      "web": {
        "discover": "https://www.kickstarter.com/discover/places/toronto-on-ca",
        "location": "https://www.kickstarter.com/locations/toronto-on-ca"
      }
    }
  },
  "name": "Cop Watch Live",
  "photo": {
    "1024x576": "https://ksr-ugc.imgix.net/assets/012/037/779/39efbf2a9302a2fc54d857f15b0b18c7_original.jpg?w=1024&h=576&fit=fill&bg=000000&v=1463726226&auto=format&q=92&s=192b4cdcccef3bd2a465e8c1bbb56a27",
    "1536x864": "https://ksr-ugc.imgix.net/assets/012/037/779/39efbf2a9302a2fc54d857f15b0b18c7_original.jpg?w=1536&h=864&fit=fill&bg=000000&v=1463726226&auto=format&q=92&s=49802c6e4993ba735c5cac73942fd6fc",
    "ed": "https://ksr-ugc.imgix.net/assets/012/037/779/39efbf2a9302a2fc54d857f15b0b18c7_original.jpg?w=338&h=190&fit=fill&bg=000000&v=1463726226&auto=format&q=92&s=a73cbb1f0c51ce8f1fc0197bf5a562c4",
    "full": "https://ksr-ugc.imgix.net/assets/012/037/779/39efbf2a9302a2fc54d857f15b0b18c7_original.jpg?w=560&h=315&fit=fill&bg=000000&v=1463726226&auto=format&q=92&s=1b1936fe6e598192280b6c6e4b4b6cdb",
    "key": "assets/012/037/779/39efbf2a9302a2fc54d857f15b0b18c7_original.jpg",
    "little": "https://ksr-ugc.imgix.net/assets/012/037/779/39efbf2a9302a2fc54d857f15b0b18c7_original.jpg?w=200&h=112&fit=fill&bg=000000&v=1463726226&auto=format&q=92&s=84464871f265a5c397a1729e4a9e4634",
    "med": "https://ksr-ugc.imgix.net/assets/012/037/779/39efbf2a9302a2fc54d857f15b0b18c7_original.jpg?w=266&h=150&fit=fill&bg=000000&v=1463726226&auto=format&q=92&s=6ddd4e5f32d7464e28f54e2351c45f12",
    "small": "https://ksr-ugc.imgix.net/assets/012/037/779/39efbf2a9302a2fc54d857f15b0b18c7_original.jpg?w=160&h=90&fit=fill&bg=000000&v=1463726226&auto=format&q=92&s=180a3c9d24178427f5a0499946ffc26e",
    "thumb": "https://ksr-ugc.imgix.net/assets/012/037/779/39efbf2a9302a2fc54d857f15b0b18c7_original.jpg?w=40&h=22&fit=fill&bg=000000&v=1463726226&auto=format&q=92&s=2af9b23a94768c4824a3e8fc29795597"
  },
  "pledged": 2360.0,
  "profile": {
    "background_color": null,
    "background_image_opacity": 0.8,
    "blurb": null,
    "feature_image_attributes": {
      "image_urls": {
        "baseball_card": "https://ksr-ugc.imgix.net/assets/012/037/779/39efbf2a9302a2fc54d857f15b0b18c7_original.jpg?w=1552&h=873&fit=fill&bg=000000&v=1463726226&auto=format&q=92&s=0a9fb53d6c0bc142a9a755cc0e4b9459",
        "default": "https://ksr-ugc.imgix.net/assets/012/037/779/39efbf2a9302a2fc54d857f15b0b18c7_original.jpg?w=1552&h=873&fit=fill&bg=000000&v=1463726226&auto=format&q=92&s=0a9fb53d6c0bc142a9a755cc0e4b9459"
      }
    },
    "id": 1707074,
    "link_background_color": null,
    "link_text": null,
    "link_text_color": null,
    "link_url": null,
    "name": null,
    "project_id": 1707074,
    "should_show_feature_image_section": true,
    "show_feature_image": false,
    "state": "inactive",
    "state_changed_at": 1425915894,
    "text_color": null
  },
  "slug": "cop-watch-live",
  "spotlight": false,
  "staff_pick": false,
  "state": "failed",
  "state_changed_at": 1430502084,
  "static_usd_rate": 0.78860497,
  "urls": {
    "web": {
      "project": "https://www.kickstarter.com/projects/1472137756/cop-watch-live?ref=category_newest",
      "rewards": "https://www.kickstarter.com/projects/1472137756/cop-watch-live/rewards"
    }
  },
  "usd_pledged": "1861.1077292"
}