{
  "backers_count": 1,
  "blurb": "Online booking system for all kennels and catteries across the UK with location based services.",
  "category": {
    "color": 6526716,
    "id": 342,
    "name": "Web",
    "parent_id": 16,
    "position": 15,
    "slug": "technology/web",
    "urls": {
      "web": {
        "discover": "http://www.kickstarter.com/discover/categories/technology/web"
      }
    }
  },
  "country": "GB",
  "created_at": 1420916199,
  "creator": {
    "avatar": {
      "medium": "https://ksr-ugc.imgix.net/assets/009/298/706/f989c6dcacfa8cb0580acae05af395d2_original.jpg?w=160&h=160&fit=crop&v=1461576636&auto=format&q=92&s=a08334dbb2202890e361dac987368866",
      "small": "https://ksr-ugc.imgix.net/assets/009/298/706/f989c6dcacfa8cb0580acae05af395d2_original.jpg?w=160&h=160&fit=crop&v=1461576636&auto=format&q=92&s=a08334dbb2202890e361dac987368866",
      "thumb": "https://ksr-ugc.imgix.net/assets/009/298/706/f989c6dcacfa8cb0580acae05af395d2_original.jpg?w=40&h=40&fit=crop&v=1461576636&auto=format&q=92&s=da64e2e3d89127ad37c5abfdb32961f9"
    },
    "id": 981688908,
    "name": "Adam",
    "urls": {
      "api": {
        "user": "https://api.kickstarter.com/v1/users/981688908?signature=1488680771.fa07f3daf3a4373b66ed1100f9e7843f334e2657"
      },
      "web": {
        "user": "https://www.kickstarter.com/profile/981688908"
      }
    }
  },
  "currency": "GBP",
  "currency_symbol": "\u00a3",
  "currency_trailing_code": false,
  "deadline": 1426313207,
  "disable_communication": false,
  "goal": 20000.0,
  "id": 1044588998,
  "launched_at": 1421132807,
  "location": {
    "country": "GB",
    "displayable_name": "Greater Manchester, UK",
    "id": 12602158,
    "is_root": false,
    "name": "Greater Manchester",
    "short_name": "Greater Manchester, UK",
    "slug": "greater-manchester-gb",
    "state": "England",
    "type": "County",
    "urls": {
      "api": {
        "nearby_projects": "https://api.kickstarter.com/v1/discover?signature=1488668430.0976c8076cd7d459661b53f1a3b0db0cb50da5b8&woe_id=12602158"
      },
      "web": {
        "discover": "https://www.kickstarter.com/discover/places/greater-manchester-gb",
        "location": "https://www.kickstarter.com/locations/greater-manchester-gb"
      }
    }
  },
  "name": "Book a kennel online",
  "photo": {
    "1024x576": "https://ksr-ugc.imgix.net/assets/011/996/323/66ed5c66db5dc4d58df7f6daa14cdf3b_original.jpg?w=1024&h=576&fit=fill&bg=000000&v=1463722533&auto=format&q=92&s=5295623325373cf3e5bb2c36a96c8039",
    "1536x864": "https://ksr-ugc.imgix.net/assets/011/996/323/66ed5c66db5dc4d58df7f6daa14cdf3b_original.jpg?w=1536&h=864&fit=fill&bg=000000&v=1463722533&auto=format&q=92&s=7717d84fa3bafacbed1ca15d7fd2abbc",
    "ed": "https://ksr-ugc.imgix.net/assets/011/996/323/66ed5c66db5dc4d58df7f6daa14cdf3b_original.jpg?w=338&h=190&fit=fill&bg=000000&v=1463722533&auto=format&q=92&s=6b0fe194592ebd476f7546a3a6d0e666",
    "full": "https://ksr-ugc.imgix.net/assets/011/996/323/66ed5c66db5dc4d58df7f6daa14cdf3b_original.jpg?w=560&h=315&fit=fill&bg=000000&v=1463722533&auto=format&q=92&s=bb5b9b1d0ae9c64408bcc5cf2c729909",
    "key": "assets/011/996/323/66ed5c66db5dc4d58df7f6daa14cdf3b_original.jpg",
    "little": "https://ksr-ugc.imgix.net/assets/011/996/323/66ed5c66db5dc4d58df7f6daa14cdf3b_original.jpg?w=200&h=112&fit=fill&bg=000000&v=1463722533&auto=format&q=92&s=73016bbc851a7ed535623d17fa33f3c9",
    "med": "https://ksr-ugc.imgix.net/assets/011/996/323/66ed5c66db5dc4d58df7f6daa14cdf3b_original.jpg?w=266&h=150&fit=fill&bg=000000&v=1463722533&auto=format&q=92&s=4e0c22725bea070fb2bad2484ffd7c76",
    "small": "https://ksr-ugc.imgix.net/assets/011/996/323/66ed5c66db5dc4d58df7f6daa14cdf3b_original.jpg?w=160&h=90&fit=fill&bg=000000&v=1463722533&auto=format&q=92&s=7cea2b4120333511b754502ab10b1ac9",
    "thumb": "https://ksr-ugc.imgix.net/assets/011/996/323/66ed5c66db5dc4d58df7f6daa14cdf3b_original.jpg?w=40&h=22&fit=fill&bg=000000&v=1463722533&auto=format&q=92&s=a16281455f7a097e895ffdb9db0082c4"
  },
  "pledged": 5.0,
  "profile": {
    "background_color": null,
    "background_image_opacity": 0.8,
    "blurb": null,
    "feature_image_attributes": {
      "image_urls": {
        "baseball_card": "https://ksr-ugc.imgix.net/assets/011/996/323/66ed5c66db5dc4d58df7f6daa14cdf3b_original.jpg?w=1552&h=873&fit=fill&bg=000000&v=1463722533&auto=format&q=92&s=d817255937e971c3c1a67eb9a5c93300",
        "default": "https://ksr-ugc.imgix.net/assets/011/996/323/66ed5c66db5dc4d58df7f6daa14cdf3b_original.jpg?w=1552&h=873&fit=fill&bg=000000&v=1463722533&auto=format&q=92&s=d817255937e971c3c1a67eb9a5c93300"
      }
    },
    "id": 1622750,
    "link_background_color": null,
    "link_text": null,
    "link_text_color": null,
    "link_url": null,
    "name": null,
    "project_id": 1622750,
    "should_show_feature_image_section": true,
    "show_feature_image": false,
    "state": "inactive",
    "state_changed_at": 1425915889,
    "text_color": null
  },
  "slug": "book-a-kennel-online",
  "spotlight": false,
  "staff_pick": false,
  "state": "failed",
  "state_changed_at": 1426313208,
  "static_usd_rate": 1.51687064,
  "urls": {
    "web": {
      "project": "https://www.kickstarter.com/projects/981688908/book-a-kennel-online?ref=category_newest",
      "rewards": "https://www.kickstarter.com/projects/981688908/book-a-kennel-online/rewards"
    }
  },
  "usd_pledged": "7.5843532"
}