{
  "backers_count": 83,
  "blurb": "Combining sleek modern design and a comfortable ride, the Caruca is the next big thing that is sure to change the game of golf forever!",
  "category": {
    "color": 6526716,
    "id": 52,
    "name": "Hardware",
    "parent_id": 16,
    "position": 8,
    "slug": "technology/hardware",
    "urls": {
      "web": {
        "discover": "http://www.kickstarter.com/discover/categories/technology/hardware"
      }
    }
  },
  "country": "US",
  "created_at": 1434661133,
  "creator": {
    "avatar": {
      "medium": "https://ksr-ugc.imgix.net/assets/009/016/907/fe9aa7a2d97063b48c60f6751afc4ac1_original.jpg?w=160&h=160&fit=crop&v=1461553872&auto=format&q=92&s=4daf215d5b68e0fd08bf94d1687f2adb",
      "small": "https://ksr-ugc.imgix.net/assets/009/016/907/fe9aa7a2d97063b48c60f6751afc4ac1_original.jpg?w=160&h=160&fit=crop&v=1461553872&auto=format&q=92&s=4daf215d5b68e0fd08bf94d1687f2adb",
      "thumb": "https://ksr-ugc.imgix.net/assets/009/016/907/fe9aa7a2d97063b48c60f6751afc4ac1_original.jpg?w=40&h=40&fit=crop&v=1461553872&auto=format&q=92&s=03e4b9dc7cbe2920b3baf7a1fedde09f"
    },
    "id": 1529646482,
    "name": "Josh Hein",
    "slug": "caruca",
    "urls": {
      "api": {
        "user": "https://api.kickstarter.com/v1/users/1529646482?signature=1488679820.ef836f4eb8eee19e0a664093c247d1d845994663"
      },
      "web": {
        "user": "https://www.kickstarter.com/profile/caruca"
      }
    }
  },
  "currency": "USD",
  "currency_symbol": "$",
  "currency_trailing_code": true,
  "deadline": 1463255186,
  "disable_communication": false,
  "goal": 20000.0,
  "id": 1044767479,
  "launched_at": 1459799186,
  "location": {
    "country": "US",
    "displayable_name": "Raleigh, NC",
    "id": 2478307,
    "is_root": false,
    "name": "Raleigh",
    "short_name": "Raleigh, NC",
    "slug": "raleigh-nc",
    "state": "NC",
    "type": "Town",
    "urls": {
      "api": {
        "nearby_projects": "https://api.kickstarter.com/v1/discover?signature=1488668423.18727a31646b938a540085f0fcaaf9426a5d99be&woe_id=2478307"
      },
      "web": {
        "discover": "https://www.kickstarter.com/discover/places/raleigh-nc",
        "location": "https://www.kickstarter.com/locations/raleigh-nc"
      }
    }
  },
  "name": "Caruca - A Single Rider, Electric Golf Scooter/Cart",
  "photo": {
    "1024x576": "https://ksr-ugc.imgix.net/assets/012/172/239/15e393e15a7413cc5858c005b7b219ec_original.png?w=1024&h=576&fit=fill&bg=FFFFFF&v=1463739494&auto=format&q=92&s=056f468a8f57edc53b675fb3ea18859f",
    "1536x864": "https://ksr-ugc.imgix.net/assets/012/172/239/15e393e15a7413cc5858c005b7b219ec_original.png?w=1536&h=864&fit=fill&bg=FFFFFF&v=1463739494&auto=format&q=92&s=edf32483368d58f5ecd9a79f19252c32",
    "ed": "https://ksr-ugc.imgix.net/assets/012/172/239/15e393e15a7413cc5858c005b7b219ec_original.png?w=338&h=190&fit=fill&bg=FFFFFF&v=1463739494&auto=format&q=92&s=1256b9587e370b1fdd20f4ab4db8824c",
    "full": "https://ksr-ugc.imgix.net/assets/012/172/239/15e393e15a7413cc5858c005b7b219ec_original.png?w=560&h=315&fit=fill&bg=FFFFFF&v=1463739494&auto=format&q=92&s=f7f9f2271e2a17bde5b90bc2ed86c407",
    "key": "assets/012/172/239/15e393e15a7413cc5858c005b7b219ec_original.png",
    "little": "https://ksr-ugc.imgix.net/assets/012/172/239/15e393e15a7413cc5858c005b7b219ec_original.png?w=200&h=112&fit=fill&bg=FFFFFF&v=1463739494&auto=format&q=92&s=121bd4362a707adacb440faa1f76ec96",
    "med": "https://ksr-ugc.imgix.net/assets/012/172/239/15e393e15a7413cc5858c005b7b219ec_original.png?w=266&h=150&fit=fill&bg=FFFFFF&v=1463739494&auto=format&q=92&s=a96cb72868eeff2dd25beb16c326fdcb",
    "small": "https://ksr-ugc.imgix.net/assets/012/172/239/15e393e15a7413cc5858c005b7b219ec_original.png?w=160&h=90&fit=fill&bg=FFFFFF&v=1463739494&auto=format&q=92&s=a430df94d8960b0e3c18fd5a8062b667",
    "thumb": "https://ksr-ugc.imgix.net/assets/012/172/239/15e393e15a7413cc5858c005b7b219ec_original.png?w=40&h=22&fit=fill&bg=FFFFFF&v=1463739494&auto=format&q=92&s=d07c788dc7583f42a980d733ce0d775a"
  },
  "pledged": 20001.0,
  "profile": {
    "background_color": null,
    "background_image_opacity": 0.8,
    "blurb": null,
    "feature_image_attributes": {
      "image_urls": {
        "baseball_card": "https://ksr-ugc.imgix.net/assets/012/172/239/15e393e15a7413cc5858c005b7b219ec_original.png?w=1552&h=873&fit=fill&bg=FFFFFF&v=1463739494&auto=format&q=92&s=3d70a1cc4d6bac8dfefd635a0524359b",
        "default": "https://ksr-ugc.imgix.net/assets/012/172/239/15e393e15a7413cc5858c005b7b219ec_original.png?w=1552&h=873&fit=fill&bg=FFFFFF&v=1463739494&auto=format&q=92&s=3d70a1cc4d6bac8dfefd635a0524359b"
      }
    },
    "id": 1967496,
    "link_background_color": null,
    "link_text": null,
    "link_text_color": null,
    "link_url": null,
    "name": null,
    "project_id": 1967496,
    "should_show_feature_image_section": true,
    "show_feature_image": false,
    "state": "inactive",
    "state_changed_at": 1434661133,
    "text_color": null
  },
  "slug": "caruca-a-single-rider-electric-golf-scooter-cart",
  "spotlight": true,
  "staff_pick": false,
  "state": "successful",
  "state_changed_at": 1463255186,
  "static_usd_rate": 1.0,
  "urls": {
    "web": {
      "project": "https://www.kickstarter.com/projects/caruca/caruca-a-single-rider-electric-golf-scooter-cart?ref=category_newest",
      "rewards": "https://www.kickstarter.com/projects/caruca/caruca-a-single-rider-electric-golf-scooter-cart/rewards"
    }
  },
  "usd_pledged": "20001.0"
}