{
  "backers_count": 18,
  "blurb": "A digestible curriculum to understand and become proficient in embedded IoT system development, using the low cost Raspberry Pi.",
  "category": {
    "color": 6526716,
    "id": 51,
    "name": "Software",
    "parent_id": 16,
    "position": 11,
    "slug": "technology/software",
    "urls": {
      "web": {
        "discover": "http://www.kickstarter.com/discover/categories/technology/software"
      }
    }
  },
  "country": "US",
  "created_at": 1412829536,
  "creator": {
    "avatar": {
      "medium": "https://ksr-ugc.imgix.net/assets/009/304/971/87e343b3aef0f3791b570b70e5619438_original.JPG?w=160&h=160&fit=crop&v=1461577440&auto=format&q=92&s=6107ed550028851728b13d6f640ef064",
      "small": "https://ksr-ugc.imgix.net/assets/009/304/971/87e343b3aef0f3791b570b70e5619438_original.JPG?w=160&h=160&fit=crop&v=1461577440&auto=format&q=92&s=6107ed550028851728b13d6f640ef064",
      "thumb": "https://ksr-ugc.imgix.net/assets/009/304/971/87e343b3aef0f3791b570b70e5619438_original.JPG?w=40&h=40&fit=crop&v=1461577440&auto=format&q=92&s=b8b4ea7f260d9930a78333d57e65fe3a"
    },
    "id": 569492094,
    "name": "Sean Lawless",
    "urls": {
      "api": {
        "user": "https://api.kickstarter.com/v1/users/569492094?signature=1488680285.74b96f8b7e12fd169f0d7414cc0ecff72179c5d6"
      },
      "web": {
        "user": "https://www.kickstarter.com/profile/569492094"
      }
    }
  },
  "currency": "USD",
  "currency_symbol": "$",
  "currency_trailing_code": true,
  "deadline": 1418311882,
  "disable_communication": false,
  "goal": 10000.0,
  "id": 1044637218,
  "launched_at": 1416583882,
  "location": {
    "country": "US",
    "displayable_name": "Santa Cruz, CA",
    "id": 2488853,
    "is_root": false,
    "name": "Santa Cruz",
    "short_name": "Santa Cruz, CA",
    "slug": "santa-cruz-ca",
    "state": "CA",
    "type": "Town",
    "urls": {
      "api": {
        "nearby_projects": "https://api.kickstarter.com/v1/discover?signature=1488668422.012470597eb98d75054dbca8a262606728db5dae&woe_id=2488853"
      },
      "web": {
        "discover": "https://www.kickstarter.com/discover/places/santa-cruz-ca",
        "location": "https://www.kickstarter.com/locations/santa-cruz-ca"
      }
    }
  },
  "name": "Bare Metal IoT and Raspberry Pi",
  "photo": {
    "1024x576": "https://ksr-ugc.imgix.net/assets/011/901/542/68ad83cf8b4aaa7da3e4493047efb8d1_original.jpg?w=1024&h=576&fit=fill&bg=000000&v=1463712706&auto=format&q=92&s=9a387ad5bf0d68c5c33d1467bf52ab7c",
    "1536x864": "https://ksr-ugc.imgix.net/assets/011/901/542/68ad83cf8b4aaa7da3e4493047efb8d1_original.jpg?w=1536&h=864&fit=fill&bg=000000&v=1463712706&auto=format&q=92&s=0ecc3cf2bc4fda940f33e11588f7ff34",
    "ed": "https://ksr-ugc.imgix.net/assets/011/901/542/68ad83cf8b4aaa7da3e4493047efb8d1_original.jpg?w=338&h=190&fit=fill&bg=000000&v=1463712706&auto=format&q=92&s=2706e3251d52575bedc4ef4aeea199c2",
    "full": "https://ksr-ugc.imgix.net/assets/011/901/542/68ad83cf8b4aaa7da3e4493047efb8d1_original.jpg?w=560&h=315&fit=fill&bg=000000&v=1463712706&auto=format&q=92&s=6c930b0d52b5431a5b8a5887910a3083",
    "key": "assets/011/901/542/68ad83cf8b4aaa7da3e4493047efb8d1_original.jpg",
    "little": "https://ksr-ugc.imgix.net/assets/011/901/542/68ad83cf8b4aaa7da3e4493047efb8d1_original.jpg?w=200&h=112&fit=fill&bg=000000&v=1463712706&auto=format&q=92&s=9b3fd50049aa7660e9d712fd832c6820",
    "med": "https://ksr-ugc.imgix.net/assets/011/901/542/68ad83cf8b4aaa7da3e4493047efb8d1_original.jpg?w=266&h=150&fit=fill&bg=000000&v=1463712706&auto=format&q=92&s=8da82689a823e66a24694b9b94bdc0ef",
    "small": "https://ksr-ugc.imgix.net/assets/011/901/542/68ad83cf8b4aaa7da3e4493047efb8d1_original.jpg?w=160&h=90&fit=fill&bg=000000&v=1463712706&auto=format&q=92&s=d0c02070729276dfa5144661080e7598",
    "thumb": "https://ksr-ugc.imgix.net/assets/011/901/542/68ad83cf8b4aaa7da3e4493047efb8d1_original.jpg?w=40&h=22&fit=fill&bg=000000&v=1463712706&auto=format&q=92&s=a63c2e9c38221901fb64a6313d193b44"
  },
  "pledged": 340.0,
  "profile": {
    "background_color": null,
    "background_image_opacity": 0.8,
    "blurb": null,
    "feature_image_attributes": {
      "image_urls": {
        "baseball_card": "https://ksr-ugc.imgix.net/assets/011/901/542/68ad83cf8b4aaa7da3e4493047efb8d1_original.jpg?w=1552&h=873&fit=fill&bg=000000&v=1463712706&auto=format&q=92&s=52492fbdb7bc5d971a337491925440c0",
        "default": "https://ksr-ugc.imgix.net/assets/011/901/542/68ad83cf8b4aaa7da3e4493047efb8d1_original.jpg?w=1552&h=873&fit=fill&bg=000000&v=1463712706&auto=format&q=92&s=52492fbdb7bc5d971a337491925440c0"
      }
    },
    "id": 1425836,
    "link_background_color": null,
    "link_text": null,
    "link_text_color": null,
    "link_url": null,
    "name": null,
    "project_id": 1425836,
    "should_show_feature_image_section": true,
    "show_feature_image": false,
    "state": "inactive",
    "state_changed_at": 1425915878,
    "text_color": null
  },
  "slug": "bare-metal-iot-with-raspberry-pi",
  "spotlight": false,
  "staff_pick": false,
  "state": "failed",
  "state_changed_at": 1418311883,
  "static_usd_rate": 1.0,
  "urls": {
    "web": {
      "project": "https://www.kickstarter.com/projects/569492094/bare-metal-iot-with-raspberry-pi?ref=category_newest",
      "rewards": "https://www.kickstarter.com/projects/569492094/bare-metal-iot-with-raspberry-pi/rewards"
    }
  },
  "usd_pledged": "340.0"
}