{
  "backers_count": 57,
  "blurb": "A disposable camera for the digital age. Every click will turn into a free printed picture. You only get one chance, make it count!",
  "category": {
    "color": 6526716,
    "id": 332,
    "name": "Apps",
    "parent_id": 16,
    "position": 2,
    "slug": "technology/apps",
    "urls": {
      "web": {
        "discover": "http://www.kickstarter.com/discover/categories/technology/apps"
      }
    }
  },
  "country": "GB",
  "created_at": 1414667990,
  "creator": {
    "avatar": {
      "medium": "https://ksr-ugc.imgix.net/assets/007/381/526/ec3db382ddeab0620db46bd9c8117ea8_original.jpg?w=160&h=160&fit=crop&v=1461453910&auto=format&q=92&s=ab562f305756146b092eae81420f9bf8",
      "small": "https://ksr-ugc.imgix.net/assets/007/381/526/ec3db382ddeab0620db46bd9c8117ea8_original.jpg?w=160&h=160&fit=crop&v=1461453910&auto=format&q=92&s=ab562f305756146b092eae81420f9bf8",
      "thumb": "https://ksr-ugc.imgix.net/assets/007/381/526/ec3db382ddeab0620db46bd9c8117ea8_original.jpg?w=40&h=40&fit=crop&v=1461453910&auto=format&q=92&s=1ed54a2d01b33c087273a85429ea4a77"
    },
    "id": 61423421,
    "name": "Charlie Carpenter",
    "urls": {
      "api": {
        "user": "https://api.kickstarter.com/v1/users/61423421?signature=1488678923.52705b0bbb555c01f9b02515014f2d7813759976"
      },
      "web": {
        "user": "https://www.kickstarter.com/profile/61423421"
      }
    }
  },
  "currency": "GBP",
  "currency_symbol": "\u00a3",
  "currency_trailing_code": false,
  "deadline": 1417474800,
  "disable_communication": false,
  "goal": 5000.0,
  "id": 1044754819,
  "launched_at": 1415037671,
  "location": {
    "country": "GB",
    "displayable_name": "London, UK",
    "id": 44418,
    "is_root": false,
    "name": "London",
    "short_name": "London, UK",
    "slug": "london-gb",
    "state": "England",
    "type": "Town",
    "urls": {
      "api": {
        "nearby_projects": "https://api.kickstarter.com/v1/discover?signature=1488668416.b722aeee49187b0362a5f49f63b05fba1954673c&woe_id=44418"
      },
      "web": {
        "discover": "https://www.kickstarter.com/discover/places/london-gb",
        "location": "https://www.kickstarter.com/locations/london-gb"
      }
    }
  },
  "name": "ZenCam - The Mindful Disposable Camera",
  "photo": {
    "1024x576": "https://ksr-ugc.imgix.net/assets/011/927/827/542c403d83825867ce7c2c1065a12a9c_original.jpg?w=1024&h=576&fit=fill&bg=000000&v=1463716201&auto=format&q=92&s=12e8943b289ce26987920526a580a626",
    "1536x864": "https://ksr-ugc.imgix.net/assets/011/927/827/542c403d83825867ce7c2c1065a12a9c_original.jpg?w=1536&h=864&fit=fill&bg=000000&v=1463716201&auto=format&q=92&s=ec4e67971baa1dcf63156aed27f57703",
    "ed": "https://ksr-ugc.imgix.net/assets/011/927/827/542c403d83825867ce7c2c1065a12a9c_original.jpg?w=338&h=190&fit=fill&bg=000000&v=1463716201&auto=format&q=92&s=0d3c8e09753971a7b0cbde54f4df24dd",
    "full": "https://ksr-ugc.imgix.net/assets/011/927/827/542c403d83825867ce7c2c1065a12a9c_original.jpg?w=560&h=315&fit=fill&bg=000000&v=1463716201&auto=format&q=92&s=d8acfd1f6a538bb21961194302caaf02",
    "key": "assets/011/927/827/542c403d83825867ce7c2c1065a12a9c_original.jpg",
    "little": "https://ksr-ugc.imgix.net/assets/011/927/827/542c403d83825867ce7c2c1065a12a9c_original.jpg?w=200&h=112&fit=fill&bg=000000&v=1463716201&auto=format&q=92&s=82954f61311c5a1ea33a78a5a7606e61",
    "med": "https://ksr-ugc.imgix.net/assets/011/927/827/542c403d83825867ce7c2c1065a12a9c_original.jpg?w=266&h=150&fit=fill&bg=000000&v=1463716201&auto=format&q=92&s=4393b9eb7d60e6bbf932fed730582b0a",
    "small": "https://ksr-ugc.imgix.net/assets/011/927/827/542c403d83825867ce7c2c1065a12a9c_original.jpg?w=160&h=90&fit=fill&bg=000000&v=1463716201&auto=format&q=92&s=21a68b7e04d2181d5cfaff8906fd0532",
    "thumb": "https://ksr-ugc.imgix.net/assets/011/927/827/542c403d83825867ce7c2c1065a12a9c_original.jpg?w=40&h=22&fit=fill&bg=000000&v=1463716201&auto=format&q=92&s=a63f7cb1bcee1f71fb8806174083a992"
  },
  "pledged": 1325.0,
  "profile": {
    "background_color": null,
    "background_image_opacity": 0.8,
    "blurb": null,
    "feature_image_attributes": {
      "image_urls": {
        "baseball_card": "https://ksr-ugc.imgix.net/assets/011/927/827/542c403d83825867ce7c2c1065a12a9c_original.jpg?w=1552&h=873&fit=fill&bg=000000&v=1463716201&auto=format&q=92&s=2e61d662d461a9db89e2e2f57d99d302",
        "default": "https://ksr-ugc.imgix.net/assets/011/927/827/542c403d83825867ce7c2c1065a12a9c_original.jpg?w=1552&h=873&fit=fill&bg=000000&v=1463716201&auto=format&q=92&s=2e61d662d461a9db89e2e2f57d99d302"
      }
    },
    "id": 1479653,
    "link_background_color": null,
    "link_text": null,
    "link_text_color": null,
    "link_url": null,
    "name": null,
    "project_id": 1479653,
    "should_show_feature_image_section": true,
    "show_feature_image": false,
    "state": "inactive",
    "state_changed_at": 1425915881,
    "text_color": null
  },
  "slug": "zencam-the-mindful-disposable-camera",
  "spotlight": false,
  "staff_pick": true,
  "state": "failed",
  "state_changed_at": 1417474824,
  "static_usd_rate": 1.5994677,
  "urls": {
    "web": {
      "project": "https://www.kickstarter.com/projects/61423421/zencam-the-mindful-disposable-camera?ref=category_newest",
      "rewards": "https://www.kickstarter.com/projects/61423421/zencam-the-mindful-disposable-camera/rewards"
    }
  },
  "usd_pledged": "2119.2947025"
}