{
  "backers_count": 0,
  "blurb": "Auditioning like in real life.",
  "category": {
    "color": 6526716,
    "id": 332,
    "name": "Apps",
    "parent_id": 16,
    "position": 2,
    "slug": "technology/apps",
    "urls": {
      "web": {
        "discover": "http://www.kickstarter.com/discover/categories/technology/apps"
      }
    }
  },
  "country": "US",
  "created_at": 1429904085,
  "creator": {
    "avatar": {
      "medium": "https://ksr-ugc.imgix.net/assets/005/823/174/515271b9dd6e9ccfeebbbe683de5c3bf_original.jpeg?w=160&h=160&fit=crop&v=1461087337&auto=format&q=92&s=73f02f0c76094c72457d2500c97eebe3",
      "small": "https://ksr-ugc.imgix.net/assets/005/823/174/515271b9dd6e9ccfeebbbe683de5c3bf_original.jpeg?w=160&h=160&fit=crop&v=1461087337&auto=format&q=92&s=73f02f0c76094c72457d2500c97eebe3",
      "thumb": "https://ksr-ugc.imgix.net/assets/005/823/174/515271b9dd6e9ccfeebbbe683de5c3bf_original.jpeg?w=40&h=40&fit=crop&v=1461087337&auto=format&q=92&s=560b199d83b21ad8749f34d2f9e6760a"
    },
    "id": 180059646,
    "name": "George Butiri",
    "slug": "georgebutiri",
    "urls": {
      "api": {
        "user": "https://api.kickstarter.com/v1/users/180059646?signature=1488679015.87b8c16d4372bd1678d5d3c5883171fd93590927"
      },
      "web": {
        "user": "https://www.kickstarter.com/profile/georgebutiri"
      }
    }
  },
  "currency": "USD",
  "currency_symbol": "$",
  "currency_trailing_code": true,
  "deadline": 1432742807,
  "disable_communication": false,
  "goal": 100000.0,
  "id": 1044188260,
  "launched_at": 1430150807,
  "location": {
    "country": "US",
    "displayable_name": "Irvine, CA",
    "id": 2427665,
    "is_root": false,
    "name": "Irvine",
    "short_name": "Irvine, CA",
    "slug": "irvine-ca",
    "state": "CA",
    "type": "Town",
    "urls": {
      "api": {
        "nearby_projects": "https://api.kickstarter.com/v1/discover?signature=1488668420.d258782ac2817e90984deb076c28bda6b912e3f5&woe_id=2427665"
      },
      "web": {
        "discover": "https://www.kickstarter.com/discover/places/irvine-ca",
        "location": "https://www.kickstarter.com/locations/irvine-ca"
      }
    }
  },
  "name": "ActingShowcase.com",
  "photo": {
    "1024x576": "https://ksr-ugc.imgix.net/assets/012/118/048/837f0894b184d108588ffd48c5b3a091_original.jpg?w=1024&h=576&fit=fill&bg=000000&v=1463737740&auto=format&q=92&s=36f9ba27a2e6f31f150434f86847f6c1",
    "1536x864": "https://ksr-ugc.imgix.net/assets/012/118/048/837f0894b184d108588ffd48c5b3a091_original.jpg?w=1536&h=864&fit=fill&bg=000000&v=1463737740&auto=format&q=92&s=4305dfc75f2b53cbb1ee122fe31d5cdf",
    "ed": "https://ksr-ugc.imgix.net/assets/012/118/048/837f0894b184d108588ffd48c5b3a091_original.jpg?w=338&h=190&fit=fill&bg=000000&v=1463737740&auto=format&q=92&s=b1115429b829f28ea7b013f0ebf97dbf",
    "full": "https://ksr-ugc.imgix.net/assets/012/118/048/837f0894b184d108588ffd48c5b3a091_original.jpg?w=560&h=315&fit=fill&bg=000000&v=1463737740&auto=format&q=92&s=e793d9d73373e6cf7ad638e11de7fb9d",
    "key": "assets/012/118/048/837f0894b184d108588ffd48c5b3a091_original.jpg",
    "little": "https://ksr-ugc.imgix.net/assets/012/118/048/837f0894b184d108588ffd48c5b3a091_original.jpg?w=200&h=112&fit=fill&bg=000000&v=1463737740&auto=format&q=92&s=886aff210f2c10f01600f9ff5f23c380",
    "med": "https://ksr-ugc.imgix.net/assets/012/118/048/837f0894b184d108588ffd48c5b3a091_original.jpg?w=266&h=150&fit=fill&bg=000000&v=1463737740&auto=format&q=92&s=2c18b85c7a596ec5e11a86b11c9fcbe4",
    "small": "https://ksr-ugc.imgix.net/assets/012/118/048/837f0894b184d108588ffd48c5b3a091_original.jpg?w=160&h=90&fit=fill&bg=000000&v=1463737740&auto=format&q=92&s=752b30bc484258300e932f0b4eec640e",
    "thumb": "https://ksr-ugc.imgix.net/assets/012/118/048/837f0894b184d108588ffd48c5b3a091_original.jpg?w=40&h=22&fit=fill&bg=000000&v=1463737740&auto=format&q=92&s=2ad93090a1143efb1d26682d895a9808"
  },
  "pledged": 0.0,
  "profile": {
    "background_color": null,
    "background_image_opacity": 0.8,
    "blurb": null,
    "feature_image_attributes": {
      "image_urls": {
        "baseball_card": "https://ksr-ugc.imgix.net/assets/012/118/048/837f0894b184d108588ffd48c5b3a091_original.jpg?w=1552&h=873&fit=fill&bg=000000&v=1463737740&auto=format&q=92&s=444a63d15c9e9be9314fdc6b4630c8e5",
        "default": "https://ksr-ugc.imgix.net/assets/012/118/048/837f0894b184d108588ffd48c5b3a091_original.jpg?w=1552&h=873&fit=fill&bg=000000&v=1463737740&auto=format&q=92&s=444a63d15c9e9be9314fdc6b4630c8e5"
      }
    },
    "id": 1861031,
    "link_background_color": null,
    "link_text": null,
    "link_text_color": null,
    "link_url": null,
    "name": null,
    "project_id": 1861031,
    "should_show_feature_image_section": true,
    "show_feature_image": false,
    "state": "inactive",
    "state_changed_at": 1429904085,
    "text_color": null
  },
  "slug": "actingshowcasecom",
  "spotlight": false,
  "staff_pick": false,
  "state": "failed",
  "state_changed_at": 1432742808,
  "static_usd_rate": 1.0,
  "urls": {
    "web": {
      "project": "https://www.kickstarter.com/projects/georgebutiri/actingshowcasecom?ref=category_newest",
      "rewards": "https://www.kickstarter.com/projects/georgebutiri/actingshowcasecom/rewards"
    }
  },
  "usd_pledged": "0.0"
}