{
  "backers_count": 84,
  "blurb": "The RoVa4D Full Color Blender is the World's first affordable full color 3D printer! It is easy to use and comes ready-to-print.",
  "category": {
    "color": 6526716,
    "id": 331,
    "name": "3D Printing",
    "parent_id": 16,
    "position": 1,
    "slug": "technology/3d printing",
    "urls": {
      "web": {
        "discover": "http://www.kickstarter.com/discover/categories/technology/3d%20printing"
      }
    }
  },
  "country": "CA",
  "created_at": 1459695463,
  "creator": {
    "avatar": {
      "medium": "https://ksr-ugc.imgix.net/assets/007/887/030/f08cd6f078d65f0026addfc3561c996a_original.jpg?w=160&h=160&fit=crop&v=1468171814&auto=format&q=92&s=3fb21e400a4f2ce07cac7ed45a7c23af",
      "small": "https://ksr-ugc.imgix.net/assets/007/887/030/f08cd6f078d65f0026addfc3561c996a_original.jpg?w=160&h=160&fit=crop&v=1468171814&auto=format&q=92&s=3fb21e400a4f2ce07cac7ed45a7c23af",
      "thumb": "https://ksr-ugc.imgix.net/assets/007/887/030/f08cd6f078d65f0026addfc3561c996a_original.jpg?w=40&h=40&fit=crop&v=1468171814&auto=format&q=92&s=d7e6ac2ba7092fc699cda0b77f3edffa"
    },
    "id": 1731033465,
    "name": "ORD Solutions",
    "slug": "ordsolutions",
    "urls": {
      "api": {
        "user": "https://api.kickstarter.com/v1/users/1731033465?signature=1488678722.68d120cdb4010dbf8d865bb7b9692b3e10ae96ec"
      },
      "web": {
        "user": "https://www.kickstarter.com/profile/ordsolutions"
      }
    }
  },
  "currency": "CAD",
  "currency_symbol": "$",
  "currency_trailing_code": true,
  "deadline": 1472047200,
  "disable_communication": false,
  "goal": 25000.0,
  "id": 1044761792,
  "launched_at": 1469565915,
  "location": {
    "country": "CA",
    "displayable_name": "Cambridge, Canada",
    "id": 4350,
    "is_root": false,
    "name": "Cambridge",
    "short_name": "Cambridge, Canada",
    "slug": "cambridge-on-ca",
    "state": "ON",
    "type": "Town",
    "urls": {
      "api": {
        "nearby_projects": "https://api.kickstarter.com/v1/discover?signature=1488668823.573d02ebc2ca1a5287231f852e994ca03cab5793&woe_id=4350"
      },
      "web": {
        "discover": "https://www.kickstarter.com/discover/places/cambridge-on-ca",
        "location": "https://www.kickstarter.com/locations/cambridge-on-ca"
      }
    }
  },
  "name": "RoVa4D Full Color Blender 3D Printer",
  "photo": {
    "1024x576": "https://ksr-ugc.imgix.net/assets/013/117/843/6a959c97ab4e19c9636a9cf3f7fb22c9_original.jpg?w=1024&h=576&fit=fill&bg=000000&v=1472042214&auto=format&q=92&s=9aabaf5ef68bbe983519781ddd13c56d",
    "1536x864": "https://ksr-ugc.imgix.net/assets/013/117/843/6a959c97ab4e19c9636a9cf3f7fb22c9_original.jpg?w=1536&h=864&fit=fill&bg=000000&v=1472042214&auto=format&q=92&s=7bbc4ed599abe644317f4163a4613715",
    "ed": "https://ksr-ugc.imgix.net/assets/013/117/843/6a959c97ab4e19c9636a9cf3f7fb22c9_original.jpg?w=338&h=190&fit=fill&bg=000000&v=1472042214&auto=format&q=92&s=c20708a833a8ee143522ac486d505ae1",
    "full": "https://ksr-ugc.imgix.net/assets/013/117/843/6a959c97ab4e19c9636a9cf3f7fb22c9_original.jpg?w=560&h=315&fit=fill&bg=000000&v=1472042214&auto=format&q=92&s=bd98f107c83ba888b0f3112dea9c2b33",
    "key": "assets/013/117/843/6a959c97ab4e19c9636a9cf3f7fb22c9_original.jpg",
    "little": "https://ksr-ugc.imgix.net/assets/013/117/843/6a959c97ab4e19c9636a9cf3f7fb22c9_original.jpg?w=200&h=112&fit=fill&bg=000000&v=1472042214&auto=format&q=92&s=341b137e282838dc4e68f8b2a516485f",
    "med": "https://ksr-ugc.imgix.net/assets/013/117/843/6a959c97ab4e19c9636a9cf3f7fb22c9_original.jpg?w=266&h=150&fit=fill&bg=000000&v=1472042214&auto=format&q=92&s=0ce145e45ef2abc241bd6352afb4d8ef",
    "small": "https://ksr-ugc.imgix.net/assets/013/117/843/6a959c97ab4e19c9636a9cf3f7fb22c9_original.jpg?w=160&h=90&fit=fill&bg=000000&v=1472042214&auto=format&q=92&s=ca04f17006ff653c2323a8bfc31a22e3",
    "thumb": "https://ksr-ugc.imgix.net/assets/013/117/843/6a959c97ab4e19c9636a9cf3f7fb22c9_original.jpg?w=40&h=22&fit=fill&bg=000000&v=1472042214&auto=format&q=92&s=f1ae1939a141abe1f0894be39b0fd9fd"
  },
  "pledged": 216288.98,
  "profile": {
    "background_color": "",
    "background_image_attributes": {
      "id": 13486899,
      "image_urls": {
        "baseball_card": "https://ksr-ugc.imgix.net/assets/013/486/899/c5cf6a36360d35a013873ed7b6ed361e_original.jpg?w=460&fit=max&v=1472088055&auto=format&q=92&s=8c651a7a365b93bc4ec27ac3cc344fca",
        "default": "https://ksr-ugc.imgix.net/assets/013/486/899/c5cf6a36360d35a013873ed7b6ed361e_original.jpg?w=1600&fit=max&v=1472088055&auto=format&q=92&s=1fee3ea2814226d89a4a6b6f3d0b9a1b"
      }
    },
    "background_image_opacity": 0.92,
    "blurb": "The RoVa4D Full Color Blender is the World's first affordable full color 3D printer! It is easy to use and comes ready-to-print.",
    "feature_image_attributes": {
      "image_urls": {
        "baseball_card": "https://ksr-ugc.imgix.net/assets/013/117/843/6a959c97ab4e19c9636a9cf3f7fb22c9_original.jpg?w=1552&h=873&fit=fill&bg=000000&v=1472042214&auto=format&q=92&s=40c470b16c01542b582d1dcef2aaead3",
        "default": "https://ksr-ugc.imgix.net/assets/013/117/843/6a959c97ab4e19c9636a9cf3f7fb22c9_original.jpg?w=1552&h=873&fit=fill&bg=000000&v=1472042214&auto=format&q=92&s=40c470b16c01542b582d1dcef2aaead3"
      }
    },
    "id": 2453238,
    "link_background_color": "2eda78",
    "link_text": "Pre-Order",
    "link_text_color": "",
    "link_url": "http://www.ordsolutions.com/rova4d-full-color-blender-3d-printer-pre-order/",
    "name": "RoVa4D Full Color Blender 3D Printer",
    "project_id": 2453238,
    "should_show_feature_image_section": true,
    "show_feature_image": false,
    "state": "active",
    "state_changed_at": 1472074967,
    "text_color": ""
  },
  "slug": "rova4d-full-color-blender-3d-printer",
  "spotlight": true,
  "staff_pick": true,
  "state": "successful",
  "state_changed_at": 1472047211,
  "static_usd_rate": 0.76142905,
  "urls": {
    "web": {
      "project": "https://www.kickstarter.com/projects/ordsolutions/rova4d-full-color-blender-3d-printer?ref=category_newest",
      "rewards": "https://www.kickstarter.com/projects/ordsolutions/rova4d-full-color-blender-3d-printer/rewards"
    }
  },
  "usd_pledged": "164688.712566869"
}