{
  "backers_count": 1,
  "blurb": "Privacy Legion is a secure texting service that allows users to communicate safely & cost-effectively. www.cdss-llc.com",
  "category": {
    "color": 6526716,
    "id": 332,
    "name": "Apps",
    "parent_id": 16,
    "position": 2,
    "slug": "technology/apps",
    "urls": {
      "web": {
        "discover": "http://www.kickstarter.com/discover/categories/technology/apps"
      }
    }
  },
  "country": "US",
  "created_at": 1407245798,
  "creator": {
    "avatar": {
      "medium": "https://ksr-ugc.imgix.net/assets/009/162/031/0a8da99f37ff6ad2fcdf60df5ec5c098_original.jpg?w=160&h=160&fit=crop&v=1461561819&auto=format&q=92&s=631182ae8f5c69fdc51954b4a4eeb8bd",
      "small": "https://ksr-ugc.imgix.net/assets/009/162/031/0a8da99f37ff6ad2fcdf60df5ec5c098_original.jpg?w=160&h=160&fit=crop&v=1461561819&auto=format&q=92&s=631182ae8f5c69fdc51954b4a4eeb8bd",
      "thumb": "https://ksr-ugc.imgix.net/assets/009/162/031/0a8da99f37ff6ad2fcdf60df5ec5c098_original.jpg?w=40&h=40&fit=crop&v=1461561819&auto=format&q=92&s=ff90006fece0ea547051a92b0be253f5"
    },
    "id": 655401604,
    "name": "Christopher Stevens",
    "urls": {
      "api": {
        "user": "https://api.kickstarter.com/v1/users/655401604?signature=1488678880.848c6678906a0dc74a97e63256090762803714b5"
      },
      "web": {
        "user": "https://www.kickstarter.com/profile/655401604"
      }
    }
  },
  "currency": "USD",
  "currency_symbol": "$",
  "currency_trailing_code": true,
  "deadline": 1410131070,
  "disable_communication": false,
  "goal": 50000.0,
  "id": 1044019703,
  "launched_at": 1407539070,
  "location": {
    "country": "US",
    "displayable_name": "Fulton, Baltimore, MD",
    "id": 2408122,
    "is_root": false,
    "name": "Fulton",
    "short_name": "Fulton, MD",
    "slug": "fulton-baltimore-md",
    "state": "MD",
    "type": "Suburb",
    "urls": {
      "api": {
        "nearby_projects": "https://api.kickstarter.com/v1/discover?signature=1488668551.f91574ee8c7b4c92fefb88cb233e274d48e655fd&woe_id=2408122"
      },
      "web": {
        "discover": "https://www.kickstarter.com/discover/places/fulton-baltimore-md",
        "location": "https://www.kickstarter.com/locations/fulton-baltimore-md"
      }
    }
  },
  "name": "Privacy Legion",
  "photo": {
    "1024x576": "https://ksr-ugc.imgix.net/assets/011/822/689/bdad06fd2aaeb827eb38643eb3fdc6c6_original.gif?w=1024&h=576&fit=fill&bg=000000&v=1463699582&auto=format&frame=1&q=92&s=3654f661cfd6ff3efddf384268cb6616",
    "1536x864": "https://ksr-ugc.imgix.net/assets/011/822/689/bdad06fd2aaeb827eb38643eb3fdc6c6_original.gif?w=1536&h=864&fit=fill&bg=000000&v=1463699582&auto=format&frame=1&q=92&s=eb9ac98c53867decb6ea323674e316f4",
    "ed": "https://ksr-ugc.imgix.net/assets/011/822/689/bdad06fd2aaeb827eb38643eb3fdc6c6_original.gif?w=338&h=190&fit=fill&bg=000000&v=1463699582&auto=format&frame=1&q=92&s=53e6efe729815170714d130f32b75766",
    "full": "https://ksr-ugc.imgix.net/assets/011/822/689/bdad06fd2aaeb827eb38643eb3fdc6c6_original.gif?w=560&h=315&fit=fill&bg=000000&v=1463699582&auto=format&frame=1&q=92&s=65cc331d9048dff7d7934aae0a6c8c00",
    "key": "assets/011/822/689/bdad06fd2aaeb827eb38643eb3fdc6c6_original.gif",
    "little": "https://ksr-ugc.imgix.net/assets/011/822/689/bdad06fd2aaeb827eb38643eb3fdc6c6_original.gif?w=200&h=112&fit=fill&bg=000000&v=1463699582&auto=format&frame=1&q=92&s=853059f2b14089f489e217c83d3dfd45",
    "med": "https://ksr-ugc.imgix.net/assets/011/822/689/bdad06fd2aaeb827eb38643eb3fdc6c6_original.gif?w=266&h=150&fit=fill&bg=000000&v=1463699582&auto=format&frame=1&q=92&s=5c8d7913c6e8c0aeca48b613dd24f333",
    "small": "https://ksr-ugc.imgix.net/assets/011/822/689/bdad06fd2aaeb827eb38643eb3fdc6c6_original.gif?w=160&h=90&fit=fill&bg=000000&v=1463699582&auto=format&frame=1&q=92&s=f7155e680f4865d8b72a14246039c22d",
    "thumb": "https://ksr-ugc.imgix.net/assets/011/822/689/bdad06fd2aaeb827eb38643eb3fdc6c6_original.gif?w=40&h=22&fit=fill&bg=000000&v=1463699582&auto=format&frame=1&q=92&s=4e279e3fa0cb035c8c80673e52108e79"
  },
  "pledged": 6.0,
  "profile": {
    "background_color": null,
    "background_image_opacity": 0.8,
    "blurb": null,
    "feature_image_attributes": {
      "image_urls": {
        "baseball_card": "https://ksr-ugc.imgix.net/assets/011/822/689/bdad06fd2aaeb827eb38643eb3fdc6c6_original.gif?w=1552&h=873&fit=fill&bg=000000&v=1463699582&auto=format&frame=1&q=92&s=7ec511059669cb35d5e2afa1ade7aafc",
        "default": "https://ksr-ugc.imgix.net/assets/011/822/689/bdad06fd2aaeb827eb38643eb3fdc6c6_original.gif?w=1552&h=873&fit=fill&bg=000000&v=1463699582&auto=format&frame=1&q=92&s=7ec511059669cb35d5e2afa1ade7aafc"
      }
    },
    "id": 1261851,
    "link_background_color": null,
    "link_text": null,
    "link_text_color": null,
    "link_url": null,
    "name": null,
    "project_id": 1261851,
    "should_show_feature_image_section": true,
    "show_feature_image": false,
    "state": "inactive",
    "state_changed_at": 1425915870,
    "text_color": null
  },
  "slug": "privacy-legion",
  "spotlight": false,
  "staff_pick": false,
  "state": "failed",
  "state_changed_at": 1410131072,
  "static_usd_rate": 1.0,
  "urls": {
    "web": {
      "project": "https://www.kickstarter.com/projects/655401604/privacy-legion?ref=category_newest",
      "rewards": "https://www.kickstarter.com/projects/655401604/privacy-legion/rewards"
    }
  },
  "usd_pledged": "6.0"
}