{
  "backers_count": 416,
  "blurb": "The world's first 3 in 1 oscillating 3D Sonic Toothbrush plus beauty care functionality - facial scrub & massage sponge!",
  "category": {
    "color": 6526716,
    "id": 337,
    "name": "Gadgets",
    "parent_id": 16,
    "position": 7,
    "slug": "technology/gadgets",
    "urls": {
      "web": {
        "discover": "http://www.kickstarter.com/discover/categories/technology/gadgets"
      }
    }
  },
  "country": "US",
  "created_at": 1477582446,
  "creator": {
    "avatar": {
      "medium": "https://ksr-ugc.imgix.net/assets/014/832/364/6c7367524054f23267de9e2e3a7eaa21_original.jpg?w=160&h=160&fit=crop&v=1481907577&auto=format&q=92&s=8fd54739ef8628a28e36b4c727fab872",
      "small": "https://ksr-ugc.imgix.net/assets/014/832/364/6c7367524054f23267de9e2e3a7eaa21_original.jpg?w=160&h=160&fit=crop&v=1481907577&auto=format&q=92&s=8fd54739ef8628a28e36b4c727fab872",
      "thumb": "https://ksr-ugc.imgix.net/assets/014/832/364/6c7367524054f23267de9e2e3a7eaa21_original.jpg?w=40&h=40&fit=crop&v=1481907577&auto=format&q=92&s=86475070ca68b695071676c2a68d8f62"
    },
    "id": 687502368,
    "name": "3Deep Inc.",
    "urls": {
      "api": {
        "user": "https://api.kickstarter.com/v1/users/687502368?signature=1488679521.aca1fa5506e10f14a2f3087a9e7f470846abdafe"
      },
      "web": {
        "user": "https://www.kickstarter.com/profile/687502368"
      }
    }
  },
  "currency": "USD",
  "currency_symbol": "$",
  "currency_trailing_code": true,
  "deadline": 1486655278,
  "disable_communication": false,
  "goal": 15000.0,
  "id": 1044970667,
  "launched_at": 1484063278,
  "location": {
    "country": "US",
    "displayable_name": "Saratoga, CA",
    "id": 2489047,
    "is_root": false,
    "name": "Saratoga",
    "short_name": "Saratoga, CA",
    "slug": "saratoga-ca",
    "state": "CA",
    "type": "Town",
    "urls": {
      "api": {
        "nearby_projects": "https://api.kickstarter.com/v1/discover?signature=1488668550.f10d7f093d23f35ef5d1b38c5486d07a3e599728&woe_id=2489047"
      },
      "web": {
        "discover": "https://www.kickstarter.com/discover/places/saratoga-ca",
        "location": "https://www.kickstarter.com/locations/saratoga-ca"
      }
    }
  },
  "name": "3Deep : The Sonic Toothbrush",
  "photo": {
    "1024x576": "https://ksr-ugc.imgix.net/assets/014/626/777/2b178133d89ca271e1f8ebacd1e2964e_original.png?w=1024&h=576&fit=fill&bg=000000&v=1479856370&auto=format&q=92&s=f1e22c0a138061e4f4bb0790e1c4f2ba",
    "1536x864": "https://ksr-ugc.imgix.net/assets/014/626/777/2b178133d89ca271e1f8ebacd1e2964e_original.png?w=1536&h=864&fit=fill&bg=000000&v=1479856370&auto=format&q=92&s=ac51cc0ad9261fe49642f2009822ce85",
    "ed": "https://ksr-ugc.imgix.net/assets/014/626/777/2b178133d89ca271e1f8ebacd1e2964e_original.png?w=338&h=190&fit=fill&bg=000000&v=1479856370&auto=format&q=92&s=0c73f427041ff624a06ad564192b3c6a",
    "full": "https://ksr-ugc.imgix.net/assets/014/626/777/2b178133d89ca271e1f8ebacd1e2964e_original.png?w=560&h=315&fit=fill&bg=000000&v=1479856370&auto=format&q=92&s=dec51692b5d9cd6ee497e71a3149399a",
    "key": "assets/014/626/777/2b178133d89ca271e1f8ebacd1e2964e_original.png",
    "little": "https://ksr-ugc.imgix.net/assets/014/626/777/2b178133d89ca271e1f8ebacd1e2964e_original.png?w=200&h=112&fit=fill&bg=000000&v=1479856370&auto=format&q=92&s=d8a7f13c6bcf1a1fec8bfbb358a3fd7f",
    "med": "https://ksr-ugc.imgix.net/assets/014/626/777/2b178133d89ca271e1f8ebacd1e2964e_original.png?w=266&h=150&fit=fill&bg=000000&v=1479856370&auto=format&q=92&s=c93c903a32b37f07acdaf4b11a3ab3b2",
    "small": "https://ksr-ugc.imgix.net/assets/014/626/777/2b178133d89ca271e1f8ebacd1e2964e_original.png?w=160&h=90&fit=fill&bg=000000&v=1479856370&auto=format&q=92&s=28244b092cb156c1af36cf667ba69460",
    "thumb": "https://ksr-ugc.imgix.net/assets/014/626/777/2b178133d89ca271e1f8ebacd1e2964e_original.png?w=40&h=22&fit=fill&bg=000000&v=1479856370&auto=format&q=92&s=5dae1c719b1505679c739134243c341b"
  },
  "pledged": 25415.5,
  "profile": {
    "background_color": "",
    "background_image_opacity": 0.8,
    "blurb": "The world's first 3 in 1 oscillating 3D Sonic Toothbrush plus beauty care functionality - facial scrub & massage sponge!",
    "feature_image_attributes": {
      "image_urls": {
        "baseball_card": "https://ksr-ugc.imgix.net/assets/014/626/777/2b178133d89ca271e1f8ebacd1e2964e_original.png?w=1552&h=873&fit=fill&bg=000000&v=1479856370&auto=format&q=92&s=98068f3031624c809455448b6bd7c902",
        "default": "https://ksr-ugc.imgix.net/assets/014/626/777/2b178133d89ca271e1f8ebacd1e2964e_original.png?w=1552&h=873&fit=fill&bg=000000&v=1479856370&auto=format&q=92&s=98068f3031624c809455448b6bd7c902"
      }
    },
    "id": 2736090,
    "link_background_color": "",
    "link_text": "Pre-Order here!",
    "link_text_color": "",
    "link_url": "https://www.indiegogo.com/projects/3deep-the-sonic-toothbrush-3d--2#/502368/3deep-the-sonic-toothbrush?ref=user_menu",
    "name": "3Deep : The Sonic Toothbrush",
    "project_id": 2736090,
    "should_show_feature_image_section": true,
    "show_feature_image": false,
    "state": "active",
    "state_changed_at": 1487818929,
    "text_color": ""
  },
  "slug": "3deep-the-sonic-toothbrush",
  "spotlight": true,
  "staff_pick": false,
  "state": "successful",
  "state_changed_at": 1486655278,
  "static_usd_rate": 1.0,
  "urls": {
    "web": {
      "project": "https://www.kickstarter.com/projects/687502368/3deep-the-sonic-toothbrush?ref=category_newest",
      "rewards": "https://www.kickstarter.com/projects/687502368/3deep-the-sonic-toothbrush/rewards"
    }
  },
  "usd_pledged": "25415.5"
}