{
  "backers_count": 285,
  "blurb": "Thinking Cleaner is an add-on for your iRobot\u00ae Roomba\u00ae 700/800 that makes it smarter and aware of its owner.",
  "category": {
    "color": 6526716,
    "id": 337,
    "name": "Gadgets",
    "parent_id": 16,
    "position": 7,
    "slug": "technology/gadgets",
    "urls": {
      "web": {
        "discover": "http://www.kickstarter.com/discover/categories/technology/gadgets"
      }
    }
  },
  "country": "NL",
  "created_at": 1440063338,
  "creator": {
    "avatar": {
      "medium": "https://ksr-ugc.imgix.net/assets/006/058/458/2f4fc406544421653d4863a2d9191e85_original.jpg?w=160&h=160&fit=crop&v=1461363837&auto=format&q=92&s=d581f087e0b041ec4f62877a0f560ac1",
      "small": "https://ksr-ugc.imgix.net/assets/006/058/458/2f4fc406544421653d4863a2d9191e85_original.jpg?w=160&h=160&fit=crop&v=1461363837&auto=format&q=92&s=d581f087e0b041ec4f62877a0f560ac1",
      "thumb": "https://ksr-ugc.imgix.net/assets/006/058/458/2f4fc406544421653d4863a2d9191e85_original.jpg?w=40&h=40&fit=crop&v=1461363837&auto=format&q=92&s=f76c86ab4750e728b91a741a0fa53c03"
    },
    "id": 1413737687,
    "name": "Thinking Bits",
    "slug": "thinkingbits",
    "urls": {
      "api": {
        "user": "https://api.kickstarter.com/v1/users/1413737687?signature=1488679594.b0218974322a96ce6ed7182cf0016cdeb623e092"
      },
      "web": {
        "user": "https://www.kickstarter.com/profile/thinkingbits"
      }
    }
  },
  "currency": "EUR",
  "currency_symbol": "\u20ac",
  "currency_trailing_code": false,
  "deadline": 1446331500,
  "disable_communication": false,
  "goal": 85000.0,
  "id": 1045077927,
  "launched_at": 1442531217,
  "location": {
    "country": "NL",
    "displayable_name": "Eindhoven, Netherlands",
    "id": 729028,
    "is_root": false,
    "name": "Eindhoven",
    "short_name": "Eindhoven, Netherlands",
    "slug": "eindhoven-nl",
    "state": "North Brabant",
    "type": "Town",
    "urls": {
      "api": {
        "nearby_projects": "https://api.kickstarter.com/v1/discover?signature=1488668425.29ef29ba9353876a7a015d7ff6bfea9d5f6b4e45&woe_id=729028"
      },
      "web": {
        "discover": "https://www.kickstarter.com/discover/places/eindhoven-nl",
        "location": "https://www.kickstarter.com/locations/eindhoven-nl"
      }
    }
  },
  "name": "Thinking Cleaner, Wifi for iRobot\u00ae Roomba\u00ae 700 & 800 series",
  "photo": {
    "1024x576": "https://ksr-ugc.imgix.net/assets/012/229/790/75e8868fb35d1745da91ad3ef54a0f82_original.jpg?w=1024&h=576&fit=fill&bg=000000&v=1463744381&auto=format&q=92&s=89138024b0f40a007cdbb32e04285c1a",
    "1536x864": "https://ksr-ugc.imgix.net/assets/012/229/790/75e8868fb35d1745da91ad3ef54a0f82_original.jpg?w=1536&h=864&fit=fill&bg=000000&v=1463744381&auto=format&q=92&s=e362214be4b0051522f9ea8aef18185f",
    "ed": "https://ksr-ugc.imgix.net/assets/012/229/790/75e8868fb35d1745da91ad3ef54a0f82_original.jpg?w=338&h=190&fit=fill&bg=000000&v=1463744381&auto=format&q=92&s=4001abdcb457f26cff0e596bd5eb75d9",
    "full": "https://ksr-ugc.imgix.net/assets/012/229/790/75e8868fb35d1745da91ad3ef54a0f82_original.jpg?w=560&h=315&fit=fill&bg=000000&v=1463744381&auto=format&q=92&s=516f7b299bc77a39d1f4cbd4d3c8684f",
    "key": "assets/012/229/790/75e8868fb35d1745da91ad3ef54a0f82_original.jpg",
    "little": "https://ksr-ugc.imgix.net/assets/012/229/790/75e8868fb35d1745da91ad3ef54a0f82_original.jpg?w=200&h=112&fit=fill&bg=000000&v=1463744381&auto=format&q=92&s=b9ac6b6e24a6f82b17d1549dfbf4d77b",
    "med": "https://ksr-ugc.imgix.net/assets/012/229/790/75e8868fb35d1745da91ad3ef54a0f82_original.jpg?w=266&h=150&fit=fill&bg=000000&v=1463744381&auto=format&q=92&s=d7f6e32b5df7118ebcfe2293ac9ec55e",
    "small": "https://ksr-ugc.imgix.net/assets/012/229/790/75e8868fb35d1745da91ad3ef54a0f82_original.jpg?w=160&h=90&fit=fill&bg=000000&v=1463744381&auto=format&q=92&s=2aa1fee612306519679665ae918b4725",
    "thumb": "https://ksr-ugc.imgix.net/assets/012/229/790/75e8868fb35d1745da91ad3ef54a0f82_original.jpg?w=40&h=22&fit=fill&bg=000000&v=1463744381&auto=format&q=92&s=627e1f71a29ce691280a079ef8bd8e0c"
  },
  "pledged": 33486.0,
  "profile": {
    "background_color": null,
    "background_image_opacity": 0.8,
    "blurb": null,
    "feature_image_attributes": {
      "image_urls": {
        "baseball_card": "https://ksr-ugc.imgix.net/assets/012/229/790/75e8868fb35d1745da91ad3ef54a0f82_original.jpg?w=1552&h=873&fit=fill&bg=000000&v=1463744381&auto=format&q=92&s=9ff59f6d4042f18a49122c7aafb7d6ad",
        "default": "https://ksr-ugc.imgix.net/assets/012/229/790/75e8868fb35d1745da91ad3ef54a0f82_original.jpg?w=1552&h=873&fit=fill&bg=000000&v=1463744381&auto=format&q=92&s=9ff59f6d4042f18a49122c7aafb7d6ad"
      }
    },
    "id": 2077779,
    "link_background_color": null,
    "link_text": null,
    "link_text_color": null,
    "link_url": null,
    "name": null,
    "project_id": 2077779,
    "should_show_feature_image_section": true,
    "show_feature_image": false,
    "state": "inactive",
    "state_changed_at": 1440063338,
    "text_color": null
  },
  "slug": "thinking-cleaner-wifi-for-irobot-roomba-700-and-80",
  "spotlight": false,
  "staff_pick": false,
  "state": "failed",
  "state_changed_at": 1446331515,
  "static_usd_rate": 1.12859556,
  "urls": {
    "web": {
      "project": "https://www.kickstarter.com/projects/thinkingbits/thinking-cleaner-wifi-for-irobot-roomba-700-and-80?ref=category_newest",
      "rewards": "https://www.kickstarter.com/projects/thinkingbits/thinking-cleaner-wifi-for-irobot-roomba-700-and-80/rewards"
    }
  },
  "usd_pledged": "37792.15092216"
}