{
  "backers_count": 25,
  "blurb": "The big table you need for the small space you have!\n\nSuper slick and super big",
  "category": {
    "color": 6526716,
    "id": 52,
    "name": "Hardware",
    "parent_id": 16,
    "position": 8,
    "slug": "technology/hardware",
    "urls": {
      "web": {
        "discover": "http://www.kickstarter.com/discover/categories/technology/hardware"
      }
    }
  },
  "country": "CA",
  "created_at": 1411154731,
  "creator": {
    "avatar": {
      "medium": "https://ksr-ugc.imgix.net/assets/009/247/278/bd38859d5caeaa4290f89913b0b0d7e9_original.PNG?w=160&h=160&fit=crop&v=1461567763&auto=format&q=92&s=26830cc4bbfd01f355e680b31c19c0c6",
      "small": "https://ksr-ugc.imgix.net/assets/009/247/278/bd38859d5caeaa4290f89913b0b0d7e9_original.PNG?w=160&h=160&fit=crop&v=1461567763&auto=format&q=92&s=26830cc4bbfd01f355e680b31c19c0c6",
      "thumb": "https://ksr-ugc.imgix.net/assets/009/247/278/bd38859d5caeaa4290f89913b0b0d7e9_original.PNG?w=40&h=40&fit=crop&v=1461567763&auto=format&q=92&s=859a92934ea8ef4a95a8e6d923abc37e"
    },
    "id": 320902918,
    "name": "Soslan Tsoutsiev",
    "urls": {
      "api": {
        "user": "https://api.kickstarter.com/v1/users/320902918?signature=1488679929.836c6c7b84a29ae8f8885b72374f7763bfe3156b"
      },
      "web": {
        "user": "https://www.kickstarter.com/profile/320902918"
      }
    }
  },
  "currency": "CAD",
  "currency_symbol": "$",
  "currency_trailing_code": true,
  "deadline": 1416863102,
  "disable_communication": false,
  "goal": 50000.0,
  "id": 1045052697,
  "launched_at": 1411675502,
  "location": {
    "country": "CA",
    "displayable_name": "Montreal, Canada",
    "id": 3534,
    "is_root": false,
    "name": "Montreal",
    "short_name": "Montreal, Canada",
    "slug": "montreal-ca",
    "state": "QC",
    "type": "Town",
    "urls": {
      "api": {
        "nearby_projects": "https://api.kickstarter.com/v1/discover?signature=1488668419.083ed7df0c33c9600e9b6c2409e34687e1b82527&woe_id=3534"
      },
      "web": {
        "discover": "https://www.kickstarter.com/discover/places/montreal-ca",
        "location": "https://www.kickstarter.com/locations/montreal-ca"
      }
    }
  },
  "name": "Transformer Table",
  "photo": {
    "1024x576": "https://ksr-ugc.imgix.net/assets/011/873/383/d31f5bb910e046b7eff0ab5aefc798e0_original.jpg?w=1024&h=576&fit=fill&bg=000000&v=1463708202&auto=format&q=92&s=6a1333b9af0cd4cd28e34257d2e850c0",
    "1536x864": "https://ksr-ugc.imgix.net/assets/011/873/383/d31f5bb910e046b7eff0ab5aefc798e0_original.jpg?w=1536&h=864&fit=fill&bg=000000&v=1463708202&auto=format&q=92&s=01d3819f1bb21a1c728a2aa402dc8a77",
    "ed": "https://ksr-ugc.imgix.net/assets/011/873/383/d31f5bb910e046b7eff0ab5aefc798e0_original.jpg?w=338&h=190&fit=fill&bg=000000&v=1463708202&auto=format&q=92&s=0aed00416959e8df0064a0786c18b123",
    "full": "https://ksr-ugc.imgix.net/assets/011/873/383/d31f5bb910e046b7eff0ab5aefc798e0_original.jpg?w=560&h=315&fit=fill&bg=000000&v=1463708202&auto=format&q=92&s=62bbd57777c1af86a118a80bdeb7a5e9",
    "key": "assets/011/873/383/d31f5bb910e046b7eff0ab5aefc798e0_original.jpg",
    "little": "https://ksr-ugc.imgix.net/assets/011/873/383/d31f5bb910e046b7eff0ab5aefc798e0_original.jpg?w=200&h=112&fit=fill&bg=000000&v=1463708202&auto=format&q=92&s=73e14851f47f7362f0bbc801bbc2803b",
    "med": "https://ksr-ugc.imgix.net/assets/011/873/383/d31f5bb910e046b7eff0ab5aefc798e0_original.jpg?w=266&h=150&fit=fill&bg=000000&v=1463708202&auto=format&q=92&s=3d2d30d0bef452901760f2f1296696a0",
    "small": "https://ksr-ugc.imgix.net/assets/011/873/383/d31f5bb910e046b7eff0ab5aefc798e0_original.jpg?w=160&h=90&fit=fill&bg=000000&v=1463708202&auto=format&q=92&s=96fff7da9cc632ffc0ef6eaa99d211b2",
    "thumb": "https://ksr-ugc.imgix.net/assets/011/873/383/d31f5bb910e046b7eff0ab5aefc798e0_original.jpg?w=40&h=22&fit=fill&bg=000000&v=1463708202&auto=format&q=92&s=5521cd721fc0ac2fb259823d9895810e"
  },
  "pledged": 7043.0,
  "profile": {
    "background_color": null,
    "background_image_opacity": 0.8,
    "blurb": null,
    "feature_image_attributes": {
      "image_urls": {
        "baseball_card": "https://ksr-ugc.imgix.net/assets/011/873/383/d31f5bb910e046b7eff0ab5aefc798e0_original.jpg?w=1552&h=873&fit=fill&bg=000000&v=1463708202&auto=format&q=92&s=2d846094e1b1b0b9cd6001da2699fdfa",
        "default": "https://ksr-ugc.imgix.net/assets/011/873/383/d31f5bb910e046b7eff0ab5aefc798e0_original.jpg?w=1552&h=873&fit=fill&bg=000000&v=1463708202&auto=format&q=92&s=2d846094e1b1b0b9cd6001da2699fdfa"
      }
    },
    "id": 1367857,
    "link_background_color": null,
    "link_text": null,
    "link_text_color": null,
    "link_url": null,
    "name": null,
    "project_id": 1367857,
    "should_show_feature_image_section": true,
    "show_feature_image": false,
    "state": "inactive",
    "state_changed_at": 1425915875,
    "text_color": null
  },
  "slug": "transformer-table",
  "spotlight": false,
  "staff_pick": false,
  "state": "failed",
  "state_changed_at": 1416863102,
  "static_usd_rate": 0.90350968,
  "urls": {
    "web": {
      "project": "https://www.kickstarter.com/projects/320902918/transformer-table?ref=category_newest",
      "rewards": "https://www.kickstarter.com/projects/320902918/transformer-table/rewards"
    }
  },
  "usd_pledged": "6363.41867624"
}