{
  "backers_count": 0,
  "blurb": "Help fund an online course delivery service for people of all ages to teach and learn.",
  "category": {
    "color": 6526716,
    "id": 342,
    "name": "Web",
    "parent_id": 16,
    "position": 15,
    "slug": "technology/web",
    "urls": {
      "web": {
        "discover": "http://www.kickstarter.com/discover/categories/technology/web"
      }
    }
  },
  "country": "GB",
  "created_at": 1456498967,
  "creator": {
    "avatar": {
      "medium": "https://ksr-ugc.imgix.net/assets/010/760/788/d7b00d60a31f01a3e71ef5cde1b2b027_original.jpg?w=160&h=160&fit=crop&v=1461710694&auto=format&q=92&s=f042fc877aa8b40a0984c6b97f6e743c",
      "small": "https://ksr-ugc.imgix.net/assets/010/760/788/d7b00d60a31f01a3e71ef5cde1b2b027_original.jpg?w=160&h=160&fit=crop&v=1461710694&auto=format&q=92&s=f042fc877aa8b40a0984c6b97f6e743c",
      "thumb": "https://ksr-ugc.imgix.net/assets/010/760/788/d7b00d60a31f01a3e71ef5cde1b2b027_original.jpg?w=40&h=40&fit=crop&v=1461710694&auto=format&q=92&s=02e3a8002567fa3337631405fb27c219"
    },
    "id": 217345849,
    "name": "kokoshungsan",
    "urls": {
      "api": {
        "user": "https://api.kickstarter.com/v1/users/217345849?signature=1488680912.69257ae611d2b99475caa07d6cd10677ecdac13e"
      },
      "web": {
        "user": "https://www.kickstarter.com/profile/217345849"
      }
    }
  },
  "currency": "GBP",
  "currency_symbol": "\u00a3",
  "currency_trailing_code": false,
  "deadline": 1459581847,
  "disable_communication": false,
  "goal": 8000.0,
  "id": 104514789,
  "launched_at": 1456993447,
  "location": {
    "country": "GB",
    "displayable_name": "Bedfordshire, UK",
    "id": 12602163,
    "is_root": false,
    "name": "Bedfordshire",
    "short_name": "Bedfordshire, UK",
    "slug": "bedfordshire-gb",
    "state": "England",
    "type": "County",
    "urls": {
      "api": {
        "nearby_projects": "https://api.kickstarter.com/v1/discover?signature=1488668434.78834202ad87fe19de0b0c9b6b0dbbc1a0459e6f&woe_id=12602163"
      },
      "web": {
        "discover": "https://www.kickstarter.com/discover/places/bedfordshire-gb",
        "location": "https://www.kickstarter.com/locations/bedfordshire-gb"
      }
    }
  },
  "name": "Free Online Education for Everyone At UNI24x7",
  "photo": {
    "1024x576": "https://ksr-ugc.imgix.net/assets/012/391/471/3a9c353f701473d8d246e6480bce0ce2_original.jpg?w=1024&h=576&fit=fill&bg=FFFFFF&v=1463758677&auto=format&q=92&s=34d78355943f04ddf41b3193541018cf",
    "1536x864": "https://ksr-ugc.imgix.net/assets/012/391/471/3a9c353f701473d8d246e6480bce0ce2_original.jpg?w=1536&h=864&fit=fill&bg=FFFFFF&v=1463758677&auto=format&q=92&s=6109344275f30bea4c52339f7c298877",
    "ed": "https://ksr-ugc.imgix.net/assets/012/391/471/3a9c353f701473d8d246e6480bce0ce2_original.jpg?w=338&h=190&fit=fill&bg=FFFFFF&v=1463758677&auto=format&q=92&s=4d94902d202d2abe966ae4843eacc0ab",
    "full": "https://ksr-ugc.imgix.net/assets/012/391/471/3a9c353f701473d8d246e6480bce0ce2_original.jpg?w=560&h=315&fit=fill&bg=FFFFFF&v=1463758677&auto=format&q=92&s=1723270476d385e51a937ace529e0773",
    "key": "assets/012/391/471/3a9c353f701473d8d246e6480bce0ce2_original.jpg",
    "little": "https://ksr-ugc.imgix.net/assets/012/391/471/3a9c353f701473d8d246e6480bce0ce2_original.jpg?w=200&h=112&fit=fill&bg=FFFFFF&v=1463758677&auto=format&q=92&s=5ed07946c088a4560724b366e7281b62",
    "med": "https://ksr-ugc.imgix.net/assets/012/391/471/3a9c353f701473d8d246e6480bce0ce2_original.jpg?w=266&h=150&fit=fill&bg=FFFFFF&v=1463758677&auto=format&q=92&s=c95414246e2a5b2f36ce090535f7854a",
    "small": "https://ksr-ugc.imgix.net/assets/012/391/471/3a9c353f701473d8d246e6480bce0ce2_original.jpg?w=160&h=90&fit=fill&bg=FFFFFF&v=1463758677&auto=format&q=92&s=18a0a29033c52e138ce25a0a1bac0973",
    "thumb": "https://ksr-ugc.imgix.net/assets/012/391/471/3a9c353f701473d8d246e6480bce0ce2_original.jpg?w=40&h=22&fit=fill&bg=FFFFFF&v=1463758677&auto=format&q=92&s=6cfe1133a7b6bceb85a9d901daf54f70"
  },
  "pledged": 0.0,
  "profile": {
    "background_color": null,
    "background_image_opacity": 0.8,
    "blurb": null,
    "feature_image_attributes": {
      "image_urls": {
        "baseball_card": "https://ksr-ugc.imgix.net/assets/012/391/471/3a9c353f701473d8d246e6480bce0ce2_original.jpg?w=1552&h=873&fit=fill&bg=FFFFFF&v=1463758677&auto=format&q=92&s=e4bc3bf13b8e3d09ac5ba9cdaccffc71",
        "default": "https://ksr-ugc.imgix.net/assets/012/391/471/3a9c353f701473d8d246e6480bce0ce2_original.jpg?w=1552&h=873&fit=fill&bg=FFFFFF&v=1463758677&auto=format&q=92&s=e4bc3bf13b8e3d09ac5ba9cdaccffc71"
      }
    },
    "id": 2394751,
    "link_background_color": null,
    "link_text": null,
    "link_text_color": null,
    "link_url": null,
    "name": null,
    "project_id": 2394751,
    "should_show_feature_image_section": true,
    "show_feature_image": false,
    "state": "inactive",
    "state_changed_at": 1456498967,
    "text_color": null
  },
  "slug": "free-online-education-for-everyone-at-uni24x7",
  "spotlight": false,
  "staff_pick": false,
  "state": "failed",
  "state_changed_at": 1459581849,
  "static_usd_rate": 1.39550007,
  "urls": {
    "web": {
      "project": "https://www.kickstarter.com/projects/217345849/free-online-education-for-everyone-at-uni24x7?ref=category_newest",
      "rewards": "https://www.kickstarter.com/projects/217345849/free-online-education-for-everyone-at-uni24x7/rewards"
    }
  },
  "usd_pledged": "0.0"
}